# https://github.com/mikedh/trimesh
v 0.00599429 0.00026172 0.01000000
v 0.00599904 0.00026192 0.00978190
v 0.00597717 0.00052293 0.01000000
v 0.00598191 0.00052335 0.00978190
v 0.00594867 0.00078316 0.01000000
v 0.00595339 0.00078378 0.00978190
v 0.00590885 0.00104189 0.01000000
v 0.00591353 0.00104272 0.00978190
v 0.00585778 0.00129864 0.01000000
v 0.00586242 0.00129967 0.00978190
v 0.00579556 0.00155291 0.01000000
v 0.00580015 0.00155415 0.00978190
v 0.00572230 0.00180423 0.01000000
v 0.00572684 0.00180567 0.00978190
v 0.00563816 0.00205212 0.01000000
v 0.00564263 0.00205375 0.00978190
v 0.00554328 0.00229610 0.01000000
v 0.00554767 0.00229792 0.00978190
v 0.00543785 0.00253571 0.01000000
v 0.00544216 0.00253772 0.00978190
v 0.00532207 0.00277049 0.01000000
v 0.00532629 0.00277269 0.00978190
v 0.00519615 0.00300000 0.01000000
v 0.00520027 0.00300238 0.00978190
v 0.00506035 0.00322380 0.01000000
v 0.00506436 0.00322635 0.00978190
v 0.00491491 0.00344146 0.01000000
v 0.00491881 0.00344419 0.00978190
v 0.00476012 0.00365257 0.01000000
v 0.00476390 0.00365547 0.00978190
v 0.00459627 0.00385673 0.01000000
v 0.00459991 0.00385978 0.00978190
v 0.00442366 0.00405354 0.01000000
v 0.00442717 0.00405676 0.00978190
v 0.00424264 0.00424264 0.01000000
v 0.00424601 0.00424601 0.00978190
v 0.00405354 0.00442366 0.01000000
v 0.00405676 0.00442717 0.00978190
v 0.00385673 0.00459627 0.01000000
v 0.00385978 0.00459991 0.00978190
v 0.00365257 0.00476012 0.01000000
v 0.00365547 0.00476390 0.00978190
v 0.00344146 0.00491491 0.01000000
v 0.00344419 0.00491881 0.00978190
v 0.00322380 0.00506035 0.01000000
v 0.00322635 0.00506436 0.00978190
v 0.00300000 0.00519615 0.01000000
v 0.00300238 0.00520027 0.00978190
v 0.00277049 0.00532207 0.01000000
v 0.00277269 0.00532629 0.00978190
v 0.00253571 0.00543785 0.01000000
v 0.00253772 0.00544216 0.00978190
v 0.00229610 0.00554328 0.01000000
v 0.00229792 0.00554767 0.00978190
v 0.00205212 0.00563816 0.01000000
v 0.00205375 0.00564263 0.00978190
v 0.00180423 0.00572230 0.01000000
v 0.00180567 0.00572684 0.00978190
v 0.00155291 0.00579556 0.01000000
v 0.00155415 0.00580015 0.00978190
v 0.00129864 0.00585778 0.01000000
v 0.00129967 0.00586242 0.00978190
v 0.00104189 0.00590885 0.01000000
v 0.00104272 0.00591353 0.00978190
v 0.00078316 0.00594867 0.01000000
v 0.00078378 0.00595339 0.00978190
v 0.00052293 0.00597717 0.01000000
v 0.00052335 0.00598191 0.00978190
v 0.00026172 0.00599429 0.01000000
v 0.00026192 0.00599904 0.00978190
v 0.00000000 0.00600000 0.01000000
v 0.00000000 0.00600476 0.00978190
v -0.00026172 0.00599429 0.01000000
v -0.00026192 0.00599904 0.00978190
v -0.00052293 0.00597717 0.01000000
v -0.00052335 0.00598191 0.00978190
v -0.00078316 0.00594867 0.01000000
v -0.00078378 0.00595339 0.00978190
v -0.00104189 0.00590885 0.01000000
v -0.00104272 0.00591353 0.00978190
v -0.00129864 0.00585778 0.01000000
v -0.00129967 0.00586242 0.00978190
v -0.00155291 0.00579556 0.01000000
v -0.00155415 0.00580015 0.00978190
v -0.00180423 0.00572230 0.01000000
v -0.00180567 0.00572684 0.00978190
v -0.00205212 0.00563816 0.01000000
v -0.00205375 0.00564263 0.00978190
v -0.00229610 0.00554328 0.01000000
v -0.00229792 0.00554767 0.00978190
v -0.00253571 0.00543785 0.01000000
v -0.00253772 0.00544216 0.00978190
v -0.00277049 0.00532207 0.01000000
v -0.00277269 0.00532629 0.00978190
v -0.00300000 0.00519615 0.01000000
v -0.00300238 0.00520027 0.00978190
v -0.00322380 0.00506035 0.01000000
v -0.00322635 0.00506436 0.00978190
v -0.00344146 0.00491491 0.01000000
v -0.00344419 0.00491881 0.00978190
v -0.00365257 0.00476012 0.01000000
v -0.00365547 0.00476390 0.00978190
v -0.00385673 0.00459627 0.01000000
v -0.00385978 0.00459991 0.00978190
v -0.00405354 0.00442366 0.01000000
v -0.00405676 0.00442717 0.00978190
v -0.00424264 0.00424264 0.01000000
v -0.00424601 0.00424601 0.00978190
v -0.00442366 0.00405354 0.01000000
v -0.00442717 0.00405676 0.00978190
v -0.00459627 0.00385673 0.01000000
v -0.00459991 0.00385978 0.00978190
v -0.00476012 0.00365257 0.01000000
v -0.00476390 0.00365547 0.00978190
v -0.00491491 0.00344146 0.01000000
v -0.00491881 0.00344419 0.00978190
v -0.00506035 0.00322380 0.01000000
v -0.00506436 0.00322635 0.00978190
v -0.00519615 0.00300000 0.01000000
v -0.00520027 0.00300238 0.00978190
v -0.00532207 0.00277049 0.01000000
v -0.00532629 0.00277269 0.00978190
v -0.00543785 0.00253571 0.01000000
v -0.00544216 0.00253772 0.00978190
v -0.00554328 0.00229610 0.01000000
v -0.00554767 0.00229792 0.00978190
v -0.00563816 0.00205212 0.01000000
v -0.00564263 0.00205375 0.00978190
v -0.00572230 0.00180423 0.01000000
v -0.00572684 0.00180567 0.00978190
v -0.00579556 0.00155291 0.01000000
v -0.00580015 0.00155415 0.00978190
v -0.00585778 0.00129864 0.01000000
v -0.00586242 0.00129967 0.00978190
v -0.00590885 0.00104189 0.01000000
v -0.00591353 0.00104272 0.00978190
v -0.00594867 0.00078316 0.01000000
v -0.00595339 0.00078378 0.00978190
v -0.00597717 0.00052293 0.01000000
v -0.00598191 0.00052335 0.00978190
v -0.00599429 0.00026172 0.01000000
v -0.00599904 0.00026192 0.00978190
v -0.00600000 0.00000000 0.01000000
v -0.00600476 0.00000000 0.00978190
v -0.00599429 -0.00026172 0.01000000
v -0.00599904 -0.00026192 0.00978190
v -0.00597717 -0.00052293 0.01000000
v -0.00598191 -0.00052335 0.00978190
v -0.00594867 -0.00078316 0.01000000
v -0.00595339 -0.00078378 0.00978190
v -0.00590885 -0.00104189 0.01000000
v -0.00591353 -0.00104272 0.00978190
v -0.00585778 -0.00129864 0.01000000
v -0.00586242 -0.00129967 0.00978190
v -0.00579556 -0.00155291 0.01000000
v -0.00580015 -0.00155415 0.00978190
v -0.00572230 -0.00180423 0.01000000
v -0.00572684 -0.00180567 0.00978190
v -0.00563816 -0.00205212 0.01000000
v -0.00564263 -0.00205375 0.00978190
v -0.00554328 -0.00229610 0.01000000
v -0.00554767 -0.00229792 0.00978190
v -0.00543785 -0.00253571 0.01000000
v -0.00544216 -0.00253772 0.00978190
v -0.00532207 -0.00277049 0.01000000
v -0.00532629 -0.00277269 0.00978190
v -0.00519615 -0.00300000 0.01000000
v -0.00520027 -0.00300238 0.00978190
v -0.00506035 -0.00322380 0.01000000
v -0.00506436 -0.00322635 0.00978190
v -0.00491491 -0.00344146 0.01000000
v -0.00491881 -0.00344419 0.00978190
v -0.00476012 -0.00365257 0.01000000
v -0.00476390 -0.00365547 0.00978190
v -0.00459627 -0.00385673 0.01000000
v -0.00459991 -0.00385978 0.00978190
v -0.00442366 -0.00405354 0.01000000
v -0.00442717 -0.00405676 0.00978190
v -0.00424264 -0.00424264 0.01000000
v -0.00424601 -0.00424601 0.00978190
v -0.00405354 -0.00442366 0.01000000
v -0.00405676 -0.00442717 0.00978190
v -0.00385673 -0.00459627 0.01000000
v -0.00385978 -0.00459991 0.00978190
v -0.00365257 -0.00476012 0.01000000
v -0.00365547 -0.00476390 0.00978190
v -0.00344146 -0.00491491 0.01000000
v -0.00344419 -0.00491881 0.00978190
v -0.00322380 -0.00506035 0.01000000
v -0.00322635 -0.00506436 0.00978190
v -0.00300000 -0.00519615 0.01000000
v -0.00300238 -0.00520027 0.00978190
v -0.00277049 -0.00532207 0.01000000
v -0.00277269 -0.00532629 0.00978190
v -0.00253571 -0.00543785 0.01000000
v -0.00253772 -0.00544216 0.00978190
v -0.00229610 -0.00554328 0.01000000
v -0.00229792 -0.00554767 0.00978190
v -0.00205212 -0.00563816 0.01000000
v -0.00205375 -0.00564263 0.00978190
v -0.00180423 -0.00572230 0.01000000
v -0.00180567 -0.00572684 0.00978190
v -0.00155291 -0.00579556 0.01000000
v -0.00155415 -0.00580015 0.00978190
v -0.00129864 -0.00585778 0.01000000
v -0.00129967 -0.00586242 0.00978190
v -0.00104189 -0.00590885 0.01000000
v -0.00104272 -0.00591353 0.00978190
v -0.00078316 -0.00594867 0.01000000
v -0.00078378 -0.00595339 0.00978190
v -0.00052293 -0.00597717 0.01000000
v -0.00052335 -0.00598191 0.00978190
v -0.00026172 -0.00599429 0.01000000
v -0.00026192 -0.00599904 0.00978190
v -0.00000000 -0.00600000 0.01000000
v -0.00000000 -0.00600476 0.00978190
v 0.00026172 -0.00599429 0.01000000
v 0.00026192 -0.00599904 0.00978190
v 0.00052293 -0.00597717 0.01000000
v 0.00052335 -0.00598191 0.00978190
v 0.00078316 -0.00594867 0.01000000
v 0.00078378 -0.00595339 0.00978190
v 0.00104189 -0.00590885 0.01000000
v 0.00104272 -0.00591353 0.00978190
v 0.00129864 -0.00585778 0.01000000
v 0.00129967 -0.00586242 0.00978190
v 0.00155291 -0.00579556 0.01000000
v 0.00155415 -0.00580015 0.00978190
v 0.00180423 -0.00572230 0.01000000
v 0.00180567 -0.00572684 0.00978190
v 0.00205212 -0.00563816 0.01000000
v 0.00205375 -0.00564263 0.00978190
v 0.00229610 -0.00554328 0.01000000
v 0.00229792 -0.00554767 0.00978190
v 0.00253571 -0.00543785 0.01000000
v 0.00253772 -0.00544216 0.00978190
v 0.00277049 -0.00532207 0.01000000
v 0.00277269 -0.00532629 0.00978190
v 0.00300000 -0.00519615 0.01000000
v 0.00300238 -0.00520027 0.00978190
v 0.00322380 -0.00506035 0.01000000
v 0.00322635 -0.00506436 0.00978190
v 0.00344146 -0.00491491 0.01000000
v 0.00344419 -0.00491881 0.00978190
v 0.00365257 -0.00476012 0.01000000
v 0.00365547 -0.00476390 0.00978190
v 0.00385673 -0.00459627 0.01000000
v 0.00385978 -0.00459991 0.00978190
v 0.00405354 -0.00442366 0.01000000
v 0.00405676 -0.00442717 0.00978190
v 0.00424264 -0.00424264 0.01000000
v 0.00424601 -0.00424601 0.00978190
v 0.00442366 -0.00405354 0.01000000
v 0.00442717 -0.00405676 0.00978190
v 0.00459627 -0.00385673 0.01000000
v 0.00459991 -0.00385978 0.00978190
v 0.00476012 -0.00365257 0.01000000
v 0.00476390 -0.00365547 0.00978190
v 0.00491491 -0.00344146 0.01000000
v 0.00491881 -0.00344419 0.00978190
v 0.00506035 -0.00322380 0.01000000
v 0.00506436 -0.00322635 0.00978190
v 0.00519615 -0.00300000 0.01000000
v 0.00520027 -0.00300238 0.00978190
v 0.00532207 -0.00277049 0.01000000
v 0.00532629 -0.00277269 0.00978190
v 0.00543785 -0.00253571 0.01000000
v 0.00544216 -0.00253772 0.00978190
v 0.00554328 -0.00229610 0.01000000
v 0.00554767 -0.00229792 0.00978190
v 0.00563816 -0.00205212 0.01000000
v 0.00564263 -0.00205375 0.00978190
v 0.00572230 -0.00180423 0.01000000
v 0.00572684 -0.00180567 0.00978190
v 0.00579556 -0.00155291 0.01000000
v 0.00580015 -0.00155415 0.00978190
v 0.00585778 -0.00129864 0.01000000
v 0.00586242 -0.00129967 0.00978190
v 0.00590885 -0.00104189 0.01000000
v 0.00591353 -0.00104272 0.00978190
v 0.00594867 -0.00078316 0.01000000
v 0.00595339 -0.00078378 0.00978190
v 0.00597717 -0.00052293 0.01000000
v 0.00598191 -0.00052335 0.00978190
v 0.00599429 -0.00026172 0.01000000
v 0.00599904 -0.00026192 0.00978190
v 0.00600000 0.00000000 0.01000000
v 0.00600476 0.00000000 0.00978190
v 0.00601330 0.00026255 0.00956422
v 0.00599612 0.00052459 0.00956422
v 0.00596753 0.00078564 0.00956422
v 0.00592758 0.00104519 0.00956422
v 0.00587635 0.00130276 0.00956422
v 0.00581393 0.00155784 0.00956422
v 0.00574045 0.00180996 0.00956422
v 0.00565603 0.00205863 0.00956422
v 0.00556086 0.00230338 0.00956422
v 0.00545509 0.00254375 0.00956422
v 0.00533894 0.00277928 0.00956422
v 0.00521263 0.00300951 0.00956422
v 0.00507640 0.00323402 0.00956422
v 0.00493050 0.00345237 0.00956422
v 0.00477521 0.00366415 0.00956422
v 0.00461084 0.00386896 0.00956422
v 0.00443769 0.00406640 0.00956422
v 0.00425609 0.00425609 0.00956422
v 0.00406640 0.00443769 0.00956422
v 0.00386896 0.00461084 0.00956422
v 0.00366415 0.00477521 0.00956422
v 0.00345237 0.00493050 0.00956422
v 0.00323402 0.00507640 0.00956422
v 0.00300951 0.00521263 0.00956422
v 0.00277928 0.00533894 0.00956422
v 0.00254375 0.00545509 0.00956422
v 0.00230338 0.00556086 0.00956422
v 0.00205863 0.00565603 0.00956422
v 0.00180996 0.00574045 0.00956422
v 0.00155784 0.00581393 0.00956422
v 0.00130276 0.00587635 0.00956422
v 0.00104519 0.00592758 0.00956422
v 0.00078564 0.00596753 0.00956422
v 0.00052459 0.00599612 0.00956422
v 0.00026255 0.00601330 0.00956422
v 0.00000000 0.00601903 0.00956422
v -0.00026255 0.00601330 0.00956422
v -0.00052459 0.00599612 0.00956422
v -0.00078564 0.00596753 0.00956422
v -0.00104519 0.00592758 0.00956422
v -0.00130276 0.00587635 0.00956422
v -0.00155784 0.00581393 0.00956422
v -0.00180996 0.00574045 0.00956422
v -0.00205863 0.00565603 0.00956422
v -0.00230338 0.00556086 0.00956422
v -0.00254375 0.00545509 0.00956422
v -0.00277928 0.00533894 0.00956422
v -0.00300951 0.00521263 0.00956422
v -0.00323402 0.00507640 0.00956422
v -0.00345237 0.00493050 0.00956422
v -0.00366415 0.00477521 0.00956422
v -0.00386896 0.00461084 0.00956422
v -0.00406640 0.00443769 0.00956422
v -0.00425609 0.00425609 0.00956422
v -0.00443769 0.00406640 0.00956422
v -0.00461084 0.00386896 0.00956422
v -0.00477521 0.00366415 0.00956422
v -0.00493050 0.00345237 0.00956422
v -0.00507640 0.00323402 0.00956422
v -0.00521263 0.00300951 0.00956422
v -0.00533894 0.00277928 0.00956422
v -0.00545509 0.00254375 0.00956422
v -0.00556086 0.00230338 0.00956422
v -0.00565603 0.00205863 0.00956422
v -0.00574045 0.00180996 0.00956422
v -0.00581393 0.00155784 0.00956422
v -0.00587635 0.00130276 0.00956422
v -0.00592758 0.00104519 0.00956422
v -0.00596753 0.00078564 0.00956422
v -0.00599612 0.00052459 0.00956422
v -0.00601330 0.00026255 0.00956422
v -0.00601903 0.00000000 0.00956422
v -0.00601330 -0.00026255 0.00956422
v -0.00599612 -0.00052459 0.00956422
v -0.00596753 -0.00078564 0.00956422
v -0.00592758 -0.00104519 0.00956422
v -0.00587635 -0.00130276 0.00956422
v -0.00581393 -0.00155784 0.00956422
v -0.00574045 -0.00180996 0.00956422
v -0.00565603 -0.00205863 0.00956422
v -0.00556086 -0.00230338 0.00956422
v -0.00545509 -0.00254375 0.00956422
v -0.00533894 -0.00277928 0.00956422
v -0.00521263 -0.00300951 0.00956422
v -0.00507640 -0.00323402 0.00956422
v -0.00493050 -0.00345237 0.00956422
v -0.00477521 -0.00366415 0.00956422
v -0.00461084 -0.00386896 0.00956422
v -0.00443769 -0.00406640 0.00956422
v -0.00425609 -0.00425609 0.00956422
v -0.00406640 -0.00443769 0.00956422
v -0.00386896 -0.00461084 0.00956422
v -0.00366415 -0.00477521 0.00956422
v -0.00345237 -0.00493050 0.00956422
v -0.00323402 -0.00507640 0.00956422
v -0.00300951 -0.00521263 0.00956422
v -0.00277928 -0.00533894 0.00956422
v -0.00254375 -0.00545509 0.00956422
v -0.00230338 -0.00556086 0.00956422
v -0.00205863 -0.00565603 0.00956422
v -0.00180996 -0.00574045 0.00956422
v -0.00155784 -0.00581393 0.00956422
v -0.00130276 -0.00587635 0.00956422
v -0.00104519 -0.00592758 0.00956422
v -0.00078564 -0.00596753 0.00956422
v -0.00052459 -0.00599612 0.00956422
v -0.00026255 -0.00601330 0.00956422
v -0.00000000 -0.00601903 0.00956422
v 0.00026255 -0.00601330 0.00956422
v 0.00052459 -0.00599612 0.00956422
v 0.00078564 -0.00596753 0.00956422
v 0.00104519 -0.00592758 0.00956422
v 0.00130276 -0.00587635 0.00956422
v 0.00155784 -0.00581393 0.00956422
v 0.00180996 -0.00574045 0.00956422
v 0.00205863 -0.00565603 0.00956422
v 0.00230338 -0.00556086 0.00956422
v 0.00254375 -0.00545509 0.00956422
v 0.00277928 -0.00533894 0.00956422
v 0.00300951 -0.00521263 0.00956422
v 0.00323402 -0.00507640 0.00956422
v 0.00345237 -0.00493050 0.00956422
v 0.00366415 -0.00477521 0.00956422
v 0.00386896 -0.00461084 0.00956422
v 0.00406640 -0.00443769 0.00956422
v 0.00425609 -0.00425609 0.00956422
v 0.00443769 -0.00406640 0.00956422
v 0.00461084 -0.00386896 0.00956422
v 0.00477521 -0.00366415 0.00956422
v 0.00493050 -0.00345237 0.00956422
v 0.00507640 -0.00323402 0.00956422
v 0.00521263 -0.00300951 0.00956422
v 0.00533894 -0.00277928 0.00956422
v 0.00545509 -0.00254375 0.00956422
v 0.00556086 -0.00230338 0.00956422
v 0.00565603 -0.00205863 0.00956422
v 0.00574045 -0.00180996 0.00956422
v 0.00581393 -0.00155784 0.00956422
v 0.00587635 -0.00130276 0.00956422
v 0.00592758 -0.00104519 0.00956422
v 0.00596753 -0.00078564 0.00956422
v 0.00599612 -0.00052459 0.00956422
v 0.00601330 -0.00026255 0.00956422
v 0.00601903 0.00000000 0.00956422
v 0.00603702 0.00026358 0.00934737
v 0.00601978 0.00052666 0.00934737
v 0.00599108 0.00078874 0.00934737
v 0.00595097 0.00104932 0.00934737
v 0.00589954 0.00130790 0.00934737
v 0.00583687 0.00156399 0.00934737
v 0.00576310 0.00181710 0.00934737
v 0.00567835 0.00206675 0.00934737
v 0.00558280 0.00231247 0.00934737
v 0.00547661 0.00255379 0.00934737
v 0.00536001 0.00279024 0.00934737
v 0.00523320 0.00302139 0.00934737
v 0.00509643 0.00324678 0.00934737
v 0.00494995 0.00346599 0.00934737
v 0.00479406 0.00367861 0.00934737
v 0.00462903 0.00388422 0.00934737
v 0.00445520 0.00408244 0.00934737
v 0.00427289 0.00427289 0.00934737
v 0.00408244 0.00445520 0.00934737
v 0.00388422 0.00462903 0.00934737
v 0.00367861 0.00479406 0.00934737
v 0.00346599 0.00494995 0.00934737
v 0.00324678 0.00509643 0.00934737
v 0.00302139 0.00523320 0.00934737
v 0.00279024 0.00536001 0.00934737
v 0.00255379 0.00547661 0.00934737
v 0.00231247 0.00558280 0.00934737
v 0.00206675 0.00567835 0.00934737
v 0.00181710 0.00576310 0.00934737
v 0.00156399 0.00583687 0.00934737
v 0.00130790 0.00589954 0.00934737
v 0.00104932 0.00595097 0.00934737
v 0.00078874 0.00599108 0.00934737
v 0.00052666 0.00601978 0.00934737
v 0.00026358 0.00603702 0.00934737
v 0.00000000 0.00604278 0.00934737
v -0.00026358 0.00603702 0.00934737
v -0.00052666 0.00601978 0.00934737
v -0.00078874 0.00599108 0.00934737
v -0.00104932 0.00595097 0.00934737
v -0.00130790 0.00589954 0.00934737
v -0.00156399 0.00583687 0.00934737
v -0.00181710 0.00576310 0.00934737
v -0.00206675 0.00567835 0.00934737
v -0.00231247 0.00558280 0.00934737
v -0.00255379 0.00547661 0.00934737
v -0.00279024 0.00536001 0.00934737
v -0.00302139 0.00523320 0.00934737
v -0.00324678 0.00509643 0.00934737
v -0.00346599 0.00494995 0.00934737
v -0.00367861 0.00479406 0.00934737
v -0.00388422 0.00462903 0.00934737
v -0.00408244 0.00445520 0.00934737
v -0.00427289 0.00427289 0.00934737
v -0.00445520 0.00408244 0.00934737
v -0.00462903 0.00388422 0.00934737
v -0.00479406 0.00367861 0.00934737
v -0.00494995 0.00346599 0.00934737
v -0.00509643 0.00324678 0.00934737
v -0.00523320 0.00302139 0.00934737
v -0.00536001 0.00279024 0.00934737
v -0.00547661 0.00255379 0.00934737
v -0.00558280 0.00231247 0.00934737
v -0.00567835 0.00206675 0.00934737
v -0.00576310 0.00181710 0.00934737
v -0.00583687 0.00156399 0.00934737
v -0.00589954 0.00130790 0.00934737
v -0.00595097 0.00104932 0.00934737
v -0.00599108 0.00078874 0.00934737
v -0.00601978 0.00052666 0.00934737
v -0.00603702 0.00026358 0.00934737
v -0.00604278 0.00000000 0.00934737
v -0.00603702 -0.00026358 0.00934737
v -0.00601978 -0.00052666 0.00934737
v -0.00599108 -0.00078874 0.00934737
v -0.00595097 -0.00104932 0.00934737
v -0.00589954 -0.00130790 0.00934737
v -0.00583687 -0.00156399 0.00934737
v -0.00576310 -0.00181710 0.00934737
v -0.00567835 -0.00206675 0.00934737
v -0.00558280 -0.00231247 0.00934737
v -0.00547661 -0.00255379 0.00934737
v -0.00536001 -0.00279024 0.00934737
v -0.00523320 -0.00302139 0.00934737
v -0.00509643 -0.00324678 0.00934737
v -0.00494995 -0.00346599 0.00934737
v -0.00479406 -0.00367861 0.00934737
v -0.00462903 -0.00388422 0.00934737
v -0.00445520 -0.00408244 0.00934737
v -0.00427289 -0.00427289 0.00934737
v -0.00408244 -0.00445520 0.00934737
v -0.00388422 -0.00462903 0.00934737
v -0.00367861 -0.00479406 0.00934737
v -0.00346599 -0.00494995 0.00934737
v -0.00324678 -0.00509643 0.00934737
v -0.00302139 -0.00523320 0.00934737
v -0.00279024 -0.00536001 0.00934737
v -0.00255379 -0.00547661 0.00934737
v -0.00231247 -0.00558280 0.00934737
v -0.00206675 -0.00567835 0.00934737
v -0.00181710 -0.00576310 0.00934737
v -0.00156399 -0.00583687 0.00934737
v -0.00130790 -0.00589954 0.00934737
v -0.00104932 -0.00595097 0.00934737
v -0.00078874 -0.00599108 0.00934737
v -0.00052666 -0.00601978 0.00934737
v -0.00026358 -0.00603702 0.00934737
v -0.00000000 -0.00604278 0.00934737
v 0.00026358 -0.00603702 0.00934737
v 0.00052666 -0.00601978 0.00934737
v 0.00078874 -0.00599108 0.00934737
v 0.00104932 -0.00595097 0.00934737
v 0.00130790 -0.00589954 0.00934737
v 0.00156399 -0.00583687 0.00934737
v 0.00181710 -0.00576310 0.00934737
v 0.00206675 -0.00567835 0.00934737
v 0.00231247 -0.00558280 0.00934737
v 0.00255379 -0.00547661 0.00934737
v 0.00279024 -0.00536001 0.00934737
v 0.00302139 -0.00523320 0.00934737
v 0.00324678 -0.00509643 0.00934737
v 0.00346599 -0.00494995 0.00934737
v 0.00367861 -0.00479406 0.00934737
v 0.00388422 -0.00462903 0.00934737
v 0.00408244 -0.00445520 0.00934737
v 0.00427289 -0.00427289 0.00934737
v 0.00445520 -0.00408244 0.00934737
v 0.00462903 -0.00388422 0.00934737
v 0.00479406 -0.00367861 0.00934737
v 0.00494995 -0.00346599 0.00934737
v 0.00509643 -0.00324678 0.00934737
v 0.00523320 -0.00302139 0.00934737
v 0.00536001 -0.00279024 0.00934737
v 0.00547661 -0.00255379 0.00934737
v 0.00558280 -0.00231247 0.00934737
v 0.00567835 -0.00206675 0.00934737
v 0.00576310 -0.00181710 0.00934737
v 0.00583687 -0.00156399 0.00934737
v 0.00589954 -0.00130790 0.00934737
v 0.00595097 -0.00104932 0.00934737
v 0.00599108 -0.00078874 0.00934737
v 0.00601978 -0.00052666 0.00934737
v 0.00603702 -0.00026358 0.00934737
v 0.00604278 0.00000000 0.00934737
v 0.00607018 0.00026503 0.00913176
v 0.00605284 0.00052955 0.00913176
v 0.00602398 0.00079307 0.00913176
v 0.00598365 0.00105508 0.00913176
v 0.00593194 0.00131508 0.00913176
v 0.00586893 0.00157257 0.00913176
v 0.00579475 0.00182708 0.00913176
v 0.00570954 0.00207810 0.00913176
v 0.00561346 0.00232517 0.00913176
v 0.00550669 0.00256781 0.00913176
v 0.00538944 0.00280557 0.00913176
v 0.00526194 0.00303798 0.00913176
v 0.00512441 0.00326461 0.00913176
v 0.00497714 0.00348503 0.00913176
v 0.00482038 0.00369881 0.00913176
v 0.00465446 0.00390555 0.00913176
v 0.00447967 0.00410486 0.00913176
v 0.00429635 0.00429635 0.00913176
v 0.00410486 0.00447967 0.00913176
v 0.00390555 0.00465446 0.00913176
v 0.00369881 0.00482038 0.00913176
v 0.00348503 0.00497714 0.00913176
v 0.00326461 0.00512441 0.00913176
v 0.00303798 0.00526194 0.00913176
v 0.00280557 0.00538944 0.00913176
v 0.00256781 0.00550669 0.00913176
v 0.00232517 0.00561346 0.00913176
v 0.00207810 0.00570954 0.00913176
v 0.00182708 0.00579475 0.00913176
v 0.00157257 0.00586893 0.00913176
v 0.00131508 0.00593194 0.00913176
v 0.00105508 0.00598365 0.00913176
v 0.00079307 0.00602398 0.00913176
v 0.00052955 0.00605284 0.00913176
v 0.00026503 0.00607018 0.00913176
v 0.00000000 0.00607596 0.00913176
v -0.00026503 0.00607018 0.00913176
v -0.00052955 0.00605284 0.00913176
v -0.00079307 0.00602398 0.00913176
v -0.00105508 0.00598365 0.00913176
v -0.00131508 0.00593194 0.00913176
v -0.00157257 0.00586893 0.00913176
v -0.00182708 0.00579475 0.00913176
v -0.00207810 0.00570954 0.00913176
v -0.00232517 0.00561346 0.00913176
v -0.00256781 0.00550669 0.00913176
v -0.00280557 0.00538944 0.00913176
v -0.00303798 0.00526194 0.00913176
v -0.00326461 0.00512441 0.00913176
v -0.00348503 0.00497714 0.00913176
v -0.00369881 0.00482038 0.00913176
v -0.00390555 0.00465446 0.00913176
v -0.00410486 0.00447967 0.00913176
v -0.00429635 0.00429635 0.00913176
v -0.00447967 0.00410486 0.00913176
v -0.00465446 0.00390555 0.00913176
v -0.00482038 0.00369881 0.00913176
v -0.00497714 0.00348503 0.00913176
v -0.00512441 0.00326461 0.00913176
v -0.00526194 0.00303798 0.00913176
v -0.00538944 0.00280557 0.00913176
v -0.00550669 0.00256781 0.00913176
v -0.00561346 0.00232517 0.00913176
v -0.00570954 0.00207810 0.00913176
v -0.00579475 0.00182708 0.00913176
v -0.00586893 0.00157257 0.00913176
v -0.00593194 0.00131508 0.00913176
v -0.00598365 0.00105508 0.00913176
v -0.00602398 0.00079307 0.00913176
v -0.00605284 0.00052955 0.00913176
v -0.00607018 0.00026503 0.00913176
v -0.00607596 0.00000000 0.00913176
v -0.00607018 -0.00026503 0.00913176
v -0.00605284 -0.00052955 0.00913176
v -0.00602398 -0.00079307 0.00913176
v -0.00598365 -0.00105508 0.00913176
v -0.00593194 -0.00131508 0.00913176
v -0.00586893 -0.00157257 0.00913176
v -0.00579475 -0.00182708 0.00913176
v -0.00570954 -0.00207810 0.00913176
v -0.00561346 -0.00232517 0.00913176
v -0.00550669 -0.00256781 0.00913176
v -0.00538944 -0.00280557 0.00913176
v -0.00526194 -0.00303798 0.00913176
v -0.00512441 -0.00326461 0.00913176
v -0.00497714 -0.00348503 0.00913176
v -0.00482038 -0.00369881 0.00913176
v -0.00465446 -0.00390555 0.00913176
v -0.00447967 -0.00410486 0.00913176
v -0.00429635 -0.00429635 0.00913176
v -0.00410486 -0.00447967 0.00913176
v -0.00390555 -0.00465446 0.00913176
v -0.00369881 -0.00482038 0.00913176
v -0.00348503 -0.00497714 0.00913176
v -0.00326461 -0.00512441 0.00913176
v -0.00303798 -0.00526194 0.00913176
v -0.00280557 -0.00538944 0.00913176
v -0.00256781 -0.00550669 0.00913176
v -0.00232517 -0.00561346 0.00913176
v -0.00207810 -0.00570954 0.00913176
v -0.00182708 -0.00579475 0.00913176
v -0.00157257 -0.00586893 0.00913176
v -0.00131508 -0.00593194 0.00913176
v -0.00105508 -0.00598365 0.00913176
v -0.00079307 -0.00602398 0.00913176
v -0.00052955 -0.00605284 0.00913176
v -0.00026503 -0.00607018 0.00913176
v -0.00000000 -0.00607596 0.00913176
v 0.00026503 -0.00607018 0.00913176
v 0.00052955 -0.00605284 0.00913176
v 0.00079307 -0.00602398 0.00913176
v 0.00105508 -0.00598365 0.00913176
v 0.00131508 -0.00593194 0.00913176
v 0.00157257 -0.00586893 0.00913176
v 0.00182708 -0.00579475 0.00913176
v 0.00207810 -0.00570954 0.00913176
v 0.00232517 -0.00561346 0.00913176
v 0.00256781 -0.00550669 0.00913176
v 0.00280557 -0.00538944 0.00913176
v 0.00303798 -0.00526194 0.00913176
v 0.00326461 -0.00512441 0.00913176
v 0.00348503 -0.00497714 0.00913176
v 0.00369881 -0.00482038 0.00913176
v 0.00390555 -0.00465446 0.00913176
v 0.00410486 -0.00447967 0.00913176
v 0.00429635 -0.00429635 0.00913176
v 0.00447967 -0.00410486 0.00913176
v 0.00465446 -0.00390555 0.00913176
v 0.00482038 -0.00369881 0.00913176
v 0.00497714 -0.00348503 0.00913176
v 0.00512441 -0.00326461 0.00913176
v 0.00526194 -0.00303798 0.00913176
v 0.00538944 -0.00280557 0.00913176
v 0.00550669 -0.00256781 0.00913176
v 0.00561346 -0.00232517 0.00913176
v 0.00570954 -0.00207810 0.00913176
v 0.00579475 -0.00182708 0.00913176
v 0.00586893 -0.00157257 0.00913176
v 0.00593194 -0.00131508 0.00913176
v 0.00598365 -0.00105508 0.00913176
v 0.00602398 -0.00079307 0.00913176
v 0.00605284 -0.00052955 0.00913176
v 0.00607018 -0.00026503 0.00913176
v 0.00607596 0.00000000 0.00913176
v 0.00611270 0.00026689 0.00891780
v 0.00609524 0.00053326 0.00891780
v 0.00606618 0.00079863 0.00891780
v 0.00602557 0.00106247 0.00891780
v 0.00597349 0.00132429 0.00891780
v 0.00591004 0.00158359 0.00891780
v 0.00583534 0.00183987 0.00891780
v 0.00574953 0.00209266 0.00891780
v 0.00565278 0.00234146 0.00891780
v 0.00554526 0.00258580 0.00891780
v 0.00542719 0.00282522 0.00891780
v 0.00529879 0.00305926 0.00891780
v 0.00516031 0.00328748 0.00891780
v 0.00501200 0.00350944 0.00891780
v 0.00485415 0.00372472 0.00891780
v 0.00468706 0.00393291 0.00891780
v 0.00451105 0.00413361 0.00891780
v 0.00432645 0.00432645 0.00891780
v 0.00413361 0.00451105 0.00891780
v 0.00393291 0.00468706 0.00891780
v 0.00372472 0.00485415 0.00891780
v 0.00350944 0.00501200 0.00891780
v 0.00328748 0.00516031 0.00891780
v 0.00305926 0.00529879 0.00891780
v 0.00282522 0.00542719 0.00891780
v 0.00258580 0.00554526 0.00891780
v 0.00234146 0.00565278 0.00891780
v 0.00209266 0.00574953 0.00891780
v 0.00183987 0.00583534 0.00891780
v 0.00158359 0.00591004 0.00891780
v 0.00132429 0.00597349 0.00891780
v 0.00106247 0.00602557 0.00891780
v 0.00079863 0.00606618 0.00891780
v 0.00053326 0.00609524 0.00891780
v 0.00026689 0.00611270 0.00891780
v 0.00000000 0.00611852 0.00891780
v -0.00026689 0.00611270 0.00891780
v -0.00053326 0.00609524 0.00891780
v -0.00079863 0.00606618 0.00891780
v -0.00106247 0.00602557 0.00891780
v -0.00132429 0.00597349 0.00891780
v -0.00158359 0.00591004 0.00891780
v -0.00183987 0.00583534 0.00891780
v -0.00209266 0.00574953 0.00891780
v -0.00234146 0.00565278 0.00891780
v -0.00258580 0.00554526 0.00891780
v -0.00282522 0.00542719 0.00891780
v -0.00305926 0.00529879 0.00891780
v -0.00328748 0.00516031 0.00891780
v -0.00350944 0.00501200 0.00891780
v -0.00372472 0.00485415 0.00891780
v -0.00393291 0.00468706 0.00891780
v -0.00413361 0.00451105 0.00891780
v -0.00432645 0.00432645 0.00891780
v -0.00451105 0.00413361 0.00891780
v -0.00468706 0.00393291 0.00891780
v -0.00485415 0.00372472 0.00891780
v -0.00501200 0.00350944 0.00891780
v -0.00516031 0.00328748 0.00891780
v -0.00529879 0.00305926 0.00891780
v -0.00542719 0.00282522 0.00891780
v -0.00554526 0.00258580 0.00891780
v -0.00565278 0.00234146 0.00891780
v -0.00574953 0.00209266 0.00891780
v -0.00583534 0.00183987 0.00891780
v -0.00591004 0.00158359 0.00891780
v -0.00597349 0.00132429 0.00891780
v -0.00602557 0.00106247 0.00891780
v -0.00606618 0.00079863 0.00891780
v -0.00609524 0.00053326 0.00891780
v -0.00611270 0.00026689 0.00891780
v -0.00611852 0.00000000 0.00891780
v -0.00611270 -0.00026689 0.00891780
v -0.00609524 -0.00053326 0.00891780
v -0.00606618 -0.00079863 0.00891780
v -0.00602557 -0.00106247 0.00891780
v -0.00597349 -0.00132429 0.00891780
v -0.00591004 -0.00158359 0.00891780
v -0.00583534 -0.00183987 0.00891780
v -0.00574953 -0.00209266 0.00891780
v -0.00565278 -0.00234146 0.00891780
v -0.00554526 -0.00258580 0.00891780
v -0.00542719 -0.00282522 0.00891780
v -0.00529879 -0.00305926 0.00891780
v -0.00516031 -0.00328748 0.00891780
v -0.00501200 -0.00350944 0.00891780
v -0.00485415 -0.00372472 0.00891780
v -0.00468706 -0.00393291 0.00891780
v -0.00451105 -0.00413361 0.00891780
v -0.00432645 -0.00432645 0.00891780
v -0.00413361 -0.00451105 0.00891780
v -0.00393291 -0.00468706 0.00891780
v -0.00372472 -0.00485415 0.00891780
v -0.00350944 -0.00501200 0.00891780
v -0.00328748 -0.00516031 0.00891780
v -0.00305926 -0.00529879 0.00891780
v -0.00282522 -0.00542719 0.00891780
v -0.00258580 -0.00554526 0.00891780
v -0.00234146 -0.00565278 0.00891780
v -0.00209266 -0.00574953 0.00891780
v -0.00183987 -0.00583534 0.00891780
v -0.00158359 -0.00591004 0.00891780
v -0.00132429 -0.00597349 0.00891780
v -0.00106247 -0.00602557 0.00891780
v -0.00079863 -0.00606618 0.00891780
v -0.00053326 -0.00609524 0.00891780
v -0.00026689 -0.00611270 0.00891780
v -0.00000000 -0.00611852 0.00891780
v 0.00026689 -0.00611270 0.00891780
v 0.00053326 -0.00609524 0.00891780
v 0.00079863 -0.00606618 0.00891780
v 0.00106247 -0.00602557 0.00891780
v 0.00132429 -0.00597349 0.00891780
v 0.00158359 -0.00591004 0.00891780
v 0.00183987 -0.00583534 0.00891780
v 0.00209266 -0.00574953 0.00891780
v 0.00234146 -0.00565278 0.00891780
v 0.00258580 -0.00554526 0.00891780
v 0.00282522 -0.00542719 0.00891780
v 0.00305926 -0.00529879 0.00891780
v 0.00328748 -0.00516031 0.00891780
v 0.00350944 -0.00501200 0.00891780
v 0.00372472 -0.00485415 0.00891780
v 0.00393291 -0.00468706 0.00891780
v 0.00413361 -0.00451105 0.00891780
v 0.00432645 -0.00432645 0.00891780
v 0.00451105 -0.00413361 0.00891780
v 0.00468706 -0.00393291 0.00891780
v 0.00485415 -0.00372472 0.00891780
v 0.00501200 -0.00350944 0.00891780
v 0.00516031 -0.00328748 0.00891780
v 0.00529879 -0.00305926 0.00891780
v 0.00542719 -0.00282522 0.00891780
v 0.00554526 -0.00258580 0.00891780
v 0.00565278 -0.00234146 0.00891780
v 0.00574953 -0.00209266 0.00891780
v 0.00583534 -0.00183987 0.00891780
v 0.00591004 -0.00158359 0.00891780
v 0.00597349 -0.00132429 0.00891780
v 0.00602557 -0.00106247 0.00891780
v 0.00606618 -0.00079863 0.00891780
v 0.00609524 -0.00053326 0.00891780
v 0.00611270 -0.00026689 0.00891780
v 0.00611852 0.00000000 0.00891780
v 0.00616450 0.00026915 0.00870590
v 0.00614689 0.00053778 0.00870590
v 0.00611758 0.00080540 0.00870590
v 0.00607663 0.00107147 0.00870590
v 0.00602411 0.00133551 0.00870590
v 0.00596012 0.00159701 0.00870590
v 0.00588479 0.00185547 0.00870590
v 0.00579825 0.00211039 0.00870590
v 0.00570068 0.00236130 0.00870590
v 0.00559226 0.00260771 0.00870590
v 0.00547319 0.00284916 0.00870590
v 0.00534370 0.00308519 0.00870590
v 0.00520404 0.00331534 0.00870590
v 0.00505447 0.00353918 0.00870590
v 0.00489528 0.00375628 0.00870590
v 0.00472678 0.00396624 0.00870590
v 0.00454927 0.00416864 0.00870590
v 0.00436311 0.00436311 0.00870590
v 0.00416864 0.00454927 0.00870590
v 0.00396624 0.00472678 0.00870590
v 0.00375628 0.00489528 0.00870590
v 0.00353918 0.00505447 0.00870590
v 0.00331534 0.00520404 0.00870590
v 0.00308519 0.00534370 0.00870590
v 0.00284916 0.00547319 0.00870590
v 0.00260771 0.00559226 0.00870590
v 0.00236130 0.00570068 0.00870590
v 0.00211039 0.00579825 0.00870590
v 0.00185547 0.00588479 0.00870590
v 0.00159701 0.00596012 0.00870590
v 0.00133551 0.00602411 0.00870590
v 0.00107147 0.00607663 0.00870590
v 0.00080540 0.00611758 0.00870590
v 0.00053778 0.00614689 0.00870590
v 0.00026915 0.00616450 0.00870590
v 0.00000000 0.00617037 0.00870590
v -0.00026915 0.00616450 0.00870590
v -0.00053778 0.00614689 0.00870590
v -0.00080540 0.00611758 0.00870590
v -0.00107147 0.00607663 0.00870590
v -0.00133551 0.00602411 0.00870590
v -0.00159701 0.00596012 0.00870590
v -0.00185547 0.00588479 0.00870590
v -0.00211039 0.00579825 0.00870590
v -0.00236130 0.00570068 0.00870590
v -0.00260771 0.00559226 0.00870590
v -0.00284916 0.00547319 0.00870590
v -0.00308519 0.00534370 0.00870590
v -0.00331534 0.00520404 0.00870590
v -0.00353918 0.00505447 0.00870590
v -0.00375628 0.00489528 0.00870590
v -0.00396624 0.00472678 0.00870590
v -0.00416864 0.00454927 0.00870590
v -0.00436311 0.00436311 0.00870590
v -0.00454927 0.00416864 0.00870590
v -0.00472678 0.00396624 0.00870590
v -0.00489528 0.00375628 0.00870590
v -0.00505447 0.00353918 0.00870590
v -0.00520404 0.00331534 0.00870590
v -0.00534370 0.00308519 0.00870590
v -0.00547319 0.00284916 0.00870590
v -0.00559226 0.00260771 0.00870590
v -0.00570068 0.00236130 0.00870590
v -0.00579825 0.00211039 0.00870590
v -0.00588479 0.00185547 0.00870590
v -0.00596012 0.00159701 0.00870590
v -0.00602411 0.00133551 0.00870590
v -0.00607663 0.00107147 0.00870590
v -0.00611758 0.00080540 0.00870590
v -0.00614689 0.00053778 0.00870590
v -0.00616450 0.00026915 0.00870590
v -0.00617037 0.00000000 0.00870590
v -0.00616450 -0.00026915 0.00870590
v -0.00614689 -0.00053778 0.00870590
v -0.00611758 -0.00080540 0.00870590
v -0.00607663 -0.00107147 0.00870590
v -0.00602411 -0.00133551 0.00870590
v -0.00596012 -0.00159701 0.00870590
v -0.00588479 -0.00185547 0.00870590
v -0.00579825 -0.00211039 0.00870590
v -0.00570068 -0.00236130 0.00870590
v -0.00559226 -0.00260771 0.00870590
v -0.00547319 -0.00284916 0.00870590
v -0.00534370 -0.00308519 0.00870590
v -0.00520404 -0.00331534 0.00870590
v -0.00505447 -0.00353918 0.00870590
v -0.00489528 -0.00375628 0.00870590
v -0.00472678 -0.00396624 0.00870590
v -0.00454927 -0.00416864 0.00870590
v -0.00436311 -0.00436311 0.00870590
v -0.00416864 -0.00454927 0.00870590
v -0.00396624 -0.00472678 0.00870590
v -0.00375628 -0.00489528 0.00870590
v -0.00353918 -0.00505447 0.00870590
v -0.00331534 -0.00520404 0.00870590
v -0.00308519 -0.00534370 0.00870590
v -0.00284916 -0.00547319 0.00870590
v -0.00260771 -0.00559226 0.00870590
v -0.00236130 -0.00570068 0.00870590
v -0.00211039 -0.00579825 0.00870590
v -0.00185547 -0.00588479 0.00870590
v -0.00159701 -0.00596012 0.00870590
v -0.00133551 -0.00602411 0.00870590
v -0.00107147 -0.00607663 0.00870590
v -0.00080540 -0.00611758 0.00870590
v -0.00053778 -0.00614689 0.00870590
v -0.00026915 -0.00616450 0.00870590
v -0.00000000 -0.00617037 0.00870590
v 0.00026915 -0.00616450 0.00870590
v 0.00053778 -0.00614689 0.00870590
v 0.00080540 -0.00611758 0.00870590
v 0.00107147 -0.00607663 0.00870590
v 0.00133551 -0.00602411 0.00870590
v 0.00159701 -0.00596012 0.00870590
v 0.00185547 -0.00588479 0.00870590
v 0.00211039 -0.00579825 0.00870590
v 0.00236130 -0.00570068 0.00870590
v 0.00260771 -0.00559226 0.00870590
v 0.00284916 -0.00547319 0.00870590
v 0.00308519 -0.00534370 0.00870590
v 0.00331534 -0.00520404 0.00870590
v 0.00353918 -0.00505447 0.00870590
v 0.00375628 -0.00489528 0.00870590
v 0.00396624 -0.00472678 0.00870590
v 0.00416864 -0.00454927 0.00870590
v 0.00436311 -0.00436311 0.00870590
v 0.00454927 -0.00416864 0.00870590
v 0.00472678 -0.00396624 0.00870590
v 0.00489528 -0.00375628 0.00870590
v 0.00505447 -0.00353918 0.00870590
v 0.00520404 -0.00331534 0.00870590
v 0.00534370 -0.00308519 0.00870590
v 0.00547319 -0.00284916 0.00870590
v 0.00559226 -0.00260771 0.00870590
v 0.00570068 -0.00236130 0.00870590
v 0.00579825 -0.00211039 0.00870590
v 0.00588479 -0.00185547 0.00870590
v 0.00596012 -0.00159701 0.00870590
v 0.00602411 -0.00133551 0.00870590
v 0.00607663 -0.00107147 0.00870590
v 0.00611758 -0.00080540 0.00870590
v 0.00614689 -0.00053778 0.00870590
v 0.00616450 -0.00026915 0.00870590
v 0.00617037 0.00000000 0.00870590
v 0.00622548 0.00027181 0.00849647
v 0.00620770 0.00054310 0.00849647
v 0.00617810 0.00081336 0.00849647
v 0.00613675 0.00108207 0.00849647
v 0.00608371 0.00134873 0.00849647
v 0.00601908 0.00161281 0.00849647
v 0.00594301 0.00187382 0.00849647
v 0.00585561 0.00213127 0.00849647
v 0.00575708 0.00238466 0.00849647
v 0.00564758 0.00263351 0.00849647
v 0.00552733 0.00287735 0.00849647
v 0.00539656 0.00311571 0.00849647
v 0.00525552 0.00334814 0.00849647
v 0.00510448 0.00357419 0.00849647
v 0.00494371 0.00379345 0.00849647
v 0.00477354 0.00400548 0.00849647
v 0.00459428 0.00420988 0.00849647
v 0.00440628 0.00440628 0.00849647
v 0.00420988 0.00459428 0.00849647
v 0.00400548 0.00477354 0.00849647
v 0.00379345 0.00494371 0.00849647
v 0.00357419 0.00510448 0.00849647
v 0.00334814 0.00525552 0.00849647
v 0.00311571 0.00539656 0.00849647
v 0.00287735 0.00552733 0.00849647
v 0.00263351 0.00564758 0.00849647
v 0.00238466 0.00575708 0.00849647
v 0.00213127 0.00585561 0.00849647
v 0.00187382 0.00594301 0.00849647
v 0.00161281 0.00601908 0.00849647
v 0.00134873 0.00608371 0.00849647
v 0.00108207 0.00613675 0.00849647
v 0.00081336 0.00617810 0.00849647
v 0.00054310 0.00620770 0.00849647
v 0.00027181 0.00622548 0.00849647
v 0.00000000 0.00623142 0.00849647
v -0.00027181 0.00622548 0.00849647
v -0.00054310 0.00620770 0.00849647
v -0.00081336 0.00617810 0.00849647
v -0.00108207 0.00613675 0.00849647
v -0.00134873 0.00608371 0.00849647
v -0.00161281 0.00601908 0.00849647
v -0.00187382 0.00594301 0.00849647
v -0.00213127 0.00585561 0.00849647
v -0.00238466 0.00575708 0.00849647
v -0.00263351 0.00564758 0.00849647
v -0.00287735 0.00552733 0.00849647
v -0.00311571 0.00539656 0.00849647
v -0.00334814 0.00525552 0.00849647
v -0.00357419 0.00510448 0.00849647
v -0.00379345 0.00494371 0.00849647
v -0.00400548 0.00477354 0.00849647
v -0.00420988 0.00459428 0.00849647
v -0.00440628 0.00440628 0.00849647
v -0.00459428 0.00420988 0.00849647
v -0.00477354 0.00400548 0.00849647
v -0.00494371 0.00379345 0.00849647
v -0.00510448 0.00357419 0.00849647
v -0.00525552 0.00334814 0.00849647
v -0.00539656 0.00311571 0.00849647
v -0.00552733 0.00287735 0.00849647
v -0.00564758 0.00263351 0.00849647
v -0.00575708 0.00238466 0.00849647
v -0.00585561 0.00213127 0.00849647
v -0.00594301 0.00187382 0.00849647
v -0.00601908 0.00161281 0.00849647
v -0.00608371 0.00134873 0.00849647
v -0.00613675 0.00108207 0.00849647
v -0.00617810 0.00081336 0.00849647
v -0.00620770 0.00054310 0.00849647
v -0.00622548 0.00027181 0.00849647
v -0.00623142 0.00000000 0.00849647
v -0.00622548 -0.00027181 0.00849647
v -0.00620770 -0.00054310 0.00849647
v -0.00617810 -0.00081336 0.00849647
v -0.00613675 -0.00108207 0.00849647
v -0.00608371 -0.00134873 0.00849647
v -0.00601908 -0.00161281 0.00849647
v -0.00594301 -0.00187382 0.00849647
v -0.00585561 -0.00213127 0.00849647
v -0.00575708 -0.00238466 0.00849647
v -0.00564758 -0.00263351 0.00849647
v -0.00552733 -0.00287735 0.00849647
v -0.00539656 -0.00311571 0.00849647
v -0.00525552 -0.00334814 0.00849647
v -0.00510448 -0.00357419 0.00849647
v -0.00494371 -0.00379345 0.00849647
v -0.00477354 -0.00400548 0.00849647
v -0.00459428 -0.00420988 0.00849647
v -0.00440628 -0.00440628 0.00849647
v -0.00420988 -0.00459428 0.00849647
v -0.00400548 -0.00477354 0.00849647
v -0.00379345 -0.00494371 0.00849647
v -0.00357419 -0.00510448 0.00849647
v -0.00334814 -0.00525552 0.00849647
v -0.00311571 -0.00539656 0.00849647
v -0.00287735 -0.00552733 0.00849647
v -0.00263351 -0.00564758 0.00849647
v -0.00238466 -0.00575708 0.00849647
v -0.00213127 -0.00585561 0.00849647
v -0.00187382 -0.00594301 0.00849647
v -0.00161281 -0.00601908 0.00849647
v -0.00134873 -0.00608371 0.00849647
v -0.00108207 -0.00613675 0.00849647
v -0.00081336 -0.00617810 0.00849647
v -0.00054310 -0.00620770 0.00849647
v -0.00027181 -0.00622548 0.00849647
v -0.00000000 -0.00623142 0.00849647
v 0.00027181 -0.00622548 0.00849647
v 0.00054310 -0.00620770 0.00849647
v 0.00081336 -0.00617810 0.00849647
v 0.00108207 -0.00613675 0.00849647
v 0.00134873 -0.00608371 0.00849647
v 0.00161281 -0.00601908 0.00849647
v 0.00187382 -0.00594301 0.00849647
v 0.00213127 -0.00585561 0.00849647
v 0.00238466 -0.00575708 0.00849647
v 0.00263351 -0.00564758 0.00849647
v 0.00287735 -0.00552733 0.00849647
v 0.00311571 -0.00539656 0.00849647
v 0.00334814 -0.00525552 0.00849647
v 0.00357419 -0.00510448 0.00849647
v 0.00379345 -0.00494371 0.00849647
v 0.00400548 -0.00477354 0.00849647
v 0.00420988 -0.00459428 0.00849647
v 0.00440628 -0.00440628 0.00849647
v 0.00459428 -0.00420988 0.00849647
v 0.00477354 -0.00400548 0.00849647
v 0.00494371 -0.00379345 0.00849647
v 0.00510448 -0.00357419 0.00849647
v 0.00525552 -0.00334814 0.00849647
v 0.00539656 -0.00311571 0.00849647
v 0.00552733 -0.00287735 0.00849647
v 0.00564758 -0.00263351 0.00849647
v 0.00575708 -0.00238466 0.00849647
v 0.00585561 -0.00213127 0.00849647
v 0.00594301 -0.00187382 0.00849647
v 0.00601908 -0.00161281 0.00849647
v 0.00608371 -0.00134873 0.00849647
v 0.00613675 -0.00108207 0.00849647
v 0.00617810 -0.00081336 0.00849647
v 0.00620770 -0.00054310 0.00849647
v 0.00622548 -0.00027181 0.00849647
v 0.00623142 0.00000000 0.00849647
v 0.00629554 0.00027487 0.00828990
v 0.00627756 0.00054922 0.00828990
v 0.00624763 0.00082252 0.00828990
v 0.00620580 0.00109425 0.00828990
v 0.00615217 0.00136390 0.00828990
v 0.00608682 0.00163096 0.00828990
v 0.00600988 0.00189491 0.00828990
v 0.00592151 0.00215525 0.00828990
v 0.00582186 0.00241149 0.00828990
v 0.00571113 0.00266314 0.00828990
v 0.00558953 0.00290973 0.00828990
v 0.00545729 0.00315077 0.00828990
v 0.00531466 0.00338581 0.00828990
v 0.00516192 0.00361441 0.00828990
v 0.00499935 0.00383613 0.00828990
v 0.00482726 0.00405055 0.00828990
v 0.00464598 0.00425726 0.00828990
v 0.00445586 0.00445586 0.00828990
v 0.00425726 0.00464598 0.00828990
v 0.00405055 0.00482726 0.00828990
v 0.00383613 0.00499935 0.00828990
v 0.00361441 0.00516192 0.00828990
v 0.00338581 0.00531466 0.00828990
v 0.00315077 0.00545729 0.00828990
v 0.00290973 0.00558953 0.00828990
v 0.00266314 0.00571113 0.00828990
v 0.00241149 0.00582186 0.00828990
v 0.00215525 0.00592151 0.00828990
v 0.00189491 0.00600988 0.00828990
v 0.00163096 0.00608682 0.00828990
v 0.00136390 0.00615217 0.00828990
v 0.00109425 0.00620580 0.00828990
v 0.00082252 0.00624763 0.00828990
v 0.00054922 0.00627756 0.00828990
v 0.00027487 0.00629554 0.00828990
v 0.00000000 0.00630154 0.00828990
v -0.00027487 0.00629554 0.00828990
v -0.00054922 0.00627756 0.00828990
v -0.00082252 0.00624763 0.00828990
v -0.00109425 0.00620580 0.00828990
v -0.00136390 0.00615217 0.00828990
v -0.00163096 0.00608682 0.00828990
v -0.00189491 0.00600988 0.00828990
v -0.00215525 0.00592151 0.00828990
v -0.00241149 0.00582186 0.00828990
v -0.00266314 0.00571113 0.00828990
v -0.00290973 0.00558953 0.00828990
v -0.00315077 0.00545729 0.00828990
v -0.00338581 0.00531466 0.00828990
v -0.00361441 0.00516192 0.00828990
v -0.00383613 0.00499935 0.00828990
v -0.00405055 0.00482726 0.00828990
v -0.00425726 0.00464598 0.00828990
v -0.00445586 0.00445586 0.00828990
v -0.00464598 0.00425726 0.00828990
v -0.00482726 0.00405055 0.00828990
v -0.00499935 0.00383613 0.00828990
v -0.00516192 0.00361441 0.00828990
v -0.00531466 0.00338581 0.00828990
v -0.00545729 0.00315077 0.00828990
v -0.00558953 0.00290973 0.00828990
v -0.00571113 0.00266314 0.00828990
v -0.00582186 0.00241149 0.00828990
v -0.00592151 0.00215525 0.00828990
v -0.00600988 0.00189491 0.00828990
v -0.00608682 0.00163096 0.00828990
v -0.00615217 0.00136390 0.00828990
v -0.00620580 0.00109425 0.00828990
v -0.00624763 0.00082252 0.00828990
v -0.00627756 0.00054922 0.00828990
v -0.00629554 0.00027487 0.00828990
v -0.00630154 0.00000000 0.00828990
v -0.00629554 -0.00027487 0.00828990
v -0.00627756 -0.00054922 0.00828990
v -0.00624763 -0.00082252 0.00828990
v -0.00620580 -0.00109425 0.00828990
v -0.00615217 -0.00136390 0.00828990
v -0.00608682 -0.00163096 0.00828990
v -0.00600988 -0.00189491 0.00828990
v -0.00592151 -0.00215525 0.00828990
v -0.00582186 -0.00241149 0.00828990
v -0.00571113 -0.00266314 0.00828990
v -0.00558953 -0.00290973 0.00828990
v -0.00545729 -0.00315077 0.00828990
v -0.00531466 -0.00338581 0.00828990
v -0.00516192 -0.00361441 0.00828990
v -0.00499935 -0.00383613 0.00828990
v -0.00482726 -0.00405055 0.00828990
v -0.00464598 -0.00425726 0.00828990
v -0.00445586 -0.00445586 0.00828990
v -0.00425726 -0.00464598 0.00828990
v -0.00405055 -0.00482726 0.00828990
v -0.00383613 -0.00499935 0.00828990
v -0.00361441 -0.00516192 0.00828990
v -0.00338581 -0.00531466 0.00828990
v -0.00315077 -0.00545729 0.00828990
v -0.00290973 -0.00558953 0.00828990
v -0.00266314 -0.00571113 0.00828990
v -0.00241149 -0.00582186 0.00828990
v -0.00215525 -0.00592151 0.00828990
v -0.00189491 -0.00600988 0.00828990
v -0.00163096 -0.00608682 0.00828990
v -0.00136390 -0.00615217 0.00828990
v -0.00109425 -0.00620580 0.00828990
v -0.00082252 -0.00624763 0.00828990
v -0.00054922 -0.00627756 0.00828990
v -0.00027487 -0.00629554 0.00828990
v -0.00000000 -0.00630154 0.00828990
v 0.00027487 -0.00629554 0.00828990
v 0.00054922 -0.00627756 0.00828990
v 0.00082252 -0.00624763 0.00828990
v 0.00109425 -0.00620580 0.00828990
v 0.00136390 -0.00615217 0.00828990
v 0.00163096 -0.00608682 0.00828990
v 0.00189491 -0.00600988 0.00828990
v 0.00215525 -0.00592151 0.00828990
v 0.00241149 -0.00582186 0.00828990
v 0.00266314 -0.00571113 0.00828990
v 0.00290973 -0.00558953 0.00828990
v 0.00315077 -0.00545729 0.00828990
v 0.00338581 -0.00531466 0.00828990
v 0.00361441 -0.00516192 0.00828990
v 0.00383613 -0.00499935 0.00828990
v 0.00405055 -0.00482726 0.00828990
v 0.00425726 -0.00464598 0.00828990
v 0.00445586 -0.00445586 0.00828990
v 0.00464598 -0.00425726 0.00828990
v 0.00482726 -0.00405055 0.00828990
v 0.00499935 -0.00383613 0.00828990
v 0.00516192 -0.00361441 0.00828990
v 0.00531466 -0.00338581 0.00828990
v 0.00545729 -0.00315077 0.00828990
v 0.00558953 -0.00290973 0.00828990
v 0.00571113 -0.00266314 0.00828990
v 0.00582186 -0.00241149 0.00828990
v 0.00592151 -0.00215525 0.00828990
v 0.00600988 -0.00189491 0.00828990
v 0.00608682 -0.00163096 0.00828990
v 0.00615217 -0.00136390 0.00828990
v 0.00620580 -0.00109425 0.00828990
v 0.00624763 -0.00082252 0.00828990
v 0.00627756 -0.00054922 0.00828990
v 0.00629554 -0.00027487 0.00828990
v 0.00630154 0.00000000 0.00828990
v 0.00637453 0.00027832 0.00808658
v 0.00635632 0.00055611 0.00808658
v 0.00632602 0.00083284 0.00808658
v 0.00628367 0.00110798 0.00808658
v 0.00622936 0.00138102 0.00808658
v 0.00616319 0.00165142 0.00808658
v 0.00608529 0.00191868 0.00808658
v 0.00599580 0.00218229 0.00808658
v 0.00589491 0.00244175 0.00808658
v 0.00578279 0.00269656 0.00808658
v 0.00565966 0.00294623 0.00808658
v 0.00552576 0.00319030 0.00808658
v 0.00538135 0.00342830 0.00808658
v 0.00522668 0.00365976 0.00808658
v 0.00506207 0.00388426 0.00808658
v 0.00488782 0.00410137 0.00808658
v 0.00470427 0.00431067 0.00808658
v 0.00451177 0.00451177 0.00808658
v 0.00431067 0.00470427 0.00808658
v 0.00410137 0.00488782 0.00808658
v 0.00388426 0.00506207 0.00808658
v 0.00365976 0.00522668 0.00808658
v 0.00342830 0.00538135 0.00808658
v 0.00319030 0.00552576 0.00808658
v 0.00294623 0.00565966 0.00808658
v 0.00269656 0.00578279 0.00808658
v 0.00244175 0.00589491 0.00808658
v 0.00218229 0.00599580 0.00808658
v 0.00191868 0.00608529 0.00808658
v 0.00165142 0.00616319 0.00808658
v 0.00138102 0.00622936 0.00808658
v 0.00110798 0.00628367 0.00808658
v 0.00083284 0.00632602 0.00808658
v 0.00055611 0.00635632 0.00808658
v 0.00027832 0.00637453 0.00808658
v 0.00000000 0.00638060 0.00808658
v -0.00027832 0.00637453 0.00808658
v -0.00055611 0.00635632 0.00808658
v -0.00083284 0.00632602 0.00808658
v -0.00110798 0.00628367 0.00808658
v -0.00138102 0.00622936 0.00808658
v -0.00165142 0.00616319 0.00808658
v -0.00191868 0.00608529 0.00808658
v -0.00218229 0.00599580 0.00808658
v -0.00244175 0.00589491 0.00808658
v -0.00269656 0.00578279 0.00808658
v -0.00294623 0.00565966 0.00808658
v -0.00319030 0.00552576 0.00808658
v -0.00342830 0.00538135 0.00808658
v -0.00365976 0.00522668 0.00808658
v -0.00388426 0.00506207 0.00808658
v -0.00410137 0.00488782 0.00808658
v -0.00431067 0.00470427 0.00808658
v -0.00451177 0.00451177 0.00808658
v -0.00470427 0.00431067 0.00808658
v -0.00488782 0.00410137 0.00808658
v -0.00506207 0.00388426 0.00808658
v -0.00522668 0.00365976 0.00808658
v -0.00538135 0.00342830 0.00808658
v -0.00552576 0.00319030 0.00808658
v -0.00565966 0.00294623 0.00808658
v -0.00578279 0.00269656 0.00808658
v -0.00589491 0.00244175 0.00808658
v -0.00599580 0.00218229 0.00808658
v -0.00608529 0.00191868 0.00808658
v -0.00616319 0.00165142 0.00808658
v -0.00622936 0.00138102 0.00808658
v -0.00628367 0.00110798 0.00808658
v -0.00632602 0.00083284 0.00808658
v -0.00635632 0.00055611 0.00808658
v -0.00637453 0.00027832 0.00808658
v -0.00638060 0.00000000 0.00808658
v -0.00637453 -0.00027832 0.00808658
v -0.00635632 -0.00055611 0.00808658
v -0.00632602 -0.00083284 0.00808658
v -0.00628367 -0.00110798 0.00808658
v -0.00622936 -0.00138102 0.00808658
v -0.00616319 -0.00165142 0.00808658
v -0.00608529 -0.00191868 0.00808658
v -0.00599580 -0.00218229 0.00808658
v -0.00589491 -0.00244175 0.00808658
v -0.00578279 -0.00269656 0.00808658
v -0.00565966 -0.00294623 0.00808658
v -0.00552576 -0.00319030 0.00808658
v -0.00538135 -0.00342830 0.00808658
v -0.00522668 -0.00365976 0.00808658
v -0.00506207 -0.00388426 0.00808658
v -0.00488782 -0.00410137 0.00808658
v -0.00470427 -0.00431067 0.00808658
v -0.00451177 -0.00451177 0.00808658
v -0.00431067 -0.00470427 0.00808658
v -0.00410137 -0.00488782 0.00808658
v -0.00388426 -0.00506207 0.00808658
v -0.00365976 -0.00522668 0.00808658
v -0.00342830 -0.00538135 0.00808658
v -0.00319030 -0.00552576 0.00808658
v -0.00294623 -0.00565966 0.00808658
v -0.00269656 -0.00578279 0.00808658
v -0.00244175 -0.00589491 0.00808658
v -0.00218229 -0.00599580 0.00808658
v -0.00191868 -0.00608529 0.00808658
v -0.00165142 -0.00616319 0.00808658
v -0.00138102 -0.00622936 0.00808658
v -0.00110798 -0.00628367 0.00808658
v -0.00083284 -0.00632602 0.00808658
v -0.00055611 -0.00635632 0.00808658
v -0.00027832 -0.00637453 0.00808658
v -0.00000000 -0.00638060 0.00808658
v 0.00027832 -0.00637453 0.00808658
v 0.00055611 -0.00635632 0.00808658
v 0.00083284 -0.00632602 0.00808658
v 0.00110798 -0.00628367 0.00808658
v 0.00138102 -0.00622936 0.00808658
v 0.00165142 -0.00616319 0.00808658
v 0.00191868 -0.00608529 0.00808658
v 0.00218229 -0.00599580 0.00808658
v 0.00244175 -0.00589491 0.00808658
v 0.00269656 -0.00578279 0.00808658
v 0.00294623 -0.00565966 0.00808658
v 0.00319030 -0.00552576 0.00808658
v 0.00342830 -0.00538135 0.00808658
v 0.00365976 -0.00522668 0.00808658
v 0.00388426 -0.00506207 0.00808658
v 0.00410137 -0.00488782 0.00808658
v 0.00431067 -0.00470427 0.00808658
v 0.00451177 -0.00451177 0.00808658
v 0.00470427 -0.00431067 0.00808658
v 0.00488782 -0.00410137 0.00808658
v 0.00506207 -0.00388426 0.00808658
v 0.00522668 -0.00365976 0.00808658
v 0.00538135 -0.00342830 0.00808658
v 0.00552576 -0.00319030 0.00808658
v 0.00565966 -0.00294623 0.00808658
v 0.00578279 -0.00269656 0.00808658
v 0.00589491 -0.00244175 0.00808658
v 0.00599580 -0.00218229 0.00808658
v 0.00608529 -0.00191868 0.00808658
v 0.00616319 -0.00165142 0.00808658
v 0.00622936 -0.00138102 0.00808658
v 0.00628367 -0.00110798 0.00808658
v 0.00632602 -0.00083284 0.00808658
v 0.00635632 -0.00055611 0.00808658
v 0.00637453 -0.00027832 0.00808658
v 0.00638060 0.00000000 0.00808658
v 0.00646230 0.00028215 0.00788691
v 0.00644385 0.00056376 0.00788691
v 0.00641312 0.00084430 0.00788691
v 0.00637019 0.00112324 0.00788691
v 0.00631513 0.00140003 0.00788691
v 0.00624805 0.00167416 0.00788691
v 0.00616908 0.00194510 0.00788691
v 0.00607837 0.00221234 0.00788691
v 0.00597608 0.00247537 0.00788691
v 0.00586242 0.00273369 0.00788691
v 0.00573760 0.00298680 0.00788691
v 0.00560185 0.00323423 0.00788691
v 0.00545544 0.00347550 0.00788691
v 0.00529865 0.00371016 0.00788691
v 0.00513178 0.00393775 0.00788691
v 0.00495513 0.00415785 0.00788691
v 0.00476905 0.00437003 0.00788691
v 0.00457389 0.00457389 0.00788691
v 0.00437003 0.00476905 0.00788691
v 0.00415785 0.00495513 0.00788691
v 0.00393775 0.00513178 0.00788691
v 0.00371016 0.00529865 0.00788691
v 0.00347550 0.00545544 0.00788691
v 0.00323423 0.00560185 0.00788691
v 0.00298680 0.00573760 0.00788691
v 0.00273369 0.00586242 0.00788691
v 0.00247537 0.00597608 0.00788691
v 0.00221234 0.00607837 0.00788691
v 0.00194510 0.00616908 0.00788691
v 0.00167416 0.00624805 0.00788691
v 0.00140003 0.00631513 0.00788691
v 0.00112324 0.00637019 0.00788691
v 0.00084430 0.00641312 0.00788691
v 0.00056376 0.00644385 0.00788691
v 0.00028215 0.00646230 0.00788691
v 0.00000000 0.00646846 0.00788691
v -0.00028215 0.00646230 0.00788691
v -0.00056376 0.00644385 0.00788691
v -0.00084430 0.00641312 0.00788691
v -0.00112324 0.00637019 0.00788691
v -0.00140003 0.00631513 0.00788691
v -0.00167416 0.00624805 0.00788691
v -0.00194510 0.00616908 0.00788691
v -0.00221234 0.00607837 0.00788691
v -0.00247537 0.00597608 0.00788691
v -0.00273369 0.00586242 0.00788691
v -0.00298680 0.00573760 0.00788691
v -0.00323423 0.00560185 0.00788691
v -0.00347550 0.00545544 0.00788691
v -0.00371016 0.00529865 0.00788691
v -0.00393775 0.00513178 0.00788691
v -0.00415785 0.00495513 0.00788691
v -0.00437003 0.00476905 0.00788691
v -0.00457389 0.00457389 0.00788691
v -0.00476905 0.00437003 0.00788691
v -0.00495513 0.00415785 0.00788691
v -0.00513178 0.00393775 0.00788691
v -0.00529865 0.00371016 0.00788691
v -0.00545544 0.00347550 0.00788691
v -0.00560185 0.00323423 0.00788691
v -0.00573760 0.00298680 0.00788691
v -0.00586242 0.00273369 0.00788691
v -0.00597608 0.00247537 0.00788691
v -0.00607837 0.00221234 0.00788691
v -0.00616908 0.00194510 0.00788691
v -0.00624805 0.00167416 0.00788691
v -0.00631513 0.00140003 0.00788691
v -0.00637019 0.00112324 0.00788691
v -0.00641312 0.00084430 0.00788691
v -0.00644385 0.00056376 0.00788691
v -0.00646230 0.00028215 0.00788691
v -0.00646846 0.00000000 0.00788691
v -0.00646230 -0.00028215 0.00788691
v -0.00644385 -0.00056376 0.00788691
v -0.00641312 -0.00084430 0.00788691
v -0.00637019 -0.00112324 0.00788691
v -0.00631513 -0.00140003 0.00788691
v -0.00624805 -0.00167416 0.00788691
v -0.00616908 -0.00194510 0.00788691
v -0.00607837 -0.00221234 0.00788691
v -0.00597608 -0.00247537 0.00788691
v -0.00586242 -0.00273369 0.00788691
v -0.00573760 -0.00298680 0.00788691
v -0.00560185 -0.00323423 0.00788691
v -0.00545544 -0.00347550 0.00788691
v -0.00529865 -0.00371016 0.00788691
v -0.00513178 -0.00393775 0.00788691
v -0.00495513 -0.00415785 0.00788691
v -0.00476905 -0.00437003 0.00788691
v -0.00457389 -0.00457389 0.00788691
v -0.00437003 -0.00476905 0.00788691
v -0.00415785 -0.00495513 0.00788691
v -0.00393775 -0.00513178 0.00788691
v -0.00371016 -0.00529865 0.00788691
v -0.00347550 -0.00545544 0.00788691
v -0.00323423 -0.00560185 0.00788691
v -0.00298680 -0.00573760 0.00788691
v -0.00273369 -0.00586242 0.00788691
v -0.00247537 -0.00597608 0.00788691
v -0.00221234 -0.00607837 0.00788691
v -0.00194510 -0.00616908 0.00788691
v -0.00167416 -0.00624805 0.00788691
v -0.00140003 -0.00631513 0.00788691
v -0.00112324 -0.00637019 0.00788691
v -0.00084430 -0.00641312 0.00788691
v -0.00056376 -0.00644385 0.00788691
v -0.00028215 -0.00646230 0.00788691
v -0.00000000 -0.00646846 0.00788691
v 0.00028215 -0.00646230 0.00788691
v 0.00056376 -0.00644385 0.00788691
v 0.00084430 -0.00641312 0.00788691
v 0.00112324 -0.00637019 0.00788691
v 0.00140003 -0.00631513 0.00788691
v 0.00167416 -0.00624805 0.00788691
v 0.00194510 -0.00616908 0.00788691
v 0.00221234 -0.00607837 0.00788691
v 0.00247537 -0.00597608 0.00788691
v 0.00273369 -0.00586242 0.00788691
v 0.00298680 -0.00573760 0.00788691
v 0.00323423 -0.00560185 0.00788691
v 0.00347550 -0.00545544 0.00788691
v 0.00371016 -0.00529865 0.00788691
v 0.00393775 -0.00513178 0.00788691
v 0.00415785 -0.00495513 0.00788691
v 0.00437003 -0.00476905 0.00788691
v 0.00457389 -0.00457389 0.00788691
v 0.00476905 -0.00437003 0.00788691
v 0.00495513 -0.00415785 0.00788691
v 0.00513178 -0.00393775 0.00788691
v 0.00529865 -0.00371016 0.00788691
v 0.00545544 -0.00347550 0.00788691
v 0.00560185 -0.00323423 0.00788691
v 0.00573760 -0.00298680 0.00788691
v 0.00586242 -0.00273369 0.00788691
v 0.00597608 -0.00247537 0.00788691
v 0.00607837 -0.00221234 0.00788691
v 0.00616908 -0.00194510 0.00788691
v 0.00624805 -0.00167416 0.00788691
v 0.00631513 -0.00140003 0.00788691
v 0.00637019 -0.00112324 0.00788691
v 0.00641312 -0.00084430 0.00788691
v 0.00644385 -0.00056376 0.00788691
v 0.00646230 -0.00028215 0.00788691
v 0.00646846 0.00000000 0.00788691
v 0.00655870 0.00028636 0.00769126
v 0.00653996 0.00057217 0.00769126
v 0.00650878 0.00085690 0.00769126
v 0.00646521 0.00113999 0.00769126
v 0.00640933 0.00142091 0.00769126
v 0.00634125 0.00169913 0.00769126
v 0.00626110 0.00197412 0.00769126
v 0.00616903 0.00224534 0.00769126
v 0.00606522 0.00251230 0.00769126
v 0.00594986 0.00277447 0.00769126
v 0.00582318 0.00303135 0.00769126
v 0.00568541 0.00328247 0.00769126
v 0.00553682 0.00352734 0.00769126
v 0.00537769 0.00376550 0.00769126
v 0.00520832 0.00399649 0.00769126
v 0.00502904 0.00421987 0.00769126
v 0.00484019 0.00443521 0.00769126
v 0.00464212 0.00464212 0.00769126
v 0.00443521 0.00484019 0.00769126
v 0.00421987 0.00502904 0.00769126
v 0.00399649 0.00520832 0.00769126
v 0.00376550 0.00537769 0.00769126
v 0.00352734 0.00553682 0.00769126
v 0.00328247 0.00568541 0.00769126
v 0.00303135 0.00582318 0.00769126
v 0.00277447 0.00594986 0.00769126
v 0.00251230 0.00606522 0.00769126
v 0.00224534 0.00616903 0.00769126
v 0.00197412 0.00626110 0.00769126
v 0.00169913 0.00634125 0.00769126
v 0.00142091 0.00640933 0.00769126
v 0.00113999 0.00646521 0.00769126
v 0.00085690 0.00650878 0.00769126
v 0.00057217 0.00653996 0.00769126
v 0.00028636 0.00655870 0.00769126
v 0.00000000 0.00656495 0.00769126
v -0.00028636 0.00655870 0.00769126
v -0.00057217 0.00653996 0.00769126
v -0.00085690 0.00650878 0.00769126
v -0.00113999 0.00646521 0.00769126
v -0.00142091 0.00640933 0.00769126
v -0.00169913 0.00634125 0.00769126
v -0.00197412 0.00626110 0.00769126
v -0.00224534 0.00616903 0.00769126
v -0.00251230 0.00606522 0.00769126
v -0.00277447 0.00594986 0.00769126
v -0.00303135 0.00582318 0.00769126
v -0.00328247 0.00568541 0.00769126
v -0.00352734 0.00553682 0.00769126
v -0.00376550 0.00537769 0.00769126
v -0.00399649 0.00520832 0.00769126
v -0.00421987 0.00502904 0.00769126
v -0.00443521 0.00484019 0.00769126
v -0.00464212 0.00464212 0.00769126
v -0.00484019 0.00443521 0.00769126
v -0.00502904 0.00421987 0.00769126
v -0.00520832 0.00399649 0.00769126
v -0.00537769 0.00376550 0.00769126
v -0.00553682 0.00352734 0.00769126
v -0.00568541 0.00328247 0.00769126
v -0.00582318 0.00303135 0.00769126
v -0.00594986 0.00277447 0.00769126
v -0.00606522 0.00251230 0.00769126
v -0.00616903 0.00224534 0.00769126
v -0.00626110 0.00197412 0.00769126
v -0.00634125 0.00169913 0.00769126
v -0.00640933 0.00142091 0.00769126
v -0.00646521 0.00113999 0.00769126
v -0.00650878 0.00085690 0.00769126
v -0.00653996 0.00057217 0.00769126
v -0.00655870 0.00028636 0.00769126
v -0.00656495 0.00000000 0.00769126
v -0.00655870 -0.00028636 0.00769126
v -0.00653996 -0.00057217 0.00769126
v -0.00650878 -0.00085690 0.00769126
v -0.00646521 -0.00113999 0.00769126
v -0.00640933 -0.00142091 0.00769126
v -0.00634125 -0.00169913 0.00769126
v -0.00626110 -0.00197412 0.00769126
v -0.00616903 -0.00224534 0.00769126
v -0.00606522 -0.00251230 0.00769126
v -0.00594986 -0.00277447 0.00769126
v -0.00582318 -0.00303135 0.00769126
v -0.00568541 -0.00328247 0.00769126
v -0.00553682 -0.00352734 0.00769126
v -0.00537769 -0.00376550 0.00769126
v -0.00520832 -0.00399649 0.00769126
v -0.00502904 -0.00421987 0.00769126
v -0.00484019 -0.00443521 0.00769126
v -0.00464212 -0.00464212 0.00769126
v -0.00443521 -0.00484019 0.00769126
v -0.00421987 -0.00502904 0.00769126
v -0.00399649 -0.00520832 0.00769126
v -0.00376550 -0.00537769 0.00769126
v -0.00352734 -0.00553682 0.00769126
v -0.00328247 -0.00568541 0.00769126
v -0.00303135 -0.00582318 0.00769126
v -0.00277447 -0.00594986 0.00769126
v -0.00251230 -0.00606522 0.00769126
v -0.00224534 -0.00616903 0.00769126
v -0.00197412 -0.00626110 0.00769126
v -0.00169913 -0.00634125 0.00769126
v -0.00142091 -0.00640933 0.00769126
v -0.00113999 -0.00646521 0.00769126
v -0.00085690 -0.00650878 0.00769126
v -0.00057217 -0.00653996 0.00769126
v -0.00028636 -0.00655870 0.00769126
v -0.00000000 -0.00656495 0.00769126
v 0.00028636 -0.00655870 0.00769126
v 0.00057217 -0.00653996 0.00769126
v 0.00085690 -0.00650878 0.00769126
v 0.00113999 -0.00646521 0.00769126
v 0.00142091 -0.00640933 0.00769126
v 0.00169913 -0.00634125 0.00769126
v 0.00197412 -0.00626110 0.00769126
v 0.00224534 -0.00616903 0.00769126
v 0.00251230 -0.00606522 0.00769126
v 0.00277447 -0.00594986 0.00769126
v 0.00303135 -0.00582318 0.00769126
v 0.00328247 -0.00568541 0.00769126
v 0.00352734 -0.00553682 0.00769126
v 0.00376550 -0.00537769 0.00769126
v 0.00399649 -0.00520832 0.00769126
v 0.00421987 -0.00502904 0.00769126
v 0.00443521 -0.00484019 0.00769126
v 0.00464212 -0.00464212 0.00769126
v 0.00484019 -0.00443521 0.00769126
v 0.00502904 -0.00421987 0.00769126
v 0.00520832 -0.00399649 0.00769126
v 0.00537769 -0.00376550 0.00769126
v 0.00553682 -0.00352734 0.00769126
v 0.00568541 -0.00328247 0.00769126
v 0.00582318 -0.00303135 0.00769126
v 0.00594986 -0.00277447 0.00769126
v 0.00606522 -0.00251230 0.00769126
v 0.00616903 -0.00224534 0.00769126
v 0.00626110 -0.00197412 0.00769126
v 0.00634125 -0.00169913 0.00769126
v 0.00640933 -0.00142091 0.00769126
v 0.00646521 -0.00113999 0.00769126
v 0.00650878 -0.00085690 0.00769126
v 0.00653996 -0.00057217 0.00769126
v 0.00655870 -0.00028636 0.00769126
v 0.00656495 0.00000000 0.00769126
v 0.00666352 0.00029094 0.00750000
v 0.00664449 0.00058132 0.00750000
v 0.00661281 0.00087059 0.00750000
v 0.00656854 0.00115821 0.00750000
v 0.00651177 0.00144362 0.00750000
v 0.00644260 0.00172629 0.00750000
v 0.00636117 0.00200567 0.00750000
v 0.00626763 0.00228123 0.00750000
v 0.00616216 0.00255245 0.00750000
v 0.00604496 0.00281881 0.00750000
v 0.00591625 0.00307980 0.00750000
v 0.00577628 0.00333494 0.00750000
v 0.00562531 0.00358372 0.00750000
v 0.00546364 0.00382568 0.00750000
v 0.00529157 0.00406036 0.00750000
v 0.00510942 0.00428731 0.00750000
v 0.00491755 0.00450610 0.00750000
v 0.00471631 0.00471631 0.00750000
v 0.00450610 0.00491755 0.00750000
v 0.00428731 0.00510942 0.00750000
v 0.00406036 0.00529157 0.00750000
v 0.00382568 0.00546364 0.00750000
v 0.00358372 0.00562531 0.00750000
v 0.00333494 0.00577628 0.00750000
v 0.00307980 0.00591625 0.00750000
v 0.00281881 0.00604496 0.00750000
v 0.00255245 0.00616216 0.00750000
v 0.00228123 0.00626763 0.00750000
v 0.00200567 0.00636117 0.00750000
v 0.00172629 0.00644260 0.00750000
v 0.00144362 0.00651177 0.00750000
v 0.00115821 0.00656854 0.00750000
v 0.00087059 0.00661281 0.00750000
v 0.00058132 0.00664449 0.00750000
v 0.00029094 0.00666352 0.00750000
v 0.00000000 0.00666987 0.00750000
v -0.00029094 0.00666352 0.00750000
v -0.00058132 0.00664449 0.00750000
v -0.00087059 0.00661281 0.00750000
v -0.00115821 0.00656854 0.00750000
v -0.00144362 0.00651177 0.00750000
v -0.00172629 0.00644260 0.00750000
v -0.00200567 0.00636117 0.00750000
v -0.00228123 0.00626763 0.00750000
v -0.00255245 0.00616216 0.00750000
v -0.00281881 0.00604496 0.00750000
v -0.00307980 0.00591625 0.00750000
v -0.00333494 0.00577628 0.00750000
v -0.00358372 0.00562531 0.00750000
v -0.00382568 0.00546364 0.00750000
v -0.00406036 0.00529157 0.00750000
v -0.00428731 0.00510942 0.00750000
v -0.00450610 0.00491755 0.00750000
v -0.00471631 0.00471631 0.00750000
v -0.00491755 0.00450610 0.00750000
v -0.00510942 0.00428731 0.00750000
v -0.00529157 0.00406036 0.00750000
v -0.00546364 0.00382568 0.00750000
v -0.00562531 0.00358372 0.00750000
v -0.00577628 0.00333494 0.00750000
v -0.00591625 0.00307980 0.00750000
v -0.00604496 0.00281881 0.00750000
v -0.00616216 0.00255245 0.00750000
v -0.00626763 0.00228123 0.00750000
v -0.00636117 0.00200567 0.00750000
v -0.00644260 0.00172629 0.00750000
v -0.00651177 0.00144362 0.00750000
v -0.00656854 0.00115821 0.00750000
v -0.00661281 0.00087059 0.00750000
v -0.00664449 0.00058132 0.00750000
v -0.00666352 0.00029094 0.00750000
v -0.00666987 0.00000000 0.00750000
v -0.00666352 -0.00029094 0.00750000
v -0.00664449 -0.00058132 0.00750000
v -0.00661281 -0.00087059 0.00750000
v -0.00656854 -0.00115821 0.00750000
v -0.00651177 -0.00144362 0.00750000
v -0.00644260 -0.00172629 0.00750000
v -0.00636117 -0.00200567 0.00750000
v -0.00626763 -0.00228123 0.00750000
v -0.00616216 -0.00255245 0.00750000
v -0.00604496 -0.00281881 0.00750000
v -0.00591625 -0.00307980 0.00750000
v -0.00577628 -0.00333494 0.00750000
v -0.00562531 -0.00358372 0.00750000
v -0.00546364 -0.00382568 0.00750000
v -0.00529157 -0.00406036 0.00750000
v -0.00510942 -0.00428731 0.00750000
v -0.00491755 -0.00450610 0.00750000
v -0.00471631 -0.00471631 0.00750000
v -0.00450610 -0.00491755 0.00750000
v -0.00428731 -0.00510942 0.00750000
v -0.00406036 -0.00529157 0.00750000
v -0.00382568 -0.00546364 0.00750000
v -0.00358372 -0.00562531 0.00750000
v -0.00333494 -0.00577628 0.00750000
v -0.00307980 -0.00591625 0.00750000
v -0.00281881 -0.00604496 0.00750000
v -0.00255245 -0.00616216 0.00750000
v -0.00228123 -0.00626763 0.00750000
v -0.00200567 -0.00636117 0.00750000
v -0.00172629 -0.00644260 0.00750000
v -0.00144362 -0.00651177 0.00750000
v -0.00115821 -0.00656854 0.00750000
v -0.00087059 -0.00661281 0.00750000
v -0.00058132 -0.00664449 0.00750000
v -0.00029094 -0.00666352 0.00750000
v -0.00000000 -0.00666987 0.00750000
v 0.00029094 -0.00666352 0.00750000
v 0.00058132 -0.00664449 0.00750000
v 0.00087059 -0.00661281 0.00750000
v 0.00115821 -0.00656854 0.00750000
v 0.00144362 -0.00651177 0.00750000
v 0.00172629 -0.00644260 0.00750000
v 0.00200567 -0.00636117 0.00750000
v 0.00228123 -0.00626763 0.00750000
v 0.00255245 -0.00616216 0.00750000
v 0.00281881 -0.00604496 0.00750000
v 0.00307980 -0.00591625 0.00750000
v 0.00333494 -0.00577628 0.00750000
v 0.00358372 -0.00562531 0.00750000
v 0.00382568 -0.00546364 0.00750000
v 0.00406036 -0.00529157 0.00750000
v 0.00428731 -0.00510942 0.00750000
v 0.00450610 -0.00491755 0.00750000
v 0.00471631 -0.00471631 0.00750000
v 0.00491755 -0.00450610 0.00750000
v 0.00510942 -0.00428731 0.00750000
v 0.00529157 -0.00406036 0.00750000
v 0.00546364 -0.00382568 0.00750000
v 0.00562531 -0.00358372 0.00750000
v 0.00577628 -0.00333494 0.00750000
v 0.00591625 -0.00307980 0.00750000
v 0.00604496 -0.00281881 0.00750000
v 0.00616216 -0.00255245 0.00750000
v 0.00626763 -0.00228123 0.00750000
v 0.00636117 -0.00200567 0.00750000
v 0.00644260 -0.00172629 0.00750000
v 0.00651177 -0.00144362 0.00750000
v 0.00656854 -0.00115821 0.00750000
v 0.00661281 -0.00087059 0.00750000
v 0.00664449 -0.00058132 0.00750000
v 0.00666352 -0.00029094 0.00750000
v 0.00666987 0.00000000 0.00750000
v 0.00677659 0.00029587 0.00731350
v 0.00675723 0.00059118 0.00731350
v 0.00672501 0.00088536 0.00731350
v 0.00667999 0.00117786 0.00731350
v 0.00662226 0.00146812 0.00731350
v 0.00655192 0.00175558 0.00731350
v 0.00646910 0.00203970 0.00731350
v 0.00637398 0.00231994 0.00731350
v 0.00626671 0.00259576 0.00731350
v 0.00614752 0.00286664 0.00731350
v 0.00601663 0.00313206 0.00731350
v 0.00587429 0.00339152 0.00731350
v 0.00572076 0.00364453 0.00731350
v 0.00555634 0.00389059 0.00731350
v 0.00538135 0.00412925 0.00731350
v 0.00519611 0.00436006 0.00731350
v 0.00500098 0.00458256 0.00731350
v 0.00479634 0.00479634 0.00731350
v 0.00458256 0.00500098 0.00731350
v 0.00436006 0.00519611 0.00731350
v 0.00412925 0.00538135 0.00731350
v 0.00389059 0.00555634 0.00731350
v 0.00364453 0.00572076 0.00731350
v 0.00339152 0.00587429 0.00731350
v 0.00313206 0.00601663 0.00731350
v 0.00286664 0.00614752 0.00731350
v 0.00259576 0.00626671 0.00731350
v 0.00231994 0.00637398 0.00731350
v 0.00203970 0.00646910 0.00731350
v 0.00175558 0.00655192 0.00731350
v 0.00146812 0.00662226 0.00731350
v 0.00117786 0.00667999 0.00731350
v 0.00088536 0.00672501 0.00731350
v 0.00059118 0.00675723 0.00731350
v 0.00029587 0.00677659 0.00731350
v 0.00000000 0.00678304 0.00731350
v -0.00029587 0.00677659 0.00731350
v -0.00059118 0.00675723 0.00731350
v -0.00088536 0.00672501 0.00731350
v -0.00117786 0.00667999 0.00731350
v -0.00146812 0.00662226 0.00731350
v -0.00175558 0.00655192 0.00731350
v -0.00203970 0.00646910 0.00731350
v -0.00231994 0.00637398 0.00731350
v -0.00259576 0.00626671 0.00731350
v -0.00286664 0.00614752 0.00731350
v -0.00313206 0.00601663 0.00731350
v -0.00339152 0.00587429 0.00731350
v -0.00364453 0.00572076 0.00731350
v -0.00389059 0.00555634 0.00731350
v -0.00412925 0.00538135 0.00731350
v -0.00436006 0.00519611 0.00731350
v -0.00458256 0.00500098 0.00731350
v -0.00479634 0.00479634 0.00731350
v -0.00500098 0.00458256 0.00731350
v -0.00519611 0.00436006 0.00731350
v -0.00538135 0.00412925 0.00731350
v -0.00555634 0.00389059 0.00731350
v -0.00572076 0.00364453 0.00731350
v -0.00587429 0.00339152 0.00731350
v -0.00601663 0.00313206 0.00731350
v -0.00614752 0.00286664 0.00731350
v -0.00626671 0.00259576 0.00731350
v -0.00637398 0.00231994 0.00731350
v -0.00646910 0.00203970 0.00731350
v -0.00655192 0.00175558 0.00731350
v -0.00662226 0.00146812 0.00731350
v -0.00667999 0.00117786 0.00731350
v -0.00672501 0.00088536 0.00731350
v -0.00675723 0.00059118 0.00731350
v -0.00677659 0.00029587 0.00731350
v -0.00678304 0.00000000 0.00731350
v -0.00677659 -0.00029587 0.00731350
v -0.00675723 -0.00059118 0.00731350
v -0.00672501 -0.00088536 0.00731350
v -0.00667999 -0.00117786 0.00731350
v -0.00662226 -0.00146812 0.00731350
v -0.00655192 -0.00175558 0.00731350
v -0.00646910 -0.00203970 0.00731350
v -0.00637398 -0.00231994 0.00731350
v -0.00626671 -0.00259576 0.00731350
v -0.00614752 -0.00286664 0.00731350
v -0.00601663 -0.00313206 0.00731350
v -0.00587429 -0.00339152 0.00731350
v -0.00572076 -0.00364453 0.00731350
v -0.00555634 -0.00389059 0.00731350
v -0.00538135 -0.00412925 0.00731350
v -0.00519611 -0.00436006 0.00731350
v -0.00500098 -0.00458256 0.00731350
v -0.00479634 -0.00479634 0.00731350
v -0.00458256 -0.00500098 0.00731350
v -0.00436006 -0.00519611 0.00731350
v -0.00412925 -0.00538135 0.00731350
v -0.00389059 -0.00555634 0.00731350
v -0.00364453 -0.00572076 0.00731350
v -0.00339152 -0.00587429 0.00731350
v -0.00313206 -0.00601663 0.00731350
v -0.00286664 -0.00614752 0.00731350
v -0.00259576 -0.00626671 0.00731350
v -0.00231994 -0.00637398 0.00731350
v -0.00203970 -0.00646910 0.00731350
v -0.00175558 -0.00655192 0.00731350
v -0.00146812 -0.00662226 0.00731350
v -0.00117786 -0.00667999 0.00731350
v -0.00088536 -0.00672501 0.00731350
v -0.00059118 -0.00675723 0.00731350
v -0.00029587 -0.00677659 0.00731350
v -0.00000000 -0.00678304 0.00731350
v 0.00029587 -0.00677659 0.00731350
v 0.00059118 -0.00675723 0.00731350
v 0.00088536 -0.00672501 0.00731350
v 0.00117786 -0.00667999 0.00731350
v 0.00146812 -0.00662226 0.00731350
v 0.00175558 -0.00655192 0.00731350
v 0.00203970 -0.00646910 0.00731350
v 0.00231994 -0.00637398 0.00731350
v 0.00259576 -0.00626671 0.00731350
v 0.00286664 -0.00614752 0.00731350
v 0.00313206 -0.00601663 0.00731350
v 0.00339152 -0.00587429 0.00731350
v 0.00364453 -0.00572076 0.00731350
v 0.00389059 -0.00555634 0.00731350
v 0.00412925 -0.00538135 0.00731350
v 0.00436006 -0.00519611 0.00731350
v 0.00458256 -0.00500098 0.00731350
v 0.00479634 -0.00479634 0.00731350
v 0.00500098 -0.00458256 0.00731350
v 0.00519611 -0.00436006 0.00731350
v 0.00538135 -0.00412925 0.00731350
v 0.00555634 -0.00389059 0.00731350
v 0.00572076 -0.00364453 0.00731350
v 0.00587429 -0.00339152 0.00731350
v 0.00601663 -0.00313206 0.00731350
v 0.00614752 -0.00286664 0.00731350
v 0.00626671 -0.00259576 0.00731350
v 0.00637398 -0.00231994 0.00731350
v 0.00646910 -0.00203970 0.00731350
v 0.00655192 -0.00175558 0.00731350
v 0.00662226 -0.00146812 0.00731350
v 0.00667999 -0.00117786 0.00731350
v 0.00672501 -0.00088536 0.00731350
v 0.00675723 -0.00059118 0.00731350
v 0.00677659 -0.00029587 0.00731350
v 0.00678304 0.00000000 0.00731350
v 0.00689767 0.00030116 0.00713212
v 0.00687797 0.00060174 0.00713212
v 0.00684517 0.00090118 0.00713212
v 0.00679935 0.00119891 0.00713212
v 0.00674058 0.00149435 0.00713212
v 0.00666898 0.00178695 0.00713212
v 0.00658469 0.00207615 0.00713212
v 0.00648786 0.00236139 0.00713212
v 0.00637869 0.00264214 0.00713212
v 0.00625737 0.00291786 0.00713212
v 0.00612414 0.00318802 0.00713212
v 0.00597925 0.00345212 0.00713212
v 0.00582298 0.00370965 0.00713212
v 0.00565562 0.00396011 0.00713212
v 0.00547750 0.00420304 0.00713212
v 0.00528895 0.00443796 0.00713212
v 0.00509034 0.00466444 0.00713212
v 0.00488203 0.00488203 0.00713212
v 0.00466444 0.00509034 0.00713212
v 0.00443796 0.00528895 0.00713212
v 0.00420304 0.00547750 0.00713212
v 0.00396011 0.00565562 0.00713212
v 0.00370965 0.00582298 0.00713212
v 0.00345212 0.00597925 0.00713212
v 0.00318802 0.00612414 0.00713212
v 0.00291786 0.00625737 0.00713212
v 0.00264214 0.00637869 0.00713212
v 0.00236139 0.00648786 0.00713212
v 0.00207615 0.00658469 0.00713212
v 0.00178695 0.00666898 0.00713212
v 0.00149435 0.00674058 0.00713212
v 0.00119891 0.00679935 0.00713212
v 0.00090118 0.00684517 0.00713212
v 0.00060174 0.00687797 0.00713212
v 0.00030116 0.00689767 0.00713212
v 0.00000000 0.00690424 0.00713212
v -0.00030116 0.00689767 0.00713212
v -0.00060174 0.00687797 0.00713212
v -0.00090118 0.00684517 0.00713212
v -0.00119891 0.00679935 0.00713212
v -0.00149435 0.00674058 0.00713212
v -0.00178695 0.00666898 0.00713212
v -0.00207615 0.00658469 0.00713212
v -0.00236139 0.00648786 0.00713212
v -0.00264214 0.00637869 0.00713212
v -0.00291786 0.00625737 0.00713212
v -0.00318802 0.00612414 0.00713212
v -0.00345212 0.00597925 0.00713212
v -0.00370965 0.00582298 0.00713212
v -0.00396011 0.00565562 0.00713212
v -0.00420304 0.00547750 0.00713212
v -0.00443796 0.00528895 0.00713212
v -0.00466444 0.00509034 0.00713212
v -0.00488203 0.00488203 0.00713212
v -0.00509034 0.00466444 0.00713212
v -0.00528895 0.00443796 0.00713212
v -0.00547750 0.00420304 0.00713212
v -0.00565562 0.00396011 0.00713212
v -0.00582298 0.00370965 0.00713212
v -0.00597925 0.00345212 0.00713212
v -0.00612414 0.00318802 0.00713212
v -0.00625737 0.00291786 0.00713212
v -0.00637869 0.00264214 0.00713212
v -0.00648786 0.00236139 0.00713212
v -0.00658469 0.00207615 0.00713212
v -0.00666898 0.00178695 0.00713212
v -0.00674058 0.00149435 0.00713212
v -0.00679935 0.00119891 0.00713212
v -0.00684517 0.00090118 0.00713212
v -0.00687797 0.00060174 0.00713212
v -0.00689767 0.00030116 0.00713212
v -0.00690424 0.00000000 0.00713212
v -0.00689767 -0.00030116 0.00713212
v -0.00687797 -0.00060174 0.00713212
v -0.00684517 -0.00090118 0.00713212
v -0.00679935 -0.00119891 0.00713212
v -0.00674058 -0.00149435 0.00713212
v -0.00666898 -0.00178695 0.00713212
v -0.00658469 -0.00207615 0.00713212
v -0.00648786 -0.00236139 0.00713212
v -0.00637869 -0.00264214 0.00713212
v -0.00625737 -0.00291786 0.00713212
v -0.00612414 -0.00318802 0.00713212
v -0.00597925 -0.00345212 0.00713212
v -0.00582298 -0.00370965 0.00713212
v -0.00565562 -0.00396011 0.00713212
v -0.00547750 -0.00420304 0.00713212
v -0.00528895 -0.00443796 0.00713212
v -0.00509034 -0.00466444 0.00713212
v -0.00488203 -0.00488203 0.00713212
v -0.00466444 -0.00509034 0.00713212
v -0.00443796 -0.00528895 0.00713212
v -0.00420304 -0.00547750 0.00713212
v -0.00396011 -0.00565562 0.00713212
v -0.00370965 -0.00582298 0.00713212
v -0.00345212 -0.00597925 0.00713212
v -0.00318802 -0.00612414 0.00713212
v -0.00291786 -0.00625737 0.00713212
v -0.00264214 -0.00637869 0.00713212
v -0.00236139 -0.00648786 0.00713212
v -0.00207615 -0.00658469 0.00713212
v -0.00178695 -0.00666898 0.00713212
v -0.00149435 -0.00674058 0.00713212
v -0.00119891 -0.00679935 0.00713212
v -0.00090118 -0.00684517 0.00713212
v -0.00060174 -0.00687797 0.00713212
v -0.00030116 -0.00689767 0.00713212
v -0.00000000 -0.00690424 0.00713212
v 0.00030116 -0.00689767 0.00713212
v 0.00060174 -0.00687797 0.00713212
v 0.00090118 -0.00684517 0.00713212
v 0.00119891 -0.00679935 0.00713212
v 0.00149435 -0.00674058 0.00713212
v 0.00178695 -0.00666898 0.00713212
v 0.00207615 -0.00658469 0.00713212
v 0.00236139 -0.00648786 0.00713212
v 0.00264214 -0.00637869 0.00713212
v 0.00291786 -0.00625737 0.00713212
v 0.00318802 -0.00612414 0.00713212
v 0.00345212 -0.00597925 0.00713212
v 0.00370965 -0.00582298 0.00713212
v 0.00396011 -0.00565562 0.00713212
v 0.00420304 -0.00547750 0.00713212
v 0.00443796 -0.00528895 0.00713212
v 0.00466444 -0.00509034 0.00713212
v 0.00488203 -0.00488203 0.00713212
v 0.00509034 -0.00466444 0.00713212
v 0.00528895 -0.00443796 0.00713212
v 0.00547750 -0.00420304 0.00713212
v 0.00565562 -0.00396011 0.00713212
v 0.00582298 -0.00370965 0.00713212
v 0.00597925 -0.00345212 0.00713212
v 0.00612414 -0.00318802 0.00713212
v 0.00625737 -0.00291786 0.00713212
v 0.00637869 -0.00264214 0.00713212
v 0.00648786 -0.00236139 0.00713212
v 0.00658469 -0.00207615 0.00713212
v 0.00666898 -0.00178695 0.00713212
v 0.00674058 -0.00149435 0.00713212
v 0.00679935 -0.00119891 0.00713212
v 0.00684517 -0.00090118 0.00713212
v 0.00687797 -0.00060174 0.00713212
v 0.00689767 -0.00030116 0.00713212
v 0.00690424 0.00000000 0.00713212
v 0.00702654 0.00030679 0.00695619
v 0.00700647 0.00061299 0.00695619
v 0.00697306 0.00091802 0.00695619
v 0.00692638 0.00122131 0.00695619
v 0.00686652 0.00152227 0.00695619
v 0.00679358 0.00182033 0.00695619
v 0.00670771 0.00211493 0.00695619
v 0.00660908 0.00240551 0.00695619
v 0.00649786 0.00269150 0.00695619
v 0.00637427 0.00297237 0.00695619
v 0.00623855 0.00324759 0.00695619
v 0.00609096 0.00351662 0.00695619
v 0.00593177 0.00377895 0.00695619
v 0.00576129 0.00403410 0.00695619
v 0.00557984 0.00428156 0.00695619
v 0.00538777 0.00452088 0.00695619
v 0.00518544 0.00475158 0.00695619
v 0.00497325 0.00497325 0.00695619
v 0.00475158 0.00518544 0.00695619
v 0.00452088 0.00538777 0.00695619
v 0.00428156 0.00557984 0.00695619
v 0.00403410 0.00576129 0.00695619
v 0.00377895 0.00593177 0.00695619
v 0.00351662 0.00609096 0.00695619
v 0.00324759 0.00623855 0.00695619
v 0.00297237 0.00637427 0.00695619
v 0.00269150 0.00649786 0.00695619
v 0.00240551 0.00660908 0.00695619
v 0.00211493 0.00670771 0.00695619
v 0.00182033 0.00679358 0.00695619
v 0.00152227 0.00686652 0.00695619
v 0.00122131 0.00692638 0.00695619
v 0.00091802 0.00697306 0.00695619
v 0.00061299 0.00700647 0.00695619
v 0.00030679 0.00702654 0.00695619
v 0.00000000 0.00703323 0.00695619
v -0.00030679 0.00702654 0.00695619
v -0.00061299 0.00700647 0.00695619
v -0.00091802 0.00697306 0.00695619
v -0.00122131 0.00692638 0.00695619
v -0.00152227 0.00686652 0.00695619
v -0.00182033 0.00679358 0.00695619
v -0.00211493 0.00670771 0.00695619
v -0.00240551 0.00660908 0.00695619
v -0.00269150 0.00649786 0.00695619
v -0.00297237 0.00637427 0.00695619
v -0.00324759 0.00623855 0.00695619
v -0.00351662 0.00609096 0.00695619
v -0.00377895 0.00593177 0.00695619
v -0.00403410 0.00576129 0.00695619
v -0.00428156 0.00557984 0.00695619
v -0.00452088 0.00538777 0.00695619
v -0.00475158 0.00518544 0.00695619
v -0.00497325 0.00497325 0.00695619
v -0.00518544 0.00475158 0.00695619
v -0.00538777 0.00452088 0.00695619
v -0.00557984 0.00428156 0.00695619
v -0.00576129 0.00403410 0.00695619
v -0.00593177 0.00377895 0.00695619
v -0.00609096 0.00351662 0.00695619
v -0.00623855 0.00324759 0.00695619
v -0.00637427 0.00297237 0.00695619
v -0.00649786 0.00269150 0.00695619
v -0.00660908 0.00240551 0.00695619
v -0.00670771 0.00211493 0.00695619
v -0.00679358 0.00182033 0.00695619
v -0.00686652 0.00152227 0.00695619
v -0.00692638 0.00122131 0.00695619
v -0.00697306 0.00091802 0.00695619
v -0.00700647 0.00061299 0.00695619
v -0.00702654 0.00030679 0.00695619
v -0.00703323 0.00000000 0.00695619
v -0.00702654 -0.00030679 0.00695619
v -0.00700647 -0.00061299 0.00695619
v -0.00697306 -0.00091802 0.00695619
v -0.00692638 -0.00122131 0.00695619
v -0.00686652 -0.00152227 0.00695619
v -0.00679358 -0.00182033 0.00695619
v -0.00670771 -0.00211493 0.00695619
v -0.00660908 -0.00240551 0.00695619
v -0.00649786 -0.00269150 0.00695619
v -0.00637427 -0.00297237 0.00695619
v -0.00623855 -0.00324759 0.00695619
v -0.00609096 -0.00351662 0.00695619
v -0.00593177 -0.00377895 0.00695619
v -0.00576129 -0.00403410 0.00695619
v -0.00557984 -0.00428156 0.00695619
v -0.00538777 -0.00452088 0.00695619
v -0.00518544 -0.00475158 0.00695619
v -0.00497325 -0.00497325 0.00695619
v -0.00475158 -0.00518544 0.00695619
v -0.00452088 -0.00538777 0.00695619
v -0.00428156 -0.00557984 0.00695619
v -0.00403410 -0.00576129 0.00695619
v -0.00377895 -0.00593177 0.00695619
v -0.00351662 -0.00609096 0.00695619
v -0.00324759 -0.00623855 0.00695619
v -0.00297237 -0.00637427 0.00695619
v -0.00269150 -0.00649786 0.00695619
v -0.00240551 -0.00660908 0.00695619
v -0.00211493 -0.00670771 0.00695619
v -0.00182033 -0.00679358 0.00695619
v -0.00152227 -0.00686652 0.00695619
v -0.00122131 -0.00692638 0.00695619
v -0.00091802 -0.00697306 0.00695619
v -0.00061299 -0.00700647 0.00695619
v -0.00030679 -0.00702654 0.00695619
v -0.00000000 -0.00703323 0.00695619
v 0.00030679 -0.00702654 0.00695619
v 0.00061299 -0.00700647 0.00695619
v 0.00091802 -0.00697306 0.00695619
v 0.00122131 -0.00692638 0.00695619
v 0.00152227 -0.00686652 0.00695619
v 0.00182033 -0.00679358 0.00695619
v 0.00211493 -0.00670771 0.00695619
v 0.00240551 -0.00660908 0.00695619
v 0.00269150 -0.00649786 0.00695619
v 0.00297237 -0.00637427 0.00695619
v 0.00324759 -0.00623855 0.00695619
v 0.00351662 -0.00609096 0.00695619
v 0.00377895 -0.00593177 0.00695619
v 0.00403410 -0.00576129 0.00695619
v 0.00428156 -0.00557984 0.00695619
v 0.00452088 -0.00538777 0.00695619
v 0.00475158 -0.00518544 0.00695619
v 0.00497325 -0.00497325 0.00695619
v 0.00518544 -0.00475158 0.00695619
v 0.00538777 -0.00452088 0.00695619
v 0.00557984 -0.00428156 0.00695619
v 0.00576129 -0.00403410 0.00695619
v 0.00593177 -0.00377895 0.00695619
v 0.00609096 -0.00351662 0.00695619
v 0.00623855 -0.00324759 0.00695619
v 0.00637427 -0.00297237 0.00695619
v 0.00649786 -0.00269150 0.00695619
v 0.00660908 -0.00240551 0.00695619
v 0.00670771 -0.00211493 0.00695619
v 0.00679358 -0.00182033 0.00695619
v 0.00686652 -0.00152227 0.00695619
v 0.00692638 -0.00122131 0.00695619
v 0.00697306 -0.00091802 0.00695619
v 0.00700647 -0.00061299 0.00695619
v 0.00702654 -0.00030679 0.00695619
v 0.00703323 0.00000000 0.00695619
v 0.00716295 0.00031274 0.00678606
v 0.00714249 0.00062489 0.00678606
v 0.00710844 0.00093584 0.00678606
v 0.00706085 0.00124502 0.00678606
v 0.00699983 0.00155182 0.00678606
v 0.00692547 0.00185568 0.00678606
v 0.00683794 0.00215599 0.00678606
v 0.00673739 0.00245221 0.00678606
v 0.00662401 0.00274376 0.00678606
v 0.00649803 0.00303008 0.00678606
v 0.00635967 0.00331063 0.00678606
v 0.00620921 0.00358489 0.00678606
v 0.00604693 0.00385232 0.00678606
v 0.00587314 0.00411242 0.00678606
v 0.00568817 0.00436468 0.00678606
v 0.00549237 0.00460864 0.00678606
v 0.00528611 0.00484383 0.00678606
v 0.00506980 0.00506980 0.00678606
v 0.00484383 0.00528611 0.00678606
v 0.00460864 0.00549237 0.00678606
v 0.00436468 0.00568817 0.00678606
v 0.00411242 0.00587314 0.00678606
v 0.00385232 0.00604693 0.00678606
v 0.00358489 0.00620921 0.00678606
v 0.00331063 0.00635967 0.00678606
v 0.00303008 0.00649803 0.00678606
v 0.00274376 0.00662401 0.00678606
v 0.00245221 0.00673739 0.00678606
v 0.00215599 0.00683794 0.00678606
v 0.00185568 0.00692547 0.00678606
v 0.00155182 0.00699983 0.00678606
v 0.00124502 0.00706085 0.00678606
v 0.00093584 0.00710844 0.00678606
v 0.00062489 0.00714249 0.00678606
v 0.00031274 0.00716295 0.00678606
v 0.00000000 0.00716978 0.00678606
v -0.00031274 0.00716295 0.00678606
v -0.00062489 0.00714249 0.00678606
v -0.00093584 0.00710844 0.00678606
v -0.00124502 0.00706085 0.00678606
v -0.00155182 0.00699983 0.00678606
v -0.00185568 0.00692547 0.00678606
v -0.00215599 0.00683794 0.00678606
v -0.00245221 0.00673739 0.00678606
v -0.00274376 0.00662401 0.00678606
v -0.00303008 0.00649803 0.00678606
v -0.00331063 0.00635967 0.00678606
v -0.00358489 0.00620921 0.00678606
v -0.00385232 0.00604693 0.00678606
v -0.00411242 0.00587314 0.00678606
v -0.00436468 0.00568817 0.00678606
v -0.00460864 0.00549237 0.00678606
v -0.00484383 0.00528611 0.00678606
v -0.00506980 0.00506980 0.00678606
v -0.00528611 0.00484383 0.00678606
v -0.00549237 0.00460864 0.00678606
v -0.00568817 0.00436468 0.00678606
v -0.00587314 0.00411242 0.00678606
v -0.00604693 0.00385232 0.00678606
v -0.00620921 0.00358489 0.00678606
v -0.00635967 0.00331063 0.00678606
v -0.00649803 0.00303008 0.00678606
v -0.00662401 0.00274376 0.00678606
v -0.00673739 0.00245221 0.00678606
v -0.00683794 0.00215599 0.00678606
v -0.00692547 0.00185568 0.00678606
v -0.00699983 0.00155182 0.00678606
v -0.00706085 0.00124502 0.00678606
v -0.00710844 0.00093584 0.00678606
v -0.00714249 0.00062489 0.00678606
v -0.00716295 0.00031274 0.00678606
v -0.00716978 0.00000000 0.00678606
v -0.00716295 -0.00031274 0.00678606
v -0.00714249 -0.00062489 0.00678606
v -0.00710844 -0.00093584 0.00678606
v -0.00706085 -0.00124502 0.00678606
v -0.00699983 -0.00155182 0.00678606
v -0.00692547 -0.00185568 0.00678606
v -0.00683794 -0.00215599 0.00678606
v -0.00673739 -0.00245221 0.00678606
v -0.00662401 -0.00274376 0.00678606
v -0.00649803 -0.00303008 0.00678606
v -0.00635967 -0.00331063 0.00678606
v -0.00620921 -0.00358489 0.00678606
v -0.00604693 -0.00385232 0.00678606
v -0.00587314 -0.00411242 0.00678606
v -0.00568817 -0.00436468 0.00678606
v -0.00549237 -0.00460864 0.00678606
v -0.00528611 -0.00484383 0.00678606
v -0.00506980 -0.00506980 0.00678606
v -0.00484383 -0.00528611 0.00678606
v -0.00460864 -0.00549237 0.00678606
v -0.00436468 -0.00568817 0.00678606
v -0.00411242 -0.00587314 0.00678606
v -0.00385232 -0.00604693 0.00678606
v -0.00358489 -0.00620921 0.00678606
v -0.00331063 -0.00635967 0.00678606
v -0.00303008 -0.00649803 0.00678606
v -0.00274376 -0.00662401 0.00678606
v -0.00245221 -0.00673739 0.00678606
v -0.00215599 -0.00683794 0.00678606
v -0.00185568 -0.00692547 0.00678606
v -0.00155182 -0.00699983 0.00678606
v -0.00124502 -0.00706085 0.00678606
v -0.00093584 -0.00710844 0.00678606
v -0.00062489 -0.00714249 0.00678606
v -0.00031274 -0.00716295 0.00678606
v -0.00000000 -0.00716978 0.00678606
v 0.00031274 -0.00716295 0.00678606
v 0.00062489 -0.00714249 0.00678606
v 0.00093584 -0.00710844 0.00678606
v 0.00124502 -0.00706085 0.00678606
v 0.00155182 -0.00699983 0.00678606
v 0.00185568 -0.00692547 0.00678606
v 0.00215599 -0.00683794 0.00678606
v 0.00245221 -0.00673739 0.00678606
v 0.00274376 -0.00662401 0.00678606
v 0.00303008 -0.00649803 0.00678606
v 0.00331063 -0.00635967 0.00678606
v 0.00358489 -0.00620921 0.00678606
v 0.00385232 -0.00604693 0.00678606
v 0.00411242 -0.00587314 0.00678606
v 0.00436468 -0.00568817 0.00678606
v 0.00460864 -0.00549237 0.00678606
v 0.00484383 -0.00528611 0.00678606
v 0.00506980 -0.00506980 0.00678606
v 0.00528611 -0.00484383 0.00678606
v 0.00549237 -0.00460864 0.00678606
v 0.00568817 -0.00436468 0.00678606
v 0.00587314 -0.00411242 0.00678606
v 0.00604693 -0.00385232 0.00678606
v 0.00620921 -0.00358489 0.00678606
v 0.00635967 -0.00331063 0.00678606
v 0.00649803 -0.00303008 0.00678606
v 0.00662401 -0.00274376 0.00678606
v 0.00673739 -0.00245221 0.00678606
v 0.00683794 -0.00215599 0.00678606
v 0.00692547 -0.00185568 0.00678606
v 0.00699983 -0.00155182 0.00678606
v 0.00706085 -0.00124502 0.00678606
v 0.00710844 -0.00093584 0.00678606
v 0.00714249 -0.00062489 0.00678606
v 0.00716295 -0.00031274 0.00678606
v 0.00716978 0.00000000 0.00678606
v 0.00730665 0.00031902 0.00662205
v 0.00728578 0.00063742 0.00662205
v 0.00725104 0.00095462 0.00662205
v 0.00720250 0.00127000 0.00662205
v 0.00714025 0.00158296 0.00662205
v 0.00706441 0.00189290 0.00662205
v 0.00697512 0.00219925 0.00662205
v 0.00687255 0.00250140 0.00662205
v 0.00675690 0.00279880 0.00662205
v 0.00662838 0.00309087 0.00662205
v 0.00648725 0.00337705 0.00662205
v 0.00633377 0.00365681 0.00662205
v 0.00616824 0.00392960 0.00662205
v 0.00599096 0.00419492 0.00662205
v 0.00580228 0.00445225 0.00662205
v 0.00560255 0.00470110 0.00662205
v 0.00539216 0.00494101 0.00662205
v 0.00517151 0.00517151 0.00662205
v 0.00494101 0.00539216 0.00662205
v 0.00470110 0.00560255 0.00662205
v 0.00445225 0.00580228 0.00662205
v 0.00419492 0.00599096 0.00662205
v 0.00392960 0.00616824 0.00662205
v 0.00365681 0.00633377 0.00662205
v 0.00337705 0.00648725 0.00662205
v 0.00309087 0.00662838 0.00662205
v 0.00279880 0.00675690 0.00662205
v 0.00250140 0.00687255 0.00662205
v 0.00219925 0.00697512 0.00662205
v 0.00189290 0.00706441 0.00662205
v 0.00158296 0.00714025 0.00662205
v 0.00127000 0.00720250 0.00662205
v 0.00095462 0.00725104 0.00662205
v 0.00063742 0.00728578 0.00662205
v 0.00031902 0.00730665 0.00662205
v 0.00000000 0.00731361 0.00662205
v -0.00031902 0.00730665 0.00662205
v -0.00063742 0.00728578 0.00662205
v -0.00095462 0.00725104 0.00662205
v -0.00127000 0.00720250 0.00662205
v -0.00158296 0.00714025 0.00662205
v -0.00189290 0.00706441 0.00662205
v -0.00219925 0.00697512 0.00662205
v -0.00250140 0.00687255 0.00662205
v -0.00279880 0.00675690 0.00662205
v -0.00309087 0.00662838 0.00662205
v -0.00337705 0.00648725 0.00662205
v -0.00365681 0.00633377 0.00662205
v -0.00392960 0.00616824 0.00662205
v -0.00419492 0.00599096 0.00662205
v -0.00445225 0.00580228 0.00662205
v -0.00470110 0.00560255 0.00662205
v -0.00494101 0.00539216 0.00662205
v -0.00517151 0.00517151 0.00662205
v -0.00539216 0.00494101 0.00662205
v -0.00560255 0.00470110 0.00662205
v -0.00580228 0.00445225 0.00662205
v -0.00599096 0.00419492 0.00662205
v -0.00616824 0.00392960 0.00662205
v -0.00633377 0.00365681 0.00662205
v -0.00648725 0.00337705 0.00662205
v -0.00662838 0.00309087 0.00662205
v -0.00675690 0.00279880 0.00662205
v -0.00687255 0.00250140 0.00662205
v -0.00697512 0.00219925 0.00662205
v -0.00706441 0.00189290 0.00662205
v -0.00714025 0.00158296 0.00662205
v -0.00720250 0.00127000 0.00662205
v -0.00725104 0.00095462 0.00662205
v -0.00728578 0.00063742 0.00662205
v -0.00730665 0.00031902 0.00662205
v -0.00731361 0.00000000 0.00662205
v -0.00730665 -0.00031902 0.00662205
v -0.00728578 -0.00063742 0.00662205
v -0.00725104 -0.00095462 0.00662205
v -0.00720250 -0.00127000 0.00662205
v -0.00714025 -0.00158296 0.00662205
v -0.00706441 -0.00189290 0.00662205
v -0.00697512 -0.00219925 0.00662205
v -0.00687255 -0.00250140 0.00662205
v -0.00675690 -0.00279880 0.00662205
v -0.00662838 -0.00309087 0.00662205
v -0.00648725 -0.00337705 0.00662205
v -0.00633377 -0.00365681 0.00662205
v -0.00616824 -0.00392960 0.00662205
v -0.00599096 -0.00419492 0.00662205
v -0.00580228 -0.00445225 0.00662205
v -0.00560255 -0.00470110 0.00662205
v -0.00539216 -0.00494101 0.00662205
v -0.00517151 -0.00517151 0.00662205
v -0.00494101 -0.00539216 0.00662205
v -0.00470110 -0.00560255 0.00662205
v -0.00445225 -0.00580228 0.00662205
v -0.00419492 -0.00599096 0.00662205
v -0.00392960 -0.00616824 0.00662205
v -0.00365681 -0.00633377 0.00662205
v -0.00337705 -0.00648725 0.00662205
v -0.00309087 -0.00662838 0.00662205
v -0.00279880 -0.00675690 0.00662205
v -0.00250140 -0.00687255 0.00662205
v -0.00219925 -0.00697512 0.00662205
v -0.00189290 -0.00706441 0.00662205
v -0.00158296 -0.00714025 0.00662205
v -0.00127000 -0.00720250 0.00662205
v -0.00095462 -0.00725104 0.00662205
v -0.00063742 -0.00728578 0.00662205
v -0.00031902 -0.00730665 0.00662205
v -0.00000000 -0.00731361 0.00662205
v 0.00031902 -0.00730665 0.00662205
v 0.00063742 -0.00728578 0.00662205
v 0.00095462 -0.00725104 0.00662205
v 0.00127000 -0.00720250 0.00662205
v 0.00158296 -0.00714025 0.00662205
v 0.00189290 -0.00706441 0.00662205
v 0.00219925 -0.00697512 0.00662205
v 0.00250140 -0.00687255 0.00662205
v 0.00279880 -0.00675690 0.00662205
v 0.00309087 -0.00662838 0.00662205
v 0.00337705 -0.00648725 0.00662205
v 0.00365681 -0.00633377 0.00662205
v 0.00392960 -0.00616824 0.00662205
v 0.00419492 -0.00599096 0.00662205
v 0.00445225 -0.00580228 0.00662205
v 0.00470110 -0.00560255 0.00662205
v 0.00494101 -0.00539216 0.00662205
v 0.00517151 -0.00517151 0.00662205
v 0.00539216 -0.00494101 0.00662205
v 0.00560255 -0.00470110 0.00662205
v 0.00580228 -0.00445225 0.00662205
v 0.00599096 -0.00419492 0.00662205
v 0.00616824 -0.00392960 0.00662205
v 0.00633377 -0.00365681 0.00662205
v 0.00648725 -0.00337705 0.00662205
v 0.00662838 -0.00309087 0.00662205
v 0.00675690 -0.00279880 0.00662205
v 0.00687255 -0.00250140 0.00662205
v 0.00697512 -0.00219925 0.00662205
v 0.00706441 -0.00189290 0.00662205
v 0.00714025 -0.00158296 0.00662205
v 0.00720250 -0.00127000 0.00662205
v 0.00725104 -0.00095462 0.00662205
v 0.00728578 -0.00063742 0.00662205
v 0.00730665 -0.00031902 0.00662205
v 0.00731361 0.00000000 0.00662205
v 0.00745736 0.00032560 0.00646447
v 0.00743606 0.00065057 0.00646447
v 0.00740061 0.00097431 0.00646447
v 0.00735106 0.00129619 0.00646447
v 0.00728753 0.00161561 0.00646447
v 0.00721012 0.00193195 0.00646447
v 0.00711899 0.00224461 0.00646447
v 0.00701430 0.00255300 0.00646447
v 0.00689627 0.00285653 0.00646447
v 0.00676510 0.00315462 0.00646447
v 0.00662106 0.00344671 0.00646447
v 0.00646442 0.00373223 0.00646447
v 0.00629547 0.00401065 0.00646447
v 0.00611453 0.00428144 0.00646447
v 0.00592196 0.00454408 0.00646447
v 0.00571811 0.00479807 0.00646447
v 0.00550338 0.00504292 0.00646447
v 0.00527817 0.00527817 0.00646447
v 0.00504292 0.00550338 0.00646447
v 0.00479807 0.00571811 0.00646447
v 0.00454408 0.00592196 0.00646447
v 0.00428144 0.00611453 0.00646447
v 0.00401065 0.00629547 0.00646447
v 0.00373223 0.00646442 0.00646447
v 0.00344671 0.00662106 0.00646447
v 0.00315462 0.00676510 0.00646447
v 0.00285653 0.00689627 0.00646447
v 0.00255300 0.00701430 0.00646447
v 0.00224461 0.00711899 0.00646447
v 0.00193195 0.00721012 0.00646447
v 0.00161561 0.00728753 0.00646447
v 0.00129619 0.00735106 0.00646447
v 0.00097431 0.00740061 0.00646447
v 0.00065057 0.00743606 0.00646447
v 0.00032560 0.00745736 0.00646447
v 0.00000000 0.00746447 0.00646447
v -0.00032560 0.00745736 0.00646447
v -0.00065057 0.00743606 0.00646447
v -0.00097431 0.00740061 0.00646447
v -0.00129619 0.00735106 0.00646447
v -0.00161561 0.00728753 0.00646447
v -0.00193195 0.00721012 0.00646447
v -0.00224461 0.00711899 0.00646447
v -0.00255300 0.00701430 0.00646447
v -0.00285653 0.00689627 0.00646447
v -0.00315462 0.00676510 0.00646447
v -0.00344671 0.00662106 0.00646447
v -0.00373223 0.00646442 0.00646447
v -0.00401065 0.00629547 0.00646447
v -0.00428144 0.00611453 0.00646447
v -0.00454408 0.00592196 0.00646447
v -0.00479807 0.00571811 0.00646447
v -0.00504292 0.00550338 0.00646447
v -0.00527817 0.00527817 0.00646447
v -0.00550338 0.00504292 0.00646447
v -0.00571811 0.00479807 0.00646447
v -0.00592196 0.00454408 0.00646447
v -0.00611453 0.00428144 0.00646447
v -0.00629547 0.00401065 0.00646447
v -0.00646442 0.00373223 0.00646447
v -0.00662106 0.00344671 0.00646447
v -0.00676510 0.00315462 0.00646447
v -0.00689627 0.00285653 0.00646447
v -0.00701430 0.00255300 0.00646447
v -0.00711899 0.00224461 0.00646447
v -0.00721012 0.00193195 0.00646447
v -0.00728753 0.00161561 0.00646447
v -0.00735106 0.00129619 0.00646447
v -0.00740061 0.00097431 0.00646447
v -0.00743606 0.00065057 0.00646447
v -0.00745736 0.00032560 0.00646447
v -0.00746447 0.00000000 0.00646447
v -0.00745736 -0.00032560 0.00646447
v -0.00743606 -0.00065057 0.00646447
v -0.00740061 -0.00097431 0.00646447
v -0.00735106 -0.00129619 0.00646447
v -0.00728753 -0.00161561 0.00646447
v -0.00721012 -0.00193195 0.00646447
v -0.00711899 -0.00224461 0.00646447
v -0.00701430 -0.00255300 0.00646447
v -0.00689627 -0.00285653 0.00646447
v -0.00676510 -0.00315462 0.00646447
v -0.00662106 -0.00344671 0.00646447
v -0.00646442 -0.00373223 0.00646447
v -0.00629547 -0.00401065 0.00646447
v -0.00611453 -0.00428144 0.00646447
v -0.00592196 -0.00454408 0.00646447
v -0.00571811 -0.00479807 0.00646447
v -0.00550338 -0.00504292 0.00646447
v -0.00527817 -0.00527817 0.00646447
v -0.00504292 -0.00550338 0.00646447
v -0.00479807 -0.00571811 0.00646447
v -0.00454408 -0.00592196 0.00646447
v -0.00428144 -0.00611453 0.00646447
v -0.00401065 -0.00629547 0.00646447
v -0.00373223 -0.00646442 0.00646447
v -0.00344671 -0.00662106 0.00646447
v -0.00315462 -0.00676510 0.00646447
v -0.00285653 -0.00689627 0.00646447
v -0.00255300 -0.00701430 0.00646447
v -0.00224461 -0.00711899 0.00646447
v -0.00193195 -0.00721012 0.00646447
v -0.00161561 -0.00728753 0.00646447
v -0.00129619 -0.00735106 0.00646447
v -0.00097431 -0.00740061 0.00646447
v -0.00065057 -0.00743606 0.00646447
v -0.00032560 -0.00745736 0.00646447
v -0.00000000 -0.00746447 0.00646447
v 0.00032560 -0.00745736 0.00646447
v 0.00065057 -0.00743606 0.00646447
v 0.00097431 -0.00740061 0.00646447
v 0.00129619 -0.00735106 0.00646447
v 0.00161561 -0.00728753 0.00646447
v 0.00193195 -0.00721012 0.00646447
v 0.00224461 -0.00711899 0.00646447
v 0.00255300 -0.00701430 0.00646447
v 0.00285653 -0.00689627 0.00646447
v 0.00315462 -0.00676510 0.00646447
v 0.00344671 -0.00662106 0.00646447
v 0.00373223 -0.00646442 0.00646447
v 0.00401065 -0.00629547 0.00646447
v 0.00428144 -0.00611453 0.00646447
v 0.00454408 -0.00592196 0.00646447
v 0.00479807 -0.00571811 0.00646447
v 0.00504292 -0.00550338 0.00646447
v 0.00527817 -0.00527817 0.00646447
v 0.00550338 -0.00504292 0.00646447
v 0.00571811 -0.00479807 0.00646447
v 0.00592196 -0.00454408 0.00646447
v 0.00611453 -0.00428144 0.00646447
v 0.00629547 -0.00401065 0.00646447
v 0.00646442 -0.00373223 0.00646447
v 0.00662106 -0.00344671 0.00646447
v 0.00676510 -0.00315462 0.00646447
v 0.00689627 -0.00285653 0.00646447
v 0.00701430 -0.00255300 0.00646447
v 0.00711899 -0.00224461 0.00646447
v 0.00721012 -0.00193195 0.00646447
v 0.00728753 -0.00161561 0.00646447
v 0.00735106 -0.00129619 0.00646447
v 0.00740061 -0.00097431 0.00646447
v 0.00743606 -0.00065057 0.00646447
v 0.00745736 -0.00032560 0.00646447
v 0.00746447 0.00000000 0.00646447
v 0.00761479 0.00033247 0.00631361
v 0.00759304 0.00066431 0.00631361
v 0.00755684 0.00099488 0.00631361
v 0.00750625 0.00132355 0.00631361
v 0.00744138 0.00164971 0.00631361
v 0.00736233 0.00197273 0.00631361
v 0.00726928 0.00229199 0.00631361
v 0.00716238 0.00260689 0.00631361
v 0.00704186 0.00291683 0.00631361
v 0.00690792 0.00322122 0.00631361
v 0.00676084 0.00351947 0.00631361
v 0.00660089 0.00381102 0.00631361
v 0.00642837 0.00409532 0.00631361
v 0.00624362 0.00437183 0.00631361
v 0.00604698 0.00464001 0.00631361
v 0.00583883 0.00489936 0.00631361
v 0.00561956 0.00514938 0.00631361
v 0.00538960 0.00538960 0.00631361
v 0.00514938 0.00561956 0.00631361
v 0.00489936 0.00583883 0.00631361
v 0.00464001 0.00604698 0.00631361
v 0.00437183 0.00624362 0.00631361
v 0.00409532 0.00642837 0.00631361
v 0.00381102 0.00660089 0.00631361
v 0.00351947 0.00676084 0.00631361
v 0.00322122 0.00690792 0.00631361
v 0.00291683 0.00704186 0.00631361
v 0.00260689 0.00716238 0.00631361
v 0.00229199 0.00726928 0.00631361
v 0.00197273 0.00736233 0.00631361
v 0.00164971 0.00744138 0.00631361
v 0.00132355 0.00750625 0.00631361
v 0.00099488 0.00755684 0.00631361
v 0.00066431 0.00759304 0.00631361
v 0.00033247 0.00761479 0.00631361
v 0.00000000 0.00762205 0.00631361
v -0.00033247 0.00761479 0.00631361
v -0.00066431 0.00759304 0.00631361
v -0.00099488 0.00755684 0.00631361
v -0.00132355 0.00750625 0.00631361
v -0.00164971 0.00744138 0.00631361
v -0.00197273 0.00736233 0.00631361
v -0.00229199 0.00726928 0.00631361
v -0.00260689 0.00716238 0.00631361
v -0.00291683 0.00704186 0.00631361
v -0.00322122 0.00690792 0.00631361
v -0.00351947 0.00676084 0.00631361
v -0.00381102 0.00660089 0.00631361
v -0.00409532 0.00642837 0.00631361
v -0.00437183 0.00624362 0.00631361
v -0.00464001 0.00604698 0.00631361
v -0.00489936 0.00583883 0.00631361
v -0.00514938 0.00561956 0.00631361
v -0.00538960 0.00538960 0.00631361
v -0.00561956 0.00514938 0.00631361
v -0.00583883 0.00489936 0.00631361
v -0.00604698 0.00464001 0.00631361
v -0.00624362 0.00437183 0.00631361
v -0.00642837 0.00409532 0.00631361
v -0.00660089 0.00381102 0.00631361
v -0.00676084 0.00351947 0.00631361
v -0.00690792 0.00322122 0.00631361
v -0.00704186 0.00291683 0.00631361
v -0.00716238 0.00260689 0.00631361
v -0.00726928 0.00229199 0.00631361
v -0.00736233 0.00197273 0.00631361
v -0.00744138 0.00164971 0.00631361
v -0.00750625 0.00132355 0.00631361
v -0.00755684 0.00099488 0.00631361
v -0.00759304 0.00066431 0.00631361
v -0.00761479 0.00033247 0.00631361
v -0.00762205 0.00000000 0.00631361
v -0.00761479 -0.00033247 0.00631361
v -0.00759304 -0.00066431 0.00631361
v -0.00755684 -0.00099488 0.00631361
v -0.00750625 -0.00132355 0.00631361
v -0.00744138 -0.00164971 0.00631361
v -0.00736233 -0.00197273 0.00631361
v -0.00726928 -0.00229199 0.00631361
v -0.00716238 -0.00260689 0.00631361
v -0.00704186 -0.00291683 0.00631361
v -0.00690792 -0.00322122 0.00631361
v -0.00676084 -0.00351947 0.00631361
v -0.00660089 -0.00381102 0.00631361
v -0.00642837 -0.00409532 0.00631361
v -0.00624362 -0.00437183 0.00631361
v -0.00604698 -0.00464001 0.00631361
v -0.00583883 -0.00489936 0.00631361
v -0.00561956 -0.00514938 0.00631361
v -0.00538960 -0.00538960 0.00631361
v -0.00514938 -0.00561956 0.00631361
v -0.00489936 -0.00583883 0.00631361
v -0.00464001 -0.00604698 0.00631361
v -0.00437183 -0.00624362 0.00631361
v -0.00409532 -0.00642837 0.00631361
v -0.00381102 -0.00660089 0.00631361
v -0.00351947 -0.00676084 0.00631361
v -0.00322122 -0.00690792 0.00631361
v -0.00291683 -0.00704186 0.00631361
v -0.00260689 -0.00716238 0.00631361
v -0.00229199 -0.00726928 0.00631361
v -0.00197273 -0.00736233 0.00631361
v -0.00164971 -0.00744138 0.00631361
v -0.00132355 -0.00750625 0.00631361
v -0.00099488 -0.00755684 0.00631361
v -0.00066431 -0.00759304 0.00631361
v -0.00033247 -0.00761479 0.00631361
v -0.00000000 -0.00762205 0.00631361
v 0.00033247 -0.00761479 0.00631361
v 0.00066431 -0.00759304 0.00631361
v 0.00099488 -0.00755684 0.00631361
v 0.00132355 -0.00750625 0.00631361
v 0.00164971 -0.00744138 0.00631361
v 0.00197273 -0.00736233 0.00631361
v 0.00229199 -0.00726928 0.00631361
v 0.00260689 -0.00716238 0.00631361
v 0.00291683 -0.00704186 0.00631361
v 0.00322122 -0.00690792 0.00631361
v 0.00351947 -0.00676084 0.00631361
v 0.00381102 -0.00660089 0.00631361
v 0.00409532 -0.00642837 0.00631361
v 0.00437183 -0.00624362 0.00631361
v 0.00464001 -0.00604698 0.00631361
v 0.00489936 -0.00583883 0.00631361
v 0.00514938 -0.00561956 0.00631361
v 0.00538960 -0.00538960 0.00631361
v 0.00561956 -0.00514938 0.00631361
v 0.00583883 -0.00489936 0.00631361
v 0.00604698 -0.00464001 0.00631361
v 0.00624362 -0.00437183 0.00631361
v 0.00642837 -0.00409532 0.00631361
v 0.00660089 -0.00381102 0.00631361
v 0.00676084 -0.00351947 0.00631361
v 0.00690792 -0.00322122 0.00631361
v 0.00704186 -0.00291683 0.00631361
v 0.00716238 -0.00260689 0.00631361
v 0.00726928 -0.00229199 0.00631361
v 0.00736233 -0.00197273 0.00631361
v 0.00744138 -0.00164971 0.00631361
v 0.00750625 -0.00132355 0.00631361
v 0.00755684 -0.00099488 0.00631361
v 0.00759304 -0.00066431 0.00631361
v 0.00761479 -0.00033247 0.00631361
v 0.00762205 0.00000000 0.00631361
v 0.00777865 0.00033962 0.00616978
v 0.00775643 0.00067860 0.00616978
v 0.00771945 0.00101629 0.00616978
v 0.00766777 0.00135204 0.00616978
v 0.00760150 0.00168521 0.00616978
v 0.00752076 0.00201518 0.00616978
v 0.00742570 0.00234131 0.00616978
v 0.00731651 0.00266299 0.00616978
v 0.00719338 0.00297960 0.00616978
v 0.00705657 0.00329053 0.00616978
v 0.00690632 0.00359520 0.00616978
v 0.00674293 0.00389303 0.00616978
v 0.00656670 0.00418345 0.00616978
v 0.00637797 0.00446590 0.00616978
v 0.00617710 0.00473985 0.00616978
v 0.00596447 0.00500478 0.00616978
v 0.00574049 0.00526019 0.00616978
v 0.00550558 0.00550558 0.00616978
v 0.00526019 0.00574049 0.00616978
v 0.00500478 0.00596447 0.00616978
v 0.00473985 0.00617710 0.00616978
v 0.00446590 0.00637797 0.00616978
v 0.00418345 0.00656670 0.00616978
v 0.00389303 0.00674293 0.00616978
v 0.00359520 0.00690632 0.00616978
v 0.00329053 0.00705657 0.00616978
v 0.00297960 0.00719338 0.00616978
v 0.00266299 0.00731651 0.00616978
v 0.00234131 0.00742570 0.00616978
v 0.00201518 0.00752076 0.00616978
v 0.00168521 0.00760150 0.00616978
v 0.00135204 0.00766777 0.00616978
v 0.00101629 0.00771945 0.00616978
v 0.00067860 0.00775643 0.00616978
v 0.00033962 0.00777865 0.00616978
v 0.00000000 0.00778606 0.00616978
v -0.00033962 0.00777865 0.00616978
v -0.00067860 0.00775643 0.00616978
v -0.00101629 0.00771945 0.00616978
v -0.00135204 0.00766777 0.00616978
v -0.00168521 0.00760150 0.00616978
v -0.00201518 0.00752076 0.00616978
v -0.00234131 0.00742570 0.00616978
v -0.00266299 0.00731651 0.00616978
v -0.00297960 0.00719338 0.00616978
v -0.00329053 0.00705657 0.00616978
v -0.00359520 0.00690632 0.00616978
v -0.00389303 0.00674293 0.00616978
v -0.00418345 0.00656670 0.00616978
v -0.00446590 0.00637797 0.00616978
v -0.00473985 0.00617710 0.00616978
v -0.00500478 0.00596447 0.00616978
v -0.00526019 0.00574049 0.00616978
v -0.00550558 0.00550558 0.00616978
v -0.00574049 0.00526019 0.00616978
v -0.00596447 0.00500478 0.00616978
v -0.00617710 0.00473985 0.00616978
v -0.00637797 0.00446590 0.00616978
v -0.00656670 0.00418345 0.00616978
v -0.00674293 0.00389303 0.00616978
v -0.00690632 0.00359520 0.00616978
v -0.00705657 0.00329053 0.00616978
v -0.00719338 0.00297960 0.00616978
v -0.00731651 0.00266299 0.00616978
v -0.00742570 0.00234131 0.00616978
v -0.00752076 0.00201518 0.00616978
v -0.00760150 0.00168521 0.00616978
v -0.00766777 0.00135204 0.00616978
v -0.00771945 0.00101629 0.00616978
v -0.00775643 0.00067860 0.00616978
v -0.00777865 0.00033962 0.00616978
v -0.00778606 0.00000000 0.00616978
v -0.00777865 -0.00033962 0.00616978
v -0.00775643 -0.00067860 0.00616978
v -0.00771945 -0.00101629 0.00616978
v -0.00766777 -0.00135204 0.00616978
v -0.00760150 -0.00168521 0.00616978
v -0.00752076 -0.00201518 0.00616978
v -0.00742570 -0.00234131 0.00616978
v -0.00731651 -0.00266299 0.00616978
v -0.00719338 -0.00297960 0.00616978
v -0.00705657 -0.00329053 0.00616978
v -0.00690632 -0.00359520 0.00616978
v -0.00674293 -0.00389303 0.00616978
v -0.00656670 -0.00418345 0.00616978
v -0.00637797 -0.00446590 0.00616978
v -0.00617710 -0.00473985 0.00616978
v -0.00596447 -0.00500478 0.00616978
v -0.00574049 -0.00526019 0.00616978
v -0.00550558 -0.00550558 0.00616978
v -0.00526019 -0.00574049 0.00616978
v -0.00500478 -0.00596447 0.00616978
v -0.00473985 -0.00617710 0.00616978
v -0.00446590 -0.00637797 0.00616978
v -0.00418345 -0.00656670 0.00616978
v -0.00389303 -0.00674293 0.00616978
v -0.00359520 -0.00690632 0.00616978
v -0.00329053 -0.00705657 0.00616978
v -0.00297960 -0.00719338 0.00616978
v -0.00266299 -0.00731651 0.00616978
v -0.00234131 -0.00742570 0.00616978
v -0.00201518 -0.00752076 0.00616978
v -0.00168521 -0.00760150 0.00616978
v -0.00135204 -0.00766777 0.00616978
v -0.00101629 -0.00771945 0.00616978
v -0.00067860 -0.00775643 0.00616978
v -0.00033962 -0.00777865 0.00616978
v -0.00000000 -0.00778606 0.00616978
v 0.00033962 -0.00777865 0.00616978
v 0.00067860 -0.00775643 0.00616978
v 0.00101629 -0.00771945 0.00616978
v 0.00135204 -0.00766777 0.00616978
v 0.00168521 -0.00760150 0.00616978
v 0.00201518 -0.00752076 0.00616978
v 0.00234131 -0.00742570 0.00616978
v 0.00266299 -0.00731651 0.00616978
v 0.00297960 -0.00719338 0.00616978
v 0.00329053 -0.00705657 0.00616978
v 0.00359520 -0.00690632 0.00616978
v 0.00389303 -0.00674293 0.00616978
v 0.00418345 -0.00656670 0.00616978
v 0.00446590 -0.00637797 0.00616978
v 0.00473985 -0.00617710 0.00616978
v 0.00500478 -0.00596447 0.00616978
v 0.00526019 -0.00574049 0.00616978
v 0.00550558 -0.00550558 0.00616978
v 0.00574049 -0.00526019 0.00616978
v 0.00596447 -0.00500478 0.00616978
v 0.00617710 -0.00473985 0.00616978
v 0.00637797 -0.00446590 0.00616978
v 0.00656670 -0.00418345 0.00616978
v 0.00674293 -0.00389303 0.00616978
v 0.00690632 -0.00359520 0.00616978
v 0.00705657 -0.00329053 0.00616978
v 0.00719338 -0.00297960 0.00616978
v 0.00731651 -0.00266299 0.00616978
v 0.00742570 -0.00234131 0.00616978
v 0.00752076 -0.00201518 0.00616978
v 0.00760150 -0.00168521 0.00616978
v 0.00766777 -0.00135204 0.00616978
v 0.00771945 -0.00101629 0.00616978
v 0.00775643 -0.00067860 0.00616978
v 0.00777865 -0.00033962 0.00616978
v 0.00778606 0.00000000 0.00616978
v 0.00794862 0.00034704 0.00603323
v 0.00792592 0.00069343 0.00603323
v 0.00788813 0.00103849 0.00603323
v 0.00783532 0.00138158 0.00603323
v 0.00776760 0.00172204 0.00603323
v 0.00768509 0.00205921 0.00603323
v 0.00758796 0.00239247 0.00603323
v 0.00747638 0.00272118 0.00603323
v 0.00735056 0.00304470 0.00603323
v 0.00721076 0.00336243 0.00603323
v 0.00705723 0.00367376 0.00603323
v 0.00689027 0.00397810 0.00603323
v 0.00671019 0.00427486 0.00603323
v 0.00651733 0.00456348 0.00603323
v 0.00631207 0.00484342 0.00603323
v 0.00609480 0.00511414 0.00603323
v 0.00586592 0.00537513 0.00603323
v 0.00562588 0.00562588 0.00603323
v 0.00537513 0.00586592 0.00603323
v 0.00511414 0.00609480 0.00603323
v 0.00484342 0.00631207 0.00603323
v 0.00456348 0.00651733 0.00603323
v 0.00427486 0.00671019 0.00603323
v 0.00397810 0.00689027 0.00603323
v 0.00367376 0.00705723 0.00603323
v 0.00336243 0.00721076 0.00603323
v 0.00304470 0.00735056 0.00603323
v 0.00272118 0.00747638 0.00603323
v 0.00239247 0.00758796 0.00603323
v 0.00205921 0.00768509 0.00603323
v 0.00172204 0.00776760 0.00603323
v 0.00138158 0.00783532 0.00603323
v 0.00103849 0.00788813 0.00603323
v 0.00069343 0.00792592 0.00603323
v 0.00034704 0.00794862 0.00603323
v 0.00000000 0.00795619 0.00603323
v -0.00034704 0.00794862 0.00603323
v -0.00069343 0.00792592 0.00603323
v -0.00103849 0.00788813 0.00603323
v -0.00138158 0.00783532 0.00603323
v -0.00172204 0.00776760 0.00603323
v -0.00205921 0.00768509 0.00603323
v -0.00239247 0.00758796 0.00603323
v -0.00272118 0.00747638 0.00603323
v -0.00304470 0.00735056 0.00603323
v -0.00336243 0.00721076 0.00603323
v -0.00367376 0.00705723 0.00603323
v -0.00397810 0.00689027 0.00603323
v -0.00427486 0.00671019 0.00603323
v -0.00456348 0.00651733 0.00603323
v -0.00484342 0.00631207 0.00603323
v -0.00511414 0.00609480 0.00603323
v -0.00537513 0.00586592 0.00603323
v -0.00562588 0.00562588 0.00603323
v -0.00586592 0.00537513 0.00603323
v -0.00609480 0.00511414 0.00603323
v -0.00631207 0.00484342 0.00603323
v -0.00651733 0.00456348 0.00603323
v -0.00671019 0.00427486 0.00603323
v -0.00689027 0.00397810 0.00603323
v -0.00705723 0.00367376 0.00603323
v -0.00721076 0.00336243 0.00603323
v -0.00735056 0.00304470 0.00603323
v -0.00747638 0.00272118 0.00603323
v -0.00758796 0.00239247 0.00603323
v -0.00768509 0.00205921 0.00603323
v -0.00776760 0.00172204 0.00603323
v -0.00783532 0.00138158 0.00603323
v -0.00788813 0.00103849 0.00603323
v -0.00792592 0.00069343 0.00603323
v -0.00794862 0.00034704 0.00603323
v -0.00795619 0.00000000 0.00603323
v -0.00794862 -0.00034704 0.00603323
v -0.00792592 -0.00069343 0.00603323
v -0.00788813 -0.00103849 0.00603323
v -0.00783532 -0.00138158 0.00603323
v -0.00776760 -0.00172204 0.00603323
v -0.00768509 -0.00205921 0.00603323
v -0.00758796 -0.00239247 0.00603323
v -0.00747638 -0.00272118 0.00603323
v -0.00735056 -0.00304470 0.00603323
v -0.00721076 -0.00336243 0.00603323
v -0.00705723 -0.00367376 0.00603323
v -0.00689027 -0.00397810 0.00603323
v -0.00671019 -0.00427486 0.00603323
v -0.00651733 -0.00456348 0.00603323
v -0.00631207 -0.00484342 0.00603323
v -0.00609480 -0.00511414 0.00603323
v -0.00586592 -0.00537513 0.00603323
v -0.00562588 -0.00562588 0.00603323
v -0.00537513 -0.00586592 0.00603323
v -0.00511414 -0.00609480 0.00603323
v -0.00484342 -0.00631207 0.00603323
v -0.00456348 -0.00651733 0.00603323
v -0.00427486 -0.00671019 0.00603323
v -0.00397810 -0.00689027 0.00603323
v -0.00367376 -0.00705723 0.00603323
v -0.00336243 -0.00721076 0.00603323
v -0.00304470 -0.00735056 0.00603323
v -0.00272118 -0.00747638 0.00603323
v -0.00239247 -0.00758796 0.00603323
v -0.00205921 -0.00768509 0.00603323
v -0.00172204 -0.00776760 0.00603323
v -0.00138158 -0.00783532 0.00603323
v -0.00103849 -0.00788813 0.00603323
v -0.00069343 -0.00792592 0.00603323
v -0.00034704 -0.00794862 0.00603323
v -0.00000000 -0.00795619 0.00603323
v 0.00034704 -0.00794862 0.00603323
v 0.00069343 -0.00792592 0.00603323
v 0.00103849 -0.00788813 0.00603323
v 0.00138158 -0.00783532 0.00603323
v 0.00172204 -0.00776760 0.00603323
v 0.00205921 -0.00768509 0.00603323
v 0.00239247 -0.00758796 0.00603323
v 0.00272118 -0.00747638 0.00603323
v 0.00304470 -0.00735056 0.00603323
v 0.00336243 -0.00721076 0.00603323
v 0.00367376 -0.00705723 0.00603323
v 0.00397810 -0.00689027 0.00603323
v 0.00427486 -0.00671019 0.00603323
v 0.00456348 -0.00651733 0.00603323
v 0.00484342 -0.00631207 0.00603323
v 0.00511414 -0.00609480 0.00603323
v 0.00537513 -0.00586592 0.00603323
v 0.00562588 -0.00562588 0.00603323
v 0.00586592 -0.00537513 0.00603323
v 0.00609480 -0.00511414 0.00603323
v 0.00631207 -0.00484342 0.00603323
v 0.00651733 -0.00456348 0.00603323
v 0.00671019 -0.00427486 0.00603323
v 0.00689027 -0.00397810 0.00603323
v 0.00705723 -0.00367376 0.00603323
v 0.00721076 -0.00336243 0.00603323
v 0.00735056 -0.00304470 0.00603323
v 0.00747638 -0.00272118 0.00603323
v 0.00758796 -0.00239247 0.00603323
v 0.00768509 -0.00205921 0.00603323
v 0.00776760 -0.00172204 0.00603323
v 0.00783532 -0.00138158 0.00603323
v 0.00788813 -0.00103849 0.00603323
v 0.00792592 -0.00069343 0.00603323
v 0.00794862 -0.00034704 0.00603323
v 0.00795619 0.00000000 0.00603323
v 0.00812438 0.00035472 0.00590424
v 0.00810117 0.00070876 0.00590424
v 0.00806255 0.00106145 0.00590424
v 0.00800857 0.00141213 0.00590424
v 0.00793935 0.00176011 0.00590424
v 0.00785502 0.00210475 0.00590424
v 0.00775574 0.00244538 0.00590424
v 0.00764169 0.00278135 0.00590424
v 0.00751310 0.00311203 0.00590424
v 0.00737020 0.00343678 0.00590424
v 0.00721328 0.00375499 0.00590424
v 0.00704262 0.00406606 0.00590424
v 0.00685856 0.00436938 0.00590424
v 0.00666144 0.00466439 0.00590424
v 0.00645164 0.00495052 0.00590424
v 0.00622956 0.00522722 0.00590424
v 0.00599563 0.00549398 0.00590424
v 0.00575028 0.00575028 0.00590424
v 0.00549398 0.00599563 0.00590424
v 0.00522722 0.00622956 0.00590424
v 0.00495052 0.00645164 0.00590424
v 0.00466439 0.00666144 0.00590424
v 0.00436938 0.00685856 0.00590424
v 0.00406606 0.00704262 0.00590424
v 0.00375499 0.00721328 0.00590424
v 0.00343678 0.00737020 0.00590424
v 0.00311203 0.00751310 0.00590424
v 0.00278135 0.00764169 0.00590424
v 0.00244538 0.00775574 0.00590424
v 0.00210475 0.00785502 0.00590424
v 0.00176011 0.00793935 0.00590424
v 0.00141213 0.00800857 0.00590424
v 0.00106145 0.00806255 0.00590424
v 0.00070876 0.00810117 0.00590424
v 0.00035472 0.00812438 0.00590424
v 0.00000000 0.00813212 0.00590424
v -0.00035472 0.00812438 0.00590424
v -0.00070876 0.00810117 0.00590424
v -0.00106145 0.00806255 0.00590424
v -0.00141213 0.00800857 0.00590424
v -0.00176011 0.00793935 0.00590424
v -0.00210475 0.00785502 0.00590424
v -0.00244538 0.00775574 0.00590424
v -0.00278135 0.00764169 0.00590424
v -0.00311203 0.00751310 0.00590424
v -0.00343678 0.00737020 0.00590424
v -0.00375499 0.00721328 0.00590424
v -0.00406606 0.00704262 0.00590424
v -0.00436938 0.00685856 0.00590424
v -0.00466439 0.00666144 0.00590424
v -0.00495052 0.00645164 0.00590424
v -0.00522722 0.00622956 0.00590424
v -0.00549398 0.00599563 0.00590424
v -0.00575028 0.00575028 0.00590424
v -0.00599563 0.00549398 0.00590424
v -0.00622956 0.00522722 0.00590424
v -0.00645164 0.00495052 0.00590424
v -0.00666144 0.00466439 0.00590424
v -0.00685856 0.00436938 0.00590424
v -0.00704262 0.00406606 0.00590424
v -0.00721328 0.00375499 0.00590424
v -0.00737020 0.00343678 0.00590424
v -0.00751310 0.00311203 0.00590424
v -0.00764169 0.00278135 0.00590424
v -0.00775574 0.00244538 0.00590424
v -0.00785502 0.00210475 0.00590424
v -0.00793935 0.00176011 0.00590424
v -0.00800857 0.00141213 0.00590424
v -0.00806255 0.00106145 0.00590424
v -0.00810117 0.00070876 0.00590424
v -0.00812438 0.00035472 0.00590424
v -0.00813212 0.00000000 0.00590424
v -0.00812438 -0.00035472 0.00590424
v -0.00810117 -0.00070876 0.00590424
v -0.00806255 -0.00106145 0.00590424
v -0.00800857 -0.00141213 0.00590424
v -0.00793935 -0.00176011 0.00590424
v -0.00785502 -0.00210475 0.00590424
v -0.00775574 -0.00244538 0.00590424
v -0.00764169 -0.00278135 0.00590424
v -0.00751310 -0.00311203 0.00590424
v -0.00737020 -0.00343678 0.00590424
v -0.00721328 -0.00375499 0.00590424
v -0.00704262 -0.00406606 0.00590424
v -0.00685856 -0.00436938 0.00590424
v -0.00666144 -0.00466439 0.00590424
v -0.00645164 -0.00495052 0.00590424
v -0.00622956 -0.00522722 0.00590424
v -0.00599563 -0.00549398 0.00590424
v -0.00575028 -0.00575028 0.00590424
v -0.00549398 -0.00599563 0.00590424
v -0.00522722 -0.00622956 0.00590424
v -0.00495052 -0.00645164 0.00590424
v -0.00466439 -0.00666144 0.00590424
v -0.00436938 -0.00685856 0.00590424
v -0.00406606 -0.00704262 0.00590424
v -0.00375499 -0.00721328 0.00590424
v -0.00343678 -0.00737020 0.00590424
v -0.00311203 -0.00751310 0.00590424
v -0.00278135 -0.00764169 0.00590424
v -0.00244538 -0.00775574 0.00590424
v -0.00210475 -0.00785502 0.00590424
v -0.00176011 -0.00793935 0.00590424
v -0.00141213 -0.00800857 0.00590424
v -0.00106145 -0.00806255 0.00590424
v -0.00070876 -0.00810117 0.00590424
v -0.00035472 -0.00812438 0.00590424
v -0.00000000 -0.00813212 0.00590424
v 0.00035472 -0.00812438 0.00590424
v 0.00070876 -0.00810117 0.00590424
v 0.00106145 -0.00806255 0.00590424
v 0.00141213 -0.00800857 0.00590424
v 0.00176011 -0.00793935 0.00590424
v 0.00210475 -0.00785502 0.00590424
v 0.00244538 -0.00775574 0.00590424
v 0.00278135 -0.00764169 0.00590424
v 0.00311203 -0.00751310 0.00590424
v 0.00343678 -0.00737020 0.00590424
v 0.00375499 -0.00721328 0.00590424
v 0.00406606 -0.00704262 0.00590424
v 0.00436938 -0.00685856 0.00590424
v 0.00466439 -0.00666144 0.00590424
v 0.00495052 -0.00645164 0.00590424
v 0.00522722 -0.00622956 0.00590424
v 0.00549398 -0.00599563 0.00590424
v 0.00575028 -0.00575028 0.00590424
v 0.00599563 -0.00549398 0.00590424
v 0.00622956 -0.00522722 0.00590424
v 0.00645164 -0.00495052 0.00590424
v 0.00666144 -0.00466439 0.00590424
v 0.00685856 -0.00436938 0.00590424
v 0.00704262 -0.00406606 0.00590424
v 0.00721328 -0.00375499 0.00590424
v 0.00737020 -0.00343678 0.00590424
v 0.00751310 -0.00311203 0.00590424
v 0.00764169 -0.00278135 0.00590424
v 0.00775574 -0.00244538 0.00590424
v 0.00785502 -0.00210475 0.00590424
v 0.00793935 -0.00176011 0.00590424
v 0.00800857 -0.00141213 0.00590424
v 0.00806255 -0.00106145 0.00590424
v 0.00810117 -0.00070876 0.00590424
v 0.00812438 -0.00035472 0.00590424
v 0.00813212 0.00000000 0.00590424
v 0.00830559 0.00036263 0.00578304
v 0.00828187 0.00072457 0.00578304
v 0.00824238 0.00108513 0.00578304
v 0.00818720 0.00144362 0.00578304
v 0.00811644 0.00179937 0.00578304
v 0.00803023 0.00215169 0.00578304
v 0.00792873 0.00249992 0.00578304
v 0.00781214 0.00284339 0.00578304
v 0.00768067 0.00318144 0.00578304
v 0.00753459 0.00351344 0.00578304
v 0.00737417 0.00383875 0.00578304
v 0.00719970 0.00415675 0.00578304
v 0.00701154 0.00446684 0.00578304
v 0.00681002 0.00476843 0.00578304
v 0.00659554 0.00506094 0.00578304
v 0.00636851 0.00534382 0.00578304
v 0.00612936 0.00561652 0.00578304
v 0.00587853 0.00587853 0.00578304
v 0.00561652 0.00612936 0.00578304
v 0.00534382 0.00636851 0.00578304
v 0.00506094 0.00659554 0.00578304
v 0.00476843 0.00681002 0.00578304
v 0.00446684 0.00701154 0.00578304
v 0.00415675 0.00719970 0.00578304
v 0.00383875 0.00737417 0.00578304
v 0.00351344 0.00753459 0.00578304
v 0.00318144 0.00768067 0.00578304
v 0.00284339 0.00781214 0.00578304
v 0.00249992 0.00792873 0.00578304
v 0.00215169 0.00803023 0.00578304
v 0.00179937 0.00811644 0.00578304
v 0.00144362 0.00818720 0.00578304
v 0.00108513 0.00824238 0.00578304
v 0.00072457 0.00828187 0.00578304
v 0.00036263 0.00830559 0.00578304
v 0.00000000 0.00831350 0.00578304
v -0.00036263 0.00830559 0.00578304
v -0.00072457 0.00828187 0.00578304
v -0.00108513 0.00824238 0.00578304
v -0.00144362 0.00818720 0.00578304
v -0.00179937 0.00811644 0.00578304
v -0.00215169 0.00803023 0.00578304
v -0.00249992 0.00792873 0.00578304
v -0.00284339 0.00781214 0.00578304
v -0.00318144 0.00768067 0.00578304
v -0.00351344 0.00753459 0.00578304
v -0.00383875 0.00737417 0.00578304
v -0.00415675 0.00719970 0.00578304
v -0.00446684 0.00701154 0.00578304
v -0.00476843 0.00681002 0.00578304
v -0.00506094 0.00659554 0.00578304
v -0.00534382 0.00636851 0.00578304
v -0.00561652 0.00612936 0.00578304
v -0.00587853 0.00587853 0.00578304
v -0.00612936 0.00561652 0.00578304
v -0.00636851 0.00534382 0.00578304
v -0.00659554 0.00506094 0.00578304
v -0.00681002 0.00476843 0.00578304
v -0.00701154 0.00446684 0.00578304
v -0.00719970 0.00415675 0.00578304
v -0.00737417 0.00383875 0.00578304
v -0.00753459 0.00351344 0.00578304
v -0.00768067 0.00318144 0.00578304
v -0.00781214 0.00284339 0.00578304
v -0.00792873 0.00249992 0.00578304
v -0.00803023 0.00215169 0.00578304
v -0.00811644 0.00179937 0.00578304
v -0.00818720 0.00144362 0.00578304
v -0.00824238 0.00108513 0.00578304
v -0.00828187 0.00072457 0.00578304
v -0.00830559 0.00036263 0.00578304
v -0.00831350 0.00000000 0.00578304
v -0.00830559 -0.00036263 0.00578304
v -0.00828187 -0.00072457 0.00578304
v -0.00824238 -0.00108513 0.00578304
v -0.00818720 -0.00144362 0.00578304
v -0.00811644 -0.00179937 0.00578304
v -0.00803023 -0.00215169 0.00578304
v -0.00792873 -0.00249992 0.00578304
v -0.00781214 -0.00284339 0.00578304
v -0.00768067 -0.00318144 0.00578304
v -0.00753459 -0.00351344 0.00578304
v -0.00737417 -0.00383875 0.00578304
v -0.00719970 -0.00415675 0.00578304
v -0.00701154 -0.00446684 0.00578304
v -0.00681002 -0.00476843 0.00578304
v -0.00659554 -0.00506094 0.00578304
v -0.00636851 -0.00534382 0.00578304
v -0.00612936 -0.00561652 0.00578304
v -0.00587853 -0.00587853 0.00578304
v -0.00561652 -0.00612936 0.00578304
v -0.00534382 -0.00636851 0.00578304
v -0.00506094 -0.00659554 0.00578304
v -0.00476843 -0.00681002 0.00578304
v -0.00446684 -0.00701154 0.00578304
v -0.00415675 -0.00719970 0.00578304
v -0.00383875 -0.00737417 0.00578304
v -0.00351344 -0.00753459 0.00578304
v -0.00318144 -0.00768067 0.00578304
v -0.00284339 -0.00781214 0.00578304
v -0.00249992 -0.00792873 0.00578304
v -0.00215169 -0.00803023 0.00578304
v -0.00179937 -0.00811644 0.00578304
v -0.00144362 -0.00818720 0.00578304
v -0.00108513 -0.00824238 0.00578304
v -0.00072457 -0.00828187 0.00578304
v -0.00036263 -0.00830559 0.00578304
v -0.00000000 -0.00831350 0.00578304
v 0.00036263 -0.00830559 0.00578304
v 0.00072457 -0.00828187 0.00578304
v 0.00108513 -0.00824238 0.00578304
v 0.00144362 -0.00818720 0.00578304
v 0.00179937 -0.00811644 0.00578304
v 0.00215169 -0.00803023 0.00578304
v 0.00249992 -0.00792873 0.00578304
v 0.00284339 -0.00781214 0.00578304
v 0.00318144 -0.00768067 0.00578304
v 0.00351344 -0.00753459 0.00578304
v 0.00383875 -0.00737417 0.00578304
v 0.00415675 -0.00719970 0.00578304
v 0.00446684 -0.00701154 0.00578304
v 0.00476843 -0.00681002 0.00578304
v 0.00506094 -0.00659554 0.00578304
v 0.00534382 -0.00636851 0.00578304
v 0.00561652 -0.00612936 0.00578304
v 0.00587853 -0.00587853 0.00578304
v 0.00612936 -0.00561652 0.00578304
v 0.00636851 -0.00534382 0.00578304
v 0.00659554 -0.00506094 0.00578304
v 0.00681002 -0.00476843 0.00578304
v 0.00701154 -0.00446684 0.00578304
v 0.00719970 -0.00415675 0.00578304
v 0.00737417 -0.00383875 0.00578304
v 0.00753459 -0.00351344 0.00578304
v 0.00768067 -0.00318144 0.00578304
v 0.00781214 -0.00284339 0.00578304
v 0.00792873 -0.00249992 0.00578304
v 0.00803023 -0.00215169 0.00578304
v 0.00811644 -0.00179937 0.00578304
v 0.00818720 -0.00144362 0.00578304
v 0.00824238 -0.00108513 0.00578304
v 0.00828187 -0.00072457 0.00578304
v 0.00830559 -0.00036263 0.00578304
v 0.00831350 0.00000000 0.00578304
v 0.00849191 0.00037076 0.00566987
v 0.00846765 0.00074082 0.00566987
v 0.00842728 0.00110947 0.00566987
v 0.00837087 0.00147601 0.00566987
v 0.00829852 0.00183974 0.00566987
v 0.00821037 0.00219996 0.00566987
v 0.00810659 0.00255600 0.00566987
v 0.00798739 0.00290717 0.00566987
v 0.00785298 0.00325281 0.00566987
v 0.00770362 0.00359226 0.00566987
v 0.00753959 0.00392486 0.00566987
v 0.00736122 0.00425000 0.00566987
v 0.00716883 0.00456705 0.00566987
v 0.00696279 0.00487540 0.00566987
v 0.00674350 0.00517447 0.00566987
v 0.00651138 0.00546369 0.00566987
v 0.00626686 0.00574252 0.00566987
v 0.00601041 0.00601041 0.00566987
v 0.00574252 0.00626686 0.00566987
v 0.00546369 0.00651138 0.00566987
v 0.00517447 0.00674350 0.00566987
v 0.00487540 0.00696279 0.00566987
v 0.00456705 0.00716883 0.00566987
v 0.00425000 0.00736122 0.00566987
v 0.00392486 0.00753959 0.00566987
v 0.00359226 0.00770362 0.00566987
v 0.00325281 0.00785298 0.00566987
v 0.00290717 0.00798739 0.00566987
v 0.00255600 0.00810659 0.00566987
v 0.00219996 0.00821037 0.00566987
v 0.00183974 0.00829852 0.00566987
v 0.00147601 0.00837087 0.00566987
v 0.00110947 0.00842728 0.00566987
v 0.00074082 0.00846765 0.00566987
v 0.00037076 0.00849191 0.00566987
v 0.00000000 0.00850000 0.00566987
v -0.00037076 0.00849191 0.00566987
v -0.00074082 0.00846765 0.00566987
v -0.00110947 0.00842728 0.00566987
v -0.00147601 0.00837087 0.00566987
v -0.00183974 0.00829852 0.00566987
v -0.00219996 0.00821037 0.00566987
v -0.00255600 0.00810659 0.00566987
v -0.00290717 0.00798739 0.00566987
v -0.00325281 0.00785298 0.00566987
v -0.00359226 0.00770362 0.00566987
v -0.00392486 0.00753959 0.00566987
v -0.00425000 0.00736122 0.00566987
v -0.00456705 0.00716883 0.00566987
v -0.00487540 0.00696279 0.00566987
v -0.00517447 0.00674350 0.00566987
v -0.00546369 0.00651138 0.00566987
v -0.00574252 0.00626686 0.00566987
v -0.00601041 0.00601041 0.00566987
v -0.00626686 0.00574252 0.00566987
v -0.00651138 0.00546369 0.00566987
v -0.00674350 0.00517447 0.00566987
v -0.00696279 0.00487540 0.00566987
v -0.00716883 0.00456705 0.00566987
v -0.00736122 0.00425000 0.00566987
v -0.00753959 0.00392486 0.00566987
v -0.00770362 0.00359226 0.00566987
v -0.00785298 0.00325281 0.00566987
v -0.00798739 0.00290717 0.00566987
v -0.00810659 0.00255600 0.00566987
v -0.00821037 0.00219996 0.00566987
v -0.00829852 0.00183974 0.00566987
v -0.00837087 0.00147601 0.00566987
v -0.00842728 0.00110947 0.00566987
v -0.00846765 0.00074082 0.00566987
v -0.00849191 0.00037076 0.00566987
v -0.00850000 0.00000000 0.00566987
v -0.00849191 -0.00037076 0.00566987
v -0.00846765 -0.00074082 0.00566987
v -0.00842728 -0.00110947 0.00566987
v -0.00837087 -0.00147601 0.00566987
v -0.00829852 -0.00183974 0.00566987
v -0.00821037 -0.00219996 0.00566987
v -0.00810659 -0.00255600 0.00566987
v -0.00798739 -0.00290717 0.00566987
v -0.00785298 -0.00325281 0.00566987
v -0.00770362 -0.00359226 0.00566987
v -0.00753959 -0.00392486 0.00566987
v -0.00736122 -0.00425000 0.00566987
v -0.00716883 -0.00456705 0.00566987
v -0.00696279 -0.00487540 0.00566987
v -0.00674350 -0.00517447 0.00566987
v -0.00651138 -0.00546369 0.00566987
v -0.00626686 -0.00574252 0.00566987
v -0.00601041 -0.00601041 0.00566987
v -0.00574252 -0.00626686 0.00566987
v -0.00546369 -0.00651138 0.00566987
v -0.00517447 -0.00674350 0.00566987
v -0.00487540 -0.00696279 0.00566987
v -0.00456705 -0.00716883 0.00566987
v -0.00425000 -0.00736122 0.00566987
v -0.00392486 -0.00753959 0.00566987
v -0.00359226 -0.00770362 0.00566987
v -0.00325281 -0.00785298 0.00566987
v -0.00290717 -0.00798739 0.00566987
v -0.00255600 -0.00810659 0.00566987
v -0.00219996 -0.00821037 0.00566987
v -0.00183974 -0.00829852 0.00566987
v -0.00147601 -0.00837087 0.00566987
v -0.00110947 -0.00842728 0.00566987
v -0.00074082 -0.00846765 0.00566987
v -0.00037076 -0.00849191 0.00566987
v -0.00000000 -0.00850000 0.00566987
v 0.00037076 -0.00849191 0.00566987
v 0.00074082 -0.00846765 0.00566987
v 0.00110947 -0.00842728 0.00566987
v 0.00147601 -0.00837087 0.00566987
v 0.00183974 -0.00829852 0.00566987
v 0.00219996 -0.00821037 0.00566987
v 0.00255600 -0.00810659 0.00566987
v 0.00290717 -0.00798739 0.00566987
v 0.00325281 -0.00785298 0.00566987
v 0.00359226 -0.00770362 0.00566987
v 0.00392486 -0.00753959 0.00566987
v 0.00425000 -0.00736122 0.00566987
v 0.00456705 -0.00716883 0.00566987
v 0.00487540 -0.00696279 0.00566987
v 0.00517447 -0.00674350 0.00566987
v 0.00546369 -0.00651138 0.00566987
v 0.00574252 -0.00626686 0.00566987
v 0.00601041 -0.00601041 0.00566987
v 0.00626686 -0.00574252 0.00566987
v 0.00651138 -0.00546369 0.00566987
v 0.00674350 -0.00517447 0.00566987
v 0.00696279 -0.00487540 0.00566987
v 0.00716883 -0.00456705 0.00566987
v 0.00736122 -0.00425000 0.00566987
v 0.00753959 -0.00392486 0.00566987
v 0.00770362 -0.00359226 0.00566987
v 0.00785298 -0.00325281 0.00566987
v 0.00798739 -0.00290717 0.00566987
v 0.00810659 -0.00255600 0.00566987
v 0.00821037 -0.00219996 0.00566987
v 0.00829852 -0.00183974 0.00566987
v 0.00837087 -0.00147601 0.00566987
v 0.00842728 -0.00110947 0.00566987
v 0.00846765 -0.00074082 0.00566987
v 0.00849191 -0.00037076 0.00566987
v 0.00850000 0.00000000 0.00566987
v 0.00868298 0.00037911 0.00556495
v 0.00865818 0.00075749 0.00556495
v 0.00861690 0.00113444 0.00556495
v 0.00855922 0.00150922 0.00556495
v 0.00848524 0.00188113 0.00556495
v 0.00839511 0.00224946 0.00556495
v 0.00828900 0.00261351 0.00556495
v 0.00816711 0.00297258 0.00556495
v 0.00802967 0.00332600 0.00556495
v 0.00787695 0.00367308 0.00556495
v 0.00770924 0.00401318 0.00556495
v 0.00752685 0.00434563 0.00556495
v 0.00733013 0.00466981 0.00556495
v 0.00711946 0.00498510 0.00556495
v 0.00689524 0.00529090 0.00556495
v 0.00665789 0.00558663 0.00556495
v 0.00640787 0.00587173 0.00556495
v 0.00614565 0.00614565 0.00556495
v 0.00587173 0.00640787 0.00556495
v 0.00558663 0.00665789 0.00556495
v 0.00529090 0.00689524 0.00556495
v 0.00498510 0.00711946 0.00556495
v 0.00466981 0.00733013 0.00556495
v 0.00434563 0.00752685 0.00556495
v 0.00401318 0.00770924 0.00556495
v 0.00367308 0.00787695 0.00556495
v 0.00332600 0.00802967 0.00556495
v 0.00297258 0.00816711 0.00556495
v 0.00261351 0.00828900 0.00556495
v 0.00224946 0.00839511 0.00556495
v 0.00188113 0.00848524 0.00556495
v 0.00150922 0.00855922 0.00556495
v 0.00113444 0.00861690 0.00556495
v 0.00075749 0.00865818 0.00556495
v 0.00037911 0.00868298 0.00556495
v 0.00000000 0.00869126 0.00556495
v -0.00037911 0.00868298 0.00556495
v -0.00075749 0.00865818 0.00556495
v -0.00113444 0.00861690 0.00556495
v -0.00150922 0.00855922 0.00556495
v -0.00188113 0.00848524 0.00556495
v -0.00224946 0.00839511 0.00556495
v -0.00261351 0.00828900 0.00556495
v -0.00297258 0.00816711 0.00556495
v -0.00332600 0.00802967 0.00556495
v -0.00367308 0.00787695 0.00556495
v -0.00401318 0.00770924 0.00556495
v -0.00434563 0.00752685 0.00556495
v -0.00466981 0.00733013 0.00556495
v -0.00498510 0.00711946 0.00556495
v -0.00529090 0.00689524 0.00556495
v -0.00558663 0.00665789 0.00556495
v -0.00587173 0.00640787 0.00556495
v -0.00614565 0.00614565 0.00556495
v -0.00640787 0.00587173 0.00556495
v -0.00665789 0.00558663 0.00556495
v -0.00689524 0.00529090 0.00556495
v -0.00711946 0.00498510 0.00556495
v -0.00733013 0.00466981 0.00556495
v -0.00752685 0.00434563 0.00556495
v -0.00770924 0.00401318 0.00556495
v -0.00787695 0.00367308 0.00556495
v -0.00802967 0.00332600 0.00556495
v -0.00816711 0.00297258 0.00556495
v -0.00828900 0.00261351 0.00556495
v -0.00839511 0.00224946 0.00556495
v -0.00848524 0.00188113 0.00556495
v -0.00855922 0.00150922 0.00556495
v -0.00861690 0.00113444 0.00556495
v -0.00865818 0.00075749 0.00556495
v -0.00868298 0.00037911 0.00556495
v -0.00869126 0.00000000 0.00556495
v -0.00868298 -0.00037911 0.00556495
v -0.00865818 -0.00075749 0.00556495
v -0.00861690 -0.00113444 0.00556495
v -0.00855922 -0.00150922 0.00556495
v -0.00848524 -0.00188113 0.00556495
v -0.00839511 -0.00224946 0.00556495
v -0.00828900 -0.00261351 0.00556495
v -0.00816711 -0.00297258 0.00556495
v -0.00802967 -0.00332600 0.00556495
v -0.00787695 -0.00367308 0.00556495
v -0.00770924 -0.00401318 0.00556495
v -0.00752685 -0.00434563 0.00556495
v -0.00733013 -0.00466981 0.00556495
v -0.00711946 -0.00498510 0.00556495
v -0.00689524 -0.00529090 0.00556495
v -0.00665789 -0.00558663 0.00556495
v -0.00640787 -0.00587173 0.00556495
v -0.00614565 -0.00614565 0.00556495
v -0.00587173 -0.00640787 0.00556495
v -0.00558663 -0.00665789 0.00556495
v -0.00529090 -0.00689524 0.00556495
v -0.00498510 -0.00711946 0.00556495
v -0.00466981 -0.00733013 0.00556495
v -0.00434563 -0.00752685 0.00556495
v -0.00401318 -0.00770924 0.00556495
v -0.00367308 -0.00787695 0.00556495
v -0.00332600 -0.00802967 0.00556495
v -0.00297258 -0.00816711 0.00556495
v -0.00261351 -0.00828900 0.00556495
v -0.00224946 -0.00839511 0.00556495
v -0.00188113 -0.00848524 0.00556495
v -0.00150922 -0.00855922 0.00556495
v -0.00113444 -0.00861690 0.00556495
v -0.00075749 -0.00865818 0.00556495
v -0.00037911 -0.00868298 0.00556495
v -0.00000000 -0.00869126 0.00556495
v 0.00037911 -0.00868298 0.00556495
v 0.00075749 -0.00865818 0.00556495
v 0.00113444 -0.00861690 0.00556495
v 0.00150922 -0.00855922 0.00556495
v 0.00188113 -0.00848524 0.00556495
v 0.00224946 -0.00839511 0.00556495
v 0.00261351 -0.00828900 0.00556495
v 0.00297258 -0.00816711 0.00556495
v 0.00332600 -0.00802967 0.00556495
v 0.00367308 -0.00787695 0.00556495
v 0.00401318 -0.00770924 0.00556495
v 0.00434563 -0.00752685 0.00556495
v 0.00466981 -0.00733013 0.00556495
v 0.00498510 -0.00711946 0.00556495
v 0.00529090 -0.00689524 0.00556495
v 0.00558663 -0.00665789 0.00556495
v 0.00587173 -0.00640787 0.00556495
v 0.00614565 -0.00614565 0.00556495
v 0.00640787 -0.00587173 0.00556495
v 0.00665789 -0.00558663 0.00556495
v 0.00689524 -0.00529090 0.00556495
v 0.00711946 -0.00498510 0.00556495
v 0.00733013 -0.00466981 0.00556495
v 0.00752685 -0.00434563 0.00556495
v 0.00770924 -0.00401318 0.00556495
v 0.00787695 -0.00367308 0.00556495
v 0.00802967 -0.00332600 0.00556495
v 0.00816711 -0.00297258 0.00556495
v 0.00828900 -0.00261351 0.00556495
v 0.00839511 -0.00224946 0.00556495
v 0.00848524 -0.00188113 0.00556495
v 0.00855922 -0.00150922 0.00556495
v 0.00861690 -0.00113444 0.00556495
v 0.00865818 -0.00075749 0.00556495
v 0.00868298 -0.00037911 0.00556495
v 0.00869126 0.00000000 0.00556495
v 0.00887845 0.00038764 0.00546846
v 0.00885309 0.00077455 0.00546846
v 0.00881088 0.00115997 0.00546846
v 0.00875190 0.00154320 0.00546846
v 0.00867625 0.00192348 0.00546846
v 0.00858409 0.00230010 0.00546846
v 0.00847560 0.00267234 0.00546846
v 0.00835096 0.00303950 0.00546846
v 0.00821043 0.00340087 0.00546846
v 0.00805427 0.00375577 0.00546846
v 0.00788278 0.00410352 0.00546846
v 0.00769629 0.00444345 0.00546846
v 0.00749514 0.00477493 0.00546846
v 0.00727973 0.00509732 0.00546846
v 0.00705046 0.00541001 0.00546846
v 0.00680777 0.00571239 0.00546846
v 0.00655212 0.00600391 0.00546846
v 0.00628399 0.00628399 0.00546846
v 0.00600391 0.00655212 0.00546846
v 0.00571239 0.00680777 0.00546846
v 0.00541001 0.00705046 0.00546846
v 0.00509732 0.00727973 0.00546846
v 0.00477493 0.00749514 0.00546846
v 0.00444345 0.00769629 0.00546846
v 0.00410352 0.00788278 0.00546846
v 0.00375577 0.00805427 0.00546846
v 0.00340087 0.00821043 0.00546846
v 0.00303950 0.00835096 0.00546846
v 0.00267234 0.00847560 0.00546846
v 0.00230010 0.00858409 0.00546846
v 0.00192348 0.00867625 0.00546846
v 0.00154320 0.00875190 0.00546846
v 0.00115997 0.00881088 0.00546846
v 0.00077455 0.00885309 0.00546846
v 0.00038764 0.00887845 0.00546846
v 0.00000000 0.00888691 0.00546846
v -0.00038764 0.00887845 0.00546846
v -0.00077455 0.00885309 0.00546846
v -0.00115997 0.00881088 0.00546846
v -0.00154320 0.00875190 0.00546846
v -0.00192348 0.00867625 0.00546846
v -0.00230010 0.00858409 0.00546846
v -0.00267234 0.00847560 0.00546846
v -0.00303950 0.00835096 0.00546846
v -0.00340087 0.00821043 0.00546846
v -0.00375577 0.00805427 0.00546846
v -0.00410352 0.00788278 0.00546846
v -0.00444345 0.00769629 0.00546846
v -0.00477493 0.00749514 0.00546846
v -0.00509732 0.00727973 0.00546846
v -0.00541001 0.00705046 0.00546846
v -0.00571239 0.00680777 0.00546846
v -0.00600391 0.00655212 0.00546846
v -0.00628399 0.00628399 0.00546846
v -0.00655212 0.00600391 0.00546846
v -0.00680777 0.00571239 0.00546846
v -0.00705046 0.00541001 0.00546846
v -0.00727973 0.00509732 0.00546846
v -0.00749514 0.00477493 0.00546846
v -0.00769629 0.00444345 0.00546846
v -0.00788278 0.00410352 0.00546846
v -0.00805427 0.00375577 0.00546846
v -0.00821043 0.00340087 0.00546846
v -0.00835096 0.00303950 0.00546846
v -0.00847560 0.00267234 0.00546846
v -0.00858409 0.00230010 0.00546846
v -0.00867625 0.00192348 0.00546846
v -0.00875190 0.00154320 0.00546846
v -0.00881088 0.00115997 0.00546846
v -0.00885309 0.00077455 0.00546846
v -0.00887845 0.00038764 0.00546846
v -0.00888691 0.00000000 0.00546846
v -0.00887845 -0.00038764 0.00546846
v -0.00885309 -0.00077455 0.00546846
v -0.00881088 -0.00115997 0.00546846
v -0.00875190 -0.00154320 0.00546846
v -0.00867625 -0.00192348 0.00546846
v -0.00858409 -0.00230010 0.00546846
v -0.00847560 -0.00267234 0.00546846
v -0.00835096 -0.00303950 0.00546846
v -0.00821043 -0.00340087 0.00546846
v -0.00805427 -0.00375577 0.00546846
v -0.00788278 -0.00410352 0.00546846
v -0.00769629 -0.00444345 0.00546846
v -0.00749514 -0.00477493 0.00546846
v -0.00727973 -0.00509732 0.00546846
v -0.00705046 -0.00541001 0.00546846
v -0.00680777 -0.00571239 0.00546846
v -0.00655212 -0.00600391 0.00546846
v -0.00628399 -0.00628399 0.00546846
v -0.00600391 -0.00655212 0.00546846
v -0.00571239 -0.00680777 0.00546846
v -0.00541001 -0.00705046 0.00546846
v -0.00509732 -0.00727973 0.00546846
v -0.00477493 -0.00749514 0.00546846
v -0.00444345 -0.00769629 0.00546846
v -0.00410352 -0.00788278 0.00546846
v -0.00375577 -0.00805427 0.00546846
v -0.00340087 -0.00821043 0.00546846
v -0.00303950 -0.00835096 0.00546846
v -0.00267234 -0.00847560 0.00546846
v -0.00230010 -0.00858409 0.00546846
v -0.00192348 -0.00867625 0.00546846
v -0.00154320 -0.00875190 0.00546846
v -0.00115997 -0.00881088 0.00546846
v -0.00077455 -0.00885309 0.00546846
v -0.00038764 -0.00887845 0.00546846
v -0.00000000 -0.00888691 0.00546846
v 0.00038764 -0.00887845 0.00546846
v 0.00077455 -0.00885309 0.00546846
v 0.00115997 -0.00881088 0.00546846
v 0.00154320 -0.00875190 0.00546846
v 0.00192348 -0.00867625 0.00546846
v 0.00230010 -0.00858409 0.00546846
v 0.00267234 -0.00847560 0.00546846
v 0.00303950 -0.00835096 0.00546846
v 0.00340087 -0.00821043 0.00546846
v 0.00375577 -0.00805427 0.00546846
v 0.00410352 -0.00788278 0.00546846
v 0.00444345 -0.00769629 0.00546846
v 0.00477493 -0.00749514 0.00546846
v 0.00509732 -0.00727973 0.00546846
v 0.00541001 -0.00705046 0.00546846
v 0.00571239 -0.00680777 0.00546846
v 0.00600391 -0.00655212 0.00546846
v 0.00628399 -0.00628399 0.00546846
v 0.00655212 -0.00600391 0.00546846
v 0.00680777 -0.00571239 0.00546846
v 0.00705046 -0.00541001 0.00546846
v 0.00727973 -0.00509732 0.00546846
v 0.00749514 -0.00477493 0.00546846
v 0.00769629 -0.00444345 0.00546846
v 0.00788278 -0.00410352 0.00546846
v 0.00805427 -0.00375577 0.00546846
v 0.00821043 -0.00340087 0.00546846
v 0.00835096 -0.00303950 0.00546846
v 0.00847560 -0.00267234 0.00546846
v 0.00858409 -0.00230010 0.00546846
v 0.00867625 -0.00192348 0.00546846
v 0.00875190 -0.00154320 0.00546846
v 0.00881088 -0.00115997 0.00546846
v 0.00885309 -0.00077455 0.00546846
v 0.00887845 -0.00038764 0.00546846
v 0.00888691 0.00000000 0.00546846
v 0.00907793 0.00039635 0.00538060
v 0.00905201 0.00079195 0.00538060
v 0.00900885 0.00118604 0.00538060
v 0.00894854 0.00157787 0.00538060
v 0.00887119 0.00196670 0.00538060
v 0.00877696 0.00235178 0.00538060
v 0.00866603 0.00273239 0.00538060
v 0.00853859 0.00310779 0.00538060
v 0.00839491 0.00347728 0.00538060
v 0.00823524 0.00384016 0.00538060
v 0.00805990 0.00419572 0.00538060
v 0.00786921 0.00454329 0.00538060
v 0.00766355 0.00488222 0.00538060
v 0.00744329 0.00521185 0.00538060
v 0.00720887 0.00553156 0.00538060
v 0.00696073 0.00584074 0.00538060
v 0.00669933 0.00613881 0.00538060
v 0.00642518 0.00642518 0.00538060
v 0.00613881 0.00669933 0.00538060
v 0.00584074 0.00696073 0.00538060
v 0.00553156 0.00720887 0.00538060
v 0.00521185 0.00744329 0.00538060
v 0.00488222 0.00766355 0.00538060
v 0.00454329 0.00786921 0.00538060
v 0.00419572 0.00805990 0.00538060
v 0.00384016 0.00823524 0.00538060
v 0.00347728 0.00839491 0.00538060
v 0.00310779 0.00853859 0.00538060
v 0.00273239 0.00866603 0.00538060
v 0.00235178 0.00877696 0.00538060
v 0.00196670 0.00887119 0.00538060
v 0.00157787 0.00894854 0.00538060
v 0.00118604 0.00900885 0.00538060
v 0.00079195 0.00905201 0.00538060
v 0.00039635 0.00907793 0.00538060
v 0.00000000 0.00908658 0.00538060
v -0.00039635 0.00907793 0.00538060
v -0.00079195 0.00905201 0.00538060
v -0.00118604 0.00900885 0.00538060
v -0.00157787 0.00894854 0.00538060
v -0.00196670 0.00887119 0.00538060
v -0.00235178 0.00877696 0.00538060
v -0.00273239 0.00866603 0.00538060
v -0.00310779 0.00853859 0.00538060
v -0.00347728 0.00839491 0.00538060
v -0.00384016 0.00823524 0.00538060
v -0.00419572 0.00805990 0.00538060
v -0.00454329 0.00786921 0.00538060
v -0.00488222 0.00766355 0.00538060
v -0.00521185 0.00744329 0.00538060
v -0.00553156 0.00720887 0.00538060
v -0.00584074 0.00696073 0.00538060
v -0.00613881 0.00669933 0.00538060
v -0.00642518 0.00642518 0.00538060
v -0.00669933 0.00613881 0.00538060
v -0.00696073 0.00584074 0.00538060
v -0.00720887 0.00553156 0.00538060
v -0.00744329 0.00521185 0.00538060
v -0.00766355 0.00488222 0.00538060
v -0.00786921 0.00454329 0.00538060
v -0.00805990 0.00419572 0.00538060
v -0.00823524 0.00384016 0.00538060
v -0.00839491 0.00347728 0.00538060
v -0.00853859 0.00310779 0.00538060
v -0.00866603 0.00273239 0.00538060
v -0.00877696 0.00235178 0.00538060
v -0.00887119 0.00196670 0.00538060
v -0.00894854 0.00157787 0.00538060
v -0.00900885 0.00118604 0.00538060
v -0.00905201 0.00079195 0.00538060
v -0.00907793 0.00039635 0.00538060
v -0.00908658 0.00000000 0.00538060
v -0.00907793 -0.00039635 0.00538060
v -0.00905201 -0.00079195 0.00538060
v -0.00900885 -0.00118604 0.00538060
v -0.00894854 -0.00157787 0.00538060
v -0.00887119 -0.00196670 0.00538060
v -0.00877696 -0.00235178 0.00538060
v -0.00866603 -0.00273239 0.00538060
v -0.00853859 -0.00310779 0.00538060
v -0.00839491 -0.00347728 0.00538060
v -0.00823524 -0.00384016 0.00538060
v -0.00805990 -0.00419572 0.00538060
v -0.00786921 -0.00454329 0.00538060
v -0.00766355 -0.00488222 0.00538060
v -0.00744329 -0.00521185 0.00538060
v -0.00720887 -0.00553156 0.00538060
v -0.00696073 -0.00584074 0.00538060
v -0.00669933 -0.00613881 0.00538060
v -0.00642518 -0.00642518 0.00538060
v -0.00613881 -0.00669933 0.00538060
v -0.00584074 -0.00696073 0.00538060
v -0.00553156 -0.00720887 0.00538060
v -0.00521185 -0.00744329 0.00538060
v -0.00488222 -0.00766355 0.00538060
v -0.00454329 -0.00786921 0.00538060
v -0.00419572 -0.00805990 0.00538060
v -0.00384016 -0.00823524 0.00538060
v -0.00347728 -0.00839491 0.00538060
v -0.00310779 -0.00853859 0.00538060
v -0.00273239 -0.00866603 0.00538060
v -0.00235178 -0.00877696 0.00538060
v -0.00196670 -0.00887119 0.00538060
v -0.00157787 -0.00894854 0.00538060
v -0.00118604 -0.00900885 0.00538060
v -0.00079195 -0.00905201 0.00538060
v -0.00039635 -0.00907793 0.00538060
v -0.00000000 -0.00908658 0.00538060
v 0.00039635 -0.00907793 0.00538060
v 0.00079195 -0.00905201 0.00538060
v 0.00118604 -0.00900885 0.00538060
v 0.00157787 -0.00894854 0.00538060
v 0.00196670 -0.00887119 0.00538060
v 0.00235178 -0.00877696 0.00538060
v 0.00273239 -0.00866603 0.00538060
v 0.00310779 -0.00853859 0.00538060
v 0.00347728 -0.00839491 0.00538060
v 0.00384016 -0.00823524 0.00538060
v 0.00419572 -0.00805990 0.00538060
v 0.00454329 -0.00786921 0.00538060
v 0.00488222 -0.00766355 0.00538060
v 0.00521185 -0.00744329 0.00538060
v 0.00553156 -0.00720887 0.00538060
v 0.00584074 -0.00696073 0.00538060
v 0.00613881 -0.00669933 0.00538060
v 0.00642518 -0.00642518 0.00538060
v 0.00669933 -0.00613881 0.00538060
v 0.00696073 -0.00584074 0.00538060
v 0.00720887 -0.00553156 0.00538060
v 0.00744329 -0.00521185 0.00538060
v 0.00766355 -0.00488222 0.00538060
v 0.00786921 -0.00454329 0.00538060
v 0.00805990 -0.00419572 0.00538060
v 0.00823524 -0.00384016 0.00538060
v 0.00839491 -0.00347728 0.00538060
v 0.00853859 -0.00310779 0.00538060
v 0.00866603 -0.00273239 0.00538060
v 0.00877696 -0.00235178 0.00538060
v 0.00887119 -0.00196670 0.00538060
v 0.00894854 -0.00157787 0.00538060
v 0.00900885 -0.00118604 0.00538060
v 0.00905201 -0.00079195 0.00538060
v 0.00907793 -0.00039635 0.00538060
v 0.00908658 0.00000000 0.00538060
v 0.00928106 0.00040522 0.00530154
v 0.00925455 0.00080967 0.00530154
v 0.00921042 0.00121258 0.00530154
v 0.00914876 0.00161317 0.00530154
v 0.00906969 0.00201070 0.00530154
v 0.00897335 0.00240440 0.00530154
v 0.00885993 0.00279353 0.00530154
v 0.00872965 0.00317733 0.00530154
v 0.00858275 0.00355509 0.00530154
v 0.00841951 0.00392608 0.00530154
v 0.00824024 0.00428960 0.00530154
v 0.00804529 0.00464495 0.00530154
v 0.00783502 0.00499146 0.00530154
v 0.00760984 0.00532847 0.00530154
v 0.00737017 0.00565533 0.00530154
v 0.00711648 0.00597143 0.00530154
v 0.00684923 0.00627617 0.00530154
v 0.00656895 0.00656895 0.00530154
v 0.00627617 0.00684923 0.00530154
v 0.00597143 0.00711648 0.00530154
v 0.00565533 0.00737017 0.00530154
v 0.00532847 0.00760984 0.00530154
v 0.00499146 0.00783502 0.00530154
v 0.00464495 0.00804529 0.00530154
v 0.00428960 0.00824024 0.00530154
v 0.00392608 0.00841951 0.00530154
v 0.00355509 0.00858275 0.00530154
v 0.00317733 0.00872965 0.00530154
v 0.00279353 0.00885993 0.00530154
v 0.00240440 0.00897335 0.00530154
v 0.00201070 0.00906969 0.00530154
v 0.00161317 0.00914876 0.00530154
v 0.00121258 0.00921042 0.00530154
v 0.00080967 0.00925455 0.00530154
v 0.00040522 0.00928106 0.00530154
v 0.00000000 0.00928990 0.00530154
v -0.00040522 0.00928106 0.00530154
v -0.00080967 0.00925455 0.00530154
v -0.00121258 0.00921042 0.00530154
v -0.00161317 0.00914876 0.00530154
v -0.00201070 0.00906969 0.00530154
v -0.00240440 0.00897335 0.00530154
v -0.00279353 0.00885993 0.00530154
v -0.00317733 0.00872965 0.00530154
v -0.00355509 0.00858275 0.00530154
v -0.00392608 0.00841951 0.00530154
v -0.00428960 0.00824024 0.00530154
v -0.00464495 0.00804529 0.00530154
v -0.00499146 0.00783502 0.00530154
v -0.00532847 0.00760984 0.00530154
v -0.00565533 0.00737017 0.00530154
v -0.00597143 0.00711648 0.00530154
v -0.00627617 0.00684923 0.00530154
v -0.00656895 0.00656895 0.00530154
v -0.00684923 0.00627617 0.00530154
v -0.00711648 0.00597143 0.00530154
v -0.00737017 0.00565533 0.00530154
v -0.00760984 0.00532847 0.00530154
v -0.00783502 0.00499146 0.00530154
v -0.00804529 0.00464495 0.00530154
v -0.00824024 0.00428960 0.00530154
v -0.00841951 0.00392608 0.00530154
v -0.00858275 0.00355509 0.00530154
v -0.00872965 0.00317733 0.00530154
v -0.00885993 0.00279353 0.00530154
v -0.00897335 0.00240440 0.00530154
v -0.00906969 0.00201070 0.00530154
v -0.00914876 0.00161317 0.00530154
v -0.00921042 0.00121258 0.00530154
v -0.00925455 0.00080967 0.00530154
v -0.00928106 0.00040522 0.00530154
v -0.00928990 0.00000000 0.00530154
v -0.00928106 -0.00040522 0.00530154
v -0.00925455 -0.00080967 0.00530154
v -0.00921042 -0.00121258 0.00530154
v -0.00914876 -0.00161317 0.00530154
v -0.00906969 -0.00201070 0.00530154
v -0.00897335 -0.00240440 0.00530154
v -0.00885993 -0.00279353 0.00530154
v -0.00872965 -0.00317733 0.00530154
v -0.00858275 -0.00355509 0.00530154
v -0.00841951 -0.00392608 0.00530154
v -0.00824024 -0.00428960 0.00530154
v -0.00804529 -0.00464495 0.00530154
v -0.00783502 -0.00499146 0.00530154
v -0.00760984 -0.00532847 0.00530154
v -0.00737017 -0.00565533 0.00530154
v -0.00711648 -0.00597143 0.00530154
v -0.00684923 -0.00627617 0.00530154
v -0.00656895 -0.00656895 0.00530154
v -0.00627617 -0.00684923 0.00530154
v -0.00597143 -0.00711648 0.00530154
v -0.00565533 -0.00737017 0.00530154
v -0.00532847 -0.00760984 0.00530154
v -0.00499146 -0.00783502 0.00530154
v -0.00464495 -0.00804529 0.00530154
v -0.00428960 -0.00824024 0.00530154
v -0.00392608 -0.00841951 0.00530154
v -0.00355509 -0.00858275 0.00530154
v -0.00317733 -0.00872965 0.00530154
v -0.00279353 -0.00885993 0.00530154
v -0.00240440 -0.00897335 0.00530154
v -0.00201070 -0.00906969 0.00530154
v -0.00161317 -0.00914876 0.00530154
v -0.00121258 -0.00921042 0.00530154
v -0.00080967 -0.00925455 0.00530154
v -0.00040522 -0.00928106 0.00530154
v -0.00000000 -0.00928990 0.00530154
v 0.00040522 -0.00928106 0.00530154
v 0.00080967 -0.00925455 0.00530154
v 0.00121258 -0.00921042 0.00530154
v 0.00161317 -0.00914876 0.00530154
v 0.00201070 -0.00906969 0.00530154
v 0.00240440 -0.00897335 0.00530154
v 0.00279353 -0.00885993 0.00530154
v 0.00317733 -0.00872965 0.00530154
v 0.00355509 -0.00858275 0.00530154
v 0.00392608 -0.00841951 0.00530154
v 0.00428960 -0.00824024 0.00530154
v 0.00464495 -0.00804529 0.00530154
v 0.00499146 -0.00783502 0.00530154
v 0.00532847 -0.00760984 0.00530154
v 0.00565533 -0.00737017 0.00530154
v 0.00597143 -0.00711648 0.00530154
v 0.00627617 -0.00684923 0.00530154
v 0.00656895 -0.00656895 0.00530154
v 0.00684923 -0.00627617 0.00530154
v 0.00711648 -0.00597143 0.00530154
v 0.00737017 -0.00565533 0.00530154
v 0.00760984 -0.00532847 0.00530154
v 0.00783502 -0.00499146 0.00530154
v 0.00804529 -0.00464495 0.00530154
v 0.00824024 -0.00428960 0.00530154
v 0.00841951 -0.00392608 0.00530154
v 0.00858275 -0.00355509 0.00530154
v 0.00872965 -0.00317733 0.00530154
v 0.00885993 -0.00279353 0.00530154
v 0.00897335 -0.00240440 0.00530154
v 0.00906969 -0.00201070 0.00530154
v 0.00914876 -0.00161317 0.00530154
v 0.00921042 -0.00121258 0.00530154
v 0.00925455 -0.00080967 0.00530154
v 0.00928106 -0.00040522 0.00530154
v 0.00928990 0.00000000 0.00530154
v 0.00948743 0.00041423 0.00523142
v 0.00946033 0.00082767 0.00523142
v 0.00941523 0.00123954 0.00523142
v 0.00935220 0.00164904 0.00523142
v 0.00927137 0.00205541 0.00523142
v 0.00917289 0.00245787 0.00523142
v 0.00905695 0.00285564 0.00523142
v 0.00892376 0.00324798 0.00523142
v 0.00877360 0.00363414 0.00523142
v 0.00860673 0.00401338 0.00523142
v 0.00842347 0.00438498 0.00523142
v 0.00822419 0.00474824 0.00523142
v 0.00800924 0.00510245 0.00523142
v 0.00777905 0.00544695 0.00523142
v 0.00753406 0.00578109 0.00523142
v 0.00727472 0.00610421 0.00523142
v 0.00700153 0.00641572 0.00523142
v 0.00671502 0.00671502 0.00523142
v 0.00641572 0.00700153 0.00523142
v 0.00610421 0.00727472 0.00523142
v 0.00578109 0.00753406 0.00523142
v 0.00544695 0.00777905 0.00523142
v 0.00510245 0.00800924 0.00523142
v 0.00474824 0.00822419 0.00523142
v 0.00438498 0.00842347 0.00523142
v 0.00401338 0.00860673 0.00523142
v 0.00363414 0.00877360 0.00523142
v 0.00324798 0.00892376 0.00523142
v 0.00285564 0.00905695 0.00523142
v 0.00245787 0.00917289 0.00523142
v 0.00205541 0.00927137 0.00523142
v 0.00164904 0.00935220 0.00523142
v 0.00123954 0.00941523 0.00523142
v 0.00082767 0.00946033 0.00523142
v 0.00041423 0.00948743 0.00523142
v 0.00000000 0.00949647 0.00523142
v -0.00041423 0.00948743 0.00523142
v -0.00082767 0.00946033 0.00523142
v -0.00123954 0.00941523 0.00523142
v -0.00164904 0.00935220 0.00523142
v -0.00205541 0.00927137 0.00523142
v -0.00245787 0.00917289 0.00523142
v -0.00285564 0.00905695 0.00523142
v -0.00324798 0.00892376 0.00523142
v -0.00363414 0.00877360 0.00523142
v -0.00401338 0.00860673 0.00523142
v -0.00438498 0.00842347 0.00523142
v -0.00474824 0.00822419 0.00523142
v -0.00510245 0.00800924 0.00523142
v -0.00544695 0.00777905 0.00523142
v -0.00578109 0.00753406 0.00523142
v -0.00610421 0.00727472 0.00523142
v -0.00641572 0.00700153 0.00523142
v -0.00671502 0.00671502 0.00523142
v -0.00700153 0.00641572 0.00523142
v -0.00727472 0.00610421 0.00523142
v -0.00753406 0.00578109 0.00523142
v -0.00777905 0.00544695 0.00523142
v -0.00800924 0.00510245 0.00523142
v -0.00822419 0.00474824 0.00523142
v -0.00842347 0.00438498 0.00523142
v -0.00860673 0.00401338 0.00523142
v -0.00877360 0.00363414 0.00523142
v -0.00892376 0.00324798 0.00523142
v -0.00905695 0.00285564 0.00523142
v -0.00917289 0.00245787 0.00523142
v -0.00927137 0.00205541 0.00523142
v -0.00935220 0.00164904 0.00523142
v -0.00941523 0.00123954 0.00523142
v -0.00946033 0.00082767 0.00523142
v -0.00948743 0.00041423 0.00523142
v -0.00949647 0.00000000 0.00523142
v -0.00948743 -0.00041423 0.00523142
v -0.00946033 -0.00082767 0.00523142
v -0.00941523 -0.00123954 0.00523142
v -0.00935220 -0.00164904 0.00523142
v -0.00927137 -0.00205541 0.00523142
v -0.00917289 -0.00245787 0.00523142
v -0.00905695 -0.00285564 0.00523142
v -0.00892376 -0.00324798 0.00523142
v -0.00877360 -0.00363414 0.00523142
v -0.00860673 -0.00401338 0.00523142
v -0.00842347 -0.00438498 0.00523142
v -0.00822419 -0.00474824 0.00523142
v -0.00800924 -0.00510245 0.00523142
v -0.00777905 -0.00544695 0.00523142
v -0.00753406 -0.00578109 0.00523142
v -0.00727472 -0.00610421 0.00523142
v -0.00700153 -0.00641572 0.00523142
v -0.00671502 -0.00671502 0.00523142
v -0.00641572 -0.00700153 0.00523142
v -0.00610421 -0.00727472 0.00523142
v -0.00578109 -0.00753406 0.00523142
v -0.00544695 -0.00777905 0.00523142
v -0.00510245 -0.00800924 0.00523142
v -0.00474824 -0.00822419 0.00523142
v -0.00438498 -0.00842347 0.00523142
v -0.00401338 -0.00860673 0.00523142
v -0.00363414 -0.00877360 0.00523142
v -0.00324798 -0.00892376 0.00523142
v -0.00285564 -0.00905695 0.00523142
v -0.00245787 -0.00917289 0.00523142
v -0.00205541 -0.00927137 0.00523142
v -0.00164904 -0.00935220 0.00523142
v -0.00123954 -0.00941523 0.00523142
v -0.00082767 -0.00946033 0.00523142
v -0.00041423 -0.00948743 0.00523142
v -0.00000000 -0.00949647 0.00523142
v 0.00041423 -0.00948743 0.00523142
v 0.00082767 -0.00946033 0.00523142
v 0.00123954 -0.00941523 0.00523142
v 0.00164904 -0.00935220 0.00523142
v 0.00205541 -0.00927137 0.00523142
v 0.00245787 -0.00917289 0.00523142
v 0.00285564 -0.00905695 0.00523142
v 0.00324798 -0.00892376 0.00523142
v 0.00363414 -0.00877360 0.00523142
v 0.00401338 -0.00860673 0.00523142
v 0.00438498 -0.00842347 0.00523142
v 0.00474824 -0.00822419 0.00523142
v 0.00510245 -0.00800924 0.00523142
v 0.00544695 -0.00777905 0.00523142
v 0.00578109 -0.00753406 0.00523142
v 0.00610421 -0.00727472 0.00523142
v 0.00641572 -0.00700153 0.00523142
v 0.00671502 -0.00671502 0.00523142
v 0.00700153 -0.00641572 0.00523142
v 0.00727472 -0.00610421 0.00523142
v 0.00753406 -0.00578109 0.00523142
v 0.00777905 -0.00544695 0.00523142
v 0.00800924 -0.00510245 0.00523142
v 0.00822419 -0.00474824 0.00523142
v 0.00842347 -0.00438498 0.00523142
v 0.00860673 -0.00401338 0.00523142
v 0.00877360 -0.00363414 0.00523142
v 0.00892376 -0.00324798 0.00523142
v 0.00905695 -0.00285564 0.00523142
v 0.00917289 -0.00245787 0.00523142
v 0.00927137 -0.00205541 0.00523142
v 0.00935220 -0.00164904 0.00523142
v 0.00941523 -0.00123954 0.00523142
v 0.00946033 -0.00082767 0.00523142
v 0.00948743 -0.00041423 0.00523142
v 0.00949647 0.00000000 0.00523142
v 0.00969667 0.00042337 0.00517037
v 0.00966897 0.00084593 0.00517037
v 0.00962287 0.00126687 0.00517037
v 0.00955845 0.00168541 0.00517037
v 0.00947584 0.00210074 0.00517037
v 0.00937518 0.00251207 0.00517037
v 0.00925669 0.00291862 0.00517037
v 0.00912057 0.00331962 0.00517037
v 0.00896709 0.00371429 0.00517037
v 0.00879654 0.00410189 0.00517037
v 0.00860924 0.00448169 0.00517037
v 0.00840556 0.00485295 0.00517037
v 0.00818588 0.00521498 0.00517037
v 0.00795061 0.00556708 0.00517037
v 0.00770021 0.00590858 0.00517037
v 0.00743515 0.00623884 0.00517037
v 0.00715594 0.00655721 0.00517037
v 0.00686311 0.00686311 0.00517037
v 0.00655721 0.00715594 0.00517037
v 0.00623884 0.00743515 0.00517037
v 0.00590858 0.00770021 0.00517037
v 0.00556708 0.00795061 0.00517037
v 0.00521498 0.00818588 0.00517037
v 0.00485295 0.00840556 0.00517037
v 0.00448169 0.00860924 0.00517037
v 0.00410189 0.00879654 0.00517037
v 0.00371429 0.00896709 0.00517037
v 0.00331962 0.00912057 0.00517037
v 0.00291862 0.00925669 0.00517037
v 0.00251207 0.00937518 0.00517037
v 0.00210074 0.00947584 0.00517037
v 0.00168541 0.00955845 0.00517037
v 0.00126687 0.00962287 0.00517037
v 0.00084593 0.00966897 0.00517037
v 0.00042337 0.00969667 0.00517037
v 0.00000000 0.00970590 0.00517037
v -0.00042337 0.00969667 0.00517037
v -0.00084593 0.00966897 0.00517037
v -0.00126687 0.00962287 0.00517037
v -0.00168541 0.00955845 0.00517037
v -0.00210074 0.00947584 0.00517037
v -0.00251207 0.00937518 0.00517037
v -0.00291862 0.00925669 0.00517037
v -0.00331962 0.00912057 0.00517037
v -0.00371429 0.00896709 0.00517037
v -0.00410189 0.00879654 0.00517037
v -0.00448169 0.00860924 0.00517037
v -0.00485295 0.00840556 0.00517037
v -0.00521498 0.00818588 0.00517037
v -0.00556708 0.00795061 0.00517037
v -0.00590858 0.00770021 0.00517037
v -0.00623884 0.00743515 0.00517037
v -0.00655721 0.00715594 0.00517037
v -0.00686311 0.00686311 0.00517037
v -0.00715594 0.00655721 0.00517037
v -0.00743515 0.00623884 0.00517037
v -0.00770021 0.00590858 0.00517037
v -0.00795061 0.00556708 0.00517037
v -0.00818588 0.00521498 0.00517037
v -0.00840556 0.00485295 0.00517037
v -0.00860924 0.00448169 0.00517037
v -0.00879654 0.00410189 0.00517037
v -0.00896709 0.00371429 0.00517037
v -0.00912057 0.00331962 0.00517037
v -0.00925669 0.00291862 0.00517037
v -0.00937518 0.00251207 0.00517037
v -0.00947584 0.00210074 0.00517037
v -0.00955845 0.00168541 0.00517037
v -0.00962287 0.00126687 0.00517037
v -0.00966897 0.00084593 0.00517037
v -0.00969667 0.00042337 0.00517037
v -0.00970590 0.00000000 0.00517037
v -0.00969667 -0.00042337 0.00517037
v -0.00966897 -0.00084593 0.00517037
v -0.00962287 -0.00126687 0.00517037
v -0.00955845 -0.00168541 0.00517037
v -0.00947584 -0.00210074 0.00517037
v -0.00937518 -0.00251207 0.00517037
v -0.00925669 -0.00291862 0.00517037
v -0.00912057 -0.00331962 0.00517037
v -0.00896709 -0.00371429 0.00517037
v -0.00879654 -0.00410189 0.00517037
v -0.00860924 -0.00448169 0.00517037
v -0.00840556 -0.00485295 0.00517037
v -0.00818588 -0.00521498 0.00517037
v -0.00795061 -0.00556708 0.00517037
v -0.00770021 -0.00590858 0.00517037
v -0.00743515 -0.00623884 0.00517037
v -0.00715594 -0.00655721 0.00517037
v -0.00686311 -0.00686311 0.00517037
v -0.00655721 -0.00715594 0.00517037
v -0.00623884 -0.00743515 0.00517037
v -0.00590858 -0.00770021 0.00517037
v -0.00556708 -0.00795061 0.00517037
v -0.00521498 -0.00818588 0.00517037
v -0.00485295 -0.00840556 0.00517037
v -0.00448169 -0.00860924 0.00517037
v -0.00410189 -0.00879654 0.00517037
v -0.00371429 -0.00896709 0.00517037
v -0.00331962 -0.00912057 0.00517037
v -0.00291862 -0.00925669 0.00517037
v -0.00251207 -0.00937518 0.00517037
v -0.00210074 -0.00947584 0.00517037
v -0.00168541 -0.00955845 0.00517037
v -0.00126687 -0.00962287 0.00517037
v -0.00084593 -0.00966897 0.00517037
v -0.00042337 -0.00969667 0.00517037
v -0.00000000 -0.00970590 0.00517037
v 0.00042337 -0.00969667 0.00517037
v 0.00084593 -0.00966897 0.00517037
v 0.00126687 -0.00962287 0.00517037
v 0.00168541 -0.00955845 0.00517037
v 0.00210074 -0.00947584 0.00517037
v 0.00251207 -0.00937518 0.00517037
v 0.00291862 -0.00925669 0.00517037
v 0.00331962 -0.00912057 0.00517037
v 0.00371429 -0.00896709 0.00517037
v 0.00410189 -0.00879654 0.00517037
v 0.00448169 -0.00860924 0.00517037
v 0.00485295 -0.00840556 0.00517037
v 0.00521498 -0.00818588 0.00517037
v 0.00556708 -0.00795061 0.00517037
v 0.00590858 -0.00770021 0.00517037
v 0.00623884 -0.00743515 0.00517037
v 0.00655721 -0.00715594 0.00517037
v 0.00686311 -0.00686311 0.00517037
v 0.00715594 -0.00655721 0.00517037
v 0.00743515 -0.00623884 0.00517037
v 0.00770021 -0.00590858 0.00517037
v 0.00795061 -0.00556708 0.00517037
v 0.00818588 -0.00521498 0.00517037
v 0.00840556 -0.00485295 0.00517037
v 0.00860924 -0.00448169 0.00517037
v 0.00879654 -0.00410189 0.00517037
v 0.00896709 -0.00371429 0.00517037
v 0.00912057 -0.00331962 0.00517037
v 0.00925669 -0.00291862 0.00517037
v 0.00937518 -0.00251207 0.00517037
v 0.00947584 -0.00210074 0.00517037
v 0.00955845 -0.00168541 0.00517037
v 0.00962287 -0.00126687 0.00517037
v 0.00966897 -0.00084593 0.00517037
v 0.00969667 -0.00042337 0.00517037
v 0.00970590 0.00000000 0.00517037
v 0.00990836 0.00043261 0.00511852
v 0.00988006 0.00086439 0.00511852
v 0.00983295 0.00129453 0.00511852
v 0.00976713 0.00172221 0.00511852
v 0.00968271 0.00214661 0.00511852
v 0.00957986 0.00256692 0.00511852
v 0.00945878 0.00298234 0.00511852
v 0.00931969 0.00339209 0.00511852
v 0.00916285 0.00379538 0.00511852
v 0.00898858 0.00419144 0.00511852
v 0.00879720 0.00457953 0.00511852
v 0.00858907 0.00495890 0.00511852
v 0.00836459 0.00532883 0.00511852
v 0.00812419 0.00568862 0.00511852
v 0.00786832 0.00603758 0.00511852
v 0.00759748 0.00637504 0.00511852
v 0.00731217 0.00670037 0.00511852
v 0.00701295 0.00701295 0.00511852
v 0.00670037 0.00731217 0.00511852
v 0.00637504 0.00759748 0.00511852
v 0.00603758 0.00786832 0.00511852
v 0.00568862 0.00812419 0.00511852
v 0.00532883 0.00836459 0.00511852
v 0.00495890 0.00858907 0.00511852
v 0.00457953 0.00879720 0.00511852
v 0.00419144 0.00898858 0.00511852
v 0.00379538 0.00916285 0.00511852
v 0.00339209 0.00931969 0.00511852
v 0.00298234 0.00945878 0.00511852
v 0.00256692 0.00957986 0.00511852
v 0.00214661 0.00968271 0.00511852
v 0.00172221 0.00976713 0.00511852
v 0.00129453 0.00983295 0.00511852
v 0.00086439 0.00988006 0.00511852
v 0.00043261 0.00990836 0.00511852
v 0.00000000 0.00991780 0.00511852
v -0.00043261 0.00990836 0.00511852
v -0.00086439 0.00988006 0.00511852
v -0.00129453 0.00983295 0.00511852
v -0.00172221 0.00976713 0.00511852
v -0.00214661 0.00968271 0.00511852
v -0.00256692 0.00957986 0.00511852
v -0.00298234 0.00945878 0.00511852
v -0.00339209 0.00931969 0.00511852
v -0.00379538 0.00916285 0.00511852
v -0.00419144 0.00898858 0.00511852
v -0.00457953 0.00879720 0.00511852
v -0.00495890 0.00858907 0.00511852
v -0.00532883 0.00836459 0.00511852
v -0.00568862 0.00812419 0.00511852
v -0.00603758 0.00786832 0.00511852
v -0.00637504 0.00759748 0.00511852
v -0.00670037 0.00731217 0.00511852
v -0.00701295 0.00701295 0.00511852
v -0.00731217 0.00670037 0.00511852
v -0.00759748 0.00637504 0.00511852
v -0.00786832 0.00603758 0.00511852
v -0.00812419 0.00568862 0.00511852
v -0.00836459 0.00532883 0.00511852
v -0.00858907 0.00495890 0.00511852
v -0.00879720 0.00457953 0.00511852
v -0.00898858 0.00419144 0.00511852
v -0.00916285 0.00379538 0.00511852
v -0.00931969 0.00339209 0.00511852
v -0.00945878 0.00298234 0.00511852
v -0.00957986 0.00256692 0.00511852
v -0.00968271 0.00214661 0.00511852
v -0.00976713 0.00172221 0.00511852
v -0.00983295 0.00129453 0.00511852
v -0.00988006 0.00086439 0.00511852
v -0.00990836 0.00043261 0.00511852
v -0.00991780 0.00000000 0.00511852
v -0.00990836 -0.00043261 0.00511852
v -0.00988006 -0.00086439 0.00511852
v -0.00983295 -0.00129453 0.00511852
v -0.00976713 -0.00172221 0.00511852
v -0.00968271 -0.00214661 0.00511852
v -0.00957986 -0.00256692 0.00511852
v -0.00945878 -0.00298234 0.00511852
v -0.00931969 -0.00339209 0.00511852
v -0.00916285 -0.00379538 0.00511852
v -0.00898858 -0.00419144 0.00511852
v -0.00879720 -0.00457953 0.00511852
v -0.00858907 -0.00495890 0.00511852
v -0.00836459 -0.00532883 0.00511852
v -0.00812419 -0.00568862 0.00511852
v -0.00786832 -0.00603758 0.00511852
v -0.00759748 -0.00637504 0.00511852
v -0.00731217 -0.00670037 0.00511852
v -0.00701295 -0.00701295 0.00511852
v -0.00670037 -0.00731217 0.00511852
v -0.00637504 -0.00759748 0.00511852
v -0.00603758 -0.00786832 0.00511852
v -0.00568862 -0.00812419 0.00511852
v -0.00532883 -0.00836459 0.00511852
v -0.00495890 -0.00858907 0.00511852
v -0.00457953 -0.00879720 0.00511852
v -0.00419144 -0.00898858 0.00511852
v -0.00379538 -0.00916285 0.00511852
v -0.00339209 -0.00931969 0.00511852
v -0.00298234 -0.00945878 0.00511852
v -0.00256692 -0.00957986 0.00511852
v -0.00214661 -0.00968271 0.00511852
v -0.00172221 -0.00976713 0.00511852
v -0.00129453 -0.00983295 0.00511852
v -0.00086439 -0.00988006 0.00511852
v -0.00043261 -0.00990836 0.00511852
v -0.00000000 -0.00991780 0.00511852
v 0.00043261 -0.00990836 0.00511852
v 0.00086439 -0.00988006 0.00511852
v 0.00129453 -0.00983295 0.00511852
v 0.00172221 -0.00976713 0.00511852
v 0.00214661 -0.00968271 0.00511852
v 0.00256692 -0.00957986 0.00511852
v 0.00298234 -0.00945878 0.00511852
v 0.00339209 -0.00931969 0.00511852
v 0.00379538 -0.00916285 0.00511852
v 0.00419144 -0.00898858 0.00511852
v 0.00457953 -0.00879720 0.00511852
v 0.00495890 -0.00858907 0.00511852
v 0.00532883 -0.00836459 0.00511852
v 0.00568862 -0.00812419 0.00511852
v 0.00603758 -0.00786832 0.00511852
v 0.00637504 -0.00759748 0.00511852
v 0.00670037 -0.00731217 0.00511852
v 0.00701295 -0.00701295 0.00511852
v 0.00731217 -0.00670037 0.00511852
v 0.00759748 -0.00637504 0.00511852
v 0.00786832 -0.00603758 0.00511852
v 0.00812419 -0.00568862 0.00511852
v 0.00836459 -0.00532883 0.00511852
v 0.00858907 -0.00495890 0.00511852
v 0.00879720 -0.00457953 0.00511852
v 0.00898858 -0.00419144 0.00511852
v 0.00916285 -0.00379538 0.00511852
v 0.00931969 -0.00339209 0.00511852
v 0.00945878 -0.00298234 0.00511852
v 0.00957986 -0.00256692 0.00511852
v 0.00968271 -0.00214661 0.00511852
v 0.00976713 -0.00172221 0.00511852
v 0.00983295 -0.00129453 0.00511852
v 0.00988006 -0.00086439 0.00511852
v 0.00990836 -0.00043261 0.00511852
v 0.00991780 0.00000000 0.00511852
v 0.01012212 0.00044194 0.00507596
v 0.01009320 0.00088304 0.00507596
v 0.01004508 0.00132246 0.00507596
v 0.00997784 0.00175936 0.00507596
v 0.00989160 0.00219291 0.00507596
v 0.00978653 0.00262229 0.00507596
v 0.00966283 0.00304668 0.00507596
v 0.00952074 0.00346527 0.00507596
v 0.00936052 0.00387726 0.00507596
v 0.00918249 0.00428187 0.00507596
v 0.00898698 0.00467833 0.00507596
v 0.00877436 0.00506588 0.00507596
v 0.00854504 0.00544379 0.00507596
v 0.00829945 0.00581134 0.00507596
v 0.00803807 0.00616782 0.00507596
v 0.00776138 0.00651257 0.00507596
v 0.00746992 0.00684492 0.00507596
v 0.00716424 0.00716424 0.00507596
v 0.00684492 0.00746992 0.00507596
v 0.00651257 0.00776138 0.00507596
v 0.00616782 0.00803807 0.00507596
v 0.00581134 0.00829945 0.00507596
v 0.00544379 0.00854504 0.00507596
v 0.00506588 0.00877436 0.00507596
v 0.00467833 0.00898698 0.00507596
v 0.00428187 0.00918249 0.00507596
v 0.00387726 0.00936052 0.00507596
v 0.00346527 0.00952074 0.00507596
v 0.00304668 0.00966283 0.00507596
v 0.00262229 0.00978653 0.00507596
v 0.00219291 0.00989160 0.00507596
v 0.00175936 0.00997784 0.00507596
v 0.00132246 0.01004508 0.00507596
v 0.00088304 0.01009320 0.00507596
v 0.00044194 0.01012212 0.00507596
v 0.00000000 0.01013176 0.00507596
v -0.00044194 0.01012212 0.00507596
v -0.00088304 0.01009320 0.00507596
v -0.00132246 0.01004508 0.00507596
v -0.00175936 0.00997784 0.00507596
v -0.00219291 0.00989160 0.00507596
v -0.00262229 0.00978653 0.00507596
v -0.00304668 0.00966283 0.00507596
v -0.00346527 0.00952074 0.00507596
v -0.00387726 0.00936052 0.00507596
v -0.00428187 0.00918249 0.00507596
v -0.00467833 0.00898698 0.00507596
v -0.00506588 0.00877436 0.00507596
v -0.00544379 0.00854504 0.00507596
v -0.00581134 0.00829945 0.00507596
v -0.00616782 0.00803807 0.00507596
v -0.00651257 0.00776138 0.00507596
v -0.00684492 0.00746992 0.00507596
v -0.00716424 0.00716424 0.00507596
v -0.00746992 0.00684492 0.00507596
v -0.00776138 0.00651257 0.00507596
v -0.00803807 0.00616782 0.00507596
v -0.00829945 0.00581134 0.00507596
v -0.00854504 0.00544379 0.00507596
v -0.00877436 0.00506588 0.00507596
v -0.00898698 0.00467833 0.00507596
v -0.00918249 0.00428187 0.00507596
v -0.00936052 0.00387726 0.00507596
v -0.00952074 0.00346527 0.00507596
v -0.00966283 0.00304668 0.00507596
v -0.00978653 0.00262229 0.00507596
v -0.00989160 0.00219291 0.00507596
v -0.00997784 0.00175936 0.00507596
v -0.01004508 0.00132246 0.00507596
v -0.01009320 0.00088304 0.00507596
v -0.01012212 0.00044194 0.00507596
v -0.01013176 0.00000000 0.00507596
v -0.01012212 -0.00044194 0.00507596
v -0.01009320 -0.00088304 0.00507596
v -0.01004508 -0.00132246 0.00507596
v -0.00997784 -0.00175936 0.00507596
v -0.00989160 -0.00219291 0.00507596
v -0.00978653 -0.00262229 0.00507596
v -0.00966283 -0.00304668 0.00507596
v -0.00952074 -0.00346527 0.00507596
v -0.00936052 -0.00387726 0.00507596
v -0.00918249 -0.00428187 0.00507596
v -0.00898698 -0.00467833 0.00507596
v -0.00877436 -0.00506588 0.00507596
v -0.00854504 -0.00544379 0.00507596
v -0.00829945 -0.00581134 0.00507596
v -0.00803807 -0.00616782 0.00507596
v -0.00776138 -0.00651257 0.00507596
v -0.00746992 -0.00684492 0.00507596
v -0.00716424 -0.00716424 0.00507596
v -0.00684492 -0.00746992 0.00507596
v -0.00651257 -0.00776138 0.00507596
v -0.00616782 -0.00803807 0.00507596
v -0.00581134 -0.00829945 0.00507596
v -0.00544379 -0.00854504 0.00507596
v -0.00506588 -0.00877436 0.00507596
v -0.00467833 -0.00898698 0.00507596
v -0.00428187 -0.00918249 0.00507596
v -0.00387726 -0.00936052 0.00507596
v -0.00346527 -0.00952074 0.00507596
v -0.00304668 -0.00966283 0.00507596
v -0.00262229 -0.00978653 0.00507596
v -0.00219291 -0.00989160 0.00507596
v -0.00175936 -0.00997784 0.00507596
v -0.00132246 -0.01004508 0.00507596
v -0.00088304 -0.01009320 0.00507596
v -0.00044194 -0.01012212 0.00507596
v -0.00000000 -0.01013176 0.00507596
v 0.00044194 -0.01012212 0.00507596
v 0.00088304 -0.01009320 0.00507596
v 0.00132246 -0.01004508 0.00507596
v 0.00175936 -0.00997784 0.00507596
v 0.00219291 -0.00989160 0.00507596
v 0.00262229 -0.00978653 0.00507596
v 0.00304668 -0.00966283 0.00507596
v 0.00346527 -0.00952074 0.00507596
v 0.00387726 -0.00936052 0.00507596
v 0.00428187 -0.00918249 0.00507596
v 0.00467833 -0.00898698 0.00507596
v 0.00506588 -0.00877436 0.00507596
v 0.00544379 -0.00854504 0.00507596
v 0.00581134 -0.00829945 0.00507596
v 0.00616782 -0.00803807 0.00507596
v 0.00651257 -0.00776138 0.00507596
v 0.00684492 -0.00746992 0.00507596
v 0.00716424 -0.00716424 0.00507596
v 0.00746992 -0.00684492 0.00507596
v 0.00776138 -0.00651257 0.00507596
v 0.00803807 -0.00616782 0.00507596
v 0.00829945 -0.00581134 0.00507596
v 0.00854504 -0.00544379 0.00507596
v 0.00877436 -0.00506588 0.00507596
v 0.00898698 -0.00467833 0.00507596
v 0.00918249 -0.00428187 0.00507596
v 0.00936052 -0.00387726 0.00507596
v 0.00952074 -0.00346527 0.00507596
v 0.00966283 -0.00304668 0.00507596
v 0.00978653 -0.00262229 0.00507596
v 0.00989160 -0.00219291 0.00507596
v 0.00997784 -0.00175936 0.00507596
v 0.01004508 -0.00132246 0.00507596
v 0.01009320 -0.00088304 0.00507596
v 0.01012212 -0.00044194 0.00507596
v 0.01013176 0.00000000 0.00507596
v 0.01033752 0.00045135 0.00504278
v 0.01030799 0.00090183 0.00504278
v 0.01025885 0.00135060 0.00504278
v 0.01019017 0.00179680 0.00504278
v 0.01010210 0.00223958 0.00504278
v 0.00999479 0.00267810 0.00504278
v 0.00986846 0.00311151 0.00504278
v 0.00972335 0.00353901 0.00504278
v 0.00955972 0.00395977 0.00504278
v 0.00937790 0.00437299 0.00504278
v 0.00917823 0.00477788 0.00504278
v 0.00896108 0.00517368 0.00504278
v 0.00872688 0.00555964 0.00504278
v 0.00847607 0.00593501 0.00504278
v 0.00820912 0.00629908 0.00504278
v 0.00792654 0.00665116 0.00504278
v 0.00762888 0.00699058 0.00504278
v 0.00731669 0.00731669 0.00504278
v 0.00699058 0.00762888 0.00504278
v 0.00665116 0.00792654 0.00504278
v 0.00629908 0.00820912 0.00504278
v 0.00593501 0.00847607 0.00504278
v 0.00555964 0.00872688 0.00504278
v 0.00517368 0.00896108 0.00504278
v 0.00477788 0.00917823 0.00504278
v 0.00437299 0.00937790 0.00504278
v 0.00395977 0.00955972 0.00504278
v 0.00353901 0.00972335 0.00504278
v 0.00311151 0.00986846 0.00504278
v 0.00267810 0.00999479 0.00504278
v 0.00223958 0.01010210 0.00504278
v 0.00179680 0.01019017 0.00504278
v 0.00135060 0.01025885 0.00504278
v 0.00090183 0.01030799 0.00504278
v 0.00045135 0.01033752 0.00504278
v 0.00000000 0.01034737 0.00504278
v -0.00045135 0.01033752 0.00504278
v -0.00090183 0.01030799 0.00504278
v -0.00135060 0.01025885 0.00504278
v -0.00179680 0.01019017 0.00504278
v -0.00223958 0.01010210 0.00504278
v -0.00267810 0.00999479 0.00504278
v -0.00311151 0.00986846 0.00504278
v -0.00353901 0.00972335 0.00504278
v -0.00395977 0.00955972 0.00504278
v -0.00437299 0.00937790 0.00504278
v -0.00477788 0.00917823 0.00504278
v -0.00517368 0.00896108 0.00504278
v -0.00555964 0.00872688 0.00504278
v -0.00593501 0.00847607 0.00504278
v -0.00629908 0.00820912 0.00504278
v -0.00665116 0.00792654 0.00504278
v -0.00699058 0.00762888 0.00504278
v -0.00731669 0.00731669 0.00504278
v -0.00762888 0.00699058 0.00504278
v -0.00792654 0.00665116 0.00504278
v -0.00820912 0.00629908 0.00504278
v -0.00847607 0.00593501 0.00504278
v -0.00872688 0.00555964 0.00504278
v -0.00896108 0.00517368 0.00504278
v -0.00917823 0.00477788 0.00504278
v -0.00937790 0.00437299 0.00504278
v -0.00955972 0.00395977 0.00504278
v -0.00972335 0.00353901 0.00504278
v -0.00986846 0.00311151 0.00504278
v -0.00999479 0.00267810 0.00504278
v -0.01010210 0.00223958 0.00504278
v -0.01019017 0.00179680 0.00504278
v -0.01025885 0.00135060 0.00504278
v -0.01030799 0.00090183 0.00504278
v -0.01033752 0.00045135 0.00504278
v -0.01034737 0.00000000 0.00504278
v -0.01033752 -0.00045135 0.00504278
v -0.01030799 -0.00090183 0.00504278
v -0.01025885 -0.00135060 0.00504278
v -0.01019017 -0.00179680 0.00504278
v -0.01010210 -0.00223958 0.00504278
v -0.00999479 -0.00267810 0.00504278
v -0.00986846 -0.00311151 0.00504278
v -0.00972335 -0.00353901 0.00504278
v -0.00955972 -0.00395977 0.00504278
v -0.00937790 -0.00437299 0.00504278
v -0.00917823 -0.00477788 0.00504278
v -0.00896108 -0.00517368 0.00504278
v -0.00872688 -0.00555964 0.00504278
v -0.00847607 -0.00593501 0.00504278
v -0.00820912 -0.00629908 0.00504278
v -0.00792654 -0.00665116 0.00504278
v -0.00762888 -0.00699058 0.00504278
v -0.00731669 -0.00731669 0.00504278
v -0.00699058 -0.00762888 0.00504278
v -0.00665116 -0.00792654 0.00504278
v -0.00629908 -0.00820912 0.00504278
v -0.00593501 -0.00847607 0.00504278
v -0.00555964 -0.00872688 0.00504278
v -0.00517368 -0.00896108 0.00504278
v -0.00477788 -0.00917823 0.00504278
v -0.00437299 -0.00937790 0.00504278
v -0.00395977 -0.00955972 0.00504278
v -0.00353901 -0.00972335 0.00504278
v -0.00311151 -0.00986846 0.00504278
v -0.00267810 -0.00999479 0.00504278
v -0.00223958 -0.01010210 0.00504278
v -0.00179680 -0.01019017 0.00504278
v -0.00135060 -0.01025885 0.00504278
v -0.00090183 -0.01030799 0.00504278
v -0.00045135 -0.01033752 0.00504278
v -0.00000000 -0.01034737 0.00504278
v 0.00045135 -0.01033752 0.00504278
v 0.00090183 -0.01030799 0.00504278
v 0.00135060 -0.01025885 0.00504278
v 0.00179680 -0.01019017 0.00504278
v 0.00223958 -0.01010210 0.00504278
v 0.00267810 -0.00999479 0.00504278
v 0.00311151 -0.00986846 0.00504278
v 0.00353901 -0.00972335 0.00504278
v 0.00395977 -0.00955972 0.00504278
v 0.00437299 -0.00937790 0.00504278
v 0.00477788 -0.00917823 0.00504278
v 0.00517368 -0.00896108 0.00504278
v 0.00555964 -0.00872688 0.00504278
v 0.00593501 -0.00847607 0.00504278
v 0.00629908 -0.00820912 0.00504278
v 0.00665116 -0.00792654 0.00504278
v 0.00699058 -0.00762888 0.00504278
v 0.00731669 -0.00731669 0.00504278
v 0.00762888 -0.00699058 0.00504278
v 0.00792654 -0.00665116 0.00504278
v 0.00820912 -0.00629908 0.00504278
v 0.00847607 -0.00593501 0.00504278
v 0.00872688 -0.00555964 0.00504278
v 0.00896108 -0.00517368 0.00504278
v 0.00917823 -0.00477788 0.00504278
v 0.00937790 -0.00437299 0.00504278
v 0.00955972 -0.00395977 0.00504278
v 0.00972335 -0.00353901 0.00504278
v 0.00986846 -0.00311151 0.00504278
v 0.00999479 -0.00267810 0.00504278
v 0.01010210 -0.00223958 0.00504278
v 0.01019017 -0.00179680 0.00504278
v 0.01025885 -0.00135060 0.00504278
v 0.01030799 -0.00090183 0.00504278
v 0.01033752 -0.00045135 0.00504278
v 0.01034737 0.00000000 0.00504278
v 0.01055417 0.00046080 0.00501903
v 0.01052402 0.00092073 0.00501903
v 0.01047384 0.00137891 0.00501903
v 0.01040373 0.00183446 0.00501903
v 0.01031381 0.00228652 0.00501903
v 0.01020425 0.00273422 0.00501903
v 0.01007528 0.00317672 0.00501903
v 0.00992712 0.00361318 0.00501903
v 0.00976007 0.00404275 0.00501903
v 0.00957444 0.00446463 0.00501903
v 0.00937058 0.00487801 0.00501903
v 0.00914888 0.00528211 0.00501903
v 0.00890977 0.00567615 0.00501903
v 0.00865370 0.00605939 0.00501903
v 0.00838116 0.00643109 0.00501903
v 0.00809266 0.00679055 0.00501903
v 0.00778876 0.00713708 0.00501903
v 0.00747003 0.00747003 0.00501903
v 0.00713708 0.00778876 0.00501903
v 0.00679055 0.00809266 0.00501903
v 0.00643109 0.00838116 0.00501903
v 0.00605939 0.00865370 0.00501903
v 0.00567615 0.00890977 0.00501903
v 0.00528211 0.00914888 0.00501903
v 0.00487801 0.00937058 0.00501903
v 0.00446463 0.00957444 0.00501903
v 0.00404275 0.00976007 0.00501903
v 0.00361318 0.00992712 0.00501903
v 0.00317672 0.01007528 0.00501903
v 0.00273422 0.01020425 0.00501903
v 0.00228652 0.01031381 0.00501903
v 0.00183446 0.01040373 0.00501903
v 0.00137891 0.01047384 0.00501903
v 0.00092073 0.01052402 0.00501903
v 0.00046080 0.01055417 0.00501903
v 0.00000000 0.01056422 0.00501903
v -0.00046080 0.01055417 0.00501903
v -0.00092073 0.01052402 0.00501903
v -0.00137891 0.01047384 0.00501903
v -0.00183446 0.01040373 0.00501903
v -0.00228652 0.01031381 0.00501903
v -0.00273422 0.01020425 0.00501903
v -0.00317672 0.01007528 0.00501903
v -0.00361318 0.00992712 0.00501903
v -0.00404275 0.00976007 0.00501903
v -0.00446463 0.00957444 0.00501903
v -0.00487801 0.00937058 0.00501903
v -0.00528211 0.00914888 0.00501903
v -0.00567615 0.00890977 0.00501903
v -0.00605939 0.00865370 0.00501903
v -0.00643109 0.00838116 0.00501903
v -0.00679055 0.00809266 0.00501903
v -0.00713708 0.00778876 0.00501903
v -0.00747003 0.00747003 0.00501903
v -0.00778876 0.00713708 0.00501903
v -0.00809266 0.00679055 0.00501903
v -0.00838116 0.00643109 0.00501903
v -0.00865370 0.00605939 0.00501903
v -0.00890977 0.00567615 0.00501903
v -0.00914888 0.00528211 0.00501903
v -0.00937058 0.00487801 0.00501903
v -0.00957444 0.00446463 0.00501903
v -0.00976007 0.00404275 0.00501903
v -0.00992712 0.00361318 0.00501903
v -0.01007528 0.00317672 0.00501903
v -0.01020425 0.00273422 0.00501903
v -0.01031381 0.00228652 0.00501903
v -0.01040373 0.00183446 0.00501903
v -0.01047384 0.00137891 0.00501903
v -0.01052402 0.00092073 0.00501903
v -0.01055417 0.00046080 0.00501903
v -0.01056422 0.00000000 0.00501903
v -0.01055417 -0.00046080 0.00501903
v -0.01052402 -0.00092073 0.00501903
v -0.01047384 -0.00137891 0.00501903
v -0.01040373 -0.00183446 0.00501903
v -0.01031381 -0.00228652 0.00501903
v -0.01020425 -0.00273422 0.00501903
v -0.01007528 -0.00317672 0.00501903
v -0.00992712 -0.00361318 0.00501903
v -0.00976007 -0.00404275 0.00501903
v -0.00957444 -0.00446463 0.00501903
v -0.00937058 -0.00487801 0.00501903
v -0.00914888 -0.00528211 0.00501903
v -0.00890977 -0.00567615 0.00501903
v -0.00865370 -0.00605939 0.00501903
v -0.00838116 -0.00643109 0.00501903
v -0.00809266 -0.00679055 0.00501903
v -0.00778876 -0.00713708 0.00501903
v -0.00747003 -0.00747003 0.00501903
v -0.00713708 -0.00778876 0.00501903
v -0.00679055 -0.00809266 0.00501903
v -0.00643109 -0.00838116 0.00501903
v -0.00605939 -0.00865370 0.00501903
v -0.00567615 -0.00890977 0.00501903
v -0.00528211 -0.00914888 0.00501903
v -0.00487801 -0.00937058 0.00501903
v -0.00446463 -0.00957444 0.00501903
v -0.00404275 -0.00976007 0.00501903
v -0.00361318 -0.00992712 0.00501903
v -0.00317672 -0.01007528 0.00501903
v -0.00273422 -0.01020425 0.00501903
v -0.00228652 -0.01031381 0.00501903
v -0.00183446 -0.01040373 0.00501903
v -0.00137891 -0.01047384 0.00501903
v -0.00092073 -0.01052402 0.00501903
v -0.00046080 -0.01055417 0.00501903
v -0.00000000 -0.01056422 0.00501903
v 0.00046080 -0.01055417 0.00501903
v 0.00092073 -0.01052402 0.00501903
v 0.00137891 -0.01047384 0.00501903
v 0.00183446 -0.01040373 0.00501903
v 0.00228652 -0.01031381 0.00501903
v 0.00273422 -0.01020425 0.00501903
v 0.00317672 -0.01007528 0.00501903
v 0.00361318 -0.00992712 0.00501903
v 0.00404275 -0.00976007 0.00501903
v 0.00446463 -0.00957444 0.00501903
v 0.00487801 -0.00937058 0.00501903
v 0.00528211 -0.00914888 0.00501903
v 0.00567615 -0.00890977 0.00501903
v 0.00605939 -0.00865370 0.00501903
v 0.00643109 -0.00838116 0.00501903
v 0.00679055 -0.00809266 0.00501903
v 0.00713708 -0.00778876 0.00501903
v 0.00747003 -0.00747003 0.00501903
v 0.00778876 -0.00713708 0.00501903
v 0.00809266 -0.00679055 0.00501903
v 0.00838116 -0.00643109 0.00501903
v 0.00865370 -0.00605939 0.00501903
v 0.00890977 -0.00567615 0.00501903
v 0.00914888 -0.00528211 0.00501903
v 0.00937058 -0.00487801 0.00501903
v 0.00957444 -0.00446463 0.00501903
v 0.00976007 -0.00404275 0.00501903
v 0.00992712 -0.00361318 0.00501903
v 0.01007528 -0.00317672 0.00501903
v 0.01020425 -0.00273422 0.00501903
v 0.01031381 -0.00228652 0.00501903
v 0.01040373 -0.00183446 0.00501903
v 0.01047384 -0.00137891 0.00501903
v 0.01052402 -0.00092073 0.00501903
v 0.01055417 -0.00046080 0.00501903
v 0.01056422 0.00000000 0.00501903
v 0.01077164 0.00047030 0.00500476
v 0.01074087 0.00093970 0.00500476
v 0.01068966 0.00140732 0.00500476
v 0.01061810 0.00187226 0.00500476
v 0.01052633 0.00233363 0.00500476
v 0.01041452 0.00279056 0.00500476
v 0.01028288 0.00324218 0.00500476
v 0.01013167 0.00368763 0.00500476
v 0.00996118 0.00412606 0.00500476
v 0.00977172 0.00455663 0.00500476
v 0.00956366 0.00497853 0.00500476
v 0.00933740 0.00539095 0.00500476
v 0.00909336 0.00579311 0.00500476
v 0.00883202 0.00618425 0.00500476
v 0.00855386 0.00656361 0.00500476
v 0.00825942 0.00693047 0.00500476
v 0.00794925 0.00728415 0.00500476
v 0.00762396 0.00762396 0.00500476
v 0.00728415 0.00794925 0.00500476
v 0.00693047 0.00825942 0.00500476
v 0.00656361 0.00855386 0.00500476
v 0.00618425 0.00883202 0.00500476
v 0.00579311 0.00909336 0.00500476
v 0.00539095 0.00933740 0.00500476
v 0.00497853 0.00956366 0.00500476
v 0.00455663 0.00977172 0.00500476
v 0.00412606 0.00996118 0.00500476
v 0.00368763 0.01013167 0.00500476
v 0.00324218 0.01028288 0.00500476
v 0.00279056 0.01041452 0.00500476
v 0.00233363 0.01052633 0.00500476
v 0.00187226 0.01061810 0.00500476
v 0.00140732 0.01068966 0.00500476
v 0.00093970 0.01074087 0.00500476
v 0.00047030 0.01077164 0.00500476
v 0.00000000 0.01078190 0.00500476
v -0.00047030 0.01077164 0.00500476
v -0.00093970 0.01074087 0.00500476
v -0.00140732 0.01068966 0.00500476
v -0.00187226 0.01061810 0.00500476
v -0.00233363 0.01052633 0.00500476
v -0.00279056 0.01041452 0.00500476
v -0.00324218 0.01028288 0.00500476
v -0.00368763 0.01013167 0.00500476
v -0.00412606 0.00996118 0.00500476
v -0.00455663 0.00977172 0.00500476
v -0.00497853 0.00956366 0.00500476
v -0.00539095 0.00933740 0.00500476
v -0.00579311 0.00909336 0.00500476
v -0.00618425 0.00883202 0.00500476
v -0.00656361 0.00855386 0.00500476
v -0.00693047 0.00825942 0.00500476
v -0.00728415 0.00794925 0.00500476
v -0.00762396 0.00762396 0.00500476
v -0.00794925 0.00728415 0.00500476
v -0.00825942 0.00693047 0.00500476
v -0.00855386 0.00656361 0.00500476
v -0.00883202 0.00618425 0.00500476
v -0.00909336 0.00579311 0.00500476
v -0.00933740 0.00539095 0.00500476
v -0.00956366 0.00497853 0.00500476
v -0.00977172 0.00455663 0.00500476
v -0.00996118 0.00412606 0.00500476
v -0.01013167 0.00368763 0.00500476
v -0.01028288 0.00324218 0.00500476
v -0.01041452 0.00279056 0.00500476
v -0.01052633 0.00233363 0.00500476
v -0.01061810 0.00187226 0.00500476
v -0.01068966 0.00140732 0.00500476
v -0.01074087 0.00093970 0.00500476
v -0.01077164 0.00047030 0.00500476
v -0.01078190 0.00000000 0.00500476
v -0.01077164 -0.00047030 0.00500476
v -0.01074087 -0.00093970 0.00500476
v -0.01068966 -0.00140732 0.00500476
v -0.01061810 -0.00187226 0.00500476
v -0.01052633 -0.00233363 0.00500476
v -0.01041452 -0.00279056 0.00500476
v -0.01028288 -0.00324218 0.00500476
v -0.01013167 -0.00368763 0.00500476
v -0.00996118 -0.00412606 0.00500476
v -0.00977172 -0.00455663 0.00500476
v -0.00956366 -0.00497853 0.00500476
v -0.00933740 -0.00539095 0.00500476
v -0.00909336 -0.00579311 0.00500476
v -0.00883202 -0.00618425 0.00500476
v -0.00855386 -0.00656361 0.00500476
v -0.00825942 -0.00693047 0.00500476
v -0.00794925 -0.00728415 0.00500476
v -0.00762396 -0.00762396 0.00500476
v -0.00728415 -0.00794925 0.00500476
v -0.00693047 -0.00825942 0.00500476
v -0.00656361 -0.00855386 0.00500476
v -0.00618425 -0.00883202 0.00500476
v -0.00579311 -0.00909336 0.00500476
v -0.00539095 -0.00933740 0.00500476
v -0.00497853 -0.00956366 0.00500476
v -0.00455663 -0.00977172 0.00500476
v -0.00412606 -0.00996118 0.00500476
v -0.00368763 -0.01013167 0.00500476
v -0.00324218 -0.01028288 0.00500476
v -0.00279056 -0.01041452 0.00500476
v -0.00233363 -0.01052633 0.00500476
v -0.00187226 -0.01061810 0.00500476
v -0.00140732 -0.01068966 0.00500476
v -0.00093970 -0.01074087 0.00500476
v -0.00047030 -0.01077164 0.00500476
v -0.00000000 -0.01078190 0.00500476
v 0.00047030 -0.01077164 0.00500476
v 0.00093970 -0.01074087 0.00500476
v 0.00140732 -0.01068966 0.00500476
v 0.00187226 -0.01061810 0.00500476
v 0.00233363 -0.01052633 0.00500476
v 0.00279056 -0.01041452 0.00500476
v 0.00324218 -0.01028288 0.00500476
v 0.00368763 -0.01013167 0.00500476
v 0.00412606 -0.00996118 0.00500476
v 0.00455663 -0.00977172 0.00500476
v 0.00497853 -0.00956366 0.00500476
v 0.00539095 -0.00933740 0.00500476
v 0.00579311 -0.00909336 0.00500476
v 0.00618425 -0.00883202 0.00500476
v 0.00656361 -0.00855386 0.00500476
v 0.00693047 -0.00825942 0.00500476
v 0.00728415 -0.00794925 0.00500476
v 0.00762396 -0.00762396 0.00500476
v 0.00794925 -0.00728415 0.00500476
v 0.00825942 -0.00693047 0.00500476
v 0.00855386 -0.00656361 0.00500476
v 0.00883202 -0.00618425 0.00500476
v 0.00909336 -0.00579311 0.00500476
v 0.00933740 -0.00539095 0.00500476
v 0.00956366 -0.00497853 0.00500476
v 0.00977172 -0.00455663 0.00500476
v 0.00996118 -0.00412606 0.00500476
v 0.01013167 -0.00368763 0.00500476
v 0.01028288 -0.00324218 0.00500476
v 0.01041452 -0.00279056 0.00500476
v 0.01052633 -0.00233363 0.00500476
v 0.01061810 -0.00187226 0.00500476
v 0.01068966 -0.00140732 0.00500476
v 0.01074087 -0.00093970 0.00500476
v 0.01077164 -0.00047030 0.00500476
v 0.01078190 0.00000000 0.00500476
v 0.01098953 0.00047981 0.00500000
v 0.01095814 0.00095871 0.00500000
v 0.01090589 0.00143579 0.00500000
v 0.01083289 0.00191013 0.00500000
v 0.01073926 0.00238084 0.00500000
v 0.01062518 0.00284701 0.00500000
v 0.01049089 0.00330776 0.00500000
v 0.01033662 0.00376222 0.00500000
v 0.01016267 0.00420952 0.00500000
v 0.00996939 0.00464880 0.00500000
v 0.00975712 0.00507923 0.00500000
v 0.00952628 0.00550000 0.00500000
v 0.00927731 0.00591030 0.00500000
v 0.00901067 0.00630934 0.00500000
v 0.00872689 0.00669638 0.00500000
v 0.00842649 0.00707066 0.00500000
v 0.00811005 0.00743149 0.00500000
v 0.00777817 0.00777817 0.00500000
v 0.00743149 0.00811005 0.00500000
v 0.00707066 0.00842649 0.00500000
v 0.00669638 0.00872689 0.00500000
v 0.00630934 0.00901067 0.00500000
v 0.00591030 0.00927731 0.00500000
v 0.00550000 0.00952628 0.00500000
v 0.00507923 0.00975712 0.00500000
v 0.00464880 0.00996939 0.00500000
v 0.00420952 0.01016267 0.00500000
v 0.00376222 0.01033662 0.00500000
v 0.00330776 0.01049089 0.00500000
v 0.00284701 0.01062518 0.00500000
v 0.00238084 0.01073926 0.00500000
v 0.00191013 0.01083289 0.00500000
v 0.00143579 0.01090589 0.00500000
v 0.00095871 0.01095814 0.00500000
v 0.00047981 0.01098953 0.00500000
v 0.00000000 0.01100000 0.00500000
v -0.00047981 0.01098953 0.00500000
v -0.00095871 0.01095814 0.00500000
v -0.00143579 0.01090589 0.00500000
v -0.00191013 0.01083289 0.00500000
v -0.00238084 0.01073926 0.00500000
v -0.00284701 0.01062518 0.00500000
v -0.00330776 0.01049089 0.00500000
v -0.00376222 0.01033662 0.00500000
v -0.00420952 0.01016267 0.00500000
v -0.00464880 0.00996939 0.00500000
v -0.00507923 0.00975712 0.00500000
v -0.00550000 0.00952628 0.00500000
v -0.00591030 0.00927731 0.00500000
v -0.00630934 0.00901067 0.00500000
v -0.00669638 0.00872689 0.00500000
v -0.00707066 0.00842649 0.00500000
v -0.00743149 0.00811005 0.00500000
v -0.00777817 0.00777817 0.00500000
v -0.00811005 0.00743149 0.00500000
v -0.00842649 0.00707066 0.00500000
v -0.00872689 0.00669638 0.00500000
v -0.00901067 0.00630934 0.00500000
v -0.00927731 0.00591030 0.00500000
v -0.00952628 0.00550000 0.00500000
v -0.00975712 0.00507923 0.00500000
v -0.00996939 0.00464880 0.00500000
v -0.01016267 0.00420952 0.00500000
v -0.01033662 0.00376222 0.00500000
v -0.01049089 0.00330776 0.00500000
v -0.01062518 0.00284701 0.00500000
v -0.01073926 0.00238084 0.00500000
v -0.01083289 0.00191013 0.00500000
v -0.01090589 0.00143579 0.00500000
v -0.01095814 0.00095871 0.00500000
v -0.01098953 0.00047981 0.00500000
v -0.01100000 0.00000000 0.00500000
v -0.01098953 -0.00047981 0.00500000
v -0.01095814 -0.00095871 0.00500000
v -0.01090589 -0.00143579 0.00500000
v -0.01083289 -0.00191013 0.00500000
v -0.01073926 -0.00238084 0.00500000
v -0.01062518 -0.00284701 0.00500000
v -0.01049089 -0.00330776 0.00500000
v -0.01033662 -0.00376222 0.00500000
v -0.01016267 -0.00420952 0.00500000
v -0.00996939 -0.00464880 0.00500000
v -0.00975712 -0.00507923 0.00500000
v -0.00952628 -0.00550000 0.00500000
v -0.00927731 -0.00591030 0.00500000
v -0.00901067 -0.00630934 0.00500000
v -0.00872689 -0.00669638 0.00500000
v -0.00842649 -0.00707066 0.00500000
v -0.00811005 -0.00743149 0.00500000
v -0.00777817 -0.00777817 0.00500000
v -0.00743149 -0.00811005 0.00500000
v -0.00707066 -0.00842649 0.00500000
v -0.00669638 -0.00872689 0.00500000
v -0.00630934 -0.00901067 0.00500000
v -0.00591030 -0.00927731 0.00500000
v -0.00550000 -0.00952628 0.00500000
v -0.00507923 -0.00975712 0.00500000
v -0.00464880 -0.00996939 0.00500000
v -0.00420952 -0.01016267 0.00500000
v -0.00376222 -0.01033662 0.00500000
v -0.00330776 -0.01049089 0.00500000
v -0.00284701 -0.01062518 0.00500000
v -0.00238084 -0.01073926 0.00500000
v -0.00191013 -0.01083289 0.00500000
v -0.00143579 -0.01090589 0.00500000
v -0.00095871 -0.01095814 0.00500000
v -0.00047981 -0.01098953 0.00500000
v -0.00000000 -0.01100000 0.00500000
v 0.00047981 -0.01098953 0.00500000
v 0.00095871 -0.01095814 0.00500000
v 0.00143579 -0.01090589 0.00500000
v 0.00191013 -0.01083289 0.00500000
v 0.00238084 -0.01073926 0.00500000
v 0.00284701 -0.01062518 0.00500000
v 0.00330776 -0.01049089 0.00500000
v 0.00376222 -0.01033662 0.00500000
v 0.00420952 -0.01016267 0.00500000
v 0.00464880 -0.00996939 0.00500000
v 0.00507923 -0.00975712 0.00500000
v 0.00550000 -0.00952628 0.00500000
v 0.00591030 -0.00927731 0.00500000
v 0.00630934 -0.00901067 0.00500000
v 0.00669638 -0.00872689 0.00500000
v 0.00707066 -0.00842649 0.00500000
v 0.00743149 -0.00811005 0.00500000
v 0.00777817 -0.00777817 0.00500000
v 0.00811005 -0.00743149 0.00500000
v 0.00842649 -0.00707066 0.00500000
v 0.00872689 -0.00669638 0.00500000
v 0.00901067 -0.00630934 0.00500000
v 0.00927731 -0.00591030 0.00500000
v 0.00952628 -0.00550000 0.00500000
v 0.00975712 -0.00507923 0.00500000
v 0.00996939 -0.00464880 0.00500000
v 0.01016267 -0.00420952 0.00500000
v 0.01033662 -0.00376222 0.00500000
v 0.01049089 -0.00330776 0.00500000
v 0.01062518 -0.00284701 0.00500000
v 0.01073926 -0.00238084 0.00500000
v 0.01083289 -0.00191013 0.00500000
v 0.01090589 -0.00143579 0.00500000
v 0.01095814 -0.00095871 0.00500000
v 0.01098953 -0.00047981 0.00500000
v 0.01100000 -0.00000000 0.00500000
v 0.00002500 -0.00260000 0.06495000
v 0.00002500 -0.00999997 0.06495000
v 0.00002500 -0.00260000 0.06500000
v 0.00002500 -0.00999997 0.06500000
v 0.00000000 -0.01000000 0.06495000
v -0.00002500 -0.00260000 0.06495000
v -0.00002500 -0.00999997 0.06495000
v -0.00002500 -0.00260000 0.06500000
v -0.00002500 -0.00999997 0.06500000
v -0.00002500 0.00260000 0.06500000
v -0.00002500 0.00260000 0.06495000
v -0.00002500 0.00999997 0.06500000
v -0.00002500 0.00999997 0.06495000
v -0.00000000 0.01000000 0.06495000
v 0.00002500 0.00260000 0.06495000
v 0.00002500 0.00999997 0.06495000
v 0.00002500 0.00260000 0.06500000
v 0.00002500 0.00999997 0.06500000
v -0.00965609 -0.00260000 0.06000000
v 0.00965609 -0.00260000 0.06000000
v -0.00965926 -0.00258819 0.06000000
v 0.00965926 -0.00258819 0.06000000
v 0.00965609 0.00260000 0.06000000
v -0.00965609 0.00260000 0.06000000
v 0.00965926 0.00258819 0.06000000
v -0.00965926 0.00258819 0.06000000
v 0.00976296 0.00216440 0.06000000
v -0.00976296 0.00216440 0.06000000
v 0.00976296 -0.00216440 0.06000000
v 0.00984808 -0.00173648 0.06000000
v -0.00984808 0.00173648 0.06000000
v -0.00991445 0.00130526 0.06000000
v -0.00996195 0.00087156 0.06000000
v -0.00991445 -0.00130526 0.06000000
v -0.00996195 -0.00087156 0.06000000
v -0.00999048 -0.00043619 0.06000000
v -0.00984808 -0.00173648 0.06000000
v -0.00976296 -0.00216440 0.06000000
v -0.00999048 0.00043619 0.06000000
v -0.01000000 -0.00000000 0.06000000
v 0.00991445 -0.00130526 0.06000000
v 0.00996195 -0.00087156 0.06000000
v 0.00999048 -0.00043619 0.06000000
v 0.01000000 0.00000000 0.06000000
v 0.00999048 0.00043619 0.06000000
v 0.00996195 0.00087156 0.06000000
v 0.00991445 0.00130526 0.06000000
v 0.00984808 0.00173648 0.06000000
v 0.00043619 0.00999048 0.06500000
v 0.00965609 0.00260000 0.06500000
v 0.00953717 0.00300706 0.06500000
v 0.00939693 0.00342020 0.06500000
v 0.00737277 0.00675590 0.06500000
v 0.00707107 0.00707107 0.06500000
v 0.00173648 0.00984808 0.06500000
v 0.00130526 0.00991445 0.06500000
v 0.00087156 0.00996195 0.06500000
v 0.00923880 0.00382683 0.06500000
v 0.00906308 0.00422618 0.06500000
v 0.00887011 0.00461749 0.06500000
v 0.00422618 0.00906308 0.06500000
v 0.00461749 0.00887011 0.06500000
v 0.00500000 0.00866025 0.06500000
v 0.00382683 0.00923880 0.06500000
v 0.00342020 0.00939693 0.06500000
v 0.00300706 0.00953717 0.06500000
v 0.00866025 0.00500000 0.06500000
v 0.00843391 0.00537300 0.06500000
v 0.00819152 0.00573576 0.06500000
v 0.00793353 0.00608761 0.06500000
v 0.00766044 0.00642788 0.06500000
v 0.00258819 0.00965926 0.06500000
v 0.00216440 0.00976296 0.06500000
v 0.00675590 0.00737277 0.06500000
v 0.00642788 0.00766044 0.06500000
v 0.00608761 0.00793353 0.06500000
v 0.00573576 0.00819152 0.06500000
v 0.00537300 0.00843391 0.06500000
v -0.01950395 -0.02005773 -0.00100000
v -0.02072148 -0.02164444 -0.00100000
v -0.01939840 -0.02013513 -0.00100000
v -0.02054555 -0.02177343 -0.00100000
v -0.01928957 -0.02020784 -0.00100000
v -0.02036417 -0.02189463 -0.00100000
v -0.01917767 -0.02027575 -0.00100000
v -0.02017767 -0.02200780 -0.00100000
v -0.01906292 -0.02033870 -0.00100000
v -0.01998641 -0.02211272 -0.00100000
v -0.01894552 -0.02039659 -0.00100000
v -0.01979076 -0.02220921 -0.00100000
v -0.01882572 -0.02044931 -0.00100000
v -0.01959109 -0.02229707 -0.00100000
v -0.01870373 -0.02049675 -0.00100000
v -0.01938777 -0.02237613 -0.00100000
v -0.01857979 -0.02053882 -0.00100000
v -0.01918120 -0.02244625 -0.00100000
v -0.01845413 -0.02057545 -0.00100000
v -0.01897177 -0.02250730 -0.00100000
v -0.01832699 -0.02060656 -0.00100000
v -0.01875987 -0.02255915 -0.00100000
v -0.01819861 -0.02063209 -0.00100000
v -0.01854591 -0.02260171 -0.00100000
v -0.01806925 -0.02065200 -0.00100000
v -0.01833030 -0.02263489 -0.00100000
v -0.01793914 -0.02066625 -0.00100000
v -0.01811345 -0.02265864 -0.00100000
v -0.01780853 -0.02067481 -0.00100000
v -0.01789577 -0.02267291 -0.00100000
v -0.01767767 -0.02067767 -0.00100000
v -0.01767767 -0.02267767 -0.00100000
v -0.01754681 -0.02067481 -0.00100000
v -0.01745957 -0.02267291 -0.00100000
v -0.01741620 -0.02066625 -0.00100000
v -0.01724189 -0.02265864 -0.00100000
v -0.01728609 -0.02065200 -0.00100000
v -0.01702504 -0.02263489 -0.00100000
v -0.01715673 -0.02063209 -0.00100000
v -0.01680943 -0.02260171 -0.00100000
v -0.01702835 -0.02060656 -0.00100000
v -0.01659547 -0.02255915 -0.00100000
v -0.01690121 -0.02057545 -0.00100000
v -0.01638357 -0.02250730 -0.00100000
v -0.01677555 -0.02053882 -0.00100000
v -0.01617414 -0.02244625 -0.00100000
v -0.01665161 -0.02049675 -0.00100000
v -0.01596757 -0.02237613 -0.00100000
v -0.01652962 -0.02044931 -0.00100000
v -0.01576425 -0.02229707 -0.00100000
v -0.01640981 -0.02039659 -0.00100000
v -0.01556458 -0.02220921 -0.00100000
v -0.01629242 -0.02033870 -0.00100000
v -0.01536893 -0.02211272 -0.00100000
v -0.01617767 -0.02027575 -0.00100000
v -0.01517767 -0.02200780 -0.00100000
v -0.01606577 -0.02020784 -0.00100000
v -0.01499117 -0.02189463 -0.00100000
v -0.01595694 -0.02013513 -0.00100000
v -0.01480979 -0.02177343 -0.00100000
v -0.01585139 -0.02005773 -0.00100000
v -0.01463386 -0.02164444 -0.00100000
v -0.01574931 -0.01997580 -0.00100000
v -0.01446373 -0.02150789 -0.00100000
v -0.01565090 -0.01988950 -0.00100000
v -0.01429972 -0.02136406 -0.00100000
v -0.01555635 -0.01979899 -0.00100000
v -0.01414214 -0.02121320 -0.00100000
v -0.01546584 -0.01970444 -0.00100000
v -0.01399128 -0.02105562 -0.00100000
v -0.01537954 -0.01960603 -0.00100000
v -0.01384745 -0.02089161 -0.00100000
v -0.01529761 -0.01950395 -0.00100000
v -0.01371090 -0.02072148 -0.00100000
v -0.01522021 -0.01939840 -0.00100000
v -0.01358191 -0.02054555 -0.00100000
v -0.01514750 -0.01928957 -0.00100000
v -0.01346071 -0.02036417 -0.00100000
v -0.01507959 -0.01917767 -0.00100000
v -0.01334754 -0.02017767 -0.00100000
v -0.01501664 -0.01906292 -0.00100000
v -0.01324262 -0.01998641 -0.00100000
v -0.01495875 -0.01894552 -0.00100000
v -0.01314613 -0.01979076 -0.00100000
v -0.01490603 -0.01882572 -0.00100000
v -0.01305827 -0.01959109 -0.00100000
v -0.01485859 -0.01870373 -0.00100000
v -0.01297921 -0.01938777 -0.00100000
v -0.01481652 -0.01857979 -0.00100000
v -0.01290908 -0.01918120 -0.00100000
v -0.01477989 -0.01845413 -0.00100000
v -0.01284804 -0.01897177 -0.00100000
v -0.01474878 -0.01832699 -0.00100000
v -0.01279619 -0.01875987 -0.00100000
v -0.01472325 -0.01819861 -0.00100000
v -0.01275363 -0.01854591 -0.00100000
v -0.01470334 -0.01806925 -0.00100000
v -0.01272045 -0.01833030 -0.00100000
v -0.01468909 -0.01793914 -0.00100000
v -0.01269670 -0.01811345 -0.00100000
v -0.01468053 -0.01780853 -0.00100000
v -0.01268243 -0.01789577 -0.00100000
v -0.01467767 -0.01767767 -0.00100000
v -0.01267767 -0.01767767 -0.00100000
v -0.01468053 -0.01754681 -0.00100000
v -0.01268243 -0.01745957 -0.00100000
v -0.01468909 -0.01741620 -0.00100000
v -0.01269670 -0.01724189 -0.00100000
v -0.01470334 -0.01728609 -0.00100000
v -0.01272045 -0.01702504 -0.00100000
v -0.01472325 -0.01715673 -0.00100000
v -0.01275363 -0.01680943 -0.00100000
v -0.01474878 -0.01702835 -0.00100000
v -0.01279619 -0.01659547 -0.00100000
v -0.01477989 -0.01690121 -0.00100000
v -0.01284804 -0.01638357 -0.00100000
v -0.01481652 -0.01677555 -0.00100000
v -0.01290908 -0.01617414 -0.00100000
v -0.01485859 -0.01665161 -0.00100000
v -0.01297921 -0.01596757 -0.00100000
v -0.01490603 -0.01652962 -0.00100000
v -0.01305827 -0.01576425 -0.00100000
v -0.01495875 -0.01640981 -0.00100000
v -0.01314613 -0.01556458 -0.00100000
v -0.01501664 -0.01629242 -0.00100000
v -0.01324262 -0.01536893 -0.00100000
v -0.01507959 -0.01617767 -0.00100000
v -0.01334754 -0.01517767 -0.00100000
v -0.01514750 -0.01606577 -0.00100000
v -0.01346071 -0.01499117 -0.00100000
v -0.01522021 -0.01595694 -0.00100000
v -0.01358191 -0.01480979 -0.00100000
v -0.01529761 -0.01585139 -0.00100000
v -0.01371090 -0.01463386 -0.00100000
v -0.01537954 -0.01574931 -0.00100000
v -0.01384745 -0.01446373 -0.00100000
v -0.01546584 -0.01565090 -0.00100000
v -0.01399128 -0.01429972 -0.00100000
v -0.01555635 -0.01555635 -0.00100000
v -0.01414214 -0.01414214 -0.00100000
v -0.01565090 -0.01546584 -0.00100000
v -0.01429972 -0.01399128 -0.00100000
v -0.01574931 -0.01537954 -0.00100000
v -0.01446373 -0.01384745 -0.00100000
v -0.01585139 -0.01529761 -0.00100000
v -0.01463386 -0.01371090 -0.00100000
v -0.01595694 -0.01522021 -0.00100000
v -0.01480979 -0.01358191 -0.00100000
v -0.01606577 -0.01514750 -0.00100000
v -0.01499117 -0.01346071 -0.00100000
v -0.01617767 -0.01507959 -0.00100000
v -0.01517767 -0.01334754 -0.00100000
v -0.01629242 -0.01501664 -0.00100000
v -0.01536893 -0.01324262 -0.00100000
v -0.01640981 -0.01495875 -0.00100000
v -0.01556458 -0.01314613 -0.00100000
v -0.01652962 -0.01490603 -0.00100000
v -0.01576425 -0.01305827 -0.00100000
v -0.01665161 -0.01485859 -0.00100000
v -0.01596757 -0.01297921 -0.00100000
v -0.01677555 -0.01481652 -0.00100000
v -0.01617414 -0.01290908 -0.00100000
v -0.01690121 -0.01477989 -0.00100000
v -0.01638357 -0.01284804 -0.00100000
v -0.01702835 -0.01474878 -0.00100000
v -0.01659547 -0.01279619 -0.00100000
v -0.01715673 -0.01472325 -0.00100000
v -0.01680943 -0.01275363 -0.00100000
v -0.01728609 -0.01470334 -0.00100000
v -0.01702504 -0.01272045 -0.00100000
v -0.01741620 -0.01468909 -0.00100000
v -0.01724189 -0.01269670 -0.00100000
v -0.01754681 -0.01468053 -0.00100000
v -0.01745957 -0.01268243 -0.00100000
v -0.01767767 -0.01467767 -0.00100000
v -0.01767767 -0.01267767 -0.00100000
v -0.01780853 -0.01468053 -0.00100000
v -0.01789577 -0.01268243 -0.00100000
v -0.01793914 -0.01468909 -0.00100000
v -0.01811345 -0.01269670 -0.00100000
v -0.01806925 -0.01470334 -0.00100000
v -0.01833030 -0.01272045 -0.00100000
v -0.01819861 -0.01472325 -0.00100000
v -0.01854591 -0.01275363 -0.00100000
v -0.01832699 -0.01474878 -0.00100000
v -0.01875987 -0.01279619 -0.00100000
v -0.01845413 -0.01477989 -0.00100000
v -0.01897177 -0.01284804 -0.00100000
v -0.01857979 -0.01481652 -0.00100000
v -0.01918120 -0.01290908 -0.00100000
v -0.01870373 -0.01485859 -0.00100000
v -0.01938777 -0.01297921 -0.00100000
v -0.01882572 -0.01490603 -0.00100000
v -0.01959109 -0.01305827 -0.00100000
v -0.01894552 -0.01495875 -0.00100000
v -0.01979076 -0.01314613 -0.00100000
v -0.01906292 -0.01501664 -0.00100000
v -0.01998641 -0.01324262 -0.00100000
v -0.01917767 -0.01507959 -0.00100000
v -0.02017767 -0.01334754 -0.00100000
v -0.01928957 -0.01514750 -0.00100000
v -0.02036417 -0.01346071 -0.00100000
v -0.01939840 -0.01522021 -0.00100000
v -0.02054555 -0.01358191 -0.00100000
v -0.01950395 -0.01529761 -0.00100000
v -0.02072148 -0.01371090 -0.00100000
v -0.01960603 -0.01537954 -0.00100000
v -0.02089161 -0.01384745 -0.00100000
v -0.01970444 -0.01546584 -0.00100000
v -0.02105562 -0.01399128 -0.00100000
v -0.01979899 -0.01555635 -0.00100000
v -0.02121320 -0.01414214 -0.00100000
v -0.01988950 -0.01565090 -0.00100000
v -0.02136406 -0.01429972 -0.00100000
v -0.01997580 -0.01574931 -0.00100000
v -0.02150789 -0.01446373 -0.00100000
v -0.02005773 -0.01585139 -0.00100000
v -0.02164444 -0.01463386 -0.00100000
v -0.02013513 -0.01595694 -0.00100000
v -0.02177343 -0.01480979 -0.00100000
v -0.02020784 -0.01606577 -0.00100000
v -0.02189463 -0.01499117 -0.00100000
v -0.02027575 -0.01617767 -0.00100000
v -0.02200780 -0.01517767 -0.00100000
v -0.02033870 -0.01629242 -0.00100000
v -0.02211272 -0.01536893 -0.00100000
v -0.02039659 -0.01640981 -0.00100000
v -0.02220921 -0.01556458 -0.00100000
v -0.02044931 -0.01652962 -0.00100000
v -0.02229707 -0.01576425 -0.00100000
v -0.02049675 -0.01665161 -0.00100000
v -0.02237613 -0.01596757 -0.00100000
v -0.02053882 -0.01677555 -0.00100000
v -0.02244625 -0.01617414 -0.00100000
v -0.02057545 -0.01690121 -0.00100000
v -0.02250730 -0.01638357 -0.00100000
v -0.02060656 -0.01702835 -0.00100000
v -0.02255915 -0.01659547 -0.00100000
v -0.02063209 -0.01715673 -0.00100000
v -0.02260171 -0.01680943 -0.00100000
v -0.02065200 -0.01728609 -0.00100000
v -0.02263489 -0.01702504 -0.00100000
v -0.02066625 -0.01741620 -0.00100000
v -0.02265864 -0.01724189 -0.00100000
v -0.02067481 -0.01754681 -0.00100000
v -0.02267291 -0.01745957 -0.00100000
v -0.02067767 -0.01767767 -0.00100000
v -0.02267767 -0.01767767 -0.00100000
v -0.02067481 -0.01780853 -0.00100000
v -0.02267291 -0.01789577 -0.00100000
v -0.02066625 -0.01793914 -0.00100000
v -0.02265864 -0.01811345 -0.00100000
v -0.02065200 -0.01806925 -0.00100000
v -0.02263489 -0.01833030 -0.00100000
v -0.02063209 -0.01819861 -0.00100000
v -0.02260171 -0.01854591 -0.00100000
v -0.02060656 -0.01832699 -0.00100000
v -0.02255915 -0.01875987 -0.00100000
v -0.02057545 -0.01845413 -0.00100000
v -0.02250730 -0.01897177 -0.00100000
v -0.02053882 -0.01857979 -0.00100000
v -0.02244625 -0.01918120 -0.00100000
v -0.02049675 -0.01870373 -0.00100000
v -0.02237613 -0.01938777 -0.00100000
v -0.02044931 -0.01882572 -0.00100000
v -0.02229707 -0.01959109 -0.00100000
v -0.02039659 -0.01894552 -0.00100000
v -0.02220921 -0.01979076 -0.00100000
v -0.02033870 -0.01906292 -0.00100000
v -0.02211272 -0.01998641 -0.00100000
v -0.02027575 -0.01917767 -0.00100000
v -0.02200780 -0.02017767 -0.00100000
v -0.02020784 -0.01928957 -0.00100000
v -0.02189463 -0.02036417 -0.00100000
v -0.02013513 -0.01939840 -0.00100000
v -0.02177343 -0.02054555 -0.00100000
v -0.02005773 -0.01950395 -0.00100000
v -0.02164444 -0.02072148 -0.00100000
v -0.01997580 -0.01960603 -0.00100000
v -0.02150789 -0.02089161 -0.00100000
v -0.01988950 -0.01970444 -0.00100000
v -0.02136406 -0.02105562 -0.00100000
v -0.01979899 -0.01979899 -0.00100000
v -0.02121320 -0.02121320 -0.00100000
v -0.01970444 -0.01988950 -0.00100000
v -0.02105562 -0.02136406 -0.00100000
v -0.01960603 -0.01997580 -0.00100000
v -0.02089161 -0.02150789 -0.00100000
v -0.01267767 -0.01767767 0.00500000
v -0.01268243 -0.01745957 0.00500000
v -0.01269670 -0.01724189 0.00500000
v -0.01272045 -0.01702504 0.00500000
v -0.01275363 -0.01680943 0.00500000
v -0.01279619 -0.01659547 0.00500000
v -0.01284804 -0.01638357 0.00500000
v -0.01290908 -0.01617414 0.00500000
v -0.01297921 -0.01596757 0.00500000
v -0.01305827 -0.01576425 0.00500000
v -0.01314613 -0.01556458 0.00500000
v -0.01324262 -0.01536893 0.00500000
v -0.01334754 -0.01517767 0.00500000
v -0.01346071 -0.01499117 0.00500000
v -0.01358191 -0.01480979 0.00500000
v -0.01371090 -0.01463386 0.00500000
v -0.01384745 -0.01446373 0.00500000
v -0.01399128 -0.01429972 0.00500000
v -0.01414214 -0.01414214 0.00500000
v -0.01429972 -0.01399128 0.00500000
v -0.01446373 -0.01384745 0.00500000
v -0.01463386 -0.01371090 0.00500000
v -0.01480979 -0.01358191 0.00500000
v -0.01499117 -0.01346071 0.00500000
v -0.01517767 -0.01334754 0.00500000
v -0.01536893 -0.01324262 0.00500000
v -0.01556458 -0.01314613 0.00500000
v -0.01576425 -0.01305827 0.00500000
v -0.01596757 -0.01297921 0.00500000
v -0.01617414 -0.01290908 0.00500000
v -0.01638357 -0.01284804 0.00500000
v -0.01659547 -0.01279619 0.00500000
v -0.01680943 -0.01275363 0.00500000
v -0.01702504 -0.01272045 0.00500000
v -0.01724189 -0.01269670 0.00500000
v -0.01745957 -0.01268243 0.00500000
v -0.01767767 -0.01267767 0.00500000
v -0.01789577 -0.01268243 0.00500000
v -0.01811345 -0.01269670 0.00500000
v -0.01833030 -0.01272045 0.00500000
v -0.01854591 -0.01275363 0.00500000
v -0.01875987 -0.01279619 0.00500000
v -0.01897177 -0.01284804 0.00500000
v -0.01918120 -0.01290908 0.00500000
v -0.01938777 -0.01297921 0.00500000
v -0.01959109 -0.01305827 0.00500000
v -0.01979076 -0.01314613 0.00500000
v -0.01998641 -0.01324262 0.00500000
v -0.02017767 -0.01334754 0.00500000
v -0.02036417 -0.01346071 0.00500000
v -0.02054555 -0.01358191 0.00500000
v -0.02072148 -0.01371090 0.00500000
v -0.02089161 -0.01384745 0.00500000
v -0.02105562 -0.01399128 0.00500000
v -0.02121320 -0.01414214 0.00500000
v -0.02136406 -0.01429972 0.00500000
v -0.02150789 -0.01446373 0.00500000
v -0.02164444 -0.01463386 0.00500000
v -0.02177343 -0.01480979 0.00500000
v -0.02189463 -0.01499117 0.00500000
v -0.02200780 -0.01517767 0.00500000
v -0.02211272 -0.01536893 0.00500000
v -0.02220921 -0.01556458 0.00500000
v -0.02229707 -0.01576425 0.00500000
v -0.02237613 -0.01596757 0.00500000
v -0.02244625 -0.01617414 0.00500000
v -0.02250730 -0.01638357 0.00500000
v -0.02255915 -0.01659547 0.00500000
v -0.02260171 -0.01680943 0.00500000
v -0.02263489 -0.01702504 0.00500000
v -0.02265864 -0.01724189 0.00500000
v -0.02267291 -0.01745957 0.00500000
v -0.02267767 -0.01767767 0.00500000
v -0.02267291 -0.01789577 0.00500000
v -0.02265864 -0.01811345 0.00500000
v -0.02263489 -0.01833030 0.00500000
v -0.02260171 -0.01854591 0.00500000
v -0.02255915 -0.01875987 0.00500000
v -0.02250730 -0.01897177 0.00500000
v -0.02244625 -0.01918120 0.00500000
v -0.02237613 -0.01938777 0.00500000
v -0.02229707 -0.01959109 0.00500000
v -0.02220921 -0.01979076 0.00500000
v -0.02211272 -0.01998641 0.00500000
v -0.02200780 -0.02017767 0.00500000
v -0.02189463 -0.02036417 0.00500000
v -0.02177343 -0.02054555 0.00500000
v -0.02164444 -0.02072148 0.00500000
v -0.02150789 -0.02089161 0.00500000
v -0.02136406 -0.02105562 0.00500000
v -0.02121320 -0.02121320 0.00500000
v -0.02105562 -0.02136406 0.00500000
v -0.02089161 -0.02150789 0.00500000
v -0.02072148 -0.02164444 0.00500000
v -0.02054555 -0.02177343 0.00500000
v -0.02036417 -0.02189463 0.00500000
v -0.02017767 -0.02200780 0.00500000
v -0.01998641 -0.02211272 0.00500000
v -0.01979076 -0.02220921 0.00500000
v -0.01959109 -0.02229707 0.00500000
v -0.01938777 -0.02237613 0.00500000
v -0.01918120 -0.02244625 0.00500000
v -0.01897177 -0.02250730 0.00500000
v -0.01875987 -0.02255915 0.00500000
v -0.01854591 -0.02260171 0.00500000
v -0.01833030 -0.02263489 0.00500000
v -0.01811345 -0.02265864 0.00500000
v -0.01789577 -0.02267291 0.00500000
v -0.01767767 -0.02267767 0.00500000
v -0.01745957 -0.02267291 0.00500000
v -0.01724189 -0.02265864 0.00500000
v -0.01702504 -0.02263489 0.00500000
v -0.01680943 -0.02260171 0.00500000
v -0.01659547 -0.02255915 0.00500000
v -0.01638357 -0.02250730 0.00500000
v -0.01617414 -0.02244625 0.00500000
v -0.01596757 -0.02237613 0.00500000
v -0.01576425 -0.02229707 0.00500000
v -0.01556458 -0.02220921 0.00500000
v -0.01536893 -0.02211272 0.00500000
v -0.01517767 -0.02200780 0.00500000
v -0.01499117 -0.02189463 0.00500000
v -0.01480979 -0.02177343 0.00500000
v -0.01463386 -0.02164444 0.00500000
v -0.01446373 -0.02150789 0.00500000
v -0.01429972 -0.02136406 0.00500000
v -0.01414214 -0.02121320 0.00500000
v -0.01399128 -0.02105562 0.00500000
v -0.01384745 -0.02089161 0.00500000
v -0.01371090 -0.02072148 0.00500000
v -0.01358191 -0.02054555 0.00500000
v -0.01346071 -0.02036417 0.00500000
v -0.01334754 -0.02017767 0.00500000
v -0.01324262 -0.01998641 0.00500000
v -0.01314613 -0.01979076 0.00500000
v -0.01305827 -0.01959109 0.00500000
v -0.01297921 -0.01938777 0.00500000
v -0.01290908 -0.01918120 0.00500000
v -0.01284804 -0.01897177 0.00500000
v -0.01279619 -0.01875987 0.00500000
v -0.01275363 -0.01854591 0.00500000
v -0.01272045 -0.01833030 0.00500000
v -0.01269670 -0.01811345 0.00500000
v -0.01268243 -0.01789577 0.00500000
v 0.01870373 -0.01485859 -0.00100000
v 0.01938777 -0.01297921 -0.00100000
v 0.01857979 -0.01481652 -0.00100000
v 0.01918120 -0.01290908 -0.00100000
v 0.01845413 -0.01477989 -0.00100000
v 0.01897177 -0.01284804 -0.00100000
v 0.01832699 -0.01474878 -0.00100000
v 0.01875987 -0.01279619 -0.00100000
v 0.01819861 -0.01472325 -0.00100000
v 0.01854591 -0.01275363 -0.00100000
v 0.01806925 -0.01470334 -0.00100000
v 0.01833030 -0.01272045 -0.00100000
v 0.01793914 -0.01468909 -0.00100000
v 0.01811345 -0.01269670 -0.00100000
v 0.01780853 -0.01468053 -0.00100000
v 0.01789577 -0.01268243 -0.00100000
v 0.01767767 -0.01467767 -0.00100000
v 0.01767767 -0.01267767 -0.00100000
v 0.01754681 -0.01468053 -0.00100000
v 0.01745957 -0.01268243 -0.00100000
v 0.01741620 -0.01468909 -0.00100000
v 0.01724189 -0.01269670 -0.00100000
v 0.01728609 -0.01470334 -0.00100000
v 0.01702504 -0.01272045 -0.00100000
v 0.01715673 -0.01472325 -0.00100000
v 0.01680943 -0.01275363 -0.00100000
v 0.01702835 -0.01474878 -0.00100000
v 0.01659547 -0.01279619 -0.00100000
v 0.01690121 -0.01477989 -0.00100000
v 0.01638357 -0.01284804 -0.00100000
v 0.01677555 -0.01481652 -0.00100000
v 0.01617414 -0.01290908 -0.00100000
v 0.01665161 -0.01485859 -0.00100000
v 0.01596757 -0.01297921 -0.00100000
v 0.01652962 -0.01490603 -0.00100000
v 0.01576425 -0.01305827 -0.00100000
v 0.01640981 -0.01495875 -0.00100000
v 0.01556458 -0.01314613 -0.00100000
v 0.01629242 -0.01501664 -0.00100000
v 0.01536893 -0.01324262 -0.00100000
v 0.01617767 -0.01507959 -0.00100000
v 0.01517767 -0.01334754 -0.00100000
v 0.01606577 -0.01514750 -0.00100000
v 0.01499117 -0.01346071 -0.00100000
v 0.01595694 -0.01522021 -0.00100000
v 0.01480979 -0.01358191 -0.00100000
v 0.01585139 -0.01529761 -0.00100000
v 0.01463386 -0.01371090 -0.00100000
v 0.01574931 -0.01537954 -0.00100000
v 0.01446373 -0.01384745 -0.00100000
v 0.01565090 -0.01546584 -0.00100000
v 0.01429972 -0.01399128 -0.00100000
v 0.01555635 -0.01555635 -0.00100000
v 0.01414214 -0.01414214 -0.00100000
v 0.01546584 -0.01565090 -0.00100000
v 0.01399128 -0.01429972 -0.00100000
v 0.01537954 -0.01574931 -0.00100000
v 0.01384745 -0.01446373 -0.00100000
v 0.01529761 -0.01585139 -0.00100000
v 0.01371090 -0.01463386 -0.00100000
v 0.01522021 -0.01595694 -0.00100000
v 0.01358191 -0.01480979 -0.00100000
v 0.01514750 -0.01606577 -0.00100000
v 0.01346071 -0.01499117 -0.00100000
v 0.01507959 -0.01617767 -0.00100000
v 0.01334754 -0.01517767 -0.00100000
v 0.01501664 -0.01629242 -0.00100000
v 0.01324262 -0.01536893 -0.00100000
v 0.01495875 -0.01640981 -0.00100000
v 0.01314613 -0.01556458 -0.00100000
v 0.01490603 -0.01652962 -0.00100000
v 0.01305827 -0.01576425 -0.00100000
v 0.01485859 -0.01665161 -0.00100000
v 0.01297921 -0.01596757 -0.00100000
v 0.01481652 -0.01677555 -0.00100000
v 0.01290908 -0.01617414 -0.00100000
v 0.01477989 -0.01690121 -0.00100000
v 0.01284804 -0.01638357 -0.00100000
v 0.01474878 -0.01702835 -0.00100000
v 0.01279619 -0.01659547 -0.00100000
v 0.01472325 -0.01715673 -0.00100000
v 0.01275363 -0.01680943 -0.00100000
v 0.01470334 -0.01728609 -0.00100000
v 0.01272045 -0.01702504 -0.00100000
v 0.01468909 -0.01741620 -0.00100000
v 0.01269670 -0.01724189 -0.00100000
v 0.01468053 -0.01754681 -0.00100000
v 0.01268243 -0.01745957 -0.00100000
v 0.01467767 -0.01767767 -0.00100000
v 0.01267767 -0.01767767 -0.00100000
v 0.01468053 -0.01780853 -0.00100000
v 0.01268243 -0.01789577 -0.00100000
v 0.01468909 -0.01793914 -0.00100000
v 0.01269670 -0.01811345 -0.00100000
v 0.01470334 -0.01806925 -0.00100000
v 0.01272045 -0.01833030 -0.00100000
v 0.01472325 -0.01819861 -0.00100000
v 0.01275363 -0.01854591 -0.00100000
v 0.01474878 -0.01832699 -0.00100000
v 0.01279619 -0.01875987 -0.00100000
v 0.01477989 -0.01845413 -0.00100000
v 0.01284804 -0.01897177 -0.00100000
v 0.01481652 -0.01857979 -0.00100000
v 0.01290908 -0.01918120 -0.00100000
v 0.01485859 -0.01870373 -0.00100000
v 0.01297921 -0.01938777 -0.00100000
v 0.01490603 -0.01882572 -0.00100000
v 0.01305827 -0.01959109 -0.00100000
v 0.01495875 -0.01894552 -0.00100000
v 0.01314613 -0.01979076 -0.00100000
v 0.01501664 -0.01906292 -0.00100000
v 0.01324262 -0.01998641 -0.00100000
v 0.01507959 -0.01917767 -0.00100000
v 0.01334754 -0.02017767 -0.00100000
v 0.01514750 -0.01928957 -0.00100000
v 0.01346071 -0.02036417 -0.00100000
v 0.01522021 -0.01939840 -0.00100000
v 0.01358191 -0.02054555 -0.00100000
v 0.01529761 -0.01950395 -0.00100000
v 0.01371090 -0.02072148 -0.00100000
v 0.01537954 -0.01960603 -0.00100000
v 0.01384745 -0.02089161 -0.00100000
v 0.01546584 -0.01970444 -0.00100000
v 0.01399128 -0.02105562 -0.00100000
v 0.01555635 -0.01979899 -0.00100000
v 0.01414214 -0.02121320 -0.00100000
v 0.01565090 -0.01988950 -0.00100000
v 0.01429972 -0.02136406 -0.00100000
v 0.01574931 -0.01997580 -0.00100000
v 0.01446373 -0.02150789 -0.00100000
v 0.01585139 -0.02005773 -0.00100000
v 0.01463386 -0.02164444 -0.00100000
v 0.01595694 -0.02013513 -0.00100000
v 0.01480979 -0.02177343 -0.00100000
v 0.01606577 -0.02020784 -0.00100000
v 0.01499117 -0.02189463 -0.00100000
v 0.01617767 -0.02027575 -0.00100000
v 0.01517767 -0.02200780 -0.00100000
v 0.01629242 -0.02033870 -0.00100000
v 0.01536893 -0.02211272 -0.00100000
v 0.01640981 -0.02039659 -0.00100000
v 0.01556458 -0.02220921 -0.00100000
v 0.01652962 -0.02044931 -0.00100000
v 0.01576425 -0.02229707 -0.00100000
v 0.01665161 -0.02049675 -0.00100000
v 0.01596757 -0.02237613 -0.00100000
v 0.01677555 -0.02053882 -0.00100000
v 0.01617414 -0.02244625 -0.00100000
v 0.01690121 -0.02057545 -0.00100000
v 0.01638357 -0.02250730 -0.00100000
v 0.01702835 -0.02060656 -0.00100000
v 0.01659547 -0.02255915 -0.00100000
v 0.01715673 -0.02063209 -0.00100000
v 0.01680943 -0.02260171 -0.00100000
v 0.01728609 -0.02065200 -0.00100000
v 0.01702504 -0.02263489 -0.00100000
v 0.01741620 -0.02066625 -0.00100000
v 0.01724189 -0.02265864 -0.00100000
v 0.01754681 -0.02067481 -0.00100000
v 0.01745957 -0.02267291 -0.00100000
v 0.01767767 -0.02067767 -0.00100000
v 0.01767767 -0.02267767 -0.00100000
v 0.01780853 -0.02067481 -0.00100000
v 0.01789577 -0.02267291 -0.00100000
v 0.01793914 -0.02066625 -0.00100000
v 0.01811345 -0.02265864 -0.00100000
v 0.01806925 -0.02065200 -0.00100000
v 0.01833030 -0.02263489 -0.00100000
v 0.01819861 -0.02063209 -0.00100000
v 0.01854591 -0.02260171 -0.00100000
v 0.01832699 -0.02060656 -0.00100000
v 0.01875987 -0.02255915 -0.00100000
v 0.01845413 -0.02057545 -0.00100000
v 0.01897177 -0.02250730 -0.00100000
v 0.01857979 -0.02053882 -0.00100000
v 0.01918120 -0.02244625 -0.00100000
v 0.01870373 -0.02049675 -0.00100000
v 0.01938777 -0.02237613 -0.00100000
v 0.01882572 -0.02044931 -0.00100000
v 0.01959109 -0.02229707 -0.00100000
v 0.01894552 -0.02039659 -0.00100000
v 0.01979076 -0.02220921 -0.00100000
v 0.01906292 -0.02033870 -0.00100000
v 0.01998641 -0.02211272 -0.00100000
v 0.01917767 -0.02027575 -0.00100000
v 0.02017767 -0.02200780 -0.00100000
v 0.01928957 -0.02020784 -0.00100000
v 0.02036417 -0.02189463 -0.00100000
v 0.01939840 -0.02013513 -0.00100000
v 0.02054555 -0.02177343 -0.00100000
v 0.01950395 -0.02005773 -0.00100000
v 0.02072148 -0.02164444 -0.00100000
v 0.01960603 -0.01997580 -0.00100000
v 0.02089161 -0.02150789 -0.00100000
v 0.01970444 -0.01988950 -0.00100000
v 0.02105562 -0.02136406 -0.00100000
v 0.01979899 -0.01979899 -0.00100000
v 0.02121320 -0.02121320 -0.00100000
v 0.01988950 -0.01970444 -0.00100000
v 0.02136406 -0.02105562 -0.00100000
v 0.01997580 -0.01960603 -0.00100000
v 0.02150789 -0.02089161 -0.00100000
v 0.02005773 -0.01950395 -0.00100000
v 0.02164444 -0.02072148 -0.00100000
v 0.02013513 -0.01939840 -0.00100000
v 0.02177343 -0.02054555 -0.00100000
v 0.02020784 -0.01928957 -0.00100000
v 0.02189463 -0.02036417 -0.00100000
v 0.02027575 -0.01917767 -0.00100000
v 0.02200780 -0.02017767 -0.00100000
v 0.02033870 -0.01906292 -0.00100000
v 0.02211272 -0.01998641 -0.00100000
v 0.02039659 -0.01894552 -0.00100000
v 0.02220921 -0.01979076 -0.00100000
v 0.02044931 -0.01882572 -0.00100000
v 0.02229707 -0.01959109 -0.00100000
v 0.02049675 -0.01870373 -0.00100000
v 0.02237613 -0.01938777 -0.00100000
v 0.02053882 -0.01857979 -0.00100000
v 0.02244625 -0.01918120 -0.00100000
v 0.02057545 -0.01845413 -0.00100000
v 0.02250730 -0.01897177 -0.00100000
v 0.02060656 -0.01832699 -0.00100000
v 0.02255915 -0.01875987 -0.00100000
v 0.02063209 -0.01819861 -0.00100000
v 0.02260171 -0.01854591 -0.00100000
v 0.02065200 -0.01806925 -0.00100000
v 0.02263489 -0.01833030 -0.00100000
v 0.02066625 -0.01793914 -0.00100000
v 0.02265864 -0.01811345 -0.00100000
v 0.02067481 -0.01780853 -0.00100000
v 0.02267291 -0.01789577 -0.00100000
v 0.02067767 -0.01767767 -0.00100000
v 0.02267767 -0.01767767 -0.00100000
v 0.02067481 -0.01754681 -0.00100000
v 0.02267291 -0.01745957 -0.00100000
v 0.02066625 -0.01741620 -0.00100000
v 0.02265864 -0.01724189 -0.00100000
v 0.02065200 -0.01728609 -0.00100000
v 0.02263489 -0.01702504 -0.00100000
v 0.02063209 -0.01715673 -0.00100000
v 0.02260171 -0.01680943 -0.00100000
v 0.02060656 -0.01702835 -0.00100000
v 0.02255915 -0.01659547 -0.00100000
v 0.02057545 -0.01690121 -0.00100000
v 0.02250730 -0.01638357 -0.00100000
v 0.02053882 -0.01677555 -0.00100000
v 0.02244625 -0.01617414 -0.00100000
v 0.02049675 -0.01665161 -0.00100000
v 0.02237613 -0.01596757 -0.00100000
v 0.02044931 -0.01652962 -0.00100000
v 0.02229707 -0.01576425 -0.00100000
v 0.02039659 -0.01640981 -0.00100000
v 0.02220921 -0.01556458 -0.00100000
v 0.02033870 -0.01629242 -0.00100000
v 0.02211272 -0.01536893 -0.00100000
v 0.02027575 -0.01617767 -0.00100000
v 0.02200780 -0.01517767 -0.00100000
v 0.02020784 -0.01606577 -0.00100000
v 0.02189463 -0.01499117 -0.00100000
v 0.02013513 -0.01595694 -0.00100000
v 0.02177343 -0.01480979 -0.00100000
v 0.02005773 -0.01585139 -0.00100000
v 0.02164444 -0.01463386 -0.00100000
v 0.01997580 -0.01574931 -0.00100000
v 0.02150789 -0.01446373 -0.00100000
v 0.01988950 -0.01565090 -0.00100000
v 0.02136406 -0.01429972 -0.00100000
v 0.01979899 -0.01555635 -0.00100000
v 0.02121320 -0.01414214 -0.00100000
v 0.01970444 -0.01546584 -0.00100000
v 0.02105562 -0.01399128 -0.00100000
v 0.01960603 -0.01537954 -0.00100000
v 0.02089161 -0.01384745 -0.00100000
v 0.01950395 -0.01529761 -0.00100000
v 0.02072148 -0.01371090 -0.00100000
v 0.01939840 -0.01522021 -0.00100000
v 0.02054555 -0.01358191 -0.00100000
v 0.01928957 -0.01514750 -0.00100000
v 0.02036417 -0.01346071 -0.00100000
v 0.01917767 -0.01507959 -0.00100000
v 0.02017767 -0.01334754 -0.00100000
v 0.01906292 -0.01501664 -0.00100000
v 0.01998641 -0.01324262 -0.00100000
v 0.01894552 -0.01495875 -0.00100000
v 0.01979076 -0.01314613 -0.00100000
v 0.01882572 -0.01490603 -0.00100000
v 0.01959109 -0.01305827 -0.00100000
v 0.02267767 -0.01767767 0.00500000
v 0.02267291 -0.01745957 0.00500000
v 0.02265864 -0.01724189 0.00500000
v 0.02263489 -0.01702504 0.00500000
v 0.02260171 -0.01680943 0.00500000
v 0.02255915 -0.01659547 0.00500000
v 0.02250730 -0.01638357 0.00500000
v 0.02244625 -0.01617414 0.00500000
v 0.02237613 -0.01596757 0.00500000
v 0.02229707 -0.01576425 0.00500000
v 0.02220921 -0.01556458 0.00500000
v 0.02211272 -0.01536893 0.00500000
v 0.02200780 -0.01517767 0.00500000
v 0.02189463 -0.01499117 0.00500000
v 0.02177343 -0.01480979 0.00500000
v 0.02164444 -0.01463386 0.00500000
v 0.02150789 -0.01446373 0.00500000
v 0.02136406 -0.01429972 0.00500000
v 0.02121320 -0.01414214 0.00500000
v 0.02105562 -0.01399128 0.00500000
v 0.02089161 -0.01384745 0.00500000
v 0.02072148 -0.01371090 0.00500000
v 0.02054555 -0.01358191 0.00500000
v 0.02036417 -0.01346071 0.00500000
v 0.02017767 -0.01334754 0.00500000
v 0.01998641 -0.01324262 0.00500000
v 0.01979076 -0.01314613 0.00500000
v 0.01959109 -0.01305827 0.00500000
v 0.01938777 -0.01297921 0.00500000
v 0.01918120 -0.01290908 0.00500000
v 0.01897177 -0.01284804 0.00500000
v 0.01875987 -0.01279619 0.00500000
v 0.01854591 -0.01275363 0.00500000
v 0.01833030 -0.01272045 0.00500000
v 0.01811345 -0.01269670 0.00500000
v 0.01789577 -0.01268243 0.00500000
v 0.01767767 -0.01267767 0.00500000
v 0.01745957 -0.01268243 0.00500000
v 0.01724189 -0.01269670 0.00500000
v 0.01702504 -0.01272045 0.00500000
v 0.01680943 -0.01275363 0.00500000
v 0.01659547 -0.01279619 0.00500000
v 0.01638357 -0.01284804 0.00500000
v 0.01617414 -0.01290908 0.00500000
v 0.01596757 -0.01297921 0.00500000
v 0.01576425 -0.01305827 0.00500000
v 0.01556458 -0.01314613 0.00500000
v 0.01536893 -0.01324262 0.00500000
v 0.01517767 -0.01334754 0.00500000
v 0.01499117 -0.01346071 0.00500000
v 0.01480979 -0.01358191 0.00500000
v 0.01463386 -0.01371090 0.00500000
v 0.01446373 -0.01384745 0.00500000
v 0.01429972 -0.01399128 0.00500000
v 0.01414214 -0.01414214 0.00500000
v 0.01399128 -0.01429972 0.00500000
v 0.01384745 -0.01446373 0.00500000
v 0.01371090 -0.01463386 0.00500000
v 0.01358191 -0.01480979 0.00500000
v 0.01346071 -0.01499117 0.00500000
v 0.01334754 -0.01517767 0.00500000
v 0.01324262 -0.01536893 0.00500000
v 0.01314613 -0.01556458 0.00500000
v 0.01305827 -0.01576425 0.00500000
v 0.01297921 -0.01596757 0.00500000
v 0.01290908 -0.01617414 0.00500000
v 0.01284804 -0.01638357 0.00500000
v 0.01279619 -0.01659547 0.00500000
v 0.01275363 -0.01680943 0.00500000
v 0.01272045 -0.01702504 0.00500000
v 0.01269670 -0.01724189 0.00500000
v 0.01268243 -0.01745957 0.00500000
v 0.01267767 -0.01767767 0.00500000
v 0.01268243 -0.01789577 0.00500000
v 0.01269670 -0.01811345 0.00500000
v 0.01272045 -0.01833030 0.00500000
v 0.01275363 -0.01854591 0.00500000
v 0.01279619 -0.01875987 0.00500000
v 0.01284804 -0.01897177 0.00500000
v 0.01290908 -0.01918120 0.00500000
v 0.01297921 -0.01938777 0.00500000
v 0.01305827 -0.01959109 0.00500000
v 0.01314613 -0.01979076 0.00500000
v 0.01324262 -0.01998641 0.00500000
v 0.01334754 -0.02017767 0.00500000
v 0.01346071 -0.02036417 0.00500000
v 0.01358191 -0.02054555 0.00500000
v 0.01371090 -0.02072148 0.00500000
v 0.01384745 -0.02089161 0.00500000
v 0.01399128 -0.02105562 0.00500000
v 0.01414214 -0.02121320 0.00500000
v 0.01429972 -0.02136406 0.00500000
v 0.01446373 -0.02150789 0.00500000
v 0.01463386 -0.02164444 0.00500000
v 0.01480979 -0.02177343 0.00500000
v 0.01499117 -0.02189463 0.00500000
v 0.01517767 -0.02200780 0.00500000
v 0.01536893 -0.02211272 0.00500000
v 0.01556458 -0.02220921 0.00500000
v 0.01576425 -0.02229707 0.00500000
v 0.01596757 -0.02237613 0.00500000
v 0.01617414 -0.02244625 0.00500000
v 0.01638357 -0.02250730 0.00500000
v 0.01659547 -0.02255915 0.00500000
v 0.01680943 -0.02260171 0.00500000
v 0.01702504 -0.02263489 0.00500000
v 0.01724189 -0.02265864 0.00500000
v 0.01745957 -0.02267291 0.00500000
v 0.01767767 -0.02267767 0.00500000
v 0.01789577 -0.02267291 0.00500000
v 0.01811345 -0.02265864 0.00500000
v 0.01833030 -0.02263489 0.00500000
v 0.01854591 -0.02260171 0.00500000
v 0.01875987 -0.02255915 0.00500000
v 0.01897177 -0.02250730 0.00500000
v 0.01918120 -0.02244625 0.00500000
v 0.01938777 -0.02237613 0.00500000
v 0.01959109 -0.02229707 0.00500000
v 0.01979076 -0.02220921 0.00500000
v 0.01998641 -0.02211272 0.00500000
v 0.02017767 -0.02200780 0.00500000
v 0.02036417 -0.02189463 0.00500000
v 0.02054555 -0.02177343 0.00500000
v 0.02072148 -0.02164444 0.00500000
v 0.02089161 -0.02150789 0.00500000
v 0.02105562 -0.02136406 0.00500000
v 0.02121320 -0.02121320 0.00500000
v 0.02136406 -0.02105562 0.00500000
v 0.02150789 -0.02089161 0.00500000
v 0.02164444 -0.02072148 0.00500000
v 0.02177343 -0.02054555 0.00500000
v 0.02189463 -0.02036417 0.00500000
v 0.02200780 -0.02017767 0.00500000
v 0.02211272 -0.01998641 0.00500000
v 0.02220921 -0.01979076 0.00500000
v 0.02229707 -0.01959109 0.00500000
v 0.02237613 -0.01938777 0.00500000
v 0.02244625 -0.01918120 0.00500000
v 0.02250730 -0.01897177 0.00500000
v 0.02255915 -0.01875987 0.00500000
v 0.02260171 -0.01854591 0.00500000
v 0.02263489 -0.01833030 0.00500000
v 0.02265864 -0.01811345 0.00500000
v 0.02267291 -0.01789577 0.00500000
v 0.01806925 0.01470334 -0.00100000
v 0.01833030 0.01272045 -0.00100000
v 0.01819861 0.01472325 -0.00100000
v 0.01854591 0.01275363 -0.00100000
v 0.01832699 0.01474878 -0.00100000
v 0.01875987 0.01279619 -0.00100000
v 0.01845413 0.01477989 -0.00100000
v 0.01897177 0.01284804 -0.00100000
v 0.01857979 0.01481652 -0.00100000
v 0.01918120 0.01290908 -0.00100000
v 0.01870373 0.01485859 -0.00100000
v 0.01938777 0.01297921 -0.00100000
v 0.01882572 0.01490603 -0.00100000
v 0.01959109 0.01305827 -0.00100000
v 0.01894552 0.01495875 -0.00100000
v 0.01979076 0.01314613 -0.00100000
v 0.01906292 0.01501664 -0.00100000
v 0.01998641 0.01324262 -0.00100000
v 0.01917767 0.01507959 -0.00100000
v 0.02017767 0.01334754 -0.00100000
v 0.01928957 0.01514750 -0.00100000
v 0.02036417 0.01346071 -0.00100000
v 0.01939840 0.01522021 -0.00100000
v 0.02054555 0.01358191 -0.00100000
v 0.01950395 0.01529761 -0.00100000
v 0.02072148 0.01371090 -0.00100000
v 0.01960603 0.01537954 -0.00100000
v 0.02089161 0.01384745 -0.00100000
v 0.01970444 0.01546584 -0.00100000
v 0.02105562 0.01399128 -0.00100000
v 0.01979899 0.01555635 -0.00100000
v 0.02121320 0.01414214 -0.00100000
v 0.01988950 0.01565090 -0.00100000
v 0.02136406 0.01429972 -0.00100000
v 0.01997580 0.01574931 -0.00100000
v 0.02150789 0.01446373 -0.00100000
v 0.02005773 0.01585139 -0.00100000
v 0.02164444 0.01463386 -0.00100000
v 0.02013513 0.01595694 -0.00100000
v 0.02177343 0.01480979 -0.00100000
v 0.02020784 0.01606577 -0.00100000
v 0.02189463 0.01499117 -0.00100000
v 0.02027575 0.01617767 -0.00100000
v 0.02200780 0.01517767 -0.00100000
v 0.02033870 0.01629242 -0.00100000
v 0.02211272 0.01536893 -0.00100000
v 0.02039659 0.01640981 -0.00100000
v 0.02220921 0.01556458 -0.00100000
v 0.02044931 0.01652962 -0.00100000
v 0.02229707 0.01576425 -0.00100000
v 0.02049675 0.01665161 -0.00100000
v 0.02237613 0.01596757 -0.00100000
v 0.02053882 0.01677555 -0.00100000
v 0.02244625 0.01617414 -0.00100000
v 0.02057545 0.01690121 -0.00100000
v 0.02250730 0.01638357 -0.00100000
v 0.02060656 0.01702835 -0.00100000
v 0.02255915 0.01659547 -0.00100000
v 0.02063209 0.01715673 -0.00100000
v 0.02260171 0.01680943 -0.00100000
v 0.02065200 0.01728609 -0.00100000
v 0.02263489 0.01702504 -0.00100000
v 0.02066625 0.01741620 -0.00100000
v 0.02265864 0.01724189 -0.00100000
v 0.02067481 0.01754681 -0.00100000
v 0.02267291 0.01745957 -0.00100000
v 0.02067767 0.01767767 -0.00100000
v 0.02267767 0.01767767 -0.00100000
v 0.02067481 0.01780853 -0.00100000
v 0.02267291 0.01789577 -0.00100000
v 0.02066625 0.01793914 -0.00100000
v 0.02265864 0.01811345 -0.00100000
v 0.02065200 0.01806925 -0.00100000
v 0.02263489 0.01833030 -0.00100000
v 0.02063209 0.01819861 -0.00100000
v 0.02260171 0.01854591 -0.00100000
v 0.02060656 0.01832699 -0.00100000
v 0.02255915 0.01875987 -0.00100000
v 0.02057545 0.01845413 -0.00100000
v 0.02250730 0.01897177 -0.00100000
v 0.02053882 0.01857979 -0.00100000
v 0.02244625 0.01918120 -0.00100000
v 0.02049675 0.01870373 -0.00100000
v 0.02237613 0.01938777 -0.00100000
v 0.02044931 0.01882572 -0.00100000
v 0.02229707 0.01959109 -0.00100000
v 0.02039659 0.01894552 -0.00100000
v 0.02220921 0.01979076 -0.00100000
v 0.02033870 0.01906292 -0.00100000
v 0.02211272 0.01998641 -0.00100000
v 0.02027575 0.01917767 -0.00100000
v 0.02200780 0.02017767 -0.00100000
v 0.02020784 0.01928957 -0.00100000
v 0.02189463 0.02036417 -0.00100000
v 0.02013513 0.01939840 -0.00100000
v 0.02177343 0.02054555 -0.00100000
v 0.02005773 0.01950395 -0.00100000
v 0.02164444 0.02072148 -0.00100000
v 0.01997580 0.01960603 -0.00100000
v 0.02150789 0.02089161 -0.00100000
v 0.01988950 0.01970444 -0.00100000
v 0.02136406 0.02105562 -0.00100000
v 0.01979899 0.01979899 -0.00100000
v 0.02121320 0.02121320 -0.00100000
v 0.01970444 0.01988950 -0.00100000
v 0.02105562 0.02136406 -0.00100000
v 0.01960603 0.01997580 -0.00100000
v 0.02089161 0.02150789 -0.00100000
v 0.01950395 0.02005773 -0.00100000
v 0.02072148 0.02164444 -0.00100000
v 0.01939840 0.02013513 -0.00100000
v 0.02054555 0.02177343 -0.00100000
v 0.01928957 0.02020784 -0.00100000
v 0.02036417 0.02189463 -0.00100000
v 0.01917767 0.02027575 -0.00100000
v 0.02017767 0.02200780 -0.00100000
v 0.01906292 0.02033870 -0.00100000
v 0.01998641 0.02211272 -0.00100000
v 0.01894552 0.02039659 -0.00100000
v 0.01979076 0.02220921 -0.00100000
v 0.01882572 0.02044931 -0.00100000
v 0.01959109 0.02229707 -0.00100000
v 0.01870373 0.02049675 -0.00100000
v 0.01938777 0.02237613 -0.00100000
v 0.01857979 0.02053882 -0.00100000
v 0.01918120 0.02244625 -0.00100000
v 0.01845413 0.02057545 -0.00100000
v 0.01897177 0.02250730 -0.00100000
v 0.01832699 0.02060656 -0.00100000
v 0.01875987 0.02255915 -0.00100000
v 0.01819861 0.02063209 -0.00100000
v 0.01854591 0.02260171 -0.00100000
v 0.01806925 0.02065200 -0.00100000
v 0.01833030 0.02263489 -0.00100000
v 0.01793914 0.02066625 -0.00100000
v 0.01811345 0.02265864 -0.00100000
v 0.01780853 0.02067481 -0.00100000
v 0.01789577 0.02267291 -0.00100000
v 0.01767767 0.02067767 -0.00100000
v 0.01767767 0.02267767 -0.00100000
v 0.01754681 0.02067481 -0.00100000
v 0.01745957 0.02267291 -0.00100000
v 0.01741620 0.02066625 -0.00100000
v 0.01724189 0.02265864 -0.00100000
v 0.01728609 0.02065200 -0.00100000
v 0.01702504 0.02263489 -0.00100000
v 0.01715673 0.02063209 -0.00100000
v 0.01680943 0.02260171 -0.00100000
v 0.01702835 0.02060656 -0.00100000
v 0.01659547 0.02255915 -0.00100000
v 0.01690121 0.02057545 -0.00100000
v 0.01638357 0.02250730 -0.00100000
v 0.01677555 0.02053882 -0.00100000
v 0.01617414 0.02244625 -0.00100000
v 0.01665161 0.02049675 -0.00100000
v 0.01596757 0.02237613 -0.00100000
v 0.01652962 0.02044931 -0.00100000
v 0.01576425 0.02229707 -0.00100000
v 0.01640981 0.02039659 -0.00100000
v 0.01556458 0.02220921 -0.00100000
v 0.01629242 0.02033870 -0.00100000
v 0.01536893 0.02211272 -0.00100000
v 0.01617767 0.02027575 -0.00100000
v 0.01517767 0.02200780 -0.00100000
v 0.01606577 0.02020784 -0.00100000
v 0.01499117 0.02189463 -0.00100000
v 0.01595694 0.02013513 -0.00100000
v 0.01480979 0.02177343 -0.00100000
v 0.01585139 0.02005773 -0.00100000
v 0.01463386 0.02164444 -0.00100000
v 0.01574931 0.01997580 -0.00100000
v 0.01446373 0.02150789 -0.00100000
v 0.01565090 0.01988950 -0.00100000
v 0.01429972 0.02136406 -0.00100000
v 0.01555635 0.01979899 -0.00100000
v 0.01414214 0.02121320 -0.00100000
v 0.01546584 0.01970444 -0.00100000
v 0.01399128 0.02105562 -0.00100000
v 0.01537954 0.01960603 -0.00100000
v 0.01384745 0.02089161 -0.00100000
v 0.01529761 0.01950395 -0.00100000
v 0.01371090 0.02072148 -0.00100000
v 0.01522021 0.01939840 -0.00100000
v 0.01358191 0.02054555 -0.00100000
v 0.01514750 0.01928957 -0.00100000
v 0.01346071 0.02036417 -0.00100000
v 0.01507959 0.01917767 -0.00100000
v 0.01334754 0.02017767 -0.00100000
v 0.01501664 0.01906292 -0.00100000
v 0.01324262 0.01998641 -0.00100000
v 0.01495875 0.01894552 -0.00100000
v 0.01314613 0.01979076 -0.00100000
v 0.01490603 0.01882572 -0.00100000
v 0.01305827 0.01959109 -0.00100000
v 0.01485859 0.01870373 -0.00100000
v 0.01297921 0.01938777 -0.00100000
v 0.01481652 0.01857979 -0.00100000
v 0.01290908 0.01918120 -0.00100000
v 0.01477989 0.01845413 -0.00100000
v 0.01284804 0.01897177 -0.00100000
v 0.01474878 0.01832699 -0.00100000
v 0.01279619 0.01875987 -0.00100000
v 0.01472325 0.01819861 -0.00100000
v 0.01275363 0.01854591 -0.00100000
v 0.01470334 0.01806925 -0.00100000
v 0.01272045 0.01833030 -0.00100000
v 0.01468909 0.01793914 -0.00100000
v 0.01269670 0.01811345 -0.00100000
v 0.01468053 0.01780853 -0.00100000
v 0.01268243 0.01789577 -0.00100000
v 0.01467767 0.01767767 -0.00100000
v 0.01267767 0.01767767 -0.00100000
v 0.01468053 0.01754681 -0.00100000
v 0.01268243 0.01745957 -0.00100000
v 0.01468909 0.01741620 -0.00100000
v 0.01269670 0.01724189 -0.00100000
v 0.01470334 0.01728609 -0.00100000
v 0.01272045 0.01702504 -0.00100000
v 0.01472325 0.01715673 -0.00100000
v 0.01275363 0.01680943 -0.00100000
v 0.01474878 0.01702835 -0.00100000
v 0.01279619 0.01659547 -0.00100000
v 0.01477989 0.01690121 -0.00100000
v 0.01284804 0.01638357 -0.00100000
v 0.01481652 0.01677555 -0.00100000
v 0.01290908 0.01617414 -0.00100000
v 0.01485859 0.01665161 -0.00100000
v 0.01297921 0.01596757 -0.00100000
v 0.01490603 0.01652962 -0.00100000
v 0.01305827 0.01576425 -0.00100000
v 0.01495875 0.01640981 -0.00100000
v 0.01314613 0.01556458 -0.00100000
v 0.01501664 0.01629242 -0.00100000
v 0.01324262 0.01536893 -0.00100000
v 0.01507959 0.01617767 -0.00100000
v 0.01334754 0.01517767 -0.00100000
v 0.01514750 0.01606577 -0.00100000
v 0.01346071 0.01499117 -0.00100000
v 0.01522021 0.01595694 -0.00100000
v 0.01358191 0.01480979 -0.00100000
v 0.01529761 0.01585139 -0.00100000
v 0.01371090 0.01463386 -0.00100000
v 0.01537954 0.01574931 -0.00100000
v 0.01384745 0.01446373 -0.00100000
v 0.01546584 0.01565090 -0.00100000
v 0.01399128 0.01429972 -0.00100000
v 0.01555635 0.01555635 -0.00100000
v 0.01414214 0.01414214 -0.00100000
v 0.01565090 0.01546584 -0.00100000
v 0.01429972 0.01399128 -0.00100000
v 0.01574931 0.01537954 -0.00100000
v 0.01446373 0.01384745 -0.00100000
v 0.01585139 0.01529761 -0.00100000
v 0.01463386 0.01371090 -0.00100000
v 0.01595694 0.01522021 -0.00100000
v 0.01480979 0.01358191 -0.00100000
v 0.01606577 0.01514750 -0.00100000
v 0.01499117 0.01346071 -0.00100000
v 0.01617767 0.01507959 -0.00100000
v 0.01517767 0.01334754 -0.00100000
v 0.01629242 0.01501664 -0.00100000
v 0.01536893 0.01324262 -0.00100000
v 0.01640981 0.01495875 -0.00100000
v 0.01556458 0.01314613 -0.00100000
v 0.01652962 0.01490603 -0.00100000
v 0.01576425 0.01305827 -0.00100000
v 0.01665161 0.01485859 -0.00100000
v 0.01596757 0.01297921 -0.00100000
v 0.01677555 0.01481652 -0.00100000
v 0.01617414 0.01290908 -0.00100000
v 0.01690121 0.01477989 -0.00100000
v 0.01638357 0.01284804 -0.00100000
v 0.01702835 0.01474878 -0.00100000
v 0.01659547 0.01279619 -0.00100000
v 0.01715673 0.01472325 -0.00100000
v 0.01680943 0.01275363 -0.00100000
v 0.01728609 0.01470334 -0.00100000
v 0.01702504 0.01272045 -0.00100000
v 0.01741620 0.01468909 -0.00100000
v 0.01724189 0.01269670 -0.00100000
v 0.01754681 0.01468053 -0.00100000
v 0.01745957 0.01268243 -0.00100000
v 0.01767767 0.01467767 -0.00100000
v 0.01767767 0.01267767 -0.00100000
v 0.01780853 0.01468053 -0.00100000
v 0.01789577 0.01268243 -0.00100000
v 0.01793914 0.01468909 -0.00100000
v 0.01811345 0.01269670 -0.00100000
v 0.00953717 -0.00300706 0.06500000
v 0.00965609 -0.00260000 0.06500000
v 0.00342020 -0.00939693 0.06500000
v 0.00382683 -0.00923880 0.06500000
v 0.00043619 -0.00999048 0.06500000
v 0.00087156 -0.00996195 0.06500000
v 0.00906308 -0.00422618 0.06500000
v 0.00887011 -0.00461749 0.06500000
v 0.00866025 -0.00500000 0.06500000
v 0.00130526 -0.00991445 0.06500000
v 0.00173648 -0.00984808 0.06500000
v 0.00216440 -0.00976296 0.06500000
v 0.00707107 -0.00707107 0.06500000
v 0.00737277 -0.00675590 0.06500000
v 0.00766044 -0.00642788 0.06500000
v 0.00793353 -0.00608761 0.06500000
v 0.00923880 -0.00382683 0.06500000
v 0.00939693 -0.00342020 0.06500000
v 0.00258819 -0.00965926 0.06500000
v 0.00300706 -0.00953717 0.06500000
v 0.00422618 -0.00906308 0.06500000
v 0.00461749 -0.00887011 0.06500000
v 0.00500000 -0.00866025 0.06500000
v 0.00537300 -0.00843391 0.06500000
v 0.00573576 -0.00819152 0.06500000
v 0.00608761 -0.00793353 0.06500000
v 0.00642788 -0.00766044 0.06500000
v 0.00675590 -0.00737277 0.06500000
v 0.00819152 -0.00573576 0.06500000
v 0.00843391 -0.00537300 0.06500000
v 0.02267767 0.01767767 0.00500000
v 0.02267291 0.01789577 0.00500000
v 0.02265864 0.01811345 0.00500000
v 0.02263489 0.01833030 0.00500000
v 0.02260171 0.01854591 0.00500000
v 0.02255915 0.01875987 0.00500000
v 0.02250730 0.01897177 0.00500000
v 0.02244625 0.01918120 0.00500000
v 0.02237613 0.01938777 0.00500000
v 0.02229707 0.01959109 0.00500000
v 0.02220921 0.01979076 0.00500000
v 0.02211272 0.01998641 0.00500000
v 0.02200780 0.02017767 0.00500000
v 0.02189463 0.02036417 0.00500000
v 0.02177343 0.02054555 0.00500000
v 0.02164444 0.02072148 0.00500000
v 0.02150789 0.02089161 0.00500000
v 0.02136406 0.02105562 0.00500000
v 0.02121320 0.02121320 0.00500000
v 0.02105562 0.02136406 0.00500000
v 0.02089161 0.02150789 0.00500000
v 0.02072148 0.02164444 0.00500000
v 0.02054555 0.02177343 0.00500000
v 0.02036417 0.02189463 0.00500000
v 0.02017767 0.02200780 0.00500000
v 0.01998641 0.02211272 0.00500000
v 0.01979076 0.02220921 0.00500000
v 0.01959109 0.02229707 0.00500000
v 0.01938777 0.02237613 0.00500000
v 0.01918120 0.02244625 0.00500000
v 0.01897177 0.02250730 0.00500000
v 0.01875987 0.02255915 0.00500000
v 0.01854591 0.02260171 0.00500000
v 0.01833030 0.02263489 0.00500000
v 0.01811345 0.02265864 0.00500000
v 0.01789577 0.02267291 0.00500000
v 0.01767767 0.02267767 0.00500000
v 0.01745957 0.02267291 0.00500000
v 0.01724189 0.02265864 0.00500000
v 0.01702504 0.02263489 0.00500000
v 0.01680943 0.02260171 0.00500000
v 0.01659547 0.02255915 0.00500000
v 0.01638357 0.02250730 0.00500000
v 0.01617414 0.02244625 0.00500000
v 0.01596757 0.02237613 0.00500000
v 0.01576425 0.02229707 0.00500000
v 0.01556458 0.02220921 0.00500000
v 0.01536893 0.02211272 0.00500000
v 0.01517767 0.02200780 0.00500000
v 0.01499117 0.02189463 0.00500000
v 0.01480979 0.02177343 0.00500000
v 0.01463386 0.02164444 0.00500000
v 0.01446373 0.02150789 0.00500000
v 0.01429972 0.02136406 0.00500000
v 0.01414214 0.02121320 0.00500000
v 0.01399128 0.02105562 0.00500000
v 0.01384745 0.02089161 0.00500000
v 0.01371090 0.02072148 0.00500000
v 0.01358191 0.02054555 0.00500000
v 0.01346071 0.02036417 0.00500000
v 0.01334754 0.02017767 0.00500000
v 0.01324262 0.01998641 0.00500000
v 0.01314613 0.01979076 0.00500000
v 0.01305827 0.01959109 0.00500000
v 0.01297921 0.01938777 0.00500000
v 0.01290908 0.01918120 0.00500000
v 0.01284804 0.01897177 0.00500000
v 0.01279619 0.01875987 0.00500000
v 0.01275363 0.01854591 0.00500000
v 0.01272045 0.01833030 0.00500000
v 0.01269670 0.01811345 0.00500000
v 0.01268243 0.01789577 0.00500000
v 0.01267767 0.01767767 0.00500000
v 0.01268243 0.01745957 0.00500000
v 0.01269670 0.01724189 0.00500000
v 0.01272045 0.01702504 0.00500000
v 0.01275363 0.01680943 0.00500000
v 0.01279619 0.01659547 0.00500000
v 0.01284804 0.01638357 0.00500000
v 0.01290908 0.01617414 0.00500000
v 0.01297921 0.01596757 0.00500000
v 0.01305827 0.01576425 0.00500000
v 0.01314613 0.01556458 0.00500000
v 0.01324262 0.01536893 0.00500000
v 0.01334754 0.01517767 0.00500000
v 0.01346071 0.01499117 0.00500000
v 0.01358191 0.01480979 0.00500000
v 0.01371090 0.01463386 0.00500000
v 0.01384745 0.01446373 0.00500000
v 0.01399128 0.01429972 0.00500000
v 0.01414214 0.01414214 0.00500000
v 0.01429972 0.01399128 0.00500000
v 0.01446373 0.01384745 0.00500000
v 0.01463386 0.01371090 0.00500000
v 0.01480979 0.01358191 0.00500000
v 0.01499117 0.01346071 0.00500000
v 0.01517767 0.01334754 0.00500000
v 0.01536893 0.01324262 0.00500000
v 0.01556458 0.01314613 0.00500000
v 0.01576425 0.01305827 0.00500000
v 0.01596757 0.01297921 0.00500000
v 0.01617414 0.01290908 0.00500000
v 0.01638357 0.01284804 0.00500000
v 0.01659547 0.01279619 0.00500000
v 0.01680943 0.01275363 0.00500000
v 0.01702504 0.01272045 0.00500000
v 0.01724189 0.01269670 0.00500000
v 0.01745957 0.01268243 0.00500000
v 0.01767767 0.01267767 0.00500000
v 0.01789577 0.01268243 0.00500000
v 0.01811345 0.01269670 0.00500000
v 0.01833030 0.01272045 0.00500000
v 0.01854591 0.01275363 0.00500000
v 0.01875987 0.01279619 0.00500000
v 0.01897177 0.01284804 0.00500000
v 0.01918120 0.01290908 0.00500000
v 0.01938777 0.01297921 0.00500000
v 0.01959109 0.01305827 0.00500000
v 0.01979076 0.01314613 0.00500000
v 0.01998641 0.01324262 0.00500000
v 0.02017767 0.01334754 0.00500000
v 0.02036417 0.01346071 0.00500000
v 0.02054555 0.01358191 0.00500000
v 0.02072148 0.01371090 0.00500000
v 0.02089161 0.01384745 0.00500000
v 0.02105562 0.01399128 0.00500000
v 0.02121320 0.01414214 0.00500000
v 0.02136406 0.01429972 0.00500000
v 0.02150789 0.01446373 0.00500000
v 0.02164444 0.01463386 0.00500000
v 0.02177343 0.01480979 0.00500000
v 0.02189463 0.01499117 0.00500000
v 0.02200780 0.01517767 0.00500000
v 0.02211272 0.01536893 0.00500000
v 0.02220921 0.01556458 0.00500000
v 0.02229707 0.01576425 0.00500000
v 0.02237613 0.01596757 0.00500000
v 0.02244625 0.01617414 0.00500000
v 0.02250730 0.01638357 0.00500000
v 0.02255915 0.01659547 0.00500000
v 0.02260171 0.01680943 0.00500000
v 0.02263489 0.01702504 0.00500000
v 0.02265864 0.01724189 0.00500000
v 0.02267291 0.01745957 0.00500000
v -0.00965609 0.00260000 0.06500000
v 0.03900000 0.00000000 0.00500000
v 0.03603130 0.01492465 0.00500000
v 0.03534601 0.01648211 0.00500000
v 0.03094078 0.02374170 0.00500000
v 0.03289227 0.02095469 0.00500000
v 0.03459342 0.01800820 0.00500000
v 0.03664801 0.01333879 0.00500000
v 0.03719496 0.01172753 0.00500000
v 0.03194693 0.02236948 0.00500000
v 0.03377499 0.01950000 0.00500000
v 0.01009394 0.03767111 0.00500000
v 0.00844114 0.03807554 0.00500000
v 0.03767111 0.01009394 0.00500000
v 0.00677228 0.03840750 0.00500000
v 0.00509052 0.03866635 0.00500000
v 0.00339907 0.03885159 0.00500000
v 0.02875382 0.02634802 0.00500000
v 0.02757716 0.02757716 0.00500000
v 0.02987573 0.02506872 0.00500000
v 0.03807554 0.00844114 0.00500000
v 0.03840750 0.00677228 0.00500000
v 0.03866635 0.00509052 0.00500000
v 0.03885159 0.00339907 0.00500000
v 0.03896288 0.00170116 0.00500000
v -0.01183960 0.03715944 0.00500000
v 0.01172753 0.03719496 0.00500000
v 0.01648211 0.03534601 0.00500000
v 0.01492465 0.03603130 0.00500000
v 0.01950000 0.03377499 0.00500000
v 0.02095469 0.03289227 0.00500000
v 0.02236948 0.03194693 0.00500000
v 0.02374170 0.03094078 0.00500000
v 0.02506872 0.02987573 0.00500000
v 0.02634802 0.02875382 0.00500000
v 0.01333879 0.03664801 0.00500000
v 0.01800820 0.03459342 0.00500000
v -0.01183883 -0.01183883 0.00500000
v 0.00170116 0.03896288 0.00500000
v -0.00000000 0.03900000 0.00500000
v -0.00170116 0.03896288 0.00500000
v -0.00339907 0.03885159 0.00500000
v -0.00509052 0.03866635 0.00500000
v -0.00677228 0.03840750 0.00500000
v -0.00844114 0.03807554 0.00500000
v -0.01009394 0.03767111 0.00500000
v -0.01172753 0.03719496 0.00500000
v 0.03715944 -0.01183960 0.00500000
v 0.03896288 -0.00170116 0.00500000
v 0.03885159 -0.00339907 0.00500000
v 0.03866635 -0.00509052 0.00500000
v 0.03840750 -0.00677228 0.00500000
v 0.03807554 -0.00844114 0.00500000
v 0.03767111 -0.01009394 0.00500000
v 0.03719496 -0.01172753 0.00500000
v 0.03664801 -0.01333879 0.00500000
v 0.03603130 -0.01492465 0.00500000
v 0.03459342 -0.01800820 0.00500000
v 0.03534601 -0.01648211 0.00500000
v 0.02634802 -0.02875382 0.00500000
v 0.02374170 -0.03094078 0.00500000
v 0.02506872 -0.02987573 0.00500000
v 0.02236948 -0.03194693 0.00500000
v -0.01183960 -0.03715944 0.00500000
v 0.03377499 -0.01950000 0.00500000
v 0.03289227 -0.02095469 0.00500000
v 0.03094078 -0.02374170 0.00500000
v 0.03194693 -0.02236948 0.00500000
v 0.02095469 -0.03289227 0.00500000
v 0.01950000 -0.03377499 0.00500000
v 0.01492465 -0.03603130 0.00500000
v 0.01648211 -0.03534601 0.00500000
v 0.01009394 -0.03767111 0.00500000
v 0.00844114 -0.03807554 0.00500000
v 0.00677228 -0.03840750 0.00500000
v 0.00509052 -0.03866635 0.00500000
v 0.00339907 -0.03885159 0.00500000
v 0.02875382 -0.02634802 0.00500000
v 0.02987573 -0.02506872 0.00500000
v 0.01800820 -0.03459342 0.00500000
v 0.01333879 -0.03664801 0.00500000
v 0.01172753 -0.03719496 0.00500000
v 0.00170116 -0.03896288 0.00500000
v 0.00000000 -0.03900000 0.00500000
v -0.00170116 -0.03896288 0.00500000
v -0.00339907 -0.03885159 0.00500000
v -0.00509052 -0.03866635 0.00500000
v -0.00677228 -0.03840750 0.00500000
v -0.00844114 -0.03807554 0.00500000
v -0.01009394 -0.03767111 0.00500000
v -0.01172753 -0.03719496 0.00500000
v 0.02757716 -0.02757716 0.00500000
v -0.03094078 -0.02374170 0.00500000
v -0.03194693 -0.02236948 0.00500000
v -0.03289227 -0.02095469 0.00500000
v -0.01950000 -0.03377499 0.00500000
v -0.01800820 -0.03459342 0.00500000
v -0.03377499 -0.01950000 0.00500000
v -0.03715944 -0.01183960 0.00500000
v -0.01333879 -0.03664801 0.00500000
v -0.01492465 -0.03603130 0.00500000
v -0.01648211 -0.03534601 0.00500000
v -0.02095469 -0.03289227 0.00500000
v -0.02374170 -0.03094078 0.00500000
v -0.02236948 -0.03194693 0.00500000
v -0.02506872 -0.02987573 0.00500000
v -0.03603130 -0.01492465 0.00500000
v -0.03534601 -0.01648211 0.00500000
v -0.02634802 -0.02875382 0.00500000
v -0.03459342 -0.01800820 0.00500000
v -0.03664801 -0.01333879 0.00500000
v -0.02757716 -0.02757716 0.00500000
v -0.02875382 -0.02634802 0.00500000
v -0.02987573 -0.02506872 0.00500000
v -0.02220921 0.01979076 0.00500000
v -0.02211272 0.01998641 0.00500000
v -0.03094078 0.02374170 0.00500000
v -0.02255915 0.01875987 0.00500000
v -0.02250730 0.01897177 0.00500000
v -0.03289227 0.02095469 0.00500000
v -0.02987573 0.02506872 0.00500000
v -0.01279619 0.01659547 0.00500000
v -0.01284804 0.01638357 0.00500000
v -0.01998641 0.02211272 0.00500000
v -0.02374170 0.03094078 0.00500000
v -0.02017767 0.02200780 0.00500000
v -0.02506872 0.02987573 0.00500000
v -0.01556458 0.02220921 0.00500000
v -0.01536893 0.02211272 0.00500000
v -0.01517767 0.02200780 0.00500000
v -0.01499117 0.02189463 0.00500000
v -0.01480979 0.02177343 0.00500000
v -0.01463386 0.02164444 0.00500000
v -0.02200780 0.02017767 0.00500000
v -0.02189463 0.02036417 0.00500000
v -0.02875382 0.02634802 0.00500000
v -0.02177343 0.02054555 0.00500000
v -0.01334754 0.02017767 0.00500000
v -0.01324262 0.01998641 0.00500000
v -0.01275363 0.01854591 0.00500000
v -0.01272045 0.01833030 0.00500000
v -0.03194693 0.02236948 0.00500000
v -0.01617414 0.02244625 0.00500000
v -0.01596757 0.02237613 0.00500000
v -0.01576425 0.02229707 0.00500000
v -0.01446373 0.02150789 0.00500000
v -0.01429972 0.02136406 0.00500000
v -0.01414214 0.02121320 0.00500000
v -0.01297921 0.01938777 0.00500000
v -0.01290908 0.01918120 0.00500000
v -0.01267767 0.01767767 0.00500000
v -0.01268243 0.01745957 0.00500000
v -0.01269670 0.01724189 0.00500000
v -0.01290908 0.01617414 0.00500000
v -0.01297921 0.01596757 0.00500000
v -0.01305827 0.01576425 0.00500000
v -0.01358191 0.01480979 0.00500000
v -0.01346071 0.01499117 0.00500000
v -0.01334754 0.01517767 0.00500000
v -0.01371090 0.01463386 0.00500000
v -0.01384745 0.01446373 0.00500000
v -0.01399128 0.01429972 0.00500000
v -0.03377499 0.01950000 0.00500000
v -0.03459342 0.01800820 0.00500000
v -0.02267291 0.01789577 0.00500000
v -0.02244625 0.01918120 0.00500000
v -0.02237613 0.01938777 0.00500000
v -0.02229707 0.01959109 0.00500000
v -0.02136406 0.02105562 0.00500000
v -0.02757716 0.02757716 0.00500000
v -0.02150789 0.02089161 0.00500000
v -0.02164444 0.02072148 0.00500000
v -0.02089161 0.02150789 0.00500000
v -0.02634802 0.02875382 0.00500000
v -0.02105562 0.02136406 0.00500000
v -0.02121320 0.02121320 0.00500000
v -0.02095469 0.03289227 0.00500000
v -0.01875987 0.02255915 0.00500000
v -0.01854591 0.02260171 0.00500000
v -0.01399128 0.02105562 0.00500000
v -0.01384745 0.02089161 0.00500000
v -0.01371090 0.02072148 0.00500000
v -0.01284804 0.01897177 0.00500000
v -0.01279619 0.01875987 0.00500000
v -0.01269670 0.01811345 0.00500000
v -0.01268243 0.01789577 0.00500000
v -0.01272045 0.01702504 0.00500000
v -0.01275363 0.01680943 0.00500000
v -0.01314613 0.01556458 0.00500000
v -0.01324262 0.01536893 0.00500000
v -0.01414214 0.01414214 0.00500000
v -0.01429972 0.01399128 0.00500000
v -0.01446373 0.01384745 0.00500000
v -0.01463386 0.01371090 0.00500000
v -0.01480979 0.01358191 0.00500000
v -0.01499117 0.01346071 0.00500000
v -0.02177343 0.01480979 0.00500000
v -0.02189463 0.01499117 0.00500000
v -0.03885159 0.00339907 0.00500000
v -0.03719496 0.01172753 0.00500000
v -0.03767111 0.01009394 0.00500000
v -0.02237613 0.01596757 0.00500000
v -0.03534601 0.01648211 0.00500000
v -0.03603130 0.01492465 0.00500000
v -0.02263489 0.01702504 0.00500000
v -0.02265864 0.01811345 0.00500000
v -0.02263489 0.01833030 0.00500000
v -0.02260171 0.01854591 0.00500000
v -0.02072148 0.02164444 0.00500000
v -0.02054555 0.02177343 0.00500000
v -0.02036417 0.02189463 0.00500000
v -0.01979076 0.02220921 0.00500000
v -0.01959109 0.02229707 0.00500000
v -0.02236948 0.03194693 0.00500000
v -0.01950000 0.03377499 0.00500000
v -0.01833030 0.02263489 0.00500000
v -0.01811345 0.02265864 0.00500000
v -0.01800820 0.03459342 0.00500000
v -0.01492465 0.03603130 0.00500000
v -0.01680943 0.02260171 0.00500000
v -0.01333879 0.03664801 0.00500000
v -0.01659547 0.02255915 0.00500000
v -0.01638357 0.02250730 0.00500000
v -0.01358191 0.02054555 0.00500000
v -0.01346071 0.02036417 0.00500000
v -0.01959109 0.01305827 0.00500000
v -0.01979076 0.01314613 0.00500000
v -0.02244625 0.01617414 0.00500000
v -0.02250730 0.01638357 0.00500000
v -0.03664801 0.01333879 0.00500000
v -0.02255915 0.01659547 0.00500000
v -0.02260171 0.01680943 0.00500000
v -0.02265864 0.01724189 0.00500000
v -0.02267291 0.01745957 0.00500000
v -0.02267767 0.01767767 0.00500000
v -0.01789577 0.02267291 0.00500000
v -0.01767767 0.02267767 0.00500000
v -0.01648211 0.03534601 0.00500000
v -0.01745957 0.02267291 0.00500000
v -0.01724189 0.02265864 0.00500000
v -0.01702504 0.02263489 0.00500000
v -0.01314613 0.01979076 0.00500000
v -0.01305827 0.01959109 0.00500000
v -0.03866635 0.00509052 0.00500000
v -0.02200780 0.01517767 0.00500000
v -0.03840750 0.00677228 0.00500000
v -0.02211272 0.01536893 0.00500000
v -0.03807554 0.00844114 0.00500000
v -0.02220921 0.01556458 0.00500000
v -0.02229707 0.01576425 0.00500000
v -0.01938777 0.02237613 0.00500000
v -0.01918120 0.02244625 0.00500000
v -0.01897177 0.02250730 0.00500000
v -0.01617414 0.01290908 0.00500000
v -0.01638357 0.01284804 0.00500000
v -0.01659547 0.01279619 0.00500000
v -0.01680943 0.01275363 0.00500000
v -0.01702504 0.01272045 0.00500000
v -0.01724189 0.01269670 0.00500000
v -0.01745957 0.01268243 0.00500000
v -0.01767767 0.01267767 0.00500000
v -0.01789577 0.01268243 0.00500000
v -0.01811345 0.01269670 0.00500000
v -0.01897177 0.01284804 0.00500000
v -0.01918120 0.01290908 0.00500000
v -0.01938777 0.01297921 0.00500000
v -0.01998641 0.01324262 0.00500000
v -0.02017767 0.01334754 0.00500000
v -0.02036417 0.01346071 0.00500000
v -0.01517767 0.01334754 0.00500000
v -0.01536893 0.01324262 0.00500000
v -0.01556458 0.01314613 0.00500000
v -0.01576425 0.01305827 0.00500000
v -0.01596757 0.01297921 0.00500000
v -0.02164444 0.01463386 0.00500000
v -0.03896288 0.00170116 0.00500000
v -0.02150789 0.01446373 0.00500000
v -0.03900000 0.00000000 0.00500000
v -0.02136406 0.01429972 0.00500000
v -0.03896288 -0.00170116 0.00500000
v -0.02121320 0.01414214 0.00500000
v -0.03885159 -0.00339907 0.00500000
v -0.02105562 0.01399128 0.00500000
v -0.03866635 -0.00509052 0.00500000
v -0.02089161 0.01384745 0.00500000
v -0.03840750 -0.00677228 0.00500000
v -0.02072148 0.01371090 0.00500000
v -0.03807554 -0.00844114 0.00500000
v -0.02054555 0.01358191 0.00500000
v -0.03767111 -0.01009394 0.00500000
v -0.03719496 -0.01172753 0.00500000
v -0.01833030 0.01272045 0.00500000
v -0.01854591 0.01275363 0.00500000
v -0.01875987 0.01279619 0.00500000
v -0.00965609 -0.00260000 0.06500000
v -0.00043619 0.00999048 0.06500000
v -0.00087156 0.00996195 0.06500000
v -0.00923880 0.00382683 0.06500000
v -0.00939693 0.00342020 0.06500000
v -0.00953717 0.00300706 0.06500000
v -0.00130526 0.00991445 0.06500000
v -0.00173648 0.00984808 0.06500000
v -0.00216440 0.00976296 0.06500000
v -0.00793353 0.00608761 0.06500000
v -0.00819152 0.00573576 0.06500000
v -0.00843391 0.00537300 0.06500000
v -0.00866025 0.00500000 0.06500000
v -0.00258819 0.00965926 0.06500000
v -0.00300706 0.00953717 0.06500000
v -0.00342020 0.00939693 0.06500000
v -0.00461749 0.00887011 0.06500000
v -0.00500000 0.00866025 0.06500000
v -0.00887011 0.00461749 0.06500000
v -0.00906308 0.00422618 0.06500000
v -0.00537300 0.00843391 0.06500000
v -0.00573576 0.00819152 0.06500000
v -0.00608761 0.00793353 0.06500000
v -0.00642788 0.00766044 0.06500000
v -0.00675590 0.00737277 0.06500000
v -0.00707107 0.00707107 0.06500000
v -0.00382683 0.00923880 0.06500000
v -0.00422618 0.00906308 0.06500000
v -0.00737277 0.00675590 0.06500000
v -0.00766044 0.00642788 0.06500000
v -0.00953717 -0.00300706 0.06500000
v -0.00173648 -0.00984808 0.06500000
v -0.00130526 -0.00991445 0.06500000
v -0.00216440 -0.00976296 0.06500000
v -0.00087156 -0.00996195 0.06500000
v -0.00043619 -0.00999048 0.06500000
v -0.00939693 -0.00342020 0.06500000
v -0.00923880 -0.00382683 0.06500000
v -0.00906308 -0.00422618 0.06500000
v -0.00887011 -0.00461749 0.06500000
v -0.00866025 -0.00500000 0.06500000
v -0.00843391 -0.00537300 0.06500000
v -0.00573576 -0.00819152 0.06500000
v -0.00537300 -0.00843391 0.06500000
v -0.00500000 -0.00866025 0.06500000
v -0.00461749 -0.00887011 0.06500000
v -0.00819152 -0.00573576 0.06500000
v -0.00793353 -0.00608761 0.06500000
v -0.00766044 -0.00642788 0.06500000
v -0.00422618 -0.00906308 0.06500000
v -0.00382683 -0.00923880 0.06500000
v -0.00342020 -0.00939693 0.06500000
v -0.00300706 -0.00953717 0.06500000
v -0.00258819 -0.00965926 0.06500000
v -0.00737277 -0.00675590 0.06500000
v -0.00707107 -0.00707107 0.06500000
v -0.00675590 -0.00737277 0.06500000
v -0.00642788 -0.00766044 0.06500000
v -0.00608761 -0.00793353 0.06500000
v -0.01728609 0.01470334 -0.00100000
v -0.01702504 0.01272045 -0.00100000
v -0.01715673 0.01472325 -0.00100000
v -0.01680943 0.01275363 -0.00100000
v -0.01702835 0.01474878 -0.00100000
v -0.01659547 0.01279619 -0.00100000
v -0.01690121 0.01477989 -0.00100000
v -0.01638357 0.01284804 -0.00100000
v -0.01677555 0.01481652 -0.00100000
v -0.01617414 0.01290908 -0.00100000
v -0.01665161 0.01485859 -0.00100000
v -0.01596757 0.01297921 -0.00100000
v -0.01652962 0.01490603 -0.00100000
v -0.01576425 0.01305827 -0.00100000
v -0.01640981 0.01495875 -0.00100000
v -0.01556458 0.01314613 -0.00100000
v -0.01629242 0.01501664 -0.00100000
v -0.01536893 0.01324262 -0.00100000
v -0.01617767 0.01507959 -0.00100000
v -0.01517767 0.01334754 -0.00100000
v -0.01606577 0.01514750 -0.00100000
v -0.01499117 0.01346071 -0.00100000
v -0.01595694 0.01522021 -0.00100000
v -0.01480979 0.01358191 -0.00100000
v -0.01585139 0.01529761 -0.00100000
v -0.01463386 0.01371090 -0.00100000
v -0.01574931 0.01537954 -0.00100000
v -0.01446373 0.01384745 -0.00100000
v -0.01565090 0.01546584 -0.00100000
v -0.01429972 0.01399128 -0.00100000
v -0.01555635 0.01555635 -0.00100000
v -0.01414214 0.01414214 -0.00100000
v -0.01546584 0.01565090 -0.00100000
v -0.01399128 0.01429972 -0.00100000
v -0.01537954 0.01574931 -0.00100000
v -0.01384745 0.01446373 -0.00100000
v -0.01529761 0.01585139 -0.00100000
v -0.01371090 0.01463386 -0.00100000
v -0.01522021 0.01595694 -0.00100000
v -0.01358191 0.01480979 -0.00100000
v -0.01514750 0.01606577 -0.00100000
v -0.01346071 0.01499117 -0.00100000
v -0.01507959 0.01617767 -0.00100000
v -0.01334754 0.01517767 -0.00100000
v -0.01501664 0.01629242 -0.00100000
v -0.01324262 0.01536893 -0.00100000
v -0.01495875 0.01640981 -0.00100000
v -0.01314613 0.01556458 -0.00100000
v -0.01490603 0.01652962 -0.00100000
v -0.01305827 0.01576425 -0.00100000
v -0.01485859 0.01665161 -0.00100000
v -0.01297921 0.01596757 -0.00100000
v -0.01481652 0.01677555 -0.00100000
v -0.01290908 0.01617414 -0.00100000
v -0.01477989 0.01690121 -0.00100000
v -0.01284804 0.01638357 -0.00100000
v -0.01474878 0.01702835 -0.00100000
v -0.01279619 0.01659547 -0.00100000
v -0.01472325 0.01715673 -0.00100000
v -0.01275363 0.01680943 -0.00100000
v -0.01470334 0.01728609 -0.00100000
v -0.01272045 0.01702504 -0.00100000
v -0.01468909 0.01741620 -0.00100000
v -0.01269670 0.01724189 -0.00100000
v -0.01468053 0.01754681 -0.00100000
v -0.01268243 0.01745957 -0.00100000
v -0.01467767 0.01767767 -0.00100000
v -0.01267767 0.01767767 -0.00100000
v -0.01468053 0.01780853 -0.00100000
v -0.01268243 0.01789577 -0.00100000
v -0.01468909 0.01793914 -0.00100000
v -0.01269670 0.01811345 -0.00100000
v -0.01470334 0.01806925 -0.00100000
v -0.01272045 0.01833030 -0.00100000
v -0.01472325 0.01819861 -0.00100000
v -0.01275363 0.01854591 -0.00100000
v -0.01474878 0.01832699 -0.00100000
v -0.01279619 0.01875987 -0.00100000
v -0.01477989 0.01845413 -0.00100000
v -0.01284804 0.01897177 -0.00100000
v -0.01481652 0.01857979 -0.00100000
v -0.01290908 0.01918120 -0.00100000
v -0.01485859 0.01870373 -0.00100000
v -0.01297921 0.01938777 -0.00100000
v -0.01490603 0.01882572 -0.00100000
v -0.01305827 0.01959109 -0.00100000
v -0.01495875 0.01894552 -0.00100000
v -0.01314613 0.01979076 -0.00100000
v -0.01501664 0.01906292 -0.00100000
v -0.01324262 0.01998641 -0.00100000
v -0.01507959 0.01917767 -0.00100000
v -0.01334754 0.02017767 -0.00100000
v -0.01514750 0.01928957 -0.00100000
v -0.01346071 0.02036417 -0.00100000
v -0.01522021 0.01939840 -0.00100000
v -0.01358191 0.02054555 -0.00100000
v -0.01529761 0.01950395 -0.00100000
v -0.01371090 0.02072148 -0.00100000
v -0.01537954 0.01960603 -0.00100000
v -0.01384745 0.02089161 -0.00100000
v -0.01546584 0.01970444 -0.00100000
v -0.01399128 0.02105562 -0.00100000
v -0.01555635 0.01979899 -0.00100000
v -0.01414214 0.02121320 -0.00100000
v -0.01565090 0.01988950 -0.00100000
v -0.01429972 0.02136406 -0.00100000
v -0.01574931 0.01997580 -0.00100000
v -0.01446373 0.02150789 -0.00100000
v -0.01585139 0.02005773 -0.00100000
v -0.01463386 0.02164444 -0.00100000
v -0.01595694 0.02013513 -0.00100000
v -0.01480979 0.02177343 -0.00100000
v -0.01606577 0.02020784 -0.00100000
v -0.01499117 0.02189463 -0.00100000
v -0.01617767 0.02027575 -0.00100000
v -0.01517767 0.02200780 -0.00100000
v -0.01629242 0.02033870 -0.00100000
v -0.01536893 0.02211272 -0.00100000
v -0.01640981 0.02039659 -0.00100000
v -0.01556458 0.02220921 -0.00100000
v -0.01652962 0.02044931 -0.00100000
v -0.01576425 0.02229707 -0.00100000
v -0.01665161 0.02049675 -0.00100000
v -0.01596757 0.02237613 -0.00100000
v -0.01677555 0.02053882 -0.00100000
v -0.01617414 0.02244625 -0.00100000
v -0.01690121 0.02057545 -0.00100000
v -0.01638357 0.02250730 -0.00100000
v -0.01702835 0.02060656 -0.00100000
v -0.01659547 0.02255915 -0.00100000
v -0.01715673 0.02063209 -0.00100000
v -0.01680943 0.02260171 -0.00100000
v -0.01728609 0.02065200 -0.00100000
v -0.01702504 0.02263489 -0.00100000
v -0.01741620 0.02066625 -0.00100000
v -0.01724189 0.02265864 -0.00100000
v -0.01754681 0.02067481 -0.00100000
v -0.01745957 0.02267291 -0.00100000
v -0.01767767 0.02067767 -0.00100000
v -0.01767767 0.02267767 -0.00100000
v -0.01780853 0.02067481 -0.00100000
v -0.01789577 0.02267291 -0.00100000
v -0.01793914 0.02066625 -0.00100000
v -0.01811345 0.02265864 -0.00100000
v -0.01806925 0.02065200 -0.00100000
v -0.01833030 0.02263489 -0.00100000
v -0.01819861 0.02063209 -0.00100000
v -0.01854591 0.02260171 -0.00100000
v -0.01832699 0.02060656 -0.00100000
v -0.01875987 0.02255915 -0.00100000
v -0.01845413 0.02057545 -0.00100000
v -0.01897177 0.02250730 -0.00100000
v -0.01857979 0.02053882 -0.00100000
v -0.01918120 0.02244625 -0.00100000
v -0.01870373 0.02049675 -0.00100000
v -0.01938777 0.02237613 -0.00100000
v -0.01882572 0.02044931 -0.00100000
v -0.01959109 0.02229707 -0.00100000
v -0.01894552 0.02039659 -0.00100000
v -0.01979076 0.02220921 -0.00100000
v -0.01906292 0.02033870 -0.00100000
v -0.01998641 0.02211272 -0.00100000
v -0.01917767 0.02027575 -0.00100000
v -0.02017767 0.02200780 -0.00100000
v -0.01928957 0.02020784 -0.00100000
v -0.02036417 0.02189463 -0.00100000
v -0.01939840 0.02013513 -0.00100000
v -0.02054555 0.02177343 -0.00100000
v -0.01950395 0.02005773 -0.00100000
v -0.02072148 0.02164444 -0.00100000
v -0.01960603 0.01997580 -0.00100000
v -0.02089161 0.02150789 -0.00100000
v -0.01970444 0.01988950 -0.00100000
v -0.02105562 0.02136406 -0.00100000
v -0.01979899 0.01979899 -0.00100000
v -0.02121320 0.02121320 -0.00100000
v -0.01988950 0.01970444 -0.00100000
v -0.02136406 0.02105562 -0.00100000
v -0.01997580 0.01960603 -0.00100000
v -0.02150789 0.02089161 -0.00100000
v -0.02005773 0.01950395 -0.00100000
v -0.02164444 0.02072148 -0.00100000
v -0.02013513 0.01939840 -0.00100000
v -0.02177343 0.02054555 -0.00100000
v -0.02020784 0.01928957 -0.00100000
v -0.02189463 0.02036417 -0.00100000
v -0.02027575 0.01917767 -0.00100000
v -0.02200780 0.02017767 -0.00100000
v -0.02033870 0.01906292 -0.00100000
v -0.02211272 0.01998641 -0.00100000
v -0.02039659 0.01894552 -0.00100000
v -0.02220921 0.01979076 -0.00100000
v -0.02044931 0.01882572 -0.00100000
v -0.02229707 0.01959109 -0.00100000
v -0.02049675 0.01870373 -0.00100000
v -0.02237613 0.01938777 -0.00100000
v -0.02053882 0.01857979 -0.00100000
v -0.02244625 0.01918120 -0.00100000
v -0.02057545 0.01845413 -0.00100000
v -0.02250730 0.01897177 -0.00100000
v -0.02060656 0.01832699 -0.00100000
v -0.02255915 0.01875987 -0.00100000
v -0.02063209 0.01819861 -0.00100000
v -0.02260171 0.01854591 -0.00100000
v -0.02065200 0.01806925 -0.00100000
v -0.02263489 0.01833030 -0.00100000
v -0.02066625 0.01793914 -0.00100000
v -0.02265864 0.01811345 -0.00100000
v -0.02067481 0.01780853 -0.00100000
v -0.02267291 0.01789577 -0.00100000
v -0.02067767 0.01767767 -0.00100000
v -0.02267767 0.01767767 -0.00100000
v -0.02067481 0.01754681 -0.00100000
v -0.02267291 0.01745957 -0.00100000
v -0.02066625 0.01741620 -0.00100000
v -0.02265864 0.01724189 -0.00100000
v -0.02065200 0.01728609 -0.00100000
v -0.02263489 0.01702504 -0.00100000
v -0.02063209 0.01715673 -0.00100000
v -0.02260171 0.01680943 -0.00100000
v -0.02060656 0.01702835 -0.00100000
v -0.02255915 0.01659547 -0.00100000
v -0.02057545 0.01690121 -0.00100000
v -0.02250730 0.01638357 -0.00100000
v -0.02053882 0.01677555 -0.00100000
v -0.02244625 0.01617414 -0.00100000
v -0.02049675 0.01665161 -0.00100000
v -0.02237613 0.01596757 -0.00100000
v -0.02044931 0.01652962 -0.00100000
v -0.02229707 0.01576425 -0.00100000
v -0.02039659 0.01640981 -0.00100000
v -0.02220921 0.01556458 -0.00100000
v -0.02033870 0.01629242 -0.00100000
v -0.02211272 0.01536893 -0.00100000
v -0.02027575 0.01617767 -0.00100000
v -0.02200780 0.01517767 -0.00100000
v -0.02020784 0.01606577 -0.00100000
v -0.02189463 0.01499117 -0.00100000
v -0.02013513 0.01595694 -0.00100000
v -0.02177343 0.01480979 -0.00100000
v -0.02005773 0.01585139 -0.00100000
v -0.02164444 0.01463386 -0.00100000
v -0.01997580 0.01574931 -0.00100000
v -0.02150789 0.01446373 -0.00100000
v -0.01988950 0.01565090 -0.00100000
v -0.02136406 0.01429972 -0.00100000
v -0.01979899 0.01555635 -0.00100000
v -0.02121320 0.01414214 -0.00100000
v -0.01970444 0.01546584 -0.00100000
v -0.02105562 0.01399128 -0.00100000
v -0.01960603 0.01537954 -0.00100000
v -0.02089161 0.01384745 -0.00100000
v -0.01950395 0.01529761 -0.00100000
v -0.02072148 0.01371090 -0.00100000
v -0.01939840 0.01522021 -0.00100000
v -0.02054555 0.01358191 -0.00100000
v -0.01928957 0.01514750 -0.00100000
v -0.02036417 0.01346071 -0.00100000
v -0.01917767 0.01507959 -0.00100000
v -0.02017767 0.01334754 -0.00100000
v -0.01906292 0.01501664 -0.00100000
v -0.01998641 0.01324262 -0.00100000
v -0.01894552 0.01495875 -0.00100000
v -0.01979076 0.01314613 -0.00100000
v -0.01882572 0.01490603 -0.00100000
v -0.01959109 0.01305827 -0.00100000
v -0.01870373 0.01485859 -0.00100000
v -0.01938777 0.01297921 -0.00100000
v -0.01857979 0.01481652 -0.00100000
v -0.01918120 0.01290908 -0.00100000
v -0.01845413 0.01477989 -0.00100000
v -0.01897177 0.01284804 -0.00100000
v -0.01832699 0.01474878 -0.00100000
v -0.01875987 0.01279619 -0.00100000
v -0.01819861 0.01472325 -0.00100000
v -0.01854591 0.01275363 -0.00100000
v -0.01806925 0.01470334 -0.00100000
v -0.01833030 0.01272045 -0.00100000
v -0.01793914 0.01468909 -0.00100000
v -0.01811345 0.01269670 -0.00100000
v -0.01780853 0.01468053 -0.00100000
v -0.01789577 0.01268243 -0.00100000
v -0.01767767 0.01467767 -0.00100000
v -0.01767767 0.01267767 -0.00100000
v -0.01754681 0.01468053 -0.00100000
v -0.01745957 0.01268243 -0.00100000
v -0.01741620 0.01468909 -0.00100000
v -0.01724189 0.01269670 -0.00100000
v -0.02067767 0.01767767 -0.00500000
v -0.02067481 0.01780853 -0.00500000
v -0.02066625 0.01793914 -0.00500000
v -0.02065200 0.01806925 -0.00500000
v -0.02063209 0.01819861 -0.00500000
v -0.02060656 0.01832699 -0.00500000
v -0.02057545 0.01845413 -0.00500000
v -0.02053882 0.01857979 -0.00500000
v -0.02049675 0.01870373 -0.00500000
v -0.02044931 0.01882572 -0.00500000
v -0.02039659 0.01894552 -0.00500000
v -0.02033870 0.01906292 -0.00500000
v -0.02027575 0.01917767 -0.00500000
v -0.02020784 0.01928957 -0.00500000
v -0.02013513 0.01939840 -0.00500000
v -0.02005773 0.01950395 -0.00500000
v -0.01997580 0.01960603 -0.00500000
v -0.01988950 0.01970444 -0.00500000
v -0.01979899 0.01979899 -0.00500000
v -0.01970444 0.01988950 -0.00500000
v -0.01960603 0.01997580 -0.00500000
v -0.01950395 0.02005773 -0.00500000
v -0.01939840 0.02013513 -0.00500000
v -0.01928957 0.02020784 -0.00500000
v -0.01917767 0.02027575 -0.00500000
v -0.01906292 0.02033870 -0.00500000
v -0.01894552 0.02039659 -0.00500000
v -0.01882572 0.02044931 -0.00500000
v -0.01870373 0.02049675 -0.00500000
v -0.01857979 0.02053882 -0.00500000
v -0.01845413 0.02057545 -0.00500000
v -0.01832699 0.02060656 -0.00500000
v -0.01819861 0.02063209 -0.00500000
v -0.01806925 0.02065200 -0.00500000
v -0.01793914 0.02066625 -0.00500000
v -0.01780853 0.02067481 -0.00500000
v -0.01767767 0.02067767 -0.00500000
v -0.01754681 0.02067481 -0.00500000
v -0.01741620 0.02066625 -0.00500000
v -0.01728609 0.02065200 -0.00500000
v -0.01715673 0.02063209 -0.00500000
v -0.01702835 0.02060656 -0.00500000
v -0.01690121 0.02057545 -0.00500000
v -0.01677555 0.02053882 -0.00500000
v -0.01665161 0.02049675 -0.00500000
v -0.01652962 0.02044931 -0.00500000
v -0.01640981 0.02039659 -0.00500000
v -0.01629242 0.02033870 -0.00500000
v -0.01617767 0.02027575 -0.00500000
v -0.01606577 0.02020784 -0.00500000
v -0.01595694 0.02013513 -0.00500000
v -0.01585139 0.02005773 -0.00500000
v -0.01574931 0.01997580 -0.00500000
v -0.01565090 0.01988950 -0.00500000
v -0.01555635 0.01979899 -0.00500000
v -0.01546584 0.01970444 -0.00500000
v -0.01537954 0.01960603 -0.00500000
v -0.01529761 0.01950395 -0.00500000
v -0.01522021 0.01939840 -0.00500000
v -0.01514750 0.01928957 -0.00500000
v -0.01507959 0.01917767 -0.00500000
v -0.01501664 0.01906292 -0.00500000
v -0.01495875 0.01894552 -0.00500000
v -0.01490603 0.01882572 -0.00500000
v -0.01485859 0.01870373 -0.00500000
v -0.01481652 0.01857979 -0.00500000
v -0.01477989 0.01845413 -0.00500000
v -0.01474878 0.01832699 -0.00500000
v -0.01472325 0.01819861 -0.00500000
v -0.01470334 0.01806925 -0.00500000
v -0.01468909 0.01793914 -0.00500000
v -0.01468053 0.01780853 -0.00500000
v -0.01467767 0.01767767 -0.00500000
v -0.01468053 0.01754681 -0.00500000
v -0.01468909 0.01741620 -0.00500000
v -0.01470334 0.01728609 -0.00500000
v -0.01472325 0.01715673 -0.00500000
v -0.01474878 0.01702835 -0.00500000
v -0.01477989 0.01690121 -0.00500000
v -0.01481652 0.01677555 -0.00500000
v -0.01485859 0.01665161 -0.00500000
v -0.01490603 0.01652962 -0.00500000
v -0.01495875 0.01640981 -0.00500000
v -0.01501664 0.01629242 -0.00500000
v -0.01507959 0.01617767 -0.00500000
v -0.01514750 0.01606577 -0.00500000
v -0.01522021 0.01595694 -0.00500000
v -0.01529761 0.01585139 -0.00500000
v -0.01537954 0.01574931 -0.00500000
v -0.01546584 0.01565090 -0.00500000
v -0.01555635 0.01555635 -0.00500000
v -0.01565090 0.01546584 -0.00500000
v -0.01574931 0.01537954 -0.00500000
v -0.01585139 0.01529761 -0.00500000
v -0.01595694 0.01522021 -0.00500000
v -0.01606577 0.01514750 -0.00500000
v -0.01617767 0.01507959 -0.00500000
v -0.01629242 0.01501664 -0.00500000
v -0.01640981 0.01495875 -0.00500000
v -0.01652962 0.01490603 -0.00500000
v -0.01665161 0.01485859 -0.00500000
v -0.01677555 0.01481652 -0.00500000
v -0.01690121 0.01477989 -0.00500000
v -0.01702835 0.01474878 -0.00500000
v -0.01715673 0.01472325 -0.00500000
v -0.01728609 0.01470334 -0.00500000
v -0.01741620 0.01468909 -0.00500000
v -0.01754681 0.01468053 -0.00500000
v -0.01767767 0.01467767 -0.00500000
v -0.01780853 0.01468053 -0.00500000
v -0.01793914 0.01468909 -0.00500000
v -0.01806925 0.01470334 -0.00500000
v -0.01819861 0.01472325 -0.00500000
v -0.01832699 0.01474878 -0.00500000
v -0.01845413 0.01477989 -0.00500000
v -0.01857979 0.01481652 -0.00500000
v -0.01870373 0.01485859 -0.00500000
v -0.01882572 0.01490603 -0.00500000
v -0.01894552 0.01495875 -0.00500000
v -0.01906292 0.01501664 -0.00500000
v -0.01917767 0.01507959 -0.00500000
v -0.01928957 0.01514750 -0.00500000
v -0.01939840 0.01522021 -0.00500000
v -0.01950395 0.01529761 -0.00500000
v -0.01960603 0.01537954 -0.00500000
v -0.01970444 0.01546584 -0.00500000
v -0.01979899 0.01555635 -0.00500000
v -0.01988950 0.01565090 -0.00500000
v -0.01997580 0.01574931 -0.00500000
v -0.02005773 0.01585139 -0.00500000
v -0.02013513 0.01595694 -0.00500000
v -0.02020784 0.01606577 -0.00500000
v -0.02027575 0.01617767 -0.00500000
v -0.02033870 0.01629242 -0.00500000
v -0.02039659 0.01640981 -0.00500000
v -0.02044931 0.01652962 -0.00500000
v -0.02049675 0.01665161 -0.00500000
v -0.02053882 0.01677555 -0.00500000
v -0.02057545 0.01690121 -0.00500000
v -0.02060656 0.01702835 -0.00500000
v -0.02063209 0.01715673 -0.00500000
v -0.02065200 0.01728609 -0.00500000
v -0.02066625 0.01741620 -0.00500000
v -0.02067481 0.01754681 -0.00500000
v 0.01467767 0.01767767 -0.00500000
v 0.01468053 0.01780853 -0.00500000
v 0.01468909 0.01793914 -0.00500000
v 0.01470334 0.01806925 -0.00500000
v 0.01472325 0.01819861 -0.00500000
v 0.01474878 0.01832699 -0.00500000
v 0.01477989 0.01845413 -0.00500000
v 0.01481652 0.01857979 -0.00500000
v 0.01485859 0.01870373 -0.00500000
v 0.01490603 0.01882572 -0.00500000
v 0.01495875 0.01894552 -0.00500000
v 0.01501664 0.01906292 -0.00500000
v 0.01507959 0.01917767 -0.00500000
v 0.01514750 0.01928957 -0.00500000
v 0.01522021 0.01939840 -0.00500000
v 0.01529761 0.01950395 -0.00500000
v 0.01537954 0.01960603 -0.00500000
v 0.01546584 0.01970444 -0.00500000
v 0.01555635 0.01979899 -0.00500000
v 0.01565090 0.01988950 -0.00500000
v 0.01574931 0.01997580 -0.00500000
v 0.01585139 0.02005773 -0.00500000
v 0.01595694 0.02013513 -0.00500000
v 0.01606577 0.02020784 -0.00500000
v 0.01617767 0.02027575 -0.00500000
v 0.01629242 0.02033870 -0.00500000
v 0.01640981 0.02039659 -0.00500000
v 0.01652962 0.02044931 -0.00500000
v 0.01665161 0.02049675 -0.00500000
v 0.01677555 0.02053882 -0.00500000
v 0.01690121 0.02057545 -0.00500000
v 0.01702835 0.02060656 -0.00500000
v 0.01715673 0.02063209 -0.00500000
v 0.01728609 0.02065200 -0.00500000
v 0.01741620 0.02066625 -0.00500000
v 0.01754681 0.02067481 -0.00500000
v 0.01767767 0.02067767 -0.00500000
v 0.01780853 0.02067481 -0.00500000
v 0.01793914 0.02066625 -0.00500000
v 0.01806925 0.02065200 -0.00500000
v 0.01819861 0.02063209 -0.00500000
v 0.01832699 0.02060656 -0.00500000
v 0.01845413 0.02057545 -0.00500000
v 0.01857979 0.02053882 -0.00500000
v 0.01870373 0.02049675 -0.00500000
v 0.01882572 0.02044931 -0.00500000
v 0.01894552 0.02039659 -0.00500000
v 0.01906292 0.02033870 -0.00500000
v 0.01917767 0.02027575 -0.00500000
v 0.01928957 0.02020784 -0.00500000
v 0.01939840 0.02013513 -0.00500000
v 0.01950395 0.02005773 -0.00500000
v 0.01960603 0.01997580 -0.00500000
v 0.01970444 0.01988950 -0.00500000
v 0.01979899 0.01979899 -0.00500000
v 0.01988950 0.01970444 -0.00500000
v 0.01997580 0.01960603 -0.00500000
v 0.02005773 0.01950395 -0.00500000
v 0.02013513 0.01939840 -0.00500000
v 0.02020784 0.01928957 -0.00500000
v 0.02027575 0.01917767 -0.00500000
v 0.02033870 0.01906292 -0.00500000
v 0.02039659 0.01894552 -0.00500000
v 0.02044931 0.01882572 -0.00500000
v 0.02049675 0.01870373 -0.00500000
v 0.02053882 0.01857979 -0.00500000
v 0.02057545 0.01845413 -0.00500000
v 0.02060656 0.01832699 -0.00500000
v 0.02063209 0.01819861 -0.00500000
v 0.02065200 0.01806925 -0.00500000
v 0.02066625 0.01793914 -0.00500000
v 0.02067481 0.01780853 -0.00500000
v 0.02067767 0.01767767 -0.00500000
v 0.02067481 0.01754681 -0.00500000
v 0.02066625 0.01741620 -0.00500000
v 0.02065200 0.01728609 -0.00500000
v 0.02063209 0.01715673 -0.00500000
v 0.02060656 0.01702835 -0.00500000
v 0.02057545 0.01690121 -0.00500000
v 0.02053882 0.01677555 -0.00500000
v 0.02049675 0.01665161 -0.00500000
v 0.02044931 0.01652962 -0.00500000
v 0.02039659 0.01640981 -0.00500000
v 0.02033870 0.01629242 -0.00500000
v 0.02027575 0.01617767 -0.00500000
v 0.02020784 0.01606577 -0.00500000
v 0.02013513 0.01595694 -0.00500000
v 0.02005773 0.01585139 -0.00500000
v 0.01997580 0.01574931 -0.00500000
v 0.01988950 0.01565090 -0.00500000
v 0.01979899 0.01555635 -0.00500000
v 0.01970444 0.01546584 -0.00500000
v 0.01960603 0.01537954 -0.00500000
v 0.01950395 0.01529761 -0.00500000
v 0.01939840 0.01522021 -0.00500000
v 0.01928957 0.01514750 -0.00500000
v 0.01917767 0.01507959 -0.00500000
v 0.01906292 0.01501664 -0.00500000
v 0.01894552 0.01495875 -0.00500000
v 0.01882572 0.01490603 -0.00500000
v 0.01870373 0.01485859 -0.00500000
v 0.01857979 0.01481652 -0.00500000
v 0.01845413 0.01477989 -0.00500000
v 0.01832699 0.01474878 -0.00500000
v 0.01819861 0.01472325 -0.00500000
v 0.01806925 0.01470334 -0.00500000
v 0.01793914 0.01468909 -0.00500000
v 0.01780853 0.01468053 -0.00500000
v 0.01767767 0.01467767 -0.00500000
v 0.01754681 0.01468053 -0.00500000
v 0.01741620 0.01468909 -0.00500000
v 0.01728609 0.01470334 -0.00500000
v 0.01715673 0.01472325 -0.00500000
v 0.01702835 0.01474878 -0.00500000
v 0.01690121 0.01477989 -0.00500000
v 0.01677555 0.01481652 -0.00500000
v 0.01665161 0.01485859 -0.00500000
v 0.01652962 0.01490603 -0.00500000
v 0.01640981 0.01495875 -0.00500000
v 0.01629242 0.01501664 -0.00500000
v 0.01617767 0.01507959 -0.00500000
v 0.01606577 0.01514750 -0.00500000
v 0.01595694 0.01522021 -0.00500000
v 0.01585139 0.01529761 -0.00500000
v 0.01574931 0.01537954 -0.00500000
v 0.01565090 0.01546584 -0.00500000
v 0.01555635 0.01555635 -0.00500000
v 0.01546584 0.01565090 -0.00500000
v 0.01537954 0.01574931 -0.00500000
v 0.01529761 0.01585139 -0.00500000
v 0.01522021 0.01595694 -0.00500000
v 0.01514750 0.01606577 -0.00500000
v 0.01507959 0.01617767 -0.00500000
v 0.01501664 0.01629242 -0.00500000
v 0.01495875 0.01640981 -0.00500000
v 0.01490603 0.01652962 -0.00500000
v 0.01485859 0.01665161 -0.00500000
v 0.01481652 0.01677555 -0.00500000
v 0.01477989 0.01690121 -0.00500000
v 0.01474878 0.01702835 -0.00500000
v 0.01472325 0.01715673 -0.00500000
v 0.01470334 0.01728609 -0.00500000
v 0.01468909 0.01741620 -0.00500000
v 0.01468053 0.01754681 -0.00500000
v 0.00999048 0.00043619 0.05489898
v 0.00978201 0.00042709 0.05485171
v 0.00996195 0.00087156 0.05489898
v 0.00975407 0.00085337 0.05485171
v 0.00991445 0.00130526 0.05489898
v 0.00970756 0.00127802 0.05485171
v 0.00984808 0.00173648 0.05489898
v 0.00964258 0.00170025 0.05485171
v 0.00976296 0.00216440 0.05489898
v 0.00955923 0.00211923 0.05485171
v 0.00965926 0.00258819 0.05489898
v 0.00945770 0.00253418 0.05485171
v 0.00953717 0.00300706 0.05489898
v 0.00933816 0.00294431 0.05485171
v 0.00939693 0.00342020 0.05489898
v 0.00920084 0.00334883 0.05485171
v 0.00923880 0.00382683 0.05489898
v 0.00904601 0.00374698 0.05485171
v 0.00906308 0.00422618 0.05489898
v 0.00887396 0.00413799 0.05485171
v 0.00887011 0.00461749 0.05489898
v 0.00868501 0.00452113 0.05485171
v 0.00866025 0.00500000 0.05489898
v 0.00847954 0.00489566 0.05485171
v 0.00843391 0.00537300 0.05489898
v 0.00825792 0.00526088 0.05485171
v 0.00819152 0.00573576 0.05489898
v 0.00802059 0.00561607 0.05485171
v 0.00793353 0.00608761 0.05489898
v 0.00776798 0.00596058 0.05485171
v 0.00766044 0.00642788 0.05489898
v 0.00750059 0.00629374 0.05485171
v 0.00737277 0.00675590 0.05489898
v 0.00721892 0.00661493 0.05485171
v 0.00707107 0.00707107 0.05489898
v 0.00692351 0.00692351 0.05485171
v 0.00675590 0.00737277 0.05489898
v 0.00661493 0.00721892 0.05485171
v 0.00642788 0.00766044 0.05489898
v 0.00629374 0.00750059 0.05485171
v 0.00608761 0.00793353 0.05489898
v 0.00596058 0.00776798 0.05485171
v 0.00573576 0.00819152 0.05489898
v 0.00561607 0.00802059 0.05485171
v 0.00537300 0.00843391 0.05489898
v 0.00526088 0.00825792 0.05485171
v 0.00500000 0.00866025 0.05489898
v 0.00489566 0.00847954 0.05485171
v 0.00461749 0.00887011 0.05489898
v 0.00452113 0.00868501 0.05485171
v 0.00422618 0.00906308 0.05489898
v 0.00413799 0.00887396 0.05485171
v 0.00382683 0.00923880 0.05489898
v 0.00374698 0.00904601 0.05485171
v 0.00342020 0.00939693 0.05489898
v 0.00334883 0.00920084 0.05485171
v 0.00300706 0.00953717 0.05489898
v 0.00294431 0.00933816 0.05485171
v 0.00258819 0.00965926 0.05489898
v 0.00253418 0.00945770 0.05485171
v 0.00216440 0.00976296 0.05489898
v 0.00211923 0.00955923 0.05485171
v 0.00173648 0.00984808 0.05489898
v 0.00170025 0.00964258 0.05485171
v 0.00130526 0.00991445 0.05489898
v 0.00127802 0.00970756 0.05485171
v 0.00087156 0.00996195 0.05489898
v 0.00085337 0.00975407 0.05485171
v 0.00043619 0.00999048 0.05489898
v 0.00042709 0.00978201 0.05485171
v 0.00000000 0.01000000 0.05489898
v 0.00000000 0.00979133 0.05485171
v -0.00043619 0.00999048 0.05489898
v -0.00042709 0.00978201 0.05485171
v -0.00087156 0.00996195 0.05489898
v -0.00085337 0.00975407 0.05485171
v -0.00130526 0.00991445 0.05489898
v -0.00127802 0.00970756 0.05485171
v -0.00173648 0.00984808 0.05489898
v -0.00170025 0.00964258 0.05485171
v -0.00216440 0.00976296 0.05489898
v -0.00211923 0.00955923 0.05485171
v -0.00258819 0.00965926 0.05489898
v -0.00253418 0.00945770 0.05485171
v -0.00300706 0.00953717 0.05489898
v -0.00294431 0.00933816 0.05485171
v -0.00342020 0.00939693 0.05489898
v -0.00334883 0.00920084 0.05485171
v -0.00382683 0.00923880 0.05489898
v -0.00374698 0.00904601 0.05485171
v -0.00422618 0.00906308 0.05489898
v -0.00413799 0.00887396 0.05485171
v -0.00461749 0.00887011 0.05489898
v -0.00452113 0.00868501 0.05485171
v -0.00500000 0.00866025 0.05489898
v -0.00489566 0.00847954 0.05485171
v -0.00537300 0.00843391 0.05489898
v -0.00526088 0.00825792 0.05485171
v -0.00573576 0.00819152 0.05489898
v -0.00561607 0.00802059 0.05485171
v -0.00608761 0.00793353 0.05489898
v -0.00596058 0.00776798 0.05485171
v -0.00642788 0.00766044 0.05489898
v -0.00629374 0.00750059 0.05485171
v -0.00675590 0.00737277 0.05489898
v -0.00661493 0.00721892 0.05485171
v -0.00707107 0.00707107 0.05489898
v -0.00692351 0.00692351 0.05485171
v -0.00737277 0.00675590 0.05489898
v -0.00721892 0.00661493 0.05485171
v -0.00766044 0.00642788 0.05489898
v -0.00750059 0.00629374 0.05485171
v -0.00793353 0.00608761 0.05489898
v -0.00776798 0.00596058 0.05485171
v -0.00819152 0.00573576 0.05489898
v -0.00802059 0.00561607 0.05485171
v -0.00843391 0.00537300 0.05489898
v -0.00825792 0.00526088 0.05485171
v -0.00866025 0.00500000 0.05489898
v -0.00847954 0.00489566 0.05485171
v -0.00887011 0.00461749 0.05489898
v -0.00868501 0.00452113 0.05485171
v -0.00906308 0.00422618 0.05489898
v -0.00887396 0.00413799 0.05485171
v -0.00923880 0.00382683 0.05489898
v -0.00904601 0.00374698 0.05485171
v -0.00939693 0.00342020 0.05489898
v -0.00920084 0.00334883 0.05485171
v -0.00953717 0.00300706 0.05489898
v -0.00933816 0.00294431 0.05485171
v -0.00965926 0.00258819 0.05489898
v -0.00945770 0.00253418 0.05485171
v -0.00976296 0.00216440 0.05489898
v -0.00955923 0.00211923 0.05485171
v -0.00984808 0.00173648 0.05489898
v -0.00964258 0.00170025 0.05485171
v -0.00991445 0.00130526 0.05489898
v -0.00970756 0.00127802 0.05485171
v -0.00996195 0.00087156 0.05489898
v -0.00975407 0.00085337 0.05485171
v -0.00999048 0.00043619 0.05489898
v -0.00978201 0.00042709 0.05485171
v -0.01000000 0.00000000 0.05489898
v -0.00979133 0.00000000 0.05485171
v -0.00999048 -0.00043619 0.05489898
v -0.00978201 -0.00042709 0.05485171
v -0.00996195 -0.00087156 0.05489898
v -0.00975407 -0.00085337 0.05485171
v -0.00991445 -0.00130526 0.05489898
v -0.00970756 -0.00127802 0.05485171
v -0.00984808 -0.00173648 0.05489898
v -0.00964258 -0.00170025 0.05485171
v -0.00976296 -0.00216440 0.05489898
v -0.00955923 -0.00211923 0.05485171
v -0.00965926 -0.00258819 0.05489898
v -0.00945770 -0.00253418 0.05485171
v -0.00953717 -0.00300706 0.05489898
v -0.00933816 -0.00294431 0.05485171
v -0.00939693 -0.00342020 0.05489898
v -0.00920084 -0.00334883 0.05485171
v -0.00923880 -0.00382683 0.05489898
v -0.00904601 -0.00374698 0.05485171
v -0.00906308 -0.00422618 0.05489898
v -0.00887396 -0.00413799 0.05485171
v -0.00887011 -0.00461749 0.05489898
v -0.00868501 -0.00452113 0.05485171
v -0.00866025 -0.00500000 0.05489898
v -0.00847954 -0.00489566 0.05485171
v -0.00843391 -0.00537300 0.05489898
v -0.00825792 -0.00526088 0.05485171
v -0.00819152 -0.00573576 0.05489898
v -0.00802059 -0.00561607 0.05485171
v -0.00793353 -0.00608761 0.05489898
v -0.00776798 -0.00596058 0.05485171
v -0.00766044 -0.00642788 0.05489898
v -0.00750059 -0.00629374 0.05485171
v -0.00737277 -0.00675590 0.05489898
v -0.00721892 -0.00661493 0.05485171
v -0.00707107 -0.00707107 0.05489898
v -0.00692351 -0.00692351 0.05485171
v -0.00675590 -0.00737277 0.05489898
v -0.00661493 -0.00721892 0.05485171
v -0.00642788 -0.00766044 0.05489898
v -0.00629374 -0.00750059 0.05485171
v -0.00608761 -0.00793353 0.05489898
v -0.00596058 -0.00776798 0.05485171
v -0.00573576 -0.00819152 0.05489898
v -0.00561607 -0.00802059 0.05485171
v -0.00537300 -0.00843391 0.05489898
v -0.00526088 -0.00825792 0.05485171
v -0.00500000 -0.00866025 0.05489898
v -0.00489566 -0.00847954 0.05485171
v -0.00461749 -0.00887011 0.05489898
v -0.00452113 -0.00868501 0.05485171
v -0.00422618 -0.00906308 0.05489898
v -0.00413799 -0.00887396 0.05485171
v -0.00382683 -0.00923880 0.05489898
v -0.00374698 -0.00904601 0.05485171
v -0.00342020 -0.00939693 0.05489898
v -0.00334883 -0.00920084 0.05485171
v -0.00300706 -0.00953717 0.05489898
v -0.00294431 -0.00933816 0.05485171
v -0.00258819 -0.00965926 0.05489898
v -0.00253418 -0.00945770 0.05485171
v -0.00216440 -0.00976296 0.05489898
v -0.00211923 -0.00955923 0.05485171
v -0.00173648 -0.00984808 0.05489898
v -0.00170025 -0.00964258 0.05485171
v -0.00130526 -0.00991445 0.05489898
v -0.00127802 -0.00970756 0.05485171
v -0.00087156 -0.00996195 0.05489898
v -0.00085337 -0.00975407 0.05485171
v -0.00043619 -0.00999048 0.05489898
v -0.00042709 -0.00978201 0.05485171
v -0.00000000 -0.01000000 0.05489898
v -0.00000000 -0.00979133 0.05485171
v 0.00043619 -0.00999048 0.05489898
v 0.00042709 -0.00978201 0.05485171
v 0.00087156 -0.00996195 0.05489898
v 0.00085337 -0.00975407 0.05485171
v 0.00130526 -0.00991445 0.05489898
v 0.00127802 -0.00970756 0.05485171
v 0.00173648 -0.00984808 0.05489898
v 0.00170025 -0.00964258 0.05485171
v 0.00216440 -0.00976296 0.05489898
v 0.00211923 -0.00955923 0.05485171
v 0.00258819 -0.00965926 0.05489898
v 0.00253418 -0.00945770 0.05485171
v 0.00300706 -0.00953717 0.05489898
v 0.00294431 -0.00933816 0.05485171
v 0.00342020 -0.00939693 0.05489898
v 0.00334883 -0.00920084 0.05485171
v 0.00382683 -0.00923880 0.05489898
v 0.00374698 -0.00904601 0.05485171
v 0.00422618 -0.00906308 0.05489898
v 0.00413799 -0.00887396 0.05485171
v 0.00461749 -0.00887011 0.05489898
v 0.00452113 -0.00868501 0.05485171
v 0.00500000 -0.00866025 0.05489898
v 0.00489566 -0.00847954 0.05485171
v 0.00537300 -0.00843391 0.05489898
v 0.00526088 -0.00825792 0.05485171
v 0.00573576 -0.00819152 0.05489898
v 0.00561607 -0.00802059 0.05485171
v 0.00608761 -0.00793353 0.05489898
v 0.00596058 -0.00776798 0.05485171
v 0.00642788 -0.00766044 0.05489898
v 0.00629374 -0.00750059 0.05485171
v 0.00675590 -0.00737277 0.05489898
v 0.00661493 -0.00721892 0.05485171
v 0.00707107 -0.00707107 0.05489898
v 0.00692351 -0.00692351 0.05485171
v 0.00737277 -0.00675590 0.05489898
v 0.00721892 -0.00661493 0.05485171
v 0.00766044 -0.00642788 0.05489898
v 0.00750059 -0.00629374 0.05485171
v 0.00793353 -0.00608761 0.05489898
v 0.00776798 -0.00596058 0.05485171
v 0.00819152 -0.00573576 0.05489898
v 0.00802059 -0.00561607 0.05485171
v 0.00843391 -0.00537300 0.05489898
v 0.00825792 -0.00526088 0.05485171
v 0.00866025 -0.00500000 0.05489898
v 0.00847954 -0.00489566 0.05485171
v 0.00887011 -0.00461749 0.05489898
v 0.00868501 -0.00452113 0.05485171
v 0.00906308 -0.00422618 0.05489898
v 0.00887396 -0.00413799 0.05485171
v 0.00923880 -0.00382683 0.05489898
v 0.00904601 -0.00374698 0.05485171
v 0.00939693 -0.00342020 0.05489898
v 0.00920084 -0.00334883 0.05485171
v 0.00953717 -0.00300706 0.05489898
v 0.00933816 -0.00294431 0.05485171
v 0.00965926 -0.00258819 0.05489898
v 0.00945770 -0.00253418 0.05485171
v 0.00976296 -0.00216440 0.05489898
v 0.00955923 -0.00211923 0.05485171
v 0.00984808 -0.00173648 0.05489898
v 0.00964258 -0.00170025 0.05485171
v 0.00991445 -0.00130526 0.05489898
v 0.00970756 -0.00127802 0.05485171
v 0.00996195 -0.00087156 0.05489898
v 0.00975407 -0.00085337 0.05485171
v 0.00999048 -0.00043619 0.05489898
v 0.00978201 -0.00042709 0.05485171
v 0.01000000 0.00000000 0.05489898
v 0.00979133 0.00000000 0.05485171
v 0.00957575 0.00041809 0.05479556
v 0.00954840 0.00083538 0.05479556
v 0.00950287 0.00125108 0.05479556
v 0.00943925 0.00166440 0.05479556
v 0.00935767 0.00207455 0.05479556
v 0.00925827 0.00248075 0.05479556
v 0.00914125 0.00288223 0.05479556
v 0.00900683 0.00327822 0.05479556
v 0.00885526 0.00366797 0.05479556
v 0.00868684 0.00405074 0.05479556
v 0.00850188 0.00442580 0.05479556
v 0.00830074 0.00479243 0.05479556
v 0.00808380 0.00514995 0.05479556
v 0.00785147 0.00549765 0.05479556
v 0.00760419 0.00583490 0.05479556
v 0.00734244 0.00616104 0.05479556
v 0.00706671 0.00647544 0.05479556
v 0.00677753 0.00677753 0.05479556
v 0.00647544 0.00706671 0.05479556
v 0.00616104 0.00734244 0.05479556
v 0.00583490 0.00760419 0.05479556
v 0.00549765 0.00785147 0.05479556
v 0.00514995 0.00808380 0.05479556
v 0.00479243 0.00830074 0.05479556
v 0.00442580 0.00850188 0.05479556
v 0.00405074 0.00868684 0.05479556
v 0.00366797 0.00885526 0.05479556
v 0.00327822 0.00900683 0.05479556
v 0.00288223 0.00914125 0.05479556
v 0.00248075 0.00925827 0.05479556
v 0.00207455 0.00935767 0.05479556
v 0.00166440 0.00943925 0.05479556
v 0.00125108 0.00950287 0.05479556
v 0.00083538 0.00954840 0.05479556
v 0.00041809 0.00957575 0.05479556
v 0.00000000 0.00958487 0.05479556
v -0.00041809 0.00957575 0.05479556
v -0.00083538 0.00954840 0.05479556
v -0.00125108 0.00950287 0.05479556
v -0.00166440 0.00943925 0.05479556
v -0.00207455 0.00935767 0.05479556
v -0.00248075 0.00925827 0.05479556
v -0.00288223 0.00914125 0.05479556
v -0.00327822 0.00900683 0.05479556
v -0.00366797 0.00885526 0.05479556
v -0.00405074 0.00868684 0.05479556
v -0.00442580 0.00850188 0.05479556
v -0.00479243 0.00830074 0.05479556
v -0.00514995 0.00808380 0.05479556
v -0.00549765 0.00785147 0.05479556
v -0.00583490 0.00760419 0.05479556
v -0.00616104 0.00734244 0.05479556
v -0.00647544 0.00706671 0.05479556
v -0.00677753 0.00677753 0.05479556
v -0.00706671 0.00647544 0.05479556
v -0.00734244 0.00616104 0.05479556
v -0.00760419 0.00583490 0.05479556
v -0.00785147 0.00549765 0.05479556
v -0.00808380 0.00514995 0.05479556
v -0.00830074 0.00479243 0.05479556
v -0.00850188 0.00442580 0.05479556
v -0.00868684 0.00405074 0.05479556
v -0.00885526 0.00366797 0.05479556
v -0.00900683 0.00327822 0.05479556
v -0.00914125 0.00288223 0.05479556
v -0.00925827 0.00248075 0.05479556
v -0.00935767 0.00207455 0.05479556
v -0.00943925 0.00166440 0.05479556
v -0.00950287 0.00125108 0.05479556
v -0.00954840 0.00083538 0.05479556
v -0.00957575 0.00041809 0.05479556
v -0.00958487 0.00000000 0.05479556
v -0.00957575 -0.00041809 0.05479556
v -0.00954840 -0.00083538 0.05479556
v -0.00950287 -0.00125108 0.05479556
v -0.00943925 -0.00166440 0.05479556
v -0.00935767 -0.00207455 0.05479556
v -0.00925827 -0.00248075 0.05479556
v -0.00914125 -0.00288223 0.05479556
v -0.00900683 -0.00327822 0.05479556
v -0.00885526 -0.00366797 0.05479556
v -0.00868684 -0.00405074 0.05479556
v -0.00850188 -0.00442580 0.05479556
v -0.00830074 -0.00479243 0.05479556
v -0.00808380 -0.00514995 0.05479556
v -0.00785147 -0.00549765 0.05479556
v -0.00760419 -0.00583490 0.05479556
v -0.00734244 -0.00616104 0.05479556
v -0.00706671 -0.00647544 0.05479556
v -0.00677753 -0.00677753 0.05479556
v -0.00647544 -0.00706671 0.05479556
v -0.00616104 -0.00734244 0.05479556
v -0.00583490 -0.00760419 0.05479556
v -0.00549765 -0.00785147 0.05479556
v -0.00514995 -0.00808380 0.05479556
v -0.00479243 -0.00830074 0.05479556
v -0.00442580 -0.00850188 0.05479556
v -0.00405074 -0.00868684 0.05479556
v -0.00366797 -0.00885526 0.05479556
v -0.00327822 -0.00900683 0.05479556
v -0.00288223 -0.00914125 0.05479556
v -0.00248075 -0.00925827 0.05479556
v -0.00207455 -0.00935767 0.05479556
v -0.00166440 -0.00943925 0.05479556
v -0.00125108 -0.00950287 0.05479556
v -0.00083538 -0.00954840 0.05479556
v -0.00041809 -0.00957575 0.05479556
v -0.00000000 -0.00958487 0.05479556
v 0.00041809 -0.00957575 0.05479556
v 0.00083538 -0.00954840 0.05479556
v 0.00125108 -0.00950287 0.05479556
v 0.00166440 -0.00943925 0.05479556
v 0.00207455 -0.00935767 0.05479556
v 0.00248075 -0.00925827 0.05479556
v 0.00288223 -0.00914125 0.05479556
v 0.00327822 -0.00900683 0.05479556
v 0.00366797 -0.00885526 0.05479556
v 0.00405074 -0.00868684 0.05479556
v 0.00442580 -0.00850188 0.05479556
v 0.00479243 -0.00830074 0.05479556
v 0.00514995 -0.00808380 0.05479556
v 0.00549765 -0.00785147 0.05479556
v 0.00583490 -0.00760419 0.05479556
v 0.00616104 -0.00734244 0.05479556
v 0.00647544 -0.00706671 0.05479556
v 0.00677753 -0.00677753 0.05479556
v 0.00706671 -0.00647544 0.05479556
v 0.00734244 -0.00616104 0.05479556
v 0.00760419 -0.00583490 0.05479556
v 0.00785147 -0.00549765 0.05479556
v 0.00808380 -0.00514995 0.05479556
v 0.00830074 -0.00479243 0.05479556
v 0.00850188 -0.00442580 0.05479556
v 0.00868684 -0.00405074 0.05479556
v 0.00885526 -0.00366797 0.05479556
v 0.00900683 -0.00327822 0.05479556
v 0.00914125 -0.00288223 0.05479556
v 0.00925827 -0.00248075 0.05479556
v 0.00935767 -0.00207455 0.05479556
v 0.00943925 -0.00166440 0.05479556
v 0.00950287 -0.00125108 0.05479556
v 0.00954840 -0.00083538 0.05479556
v 0.00957575 -0.00041809 0.05479556
v 0.00958487 0.00000000 0.05479556
v 0.00937207 0.00040919 0.05473063
v 0.00934530 0.00081761 0.05473063
v 0.00930075 0.00122447 0.05473063
v 0.00923848 0.00162899 0.05473063
v 0.00915863 0.00203042 0.05473063
v 0.00906135 0.00242798 0.05473063
v 0.00894682 0.00282092 0.05473063
v 0.00881526 0.00320849 0.05473063
v 0.00866692 0.00358995 0.05473063
v 0.00850207 0.00396458 0.05473063
v 0.00832105 0.00433166 0.05473063
v 0.00812419 0.00469050 0.05473063
v 0.00791186 0.00504041 0.05473063
v 0.00768447 0.00538072 0.05473063
v 0.00744245 0.00571079 0.05473063
v 0.00718626 0.00602999 0.05473063
v 0.00691640 0.00633771 0.05473063
v 0.00663337 0.00663337 0.05473063
v 0.00633771 0.00691640 0.05473063
v 0.00602999 0.00718626 0.05473063
v 0.00571079 0.00744245 0.05473063
v 0.00538072 0.00768447 0.05473063
v 0.00504041 0.00791186 0.05473063
v 0.00469050 0.00812419 0.05473063
v 0.00433166 0.00832105 0.05473063
v 0.00396458 0.00850207 0.05473063
v 0.00358995 0.00866692 0.05473063
v 0.00320849 0.00881526 0.05473063
v 0.00282092 0.00894682 0.05473063
v 0.00242798 0.00906135 0.05473063
v 0.00203042 0.00915863 0.05473063
v 0.00162899 0.00923848 0.05473063
v 0.00122447 0.00930075 0.05473063
v 0.00081761 0.00934530 0.05473063
v 0.00040919 0.00937207 0.05473063
v 0.00000000 0.00938100 0.05473063
v -0.00040919 0.00937207 0.05473063
v -0.00081761 0.00934530 0.05473063
v -0.00122447 0.00930075 0.05473063
v -0.00162899 0.00923848 0.05473063
v -0.00203042 0.00915863 0.05473063
v -0.00242798 0.00906135 0.05473063
v -0.00282092 0.00894682 0.05473063
v -0.00320849 0.00881526 0.05473063
v -0.00358995 0.00866692 0.05473063
v -0.00396458 0.00850207 0.05473063
v -0.00433166 0.00832105 0.05473063
v -0.00469050 0.00812419 0.05473063
v -0.00504041 0.00791186 0.05473063
v -0.00538072 0.00768447 0.05473063
v -0.00571079 0.00744245 0.05473063
v -0.00602999 0.00718626 0.05473063
v -0.00633771 0.00691640 0.05473063
v -0.00663337 0.00663337 0.05473063
v -0.00691640 0.00633771 0.05473063
v -0.00718626 0.00602999 0.05473063
v -0.00744245 0.00571079 0.05473063
v -0.00768447 0.00538072 0.05473063
v -0.00791186 0.00504041 0.05473063
v -0.00812419 0.00469050 0.05473063
v -0.00832105 0.00433166 0.05473063
v -0.00850207 0.00396458 0.05473063
v -0.00866692 0.00358995 0.05473063
v -0.00881526 0.00320849 0.05473063
v -0.00894682 0.00282092 0.05473063
v -0.00906135 0.00242798 0.05473063
v -0.00915863 0.00203042 0.05473063
v -0.00923848 0.00162899 0.05473063
v -0.00930075 0.00122447 0.05473063
v -0.00934530 0.00081761 0.05473063
v -0.00937207 0.00040919 0.05473063
v -0.00938100 0.00000000 0.05473063
v -0.00937207 -0.00040919 0.05473063
v -0.00934530 -0.00081761 0.05473063
v -0.00930075 -0.00122447 0.05473063
v -0.00923848 -0.00162899 0.05473063
v -0.00915863 -0.00203042 0.05473063
v -0.00906135 -0.00242798 0.05473063
v -0.00894682 -0.00282092 0.05473063
v -0.00881526 -0.00320849 0.05473063
v -0.00866692 -0.00358995 0.05473063
v -0.00850207 -0.00396458 0.05473063
v -0.00832105 -0.00433166 0.05473063
v -0.00812419 -0.00469050 0.05473063
v -0.00791186 -0.00504041 0.05473063
v -0.00768447 -0.00538072 0.05473063
v -0.00744245 -0.00571079 0.05473063
v -0.00718626 -0.00602999 0.05473063
v -0.00691640 -0.00633771 0.05473063
v -0.00663337 -0.00663337 0.05473063
v -0.00633771 -0.00691640 0.05473063
v -0.00602999 -0.00718626 0.05473063
v -0.00571079 -0.00744245 0.05473063
v -0.00538072 -0.00768447 0.05473063
v -0.00504041 -0.00791186 0.05473063
v -0.00469050 -0.00812419 0.05473063
v -0.00433166 -0.00832105 0.05473063
v -0.00396458 -0.00850207 0.05473063
v -0.00358995 -0.00866692 0.05473063
v -0.00320849 -0.00881526 0.05473063
v -0.00282092 -0.00894682 0.05473063
v -0.00242798 -0.00906135 0.05473063
v -0.00203042 -0.00915863 0.05473063
v -0.00162899 -0.00923848 0.05473063
v -0.00122447 -0.00930075 0.05473063
v -0.00081761 -0.00934530 0.05473063
v -0.00040919 -0.00937207 0.05473063
v -0.00000000 -0.00938100 0.05473063
v 0.00040919 -0.00937207 0.05473063
v 0.00081761 -0.00934530 0.05473063
v 0.00122447 -0.00930075 0.05473063
v 0.00162899 -0.00923848 0.05473063
v 0.00203042 -0.00915863 0.05473063
v 0.00242798 -0.00906135 0.05473063
v 0.00282092 -0.00894682 0.05473063
v 0.00320849 -0.00881526 0.05473063
v 0.00358995 -0.00866692 0.05473063
v 0.00396458 -0.00850207 0.05473063
v 0.00433166 -0.00832105 0.05473063
v 0.00469050 -0.00812419 0.05473063
v 0.00504041 -0.00791186 0.05473063
v 0.00538072 -0.00768447 0.05473063
v 0.00571079 -0.00744245 0.05473063
v 0.00602999 -0.00718626 0.05473063
v 0.00633771 -0.00691640 0.05473063
v 0.00663337 -0.00663337 0.05473063
v 0.00691640 -0.00633771 0.05473063
v 0.00718626 -0.00602999 0.05473063
v 0.00744245 -0.00571079 0.05473063
v 0.00768447 -0.00538072 0.05473063
v 0.00791186 -0.00504041 0.05473063
v 0.00812419 -0.00469050 0.05473063
v 0.00832105 -0.00433166 0.05473063
v 0.00850207 -0.00396458 0.05473063
v 0.00866692 -0.00358995 0.05473063
v 0.00881526 -0.00320849 0.05473063
v 0.00894682 -0.00282092 0.05473063
v 0.00906135 -0.00242798 0.05473063
v 0.00915863 -0.00203042 0.05473063
v 0.00923848 -0.00162899 0.05473063
v 0.00930075 -0.00122447 0.05473063
v 0.00934530 -0.00081761 0.05473063
v 0.00937207 -0.00040919 0.05473063
v 0.00938100 0.00000000 0.05473063
v 0.00917136 0.00040043 0.05465703
v 0.00914517 0.00080010 0.05465703
v 0.00910156 0.00119824 0.05465703
v 0.00904063 0.00159411 0.05465703
v 0.00896249 0.00198694 0.05465703
v 0.00886729 0.00237598 0.05465703
v 0.00875522 0.00276051 0.05465703
v 0.00862647 0.00313978 0.05465703
v 0.00848131 0.00351307 0.05465703
v 0.00832000 0.00387968 0.05465703
v 0.00814285 0.00423890 0.05465703
v 0.00795020 0.00459005 0.05465703
v 0.00774242 0.00493246 0.05465703
v 0.00751990 0.00526549 0.05465703
v 0.00728306 0.00558849 0.05465703
v 0.00703236 0.00590085 0.05465703
v 0.00676828 0.00620198 0.05465703
v 0.00649131 0.00649131 0.05465703
v 0.00620198 0.00676828 0.05465703
v 0.00590085 0.00703236 0.05465703
v 0.00558849 0.00728306 0.05465703
v 0.00526549 0.00751990 0.05465703
v 0.00493246 0.00774242 0.05465703
v 0.00459005 0.00795020 0.05465703
v 0.00423890 0.00814285 0.05465703
v 0.00387968 0.00832000 0.05465703
v 0.00351307 0.00848131 0.05465703
v 0.00313978 0.00862647 0.05465703
v 0.00276051 0.00875522 0.05465703
v 0.00237598 0.00886729 0.05465703
v 0.00198694 0.00896249 0.05465703
v 0.00159411 0.00904063 0.05465703
v 0.00119824 0.00910156 0.05465703
v 0.00080010 0.00914517 0.05465703
v 0.00040043 0.00917136 0.05465703
v 0.00000000 0.00918010 0.05465703
v -0.00040043 0.00917136 0.05465703
v -0.00080010 0.00914517 0.05465703
v -0.00119824 0.00910156 0.05465703
v -0.00159411 0.00904063 0.05465703
v -0.00198694 0.00896249 0.05465703
v -0.00237598 0.00886729 0.05465703
v -0.00276051 0.00875522 0.05465703
v -0.00313978 0.00862647 0.05465703
v -0.00351307 0.00848131 0.05465703
v -0.00387968 0.00832000 0.05465703
v -0.00423890 0.00814285 0.05465703
v -0.00459005 0.00795020 0.05465703
v -0.00493246 0.00774242 0.05465703
v -0.00526549 0.00751990 0.05465703
v -0.00558849 0.00728306 0.05465703
v -0.00590085 0.00703236 0.05465703
v -0.00620198 0.00676828 0.05465703
v -0.00649131 0.00649131 0.05465703
v -0.00676828 0.00620198 0.05465703
v -0.00703236 0.00590085 0.05465703
v -0.00728306 0.00558849 0.05465703
v -0.00751990 0.00526549 0.05465703
v -0.00774242 0.00493246 0.05465703
v -0.00795020 0.00459005 0.05465703
v -0.00814285 0.00423890 0.05465703
v -0.00832000 0.00387968 0.05465703
v -0.00848131 0.00351307 0.05465703
v -0.00862647 0.00313978 0.05465703
v -0.00875522 0.00276051 0.05465703
v -0.00886729 0.00237598 0.05465703
v -0.00896249 0.00198694 0.05465703
v -0.00904063 0.00159411 0.05465703
v -0.00910156 0.00119824 0.05465703
v -0.00914517 0.00080010 0.05465703
v -0.00917136 0.00040043 0.05465703
v -0.00918010 0.00000000 0.05465703
v -0.00917136 -0.00040043 0.05465703
v -0.00914517 -0.00080010 0.05465703
v -0.00910156 -0.00119824 0.05465703
v -0.00904063 -0.00159411 0.05465703
v -0.00896249 -0.00198694 0.05465703
v -0.00886729 -0.00237598 0.05465703
v -0.00875522 -0.00276051 0.05465703
v -0.00862647 -0.00313978 0.05465703
v -0.00848131 -0.00351307 0.05465703
v -0.00832000 -0.00387968 0.05465703
v -0.00814285 -0.00423890 0.05465703
v -0.00795020 -0.00459005 0.05465703
v -0.00774242 -0.00493246 0.05465703
v -0.00751990 -0.00526549 0.05465703
v -0.00728306 -0.00558849 0.05465703
v -0.00703236 -0.00590085 0.05465703
v -0.00676828 -0.00620198 0.05465703
v -0.00649131 -0.00649131 0.05465703
v -0.00620198 -0.00676828 0.05465703
v -0.00590085 -0.00703236 0.05465703
v -0.00558849 -0.00728306 0.05465703
v -0.00526549 -0.00751990 0.05465703
v -0.00493246 -0.00774242 0.05465703
v -0.00459005 -0.00795020 0.05465703
v -0.00423890 -0.00814285 0.05465703
v -0.00387968 -0.00832000 0.05465703
v -0.00351307 -0.00848131 0.05465703
v -0.00313978 -0.00862647 0.05465703
v -0.00276051 -0.00875522 0.05465703
v -0.00237598 -0.00886729 0.05465703
v -0.00198694 -0.00896249 0.05465703
v -0.00159411 -0.00904063 0.05465703
v -0.00119824 -0.00910156 0.05465703
v -0.00080010 -0.00914517 0.05465703
v -0.00040043 -0.00917136 0.05465703
v -0.00000000 -0.00918010 0.05465703
v 0.00040043 -0.00917136 0.05465703
v 0.00080010 -0.00914517 0.05465703
v 0.00119824 -0.00910156 0.05465703
v 0.00159411 -0.00904063 0.05465703
v 0.00198694 -0.00896249 0.05465703
v 0.00237598 -0.00886729 0.05465703
v 0.00276051 -0.00875522 0.05465703
v 0.00313978 -0.00862647 0.05465703
v 0.00351307 -0.00848131 0.05465703
v 0.00387968 -0.00832000 0.05465703
v 0.00423890 -0.00814285 0.05465703
v 0.00459005 -0.00795020 0.05465703
v 0.00493246 -0.00774242 0.05465703
v 0.00526549 -0.00751990 0.05465703
v 0.00558849 -0.00728306 0.05465703
v 0.00590085 -0.00703236 0.05465703
v 0.00620198 -0.00676828 0.05465703
v 0.00649131 -0.00649131 0.05465703
v 0.00676828 -0.00620198 0.05465703
v 0.00703236 -0.00590085 0.05465703
v 0.00728306 -0.00558849 0.05465703
v 0.00751990 -0.00526549 0.05465703
v 0.00774242 -0.00493246 0.05465703
v 0.00795020 -0.00459005 0.05465703
v 0.00814285 -0.00423890 0.05465703
v 0.00832000 -0.00387968 0.05465703
v 0.00848131 -0.00351307 0.05465703
v 0.00862647 -0.00313978 0.05465703
v 0.00875522 -0.00276051 0.05465703
v 0.00886729 -0.00237598 0.05465703
v 0.00896249 -0.00198694 0.05465703
v 0.00904063 -0.00159411 0.05465703
v 0.00910156 -0.00119824 0.05465703
v 0.00914517 -0.00080010 0.05465703
v 0.00917136 -0.00040043 0.05465703
v 0.00918010 0.00000000 0.05465703
v 0.00897398 0.00039181 0.05457491
v 0.00894835 0.00078288 0.05457491
v 0.00890568 0.00117246 0.05457491
v 0.00884606 0.00155980 0.05457491
v 0.00876961 0.00194417 0.05457491
v 0.00867646 0.00232485 0.05457491
v 0.00856679 0.00270110 0.05457491
v 0.00844082 0.00307221 0.05457491
v 0.00829877 0.00343746 0.05457491
v 0.00814094 0.00379618 0.05457491
v 0.00796760 0.00414767 0.05457491
v 0.00777910 0.00449126 0.05457491
v 0.00757579 0.00482631 0.05457491
v 0.00735806 0.00515217 0.05457491
v 0.00712632 0.00546822 0.05457491
v 0.00688102 0.00577386 0.05457491
v 0.00662261 0.00606851 0.05457491
v 0.00635161 0.00635161 0.05457491
v 0.00606851 0.00662261 0.05457491
v 0.00577386 0.00688102 0.05457491
v 0.00546822 0.00712632 0.05457491
v 0.00515217 0.00735806 0.05457491
v 0.00482631 0.00757579 0.05457491
v 0.00449126 0.00777910 0.05457491
v 0.00414767 0.00796760 0.05457491
v 0.00379618 0.00814094 0.05457491
v 0.00343746 0.00829877 0.05457491
v 0.00307221 0.00844082 0.05457491
v 0.00270110 0.00856679 0.05457491
v 0.00232485 0.00867646 0.05457491
v 0.00194417 0.00876961 0.05457491
v 0.00155980 0.00884606 0.05457491
v 0.00117246 0.00890568 0.05457491
v 0.00078288 0.00894835 0.05457491
v 0.00039181 0.00897398 0.05457491
v 0.00000000 0.00898253 0.05457491
v -0.00039181 0.00897398 0.05457491
v -0.00078288 0.00894835 0.05457491
v -0.00117246 0.00890568 0.05457491
v -0.00155980 0.00884606 0.05457491
v -0.00194417 0.00876961 0.05457491
v -0.00232485 0.00867646 0.05457491
v -0.00270110 0.00856679 0.05457491
v -0.00307221 0.00844082 0.05457491
v -0.00343746 0.00829877 0.05457491
v -0.00379618 0.00814094 0.05457491
v -0.00414767 0.00796760 0.05457491
v -0.00449126 0.00777910 0.05457491
v -0.00482631 0.00757579 0.05457491
v -0.00515217 0.00735806 0.05457491
v -0.00546822 0.00712632 0.05457491
v -0.00577386 0.00688102 0.05457491
v -0.00606851 0.00662261 0.05457491
v -0.00635161 0.00635161 0.05457491
v -0.00662261 0.00606851 0.05457491
v -0.00688102 0.00577386 0.05457491
v -0.00712632 0.00546822 0.05457491
v -0.00735806 0.00515217 0.05457491
v -0.00757579 0.00482631 0.05457491
v -0.00777910 0.00449126 0.05457491
v -0.00796760 0.00414767 0.05457491
v -0.00814094 0.00379618 0.05457491
v -0.00829877 0.00343746 0.05457491
v -0.00844082 0.00307221 0.05457491
v -0.00856679 0.00270110 0.05457491
v -0.00867646 0.00232485 0.05457491
v -0.00876961 0.00194417 0.05457491
v -0.00884606 0.00155980 0.05457491
v -0.00890568 0.00117246 0.05457491
v -0.00894835 0.00078288 0.05457491
v -0.00897398 0.00039181 0.05457491
v -0.00898253 0.00000000 0.05457491
v -0.00897398 -0.00039181 0.05457491
v -0.00894835 -0.00078288 0.05457491
v -0.00890568 -0.00117246 0.05457491
v -0.00884606 -0.00155980 0.05457491
v -0.00876961 -0.00194417 0.05457491
v -0.00867646 -0.00232485 0.05457491
v -0.00856679 -0.00270110 0.05457491
v -0.00844082 -0.00307221 0.05457491
v -0.00829877 -0.00343746 0.05457491
v -0.00814094 -0.00379618 0.05457491
v -0.00796760 -0.00414767 0.05457491
v -0.00777910 -0.00449126 0.05457491
v -0.00757579 -0.00482631 0.05457491
v -0.00735806 -0.00515217 0.05457491
v -0.00712632 -0.00546822 0.05457491
v -0.00688102 -0.00577386 0.05457491
v -0.00662261 -0.00606851 0.05457491
v -0.00635161 -0.00635161 0.05457491
v -0.00606851 -0.00662261 0.05457491
v -0.00577386 -0.00688102 0.05457491
v -0.00546822 -0.00712632 0.05457491
v -0.00515217 -0.00735806 0.05457491
v -0.00482631 -0.00757579 0.05457491
v -0.00449126 -0.00777910 0.05457491
v -0.00414767 -0.00796760 0.05457491
v -0.00379618 -0.00814094 0.05457491
v -0.00343746 -0.00829877 0.05457491
v -0.00307221 -0.00844082 0.05457491
v -0.00270110 -0.00856679 0.05457491
v -0.00232485 -0.00867646 0.05457491
v -0.00194417 -0.00876961 0.05457491
v -0.00155980 -0.00884606 0.05457491
v -0.00117246 -0.00890568 0.05457491
v -0.00078288 -0.00894835 0.05457491
v -0.00039181 -0.00897398 0.05457491
v -0.00000000 -0.00898253 0.05457491
v 0.00039181 -0.00897398 0.05457491
v 0.00078288 -0.00894835 0.05457491
v 0.00117246 -0.00890568 0.05457491
v 0.00155980 -0.00884606 0.05457491
v 0.00194417 -0.00876961 0.05457491
v 0.00232485 -0.00867646 0.05457491
v 0.00270110 -0.00856679 0.05457491
v 0.00307221 -0.00844082 0.05457491
v 0.00343746 -0.00829877 0.05457491
v 0.00379618 -0.00814094 0.05457491
v 0.00414767 -0.00796760 0.05457491
v 0.00449126 -0.00777910 0.05457491
v 0.00482631 -0.00757579 0.05457491
v 0.00515217 -0.00735806 0.05457491
v 0.00546822 -0.00712632 0.05457491
v 0.00577386 -0.00688102 0.05457491
v 0.00606851 -0.00662261 0.05457491
v 0.00635161 -0.00635161 0.05457491
v 0.00662261 -0.00606851 0.05457491
v 0.00688102 -0.00577386 0.05457491
v 0.00712632 -0.00546822 0.05457491
v 0.00735806 -0.00515217 0.05457491
v 0.00757579 -0.00482631 0.05457491
v 0.00777910 -0.00449126 0.05457491
v 0.00796760 -0.00414767 0.05457491
v 0.00814094 -0.00379618 0.05457491
v 0.00829877 -0.00343746 0.05457491
v 0.00844082 -0.00307221 0.05457491
v 0.00856679 -0.00270110 0.05457491
v 0.00867646 -0.00232485 0.05457491
v 0.00876961 -0.00194417 0.05457491
v 0.00884606 -0.00155980 0.05457491
v 0.00890568 -0.00117246 0.05457491
v 0.00894835 -0.00078288 0.05457491
v 0.00897398 -0.00039181 0.05457491
v 0.00898253 0.00000000 0.05457491
v 0.00878029 0.00038336 0.05448441
v 0.00875521 0.00076598 0.05448441
v 0.00871346 0.00114715 0.05448441
v 0.00865513 0.00152613 0.05448441
v 0.00858033 0.00190221 0.05448441
v 0.00848919 0.00227467 0.05448441
v 0.00838189 0.00264280 0.05448441
v 0.00825863 0.00300590 0.05448441
v 0.00811966 0.00336327 0.05448441
v 0.00796522 0.00371424 0.05448441
v 0.00779563 0.00405815 0.05448441
v 0.00761120 0.00439433 0.05448441
v 0.00741227 0.00472214 0.05448441
v 0.00719924 0.00504096 0.05448441
v 0.00697251 0.00535019 0.05448441
v 0.00673250 0.00564924 0.05448441
v 0.00647967 0.00593753 0.05448441
v 0.00621452 0.00621452 0.05448441
v 0.00593753 0.00647967 0.05448441
v 0.00564924 0.00673250 0.05448441
v 0.00535019 0.00697251 0.05448441
v 0.00504096 0.00719924 0.05448441
v 0.00472214 0.00741227 0.05448441
v 0.00439433 0.00761120 0.05448441
v 0.00405815 0.00779563 0.05448441
v 0.00371424 0.00796522 0.05448441
v 0.00336327 0.00811966 0.05448441
v 0.00300590 0.00825863 0.05448441
v 0.00264280 0.00838189 0.05448441
v 0.00227467 0.00848919 0.05448441
v 0.00190221 0.00858033 0.05448441
v 0.00152613 0.00865513 0.05448441
v 0.00114715 0.00871346 0.05448441
v 0.00076598 0.00875521 0.05448441
v 0.00038336 0.00878029 0.05448441
v 0.00000000 0.00878865 0.05448441
v -0.00038336 0.00878029 0.05448441
v -0.00076598 0.00875521 0.05448441
v -0.00114715 0.00871346 0.05448441
v -0.00152613 0.00865513 0.05448441
v -0.00190221 0.00858033 0.05448441
v -0.00227467 0.00848919 0.05448441
v -0.00264280 0.00838189 0.05448441
v -0.00300590 0.00825863 0.05448441
v -0.00336327 0.00811966 0.05448441
v -0.00371424 0.00796522 0.05448441
v -0.00405815 0.00779563 0.05448441
v -0.00439433 0.00761120 0.05448441
v -0.00472214 0.00741227 0.05448441
v -0.00504096 0.00719924 0.05448441
v -0.00535019 0.00697251 0.05448441
v -0.00564924 0.00673250 0.05448441
v -0.00593753 0.00647967 0.05448441
v -0.00621452 0.00621452 0.05448441
v -0.00647967 0.00593753 0.05448441
v -0.00673250 0.00564924 0.05448441
v -0.00697251 0.00535019 0.05448441
v -0.00719924 0.00504096 0.05448441
v -0.00741227 0.00472214 0.05448441
v -0.00761120 0.00439433 0.05448441
v -0.00779563 0.00405815 0.05448441
v -0.00796522 0.00371424 0.05448441
v -0.00811966 0.00336327 0.05448441
v -0.00825863 0.00300590 0.05448441
v -0.00838189 0.00264280 0.05448441
v -0.00848919 0.00227467 0.05448441
v -0.00858033 0.00190221 0.05448441
v -0.00865513 0.00152613 0.05448441
v -0.00871346 0.00114715 0.05448441
v -0.00875521 0.00076598 0.05448441
v -0.00878029 0.00038336 0.05448441
v -0.00878865 0.00000000 0.05448441
v -0.00878029 -0.00038336 0.05448441
v -0.00875521 -0.00076598 0.05448441
v -0.00871346 -0.00114715 0.05448441
v -0.00865513 -0.00152613 0.05448441
v -0.00858033 -0.00190221 0.05448441
v -0.00848919 -0.00227467 0.05448441
v -0.00838189 -0.00264280 0.05448441
v -0.00825863 -0.00300590 0.05448441
v -0.00811966 -0.00336327 0.05448441
v -0.00796522 -0.00371424 0.05448441
v -0.00779563 -0.00405815 0.05448441
v -0.00761120 -0.00439433 0.05448441
v -0.00741227 -0.00472214 0.05448441
v -0.00719924 -0.00504096 0.05448441
v -0.00697251 -0.00535019 0.05448441
v -0.00673250 -0.00564924 0.05448441
v -0.00647967 -0.00593753 0.05448441
v -0.00621452 -0.00621452 0.05448441
v -0.00593753 -0.00647967 0.05448441
v -0.00564924 -0.00673250 0.05448441
v -0.00535019 -0.00697251 0.05448441
v -0.00504096 -0.00719924 0.05448441
v -0.00472214 -0.00741227 0.05448441
v -0.00439433 -0.00761120 0.05448441
v -0.00405815 -0.00779563 0.05448441
v -0.00371424 -0.00796522 0.05448441
v -0.00336327 -0.00811966 0.05448441
v -0.00300590 -0.00825863 0.05448441
v -0.00264280 -0.00838189 0.05448441
v -0.00227467 -0.00848919 0.05448441
v -0.00190221 -0.00858033 0.05448441
v -0.00152613 -0.00865513 0.05448441
v -0.00114715 -0.00871346 0.05448441
v -0.00076598 -0.00875521 0.05448441
v -0.00038336 -0.00878029 0.05448441
v -0.00000000 -0.00878865 0.05448441
v 0.00038336 -0.00878029 0.05448441
v 0.00076598 -0.00875521 0.05448441
v 0.00114715 -0.00871346 0.05448441
v 0.00152613 -0.00865513 0.05448441
v 0.00190221 -0.00858033 0.05448441
v 0.00227467 -0.00848919 0.05448441
v 0.00264280 -0.00838189 0.05448441
v 0.00300590 -0.00825863 0.05448441
v 0.00336327 -0.00811966 0.05448441
v 0.00371424 -0.00796522 0.05448441
v 0.00405815 -0.00779563 0.05448441
v 0.00439433 -0.00761120 0.05448441
v 0.00472214 -0.00741227 0.05448441
v 0.00504096 -0.00719924 0.05448441
v 0.00535019 -0.00697251 0.05448441
v 0.00564924 -0.00673250 0.05448441
v 0.00593753 -0.00647967 0.05448441
v 0.00621452 -0.00621452 0.05448441
v 0.00647967 -0.00593753 0.05448441
v 0.00673250 -0.00564924 0.05448441
v 0.00697251 -0.00535019 0.05448441
v 0.00719924 -0.00504096 0.05448441
v 0.00741227 -0.00472214 0.05448441
v 0.00761120 -0.00439433 0.05448441
v 0.00779563 -0.00405815 0.05448441
v 0.00796522 -0.00371424 0.05448441
v 0.00811966 -0.00336327 0.05448441
v 0.00825863 -0.00300590 0.05448441
v 0.00838189 -0.00264280 0.05448441
v 0.00848919 -0.00227467 0.05448441
v 0.00858033 -0.00190221 0.05448441
v 0.00865513 -0.00152613 0.05448441
v 0.00871346 -0.00114715 0.05448441
v 0.00875521 -0.00076598 0.05448441
v 0.00878029 -0.00038336 0.05448441
v 0.00878865 0.00000000 0.05448441
v 0.00859064 0.00037508 0.05438570
v 0.00856610 0.00074944 0.05438570
v 0.00852526 0.00112237 0.05438570
v 0.00846819 0.00149317 0.05438570
v 0.00839500 0.00186113 0.05438570
v 0.00830583 0.00222554 0.05438570
v 0.00820085 0.00258572 0.05438570
v 0.00808025 0.00294097 0.05438570
v 0.00794428 0.00329063 0.05438570
v 0.00779318 0.00363402 0.05438570
v 0.00762725 0.00397050 0.05438570
v 0.00744680 0.00429941 0.05438570
v 0.00725218 0.00462015 0.05438570
v 0.00704375 0.00493208 0.05438570
v 0.00682191 0.00523463 0.05438570
v 0.00658708 0.00552722 0.05438570
v 0.00633972 0.00580928 0.05438570
v 0.00608029 0.00608029 0.05438570
v 0.00580928 0.00633972 0.05438570
v 0.00552722 0.00658708 0.05438570
v 0.00523463 0.00682191 0.05438570
v 0.00493208 0.00704375 0.05438570
v 0.00462015 0.00725218 0.05438570
v 0.00429941 0.00744680 0.05438570
v 0.00397050 0.00762725 0.05438570
v 0.00363402 0.00779318 0.05438570
v 0.00329063 0.00794428 0.05438570
v 0.00294097 0.00808025 0.05438570
v 0.00258572 0.00820085 0.05438570
v 0.00222554 0.00830583 0.05438570
v 0.00186113 0.00839500 0.05438570
v 0.00149317 0.00846819 0.05438570
v 0.00112237 0.00852526 0.05438570
v 0.00074944 0.00856610 0.05438570
v 0.00037508 0.00859064 0.05438570
v 0.00000000 0.00859882 0.05438570
v -0.00037508 0.00859064 0.05438570
v -0.00074944 0.00856610 0.05438570
v -0.00112237 0.00852526 0.05438570
v -0.00149317 0.00846819 0.05438570
v -0.00186113 0.00839500 0.05438570
v -0.00222554 0.00830583 0.05438570
v -0.00258572 0.00820085 0.05438570
v -0.00294097 0.00808025 0.05438570
v -0.00329063 0.00794428 0.05438570
v -0.00363402 0.00779318 0.05438570
v -0.00397050 0.00762725 0.05438570
v -0.00429941 0.00744680 0.05438570
v -0.00462015 0.00725218 0.05438570
v -0.00493208 0.00704375 0.05438570
v -0.00523463 0.00682191 0.05438570
v -0.00552722 0.00658708 0.05438570
v -0.00580928 0.00633972 0.05438570
v -0.00608029 0.00608029 0.05438570
v -0.00633972 0.00580928 0.05438570
v -0.00658708 0.00552722 0.05438570
v -0.00682191 0.00523463 0.05438570
v -0.00704375 0.00493208 0.05438570
v -0.00725218 0.00462015 0.05438570
v -0.00744680 0.00429941 0.05438570
v -0.00762725 0.00397050 0.05438570
v -0.00779318 0.00363402 0.05438570
v -0.00794428 0.00329063 0.05438570
v -0.00808025 0.00294097 0.05438570
v -0.00820085 0.00258572 0.05438570
v -0.00830583 0.00222554 0.05438570
v -0.00839500 0.00186113 0.05438570
v -0.00846819 0.00149317 0.05438570
v -0.00852526 0.00112237 0.05438570
v -0.00856610 0.00074944 0.05438570
v -0.00859064 0.00037508 0.05438570
v -0.00859882 0.00000000 0.05438570
v -0.00859064 -0.00037508 0.05438570
v -0.00856610 -0.00074944 0.05438570
v -0.00852526 -0.00112237 0.05438570
v -0.00846819 -0.00149317 0.05438570
v -0.00839500 -0.00186113 0.05438570
v -0.00830583 -0.00222554 0.05438570
v -0.00820085 -0.00258572 0.05438570
v -0.00808025 -0.00294097 0.05438570
v -0.00794428 -0.00329063 0.05438570
v -0.00779318 -0.00363402 0.05438570
v -0.00762725 -0.00397050 0.05438570
v -0.00744680 -0.00429941 0.05438570
v -0.00725218 -0.00462015 0.05438570
v -0.00704375 -0.00493208 0.05438570
v -0.00682191 -0.00523463 0.05438570
v -0.00658708 -0.00552722 0.05438570
v -0.00633972 -0.00580928 0.05438570
v -0.00608029 -0.00608029 0.05438570
v -0.00580928 -0.00633972 0.05438570
v -0.00552722 -0.00658708 0.05438570
v -0.00523463 -0.00682191 0.05438570
v -0.00493208 -0.00704375 0.05438570
v -0.00462015 -0.00725218 0.05438570
v -0.00429941 -0.00744680 0.05438570
v -0.00397050 -0.00762725 0.05438570
v -0.00363402 -0.00779318 0.05438570
v -0.00329063 -0.00794428 0.05438570
v -0.00294097 -0.00808025 0.05438570
v -0.00258572 -0.00820085 0.05438570
v -0.00222554 -0.00830583 0.05438570
v -0.00186113 -0.00839500 0.05438570
v -0.00149317 -0.00846819 0.05438570
v -0.00112237 -0.00852526 0.05438570
v -0.00074944 -0.00856610 0.05438570
v -0.00037508 -0.00859064 0.05438570
v -0.00000000 -0.00859882 0.05438570
v 0.00037508 -0.00859064 0.05438570
v 0.00074944 -0.00856610 0.05438570
v 0.00112237 -0.00852526 0.05438570
v 0.00149317 -0.00846819 0.05438570
v 0.00186113 -0.00839500 0.05438570
v 0.00222554 -0.00830583 0.05438570
v 0.00258572 -0.00820085 0.05438570
v 0.00294097 -0.00808025 0.05438570
v 0.00329063 -0.00794428 0.05438570
v 0.00363402 -0.00779318 0.05438570
v 0.00397050 -0.00762725 0.05438570
v 0.00429941 -0.00744680 0.05438570
v 0.00462015 -0.00725218 0.05438570
v 0.00493208 -0.00704375 0.05438570
v 0.00523463 -0.00682191 0.05438570
v 0.00552722 -0.00658708 0.05438570
v 0.00580928 -0.00633972 0.05438570
v 0.00608029 -0.00608029 0.05438570
v 0.00633972 -0.00580928 0.05438570
v 0.00658708 -0.00552722 0.05438570
v 0.00682191 -0.00523463 0.05438570
v 0.00704375 -0.00493208 0.05438570
v 0.00725218 -0.00462015 0.05438570
v 0.00744680 -0.00429941 0.05438570
v 0.00762725 -0.00397050 0.05438570
v 0.00779318 -0.00363402 0.05438570
v 0.00794428 -0.00329063 0.05438570
v 0.00808025 -0.00294097 0.05438570
v 0.00820085 -0.00258572 0.05438570
v 0.00830583 -0.00222554 0.05438570
v 0.00839500 -0.00186113 0.05438570
v 0.00846819 -0.00149317 0.05438570
v 0.00852526 -0.00112237 0.05438570
v 0.00856610 -0.00074944 0.05438570
v 0.00859064 -0.00037508 0.05438570
v 0.00859882 0.00000000 0.05438570
v 0.00840539 0.00036699 0.05427896
v 0.00838138 0.00073328 0.05427896
v 0.00834142 0.00109817 0.05427896
v 0.00828558 0.00146097 0.05427896
v 0.00821396 0.00182099 0.05427896
v 0.00812672 0.00217755 0.05427896
v 0.00802400 0.00252996 0.05427896
v 0.00790601 0.00287755 0.05427896
v 0.00777296 0.00321967 0.05427896
v 0.00762513 0.00355565 0.05427896
v 0.00746277 0.00388487 0.05427896
v 0.00728621 0.00420670 0.05427896
v 0.00709579 0.00452051 0.05427896
v 0.00689185 0.00482573 0.05427896
v 0.00667479 0.00512175 0.05427896
v 0.00644503 0.00540803 0.05427896
v 0.00620301 0.00568401 0.05427896
v 0.00594917 0.00594917 0.05427896
v 0.00568401 0.00620301 0.05427896
v 0.00540803 0.00644503 0.05427896
v 0.00512175 0.00667479 0.05427896
v 0.00482573 0.00689185 0.05427896
v 0.00452051 0.00709579 0.05427896
v 0.00420670 0.00728621 0.05427896
v 0.00388487 0.00746277 0.05427896
v 0.00355565 0.00762513 0.05427896
v 0.00321967 0.00777296 0.05427896
v 0.00287755 0.00790601 0.05427896
v 0.00252996 0.00802400 0.05427896
v 0.00217755 0.00812672 0.05427896
v 0.00182099 0.00821396 0.05427896
v 0.00146097 0.00828558 0.05427896
v 0.00109817 0.00834142 0.05427896
v 0.00073328 0.00838138 0.05427896
v 0.00036699 0.00840539 0.05427896
v 0.00000000 0.00841339 0.05427896
v -0.00036699 0.00840539 0.05427896
v -0.00073328 0.00838138 0.05427896
v -0.00109817 0.00834142 0.05427896
v -0.00146097 0.00828558 0.05427896
v -0.00182099 0.00821396 0.05427896
v -0.00217755 0.00812672 0.05427896
v -0.00252996 0.00802400 0.05427896
v -0.00287755 0.00790601 0.05427896
v -0.00321967 0.00777296 0.05427896
v -0.00355565 0.00762513 0.05427896
v -0.00388487 0.00746277 0.05427896
v -0.00420670 0.00728621 0.05427896
v -0.00452051 0.00709579 0.05427896
v -0.00482573 0.00689185 0.05427896
v -0.00512175 0.00667479 0.05427896
v -0.00540803 0.00644503 0.05427896
v -0.00568401 0.00620301 0.05427896
v -0.00594917 0.00594917 0.05427896
v -0.00620301 0.00568401 0.05427896
v -0.00644503 0.00540803 0.05427896
v -0.00667479 0.00512175 0.05427896
v -0.00689185 0.00482573 0.05427896
v -0.00709579 0.00452051 0.05427896
v -0.00728621 0.00420670 0.05427896
v -0.00746277 0.00388487 0.05427896
v -0.00762513 0.00355565 0.05427896
v -0.00777296 0.00321967 0.05427896
v -0.00790601 0.00287755 0.05427896
v -0.00802400 0.00252996 0.05427896
v -0.00812672 0.00217755 0.05427896
v -0.00821396 0.00182099 0.05427896
v -0.00828558 0.00146097 0.05427896
v -0.00834142 0.00109817 0.05427896
v -0.00838138 0.00073328 0.05427896
v -0.00840539 0.00036699 0.05427896
v -0.00841339 0.00000000 0.05427896
v -0.00840539 -0.00036699 0.05427896
v -0.00838138 -0.00073328 0.05427896
v -0.00834142 -0.00109817 0.05427896
v -0.00828558 -0.00146097 0.05427896
v -0.00821396 -0.00182099 0.05427896
v -0.00812672 -0.00217755 0.05427896
v -0.00802400 -0.00252996 0.05427896
v -0.00790601 -0.00287755 0.05427896
v -0.00777296 -0.00321967 0.05427896
v -0.00762513 -0.00355565 0.05427896
v -0.00746277 -0.00388487 0.05427896
v -0.00728621 -0.00420670 0.05427896
v -0.00709579 -0.00452051 0.05427896
v -0.00689185 -0.00482573 0.05427896
v -0.00667479 -0.00512175 0.05427896
v -0.00644503 -0.00540803 0.05427896
v -0.00620301 -0.00568401 0.05427896
v -0.00594917 -0.00594917 0.05427896
v -0.00568401 -0.00620301 0.05427896
v -0.00540803 -0.00644503 0.05427896
v -0.00512175 -0.00667479 0.05427896
v -0.00482573 -0.00689185 0.05427896
v -0.00452051 -0.00709579 0.05427896
v -0.00420670 -0.00728621 0.05427896
v -0.00388487 -0.00746277 0.05427896
v -0.00355565 -0.00762513 0.05427896
v -0.00321967 -0.00777296 0.05427896
v -0.00287755 -0.00790601 0.05427896
v -0.00252996 -0.00802400 0.05427896
v -0.00217755 -0.00812672 0.05427896
v -0.00182099 -0.00821396 0.05427896
v -0.00146097 -0.00828558 0.05427896
v -0.00109817 -0.00834142 0.05427896
v -0.00073328 -0.00838138 0.05427896
v -0.00036699 -0.00840539 0.05427896
v -0.00000000 -0.00841339 0.05427896
v 0.00036699 -0.00840539 0.05427896
v 0.00073328 -0.00838138 0.05427896
v 0.00109817 -0.00834142 0.05427896
v 0.00146097 -0.00828558 0.05427896
v 0.00182099 -0.00821396 0.05427896
v 0.00217755 -0.00812672 0.05427896
v 0.00252996 -0.00802400 0.05427896
v 0.00287755 -0.00790601 0.05427896
v 0.00321967 -0.00777296 0.05427896
v 0.00355565 -0.00762513 0.05427896
v 0.00388487 -0.00746277 0.05427896
v 0.00420670 -0.00728621 0.05427896
v 0.00452051 -0.00709579 0.05427896
v 0.00482573 -0.00689185 0.05427896
v 0.00512175 -0.00667479 0.05427896
v 0.00540803 -0.00644503 0.05427896
v 0.00568401 -0.00620301 0.05427896
v 0.00594917 -0.00594917 0.05427896
v 0.00620301 -0.00568401 0.05427896
v 0.00644503 -0.00540803 0.05427896
v 0.00667479 -0.00512175 0.05427896
v 0.00689185 -0.00482573 0.05427896
v 0.00709579 -0.00452051 0.05427896
v 0.00728621 -0.00420670 0.05427896
v 0.00746277 -0.00388487 0.05427896
v 0.00762513 -0.00355565 0.05427896
v 0.00777296 -0.00321967 0.05427896
v 0.00790601 -0.00287755 0.05427896
v 0.00802400 -0.00252996 0.05427896
v 0.00812672 -0.00217755 0.05427896
v 0.00821396 -0.00182099 0.05427896
v 0.00828558 -0.00146097 0.05427896
v 0.00834142 -0.00109817 0.05427896
v 0.00838138 -0.00073328 0.05427896
v 0.00840539 -0.00036699 0.05427896
v 0.00841339 0.00000000 0.05427896
v 0.00822487 0.00035911 0.05416438
v 0.00820137 0.00071753 0.05416438
v 0.00816227 0.00107458 0.05416438
v 0.00810763 0.00142959 0.05416438
v 0.00803755 0.00178188 0.05416438
v 0.00795218 0.00213078 0.05416438
v 0.00785167 0.00247562 0.05416438
v 0.00773621 0.00281575 0.05416438
v 0.00760602 0.00315052 0.05416438
v 0.00746136 0.00347929 0.05416438
v 0.00730250 0.00380144 0.05416438
v 0.00712973 0.00411635 0.05416438
v 0.00694339 0.00442343 0.05416438
v 0.00674383 0.00472208 0.05416438
v 0.00653144 0.00501175 0.05416438
v 0.00630662 0.00529188 0.05416438
v 0.00606978 0.00556193 0.05416438
v 0.00582140 0.00582140 0.05416438
v 0.00556193 0.00606978 0.05416438
v 0.00529188 0.00630662 0.05416438
v 0.00501175 0.00653144 0.05416438
v 0.00472208 0.00674383 0.05416438
v 0.00442343 0.00694339 0.05416438
v 0.00411635 0.00712973 0.05416438
v 0.00380144 0.00730250 0.05416438
v 0.00347929 0.00746136 0.05416438
v 0.00315052 0.00760602 0.05416438
v 0.00281575 0.00773621 0.05416438
v 0.00247562 0.00785167 0.05416438
v 0.00213078 0.00795218 0.05416438
v 0.00178188 0.00803755 0.05416438
v 0.00142959 0.00810763 0.05416438
v 0.00107458 0.00816227 0.05416438
v 0.00071753 0.00820137 0.05416438
v 0.00035911 0.00822487 0.05416438
v 0.00000000 0.00823270 0.05416438
v -0.00035911 0.00822487 0.05416438
v -0.00071753 0.00820137 0.05416438
v -0.00107458 0.00816227 0.05416438
v -0.00142959 0.00810763 0.05416438
v -0.00178188 0.00803755 0.05416438
v -0.00213078 0.00795218 0.05416438
v -0.00247562 0.00785167 0.05416438
v -0.00281575 0.00773621 0.05416438
v -0.00315052 0.00760602 0.05416438
v -0.00347929 0.00746136 0.05416438
v -0.00380144 0.00730250 0.05416438
v -0.00411635 0.00712973 0.05416438
v -0.00442343 0.00694339 0.05416438
v -0.00472208 0.00674383 0.05416438
v -0.00501175 0.00653144 0.05416438
v -0.00529188 0.00630662 0.05416438
v -0.00556193 0.00606978 0.05416438
v -0.00582140 0.00582140 0.05416438
v -0.00606978 0.00556193 0.05416438
v -0.00630662 0.00529188 0.05416438
v -0.00653144 0.00501175 0.05416438
v -0.00674383 0.00472208 0.05416438
v -0.00694339 0.00442343 0.05416438
v -0.00712973 0.00411635 0.05416438
v -0.00730250 0.00380144 0.05416438
v -0.00746136 0.00347929 0.05416438
v -0.00760602 0.00315052 0.05416438
v -0.00773621 0.00281575 0.05416438
v -0.00785167 0.00247562 0.05416438
v -0.00795218 0.00213078 0.05416438
v -0.00803755 0.00178188 0.05416438
v -0.00810763 0.00142959 0.05416438
v -0.00816227 0.00107458 0.05416438
v -0.00820137 0.00071753 0.05416438
v -0.00822487 0.00035911 0.05416438
v -0.00823270 0.00000000 0.05416438
v -0.00822487 -0.00035911 0.05416438
v -0.00820137 -0.00071753 0.05416438
v -0.00816227 -0.00107458 0.05416438
v -0.00810763 -0.00142959 0.05416438
v -0.00803755 -0.00178188 0.05416438
v -0.00795218 -0.00213078 0.05416438
v -0.00785167 -0.00247562 0.05416438
v -0.00773621 -0.00281575 0.05416438
v -0.00760602 -0.00315052 0.05416438
v -0.00746136 -0.00347929 0.05416438
v -0.00730250 -0.00380144 0.05416438
v -0.00712973 -0.00411635 0.05416438
v -0.00694339 -0.00442343 0.05416438
v -0.00674383 -0.00472208 0.05416438
v -0.00653144 -0.00501175 0.05416438
v -0.00630662 -0.00529188 0.05416438
v -0.00606978 -0.00556193 0.05416438
v -0.00582140 -0.00582140 0.05416438
v -0.00556193 -0.00606978 0.05416438
v -0.00529188 -0.00630662 0.05416438
v -0.00501175 -0.00653144 0.05416438
v -0.00472208 -0.00674383 0.05416438
v -0.00442343 -0.00694339 0.05416438
v -0.00411635 -0.00712973 0.05416438
v -0.00380144 -0.00730250 0.05416438
v -0.00347929 -0.00746136 0.05416438
v -0.00315052 -0.00760602 0.05416438
v -0.00281575 -0.00773621 0.05416438
v -0.00247562 -0.00785167 0.05416438
v -0.00213078 -0.00795218 0.05416438
v -0.00178188 -0.00803755 0.05416438
v -0.00142959 -0.00810763 0.05416438
v -0.00107458 -0.00816227 0.05416438
v -0.00071753 -0.00820137 0.05416438
v -0.00035911 -0.00822487 0.05416438
v -0.00000000 -0.00823270 0.05416438
v 0.00035911 -0.00822487 0.05416438
v 0.00071753 -0.00820137 0.05416438
v 0.00107458 -0.00816227 0.05416438
v 0.00142959 -0.00810763 0.05416438
v 0.00178188 -0.00803755 0.05416438
v 0.00213078 -0.00795218 0.05416438
v 0.00247562 -0.00785167 0.05416438
v 0.00281575 -0.00773621 0.05416438
v 0.00315052 -0.00760602 0.05416438
v 0.00347929 -0.00746136 0.05416438
v 0.00380144 -0.00730250 0.05416438
v 0.00411635 -0.00712973 0.05416438
v 0.00442343 -0.00694339 0.05416438
v 0.00472208 -0.00674383 0.05416438
v 0.00501175 -0.00653144 0.05416438
v 0.00529188 -0.00630662 0.05416438
v 0.00556193 -0.00606978 0.05416438
v 0.00582140 -0.00582140 0.05416438
v 0.00606978 -0.00556193 0.05416438
v 0.00630662 -0.00529188 0.05416438
v 0.00653144 -0.00501175 0.05416438
v 0.00674383 -0.00472208 0.05416438
v 0.00694339 -0.00442343 0.05416438
v 0.00712973 -0.00411635 0.05416438
v 0.00730250 -0.00380144 0.05416438
v 0.00746136 -0.00347929 0.05416438
v 0.00760602 -0.00315052 0.05416438
v 0.00773621 -0.00281575 0.05416438
v 0.00785167 -0.00247562 0.05416438
v 0.00795218 -0.00213078 0.05416438
v 0.00803755 -0.00178188 0.05416438
v 0.00810763 -0.00142959 0.05416438
v 0.00816227 -0.00107458 0.05416438
v 0.00820137 -0.00071753 0.05416438
v 0.00822487 -0.00035911 0.05416438
v 0.00823270 0.00000000 0.05416438
v 0.00804941 0.00035144 0.05404218
v 0.00802642 0.00070222 0.05404218
v 0.00798815 0.00105166 0.05404218
v 0.00793467 0.00139910 0.05404218
v 0.00786609 0.00174387 0.05404218
v 0.00778254 0.00208532 0.05404218
v 0.00768417 0.00242281 0.05404218
v 0.00757117 0.00275568 0.05404218
v 0.00744377 0.00308331 0.05404218
v 0.00730219 0.00340507 0.05404218
v 0.00714671 0.00372034 0.05404218
v 0.00697763 0.00402854 0.05404218
v 0.00679527 0.00432906 0.05404218
v 0.00659997 0.00462135 0.05404218
v 0.00639211 0.00490484 0.05404218
v 0.00617208 0.00517899 0.05404218
v 0.00594030 0.00544328 0.05404218
v 0.00569721 0.00569721 0.05404218
v 0.00544328 0.00594030 0.05404218
v 0.00517899 0.00617208 0.05404218
v 0.00490484 0.00639211 0.05404218
v 0.00462135 0.00659997 0.05404218
v 0.00432906 0.00679527 0.05404218
v 0.00402854 0.00697763 0.05404218
v 0.00372034 0.00714671 0.05404218
v 0.00340507 0.00730219 0.05404218
v 0.00308331 0.00744377 0.05404218
v 0.00275568 0.00757117 0.05404218
v 0.00242281 0.00768417 0.05404218
v 0.00208532 0.00778254 0.05404218
v 0.00174387 0.00786609 0.05404218
v 0.00139910 0.00793467 0.05404218
v 0.00105166 0.00798815 0.05404218
v 0.00070222 0.00802642 0.05404218
v 0.00035144 0.00804941 0.05404218
v 0.00000000 0.00805707 0.05404218
v -0.00035144 0.00804941 0.05404218
v -0.00070222 0.00802642 0.05404218
v -0.00105166 0.00798815 0.05404218
v -0.00139910 0.00793467 0.05404218
v -0.00174387 0.00786609 0.05404218
v -0.00208532 0.00778254 0.05404218
v -0.00242281 0.00768417 0.05404218
v -0.00275568 0.00757117 0.05404218
v -0.00308331 0.00744377 0.05404218
v -0.00340507 0.00730219 0.05404218
v -0.00372034 0.00714671 0.05404218
v -0.00402854 0.00697763 0.05404218
v -0.00432906 0.00679527 0.05404218
v -0.00462135 0.00659997 0.05404218
v -0.00490484 0.00639211 0.05404218
v -0.00517899 0.00617208 0.05404218
v -0.00544328 0.00594030 0.05404218
v -0.00569721 0.00569721 0.05404218
v -0.00594030 0.00544328 0.05404218
v -0.00617208 0.00517899 0.05404218
v -0.00639211 0.00490484 0.05404218
v -0.00659997 0.00462135 0.05404218
v -0.00679527 0.00432906 0.05404218
v -0.00697763 0.00402854 0.05404218
v -0.00714671 0.00372034 0.05404218
v -0.00730219 0.00340507 0.05404218
v -0.00744377 0.00308331 0.05404218
v -0.00757117 0.00275568 0.05404218
v -0.00768417 0.00242281 0.05404218
v -0.00778254 0.00208532 0.05404218
v -0.00786609 0.00174387 0.05404218
v -0.00793467 0.00139910 0.05404218
v -0.00798815 0.00105166 0.05404218
v -0.00802642 0.00070222 0.05404218
v -0.00804941 0.00035144 0.05404218
v -0.00805707 0.00000000 0.05404218
v -0.00804941 -0.00035144 0.05404218
v -0.00802642 -0.00070222 0.05404218
v -0.00798815 -0.00105166 0.05404218
v -0.00793467 -0.00139910 0.05404218
v -0.00786609 -0.00174387 0.05404218
v -0.00778254 -0.00208532 0.05404218
v -0.00768417 -0.00242281 0.05404218
v -0.00757117 -0.00275568 0.05404218
v -0.00744377 -0.00308331 0.05404218
v -0.00730219 -0.00340507 0.05404218
v -0.00714671 -0.00372034 0.05404218
v -0.00697763 -0.00402854 0.05404218
v -0.00679527 -0.00432906 0.05404218
v -0.00659997 -0.00462135 0.05404218
v -0.00639211 -0.00490484 0.05404218
v -0.00617208 -0.00517899 0.05404218
v -0.00594030 -0.00544328 0.05404218
v -0.00569721 -0.00569721 0.05404218
v -0.00544328 -0.00594030 0.05404218
v -0.00517899 -0.00617208 0.05404218
v -0.00490484 -0.00639211 0.05404218
v -0.00462135 -0.00659997 0.05404218
v -0.00432906 -0.00679527 0.05404218
v -0.00402854 -0.00697763 0.05404218
v -0.00372034 -0.00714671 0.05404218
v -0.00340507 -0.00730219 0.05404218
v -0.00308331 -0.00744377 0.05404218
v -0.00275568 -0.00757117 0.05404218
v -0.00242281 -0.00768417 0.05404218
v -0.00208532 -0.00778254 0.05404218
v -0.00174387 -0.00786609 0.05404218
v -0.00139910 -0.00793467 0.05404218
v -0.00105166 -0.00798815 0.05404218
v -0.00070222 -0.00802642 0.05404218
v -0.00035144 -0.00804941 0.05404218
v -0.00000000 -0.00805707 0.05404218
v 0.00035144 -0.00804941 0.05404218
v 0.00070222 -0.00802642 0.05404218
v 0.00105166 -0.00798815 0.05404218
v 0.00139910 -0.00793467 0.05404218
v 0.00174387 -0.00786609 0.05404218
v 0.00208532 -0.00778254 0.05404218
v 0.00242281 -0.00768417 0.05404218
v 0.00275568 -0.00757117 0.05404218
v 0.00308331 -0.00744377 0.05404218
v 0.00340507 -0.00730219 0.05404218
v 0.00372034 -0.00714671 0.05404218
v 0.00402854 -0.00697763 0.05404218
v 0.00432906 -0.00679527 0.05404218
v 0.00462135 -0.00659997 0.05404218
v 0.00490484 -0.00639211 0.05404218
v 0.00517899 -0.00617208 0.05404218
v 0.00544328 -0.00594030 0.05404218
v 0.00569721 -0.00569721 0.05404218
v 0.00594030 -0.00544328 0.05404218
v 0.00617208 -0.00517899 0.05404218
v 0.00639211 -0.00490484 0.05404218
v 0.00659997 -0.00462135 0.05404218
v 0.00679527 -0.00432906 0.05404218
v 0.00697763 -0.00402854 0.05404218
v 0.00714671 -0.00372034 0.05404218
v 0.00730219 -0.00340507 0.05404218
v 0.00744377 -0.00308331 0.05404218
v 0.00757117 -0.00275568 0.05404218
v 0.00768417 -0.00242281 0.05404218
v 0.00778254 -0.00208532 0.05404218
v 0.00786609 -0.00174387 0.05404218
v 0.00793467 -0.00139910 0.05404218
v 0.00798815 -0.00105166 0.05404218
v 0.00802642 -0.00070222 0.05404218
v 0.00804941 -0.00035144 0.05404218
v 0.00805707 0.00000000 0.05404218
v 0.00787933 0.00034402 0.05391257
v 0.00785683 0.00068738 0.05391257
v 0.00781936 0.00102944 0.05391257
v 0.00776702 0.00136953 0.05391257
v 0.00769989 0.00170702 0.05391257
v 0.00761810 0.00204126 0.05391257
v 0.00752181 0.00237162 0.05391257
v 0.00741120 0.00269746 0.05391257
v 0.00728649 0.00301816 0.05391257
v 0.00714790 0.00333312 0.05391257
v 0.00699571 0.00364174 0.05391257
v 0.00683020 0.00394342 0.05391257
v 0.00665169 0.00423759 0.05391257
v 0.00646052 0.00452370 0.05391257
v 0.00625705 0.00480120 0.05391257
v 0.00604167 0.00506956 0.05391257
v 0.00581479 0.00532827 0.05391257
v 0.00557684 0.00557684 0.05391257
v 0.00532827 0.00581479 0.05391257
v 0.00506956 0.00604167 0.05391257
v 0.00480120 0.00625705 0.05391257
v 0.00452370 0.00646052 0.05391257
v 0.00423759 0.00665169 0.05391257
v 0.00394342 0.00683020 0.05391257
v 0.00364174 0.00699571 0.05391257
v 0.00333312 0.00714790 0.05391257
v 0.00301816 0.00728649 0.05391257
v 0.00269746 0.00741120 0.05391257
v 0.00237162 0.00752181 0.05391257
v 0.00204126 0.00761810 0.05391257
v 0.00170702 0.00769989 0.05391257
v 0.00136953 0.00776702 0.05391257
v 0.00102944 0.00781936 0.05391257
v 0.00068738 0.00785683 0.05391257
v 0.00034402 0.00787933 0.05391257
v 0.00000000 0.00788684 0.05391257
v -0.00034402 0.00787933 0.05391257
v -0.00068738 0.00785683 0.05391257
v -0.00102944 0.00781936 0.05391257
v -0.00136953 0.00776702 0.05391257
v -0.00170702 0.00769989 0.05391257
v -0.00204126 0.00761810 0.05391257
v -0.00237162 0.00752181 0.05391257
v -0.00269746 0.00741120 0.05391257
v -0.00301816 0.00728649 0.05391257
v -0.00333312 0.00714790 0.05391257
v -0.00364174 0.00699571 0.05391257
v -0.00394342 0.00683020 0.05391257
v -0.00423759 0.00665169 0.05391257
v -0.00452370 0.00646052 0.05391257
v -0.00480120 0.00625705 0.05391257
v -0.00506956 0.00604167 0.05391257
v -0.00532827 0.00581479 0.05391257
v -0.00557684 0.00557684 0.05391257
v -0.00581479 0.00532827 0.05391257
v -0.00604167 0.00506956 0.05391257
v -0.00625705 0.00480120 0.05391257
v -0.00646052 0.00452370 0.05391257
v -0.00665169 0.00423759 0.05391257
v -0.00683020 0.00394342 0.05391257
v -0.00699571 0.00364174 0.05391257
v -0.00714790 0.00333312 0.05391257
v -0.00728649 0.00301816 0.05391257
v -0.00741120 0.00269746 0.05391257
v -0.00752181 0.00237162 0.05391257
v -0.00761810 0.00204126 0.05391257
v -0.00769989 0.00170702 0.05391257
v -0.00776702 0.00136953 0.05391257
v -0.00781936 0.00102944 0.05391257
v -0.00785683 0.00068738 0.05391257
v -0.00787933 0.00034402 0.05391257
v -0.00788684 0.00000000 0.05391257
v -0.00787933 -0.00034402 0.05391257
v -0.00785683 -0.00068738 0.05391257
v -0.00781936 -0.00102944 0.05391257
v -0.00776702 -0.00136953 0.05391257
v -0.00769989 -0.00170702 0.05391257
v -0.00761810 -0.00204126 0.05391257
v -0.00752181 -0.00237162 0.05391257
v -0.00741120 -0.00269746 0.05391257
v -0.00728649 -0.00301816 0.05391257
v -0.00714790 -0.00333312 0.05391257
v -0.00699571 -0.00364174 0.05391257
v -0.00683020 -0.00394342 0.05391257
v -0.00665169 -0.00423759 0.05391257
v -0.00646052 -0.00452370 0.05391257
v -0.00625705 -0.00480120 0.05391257
v -0.00604167 -0.00506956 0.05391257
v -0.00581479 -0.00532827 0.05391257
v -0.00557684 -0.00557684 0.05391257
v -0.00532827 -0.00581479 0.05391257
v -0.00506956 -0.00604167 0.05391257
v -0.00480120 -0.00625705 0.05391257
v -0.00452370 -0.00646052 0.05391257
v -0.00423759 -0.00665169 0.05391257
v -0.00394342 -0.00683020 0.05391257
v -0.00364174 -0.00699571 0.05391257
v -0.00333312 -0.00714790 0.05391257
v -0.00301816 -0.00728649 0.05391257
v -0.00269746 -0.00741120 0.05391257
v -0.00237162 -0.00752181 0.05391257
v -0.00204126 -0.00761810 0.05391257
v -0.00170702 -0.00769989 0.05391257
v -0.00136953 -0.00776702 0.05391257
v -0.00102944 -0.00781936 0.05391257
v -0.00068738 -0.00785683 0.05391257
v -0.00034402 -0.00787933 0.05391257
v -0.00000000 -0.00788684 0.05391257
v 0.00034402 -0.00787933 0.05391257
v 0.00068738 -0.00785683 0.05391257
v 0.00102944 -0.00781936 0.05391257
v 0.00136953 -0.00776702 0.05391257
v 0.00170702 -0.00769989 0.05391257
v 0.00204126 -0.00761810 0.05391257
v 0.00237162 -0.00752181 0.05391257
v 0.00269746 -0.00741120 0.05391257
v 0.00301816 -0.00728649 0.05391257
v 0.00333312 -0.00714790 0.05391257
v 0.00364174 -0.00699571 0.05391257
v 0.00394342 -0.00683020 0.05391257
v 0.00423759 -0.00665169 0.05391257
v 0.00452370 -0.00646052 0.05391257
v 0.00480120 -0.00625705 0.05391257
v 0.00506956 -0.00604167 0.05391257
v 0.00532827 -0.00581479 0.05391257
v 0.00557684 -0.00557684 0.05391257
v 0.00581479 -0.00532827 0.05391257
v 0.00604167 -0.00506956 0.05391257
v 0.00625705 -0.00480120 0.05391257
v 0.00646052 -0.00452370 0.05391257
v 0.00665169 -0.00423759 0.05391257
v 0.00683020 -0.00394342 0.05391257
v 0.00699571 -0.00364174 0.05391257
v 0.00714790 -0.00333312 0.05391257
v 0.00728649 -0.00301816 0.05391257
v 0.00741120 -0.00269746 0.05391257
v 0.00752181 -0.00237162 0.05391257
v 0.00761810 -0.00204126 0.05391257
v 0.00769989 -0.00170702 0.05391257
v 0.00776702 -0.00136953 0.05391257
v 0.00781936 -0.00102944 0.05391257
v 0.00785683 -0.00068738 0.05391257
v 0.00787933 -0.00034402 0.05391257
v 0.00788684 0.00000000 0.05391257
v 0.00771495 0.00033684 0.05377580
v 0.00769291 0.00067304 0.05377580
v 0.00765624 0.00100796 0.05377580
v 0.00760498 0.00134096 0.05377580
v 0.00753925 0.00167141 0.05377580
v 0.00745917 0.00199868 0.05377580
v 0.00736489 0.00232214 0.05377580
v 0.00725659 0.00264118 0.05377580
v 0.00713448 0.00295520 0.05377580
v 0.00699878 0.00326359 0.05377580
v 0.00684976 0.00356576 0.05377580
v 0.00668771 0.00386115 0.05377580
v 0.00651292 0.00414919 0.05377580
v 0.00632574 0.00442933 0.05377580
v 0.00612651 0.00470104 0.05377580
v 0.00591563 0.00496380 0.05377580
v 0.00569348 0.00521711 0.05377580
v 0.00546049 0.00546049 0.05377580
v 0.00521711 0.00569348 0.05377580
v 0.00496380 0.00591563 0.05377580
v 0.00470104 0.00612651 0.05377580
v 0.00442933 0.00632574 0.05377580
v 0.00414919 0.00651292 0.05377580
v 0.00386115 0.00668771 0.05377580
v 0.00356576 0.00684976 0.05377580
v 0.00326359 0.00699878 0.05377580
v 0.00295520 0.00713448 0.05377580
v 0.00264118 0.00725659 0.05377580
v 0.00232214 0.00736489 0.05377580
v 0.00199868 0.00745917 0.05377580
v 0.00167141 0.00753925 0.05377580
v 0.00134096 0.00760498 0.05377580
v 0.00100796 0.00765624 0.05377580
v 0.00067304 0.00769291 0.05377580
v 0.00033684 0.00771495 0.05377580
v 0.00000000 0.00772230 0.05377580
v -0.00033684 0.00771495 0.05377580
v -0.00067304 0.00769291 0.05377580
v -0.00100796 0.00765624 0.05377580
v -0.00134096 0.00760498 0.05377580
v -0.00167141 0.00753925 0.05377580
v -0.00199868 0.00745917 0.05377580
v -0.00232214 0.00736489 0.05377580
v -0.00264118 0.00725659 0.05377580
v -0.00295520 0.00713448 0.05377580
v -0.00326359 0.00699878 0.05377580
v -0.00356576 0.00684976 0.05377580
v -0.00386115 0.00668771 0.05377580
v -0.00414919 0.00651292 0.05377580
v -0.00442933 0.00632574 0.05377580
v -0.00470104 0.00612651 0.05377580
v -0.00496380 0.00591563 0.05377580
v -0.00521711 0.00569348 0.05377580
v -0.00546049 0.00546049 0.05377580
v -0.00569348 0.00521711 0.05377580
v -0.00591563 0.00496380 0.05377580
v -0.00612651 0.00470104 0.05377580
v -0.00632574 0.00442933 0.05377580
v -0.00651292 0.00414919 0.05377580
v -0.00668771 0.00386115 0.05377580
v -0.00684976 0.00356576 0.05377580
v -0.00699878 0.00326359 0.05377580
v -0.00713448 0.00295520 0.05377580
v -0.00725659 0.00264118 0.05377580
v -0.00736489 0.00232214 0.05377580
v -0.00745917 0.00199868 0.05377580
v -0.00753925 0.00167141 0.05377580
v -0.00760498 0.00134096 0.05377580
v -0.00765624 0.00100796 0.05377580
v -0.00769291 0.00067304 0.05377580
v -0.00771495 0.00033684 0.05377580
v -0.00772230 0.00000000 0.05377580
v -0.00771495 -0.00033684 0.05377580
v -0.00769291 -0.00067304 0.05377580
v -0.00765624 -0.00100796 0.05377580
v -0.00760498 -0.00134096 0.05377580
v -0.00753925 -0.00167141 0.05377580
v -0.00745917 -0.00199868 0.05377580
v -0.00736489 -0.00232214 0.05377580
v -0.00725659 -0.00264118 0.05377580
v -0.00713448 -0.00295520 0.05377580
v -0.00699878 -0.00326359 0.05377580
v -0.00684976 -0.00356576 0.05377580
v -0.00668771 -0.00386115 0.05377580
v -0.00651292 -0.00414919 0.05377580
v -0.00632574 -0.00442933 0.05377580
v -0.00612651 -0.00470104 0.05377580
v -0.00591563 -0.00496380 0.05377580
v -0.00569348 -0.00521711 0.05377580
v -0.00546049 -0.00546049 0.05377580
v -0.00521711 -0.00569348 0.05377580
v -0.00496380 -0.00591563 0.05377580
v -0.00470104 -0.00612651 0.05377580
v -0.00442933 -0.00632574 0.05377580
v -0.00414919 -0.00651292 0.05377580
v -0.00386115 -0.00668771 0.05377580
v -0.00356576 -0.00684976 0.05377580
v -0.00326359 -0.00699878 0.05377580
v -0.00295520 -0.00713448 0.05377580
v -0.00264118 -0.00725659 0.05377580
v -0.00232214 -0.00736489 0.05377580
v -0.00199868 -0.00745917 0.05377580
v -0.00167141 -0.00753925 0.05377580
v -0.00134096 -0.00760498 0.05377580
v -0.00100796 -0.00765624 0.05377580
v -0.00067304 -0.00769291 0.05377580
v -0.00033684 -0.00771495 0.05377580
v -0.00000000 -0.00772230 0.05377580
v 0.00033684 -0.00771495 0.05377580
v 0.00067304 -0.00769291 0.05377580
v 0.00100796 -0.00765624 0.05377580
v 0.00134096 -0.00760498 0.05377580
v 0.00167141 -0.00753925 0.05377580
v 0.00199868 -0.00745917 0.05377580
v 0.00232214 -0.00736489 0.05377580
v 0.00264118 -0.00725659 0.05377580
v 0.00295520 -0.00713448 0.05377580
v 0.00326359 -0.00699878 0.05377580
v 0.00356576 -0.00684976 0.05377580
v 0.00386115 -0.00668771 0.05377580
v 0.00414919 -0.00651292 0.05377580
v 0.00442933 -0.00632574 0.05377580
v 0.00470104 -0.00612651 0.05377580
v 0.00496380 -0.00591563 0.05377580
v 0.00521711 -0.00569348 0.05377580
v 0.00546049 -0.00546049 0.05377580
v 0.00569348 -0.00521711 0.05377580
v 0.00591563 -0.00496380 0.05377580
v 0.00612651 -0.00470104 0.05377580
v 0.00632574 -0.00442933 0.05377580
v 0.00651292 -0.00414919 0.05377580
v 0.00668771 -0.00386115 0.05377580
v 0.00684976 -0.00356576 0.05377580
v 0.00699878 -0.00326359 0.05377580
v 0.00713448 -0.00295520 0.05377580
v 0.00725659 -0.00264118 0.05377580
v 0.00736489 -0.00232214 0.05377580
v 0.00745917 -0.00199868 0.05377580
v 0.00753925 -0.00167141 0.05377580
v 0.00760498 -0.00134096 0.05377580
v 0.00765624 -0.00100796 0.05377580
v 0.00769291 -0.00067304 0.05377580
v 0.00771495 -0.00033684 0.05377580
v 0.00772230 0.00000000 0.05377580
v 0.00755657 0.00032993 0.05363212
v 0.00753498 0.00065923 0.05363212
v 0.00749906 0.00098727 0.05363212
v 0.00744885 0.00131343 0.05363212
v 0.00738447 0.00163710 0.05363212
v 0.00730604 0.00195765 0.05363212
v 0.00721369 0.00227447 0.05363212
v 0.00710761 0.00258696 0.05363212
v 0.00698801 0.00289453 0.05363212
v 0.00685510 0.00319659 0.05363212
v 0.00670914 0.00349256 0.05363212
v 0.00655041 0.00378188 0.05363212
v 0.00637922 0.00406401 0.05363212
v 0.00619587 0.00433840 0.05363212
v 0.00600074 0.00460453 0.05363212
v 0.00579418 0.00486189 0.05363212
v 0.00557659 0.00511001 0.05363212
v 0.00534839 0.00534839 0.05363212
v 0.00511001 0.00557659 0.05363212
v 0.00486189 0.00579418 0.05363212
v 0.00460453 0.00600074 0.05363212
v 0.00433840 0.00619587 0.05363212
v 0.00406401 0.00637922 0.05363212
v 0.00378188 0.00655041 0.05363212
v 0.00349256 0.00670914 0.05363212
v 0.00319659 0.00685510 0.05363212
v 0.00289453 0.00698801 0.05363212
v 0.00258696 0.00710761 0.05363212
v 0.00227447 0.00721369 0.05363212
v 0.00195765 0.00730604 0.05363212
v 0.00163710 0.00738447 0.05363212
v 0.00131343 0.00744885 0.05363212
v 0.00098727 0.00749906 0.05363212
v 0.00065923 0.00753498 0.05363212
v 0.00032993 0.00755657 0.05363212
v 0.00000000 0.00756377 0.05363212
v -0.00032993 0.00755657 0.05363212
v -0.00065923 0.00753498 0.05363212
v -0.00098727 0.00749906 0.05363212
v -0.00131343 0.00744885 0.05363212
v -0.00163710 0.00738447 0.05363212
v -0.00195765 0.00730604 0.05363212
v -0.00227447 0.00721369 0.05363212
v -0.00258696 0.00710761 0.05363212
v -0.00289453 0.00698801 0.05363212
v -0.00319659 0.00685510 0.05363212
v -0.00349256 0.00670914 0.05363212
v -0.00378188 0.00655041 0.05363212
v -0.00406401 0.00637922 0.05363212
v -0.00433840 0.00619587 0.05363212
v -0.00460453 0.00600074 0.05363212
v -0.00486189 0.00579418 0.05363212
v -0.00511001 0.00557659 0.05363212
v -0.00534839 0.00534839 0.05363212
v -0.00557659 0.00511001 0.05363212
v -0.00579418 0.00486189 0.05363212
v -0.00600074 0.00460453 0.05363212
v -0.00619587 0.00433840 0.05363212
v -0.00637922 0.00406401 0.05363212
v -0.00655041 0.00378188 0.05363212
v -0.00670914 0.00349256 0.05363212
v -0.00685510 0.00319659 0.05363212
v -0.00698801 0.00289453 0.05363212
v -0.00710761 0.00258696 0.05363212
v -0.00721369 0.00227447 0.05363212
v -0.00730604 0.00195765 0.05363212
v -0.00738447 0.00163710 0.05363212
v -0.00744885 0.00131343 0.05363212
v -0.00749906 0.00098727 0.05363212
v -0.00753498 0.00065923 0.05363212
v -0.00755657 0.00032993 0.05363212
v -0.00756377 0.00000000 0.05363212
v -0.00755657 -0.00032993 0.05363212
v -0.00753498 -0.00065923 0.05363212
v -0.00749906 -0.00098727 0.05363212
v -0.00744885 -0.00131343 0.05363212
v -0.00738447 -0.00163710 0.05363212
v -0.00730604 -0.00195765 0.05363212
v -0.00721369 -0.00227447 0.05363212
v -0.00710761 -0.00258696 0.05363212
v -0.00698801 -0.00289453 0.05363212
v -0.00685510 -0.00319659 0.05363212
v -0.00670914 -0.00349256 0.05363212
v -0.00655041 -0.00378188 0.05363212
v -0.00637922 -0.00406401 0.05363212
v -0.00619587 -0.00433840 0.05363212
v -0.00600074 -0.00460453 0.05363212
v -0.00579418 -0.00486189 0.05363212
v -0.00557659 -0.00511001 0.05363212
v -0.00534839 -0.00534839 0.05363212
v -0.00511001 -0.00557659 0.05363212
v -0.00486189 -0.00579418 0.05363212
v -0.00460453 -0.00600074 0.05363212
v -0.00433840 -0.00619587 0.05363212
v -0.00406401 -0.00637922 0.05363212
v -0.00378188 -0.00655041 0.05363212
v -0.00349256 -0.00670914 0.05363212
v -0.00319659 -0.00685510 0.05363212
v -0.00289453 -0.00698801 0.05363212
v -0.00258696 -0.00710761 0.05363212
v -0.00227447 -0.00721369 0.05363212
v -0.00195765 -0.00730604 0.05363212
v -0.00163710 -0.00738447 0.05363212
v -0.00131343 -0.00744885 0.05363212
v -0.00098727 -0.00749906 0.05363212
v -0.00065923 -0.00753498 0.05363212
v -0.00032993 -0.00755657 0.05363212
v -0.00000000 -0.00756377 0.05363212
v 0.00032993 -0.00755657 0.05363212
v 0.00065923 -0.00753498 0.05363212
v 0.00098727 -0.00749906 0.05363212
v 0.00131343 -0.00744885 0.05363212
v 0.00163710 -0.00738447 0.05363212
v 0.00195765 -0.00730604 0.05363212
v 0.00227447 -0.00721369 0.05363212
v 0.00258696 -0.00710761 0.05363212
v 0.00289453 -0.00698801 0.05363212
v 0.00319659 -0.00685510 0.05363212
v 0.00349256 -0.00670914 0.05363212
v 0.00378188 -0.00655041 0.05363212
v 0.00406401 -0.00637922 0.05363212
v 0.00433840 -0.00619587 0.05363212
v 0.00460453 -0.00600074 0.05363212
v 0.00486189 -0.00579418 0.05363212
v 0.00511001 -0.00557659 0.05363212
v 0.00534839 -0.00534839 0.05363212
v 0.00557659 -0.00511001 0.05363212
v 0.00579418 -0.00486189 0.05363212
v 0.00600074 -0.00460453 0.05363212
v 0.00619587 -0.00433840 0.05363212
v 0.00637922 -0.00406401 0.05363212
v 0.00655041 -0.00378188 0.05363212
v 0.00670914 -0.00349256 0.05363212
v 0.00685510 -0.00319659 0.05363212
v 0.00698801 -0.00289453 0.05363212
v 0.00710761 -0.00258696 0.05363212
v 0.00721369 -0.00227447 0.05363212
v 0.00730604 -0.00195765 0.05363212
v 0.00738447 -0.00163710 0.05363212
v 0.00744885 -0.00131343 0.05363212
v 0.00749906 -0.00098727 0.05363212
v 0.00753498 -0.00065923 0.05363212
v 0.00755657 -0.00032993 0.05363212
v 0.00756377 0.00000000 0.05363212
v 0.00740447 0.00032329 0.05348178
v 0.00738332 0.00064596 0.05348178
v 0.00734812 0.00096740 0.05348178
v 0.00729892 0.00128700 0.05348178
v 0.00723584 0.00160415 0.05348178
v 0.00715898 0.00191824 0.05348178
v 0.00706849 0.00222869 0.05348178
v 0.00696455 0.00253489 0.05348178
v 0.00684735 0.00283627 0.05348178
v 0.00671712 0.00313224 0.05348178
v 0.00657410 0.00342226 0.05348178
v 0.00641857 0.00370576 0.05348178
v 0.00625082 0.00398221 0.05348178
v 0.00607116 0.00425107 0.05348178
v 0.00587996 0.00451185 0.05348178
v 0.00567756 0.00476403 0.05348178
v 0.00546435 0.00500715 0.05348178
v 0.00524074 0.00524074 0.05348178
v 0.00500715 0.00546435 0.05348178
v 0.00476403 0.00567756 0.05348178
v 0.00451185 0.00587996 0.05348178
v 0.00425107 0.00607116 0.05348178
v 0.00398221 0.00625082 0.05348178
v 0.00370576 0.00641857 0.05348178
v 0.00342226 0.00657410 0.05348178
v 0.00313224 0.00671712 0.05348178
v 0.00283627 0.00684735 0.05348178
v 0.00253489 0.00696455 0.05348178
v 0.00222869 0.00706849 0.05348178
v 0.00191824 0.00715898 0.05348178
v 0.00160415 0.00723584 0.05348178
v 0.00128700 0.00729892 0.05348178
v 0.00096740 0.00734812 0.05348178
v 0.00064596 0.00738332 0.05348178
v 0.00032329 0.00740447 0.05348178
v 0.00000000 0.00741152 0.05348178
v -0.00032329 0.00740447 0.05348178
v -0.00064596 0.00738332 0.05348178
v -0.00096740 0.00734812 0.05348178
v -0.00128700 0.00729892 0.05348178
v -0.00160415 0.00723584 0.05348178
v -0.00191824 0.00715898 0.05348178
v -0.00222869 0.00706849 0.05348178
v -0.00253489 0.00696455 0.05348178
v -0.00283627 0.00684735 0.05348178
v -0.00313224 0.00671712 0.05348178
v -0.00342226 0.00657410 0.05348178
v -0.00370576 0.00641857 0.05348178
v -0.00398221 0.00625082 0.05348178
v -0.00425107 0.00607116 0.05348178
v -0.00451185 0.00587996 0.05348178
v -0.00476403 0.00567756 0.05348178
v -0.00500715 0.00546435 0.05348178
v -0.00524074 0.00524074 0.05348178
v -0.00546435 0.00500715 0.05348178
v -0.00567756 0.00476403 0.05348178
v -0.00587996 0.00451185 0.05348178
v -0.00607116 0.00425107 0.05348178
v -0.00625082 0.00398221 0.05348178
v -0.00641857 0.00370576 0.05348178
v -0.00657410 0.00342226 0.05348178
v -0.00671712 0.00313224 0.05348178
v -0.00684735 0.00283627 0.05348178
v -0.00696455 0.00253489 0.05348178
v -0.00706849 0.00222869 0.05348178
v -0.00715898 0.00191824 0.05348178
v -0.00723584 0.00160415 0.05348178
v -0.00729892 0.00128700 0.05348178
v -0.00734812 0.00096740 0.05348178
v -0.00738332 0.00064596 0.05348178
v -0.00740447 0.00032329 0.05348178
v -0.00741152 0.00000000 0.05348178
v -0.00740447 -0.00032329 0.05348178
v -0.00738332 -0.00064596 0.05348178
v -0.00734812 -0.00096740 0.05348178
v -0.00729892 -0.00128700 0.05348178
v -0.00723584 -0.00160415 0.05348178
v -0.00715898 -0.00191824 0.05348178
v -0.00706849 -0.00222869 0.05348178
v -0.00696455 -0.00253489 0.05348178
v -0.00684735 -0.00283627 0.05348178
v -0.00671712 -0.00313224 0.05348178
v -0.00657410 -0.00342226 0.05348178
v -0.00641857 -0.00370576 0.05348178
v -0.00625082 -0.00398221 0.05348178
v -0.00607116 -0.00425107 0.05348178
v -0.00587996 -0.00451185 0.05348178
v -0.00567756 -0.00476403 0.05348178
v -0.00546435 -0.00500715 0.05348178
v -0.00524074 -0.00524074 0.05348178
v -0.00500715 -0.00546435 0.05348178
v -0.00476403 -0.00567756 0.05348178
v -0.00451185 -0.00587996 0.05348178
v -0.00425107 -0.00607116 0.05348178
v -0.00398221 -0.00625082 0.05348178
v -0.00370576 -0.00641857 0.05348178
v -0.00342226 -0.00657410 0.05348178
v -0.00313224 -0.00671712 0.05348178
v -0.00283627 -0.00684735 0.05348178
v -0.00253489 -0.00696455 0.05348178
v -0.00222869 -0.00706849 0.05348178
v -0.00191824 -0.00715898 0.05348178
v -0.00160415 -0.00723584 0.05348178
v -0.00128700 -0.00729892 0.05348178
v -0.00096740 -0.00734812 0.05348178
v -0.00064596 -0.00738332 0.05348178
v -0.00032329 -0.00740447 0.05348178
v -0.00000000 -0.00741152 0.05348178
v 0.00032329 -0.00740447 0.05348178
v 0.00064596 -0.00738332 0.05348178
v 0.00096740 -0.00734812 0.05348178
v 0.00128700 -0.00729892 0.05348178
v 0.00160415 -0.00723584 0.05348178
v 0.00191824 -0.00715898 0.05348178
v 0.00222869 -0.00706849 0.05348178
v 0.00253489 -0.00696455 0.05348178
v 0.00283627 -0.00684735 0.05348178
v 0.00313224 -0.00671712 0.05348178
v 0.00342226 -0.00657410 0.05348178
v 0.00370576 -0.00641857 0.05348178
v 0.00398221 -0.00625082 0.05348178
v 0.00425107 -0.00607116 0.05348178
v 0.00451185 -0.00587996 0.05348178
v 0.00476403 -0.00567756 0.05348178
v 0.00500715 -0.00546435 0.05348178
v 0.00524074 -0.00524074 0.05348178
v 0.00546435 -0.00500715 0.05348178
v 0.00567756 -0.00476403 0.05348178
v 0.00587996 -0.00451185 0.05348178
v 0.00607116 -0.00425107 0.05348178
v 0.00625082 -0.00398221 0.05348178
v 0.00641857 -0.00370576 0.05348178
v 0.00657410 -0.00342226 0.05348178
v 0.00671712 -0.00313224 0.05348178
v 0.00684735 -0.00283627 0.05348178
v 0.00696455 -0.00253489 0.05348178
v 0.00706849 -0.00222869 0.05348178
v 0.00715898 -0.00191824 0.05348178
v 0.00723584 -0.00160415 0.05348178
v 0.00729892 -0.00128700 0.05348178
v 0.00734812 -0.00096740 0.05348178
v 0.00738332 -0.00064596 0.05348178
v 0.00740447 -0.00032329 0.05348178
v 0.00741152 0.00000000 0.05348178
v 0.00725894 0.00031693 0.05332508
v 0.00723820 0.00063326 0.05332508
v 0.00720369 0.00094838 0.05332508
v 0.00715547 0.00126170 0.05332508
v 0.00709362 0.00157262 0.05332508
v 0.00701827 0.00188054 0.05332508
v 0.00692957 0.00218488 0.05332508
v 0.00682767 0.00248507 0.05332508
v 0.00671277 0.00278052 0.05332508
v 0.00658510 0.00307068 0.05332508
v 0.00644489 0.00335500 0.05332508
v 0.00629241 0.00363293 0.05332508
v 0.00612796 0.00390394 0.05332508
v 0.00595184 0.00416752 0.05332508
v 0.00576439 0.00442317 0.05332508
v 0.00556596 0.00467040 0.05332508
v 0.00535695 0.00490874 0.05332508
v 0.00513773 0.00513773 0.05332508
v 0.00490874 0.00535695 0.05332508
v 0.00467040 0.00556596 0.05332508
v 0.00442317 0.00576439 0.05332508
v 0.00416752 0.00595184 0.05332508
v 0.00390394 0.00612796 0.05332508
v 0.00363293 0.00629241 0.05332508
v 0.00335500 0.00644489 0.05332508
v 0.00307068 0.00658510 0.05332508
v 0.00278052 0.00671277 0.05332508
v 0.00248507 0.00682767 0.05332508
v 0.00218488 0.00692957 0.05332508
v 0.00188054 0.00701827 0.05332508
v 0.00157262 0.00709362 0.05332508
v 0.00126170 0.00715547 0.05332508
v 0.00094838 0.00720369 0.05332508
v 0.00063326 0.00723820 0.05332508
v 0.00031693 0.00725894 0.05332508
v 0.00000000 0.00726585 0.05332508
v -0.00031693 0.00725894 0.05332508
v -0.00063326 0.00723820 0.05332508
v -0.00094838 0.00720369 0.05332508
v -0.00126170 0.00715547 0.05332508
v -0.00157262 0.00709362 0.05332508
v -0.00188054 0.00701827 0.05332508
v -0.00218488 0.00692957 0.05332508
v -0.00248507 0.00682767 0.05332508
v -0.00278052 0.00671277 0.05332508
v -0.00307068 0.00658510 0.05332508
v -0.00335500 0.00644489 0.05332508
v -0.00363293 0.00629241 0.05332508
v -0.00390394 0.00612796 0.05332508
v -0.00416752 0.00595184 0.05332508
v -0.00442317 0.00576439 0.05332508
v -0.00467040 0.00556596 0.05332508
v -0.00490874 0.00535695 0.05332508
v -0.00513773 0.00513773 0.05332508
v -0.00535695 0.00490874 0.05332508
v -0.00556596 0.00467040 0.05332508
v -0.00576439 0.00442317 0.05332508
v -0.00595184 0.00416752 0.05332508
v -0.00612796 0.00390394 0.05332508
v -0.00629241 0.00363293 0.05332508
v -0.00644489 0.00335500 0.05332508
v -0.00658510 0.00307068 0.05332508
v -0.00671277 0.00278052 0.05332508
v -0.00682767 0.00248507 0.05332508
v -0.00692957 0.00218488 0.05332508
v -0.00701827 0.00188054 0.05332508
v -0.00709362 0.00157262 0.05332508
v -0.00715547 0.00126170 0.05332508
v -0.00720369 0.00094838 0.05332508
v -0.00723820 0.00063326 0.05332508
v -0.00725894 0.00031693 0.05332508
v -0.00726585 0.00000000 0.05332508
v -0.00725894 -0.00031693 0.05332508
v -0.00723820 -0.00063326 0.05332508
v -0.00720369 -0.00094838 0.05332508
v -0.00715547 -0.00126170 0.05332508
v -0.00709362 -0.00157262 0.05332508
v -0.00701827 -0.00188054 0.05332508
v -0.00692957 -0.00218488 0.05332508
v -0.00682767 -0.00248507 0.05332508
v -0.00671277 -0.00278052 0.05332508
v -0.00658510 -0.00307068 0.05332508
v -0.00644489 -0.00335500 0.05332508
v -0.00629241 -0.00363293 0.05332508
v -0.00612796 -0.00390394 0.05332508
v -0.00595184 -0.00416752 0.05332508
v -0.00576439 -0.00442317 0.05332508
v -0.00556596 -0.00467040 0.05332508
v -0.00535695 -0.00490874 0.05332508
v -0.00513773 -0.00513773 0.05332508
v -0.00490874 -0.00535695 0.05332508
v -0.00467040 -0.00556596 0.05332508
v -0.00442317 -0.00576439 0.05332508
v -0.00416752 -0.00595184 0.05332508
v -0.00390394 -0.00612796 0.05332508
v -0.00363293 -0.00629241 0.05332508
v -0.00335500 -0.00644489 0.05332508
v -0.00307068 -0.00658510 0.05332508
v -0.00278052 -0.00671277 0.05332508
v -0.00248507 -0.00682767 0.05332508
v -0.00218488 -0.00692957 0.05332508
v -0.00188054 -0.00701827 0.05332508
v -0.00157262 -0.00709362 0.05332508
v -0.00126170 -0.00715547 0.05332508
v -0.00094838 -0.00720369 0.05332508
v -0.00063326 -0.00723820 0.05332508
v -0.00031693 -0.00725894 0.05332508
v -0.00000000 -0.00726585 0.05332508
v 0.00031693 -0.00725894 0.05332508
v 0.00063326 -0.00723820 0.05332508
v 0.00094838 -0.00720369 0.05332508
v 0.00126170 -0.00715547 0.05332508
v 0.00157262 -0.00709362 0.05332508
v 0.00188054 -0.00701827 0.05332508
v 0.00218488 -0.00692957 0.05332508
v 0.00248507 -0.00682767 0.05332508
v 0.00278052 -0.00671277 0.05332508
v 0.00307068 -0.00658510 0.05332508
v 0.00335500 -0.00644489 0.05332508
v 0.00363293 -0.00629241 0.05332508
v 0.00390394 -0.00612796 0.05332508
v 0.00416752 -0.00595184 0.05332508
v 0.00442317 -0.00576439 0.05332508
v 0.00467040 -0.00556596 0.05332508
v 0.00490874 -0.00535695 0.05332508
v 0.00513773 -0.00513773 0.05332508
v 0.00535695 -0.00490874 0.05332508
v 0.00556596 -0.00467040 0.05332508
v 0.00576439 -0.00442317 0.05332508
v 0.00595184 -0.00416752 0.05332508
v 0.00612796 -0.00390394 0.05332508
v 0.00629241 -0.00363293 0.05332508
v 0.00644489 -0.00335500 0.05332508
v 0.00658510 -0.00307068 0.05332508
v 0.00671277 -0.00278052 0.05332508
v 0.00682767 -0.00248507 0.05332508
v 0.00692957 -0.00218488 0.05332508
v 0.00701827 -0.00188054 0.05332508
v 0.00709362 -0.00157262 0.05332508
v 0.00715547 -0.00126170 0.05332508
v 0.00720369 -0.00094838 0.05332508
v 0.00723820 -0.00063326 0.05332508
v 0.00725894 -0.00031693 0.05332508
v 0.00726585 0.00000000 0.05332508
v 0.00712023 0.00031088 0.05316228
v 0.00709990 0.00062116 0.05316228
v 0.00706604 0.00093026 0.05316228
v 0.00701874 0.00123759 0.05316228
v 0.00695808 0.00154257 0.05316228
v 0.00688417 0.00184461 0.05316228
v 0.00679716 0.00214314 0.05316228
v 0.00669720 0.00243758 0.05316228
v 0.00658450 0.00272739 0.05316228
v 0.00645927 0.00301201 0.05316228
v 0.00632174 0.00329089 0.05316228
v 0.00617218 0.00356351 0.05316228
v 0.00601086 0.00382934 0.05316228
v 0.00583811 0.00408789 0.05316228
v 0.00565424 0.00433865 0.05316228
v 0.00545961 0.00458116 0.05316228
v 0.00525459 0.00481494 0.05316228
v 0.00503956 0.00503956 0.05316228
v 0.00481494 0.00525459 0.05316228
v 0.00458116 0.00545961 0.05316228
v 0.00433865 0.00565424 0.05316228
v 0.00408789 0.00583811 0.05316228
v 0.00382934 0.00601086 0.05316228
v 0.00356351 0.00617218 0.05316228
v 0.00329089 0.00632174 0.05316228
v 0.00301201 0.00645927 0.05316228
v 0.00272739 0.00658450 0.05316228
v 0.00243758 0.00669720 0.05316228
v 0.00214314 0.00679716 0.05316228
v 0.00184461 0.00688417 0.05316228
v 0.00154257 0.00695808 0.05316228
v 0.00123759 0.00701874 0.05316228
v 0.00093026 0.00706604 0.05316228
v 0.00062116 0.00709990 0.05316228
v 0.00031088 0.00712023 0.05316228
v 0.00000000 0.00712702 0.05316228
v -0.00031088 0.00712023 0.05316228
v -0.00062116 0.00709990 0.05316228
v -0.00093026 0.00706604 0.05316228
v -0.00123759 0.00701874 0.05316228
v -0.00154257 0.00695808 0.05316228
v -0.00184461 0.00688417 0.05316228
v -0.00214314 0.00679716 0.05316228
v -0.00243758 0.00669720 0.05316228
v -0.00272739 0.00658450 0.05316228
v -0.00301201 0.00645927 0.05316228
v -0.00329089 0.00632174 0.05316228
v -0.00356351 0.00617218 0.05316228
v -0.00382934 0.00601086 0.05316228
v -0.00408789 0.00583811 0.05316228
v -0.00433865 0.00565424 0.05316228
v -0.00458116 0.00545961 0.05316228
v -0.00481494 0.00525459 0.05316228
v -0.00503956 0.00503956 0.05316228
v -0.00525459 0.00481494 0.05316228
v -0.00545961 0.00458116 0.05316228
v -0.00565424 0.00433865 0.05316228
v -0.00583811 0.00408789 0.05316228
v -0.00601086 0.00382934 0.05316228
v -0.00617218 0.00356351 0.05316228
v -0.00632174 0.00329089 0.05316228
v -0.00645927 0.00301201 0.05316228
v -0.00658450 0.00272739 0.05316228
v -0.00669720 0.00243758 0.05316228
v -0.00679716 0.00214314 0.05316228
v -0.00688417 0.00184461 0.05316228
v -0.00695808 0.00154257 0.05316228
v -0.00701874 0.00123759 0.05316228
v -0.00706604 0.00093026 0.05316228
v -0.00709990 0.00062116 0.05316228
v -0.00712023 0.00031088 0.05316228
v -0.00712702 0.00000000 0.05316228
v -0.00712023 -0.00031088 0.05316228
v -0.00709990 -0.00062116 0.05316228
v -0.00706604 -0.00093026 0.05316228
v -0.00701874 -0.00123759 0.05316228
v -0.00695808 -0.00154257 0.05316228
v -0.00688417 -0.00184461 0.05316228
v -0.00679716 -0.00214314 0.05316228
v -0.00669720 -0.00243758 0.05316228
v -0.00658450 -0.00272739 0.05316228
v -0.00645927 -0.00301201 0.05316228
v -0.00632174 -0.00329089 0.05316228
v -0.00617218 -0.00356351 0.05316228
v -0.00601086 -0.00382934 0.05316228
v -0.00583811 -0.00408789 0.05316228
v -0.00565424 -0.00433865 0.05316228
v -0.00545961 -0.00458116 0.05316228
v -0.00525459 -0.00481494 0.05316228
v -0.00503956 -0.00503956 0.05316228
v -0.00481494 -0.00525459 0.05316228
v -0.00458116 -0.00545961 0.05316228
v -0.00433865 -0.00565424 0.05316228
v -0.00408789 -0.00583811 0.05316228
v -0.00382934 -0.00601086 0.05316228
v -0.00356351 -0.00617218 0.05316228
v -0.00329089 -0.00632174 0.05316228
v -0.00301201 -0.00645927 0.05316228
v -0.00272739 -0.00658450 0.05316228
v -0.00243758 -0.00669720 0.05316228
v -0.00214314 -0.00679716 0.05316228
v -0.00184461 -0.00688417 0.05316228
v -0.00154257 -0.00695808 0.05316228
v -0.00123759 -0.00701874 0.05316228
v -0.00093026 -0.00706604 0.05316228
v -0.00062116 -0.00709990 0.05316228
v -0.00031088 -0.00712023 0.05316228
v -0.00000000 -0.00712702 0.05316228
v 0.00031088 -0.00712023 0.05316228
v 0.00062116 -0.00709990 0.05316228
v 0.00093026 -0.00706604 0.05316228
v 0.00123759 -0.00701874 0.05316228
v 0.00154257 -0.00695808 0.05316228
v 0.00184461 -0.00688417 0.05316228
v 0.00214314 -0.00679716 0.05316228
v 0.00243758 -0.00669720 0.05316228
v 0.00272739 -0.00658450 0.05316228
v 0.00301201 -0.00645927 0.05316228
v 0.00329089 -0.00632174 0.05316228
v 0.00356351 -0.00617218 0.05316228
v 0.00382934 -0.00601086 0.05316228
v 0.00408789 -0.00583811 0.05316228
v 0.00433865 -0.00565424 0.05316228
v 0.00458116 -0.00545961 0.05316228
v 0.00481494 -0.00525459 0.05316228
v 0.00503956 -0.00503956 0.05316228
v 0.00525459 -0.00481494 0.05316228
v 0.00545961 -0.00458116 0.05316228
v 0.00565424 -0.00433865 0.05316228
v 0.00583811 -0.00408789 0.05316228
v 0.00601086 -0.00382934 0.05316228
v 0.00617218 -0.00356351 0.05316228
v 0.00632174 -0.00329089 0.05316228
v 0.00645927 -0.00301201 0.05316228
v 0.00658450 -0.00272739 0.05316228
v 0.00669720 -0.00243758 0.05316228
v 0.00679716 -0.00214314 0.05316228
v 0.00688417 -0.00184461 0.05316228
v 0.00695808 -0.00154257 0.05316228
v 0.00701874 -0.00123759 0.05316228
v 0.00706604 -0.00093026 0.05316228
v 0.00709990 -0.00062116 0.05316228
v 0.00712023 -0.00031088 0.05316228
v 0.00712702 0.00000000 0.05316228
v 0.00698862 0.00030513 0.05299369
v 0.00696866 0.00060968 0.05299369
v 0.00693543 0.00091307 0.05299369
v 0.00688900 0.00121472 0.05299369
v 0.00682946 0.00151405 0.05299369
v 0.00675692 0.00181051 0.05299369
v 0.00667151 0.00210352 0.05299369
v 0.00657341 0.00239252 0.05299369
v 0.00646279 0.00267698 0.05299369
v 0.00633987 0.00295633 0.05299369
v 0.00620488 0.00323006 0.05299369
v 0.00605809 0.00349764 0.05299369
v 0.00589975 0.00375856 0.05299369
v 0.00573019 0.00401232 0.05299369
v 0.00554972 0.00425845 0.05299369
v 0.00535869 0.00449648 0.05299369
v 0.00515746 0.00472594 0.05299369
v 0.00494641 0.00494641 0.05299369
v 0.00472594 0.00515746 0.05299369
v 0.00449648 0.00535869 0.05299369
v 0.00425845 0.00554972 0.05299369
v 0.00401232 0.00573019 0.05299369
v 0.00375856 0.00589975 0.05299369
v 0.00349764 0.00605809 0.05299369
v 0.00323006 0.00620488 0.05299369
v 0.00295633 0.00633987 0.05299369
v 0.00267698 0.00646279 0.05299369
v 0.00239252 0.00657341 0.05299369
v 0.00210352 0.00667151 0.05299369
v 0.00181051 0.00675692 0.05299369
v 0.00151405 0.00682946 0.05299369
v 0.00121472 0.00688900 0.05299369
v 0.00091307 0.00693543 0.05299369
v 0.00060968 0.00696866 0.05299369
v 0.00030513 0.00698862 0.05299369
v 0.00000000 0.00699527 0.05299369
v -0.00030513 0.00698862 0.05299369
v -0.00060968 0.00696866 0.05299369
v -0.00091307 0.00693543 0.05299369
v -0.00121472 0.00688900 0.05299369
v -0.00151405 0.00682946 0.05299369
v -0.00181051 0.00675692 0.05299369
v -0.00210352 0.00667151 0.05299369
v -0.00239252 0.00657341 0.05299369
v -0.00267698 0.00646279 0.05299369
v -0.00295633 0.00633987 0.05299369
v -0.00323006 0.00620488 0.05299369
v -0.00349764 0.00605809 0.05299369
v -0.00375856 0.00589975 0.05299369
v -0.00401232 0.00573019 0.05299369
v -0.00425845 0.00554972 0.05299369
v -0.00449648 0.00535869 0.05299369
v -0.00472594 0.00515746 0.05299369
v -0.00494641 0.00494641 0.05299369
v -0.00515746 0.00472594 0.05299369
v -0.00535869 0.00449648 0.05299369
v -0.00554972 0.00425845 0.05299369
v -0.00573019 0.00401232 0.05299369
v -0.00589975 0.00375856 0.05299369
v -0.00605809 0.00349764 0.05299369
v -0.00620488 0.00323006 0.05299369
v -0.00633987 0.00295633 0.05299369
v -0.00646279 0.00267698 0.05299369
v -0.00657341 0.00239252 0.05299369
v -0.00667151 0.00210352 0.05299369
v -0.00675692 0.00181051 0.05299369
v -0.00682946 0.00151405 0.05299369
v -0.00688900 0.00121472 0.05299369
v -0.00693543 0.00091307 0.05299369
v -0.00696866 0.00060968 0.05299369
v -0.00698862 0.00030513 0.05299369
v -0.00699527 0.00000000 0.05299369
v -0.00698862 -0.00030513 0.05299369
v -0.00696866 -0.00060968 0.05299369
v -0.00693543 -0.00091307 0.05299369
v -0.00688900 -0.00121472 0.05299369
v -0.00682946 -0.00151405 0.05299369
v -0.00675692 -0.00181051 0.05299369
v -0.00667151 -0.00210352 0.05299369
v -0.00657341 -0.00239252 0.05299369
v -0.00646279 -0.00267698 0.05299369
v -0.00633987 -0.00295633 0.05299369
v -0.00620488 -0.00323006 0.05299369
v -0.00605809 -0.00349764 0.05299369
v -0.00589975 -0.00375856 0.05299369
v -0.00573019 -0.00401232 0.05299369
v -0.00554972 -0.00425845 0.05299369
v -0.00535869 -0.00449648 0.05299369
v -0.00515746 -0.00472594 0.05299369
v -0.00494641 -0.00494641 0.05299369
v -0.00472594 -0.00515746 0.05299369
v -0.00449648 -0.00535869 0.05299369
v -0.00425845 -0.00554972 0.05299369
v -0.00401232 -0.00573019 0.05299369
v -0.00375856 -0.00589975 0.05299369
v -0.00349764 -0.00605809 0.05299369
v -0.00323006 -0.00620488 0.05299369
v -0.00295633 -0.00633987 0.05299369
v -0.00267698 -0.00646279 0.05299369
v -0.00239252 -0.00657341 0.05299369
v -0.00210352 -0.00667151 0.05299369
v -0.00181051 -0.00675692 0.05299369
v -0.00151405 -0.00682946 0.05299369
v -0.00121472 -0.00688900 0.05299369
v -0.00091307 -0.00693543 0.05299369
v -0.00060968 -0.00696866 0.05299369
v -0.00030513 -0.00698862 0.05299369
v -0.00000000 -0.00699527 0.05299369
v 0.00030513 -0.00698862 0.05299369
v 0.00060968 -0.00696866 0.05299369
v 0.00091307 -0.00693543 0.05299369
v 0.00121472 -0.00688900 0.05299369
v 0.00151405 -0.00682946 0.05299369
v 0.00181051 -0.00675692 0.05299369
v 0.00210352 -0.00667151 0.05299369
v 0.00239252 -0.00657341 0.05299369
v 0.00267698 -0.00646279 0.05299369
v 0.00295633 -0.00633987 0.05299369
v 0.00323006 -0.00620488 0.05299369
v 0.00349764 -0.00605809 0.05299369
v 0.00375856 -0.00589975 0.05299369
v 0.00401232 -0.00573019 0.05299369
v 0.00425845 -0.00554972 0.05299369
v 0.00449648 -0.00535869 0.05299369
v 0.00472594 -0.00515746 0.05299369
v 0.00494641 -0.00494641 0.05299369
v 0.00515746 -0.00472594 0.05299369
v 0.00535869 -0.00449648 0.05299369
v 0.00554972 -0.00425845 0.05299369
v 0.00573019 -0.00401232 0.05299369
v 0.00589975 -0.00375856 0.05299369
v 0.00605809 -0.00349764 0.05299369
v 0.00620488 -0.00323006 0.05299369
v 0.00633987 -0.00295633 0.05299369
v 0.00646279 -0.00267698 0.05299369
v 0.00657341 -0.00239252 0.05299369
v 0.00667151 -0.00210352 0.05299369
v 0.00675692 -0.00181051 0.05299369
v 0.00682946 -0.00151405 0.05299369
v 0.00688900 -0.00121472 0.05299369
v 0.00693543 -0.00091307 0.05299369
v 0.00696866 -0.00060968 0.05299369
v 0.00698862 -0.00030513 0.05299369
v 0.00699527 0.00000000 0.05299369
v 0.00686433 0.00029970 0.05281962
v 0.00684472 0.00059884 0.05281962
v 0.00681208 0.00089683 0.05281962
v 0.00676648 0.00119311 0.05281962
v 0.00670800 0.00148713 0.05281962
v 0.00663675 0.00177831 0.05281962
v 0.00655286 0.00206611 0.05281962
v 0.00645650 0.00234997 0.05281962
v 0.00634785 0.00262937 0.05281962
v 0.00622712 0.00290375 0.05281962
v 0.00609453 0.00317261 0.05281962
v 0.00595034 0.00343543 0.05281962
v 0.00579483 0.00369171 0.05281962
v 0.00562828 0.00394097 0.05281962
v 0.00545102 0.00418272 0.05281962
v 0.00526339 0.00441651 0.05281962
v 0.00506573 0.00464189 0.05281962
v 0.00485844 0.00485844 0.05281962
v 0.00464189 0.00506573 0.05281962
v 0.00441651 0.00526339 0.05281962
v 0.00418272 0.00545102 0.05281962
v 0.00394097 0.00562828 0.05281962
v 0.00369171 0.00579483 0.05281962
v 0.00343543 0.00595034 0.05281962
v 0.00317261 0.00609453 0.05281962
v 0.00290375 0.00622712 0.05281962
v 0.00262937 0.00634785 0.05281962
v 0.00234997 0.00645650 0.05281962
v 0.00206611 0.00655286 0.05281962
v 0.00177831 0.00663675 0.05281962
v 0.00148713 0.00670800 0.05281962
v 0.00119311 0.00676648 0.05281962
v 0.00089683 0.00681208 0.05281962
v 0.00059884 0.00684472 0.05281962
v 0.00029970 0.00686433 0.05281962
v 0.00000000 0.00687087 0.05281962
v -0.00029970 0.00686433 0.05281962
v -0.00059884 0.00684472 0.05281962
v -0.00089683 0.00681208 0.05281962
v -0.00119311 0.00676648 0.05281962
v -0.00148713 0.00670800 0.05281962
v -0.00177831 0.00663675 0.05281962
v -0.00206611 0.00655286 0.05281962
v -0.00234997 0.00645650 0.05281962
v -0.00262937 0.00634785 0.05281962
v -0.00290375 0.00622712 0.05281962
v -0.00317261 0.00609453 0.05281962
v -0.00343543 0.00595034 0.05281962
v -0.00369171 0.00579483 0.05281962
v -0.00394097 0.00562828 0.05281962
v -0.00418272 0.00545102 0.05281962
v -0.00441651 0.00526339 0.05281962
v -0.00464189 0.00506573 0.05281962
v -0.00485844 0.00485844 0.05281962
v -0.00506573 0.00464189 0.05281962
v -0.00526339 0.00441651 0.05281962
v -0.00545102 0.00418272 0.05281962
v -0.00562828 0.00394097 0.05281962
v -0.00579483 0.00369171 0.05281962
v -0.00595034 0.00343543 0.05281962
v -0.00609453 0.00317261 0.05281962
v -0.00622712 0.00290375 0.05281962
v -0.00634785 0.00262937 0.05281962
v -0.00645650 0.00234997 0.05281962
v -0.00655286 0.00206611 0.05281962
v -0.00663675 0.00177831 0.05281962
v -0.00670800 0.00148713 0.05281962
v -0.00676648 0.00119311 0.05281962
v -0.00681208 0.00089683 0.05281962
v -0.00684472 0.00059884 0.05281962
v -0.00686433 0.00029970 0.05281962
v -0.00687087 0.00000000 0.05281962
v -0.00686433 -0.00029970 0.05281962
v -0.00684472 -0.00059884 0.05281962
v -0.00681208 -0.00089683 0.05281962
v -0.00676648 -0.00119311 0.05281962
v -0.00670800 -0.00148713 0.05281962
v -0.00663675 -0.00177831 0.05281962
v -0.00655286 -0.00206611 0.05281962
v -0.00645650 -0.00234997 0.05281962
v -0.00634785 -0.00262937 0.05281962
v -0.00622712 -0.00290375 0.05281962
v -0.00609453 -0.00317261 0.05281962
v -0.00595034 -0.00343543 0.05281962
v -0.00579483 -0.00369171 0.05281962
v -0.00562828 -0.00394097 0.05281962
v -0.00545102 -0.00418272 0.05281962
v -0.00526339 -0.00441651 0.05281962
v -0.00506573 -0.00464189 0.05281962
v -0.00485844 -0.00485844 0.05281962
v -0.00464189 -0.00506573 0.05281962
v -0.00441651 -0.00526339 0.05281962
v -0.00418272 -0.00545102 0.05281962
v -0.00394097 -0.00562828 0.05281962
v -0.00369171 -0.00579483 0.05281962
v -0.00343543 -0.00595034 0.05281962
v -0.00317261 -0.00609453 0.05281962
v -0.00290375 -0.00622712 0.05281962
v -0.00262937 -0.00634785 0.05281962
v -0.00234997 -0.00645650 0.05281962
v -0.00206611 -0.00655286 0.05281962
v -0.00177831 -0.00663675 0.05281962
v -0.00148713 -0.00670800 0.05281962
v -0.00119311 -0.00676648 0.05281962
v -0.00089683 -0.00681208 0.05281962
v -0.00059884 -0.00684472 0.05281962
v -0.00029970 -0.00686433 0.05281962
v -0.00000000 -0.00687087 0.05281962
v 0.00029970 -0.00686433 0.05281962
v 0.00059884 -0.00684472 0.05281962
v 0.00089683 -0.00681208 0.05281962
v 0.00119311 -0.00676648 0.05281962
v 0.00148713 -0.00670800 0.05281962
v 0.00177831 -0.00663675 0.05281962
v 0.00206611 -0.00655286 0.05281962
v 0.00234997 -0.00645650 0.05281962
v 0.00262937 -0.00634785 0.05281962
v 0.00290375 -0.00622712 0.05281962
v 0.00317261 -0.00609453 0.05281962
v 0.00343543 -0.00595034 0.05281962
v 0.00369171 -0.00579483 0.05281962
v 0.00394097 -0.00562828 0.05281962
v 0.00418272 -0.00545102 0.05281962
v 0.00441651 -0.00526339 0.05281962
v 0.00464189 -0.00506573 0.05281962
v 0.00485844 -0.00485844 0.05281962
v 0.00506573 -0.00464189 0.05281962
v 0.00526339 -0.00441651 0.05281962
v 0.00545102 -0.00418272 0.05281962
v 0.00562828 -0.00394097 0.05281962
v 0.00579483 -0.00369171 0.05281962
v 0.00595034 -0.00343543 0.05281962
v 0.00609453 -0.00317261 0.05281962
v 0.00622712 -0.00290375 0.05281962
v 0.00634785 -0.00262937 0.05281962
v 0.00645650 -0.00234997 0.05281962
v 0.00655286 -0.00206611 0.05281962
v 0.00663675 -0.00177831 0.05281962
v 0.00670800 -0.00148713 0.05281962
v 0.00676648 -0.00119311 0.05281962
v 0.00681208 -0.00089683 0.05281962
v 0.00684472 -0.00059884 0.05281962
v 0.00686433 -0.00029970 0.05281962
v 0.00687087 0.00000000 0.05281962
v 0.00674759 0.00029461 0.05264039
v 0.00672832 0.00058865 0.05264039
v 0.00669624 0.00088158 0.05264039
v 0.00665141 0.00117282 0.05264039
v 0.00659392 0.00146184 0.05264039
v 0.00652388 0.00174807 0.05264039
v 0.00644142 0.00203097 0.05264039
v 0.00634670 0.00231001 0.05264039
v 0.00623990 0.00258465 0.05264039
v 0.00612122 0.00285437 0.05264039
v 0.00599089 0.00311866 0.05264039
v 0.00584915 0.00337701 0.05264039
v 0.00569628 0.00362893 0.05264039
v 0.00553257 0.00387395 0.05264039
v 0.00535832 0.00411159 0.05264039
v 0.00517388 0.00434140 0.05264039
v 0.00497958 0.00456295 0.05264039
v 0.00477581 0.00477581 0.05264039
v 0.00456295 0.00497958 0.05264039
v 0.00434140 0.00517388 0.05264039
v 0.00411159 0.00535832 0.05264039
v 0.00387395 0.00553257 0.05264039
v 0.00362893 0.00569628 0.05264039
v 0.00337701 0.00584915 0.05264039
v 0.00311866 0.00599089 0.05264039
v 0.00285437 0.00612122 0.05264039
v 0.00258465 0.00623990 0.05264039
v 0.00231001 0.00634670 0.05264039
v 0.00203097 0.00644142 0.05264039
v 0.00174807 0.00652388 0.05264039
v 0.00146184 0.00659392 0.05264039
v 0.00117282 0.00665141 0.05264039
v 0.00088158 0.00669624 0.05264039
v 0.00058865 0.00672832 0.05264039
v 0.00029461 0.00674759 0.05264039
v 0.00000000 0.00675402 0.05264039
v -0.00029461 0.00674759 0.05264039
v -0.00058865 0.00672832 0.05264039
v -0.00088158 0.00669624 0.05264039
v -0.00117282 0.00665141 0.05264039
v -0.00146184 0.00659392 0.05264039
v -0.00174807 0.00652388 0.05264039
v -0.00203097 0.00644142 0.05264039
v -0.00231001 0.00634670 0.05264039
v -0.00258465 0.00623990 0.05264039
v -0.00285437 0.00612122 0.05264039
v -0.00311866 0.00599089 0.05264039
v -0.00337701 0.00584915 0.05264039
v -0.00362893 0.00569628 0.05264039
v -0.00387395 0.00553257 0.05264039
v -0.00411159 0.00535832 0.05264039
v -0.00434140 0.00517388 0.05264039
v -0.00456295 0.00497958 0.05264039
v -0.00477581 0.00477581 0.05264039
v -0.00497958 0.00456295 0.05264039
v -0.00517388 0.00434140 0.05264039
v -0.00535832 0.00411159 0.05264039
v -0.00553257 0.00387395 0.05264039
v -0.00569628 0.00362893 0.05264039
v -0.00584915 0.00337701 0.05264039
v -0.00599089 0.00311866 0.05264039
v -0.00612122 0.00285437 0.05264039
v -0.00623990 0.00258465 0.05264039
v -0.00634670 0.00231001 0.05264039
v -0.00644142 0.00203097 0.05264039
v -0.00652388 0.00174807 0.05264039
v -0.00659392 0.00146184 0.05264039
v -0.00665141 0.00117282 0.05264039
v -0.00669624 0.00088158 0.05264039
v -0.00672832 0.00058865 0.05264039
v -0.00674759 0.00029461 0.05264039
v -0.00675402 0.00000000 0.05264039
v -0.00674759 -0.00029461 0.05264039
v -0.00672832 -0.00058865 0.05264039
v -0.00669624 -0.00088158 0.05264039
v -0.00665141 -0.00117282 0.05264039
v -0.00659392 -0.00146184 0.05264039
v -0.00652388 -0.00174807 0.05264039
v -0.00644142 -0.00203097 0.05264039
v -0.00634670 -0.00231001 0.05264039
v -0.00623990 -0.00258465 0.05264039
v -0.00612122 -0.00285437 0.05264039
v -0.00599089 -0.00311866 0.05264039
v -0.00584915 -0.00337701 0.05264039
v -0.00569628 -0.00362893 0.05264039
v -0.00553257 -0.00387395 0.05264039
v -0.00535832 -0.00411159 0.05264039
v -0.00517388 -0.00434140 0.05264039
v -0.00497958 -0.00456295 0.05264039
v -0.00477581 -0.00477581 0.05264039
v -0.00456295 -0.00497958 0.05264039
v -0.00434140 -0.00517388 0.05264039
v -0.00411159 -0.00535832 0.05264039
v -0.00387395 -0.00553257 0.05264039
v -0.00362893 -0.00569628 0.05264039
v -0.00337701 -0.00584915 0.05264039
v -0.00311866 -0.00599089 0.05264039
v -0.00285437 -0.00612122 0.05264039
v -0.00258465 -0.00623990 0.05264039
v -0.00231001 -0.00634670 0.05264039
v -0.00203097 -0.00644142 0.05264039
v -0.00174807 -0.00652388 0.05264039
v -0.00146184 -0.00659392 0.05264039
v -0.00117282 -0.00665141 0.05264039
v -0.00088158 -0.00669624 0.05264039
v -0.00058865 -0.00672832 0.05264039
v -0.00029461 -0.00674759 0.05264039
v -0.00000000 -0.00675402 0.05264039
v 0.00029461 -0.00674759 0.05264039
v 0.00058865 -0.00672832 0.05264039
v 0.00088158 -0.00669624 0.05264039
v 0.00117282 -0.00665141 0.05264039
v 0.00146184 -0.00659392 0.05264039
v 0.00174807 -0.00652388 0.05264039
v 0.00203097 -0.00644142 0.05264039
v 0.00231001 -0.00634670 0.05264039
v 0.00258465 -0.00623990 0.05264039
v 0.00285437 -0.00612122 0.05264039
v 0.00311866 -0.00599089 0.05264039
v 0.00337701 -0.00584915 0.05264039
v 0.00362893 -0.00569628 0.05264039
v 0.00387395 -0.00553257 0.05264039
v 0.00411159 -0.00535832 0.05264039
v 0.00434140 -0.00517388 0.05264039
v 0.00456295 -0.00497958 0.05264039
v 0.00477581 -0.00477581 0.05264039
v 0.00497958 -0.00456295 0.05264039
v 0.00517388 -0.00434140 0.05264039
v 0.00535832 -0.00411159 0.05264039
v 0.00553257 -0.00387395 0.05264039
v 0.00569628 -0.00362893 0.05264039
v 0.00584915 -0.00337701 0.05264039
v 0.00599089 -0.00311866 0.05264039
v 0.00612122 -0.00285437 0.05264039
v 0.00623990 -0.00258465 0.05264039
v 0.00634670 -0.00231001 0.05264039
v 0.00644142 -0.00203097 0.05264039
v 0.00652388 -0.00174807 0.05264039
v 0.00659392 -0.00146184 0.05264039
v 0.00665141 -0.00117282 0.05264039
v 0.00669624 -0.00088158 0.05264039
v 0.00672832 -0.00058865 0.05264039
v 0.00674759 -0.00029461 0.05264039
v 0.00675402 0.00000000 0.05264039
v 0.00663862 0.00028985 0.05245632
v 0.00661966 0.00057915 0.05245632
v 0.00658810 0.00086734 0.05245632
v 0.00654399 0.00115388 0.05245632
v 0.00648743 0.00143823 0.05245632
v 0.00641852 0.00171984 0.05245632
v 0.00633740 0.00199817 0.05245632
v 0.00624420 0.00227270 0.05245632
v 0.00613913 0.00254291 0.05245632
v 0.00602236 0.00280827 0.05245632
v 0.00589414 0.00306829 0.05245632
v 0.00575469 0.00332247 0.05245632
v 0.00560429 0.00357033 0.05245632
v 0.00544322 0.00381138 0.05245632
v 0.00527179 0.00404519 0.05245632
v 0.00509032 0.00427129 0.05245632
v 0.00489917 0.00448926 0.05245632
v 0.00469868 0.00469868 0.05245632
v 0.00448926 0.00489917 0.05245632
v 0.00427129 0.00509032 0.05245632
v 0.00404519 0.00527179 0.05245632
v 0.00381138 0.00544322 0.05245632
v 0.00357033 0.00560429 0.05245632
v 0.00332247 0.00575469 0.05245632
v 0.00306829 0.00589414 0.05245632
v 0.00280827 0.00602236 0.05245632
v 0.00254291 0.00613913 0.05245632
v 0.00227270 0.00624420 0.05245632
v 0.00199817 0.00633740 0.05245632
v 0.00171984 0.00641852 0.05245632
v 0.00143823 0.00648743 0.05245632
v 0.00115388 0.00654399 0.05245632
v 0.00086734 0.00658810 0.05245632
v 0.00057915 0.00661966 0.05245632
v 0.00028985 0.00663862 0.05245632
v 0.00000000 0.00664494 0.05245632
v -0.00028985 0.00663862 0.05245632
v -0.00057915 0.00661966 0.05245632
v -0.00086734 0.00658810 0.05245632
v -0.00115388 0.00654399 0.05245632
v -0.00143823 0.00648743 0.05245632
v -0.00171984 0.00641852 0.05245632
v -0.00199817 0.00633740 0.05245632
v -0.00227270 0.00624420 0.05245632
v -0.00254291 0.00613913 0.05245632
v -0.00280827 0.00602236 0.05245632
v -0.00306829 0.00589414 0.05245632
v -0.00332247 0.00575469 0.05245632
v -0.00357033 0.00560429 0.05245632
v -0.00381138 0.00544322 0.05245632
v -0.00404519 0.00527179 0.05245632
v -0.00427129 0.00509032 0.05245632
v -0.00448926 0.00489917 0.05245632
v -0.00469868 0.00469868 0.05245632
v -0.00489917 0.00448926 0.05245632
v -0.00509032 0.00427129 0.05245632
v -0.00527179 0.00404519 0.05245632
v -0.00544322 0.00381138 0.05245632
v -0.00560429 0.00357033 0.05245632
v -0.00575469 0.00332247 0.05245632
v -0.00589414 0.00306829 0.05245632
v -0.00602236 0.00280827 0.05245632
v -0.00613913 0.00254291 0.05245632
v -0.00624420 0.00227270 0.05245632
v -0.00633740 0.00199817 0.05245632
v -0.00641852 0.00171984 0.05245632
v -0.00648743 0.00143823 0.05245632
v -0.00654399 0.00115388 0.05245632
v -0.00658810 0.00086734 0.05245632
v -0.00661966 0.00057915 0.05245632
v -0.00663862 0.00028985 0.05245632
v -0.00664494 0.00000000 0.05245632
v -0.00663862 -0.00028985 0.05245632
v -0.00661966 -0.00057915 0.05245632
v -0.00658810 -0.00086734 0.05245632
v -0.00654399 -0.00115388 0.05245632
v -0.00648743 -0.00143823 0.05245632
v -0.00641852 -0.00171984 0.05245632
v -0.00633740 -0.00199817 0.05245632
v -0.00624420 -0.00227270 0.05245632
v -0.00613913 -0.00254291 0.05245632
v -0.00602236 -0.00280827 0.05245632
v -0.00589414 -0.00306829 0.05245632
v -0.00575469 -0.00332247 0.05245632
v -0.00560429 -0.00357033 0.05245632
v -0.00544322 -0.00381138 0.05245632
v -0.00527179 -0.00404519 0.05245632
v -0.00509032 -0.00427129 0.05245632
v -0.00489917 -0.00448926 0.05245632
v -0.00469868 -0.00469868 0.05245632
v -0.00448926 -0.00489917 0.05245632
v -0.00427129 -0.00509032 0.05245632
v -0.00404519 -0.00527179 0.05245632
v -0.00381138 -0.00544322 0.05245632
v -0.00357033 -0.00560429 0.05245632
v -0.00332247 -0.00575469 0.05245632
v -0.00306829 -0.00589414 0.05245632
v -0.00280827 -0.00602236 0.05245632
v -0.00254291 -0.00613913 0.05245632
v -0.00227270 -0.00624420 0.05245632
v -0.00199817 -0.00633740 0.05245632
v -0.00171984 -0.00641852 0.05245632
v -0.00143823 -0.00648743 0.05245632
v -0.00115388 -0.00654399 0.05245632
v -0.00086734 -0.00658810 0.05245632
v -0.00057915 -0.00661966 0.05245632
v -0.00028985 -0.00663862 0.05245632
v -0.00000000 -0.00664494 0.05245632
v 0.00028985 -0.00663862 0.05245632
v 0.00057915 -0.00661966 0.05245632
v 0.00086734 -0.00658810 0.05245632
v 0.00115388 -0.00654399 0.05245632
v 0.00143823 -0.00648743 0.05245632
v 0.00171984 -0.00641852 0.05245632
v 0.00199817 -0.00633740 0.05245632
v 0.00227270 -0.00624420 0.05245632
v 0.00254291 -0.00613913 0.05245632
v 0.00280827 -0.00602236 0.05245632
v 0.00306829 -0.00589414 0.05245632
v 0.00332247 -0.00575469 0.05245632
v 0.00357033 -0.00560429 0.05245632
v 0.00381138 -0.00544322 0.05245632
v 0.00404519 -0.00527179 0.05245632
v 0.00427129 -0.00509032 0.05245632
v 0.00448926 -0.00489917 0.05245632
v 0.00469868 -0.00469868 0.05245632
v 0.00489917 -0.00448926 0.05245632
v 0.00509032 -0.00427129 0.05245632
v 0.00527179 -0.00404519 0.05245632
v 0.00544322 -0.00381138 0.05245632
v 0.00560429 -0.00357033 0.05245632
v 0.00575469 -0.00332247 0.05245632
v 0.00589414 -0.00306829 0.05245632
v 0.00602236 -0.00280827 0.05245632
v 0.00613913 -0.00254291 0.05245632
v 0.00624420 -0.00227270 0.05245632
v 0.00633740 -0.00199817 0.05245632
v 0.00641852 -0.00171984 0.05245632
v 0.00648743 -0.00143823 0.05245632
v 0.00654399 -0.00115388 0.05245632
v 0.00658810 -0.00086734 0.05245632
v 0.00661966 -0.00057915 0.05245632
v 0.00663862 -0.00028985 0.05245632
v 0.00664494 0.00000000 0.05245632
v 0.00653762 0.00028544 0.05226775
v 0.00651894 0.00057033 0.05226775
v 0.00648786 0.00085414 0.05226775
v 0.00644443 0.00113633 0.05226775
v 0.00638873 0.00141635 0.05226775
v 0.00632087 0.00169367 0.05226775
v 0.00624098 0.00196777 0.05226775
v 0.00614920 0.00223813 0.05226775
v 0.00604573 0.00250422 0.05226775
v 0.00593074 0.00276555 0.05226775
v 0.00580446 0.00302161 0.05226775
v 0.00566714 0.00327192 0.05226775
v 0.00551902 0.00351601 0.05226775
v 0.00536040 0.00375340 0.05226775
v 0.00519158 0.00398364 0.05226775
v 0.00501288 0.00420630 0.05226775
v 0.00482463 0.00442096 0.05226775
v 0.00462720 0.00462720 0.05226775
v 0.00442096 0.00482463 0.05226775
v 0.00420630 0.00501288 0.05226775
v 0.00398364 0.00519158 0.05226775
v 0.00375340 0.00536040 0.05226775
v 0.00351601 0.00551902 0.05226775
v 0.00327192 0.00566714 0.05226775
v 0.00302161 0.00580446 0.05226775
v 0.00276555 0.00593074 0.05226775
v 0.00250422 0.00604573 0.05226775
v 0.00223813 0.00614920 0.05226775
v 0.00196777 0.00624098 0.05226775
v 0.00169367 0.00632087 0.05226775
v 0.00141635 0.00638873 0.05226775
v 0.00113633 0.00644443 0.05226775
v 0.00085414 0.00648786 0.05226775
v 0.00057033 0.00651894 0.05226775
v 0.00028544 0.00653762 0.05226775
v 0.00000000 0.00654385 0.05226775
v -0.00028544 0.00653762 0.05226775
v -0.00057033 0.00651894 0.05226775
v -0.00085414 0.00648786 0.05226775
v -0.00113633 0.00644443 0.05226775
v -0.00141635 0.00638873 0.05226775
v -0.00169367 0.00632087 0.05226775
v -0.00196777 0.00624098 0.05226775
v -0.00223813 0.00614920 0.05226775
v -0.00250422 0.00604573 0.05226775
v -0.00276555 0.00593074 0.05226775
v -0.00302161 0.00580446 0.05226775
v -0.00327192 0.00566714 0.05226775
v -0.00351601 0.00551902 0.05226775
v -0.00375340 0.00536040 0.05226775
v -0.00398364 0.00519158 0.05226775
v -0.00420630 0.00501288 0.05226775
v -0.00442096 0.00482463 0.05226775
v -0.00462720 0.00462720 0.05226775
v -0.00482463 0.00442096 0.05226775
v -0.00501288 0.00420630 0.05226775
v -0.00519158 0.00398364 0.05226775
v -0.00536040 0.00375340 0.05226775
v -0.00551902 0.00351601 0.05226775
v -0.00566714 0.00327192 0.05226775
v -0.00580446 0.00302161 0.05226775
v -0.00593074 0.00276555 0.05226775
v -0.00604573 0.00250422 0.05226775
v -0.00614920 0.00223813 0.05226775
v -0.00624098 0.00196777 0.05226775
v -0.00632087 0.00169367 0.05226775
v -0.00638873 0.00141635 0.05226775
v -0.00644443 0.00113633 0.05226775
v -0.00648786 0.00085414 0.05226775
v -0.00651894 0.00057033 0.05226775
v -0.00653762 0.00028544 0.05226775
v -0.00654385 0.00000000 0.05226775
v -0.00653762 -0.00028544 0.05226775
v -0.00651894 -0.00057033 0.05226775
v -0.00648786 -0.00085414 0.05226775
v -0.00644443 -0.00113633 0.05226775
v -0.00638873 -0.00141635 0.05226775
v -0.00632087 -0.00169367 0.05226775
v -0.00624098 -0.00196777 0.05226775
v -0.00614920 -0.00223813 0.05226775
v -0.00604573 -0.00250422 0.05226775
v -0.00593074 -0.00276555 0.05226775
v -0.00580446 -0.00302161 0.05226775
v -0.00566714 -0.00327192 0.05226775
v -0.00551902 -0.00351601 0.05226775
v -0.00536040 -0.00375340 0.05226775
v -0.00519158 -0.00398364 0.05226775
v -0.00501288 -0.00420630 0.05226775
v -0.00482463 -0.00442096 0.05226775
v -0.00462720 -0.00462720 0.05226775
v -0.00442096 -0.00482463 0.05226775
v -0.00420630 -0.00501288 0.05226775
v -0.00398364 -0.00519158 0.05226775
v -0.00375340 -0.00536040 0.05226775
v -0.00351601 -0.00551902 0.05226775
v -0.00327192 -0.00566714 0.05226775
v -0.00302161 -0.00580446 0.05226775
v -0.00276555 -0.00593074 0.05226775
v -0.00250422 -0.00604573 0.05226775
v -0.00223813 -0.00614920 0.05226775
v -0.00196777 -0.00624098 0.05226775
v -0.00169367 -0.00632087 0.05226775
v -0.00141635 -0.00638873 0.05226775
v -0.00113633 -0.00644443 0.05226775
v -0.00085414 -0.00648786 0.05226775
v -0.00057033 -0.00651894 0.05226775
v -0.00028544 -0.00653762 0.05226775
v -0.00000000 -0.00654385 0.05226775
v 0.00028544 -0.00653762 0.05226775
v 0.00057033 -0.00651894 0.05226775
v 0.00085414 -0.00648786 0.05226775
v 0.00113633 -0.00644443 0.05226775
v 0.00141635 -0.00638873 0.05226775
v 0.00169367 -0.00632087 0.05226775
v 0.00196777 -0.00624098 0.05226775
v 0.00223813 -0.00614920 0.05226775
v 0.00250422 -0.00604573 0.05226775
v 0.00276555 -0.00593074 0.05226775
v 0.00302161 -0.00580446 0.05226775
v 0.00327192 -0.00566714 0.05226775
v 0.00351601 -0.00551902 0.05226775
v 0.00375340 -0.00536040 0.05226775
v 0.00398364 -0.00519158 0.05226775
v 0.00420630 -0.00501288 0.05226775
v 0.00442096 -0.00482463 0.05226775
v 0.00462720 -0.00462720 0.05226775
v 0.00482463 -0.00442096 0.05226775
v 0.00501288 -0.00420630 0.05226775
v 0.00519158 -0.00398364 0.05226775
v 0.00536040 -0.00375340 0.05226775
v 0.00551902 -0.00351601 0.05226775
v 0.00566714 -0.00327192 0.05226775
v 0.00580446 -0.00302161 0.05226775
v 0.00593074 -0.00276555 0.05226775
v 0.00604573 -0.00250422 0.05226775
v 0.00614920 -0.00223813 0.05226775
v 0.00624098 -0.00196777 0.05226775
v 0.00632087 -0.00169367 0.05226775
v 0.00638873 -0.00141635 0.05226775
v 0.00644443 -0.00113633 0.05226775
v 0.00648786 -0.00085414 0.05226775
v 0.00651894 -0.00057033 0.05226775
v 0.00653762 -0.00028544 0.05226775
v 0.00654385 0.00000000 0.05226775
v 0.00644477 0.00028138 0.05207503
v 0.00642636 0.00056223 0.05207503
v 0.00639572 0.00084201 0.05207503
v 0.00635290 0.00112019 0.05207503
v 0.00629799 0.00139623 0.05207503
v 0.00623110 0.00166962 0.05207503
v 0.00615234 0.00193983 0.05207503
v 0.00606187 0.00220634 0.05207503
v 0.00595986 0.00246866 0.05207503
v 0.00584651 0.00272627 0.05207503
v 0.00572202 0.00297870 0.05207503
v 0.00558665 0.00322545 0.05207503
v 0.00544064 0.00346607 0.05207503
v 0.00528427 0.00370009 0.05207503
v 0.00511785 0.00392706 0.05207503
v 0.00494168 0.00414656 0.05207503
v 0.00475611 0.00435817 0.05207503
v 0.00456148 0.00456148 0.05207503
v 0.00435817 0.00475611 0.05207503
v 0.00414656 0.00494168 0.05207503
v 0.00392706 0.00511785 0.05207503
v 0.00370009 0.00528427 0.05207503
v 0.00346607 0.00544064 0.05207503
v 0.00322545 0.00558665 0.05207503
v 0.00297870 0.00572202 0.05207503
v 0.00272627 0.00584651 0.05207503
v 0.00246866 0.00595986 0.05207503
v 0.00220634 0.00606187 0.05207503
v 0.00193983 0.00615234 0.05207503
v 0.00166962 0.00623110 0.05207503
v 0.00139623 0.00629799 0.05207503
v 0.00112019 0.00635290 0.05207503
v 0.00084201 0.00639572 0.05207503
v 0.00056223 0.00642636 0.05207503
v 0.00028138 0.00644477 0.05207503
v 0.00000000 0.00645091 0.05207503
v -0.00028138 0.00644477 0.05207503
v -0.00056223 0.00642636 0.05207503
v -0.00084201 0.00639572 0.05207503
v -0.00112019 0.00635290 0.05207503
v -0.00139623 0.00629799 0.05207503
v -0.00166962 0.00623110 0.05207503
v -0.00193983 0.00615234 0.05207503
v -0.00220634 0.00606187 0.05207503
v -0.00246866 0.00595986 0.05207503
v -0.00272627 0.00584651 0.05207503
v -0.00297870 0.00572202 0.05207503
v -0.00322545 0.00558665 0.05207503
v -0.00346607 0.00544064 0.05207503
v -0.00370009 0.00528427 0.05207503
v -0.00392706 0.00511785 0.05207503
v -0.00414656 0.00494168 0.05207503
v -0.00435817 0.00475611 0.05207503
v -0.00456148 0.00456148 0.05207503
v -0.00475611 0.00435817 0.05207503
v -0.00494168 0.00414656 0.05207503
v -0.00511785 0.00392706 0.05207503
v -0.00528427 0.00370009 0.05207503
v -0.00544064 0.00346607 0.05207503
v -0.00558665 0.00322545 0.05207503
v -0.00572202 0.00297870 0.05207503
v -0.00584651 0.00272627 0.05207503
v -0.00595986 0.00246866 0.05207503
v -0.00606187 0.00220634 0.05207503
v -0.00615234 0.00193983 0.05207503
v -0.00623110 0.00166962 0.05207503
v -0.00629799 0.00139623 0.05207503
v -0.00635290 0.00112019 0.05207503
v -0.00639572 0.00084201 0.05207503
v -0.00642636 0.00056223 0.05207503
v -0.00644477 0.00028138 0.05207503
v -0.00645091 0.00000000 0.05207503
v -0.00644477 -0.00028138 0.05207503
v -0.00642636 -0.00056223 0.05207503
v -0.00639572 -0.00084201 0.05207503
v -0.00635290 -0.00112019 0.05207503
v -0.00629799 -0.00139623 0.05207503
v -0.00623110 -0.00166962 0.05207503
v -0.00615234 -0.00193983 0.05207503
v -0.00606187 -0.00220634 0.05207503
v -0.00595986 -0.00246866 0.05207503
v -0.00584651 -0.00272627 0.05207503
v -0.00572202 -0.00297870 0.05207503
v -0.00558665 -0.00322545 0.05207503
v -0.00544064 -0.00346607 0.05207503
v -0.00528427 -0.00370009 0.05207503
v -0.00511785 -0.00392706 0.05207503
v -0.00494168 -0.00414656 0.05207503
v -0.00475611 -0.00435817 0.05207503
v -0.00456148 -0.00456148 0.05207503
v -0.00435817 -0.00475611 0.05207503
v -0.00414656 -0.00494168 0.05207503
v -0.00392706 -0.00511785 0.05207503
v -0.00370009 -0.00528427 0.05207503
v -0.00346607 -0.00544064 0.05207503
v -0.00322545 -0.00558665 0.05207503
v -0.00297870 -0.00572202 0.05207503
v -0.00272627 -0.00584651 0.05207503
v -0.00246866 -0.00595986 0.05207503
v -0.00220634 -0.00606187 0.05207503
v -0.00193983 -0.00615234 0.05207503
v -0.00166962 -0.00623110 0.05207503
v -0.00139623 -0.00629799 0.05207503
v -0.00112019 -0.00635290 0.05207503
v -0.00084201 -0.00639572 0.05207503
v -0.00056223 -0.00642636 0.05207503
v -0.00028138 -0.00644477 0.05207503
v -0.00000000 -0.00645091 0.05207503
v 0.00028138 -0.00644477 0.05207503
v 0.00056223 -0.00642636 0.05207503
v 0.00084201 -0.00639572 0.05207503
v 0.00112019 -0.00635290 0.05207503
v 0.00139623 -0.00629799 0.05207503
v 0.00166962 -0.00623110 0.05207503
v 0.00193983 -0.00615234 0.05207503
v 0.00220634 -0.00606187 0.05207503
v 0.00246866 -0.00595986 0.05207503
v 0.00272627 -0.00584651 0.05207503
v 0.00297870 -0.00572202 0.05207503
v 0.00322545 -0.00558665 0.05207503
v 0.00346607 -0.00544064 0.05207503
v 0.00370009 -0.00528427 0.05207503
v 0.00392706 -0.00511785 0.05207503
v 0.00414656 -0.00494168 0.05207503
v 0.00435817 -0.00475611 0.05207503
v 0.00456148 -0.00456148 0.05207503
v 0.00475611 -0.00435817 0.05207503
v 0.00494168 -0.00414656 0.05207503
v 0.00511785 -0.00392706 0.05207503
v 0.00528427 -0.00370009 0.05207503
v 0.00544064 -0.00346607 0.05207503
v 0.00558665 -0.00322545 0.05207503
v 0.00572202 -0.00297870 0.05207503
v 0.00584651 -0.00272627 0.05207503
v 0.00595986 -0.00246866 0.05207503
v 0.00606187 -0.00220634 0.05207503
v 0.00615234 -0.00193983 0.05207503
v 0.00623110 -0.00166962 0.05207503
v 0.00629799 -0.00139623 0.05207503
v 0.00635290 -0.00112019 0.05207503
v 0.00639572 -0.00084201 0.05207503
v 0.00642636 -0.00056223 0.05207503
v 0.00644477 -0.00028138 0.05207503
v 0.00645091 0.00000000 0.05207503
v 0.00636024 0.00027769 0.05187851
v 0.00634207 0.00055486 0.05187851
v 0.00631183 0.00083097 0.05187851
v 0.00626958 0.00110550 0.05187851
v 0.00621539 0.00137792 0.05187851
v 0.00614937 0.00164772 0.05187851
v 0.00607165 0.00191438 0.05187851
v 0.00598236 0.00217740 0.05187851
v 0.00588169 0.00243628 0.05187851
v 0.00576983 0.00269051 0.05187851
v 0.00564698 0.00293963 0.05187851
v 0.00551338 0.00318315 0.05187851
v 0.00536928 0.00342061 0.05187851
v 0.00521497 0.00365156 0.05187851
v 0.00505072 0.00387556 0.05187851
v 0.00487687 0.00409218 0.05187851
v 0.00469373 0.00430101 0.05187851
v 0.00450165 0.00450165 0.05187851
v 0.00430101 0.00469373 0.05187851
v 0.00409218 0.00487687 0.05187851
v 0.00387556 0.00505072 0.05187851
v 0.00365156 0.00521497 0.05187851
v 0.00342061 0.00536928 0.05187851
v 0.00318315 0.00551338 0.05187851
v 0.00293963 0.00564698 0.05187851
v 0.00269051 0.00576983 0.05187851
v 0.00243628 0.00588169 0.05187851
v 0.00217740 0.00598236 0.05187851
v 0.00191438 0.00607165 0.05187851
v 0.00164772 0.00614937 0.05187851
v 0.00137792 0.00621539 0.05187851
v 0.00110550 0.00626958 0.05187851
v 0.00083097 0.00631183 0.05187851
v 0.00055486 0.00634207 0.05187851
v 0.00027769 0.00636024 0.05187851
v 0.00000000 0.00636630 0.05187851
v -0.00027769 0.00636024 0.05187851
v -0.00055486 0.00634207 0.05187851
v -0.00083097 0.00631183 0.05187851
v -0.00110550 0.00626958 0.05187851
v -0.00137792 0.00621539 0.05187851
v -0.00164772 0.00614937 0.05187851
v -0.00191438 0.00607165 0.05187851
v -0.00217740 0.00598236 0.05187851
v -0.00243628 0.00588169 0.05187851
v -0.00269051 0.00576983 0.05187851
v -0.00293963 0.00564698 0.05187851
v -0.00318315 0.00551338 0.05187851
v -0.00342061 0.00536928 0.05187851
v -0.00365156 0.00521497 0.05187851
v -0.00387556 0.00505072 0.05187851
v -0.00409218 0.00487687 0.05187851
v -0.00430101 0.00469373 0.05187851
v -0.00450165 0.00450165 0.05187851
v -0.00469373 0.00430101 0.05187851
v -0.00487687 0.00409218 0.05187851
v -0.00505072 0.00387556 0.05187851
v -0.00521497 0.00365156 0.05187851
v -0.00536928 0.00342061 0.05187851
v -0.00551338 0.00318315 0.05187851
v -0.00564698 0.00293963 0.05187851
v -0.00576983 0.00269051 0.05187851
v -0.00588169 0.00243628 0.05187851
v -0.00598236 0.00217740 0.05187851
v -0.00607165 0.00191438 0.05187851
v -0.00614937 0.00164772 0.05187851
v -0.00621539 0.00137792 0.05187851
v -0.00626958 0.00110550 0.05187851
v -0.00631183 0.00083097 0.05187851
v -0.00634207 0.00055486 0.05187851
v -0.00636024 0.00027769 0.05187851
v -0.00636630 0.00000000 0.05187851
v -0.00636024 -0.00027769 0.05187851
v -0.00634207 -0.00055486 0.05187851
v -0.00631183 -0.00083097 0.05187851
v -0.00626958 -0.00110550 0.05187851
v -0.00621539 -0.00137792 0.05187851
v -0.00614937 -0.00164772 0.05187851
v -0.00607165 -0.00191438 0.05187851
v -0.00598236 -0.00217740 0.05187851
v -0.00588169 -0.00243628 0.05187851
v -0.00576983 -0.00269051 0.05187851
v -0.00564698 -0.00293963 0.05187851
v -0.00551338 -0.00318315 0.05187851
v -0.00536928 -0.00342061 0.05187851
v -0.00521497 -0.00365156 0.05187851
v -0.00505072 -0.00387556 0.05187851
v -0.00487687 -0.00409218 0.05187851
v -0.00469373 -0.00430101 0.05187851
v -0.00450165 -0.00450165 0.05187851
v -0.00430101 -0.00469373 0.05187851
v -0.00409218 -0.00487687 0.05187851
v -0.00387556 -0.00505072 0.05187851
v -0.00365156 -0.00521497 0.05187851
v -0.00342061 -0.00536928 0.05187851
v -0.00318315 -0.00551338 0.05187851
v -0.00293963 -0.00564698 0.05187851
v -0.00269051 -0.00576983 0.05187851
v -0.00243628 -0.00588169 0.05187851
v -0.00217740 -0.00598236 0.05187851
v -0.00191438 -0.00607165 0.05187851
v -0.00164772 -0.00614937 0.05187851
v -0.00137792 -0.00621539 0.05187851
v -0.00110550 -0.00626958 0.05187851
v -0.00083097 -0.00631183 0.05187851
v -0.00055486 -0.00634207 0.05187851
v -0.00027769 -0.00636024 0.05187851
v -0.00000000 -0.00636630 0.05187851
v 0.00027769 -0.00636024 0.05187851
v 0.00055486 -0.00634207 0.05187851
v 0.00083097 -0.00631183 0.05187851
v 0.00110550 -0.00626958 0.05187851
v 0.00137792 -0.00621539 0.05187851
v 0.00164772 -0.00614937 0.05187851
v 0.00191438 -0.00607165 0.05187851
v 0.00217740 -0.00598236 0.05187851
v 0.00243628 -0.00588169 0.05187851
v 0.00269051 -0.00576983 0.05187851
v 0.00293963 -0.00564698 0.05187851
v 0.00318315 -0.00551338 0.05187851
v 0.00342061 -0.00536928 0.05187851
v 0.00365156 -0.00521497 0.05187851
v 0.00387556 -0.00505072 0.05187851
v 0.00409218 -0.00487687 0.05187851
v 0.00430101 -0.00469373 0.05187851
v 0.00450165 -0.00450165 0.05187851
v 0.00469373 -0.00430101 0.05187851
v 0.00487687 -0.00409218 0.05187851
v 0.00505072 -0.00387556 0.05187851
v 0.00521497 -0.00365156 0.05187851
v 0.00536928 -0.00342061 0.05187851
v 0.00551338 -0.00318315 0.05187851
v 0.00564698 -0.00293963 0.05187851
v 0.00576983 -0.00269051 0.05187851
v 0.00588169 -0.00243628 0.05187851
v 0.00598236 -0.00217740 0.05187851
v 0.00607165 -0.00191438 0.05187851
v 0.00614937 -0.00164772 0.05187851
v 0.00621539 -0.00137792 0.05187851
v 0.00626958 -0.00110550 0.05187851
v 0.00631183 -0.00083097 0.05187851
v 0.00634207 -0.00055486 0.05187851
v 0.00636024 -0.00027769 0.05187851
v 0.00636630 0.00000000 0.05187851
v 0.00628419 0.00027437 0.05167855
v 0.00626624 0.00054822 0.05167855
v 0.00623636 0.00082103 0.05167855
v 0.00619461 0.00109228 0.05167855
v 0.00614107 0.00136144 0.05167855
v 0.00607584 0.00162802 0.05167855
v 0.00599905 0.00189149 0.05167855
v 0.00591083 0.00215137 0.05167855
v 0.00581136 0.00240715 0.05167855
v 0.00570083 0.00265834 0.05167855
v 0.00557945 0.00290448 0.05167855
v 0.00544745 0.00314509 0.05167855
v 0.00530508 0.00337971 0.05167855
v 0.00515261 0.00360790 0.05167855
v 0.00499033 0.00382922 0.05167855
v 0.00481855 0.00404325 0.05167855
v 0.00463760 0.00424958 0.05167855
v 0.00444782 0.00444782 0.05167855
v 0.00424958 0.00463760 0.05167855
v 0.00404325 0.00481855 0.05167855
v 0.00382922 0.00499033 0.05167855
v 0.00360790 0.00515261 0.05167855
v 0.00337971 0.00530508 0.05167855
v 0.00314509 0.00544745 0.05167855
v 0.00290448 0.00557945 0.05167855
v 0.00265834 0.00570083 0.05167855
v 0.00240715 0.00581136 0.05167855
v 0.00215137 0.00591083 0.05167855
v 0.00189149 0.00599905 0.05167855
v 0.00162802 0.00607584 0.05167855
v 0.00136144 0.00614107 0.05167855
v 0.00109228 0.00619461 0.05167855
v 0.00082103 0.00623636 0.05167855
v 0.00054822 0.00626624 0.05167855
v 0.00027437 0.00628419 0.05167855
v 0.00000000 0.00629017 0.05167855
v -0.00027437 0.00628419 0.05167855
v -0.00054822 0.00626624 0.05167855
v -0.00082103 0.00623636 0.05167855
v -0.00109228 0.00619461 0.05167855
v -0.00136144 0.00614107 0.05167855
v -0.00162802 0.00607584 0.05167855
v -0.00189149 0.00599905 0.05167855
v -0.00215137 0.00591083 0.05167855
v -0.00240715 0.00581136 0.05167855
v -0.00265834 0.00570083 0.05167855
v -0.00290448 0.00557945 0.05167855
v -0.00314509 0.00544745 0.05167855
v -0.00337971 0.00530508 0.05167855
v -0.00360790 0.00515261 0.05167855
v -0.00382922 0.00499033 0.05167855
v -0.00404325 0.00481855 0.05167855
v -0.00424958 0.00463760 0.05167855
v -0.00444782 0.00444782 0.05167855
v -0.00463760 0.00424958 0.05167855
v -0.00481855 0.00404325 0.05167855
v -0.00499033 0.00382922 0.05167855
v -0.00515261 0.00360790 0.05167855
v -0.00530508 0.00337971 0.05167855
v -0.00544745 0.00314509 0.05167855
v -0.00557945 0.00290448 0.05167855
v -0.00570083 0.00265834 0.05167855
v -0.00581136 0.00240715 0.05167855
v -0.00591083 0.00215137 0.05167855
v -0.00599905 0.00189149 0.05167855
v -0.00607584 0.00162802 0.05167855
v -0.00614107 0.00136144 0.05167855
v -0.00619461 0.00109228 0.05167855
v -0.00623636 0.00082103 0.05167855
v -0.00626624 0.00054822 0.05167855
v -0.00628419 0.00027437 0.05167855
v -0.00629017 0.00000000 0.05167855
v -0.00628419 -0.00027437 0.05167855
v -0.00626624 -0.00054822 0.05167855
v -0.00623636 -0.00082103 0.05167855
v -0.00619461 -0.00109228 0.05167855
v -0.00614107 -0.00136144 0.05167855
v -0.00607584 -0.00162802 0.05167855
v -0.00599905 -0.00189149 0.05167855
v -0.00591083 -0.00215137 0.05167855
v -0.00581136 -0.00240715 0.05167855
v -0.00570083 -0.00265834 0.05167855
v -0.00557945 -0.00290448 0.05167855
v -0.00544745 -0.00314509 0.05167855
v -0.00530508 -0.00337971 0.05167855
v -0.00515261 -0.00360790 0.05167855
v -0.00499033 -0.00382922 0.05167855
v -0.00481855 -0.00404325 0.05167855
v -0.00463760 -0.00424958 0.05167855
v -0.00444782 -0.00444782 0.05167855
v -0.00424958 -0.00463760 0.05167855
v -0.00404325 -0.00481855 0.05167855
v -0.00382922 -0.00499033 0.05167855
v -0.00360790 -0.00515261 0.05167855
v -0.00337971 -0.00530508 0.05167855
v -0.00314509 -0.00544745 0.05167855
v -0.00290448 -0.00557945 0.05167855
v -0.00265834 -0.00570083 0.05167855
v -0.00240715 -0.00581136 0.05167855
v -0.00215137 -0.00591083 0.05167855
v -0.00189149 -0.00599905 0.05167855
v -0.00162802 -0.00607584 0.05167855
v -0.00136144 -0.00614107 0.05167855
v -0.00109228 -0.00619461 0.05167855
v -0.00082103 -0.00623636 0.05167855
v -0.00054822 -0.00626624 0.05167855
v -0.00027437 -0.00628419 0.05167855
v -0.00000000 -0.00629017 0.05167855
v 0.00027437 -0.00628419 0.05167855
v 0.00054822 -0.00626624 0.05167855
v 0.00082103 -0.00623636 0.05167855
v 0.00109228 -0.00619461 0.05167855
v 0.00136144 -0.00614107 0.05167855
v 0.00162802 -0.00607584 0.05167855
v 0.00189149 -0.00599905 0.05167855
v 0.00215137 -0.00591083 0.05167855
v 0.00240715 -0.00581136 0.05167855
v 0.00265834 -0.00570083 0.05167855
v 0.00290448 -0.00557945 0.05167855
v 0.00314509 -0.00544745 0.05167855
v 0.00337971 -0.00530508 0.05167855
v 0.00360790 -0.00515261 0.05167855
v 0.00382922 -0.00499033 0.05167855
v 0.00404325 -0.00481855 0.05167855
v 0.00424958 -0.00463760 0.05167855
v 0.00444782 -0.00444782 0.05167855
v 0.00463760 -0.00424958 0.05167855
v 0.00481855 -0.00404325 0.05167855
v 0.00499033 -0.00382922 0.05167855
v 0.00515261 -0.00360790 0.05167855
v 0.00530508 -0.00337971 0.05167855
v 0.00544745 -0.00314509 0.05167855
v 0.00557945 -0.00290448 0.05167855
v 0.00570083 -0.00265834 0.05167855
v 0.00581136 -0.00240715 0.05167855
v 0.00591083 -0.00215137 0.05167855
v 0.00599905 -0.00189149 0.05167855
v 0.00607584 -0.00162802 0.05167855
v 0.00614107 -0.00136144 0.05167855
v 0.00619461 -0.00109228 0.05167855
v 0.00623636 -0.00082103 0.05167855
v 0.00626624 -0.00054822 0.05167855
v 0.00628419 -0.00027437 0.05167855
v 0.00629017 0.00000000 0.05167855
v 0.00621675 0.00027143 0.05147552
v 0.00619900 0.00054234 0.05147552
v 0.00616944 0.00081222 0.05147552
v 0.00612814 0.00108056 0.05147552
v 0.00607517 0.00134683 0.05147552
v 0.00601064 0.00161055 0.05147552
v 0.00593467 0.00187119 0.05147552
v 0.00584740 0.00212828 0.05147552
v 0.00574900 0.00238131 0.05147552
v 0.00563966 0.00262982 0.05147552
v 0.00551958 0.00287331 0.05147552
v 0.00538899 0.00311134 0.05147552
v 0.00524815 0.00334344 0.05147552
v 0.00509732 0.00356918 0.05147552
v 0.00493678 0.00378812 0.05147552
v 0.00476685 0.00399986 0.05147552
v 0.00458784 0.00420398 0.05147552
v 0.00440010 0.00440010 0.05147552
v 0.00420398 0.00458784 0.05147552
v 0.00399986 0.00476685 0.05147552
v 0.00378812 0.00493678 0.05147552
v 0.00356918 0.00509732 0.05147552
v 0.00334344 0.00524815 0.05147552
v 0.00311134 0.00538899 0.05147552
v 0.00287331 0.00551958 0.05147552
v 0.00262982 0.00563966 0.05147552
v 0.00238131 0.00574900 0.05147552
v 0.00212828 0.00584740 0.05147552
v 0.00187119 0.00593467 0.05147552
v 0.00161055 0.00601064 0.05147552
v 0.00134683 0.00607517 0.05147552
v 0.00108056 0.00612814 0.05147552
v 0.00081222 0.00616944 0.05147552
v 0.00054234 0.00619900 0.05147552
v 0.00027143 0.00621675 0.05147552
v 0.00000000 0.00622267 0.05147552
v -0.00027143 0.00621675 0.05147552
v -0.00054234 0.00619900 0.05147552
v -0.00081222 0.00616944 0.05147552
v -0.00108056 0.00612814 0.05147552
v -0.00134683 0.00607517 0.05147552
v -0.00161055 0.00601064 0.05147552
v -0.00187119 0.00593467 0.05147552
v -0.00212828 0.00584740 0.05147552
v -0.00238131 0.00574900 0.05147552
v -0.00262982 0.00563966 0.05147552
v -0.00287331 0.00551958 0.05147552
v -0.00311134 0.00538899 0.05147552
v -0.00334344 0.00524815 0.05147552
v -0.00356918 0.00509732 0.05147552
v -0.00378812 0.00493678 0.05147552
v -0.00399986 0.00476685 0.05147552
v -0.00420398 0.00458784 0.05147552
v -0.00440010 0.00440010 0.05147552
v -0.00458784 0.00420398 0.05147552
v -0.00476685 0.00399986 0.05147552
v -0.00493678 0.00378812 0.05147552
v -0.00509732 0.00356918 0.05147552
v -0.00524815 0.00334344 0.05147552
v -0.00538899 0.00311134 0.05147552
v -0.00551958 0.00287331 0.05147552
v -0.00563966 0.00262982 0.05147552
v -0.00574900 0.00238131 0.05147552
v -0.00584740 0.00212828 0.05147552
v -0.00593467 0.00187119 0.05147552
v -0.00601064 0.00161055 0.05147552
v -0.00607517 0.00134683 0.05147552
v -0.00612814 0.00108056 0.05147552
v -0.00616944 0.00081222 0.05147552
v -0.00619900 0.00054234 0.05147552
v -0.00621675 0.00027143 0.05147552
v -0.00622267 0.00000000 0.05147552
v -0.00621675 -0.00027143 0.05147552
v -0.00619900 -0.00054234 0.05147552
v -0.00616944 -0.00081222 0.05147552
v -0.00612814 -0.00108056 0.05147552
v -0.00607517 -0.00134683 0.05147552
v -0.00601064 -0.00161055 0.05147552
v -0.00593467 -0.00187119 0.05147552
v -0.00584740 -0.00212828 0.05147552
v -0.00574900 -0.00238131 0.05147552
v -0.00563966 -0.00262982 0.05147552
v -0.00551958 -0.00287331 0.05147552
v -0.00538899 -0.00311134 0.05147552
v -0.00524815 -0.00334344 0.05147552
v -0.00509732 -0.00356918 0.05147552
v -0.00493678 -0.00378812 0.05147552
v -0.00476685 -0.00399986 0.05147552
v -0.00458784 -0.00420398 0.05147552
v -0.00440010 -0.00440010 0.05147552
v -0.00420398 -0.00458784 0.05147552
v -0.00399986 -0.00476685 0.05147552
v -0.00378812 -0.00493678 0.05147552
v -0.00356918 -0.00509732 0.05147552
v -0.00334344 -0.00524815 0.05147552
v -0.00311134 -0.00538899 0.05147552
v -0.00287331 -0.00551958 0.05147552
v -0.00262982 -0.00563966 0.05147552
v -0.00238131 -0.00574900 0.05147552
v -0.00212828 -0.00584740 0.05147552
v -0.00187119 -0.00593467 0.05147552
v -0.00161055 -0.00601064 0.05147552
v -0.00134683 -0.00607517 0.05147552
v -0.00108056 -0.00612814 0.05147552
v -0.00081222 -0.00616944 0.05147552
v -0.00054234 -0.00619900 0.05147552
v -0.00027143 -0.00621675 0.05147552
v -0.00000000 -0.00622267 0.05147552
v 0.00027143 -0.00621675 0.05147552
v 0.00054234 -0.00619900 0.05147552
v 0.00081222 -0.00616944 0.05147552
v 0.00108056 -0.00612814 0.05147552
v 0.00134683 -0.00607517 0.05147552
v 0.00161055 -0.00601064 0.05147552
v 0.00187119 -0.00593467 0.05147552
v 0.00212828 -0.00584740 0.05147552
v 0.00238131 -0.00574900 0.05147552
v 0.00262982 -0.00563966 0.05147552
v 0.00287331 -0.00551958 0.05147552
v 0.00311134 -0.00538899 0.05147552
v 0.00334344 -0.00524815 0.05147552
v 0.00356918 -0.00509732 0.05147552
v 0.00378812 -0.00493678 0.05147552
v 0.00399986 -0.00476685 0.05147552
v 0.00420398 -0.00458784 0.05147552
v 0.00440010 -0.00440010 0.05147552
v 0.00458784 -0.00420398 0.05147552
v 0.00476685 -0.00399986 0.05147552
v 0.00493678 -0.00378812 0.05147552
v 0.00509732 -0.00356918 0.05147552
v 0.00524815 -0.00334344 0.05147552
v 0.00538899 -0.00311134 0.05147552
v 0.00551958 -0.00287331 0.05147552
v 0.00563966 -0.00262982 0.05147552
v 0.00574900 -0.00238131 0.05147552
v 0.00584740 -0.00212828 0.05147552
v 0.00593467 -0.00187119 0.05147552
v 0.00601064 -0.00161055 0.05147552
v 0.00607517 -0.00134683 0.05147552
v 0.00612814 -0.00108056 0.05147552
v 0.00616944 -0.00081222 0.05147552
v 0.00619900 -0.00054234 0.05147552
v 0.00621675 -0.00027143 0.05147552
v 0.00622267 0.00000000 0.05147552
v 0.00615806 0.00026887 0.05126979
v 0.00614047 0.00053722 0.05126979
v 0.00611119 0.00080455 0.05126979
v 0.00607028 0.00107035 0.05126979
v 0.00601781 0.00133412 0.05126979
v 0.00595389 0.00159534 0.05126979
v 0.00587864 0.00185353 0.05126979
v 0.00579219 0.00210819 0.05126979
v 0.00569472 0.00235883 0.05126979
v 0.00558641 0.00260499 0.05126979
v 0.00546747 0.00284618 0.05126979
v 0.00533811 0.00308196 0.05126979
v 0.00519860 0.00331187 0.05126979
v 0.00504919 0.00353548 0.05126979
v 0.00489017 0.00375236 0.05126979
v 0.00472184 0.00396209 0.05126979
v 0.00454452 0.00416429 0.05126979
v 0.00435855 0.00435855 0.05126979
v 0.00416429 0.00454452 0.05126979
v 0.00396209 0.00472184 0.05126979
v 0.00375236 0.00489017 0.05126979
v 0.00353548 0.00504919 0.05126979
v 0.00331187 0.00519860 0.05126979
v 0.00308196 0.00533811 0.05126979
v 0.00284618 0.00546747 0.05126979
v 0.00260499 0.00558641 0.05126979
v 0.00235883 0.00569472 0.05126979
v 0.00210819 0.00579219 0.05126979
v 0.00185353 0.00587864 0.05126979
v 0.00159534 0.00595389 0.05126979
v 0.00133412 0.00601781 0.05126979
v 0.00107035 0.00607028 0.05126979
v 0.00080455 0.00611119 0.05126979
v 0.00053722 0.00614047 0.05126979
v 0.00026887 0.00615806 0.05126979
v 0.00000000 0.00616392 0.05126979
v -0.00026887 0.00615806 0.05126979
v -0.00053722 0.00614047 0.05126979
v -0.00080455 0.00611119 0.05126979
v -0.00107035 0.00607028 0.05126979
v -0.00133412 0.00601781 0.05126979
v -0.00159534 0.00595389 0.05126979
v -0.00185353 0.00587864 0.05126979
v -0.00210819 0.00579219 0.05126979
v -0.00235883 0.00569472 0.05126979
v -0.00260499 0.00558641 0.05126979
v -0.00284618 0.00546747 0.05126979
v -0.00308196 0.00533811 0.05126979
v -0.00331187 0.00519860 0.05126979
v -0.00353548 0.00504919 0.05126979
v -0.00375236 0.00489017 0.05126979
v -0.00396209 0.00472184 0.05126979
v -0.00416429 0.00454452 0.05126979
v -0.00435855 0.00435855 0.05126979
v -0.00454452 0.00416429 0.05126979
v -0.00472184 0.00396209 0.05126979
v -0.00489017 0.00375236 0.05126979
v -0.00504919 0.00353548 0.05126979
v -0.00519860 0.00331187 0.05126979
v -0.00533811 0.00308196 0.05126979
v -0.00546747 0.00284618 0.05126979
v -0.00558641 0.00260499 0.05126979
v -0.00569472 0.00235883 0.05126979
v -0.00579219 0.00210819 0.05126979
v -0.00587864 0.00185353 0.05126979
v -0.00595389 0.00159534 0.05126979
v -0.00601781 0.00133412 0.05126979
v -0.00607028 0.00107035 0.05126979
v -0.00611119 0.00080455 0.05126979
v -0.00614047 0.00053722 0.05126979
v -0.00615806 0.00026887 0.05126979
v -0.00616392 0.00000000 0.05126979
v -0.00615806 -0.00026887 0.05126979
v -0.00614047 -0.00053722 0.05126979
v -0.00611119 -0.00080455 0.05126979
v -0.00607028 -0.00107035 0.05126979
v -0.00601781 -0.00133412 0.05126979
v -0.00595389 -0.00159534 0.05126979
v -0.00587864 -0.00185353 0.05126979
v -0.00579219 -0.00210819 0.05126979
v -0.00569472 -0.00235883 0.05126979
v -0.00558641 -0.00260499 0.05126979
v -0.00546747 -0.00284618 0.05126979
v -0.00533811 -0.00308196 0.05126979
v -0.00519860 -0.00331187 0.05126979
v -0.00504919 -0.00353548 0.05126979
v -0.00489017 -0.00375236 0.05126979
v -0.00472184 -0.00396209 0.05126979
v -0.00454452 -0.00416429 0.05126979
v -0.00435855 -0.00435855 0.05126979
v -0.00416429 -0.00454452 0.05126979
v -0.00396209 -0.00472184 0.05126979
v -0.00375236 -0.00489017 0.05126979
v -0.00353548 -0.00504919 0.05126979
v -0.00331187 -0.00519860 0.05126979
v -0.00308196 -0.00533811 0.05126979
v -0.00284618 -0.00546747 0.05126979
v -0.00260499 -0.00558641 0.05126979
v -0.00235883 -0.00569472 0.05126979
v -0.00210819 -0.00579219 0.05126979
v -0.00185353 -0.00587864 0.05126979
v -0.00159534 -0.00595389 0.05126979
v -0.00133412 -0.00601781 0.05126979
v -0.00107035 -0.00607028 0.05126979
v -0.00080455 -0.00611119 0.05126979
v -0.00053722 -0.00614047 0.05126979
v -0.00026887 -0.00615806 0.05126979
v -0.00000000 -0.00616392 0.05126979
v 0.00026887 -0.00615806 0.05126979
v 0.00053722 -0.00614047 0.05126979
v 0.00080455 -0.00611119 0.05126979
v 0.00107035 -0.00607028 0.05126979
v 0.00133412 -0.00601781 0.05126979
v 0.00159534 -0.00595389 0.05126979
v 0.00185353 -0.00587864 0.05126979
v 0.00210819 -0.00579219 0.05126979
v 0.00235883 -0.00569472 0.05126979
v 0.00260499 -0.00558641 0.05126979
v 0.00284618 -0.00546747 0.05126979
v 0.00308196 -0.00533811 0.05126979
v 0.00331187 -0.00519860 0.05126979
v 0.00353548 -0.00504919 0.05126979
v 0.00375236 -0.00489017 0.05126979
v 0.00396209 -0.00472184 0.05126979
v 0.00416429 -0.00454452 0.05126979
v 0.00435855 -0.00435855 0.05126979
v 0.00454452 -0.00416429 0.05126979
v 0.00472184 -0.00396209 0.05126979
v 0.00489017 -0.00375236 0.05126979
v 0.00504919 -0.00353548 0.05126979
v 0.00519860 -0.00331187 0.05126979
v 0.00533811 -0.00308196 0.05126979
v 0.00546747 -0.00284618 0.05126979
v 0.00558641 -0.00260499 0.05126979
v 0.00569472 -0.00235883 0.05126979
v 0.00579219 -0.00210819 0.05126979
v 0.00587864 -0.00185353 0.05126979
v 0.00595389 -0.00159534 0.05126979
v 0.00601781 -0.00133412 0.05126979
v 0.00607028 -0.00107035 0.05126979
v 0.00611119 -0.00080455 0.05126979
v 0.00614047 -0.00053722 0.05126979
v 0.00615806 -0.00026887 0.05126979
v 0.00616392 0.00000000 0.05126979
v 0.00610821 0.00026669 0.05106173
v 0.00609076 0.00053287 0.05106173
v 0.00606172 0.00079804 0.05106173
v 0.00602114 0.00106169 0.05106173
v 0.00596910 0.00132332 0.05106173
v 0.00590570 0.00158243 0.05106173
v 0.00583105 0.00183852 0.05106173
v 0.00574531 0.00209112 0.05106173
v 0.00564862 0.00233974 0.05106173
v 0.00554119 0.00258390 0.05106173
v 0.00542321 0.00282314 0.05106173
v 0.00529490 0.00305701 0.05106173
v 0.00515652 0.00328506 0.05106173
v 0.00500832 0.00350686 0.05106173
v 0.00485058 0.00372198 0.05106173
v 0.00468362 0.00393002 0.05106173
v 0.00450773 0.00413058 0.05106173
v 0.00432327 0.00432327 0.05106173
v 0.00413058 0.00450773 0.05106173
v 0.00393002 0.00468362 0.05106173
v 0.00372198 0.00485058 0.05106173
v 0.00350686 0.00500832 0.05106173
v 0.00328506 0.00515652 0.05106173
v 0.00305701 0.00529490 0.05106173
v 0.00282314 0.00542321 0.05106173
v 0.00258390 0.00554119 0.05106173
v 0.00233974 0.00564862 0.05106173
v 0.00209112 0.00574531 0.05106173
v 0.00183852 0.00583105 0.05106173
v 0.00158243 0.00590570 0.05106173
v 0.00132332 0.00596910 0.05106173
v 0.00106169 0.00602114 0.05106173
v 0.00079804 0.00606172 0.05106173
v 0.00053287 0.00609076 0.05106173
v 0.00026669 0.00610821 0.05106173
v 0.00000000 0.00611403 0.05106173
v -0.00026669 0.00610821 0.05106173
v -0.00053287 0.00609076 0.05106173
v -0.00079804 0.00606172 0.05106173
v -0.00106169 0.00602114 0.05106173
v -0.00132332 0.00596910 0.05106173
v -0.00158243 0.00590570 0.05106173
v -0.00183852 0.00583105 0.05106173
v -0.00209112 0.00574531 0.05106173
v -0.00233974 0.00564862 0.05106173
v -0.00258390 0.00554119 0.05106173
v -0.00282314 0.00542321 0.05106173
v -0.00305701 0.00529490 0.05106173
v -0.00328506 0.00515652 0.05106173
v -0.00350686 0.00500832 0.05106173
v -0.00372198 0.00485058 0.05106173
v -0.00393002 0.00468362 0.05106173
v -0.00413058 0.00450773 0.05106173
v -0.00432327 0.00432327 0.05106173
v -0.00450773 0.00413058 0.05106173
v -0.00468362 0.00393002 0.05106173
v -0.00485058 0.00372198 0.05106173
v -0.00500832 0.00350686 0.05106173
v -0.00515652 0.00328506 0.05106173
v -0.00529490 0.00305701 0.05106173
v -0.00542321 0.00282314 0.05106173
v -0.00554119 0.00258390 0.05106173
v -0.00564862 0.00233974 0.05106173
v -0.00574531 0.00209112 0.05106173
v -0.00583105 0.00183852 0.05106173
v -0.00590570 0.00158243 0.05106173
v -0.00596910 0.00132332 0.05106173
v -0.00602114 0.00106169 0.05106173
v -0.00606172 0.00079804 0.05106173
v -0.00609076 0.00053287 0.05106173
v -0.00610821 0.00026669 0.05106173
v -0.00611403 0.00000000 0.05106173
v -0.00610821 -0.00026669 0.05106173
v -0.00609076 -0.00053287 0.05106173
v -0.00606172 -0.00079804 0.05106173
v -0.00602114 -0.00106169 0.05106173
v -0.00596910 -0.00132332 0.05106173
v -0.00590570 -0.00158243 0.05106173
v -0.00583105 -0.00183852 0.05106173
v -0.00574531 -0.00209112 0.05106173
v -0.00564862 -0.00233974 0.05106173
v -0.00554119 -0.00258390 0.05106173
v -0.00542321 -0.00282314 0.05106173
v -0.00529490 -0.00305701 0.05106173
v -0.00515652 -0.00328506 0.05106173
v -0.00500832 -0.00350686 0.05106173
v -0.00485058 -0.00372198 0.05106173
v -0.00468362 -0.00393002 0.05106173
v -0.00450773 -0.00413058 0.05106173
v -0.00432327 -0.00432327 0.05106173
v -0.00413058 -0.00450773 0.05106173
v -0.00393002 -0.00468362 0.05106173
v -0.00372198 -0.00485058 0.05106173
v -0.00350686 -0.00500832 0.05106173
v -0.00328506 -0.00515652 0.05106173
v -0.00305701 -0.00529490 0.05106173
v -0.00282314 -0.00542321 0.05106173
v -0.00258390 -0.00554119 0.05106173
v -0.00233974 -0.00564862 0.05106173
v -0.00209112 -0.00574531 0.05106173
v -0.00183852 -0.00583105 0.05106173
v -0.00158243 -0.00590570 0.05106173
v -0.00132332 -0.00596910 0.05106173
v -0.00106169 -0.00602114 0.05106173
v -0.00079804 -0.00606172 0.05106173
v -0.00053287 -0.00609076 0.05106173
v -0.00026669 -0.00610821 0.05106173
v -0.00000000 -0.00611403 0.05106173
v 0.00026669 -0.00610821 0.05106173
v 0.00053287 -0.00609076 0.05106173
v 0.00079804 -0.00606172 0.05106173
v 0.00106169 -0.00602114 0.05106173
v 0.00132332 -0.00596910 0.05106173
v 0.00158243 -0.00590570 0.05106173
v 0.00183852 -0.00583105 0.05106173
v 0.00209112 -0.00574531 0.05106173
v 0.00233974 -0.00564862 0.05106173
v 0.00258390 -0.00554119 0.05106173
v 0.00282314 -0.00542321 0.05106173
v 0.00305701 -0.00529490 0.05106173
v 0.00328506 -0.00515652 0.05106173
v 0.00350686 -0.00500832 0.05106173
v 0.00372198 -0.00485058 0.05106173
v 0.00393002 -0.00468362 0.05106173
v 0.00413058 -0.00450773 0.05106173
v 0.00432327 -0.00432327 0.05106173
v 0.00450773 -0.00413058 0.05106173
v 0.00468362 -0.00393002 0.05106173
v 0.00485058 -0.00372198 0.05106173
v 0.00500832 -0.00350686 0.05106173
v 0.00515652 -0.00328506 0.05106173
v 0.00529490 -0.00305701 0.05106173
v 0.00542321 -0.00282314 0.05106173
v 0.00554119 -0.00258390 0.05106173
v 0.00564862 -0.00233974 0.05106173
v 0.00574531 -0.00209112 0.05106173
v 0.00583105 -0.00183852 0.05106173
v 0.00590570 -0.00158243 0.05106173
v 0.00596910 -0.00132332 0.05106173
v 0.00602114 -0.00106169 0.05106173
v 0.00606172 -0.00079804 0.05106173
v 0.00609076 -0.00053287 0.05106173
v 0.00610821 -0.00026669 0.05106173
v 0.00611403 0.00000000 0.05106173
v 0.00606730 0.00026490 0.05085173
v 0.00604997 0.00052930 0.05085173
v 0.00602112 0.00079270 0.05085173
v 0.00598081 0.00105458 0.05085173
v 0.00592912 0.00131445 0.05085173
v 0.00586614 0.00157183 0.05085173
v 0.00579200 0.00182621 0.05085173
v 0.00570683 0.00207711 0.05085173
v 0.00561079 0.00232407 0.05085173
v 0.00550408 0.00256659 0.05085173
v 0.00538689 0.00280424 0.05085173
v 0.00525944 0.00303654 0.05085173
v 0.00512198 0.00326306 0.05085173
v 0.00497477 0.00348337 0.05085173
v 0.00481810 0.00369706 0.05085173
v 0.00465225 0.00390370 0.05085173
v 0.00447754 0.00410291 0.05085173
v 0.00429431 0.00429431 0.05085173
v 0.00410291 0.00447754 0.05085173
v 0.00390370 0.00465225 0.05085173
v 0.00369706 0.00481810 0.05085173
v 0.00348337 0.00497477 0.05085173
v 0.00326306 0.00512198 0.05085173
v 0.00303654 0.00525944 0.05085173
v 0.00280424 0.00538689 0.05085173
v 0.00256659 0.00550408 0.05085173
v 0.00232407 0.00561079 0.05085173
v 0.00207711 0.00570683 0.05085173
v 0.00182621 0.00579200 0.05085173
v 0.00157183 0.00586614 0.05085173
v 0.00131445 0.00592912 0.05085173
v 0.00105458 0.00598081 0.05085173
v 0.00079270 0.00602112 0.05085173
v 0.00052930 0.00604997 0.05085173
v 0.00026490 0.00606730 0.05085173
v 0.00000000 0.00607308 0.05085173
v -0.00026490 0.00606730 0.05085173
v -0.00052930 0.00604997 0.05085173
v -0.00079270 0.00602112 0.05085173
v -0.00105458 0.00598081 0.05085173
v -0.00131445 0.00592912 0.05085173
v -0.00157183 0.00586614 0.05085173
v -0.00182621 0.00579200 0.05085173
v -0.00207711 0.00570683 0.05085173
v -0.00232407 0.00561079 0.05085173
v -0.00256659 0.00550408 0.05085173
v -0.00280424 0.00538689 0.05085173
v -0.00303654 0.00525944 0.05085173
v -0.00326306 0.00512198 0.05085173
v -0.00348337 0.00497477 0.05085173
v -0.00369706 0.00481810 0.05085173
v -0.00390370 0.00465225 0.05085173
v -0.00410291 0.00447754 0.05085173
v -0.00429431 0.00429431 0.05085173
v -0.00447754 0.00410291 0.05085173
v -0.00465225 0.00390370 0.05085173
v -0.00481810 0.00369706 0.05085173
v -0.00497477 0.00348337 0.05085173
v -0.00512198 0.00326306 0.05085173
v -0.00525944 0.00303654 0.05085173
v -0.00538689 0.00280424 0.05085173
v -0.00550408 0.00256659 0.05085173
v -0.00561079 0.00232407 0.05085173
v -0.00570683 0.00207711 0.05085173
v -0.00579200 0.00182621 0.05085173
v -0.00586614 0.00157183 0.05085173
v -0.00592912 0.00131445 0.05085173
v -0.00598081 0.00105458 0.05085173
v -0.00602112 0.00079270 0.05085173
v -0.00604997 0.00052930 0.05085173
v -0.00606730 0.00026490 0.05085173
v -0.00607308 0.00000000 0.05085173
v -0.00606730 -0.00026490 0.05085173
v -0.00604997 -0.00052930 0.05085173
v -0.00602112 -0.00079270 0.05085173
v -0.00598081 -0.00105458 0.05085173
v -0.00592912 -0.00131445 0.05085173
v -0.00586614 -0.00157183 0.05085173
v -0.00579200 -0.00182621 0.05085173
v -0.00570683 -0.00207711 0.05085173
v -0.00561079 -0.00232407 0.05085173
v -0.00550408 -0.00256659 0.05085173
v -0.00538689 -0.00280424 0.05085173
v -0.00525944 -0.00303654 0.05085173
v -0.00512198 -0.00326306 0.05085173
v -0.00497477 -0.00348337 0.05085173
v -0.00481810 -0.00369706 0.05085173
v -0.00465225 -0.00390370 0.05085173
v -0.00447754 -0.00410291 0.05085173
v -0.00429431 -0.00429431 0.05085173
v -0.00410291 -0.00447754 0.05085173
v -0.00390370 -0.00465225 0.05085173
v -0.00369706 -0.00481810 0.05085173
v -0.00348337 -0.00497477 0.05085173
v -0.00326306 -0.00512198 0.05085173
v -0.00303654 -0.00525944 0.05085173
v -0.00280424 -0.00538689 0.05085173
v -0.00256659 -0.00550408 0.05085173
v -0.00232407 -0.00561079 0.05085173
v -0.00207711 -0.00570683 0.05085173
v -0.00182621 -0.00579200 0.05085173
v -0.00157183 -0.00586614 0.05085173
v -0.00131445 -0.00592912 0.05085173
v -0.00105458 -0.00598081 0.05085173
v -0.00079270 -0.00602112 0.05085173
v -0.00052930 -0.00604997 0.05085173
v -0.00026490 -0.00606730 0.05085173
v -0.00000000 -0.00607308 0.05085173
v 0.00026490 -0.00606730 0.05085173
v 0.00052930 -0.00604997 0.05085173
v 0.00079270 -0.00602112 0.05085173
v 0.00105458 -0.00598081 0.05085173
v 0.00131445 -0.00592912 0.05085173
v 0.00157183 -0.00586614 0.05085173
v 0.00182621 -0.00579200 0.05085173
v 0.00207711 -0.00570683 0.05085173
v 0.00232407 -0.00561079 0.05085173
v 0.00256659 -0.00550408 0.05085173
v 0.00280424 -0.00538689 0.05085173
v 0.00303654 -0.00525944 0.05085173
v 0.00326306 -0.00512198 0.05085173
v 0.00348337 -0.00497477 0.05085173
v 0.00369706 -0.00481810 0.05085173
v 0.00390370 -0.00465225 0.05085173
v 0.00410291 -0.00447754 0.05085173
v 0.00429431 -0.00429431 0.05085173
v 0.00447754 -0.00410291 0.05085173
v 0.00465225 -0.00390370 0.05085173
v 0.00481810 -0.00369706 0.05085173
v 0.00497477 -0.00348337 0.05085173
v 0.00512198 -0.00326306 0.05085173
v 0.00525944 -0.00303654 0.05085173
v 0.00538689 -0.00280424 0.05085173
v 0.00550408 -0.00256659 0.05085173
v 0.00561079 -0.00232407 0.05085173
v 0.00570683 -0.00207711 0.05085173
v 0.00579200 -0.00182621 0.05085173
v 0.00586614 -0.00157183 0.05085173
v 0.00592912 -0.00131445 0.05085173
v 0.00598081 -0.00105458 0.05085173
v 0.00602112 -0.00079270 0.05085173
v 0.00604997 -0.00052930 0.05085173
v 0.00606730 -0.00026490 0.05085173
v 0.00607308 0.00000000 0.05085173
v 0.00603540 0.00026351 0.05064016
v 0.00601816 0.00052652 0.05064016
v 0.00598947 0.00078853 0.05064016
v 0.00594937 0.00104903 0.05064016
v 0.00589795 0.00130754 0.05064016
v 0.00583530 0.00156356 0.05064016
v 0.00576155 0.00181661 0.05064016
v 0.00567682 0.00206620 0.05064016
v 0.00558130 0.00231185 0.05064016
v 0.00547514 0.00255310 0.05064016
v 0.00535857 0.00278949 0.05064016
v 0.00523179 0.00302058 0.05064016
v 0.00509505 0.00324591 0.05064016
v 0.00494862 0.00346506 0.05064016
v 0.00479277 0.00367762 0.05064016
v 0.00462779 0.00388318 0.05064016
v 0.00445400 0.00408134 0.05064016
v 0.00427174 0.00427174 0.05064016
v 0.00408134 0.00445400 0.05064016
v 0.00388318 0.00462779 0.05064016
v 0.00367762 0.00479277 0.05064016
v 0.00346506 0.00494862 0.05064016
v 0.00324591 0.00509505 0.05064016
v 0.00302058 0.00523179 0.05064016
v 0.00278949 0.00535857 0.05064016
v 0.00255310 0.00547514 0.05064016
v 0.00231185 0.00558130 0.05064016
v 0.00206620 0.00567682 0.05064016
v 0.00181661 0.00576155 0.05064016
v 0.00156356 0.00583530 0.05064016
v 0.00130754 0.00589795 0.05064016
v 0.00104903 0.00594937 0.05064016
v 0.00078853 0.00598947 0.05064016
v 0.00052652 0.00601816 0.05064016
v 0.00026351 0.00603540 0.05064016
v 0.00000000 0.00604115 0.05064016
v -0.00026351 0.00603540 0.05064016
v -0.00052652 0.00601816 0.05064016
v -0.00078853 0.00598947 0.05064016
v -0.00104903 0.00594937 0.05064016
v -0.00130754 0.00589795 0.05064016
v -0.00156356 0.00583530 0.05064016
v -0.00181661 0.00576155 0.05064016
v -0.00206620 0.00567682 0.05064016
v -0.00231185 0.00558130 0.05064016
v -0.00255310 0.00547514 0.05064016
v -0.00278949 0.00535857 0.05064016
v -0.00302058 0.00523179 0.05064016
v -0.00324591 0.00509505 0.05064016
v -0.00346506 0.00494862 0.05064016
v -0.00367762 0.00479277 0.05064016
v -0.00388318 0.00462779 0.05064016
v -0.00408134 0.00445400 0.05064016
v -0.00427174 0.00427174 0.05064016
v -0.00445400 0.00408134 0.05064016
v -0.00462779 0.00388318 0.05064016
v -0.00479277 0.00367762 0.05064016
v -0.00494862 0.00346506 0.05064016
v -0.00509505 0.00324591 0.05064016
v -0.00523179 0.00302058 0.05064016
v -0.00535857 0.00278949 0.05064016
v -0.00547514 0.00255310 0.05064016
v -0.00558130 0.00231185 0.05064016
v -0.00567682 0.00206620 0.05064016
v -0.00576155 0.00181661 0.05064016
v -0.00583530 0.00156356 0.05064016
v -0.00589795 0.00130754 0.05064016
v -0.00594937 0.00104903 0.05064016
v -0.00598947 0.00078853 0.05064016
v -0.00601816 0.00052652 0.05064016
v -0.00603540 0.00026351 0.05064016
v -0.00604115 0.00000000 0.05064016
v -0.00603540 -0.00026351 0.05064016
v -0.00601816 -0.00052652 0.05064016
v -0.00598947 -0.00078853 0.05064016
v -0.00594937 -0.00104903 0.05064016
v -0.00589795 -0.00130754 0.05064016
v -0.00583530 -0.00156356 0.05064016
v -0.00576155 -0.00181661 0.05064016
v -0.00567682 -0.00206620 0.05064016
v -0.00558130 -0.00231185 0.05064016
v -0.00547514 -0.00255310 0.05064016
v -0.00535857 -0.00278949 0.05064016
v -0.00523179 -0.00302058 0.05064016
v -0.00509505 -0.00324591 0.05064016
v -0.00494862 -0.00346506 0.05064016
v -0.00479277 -0.00367762 0.05064016
v -0.00462779 -0.00388318 0.05064016
v -0.00445400 -0.00408134 0.05064016
v -0.00427174 -0.00427174 0.05064016
v -0.00408134 -0.00445400 0.05064016
v -0.00388318 -0.00462779 0.05064016
v -0.00367762 -0.00479277 0.05064016
v -0.00346506 -0.00494862 0.05064016
v -0.00324591 -0.00509505 0.05064016
v -0.00302058 -0.00523179 0.05064016
v -0.00278949 -0.00535857 0.05064016
v -0.00255310 -0.00547514 0.05064016
v -0.00231185 -0.00558130 0.05064016
v -0.00206620 -0.00567682 0.05064016
v -0.00181661 -0.00576155 0.05064016
v -0.00156356 -0.00583530 0.05064016
v -0.00130754 -0.00589795 0.05064016
v -0.00104903 -0.00594937 0.05064016
v -0.00078853 -0.00598947 0.05064016
v -0.00052652 -0.00601816 0.05064016
v -0.00026351 -0.00603540 0.05064016
v -0.00000000 -0.00604115 0.05064016
v 0.00026351 -0.00603540 0.05064016
v 0.00052652 -0.00601816 0.05064016
v 0.00078853 -0.00598947 0.05064016
v 0.00104903 -0.00594937 0.05064016
v 0.00130754 -0.00589795 0.05064016
v 0.00156356 -0.00583530 0.05064016
v 0.00181661 -0.00576155 0.05064016
v 0.00206620 -0.00567682 0.05064016
v 0.00231185 -0.00558130 0.05064016
v 0.00255310 -0.00547514 0.05064016
v 0.00278949 -0.00535857 0.05064016
v 0.00302058 -0.00523179 0.05064016
v 0.00324591 -0.00509505 0.05064016
v 0.00346506 -0.00494862 0.05064016
v 0.00367762 -0.00479277 0.05064016
v 0.00388318 -0.00462779 0.05064016
v 0.00408134 -0.00445400 0.05064016
v 0.00427174 -0.00427174 0.05064016
v 0.00445400 -0.00408134 0.05064016
v 0.00462779 -0.00388318 0.05064016
v 0.00479277 -0.00367762 0.05064016
v 0.00494862 -0.00346506 0.05064016
v 0.00509505 -0.00324591 0.05064016
v 0.00523179 -0.00302058 0.05064016
v 0.00535857 -0.00278949 0.05064016
v 0.00547514 -0.00255310 0.05064016
v 0.00558130 -0.00231185 0.05064016
v 0.00567682 -0.00206620 0.05064016
v 0.00576155 -0.00181661 0.05064016
v 0.00583530 -0.00156356 0.05064016
v 0.00589795 -0.00130754 0.05064016
v 0.00594937 -0.00104903 0.05064016
v 0.00598947 -0.00078853 0.05064016
v 0.00601816 -0.00052652 0.05064016
v 0.00603540 -0.00026351 0.05064016
v 0.00604115 0.00000000 0.05064016
v 0.00601257 0.00026251 0.05042743
v 0.00599540 0.00052453 0.05042743
v 0.00596682 0.00078555 0.05042743
v 0.00592687 0.00104507 0.05042743
v 0.00587565 0.00130260 0.05042743
v 0.00581323 0.00155765 0.05042743
v 0.00573976 0.00180974 0.05042743
v 0.00565535 0.00205838 0.05042743
v 0.00556019 0.00230310 0.05042743
v 0.00545444 0.00254344 0.05042743
v 0.00533830 0.00277894 0.05042743
v 0.00521200 0.00300915 0.05042743
v 0.00507579 0.00323363 0.05042743
v 0.00492991 0.00345196 0.05042743
v 0.00477464 0.00366371 0.05042743
v 0.00461029 0.00386849 0.05042743
v 0.00443716 0.00406591 0.05042743
v 0.00425558 0.00425558 0.05042743
v 0.00406591 0.00443716 0.05042743
v 0.00386849 0.00461029 0.05042743
v 0.00366371 0.00477464 0.05042743
v 0.00345196 0.00492991 0.05042743
v 0.00323363 0.00507579 0.05042743
v 0.00300915 0.00521200 0.05042743
v 0.00277894 0.00533830 0.05042743
v 0.00254344 0.00545444 0.05042743
v 0.00230310 0.00556019 0.05042743
v 0.00205838 0.00565535 0.05042743
v 0.00180974 0.00573976 0.05042743
v 0.00155765 0.00581323 0.05042743
v 0.00130260 0.00587565 0.05042743
v 0.00104507 0.00592687 0.05042743
v 0.00078555 0.00596682 0.05042743
v 0.00052453 0.00599540 0.05042743
v 0.00026251 0.00601257 0.05042743
v 0.00000000 0.00601830 0.05042743
v -0.00026251 0.00601257 0.05042743
v -0.00052453 0.00599540 0.05042743
v -0.00078555 0.00596682 0.05042743
v -0.00104507 0.00592687 0.05042743
v -0.00130260 0.00587565 0.05042743
v -0.00155765 0.00581323 0.05042743
v -0.00180974 0.00573976 0.05042743
v -0.00205838 0.00565535 0.05042743
v -0.00230310 0.00556019 0.05042743
v -0.00254344 0.00545444 0.05042743
v -0.00277894 0.00533830 0.05042743
v -0.00300915 0.00521200 0.05042743
v -0.00323363 0.00507579 0.05042743
v -0.00345196 0.00492991 0.05042743
v -0.00366371 0.00477464 0.05042743
v -0.00386849 0.00461029 0.05042743
v -0.00406591 0.00443716 0.05042743
v -0.00425558 0.00425558 0.05042743
v -0.00443716 0.00406591 0.05042743
v -0.00461029 0.00386849 0.05042743
v -0.00477464 0.00366371 0.05042743
v -0.00492991 0.00345196 0.05042743
v -0.00507579 0.00323363 0.05042743
v -0.00521200 0.00300915 0.05042743
v -0.00533830 0.00277894 0.05042743
v -0.00545444 0.00254344 0.05042743
v -0.00556019 0.00230310 0.05042743
v -0.00565535 0.00205838 0.05042743
v -0.00573976 0.00180974 0.05042743
v -0.00581323 0.00155765 0.05042743
v -0.00587565 0.00130260 0.05042743
v -0.00592687 0.00104507 0.05042743
v -0.00596682 0.00078555 0.05042743
v -0.00599540 0.00052453 0.05042743
v -0.00601257 0.00026251 0.05042743
v -0.00601830 0.00000000 0.05042743
v -0.00601257 -0.00026251 0.05042743
v -0.00599540 -0.00052453 0.05042743
v -0.00596682 -0.00078555 0.05042743
v -0.00592687 -0.00104507 0.05042743
v -0.00587565 -0.00130260 0.05042743
v -0.00581323 -0.00155765 0.05042743
v -0.00573976 -0.00180974 0.05042743
v -0.00565535 -0.00205838 0.05042743
v -0.00556019 -0.00230310 0.05042743
v -0.00545444 -0.00254344 0.05042743
v -0.00533830 -0.00277894 0.05042743
v -0.00521200 -0.00300915 0.05042743
v -0.00507579 -0.00323363 0.05042743
v -0.00492991 -0.00345196 0.05042743
v -0.00477464 -0.00366371 0.05042743
v -0.00461029 -0.00386849 0.05042743
v -0.00443716 -0.00406591 0.05042743
v -0.00425558 -0.00425558 0.05042743
v -0.00406591 -0.00443716 0.05042743
v -0.00386849 -0.00461029 0.05042743
v -0.00366371 -0.00477464 0.05042743
v -0.00345196 -0.00492991 0.05042743
v -0.00323363 -0.00507579 0.05042743
v -0.00300915 -0.00521200 0.05042743
v -0.00277894 -0.00533830 0.05042743
v -0.00254344 -0.00545444 0.05042743
v -0.00230310 -0.00556019 0.05042743
v -0.00205838 -0.00565535 0.05042743
v -0.00180974 -0.00573976 0.05042743
v -0.00155765 -0.00581323 0.05042743
v -0.00130260 -0.00587565 0.05042743
v -0.00104507 -0.00592687 0.05042743
v -0.00078555 -0.00596682 0.05042743
v -0.00052453 -0.00599540 0.05042743
v -0.00026251 -0.00601257 0.05042743
v -0.00000000 -0.00601830 0.05042743
v 0.00026251 -0.00601257 0.05042743
v 0.00052453 -0.00599540 0.05042743
v 0.00078555 -0.00596682 0.05042743
v 0.00104507 -0.00592687 0.05042743
v 0.00130260 -0.00587565 0.05042743
v 0.00155765 -0.00581323 0.05042743
v 0.00180974 -0.00573976 0.05042743
v 0.00205838 -0.00565535 0.05042743
v 0.00230310 -0.00556019 0.05042743
v 0.00254344 -0.00545444 0.05042743
v 0.00277894 -0.00533830 0.05042743
v 0.00300915 -0.00521200 0.05042743
v 0.00323363 -0.00507579 0.05042743
v 0.00345196 -0.00492991 0.05042743
v 0.00366371 -0.00477464 0.05042743
v 0.00386849 -0.00461029 0.05042743
v 0.00406591 -0.00443716 0.05042743
v 0.00425558 -0.00425558 0.05042743
v 0.00443716 -0.00406591 0.05042743
v 0.00461029 -0.00386849 0.05042743
v 0.00477464 -0.00366371 0.05042743
v 0.00492991 -0.00345196 0.05042743
v 0.00507579 -0.00323363 0.05042743
v 0.00521200 -0.00300915 0.05042743
v 0.00533830 -0.00277894 0.05042743
v 0.00545444 -0.00254344 0.05042743
v 0.00556019 -0.00230310 0.05042743
v 0.00565535 -0.00205838 0.05042743
v 0.00573976 -0.00180974 0.05042743
v 0.00581323 -0.00155765 0.05042743
v 0.00587565 -0.00130260 0.05042743
v 0.00592687 -0.00104507 0.05042743
v 0.00596682 -0.00078555 0.05042743
v 0.00599540 -0.00052453 0.05042743
v 0.00601257 -0.00026251 0.05042743
v 0.00601830 0.00000000 0.05042743
v 0.00599886 0.00026192 0.05021391
v 0.00598173 0.00052333 0.05021391
v 0.00595321 0.00078375 0.05021391
v 0.00591335 0.00104268 0.05021391
v 0.00586225 0.00129963 0.05021391
v 0.00579998 0.00155410 0.05021391
v 0.00572667 0.00180561 0.05021391
v 0.00564246 0.00205369 0.05021391
v 0.00554751 0.00229785 0.05021391
v 0.00544200 0.00253764 0.05021391
v 0.00532613 0.00277261 0.05021391
v 0.00520012 0.00300229 0.05021391
v 0.00506421 0.00322626 0.05021391
v 0.00491866 0.00344408 0.05021391
v 0.00476375 0.00365536 0.05021391
v 0.00459977 0.00385967 0.05021391
v 0.00442704 0.00405663 0.05021391
v 0.00424588 0.00424588 0.05021391
v 0.00405663 0.00442704 0.05021391
v 0.00385967 0.00459977 0.05021391
v 0.00365536 0.00476375 0.05021391
v 0.00344408 0.00491866 0.05021391
v 0.00322626 0.00506421 0.05021391
v 0.00300229 0.00520012 0.05021391
v 0.00277261 0.00532613 0.05021391
v 0.00253764 0.00544200 0.05021391
v 0.00229785 0.00554751 0.05021391
v 0.00205369 0.00564246 0.05021391
v 0.00180561 0.00572667 0.05021391
v 0.00155410 0.00579998 0.05021391
v 0.00129963 0.00586225 0.05021391
v 0.00104268 0.00591335 0.05021391
v 0.00078375 0.00595321 0.05021391
v 0.00052333 0.00598173 0.05021391
v 0.00026192 0.00599886 0.05021391
v 0.00000000 0.00600458 0.05021391
v -0.00026192 0.00599886 0.05021391
v -0.00052333 0.00598173 0.05021391
v -0.00078375 0.00595321 0.05021391
v -0.00104268 0.00591335 0.05021391
v -0.00129963 0.00586225 0.05021391
v -0.00155410 0.00579998 0.05021391
v -0.00180561 0.00572667 0.05021391
v -0.00205369 0.00564246 0.05021391
v -0.00229785 0.00554751 0.05021391
v -0.00253764 0.00544200 0.05021391
v -0.00277261 0.00532613 0.05021391
v -0.00300229 0.00520012 0.05021391
v -0.00322626 0.00506421 0.05021391
v -0.00344408 0.00491866 0.05021391
v -0.00365536 0.00476375 0.05021391
v -0.00385967 0.00459977 0.05021391
v -0.00405663 0.00442704 0.05021391
v -0.00424588 0.00424588 0.05021391
v -0.00442704 0.00405663 0.05021391
v -0.00459977 0.00385967 0.05021391
v -0.00476375 0.00365536 0.05021391
v -0.00491866 0.00344408 0.05021391
v -0.00506421 0.00322626 0.05021391
v -0.00520012 0.00300229 0.05021391
v -0.00532613 0.00277261 0.05021391
v -0.00544200 0.00253764 0.05021391
v -0.00554751 0.00229785 0.05021391
v -0.00564246 0.00205369 0.05021391
v -0.00572667 0.00180561 0.05021391
v -0.00579998 0.00155410 0.05021391
v -0.00586225 0.00129963 0.05021391
v -0.00591335 0.00104268 0.05021391
v -0.00595321 0.00078375 0.05021391
v -0.00598173 0.00052333 0.05021391
v -0.00599886 0.00026192 0.05021391
v -0.00600458 0.00000000 0.05021391
v -0.00599886 -0.00026192 0.05021391
v -0.00598173 -0.00052333 0.05021391
v -0.00595321 -0.00078375 0.05021391
v -0.00591335 -0.00104268 0.05021391
v -0.00586225 -0.00129963 0.05021391
v -0.00579998 -0.00155410 0.05021391
v -0.00572667 -0.00180561 0.05021391
v -0.00564246 -0.00205369 0.05021391
v -0.00554751 -0.00229785 0.05021391
v -0.00544200 -0.00253764 0.05021391
v -0.00532613 -0.00277261 0.05021391
v -0.00520012 -0.00300229 0.05021391
v -0.00506421 -0.00322626 0.05021391
v -0.00491866 -0.00344408 0.05021391
v -0.00476375 -0.00365536 0.05021391
v -0.00459977 -0.00385967 0.05021391
v -0.00442704 -0.00405663 0.05021391
v -0.00424588 -0.00424588 0.05021391
v -0.00405663 -0.00442704 0.05021391
v -0.00385967 -0.00459977 0.05021391
v -0.00365536 -0.00476375 0.05021391
v -0.00344408 -0.00491866 0.05021391
v -0.00322626 -0.00506421 0.05021391
v -0.00300229 -0.00520012 0.05021391
v -0.00277261 -0.00532613 0.05021391
v -0.00253764 -0.00544200 0.05021391
v -0.00229785 -0.00554751 0.05021391
v -0.00205369 -0.00564246 0.05021391
v -0.00180561 -0.00572667 0.05021391
v -0.00155410 -0.00579998 0.05021391
v -0.00129963 -0.00586225 0.05021391
v -0.00104268 -0.00591335 0.05021391
v -0.00078375 -0.00595321 0.05021391
v -0.00052333 -0.00598173 0.05021391
v -0.00026192 -0.00599886 0.05021391
v -0.00000000 -0.00600458 0.05021391
v 0.00026192 -0.00599886 0.05021391
v 0.00052333 -0.00598173 0.05021391
v 0.00078375 -0.00595321 0.05021391
v 0.00104268 -0.00591335 0.05021391
v 0.00129963 -0.00586225 0.05021391
v 0.00155410 -0.00579998 0.05021391
v 0.00180561 -0.00572667 0.05021391
v 0.00205369 -0.00564246 0.05021391
v 0.00229785 -0.00554751 0.05021391
v 0.00253764 -0.00544200 0.05021391
v 0.00277261 -0.00532613 0.05021391
v 0.00300229 -0.00520012 0.05021391
v 0.00322626 -0.00506421 0.05021391
v 0.00344408 -0.00491866 0.05021391
v 0.00365536 -0.00476375 0.05021391
v 0.00385967 -0.00459977 0.05021391
v 0.00405663 -0.00442704 0.05021391
v 0.00424588 -0.00424588 0.05021391
v 0.00442704 -0.00405663 0.05021391
v 0.00459977 -0.00385967 0.05021391
v 0.00476375 -0.00365536 0.05021391
v 0.00491866 -0.00344408 0.05021391
v 0.00506421 -0.00322626 0.05021391
v 0.00520012 -0.00300229 0.05021391
v 0.00532613 -0.00277261 0.05021391
v 0.00544200 -0.00253764 0.05021391
v 0.00554751 -0.00229785 0.05021391
v 0.00564246 -0.00205369 0.05021391
v 0.00572667 -0.00180561 0.05021391
v 0.00579998 -0.00155410 0.05021391
v 0.00586225 -0.00129963 0.05021391
v 0.00591335 -0.00104268 0.05021391
v 0.00595321 -0.00078375 0.05021391
v 0.00598173 -0.00052333 0.05021391
v 0.00599886 -0.00026192 0.05021391
v 0.00600458 0.00000000 0.05021391
v 0.00599429 0.00026172 0.05000000
v 0.00597717 0.00052293 0.05000000
v 0.00594867 0.00078316 0.05000000
v 0.00590885 0.00104189 0.05000000
v 0.00585778 0.00129864 0.05000000
v 0.00579556 0.00155291 0.05000000
v 0.00572230 0.00180423 0.05000000
v 0.00563816 0.00205212 0.05000000
v 0.00554328 0.00229610 0.05000000
v 0.00543785 0.00253571 0.05000000
v 0.00532207 0.00277049 0.05000000
v 0.00519615 0.00300000 0.05000000
v 0.00506035 0.00322380 0.05000000
v 0.00491491 0.00344146 0.05000000
v 0.00476012 0.00365257 0.05000000
v 0.00459627 0.00385673 0.05000000
v 0.00442366 0.00405354 0.05000000
v 0.00424264 0.00424264 0.05000000
v 0.00405354 0.00442366 0.05000000
v 0.00385673 0.00459627 0.05000000
v 0.00365257 0.00476012 0.05000000
v 0.00344146 0.00491491 0.05000000
v 0.00322380 0.00506035 0.05000000
v 0.00300000 0.00519615 0.05000000
v 0.00277049 0.00532207 0.05000000
v 0.00253571 0.00543785 0.05000000
v 0.00229610 0.00554328 0.05000000
v 0.00205212 0.00563816 0.05000000
v 0.00180423 0.00572230 0.05000000
v 0.00155291 0.00579556 0.05000000
v 0.00129864 0.00585778 0.05000000
v 0.00104189 0.00590885 0.05000000
v 0.00078316 0.00594867 0.05000000
v 0.00052293 0.00597717 0.05000000
v 0.00026172 0.00599429 0.05000000
v 0.00000000 0.00600000 0.05000000
v -0.00026172 0.00599429 0.05000000
v -0.00052293 0.00597717 0.05000000
v -0.00078316 0.00594867 0.05000000
v -0.00104189 0.00590885 0.05000000
v -0.00129864 0.00585778 0.05000000
v -0.00155291 0.00579556 0.05000000
v -0.00180423 0.00572230 0.05000000
v -0.00205212 0.00563816 0.05000000
v -0.00229610 0.00554328 0.05000000
v -0.00253571 0.00543785 0.05000000
v -0.00277049 0.00532207 0.05000000
v -0.00300000 0.00519615 0.05000000
v -0.00322380 0.00506035 0.05000000
v -0.00344146 0.00491491 0.05000000
v -0.00365257 0.00476012 0.05000000
v -0.00385673 0.00459627 0.05000000
v -0.00405354 0.00442366 0.05000000
v -0.00424264 0.00424264 0.05000000
v -0.00442366 0.00405354 0.05000000
v -0.00459627 0.00385673 0.05000000
v -0.00476012 0.00365257 0.05000000
v -0.00491491 0.00344146 0.05000000
v -0.00506035 0.00322380 0.05000000
v -0.00519615 0.00300000 0.05000000
v -0.00532207 0.00277049 0.05000000
v -0.00543785 0.00253571 0.05000000
v -0.00554328 0.00229610 0.05000000
v -0.00563816 0.00205212 0.05000000
v -0.00572230 0.00180423 0.05000000
v -0.00579556 0.00155291 0.05000000
v -0.00585778 0.00129864 0.05000000
v -0.00590885 0.00104189 0.05000000
v -0.00594867 0.00078316 0.05000000
v -0.00597717 0.00052293 0.05000000
v -0.00599429 0.00026172 0.05000000
v -0.00600000 0.00000000 0.05000000
v -0.00599429 -0.00026172 0.05000000
v -0.00597717 -0.00052293 0.05000000
v -0.00594867 -0.00078316 0.05000000
v -0.00590885 -0.00104189 0.05000000
v -0.00585778 -0.00129864 0.05000000
v -0.00579556 -0.00155291 0.05000000
v -0.00572230 -0.00180423 0.05000000
v -0.00563816 -0.00205212 0.05000000
v -0.00554328 -0.00229610 0.05000000
v -0.00543785 -0.00253571 0.05000000
v -0.00532207 -0.00277049 0.05000000
v -0.00519615 -0.00300000 0.05000000
v -0.00506035 -0.00322380 0.05000000
v -0.00491491 -0.00344146 0.05000000
v -0.00476012 -0.00365257 0.05000000
v -0.00459627 -0.00385673 0.05000000
v -0.00442366 -0.00405354 0.05000000
v -0.00424264 -0.00424264 0.05000000
v -0.00405354 -0.00442366 0.05000000
v -0.00385673 -0.00459627 0.05000000
v -0.00365257 -0.00476012 0.05000000
v -0.00344146 -0.00491491 0.05000000
v -0.00322380 -0.00506035 0.05000000
v -0.00300000 -0.00519615 0.05000000
v -0.00277049 -0.00532207 0.05000000
v -0.00253571 -0.00543785 0.05000000
v -0.00229610 -0.00554328 0.05000000
v -0.00205212 -0.00563816 0.05000000
v -0.00180423 -0.00572230 0.05000000
v -0.00155291 -0.00579556 0.05000000
v -0.00129864 -0.00585778 0.05000000
v -0.00104189 -0.00590885 0.05000000
v -0.00078316 -0.00594867 0.05000000
v -0.00052293 -0.00597717 0.05000000
v -0.00026172 -0.00599429 0.05000000
v -0.00000000 -0.00600000 0.05000000
v 0.00026172 -0.00599429 0.05000000
v 0.00052293 -0.00597717 0.05000000
v 0.00078316 -0.00594867 0.05000000
v 0.00104189 -0.00590885 0.05000000
v 0.00129864 -0.00585778 0.05000000
v 0.00155291 -0.00579556 0.05000000
v 0.00180423 -0.00572230 0.05000000
v 0.00205212 -0.00563816 0.05000000
v 0.00229610 -0.00554328 0.05000000
v 0.00253571 -0.00543785 0.05000000
v 0.00277049 -0.00532207 0.05000000
v 0.00300000 -0.00519615 0.05000000
v 0.00322380 -0.00506035 0.05000000
v 0.00344146 -0.00491491 0.05000000
v 0.00365257 -0.00476012 0.05000000
v 0.00385673 -0.00459627 0.05000000
v 0.00405354 -0.00442366 0.05000000
v 0.00424264 -0.00424264 0.05000000
v 0.00442366 -0.00405354 0.05000000
v 0.00459627 -0.00385673 0.05000000
v 0.00476012 -0.00365257 0.05000000
v 0.00491491 -0.00344146 0.05000000
v 0.00506035 -0.00322380 0.05000000
v 0.00519615 -0.00300000 0.05000000
v 0.00532207 -0.00277049 0.05000000
v 0.00543785 -0.00253571 0.05000000
v 0.00554328 -0.00229610 0.05000000
v 0.00563816 -0.00205212 0.05000000
v 0.00572230 -0.00180423 0.05000000
v 0.00579556 -0.00155291 0.05000000
v 0.00585778 -0.00129864 0.05000000
v 0.00590885 -0.00104189 0.05000000
v 0.00594867 -0.00078316 0.05000000
v 0.00597717 -0.00052293 0.05000000
v 0.00599429 -0.00026172 0.05000000
v 0.00600000 -0.00000000 0.05000000
v 0.01467767 -0.01767767 -0.00500000
v 0.01468053 -0.01754681 -0.00500000
v 0.01468909 -0.01741620 -0.00500000
v 0.01470334 -0.01728609 -0.00500000
v 0.01472325 -0.01715673 -0.00500000
v 0.01474878 -0.01702835 -0.00500000
v 0.01477989 -0.01690121 -0.00500000
v 0.01481652 -0.01677555 -0.00500000
v 0.01485859 -0.01665161 -0.00500000
v 0.01490603 -0.01652962 -0.00500000
v 0.01495875 -0.01640981 -0.00500000
v 0.01501664 -0.01629242 -0.00500000
v 0.01507959 -0.01617767 -0.00500000
v 0.01514750 -0.01606577 -0.00500000
v 0.01522021 -0.01595694 -0.00500000
v 0.01529761 -0.01585139 -0.00500000
v 0.01537954 -0.01574931 -0.00500000
v 0.01546584 -0.01565090 -0.00500000
v 0.01555635 -0.01555635 -0.00500000
v 0.01565090 -0.01546584 -0.00500000
v 0.01574931 -0.01537954 -0.00500000
v 0.01585139 -0.01529761 -0.00500000
v 0.01595694 -0.01522021 -0.00500000
v 0.01606577 -0.01514750 -0.00500000
v 0.01617767 -0.01507959 -0.00500000
v 0.01629242 -0.01501664 -0.00500000
v 0.01640981 -0.01495875 -0.00500000
v 0.01652962 -0.01490603 -0.00500000
v 0.01665161 -0.01485859 -0.00500000
v 0.01677555 -0.01481652 -0.00500000
v 0.01690121 -0.01477989 -0.00500000
v 0.01702835 -0.01474878 -0.00500000
v 0.01715673 -0.01472325 -0.00500000
v 0.01728609 -0.01470334 -0.00500000
v 0.01741620 -0.01468909 -0.00500000
v 0.01754681 -0.01468053 -0.00500000
v 0.01767767 -0.01467767 -0.00500000
v 0.01780853 -0.01468053 -0.00500000
v 0.01793914 -0.01468909 -0.00500000
v 0.01806925 -0.01470334 -0.00500000
v 0.01819861 -0.01472325 -0.00500000
v 0.01832699 -0.01474878 -0.00500000
v 0.01845413 -0.01477989 -0.00500000
v 0.01857979 -0.01481652 -0.00500000
v 0.01870373 -0.01485859 -0.00500000
v 0.01882572 -0.01490603 -0.00500000
v 0.01894552 -0.01495875 -0.00500000
v 0.01906292 -0.01501664 -0.00500000
v 0.01917767 -0.01507959 -0.00500000
v 0.01928957 -0.01514750 -0.00500000
v 0.01939840 -0.01522021 -0.00500000
v 0.01950395 -0.01529761 -0.00500000
v 0.01960603 -0.01537954 -0.00500000
v 0.01970444 -0.01546584 -0.00500000
v 0.01979899 -0.01555635 -0.00500000
v 0.01988950 -0.01565090 -0.00500000
v 0.01997580 -0.01574931 -0.00500000
v 0.02005773 -0.01585139 -0.00500000
v 0.02013513 -0.01595694 -0.00500000
v 0.02020784 -0.01606577 -0.00500000
v 0.02027575 -0.01617767 -0.00500000
v 0.02033870 -0.01629242 -0.00500000
v 0.02039659 -0.01640981 -0.00500000
v 0.02044931 -0.01652962 -0.00500000
v 0.02049675 -0.01665161 -0.00500000
v 0.02053882 -0.01677555 -0.00500000
v 0.02057545 -0.01690121 -0.00500000
v 0.02060656 -0.01702835 -0.00500000
v 0.02063209 -0.01715673 -0.00500000
v 0.02065200 -0.01728609 -0.00500000
v 0.02066625 -0.01741620 -0.00500000
v 0.02067481 -0.01754681 -0.00500000
v 0.02067767 -0.01767767 -0.00500000
v 0.02067481 -0.01780853 -0.00500000
v 0.02066625 -0.01793914 -0.00500000
v 0.02065200 -0.01806925 -0.00500000
v 0.02063209 -0.01819861 -0.00500000
v 0.02060656 -0.01832699 -0.00500000
v 0.02057545 -0.01845413 -0.00500000
v 0.02053882 -0.01857979 -0.00500000
v 0.02049675 -0.01870373 -0.00500000
v 0.02044931 -0.01882572 -0.00500000
v 0.02039659 -0.01894552 -0.00500000
v 0.02033870 -0.01906292 -0.00500000
v 0.02027575 -0.01917767 -0.00500000
v 0.02020784 -0.01928957 -0.00500000
v 0.02013513 -0.01939840 -0.00500000
v 0.02005773 -0.01950395 -0.00500000
v 0.01997580 -0.01960603 -0.00500000
v 0.01988950 -0.01970444 -0.00500000
v 0.01979899 -0.01979899 -0.00500000
v 0.01970444 -0.01988950 -0.00500000
v 0.01960603 -0.01997580 -0.00500000
v 0.01950395 -0.02005773 -0.00500000
v 0.01939840 -0.02013513 -0.00500000
v 0.01928957 -0.02020784 -0.00500000
v 0.01917767 -0.02027575 -0.00500000
v 0.01906292 -0.02033870 -0.00500000
v 0.01894552 -0.02039659 -0.00500000
v 0.01882572 -0.02044931 -0.00500000
v 0.01870373 -0.02049675 -0.00500000
v 0.01857979 -0.02053882 -0.00500000
v 0.01845413 -0.02057545 -0.00500000
v 0.01832699 -0.02060656 -0.00500000
v 0.01819861 -0.02063209 -0.00500000
v 0.01806925 -0.02065200 -0.00500000
v 0.01793914 -0.02066625 -0.00500000
v 0.01780853 -0.02067481 -0.00500000
v 0.01767767 -0.02067767 -0.00500000
v 0.01754681 -0.02067481 -0.00500000
v 0.01741620 -0.02066625 -0.00500000
v 0.01728609 -0.02065200 -0.00500000
v 0.01715673 -0.02063209 -0.00500000
v 0.01702835 -0.02060656 -0.00500000
v 0.01690121 -0.02057545 -0.00500000
v 0.01677555 -0.02053882 -0.00500000
v 0.01665161 -0.02049675 -0.00500000
v 0.01652962 -0.02044931 -0.00500000
v 0.01640981 -0.02039659 -0.00500000
v 0.01629242 -0.02033870 -0.00500000
v 0.01617767 -0.02027575 -0.00500000
v 0.01606577 -0.02020784 -0.00500000
v 0.01595694 -0.02013513 -0.00500000
v 0.01585139 -0.02005773 -0.00500000
v 0.01574931 -0.01997580 -0.00500000
v 0.01565090 -0.01988950 -0.00500000
v 0.01555635 -0.01979899 -0.00500000
v 0.01546584 -0.01970444 -0.00500000
v 0.01537954 -0.01960603 -0.00500000
v 0.01529761 -0.01950395 -0.00500000
v 0.01522021 -0.01939840 -0.00500000
v 0.01514750 -0.01928957 -0.00500000
v 0.01507959 -0.01917767 -0.00500000
v 0.01501664 -0.01906292 -0.00500000
v 0.01495875 -0.01894552 -0.00500000
v 0.01490603 -0.01882572 -0.00500000
v 0.01485859 -0.01870373 -0.00500000
v 0.01481652 -0.01857979 -0.00500000
v 0.01477989 -0.01845413 -0.00500000
v 0.01474878 -0.01832699 -0.00500000
v 0.01472325 -0.01819861 -0.00500000
v 0.01470334 -0.01806925 -0.00500000
v 0.01468909 -0.01793914 -0.00500000
v 0.01468053 -0.01780853 -0.00500000
v -0.02067767 -0.01767767 -0.00500000
v -0.02067481 -0.01754681 -0.00500000
v -0.02066625 -0.01741620 -0.00500000
v -0.02065200 -0.01728609 -0.00500000
v -0.02063209 -0.01715673 -0.00500000
v -0.02060656 -0.01702835 -0.00500000
v -0.02057545 -0.01690121 -0.00500000
v -0.02053882 -0.01677555 -0.00500000
v -0.02049675 -0.01665161 -0.00500000
v -0.02044931 -0.01652962 -0.00500000
v -0.02039659 -0.01640981 -0.00500000
v -0.02033870 -0.01629242 -0.00500000
v -0.02027575 -0.01617767 -0.00500000
v -0.02020784 -0.01606577 -0.00500000
v -0.02013513 -0.01595694 -0.00500000
v -0.02005773 -0.01585139 -0.00500000
v -0.01997580 -0.01574931 -0.00500000
v -0.01988950 -0.01565090 -0.00500000
v -0.01979899 -0.01555635 -0.00500000
v -0.01970444 -0.01546584 -0.00500000
v -0.01960603 -0.01537954 -0.00500000
v -0.01950395 -0.01529761 -0.00500000
v -0.01939840 -0.01522021 -0.00500000
v -0.01928957 -0.01514750 -0.00500000
v -0.01917767 -0.01507959 -0.00500000
v -0.01906292 -0.01501664 -0.00500000
v -0.01894552 -0.01495875 -0.00500000
v -0.01882572 -0.01490603 -0.00500000
v -0.01870373 -0.01485859 -0.00500000
v -0.01857979 -0.01481652 -0.00500000
v -0.01845413 -0.01477989 -0.00500000
v -0.01832699 -0.01474878 -0.00500000
v -0.01819861 -0.01472325 -0.00500000
v -0.01806925 -0.01470334 -0.00500000
v -0.01793914 -0.01468909 -0.00500000
v -0.01780853 -0.01468053 -0.00500000
v -0.01767767 -0.01467767 -0.00500000
v -0.01754681 -0.01468053 -0.00500000
v -0.01741620 -0.01468909 -0.00500000
v -0.01728609 -0.01470334 -0.00500000
v -0.01715673 -0.01472325 -0.00500000
v -0.01702835 -0.01474878 -0.00500000
v -0.01690121 -0.01477989 -0.00500000
v -0.01677555 -0.01481652 -0.00500000
v -0.01665161 -0.01485859 -0.00500000
v -0.01652962 -0.01490603 -0.00500000
v -0.01640981 -0.01495875 -0.00500000
v -0.01629242 -0.01501664 -0.00500000
v -0.01617767 -0.01507959 -0.00500000
v -0.01606577 -0.01514750 -0.00500000
v -0.01595694 -0.01522021 -0.00500000
v -0.01585139 -0.01529761 -0.00500000
v -0.01574931 -0.01537954 -0.00500000
v -0.01565090 -0.01546584 -0.00500000
v -0.01555635 -0.01555635 -0.00500000
v -0.01546584 -0.01565090 -0.00500000
v -0.01537954 -0.01574931 -0.00500000
v -0.01529761 -0.01585139 -0.00500000
v -0.01522021 -0.01595694 -0.00500000
v -0.01514750 -0.01606577 -0.00500000
v -0.01507959 -0.01617767 -0.00500000
v -0.01501664 -0.01629242 -0.00500000
v -0.01495875 -0.01640981 -0.00500000
v -0.01490603 -0.01652962 -0.00500000
v -0.01485859 -0.01665161 -0.00500000
v -0.01481652 -0.01677555 -0.00500000
v -0.01477989 -0.01690121 -0.00500000
v -0.01474878 -0.01702835 -0.00500000
v -0.01472325 -0.01715673 -0.00500000
v -0.01470334 -0.01728609 -0.00500000
v -0.01468909 -0.01741620 -0.00500000
v -0.01468053 -0.01754681 -0.00500000
v -0.01467767 -0.01767767 -0.00500000
v -0.01468053 -0.01780853 -0.00500000
v -0.01468909 -0.01793914 -0.00500000
v -0.01470334 -0.01806925 -0.00500000
v -0.01472325 -0.01819861 -0.00500000
v -0.01474878 -0.01832699 -0.00500000
v -0.01477989 -0.01845413 -0.00500000
v -0.01481652 -0.01857979 -0.00500000
v -0.01485859 -0.01870373 -0.00500000
v -0.01490603 -0.01882572 -0.00500000
v -0.01495875 -0.01894552 -0.00500000
v -0.01501664 -0.01906292 -0.00500000
v -0.01507959 -0.01917767 -0.00500000
v -0.01514750 -0.01928957 -0.00500000
v -0.01522021 -0.01939840 -0.00500000
v -0.01529761 -0.01950395 -0.00500000
v -0.01537954 -0.01960603 -0.00500000
v -0.01546584 -0.01970444 -0.00500000
v -0.01555635 -0.01979899 -0.00500000
v -0.01565090 -0.01988950 -0.00500000
v -0.01574931 -0.01997580 -0.00500000
v -0.01585139 -0.02005773 -0.00500000
v -0.01595694 -0.02013513 -0.00500000
v -0.01606577 -0.02020784 -0.00500000
v -0.01617767 -0.02027575 -0.00500000
v -0.01629242 -0.02033870 -0.00500000
v -0.01640981 -0.02039659 -0.00500000
v -0.01652962 -0.02044931 -0.00500000
v -0.01665161 -0.02049675 -0.00500000
v -0.01677555 -0.02053882 -0.00500000
v -0.01690121 -0.02057545 -0.00500000
v -0.01702835 -0.02060656 -0.00500000
v -0.01715673 -0.02063209 -0.00500000
v -0.01728609 -0.02065200 -0.00500000
v -0.01741620 -0.02066625 -0.00500000
v -0.01754681 -0.02067481 -0.00500000
v -0.01767767 -0.02067767 -0.00500000
v -0.01780853 -0.02067481 -0.00500000
v -0.01793914 -0.02066625 -0.00500000
v -0.01806925 -0.02065200 -0.00500000
v -0.01819861 -0.02063209 -0.00500000
v -0.01832699 -0.02060656 -0.00500000
v -0.01845413 -0.02057545 -0.00500000
v -0.01857979 -0.02053882 -0.00500000
v -0.01870373 -0.02049675 -0.00500000
v -0.01882572 -0.02044931 -0.00500000
v -0.01894552 -0.02039659 -0.00500000
v -0.01906292 -0.02033870 -0.00500000
v -0.01917767 -0.02027575 -0.00500000
v -0.01928957 -0.02020784 -0.00500000
v -0.01939840 -0.02013513 -0.00500000
v -0.01950395 -0.02005773 -0.00500000
v -0.01960603 -0.01997580 -0.00500000
v -0.01970444 -0.01988950 -0.00500000
v -0.01979899 -0.01979899 -0.00500000
v -0.01988950 -0.01970444 -0.00500000
v -0.01997580 -0.01960603 -0.00500000
v -0.02005773 -0.01950395 -0.00500000
v -0.02013513 -0.01939840 -0.00500000
v -0.02020784 -0.01928957 -0.00500000
v -0.02027575 -0.01917767 -0.00500000
v -0.02033870 -0.01906292 -0.00500000
v -0.02039659 -0.01894552 -0.00500000
v -0.02044931 -0.01882572 -0.00500000
v -0.02049675 -0.01870373 -0.00500000
v -0.02053882 -0.01857979 -0.00500000
v -0.02057545 -0.01845413 -0.00500000
v -0.02060656 -0.01832699 -0.00500000
v -0.02063209 -0.01819861 -0.00500000
v -0.02065200 -0.01806925 -0.00500000
v -0.02066625 -0.01793914 -0.00500000
v -0.02067481 -0.01780853 -0.00500000
v -0.01333879 -0.03664801 -0.00500000
v -0.01492465 -0.03603130 -0.00500000
v -0.01648211 -0.03534601 -0.00500000
v -0.01800820 -0.03459342 -0.00500000
v -0.01950000 -0.03377499 -0.00500000
v -0.02095469 -0.03289227 -0.00500000
v -0.02236948 -0.03194693 -0.00500000
v -0.02374170 -0.03094078 -0.00500000
v -0.02506872 -0.02987573 -0.00500000
v -0.02634802 -0.02875382 -0.00500000
v -0.02757716 -0.02757716 -0.00500000
v -0.02875382 -0.02634802 -0.00500000
v -0.02987573 -0.02506872 -0.00500000
v -0.03094078 -0.02374170 -0.00500000
v -0.03194693 -0.02236948 -0.00500000
v -0.03289227 -0.02095469 -0.00500000
v -0.03377499 -0.01950000 -0.00500000
v -0.03459342 -0.01800820 -0.00500000
v -0.03534601 -0.01648211 -0.00500000
v -0.03603130 -0.01492465 -0.00500000
v -0.03664801 -0.01333879 -0.00500000
v -0.03719496 -0.01172753 -0.00500000
v 0.03664801 -0.01333879 -0.00500000
v 0.03603130 -0.01492465 -0.00500000
v 0.03534601 -0.01648211 -0.00500000
v 0.03459342 -0.01800820 -0.00500000
v 0.03377499 -0.01950000 -0.00500000
v 0.03289227 -0.02095469 -0.00500000
v 0.03194693 -0.02236948 -0.00500000
v 0.03094078 -0.02374170 -0.00500000
v 0.02987573 -0.02506872 -0.00500000
v 0.02875382 -0.02634802 -0.00500000
v 0.02757716 -0.02757716 -0.00500000
v 0.02634802 -0.02875382 -0.00500000
v 0.02506872 -0.02987573 -0.00500000
v 0.02374170 -0.03094078 -0.00500000
v 0.02236948 -0.03194693 -0.00500000
v 0.02095469 -0.03289227 -0.00500000
v 0.01950000 -0.03377499 -0.00500000
v 0.01800820 -0.03459342 -0.00500000
v 0.01648211 -0.03534601 -0.00500000
v 0.01492465 -0.03603130 -0.00500000
v 0.01333879 -0.03664801 -0.00500000
v 0.01172753 -0.03719496 -0.00500000
v 0.01009394 -0.03767111 -0.00500000
v 0.00844114 -0.03807554 -0.00500000
v 0.00677228 -0.03840750 -0.00500000
v 0.00509052 -0.03866635 -0.00500000
v 0.00339907 -0.03885159 -0.00500000
v 0.00170116 -0.03896288 -0.00500000
v 0.00000000 -0.03900000 -0.00500000
v -0.00170116 -0.03896288 -0.00500000
v -0.00339907 -0.03885159 -0.00500000
v -0.00509052 -0.03866635 -0.00500000
v -0.00677228 -0.03840750 -0.00500000
v -0.00844114 -0.03807554 -0.00500000
v -0.01009394 -0.03767111 -0.00500000
v -0.01172753 -0.03719496 -0.00500000
v -0.01172753 0.03719496 -0.00500000
v -0.01009394 0.03767111 -0.00500000
v -0.00844114 0.03807554 -0.00500000
v -0.00677228 0.03840750 -0.00500000
v -0.00509052 0.03866635 -0.00500000
v -0.00339907 0.03885159 -0.00500000
v -0.00170116 0.03896288 -0.00500000
v -0.00000000 0.03900000 -0.00500000
v 0.00170116 0.03896288 -0.00500000
v 0.00339907 0.03885159 -0.00500000
v 0.00509052 0.03866635 -0.00500000
v 0.00677228 0.03840750 -0.00500000
v 0.00844114 0.03807554 -0.00500000
v 0.01009394 0.03767111 -0.00500000
v 0.01172753 0.03719496 -0.00500000
v 0.01333879 0.03664801 -0.00500000
v 0.01492465 0.03603130 -0.00500000
v 0.01648211 0.03534601 -0.00500000
v 0.01800820 0.03459342 -0.00500000
v 0.01950000 0.03377499 -0.00500000
v 0.02095469 0.03289227 -0.00500000
v 0.02236948 0.03194693 -0.00500000
v 0.02374170 0.03094078 -0.00500000
v 0.02506872 0.02987573 -0.00500000
v 0.02634802 0.02875382 -0.00500000
v 0.02757716 0.02757716 -0.00500000
v 0.02875382 0.02634802 -0.00500000
v 0.02987573 0.02506872 -0.00500000
v 0.03094078 0.02374170 -0.00500000
v 0.03194693 0.02236948 -0.00500000
v 0.03289227 0.02095469 -0.00500000
v 0.03377499 0.01950000 -0.00500000
v 0.03459342 0.01800820 -0.00500000
v 0.03534601 0.01648211 -0.00500000
v 0.03603130 0.01492465 -0.00500000
v 0.03664801 0.01333879 -0.00500000
v 0.03719496 0.01172753 -0.00500000
v 0.03767111 0.01009394 -0.00500000
v 0.03807554 0.00844114 -0.00500000
v 0.03840750 0.00677228 -0.00500000
v 0.03866635 0.00509052 -0.00500000
v 0.03885159 0.00339907 -0.00500000
v 0.03896288 0.00170116 -0.00500000
v 0.03900000 0.00000000 -0.00500000
v 0.03896288 -0.00170116 -0.00500000
v 0.03885159 -0.00339907 -0.00500000
v 0.03866635 -0.00509052 -0.00500000
v 0.03840750 -0.00677228 -0.00500000
v 0.03807554 -0.00844114 -0.00500000
v 0.03767111 -0.01009394 -0.00500000
v 0.03719496 -0.01172753 -0.00500000
v -0.03767111 -0.01009394 -0.00500000
v -0.03807554 -0.00844114 -0.00500000
v -0.03840750 -0.00677228 -0.00500000
v -0.03866635 -0.00509052 -0.00500000
v -0.03885159 -0.00339907 -0.00500000
v -0.03896288 -0.00170116 -0.00500000
v -0.03900000 0.00000000 -0.00500000
v -0.03896288 0.00170116 -0.00500000
v -0.03885159 0.00339907 -0.00500000
v -0.03866635 0.00509052 -0.00500000
v -0.03840750 0.00677228 -0.00500000
v -0.03807554 0.00844114 -0.00500000
v -0.03767111 0.01009394 -0.00500000
v -0.03719496 0.01172753 -0.00500000
v -0.03664801 0.01333879 -0.00500000
v -0.03603130 0.01492465 -0.00500000
v -0.03534601 0.01648211 -0.00500000
v -0.03459342 0.01800820 -0.00500000
v -0.03377499 0.01950000 -0.00500000
v -0.03289227 0.02095469 -0.00500000
v -0.03194693 0.02236948 -0.00500000
v -0.03094078 0.02374170 -0.00500000
v -0.02987573 0.02506872 -0.00500000
v -0.02875382 0.02634802 -0.00500000
v -0.02757716 0.02757716 -0.00500000
v -0.02634802 0.02875382 -0.00500000
v -0.02506872 0.02987573 -0.00500000
v -0.02374170 0.03094078 -0.00500000
v -0.02236948 0.03194693 -0.00500000
v -0.02095469 0.03289227 -0.00500000
v -0.01950000 0.03377499 -0.00500000
v -0.01800820 0.03459342 -0.00500000
v -0.01648211 0.03534601 -0.00500000
v -0.01492465 0.03603130 -0.00500000
v -0.01333879 0.03664801 -0.00500000
f 1 2 3
f 2 4 3
f 3 4 5
f 4 6 5
f 5 6 7
f 6 8 7
f 7 8 9
f 8 10 9
f 9 10 11
f 10 12 11
f 11 12 13
f 12 14 13
f 13 14 15
f 14 16 15
f 15 16 17
f 16 18 17
f 17 18 19
f 18 20 19
f 19 20 21
f 20 22 21
f 21 22 23
f 22 24 23
f 23 24 25
f 24 26 25
f 25 26 27
f 26 28 27
f 27 28 29
f 28 30 29
f 29 30 31
f 30 32 31
f 31 32 33
f 32 34 33
f 33 34 35
f 34 36 35
f 35 36 37
f 36 38 37
f 37 38 39
f 38 40 39
f 39 40 41
f 40 42 41
f 41 42 43
f 42 44 43
f 43 44 45
f 44 46 45
f 45 46 47
f 46 48 47
f 47 48 49
f 48 50 49
f 49 50 51
f 50 52 51
f 51 52 53
f 52 54 53
f 53 54 55
f 54 56 55
f 55 56 57
f 56 58 57
f 57 58 59
f 58 60 59
f 59 60 61
f 60 62 61
f 61 62 63
f 62 64 63
f 63 64 65
f 64 66 65
f 65 66 67
f 66 68 67
f 67 68 69
f 68 70 69
f 69 70 71
f 70 72 71
f 71 72 73
f 72 74 73
f 73 74 75
f 74 76 75
f 75 76 77
f 76 78 77
f 77 78 79
f 78 80 79
f 79 80 81
f 80 82 81
f 81 82 83
f 82 84 83
f 83 84 85
f 84 86 85
f 85 86 87
f 86 88 87
f 87 88 89
f 88 90 89
f 89 90 91
f 90 92 91
f 91 92 93
f 92 94 93
f 93 94 95
f 94 96 95
f 95 96 97
f 96 98 97
f 97 98 99
f 98 100 99
f 99 100 101
f 100 102 101
f 101 102 103
f 102 104 103
f 103 104 105
f 104 106 105
f 105 106 107
f 106 108 107
f 107 108 109
f 108 110 109
f 109 110 111
f 110 112 111
f 111 112 113
f 112 114 113
f 113 114 115
f 114 116 115
f 115 116 117
f 116 118 117
f 117 118 119
f 118 120 119
f 119 120 121
f 120 122 121
f 121 122 123
f 122 124 123
f 123 124 125
f 124 126 125
f 125 126 127
f 126 128 127
f 127 128 129
f 128 130 129
f 129 130 131
f 130 132 131
f 131 132 133
f 132 134 133
f 133 134 135
f 134 136 135
f 135 136 137
f 136 138 137
f 137 138 139
f 138 140 139
f 139 140 141
f 140 142 141
f 141 142 143
f 142 144 143
f 143 144 145
f 144 146 145
f 145 146 147
f 146 148 147
f 147 148 149
f 148 150 149
f 149 150 151
f 150 152 151
f 151 152 153
f 152 154 153
f 153 154 155
f 154 156 155
f 155 156 157
f 156 158 157
f 157 158 159
f 158 160 159
f 159 160 161
f 160 162 161
f 161 162 163
f 162 164 163
f 163 164 165
f 164 166 165
f 165 166 167
f 166 168 167
f 167 168 169
f 168 170 169
f 169 170 171
f 170 172 171
f 171 172 173
f 172 174 173
f 173 174 175
f 174 176 175
f 175 176 177
f 176 178 177
f 177 178 179
f 178 180 179
f 179 180 181
f 180 182 181
f 181 182 183
f 182 184 183
f 183 184 185
f 184 186 185
f 185 186 187
f 186 188 187
f 187 188 189
f 188 190 189
f 189 190 191
f 190 192 191
f 191 192 193
f 192 194 193
f 193 194 195
f 194 196 195
f 195 196 197
f 196 198 197
f 197 198 199
f 198 200 199
f 199 200 201
f 200 202 201
f 201 202 203
f 202 204 203
f 203 204 205
f 204 206 205
f 205 206 207
f 206 208 207
f 207 208 209
f 208 210 209
f 209 210 211
f 210 212 211
f 211 212 213
f 212 214 213
f 213 214 215
f 214 216 215
f 215 216 217
f 216 218 217
f 217 218 219
f 218 220 219
f 219 220 221
f 220 222 221
f 221 222 223
f 222 224 223
f 223 224 225
f 224 226 225
f 225 226 227
f 226 228 227
f 227 228 229
f 228 230 229
f 229 230 231
f 230 232 231
f 231 232 233
f 232 234 233
f 233 234 235
f 234 236 235
f 235 236 237
f 236 238 237
f 237 238 239
f 238 240 239
f 239 240 241
f 240 242 241
f 241 242 243
f 242 244 243
f 243 244 245
f 244 246 245
f 245 246 247
f 246 248 247
f 247 248 249
f 248 250 249
f 249 250 251
f 250 252 251
f 251 252 253
f 252 254 253
f 253 254 255
f 254 256 255
f 255 256 257
f 256 258 257
f 257 258 259
f 258 260 259
f 259 260 261
f 260 262 261
f 261 262 263
f 262 264 263
f 263 264 265
f 264 266 265
f 265 266 267
f 266 268 267
f 267 268 269
f 268 270 269
f 269 270 271
f 270 272 271
f 271 272 273
f 272 274 273
f 273 274 275
f 274 276 275
f 275 276 277
f 276 278 277
f 277 278 279
f 278 280 279
f 279 280 281
f 280 282 281
f 281 282 283
f 282 284 283
f 283 284 285
f 284 286 285
f 285 286 287
f 286 288 287
f 287 288 1
f 288 2 1
f 2 289 4
f 289 290 4
f 4 290 6
f 290 291 6
f 6 291 8
f 291 292 8
f 8 292 10
f 292 293 10
f 10 293 12
f 293 294 12
f 12 294 14
f 294 295 14
f 14 295 16
f 295 296 16
f 16 296 18
f 296 297 18
f 18 297 20
f 297 298 20
f 20 298 22
f 298 299 22
f 22 299 24
f 299 300 24
f 24 300 26
f 300 301 26
f 26 301 28
f 301 302 28
f 28 302 30
f 302 303 30
f 30 303 32
f 303 304 32
f 32 304 34
f 304 305 34
f 34 305 36
f 305 306 36
f 36 306 38
f 306 307 38
f 38 307 40
f 307 308 40
f 40 308 42
f 308 309 42
f 42 309 44
f 309 310 44
f 44 310 46
f 310 311 46
f 46 311 48
f 311 312 48
f 48 312 50
f 312 313 50
f 50 313 52
f 313 314 52
f 52 314 54
f 314 315 54
f 54 315 56
f 315 316 56
f 56 316 58
f 316 317 58
f 58 317 60
f 317 318 60
f 60 318 62
f 318 319 62
f 62 319 64
f 319 320 64
f 64 320 66
f 320 321 66
f 66 321 68
f 321 322 68
f 68 322 70
f 322 323 70
f 70 323 72
f 323 324 72
f 72 324 74
f 324 325 74
f 74 325 76
f 325 326 76
f 76 326 78
f 326 327 78
f 78 327 80
f 327 328 80
f 80 328 82
f 328 329 82
f 82 329 84
f 329 330 84
f 84 330 86
f 330 331 86
f 86 331 88
f 331 332 88
f 88 332 90
f 332 333 90
f 90 333 92
f 333 334 92
f 92 334 94
f 334 335 94
f 94 335 96
f 335 336 96
f 96 336 98
f 336 337 98
f 98 337 100
f 337 338 100
f 100 338 102
f 338 339 102
f 102 339 104
f 339 340 104
f 104 340 106
f 340 341 106
f 106 341 108
f 341 342 108
f 108 342 110
f 342 343 110
f 110 343 112
f 343 344 112
f 112 344 114
f 344 345 114
f 114 345 116
f 345 346 116
f 116 346 118
f 346 347 118
f 118 347 120
f 347 348 120
f 120 348 122
f 348 349 122
f 122 349 124
f 349 350 124
f 124 350 126
f 350 351 126
f 126 351 128
f 351 352 128
f 128 352 130
f 352 353 130
f 130 353 132
f 353 354 132
f 132 354 134
f 354 355 134
f 134 355 136
f 355 356 136
f 136 356 138
f 356 357 138
f 138 357 140
f 357 358 140
f 140 358 142
f 358 359 142
f 142 359 144
f 359 360 144
f 144 360 146
f 360 361 146
f 146 361 148
f 361 362 148
f 148 362 150
f 362 363 150
f 150 363 152
f 363 364 152
f 152 364 154
f 364 365 154
f 154 365 156
f 365 366 156
f 156 366 158
f 366 367 158
f 158 367 160
f 367 368 160
f 160 368 162
f 368 369 162
f 162 369 164
f 369 370 164
f 164 370 166
f 370 371 166
f 166 371 168
f 371 372 168
f 168 372 170
f 372 373 170
f 170 373 172
f 373 374 172
f 172 374 174
f 374 375 174
f 174 375 176
f 375 376 176
f 176 376 178
f 376 377 178
f 178 377 180
f 377 378 180
f 180 378 182
f 378 379 182
f 182 379 184
f 379 380 184
f 184 380 186
f 380 381 186
f 186 381 188
f 381 382 188
f 188 382 190
f 382 383 190
f 190 383 192
f 383 384 192
f 192 384 194
f 384 385 194
f 194 385 196
f 385 386 196
f 196 386 198
f 386 387 198
f 198 387 200
f 387 388 200
f 200 388 202
f 388 389 202
f 202 389 204
f 389 390 204
f 204 390 206
f 390 391 206
f 206 391 208
f 391 392 208
f 208 392 210
f 392 393 210
f 210 393 212
f 393 394 212
f 212 394 214
f 394 395 214
f 214 395 216
f 395 396 216
f 216 396 218
f 396 397 218
f 218 397 220
f 397 398 220
f 220 398 222
f 398 399 222
f 222 399 224
f 399 400 224
f 224 400 226
f 400 401 226
f 226 401 228
f 401 402 228
f 228 402 230
f 402 403 230
f 230 403 232
f 403 404 232
f 232 404 234
f 404 405 234
f 234 405 236
f 405 406 236
f 236 406 238
f 406 407 238
f 238 407 240
f 407 408 240
f 240 408 242
f 408 409 242
f 242 409 244
f 409 410 244
f 244 410 246
f 410 411 246
f 246 411 248
f 411 412 248
f 248 412 250
f 412 413 250
f 250 413 252
f 413 414 252
f 252 414 254
f 414 415 254
f 254 415 256
f 415 416 256
f 256 416 258
f 416 417 258
f 258 417 260
f 417 418 260
f 260 418 262
f 418 419 262
f 262 419 264
f 419 420 264
f 264 420 266
f 420 421 266
f 266 421 268
f 421 422 268
f 268 422 270
f 422 423 270
f 270 423 272
f 423 424 272
f 272 424 274
f 424 425 274
f 274 425 276
f 425 426 276
f 276 426 278
f 426 427 278
f 278 427 280
f 427 428 280
f 280 428 282
f 428 429 282
f 282 429 284
f 429 430 284
f 284 430 286
f 430 431 286
f 286 431 288
f 431 432 288
f 288 432 2
f 432 289 2
f 289 433 290
f 433 434 290
f 290 434 291
f 434 435 291
f 291 435 292
f 435 436 292
f 292 436 293
f 436 437 293
f 293 437 294
f 437 438 294
f 294 438 295
f 438 439 295
f 295 439 296
f 439 440 296
f 296 440 297
f 440 441 297
f 297 441 298
f 441 442 298
f 298 442 299
f 442 443 299
f 299 443 300
f 443 444 300
f 300 444 301
f 444 445 301
f 301 445 302
f 445 446 302
f 302 446 303
f 446 447 303
f 303 447 304
f 447 448 304
f 304 448 305
f 448 449 305
f 305 449 306
f 449 450 306
f 306 450 307
f 450 451 307
f 307 451 308
f 451 452 308
f 308 452 309
f 452 453 309
f 309 453 310
f 453 454 310
f 310 454 311
f 454 455 311
f 311 455 312
f 455 456 312
f 312 456 313
f 456 457 313
f 313 457 314
f 457 458 314
f 314 458 315
f 458 459 315
f 315 459 316
f 459 460 316
f 316 460 317
f 460 461 317
f 317 461 318
f 461 462 318
f 318 462 319
f 462 463 319
f 319 463 320
f 463 464 320
f 320 464 321
f 464 465 321
f 321 465 322
f 465 466 322
f 322 466 323
f 466 467 323
f 323 467 324
f 467 468 324
f 324 468 325
f 468 469 325
f 325 469 326
f 469 470 326
f 326 470 327
f 470 471 327
f 327 471 328
f 471 472 328
f 328 472 329
f 472 473 329
f 329 473 330
f 473 474 330
f 330 474 331
f 474 475 331
f 331 475 332
f 475 476 332
f 332 476 333
f 476 477 333
f 333 477 334
f 477 478 334
f 334 478 335
f 478 479 335
f 335 479 336
f 479 480 336
f 336 480 337
f 480 481 337
f 337 481 338
f 481 482 338
f 338 482 339
f 482 483 339
f 339 483 340
f 483 484 340
f 340 484 341
f 484 485 341
f 341 485 342
f 485 486 342
f 342 486 343
f 486 487 343
f 343 487 344
f 487 488 344
f 344 488 345
f 488 489 345
f 345 489 346
f 489 490 346
f 346 490 347
f 490 491 347
f 347 491 348
f 491 492 348
f 348 492 349
f 492 493 349
f 349 493 350
f 493 494 350
f 350 494 351
f 494 495 351
f 351 495 352
f 495 496 352
f 352 496 353
f 496 497 353
f 353 497 354
f 497 498 354
f 354 498 355
f 498 499 355
f 355 499 356
f 499 500 356
f 356 500 357
f 500 501 357
f 357 501 358
f 501 502 358
f 358 502 359
f 502 503 359
f 359 503 360
f 503 504 360
f 360 504 361
f 504 505 361
f 361 505 362
f 505 506 362
f 362 506 363
f 506 507 363
f 363 507 364
f 507 508 364
f 364 508 365
f 508 509 365
f 365 509 366
f 509 510 366
f 366 510 367
f 510 511 367
f 367 511 368
f 511 512 368
f 368 512 369
f 512 513 369
f 369 513 370
f 513 514 370
f 370 514 371
f 514 515 371
f 371 515 372
f 515 516 372
f 372 516 373
f 516 517 373
f 373 517 374
f 517 518 374
f 374 518 375
f 518 519 375
f 375 519 376
f 519 520 376
f 376 520 377
f 520 521 377
f 377 521 378
f 521 522 378
f 378 522 379
f 522 523 379
f 379 523 380
f 523 524 380
f 380 524 381
f 524 525 381
f 381 525 382
f 525 526 382
f 382 526 383
f 526 527 383
f 383 527 384
f 527 528 384
f 384 528 385
f 528 529 385
f 385 529 386
f 529 530 386
f 386 530 387
f 530 531 387
f 387 531 388
f 531 532 388
f 388 532 389
f 532 533 389
f 389 533 390
f 533 534 390
f 390 534 391
f 534 535 391
f 391 535 392
f 535 536 392
f 392 536 393
f 536 537 393
f 393 537 394
f 537 538 394
f 394 538 395
f 538 539 395
f 395 539 396
f 539 540 396
f 396 540 397
f 540 541 397
f 397 541 398
f 541 542 398
f 398 542 399
f 542 543 399
f 399 543 400
f 543 544 400
f 400 544 401
f 544 545 401
f 401 545 402
f 545 546 402
f 402 546 403
f 546 547 403
f 403 547 404
f 547 548 404
f 404 548 405
f 548 549 405
f 405 549 406
f 549 550 406
f 406 550 407
f 550 551 407
f 407 551 408
f 551 552 408
f 408 552 409
f 552 553 409
f 409 553 410
f 553 554 410
f 410 554 411
f 554 555 411
f 411 555 412
f 555 556 412
f 412 556 413
f 556 557 413
f 413 557 414
f 557 558 414
f 414 558 415
f 558 559 415
f 415 559 416
f 559 560 416
f 416 560 417
f 560 561 417
f 417 561 418
f 561 562 418
f 418 562 419
f 562 563 419
f 419 563 420
f 563 564 420
f 420 564 421
f 564 565 421
f 421 565 422
f 565 566 422
f 422 566 423
f 566 567 423
f 423 567 424
f 567 568 424
f 424 568 425
f 568 569 425
f 425 569 426
f 569 570 426
f 426 570 427
f 570 571 427
f 427 571 428
f 571 572 428
f 428 572 429
f 572 573 429
f 429 573 430
f 573 574 430
f 430 574 431
f 574 575 431
f 431 575 432
f 575 576 432
f 432 576 289
f 576 433 289
f 433 577 434
f 577 578 434
f 434 578 435
f 578 579 435
f 435 579 436
f 579 580 436
f 436 580 437
f 580 581 437
f 437 581 438
f 581 582 438
f 438 582 439
f 582 583 439
f 439 583 440
f 583 584 440
f 440 584 441
f 584 585 441
f 441 585 442
f 585 586 442
f 442 586 443
f 586 587 443
f 443 587 444
f 587 588 444
f 444 588 445
f 588 589 445
f 445 589 446
f 589 590 446
f 446 590 447
f 590 591 447
f 447 591 448
f 591 592 448
f 448 592 449
f 592 593 449
f 449 593 450
f 593 594 450
f 450 594 451
f 594 595 451
f 451 595 452
f 595 596 452
f 452 596 453
f 596 597 453
f 453 597 454
f 597 598 454
f 454 598 455
f 598 599 455
f 455 599 456
f 599 600 456
f 456 600 457
f 600 601 457
f 457 601 458
f 601 602 458
f 458 602 459
f 602 603 459
f 459 603 460
f 603 604 460
f 460 604 461
f 604 605 461
f 461 605 462
f 605 606 462
f 462 606 463
f 606 607 463
f 463 607 464
f 607 608 464
f 464 608 465
f 608 609 465
f 465 609 466
f 609 610 466
f 466 610 467
f 610 611 467
f 467 611 468
f 611 612 468
f 468 612 469
f 612 613 469
f 469 613 470
f 613 614 470
f 470 614 471
f 614 615 471
f 471 615 472
f 615 616 472
f 472 616 473
f 616 617 473
f 473 617 474
f 617 618 474
f 474 618 475
f 618 619 475
f 475 619 476
f 619 620 476
f 476 620 477
f 620 621 477
f 477 621 478
f 621 622 478
f 478 622 479
f 622 623 479
f 479 623 480
f 623 624 480
f 480 624 481
f 624 625 481
f 481 625 482
f 625 626 482
f 482 626 483
f 626 627 483
f 483 627 484
f 627 628 484
f 484 628 485
f 628 629 485
f 485 629 486
f 629 630 486
f 486 630 487
f 630 631 487
f 487 631 488
f 631 632 488
f 488 632 489
f 632 633 489
f 489 633 490
f 633 634 490
f 490 634 491
f 634 635 491
f 491 635 492
f 635 636 492
f 492 636 493
f 636 637 493
f 493 637 494
f 637 638 494
f 494 638 495
f 638 639 495
f 495 639 496
f 639 640 496
f 496 640 497
f 640 641 497
f 497 641 498
f 641 642 498
f 498 642 499
f 642 643 499
f 499 643 500
f 643 644 500
f 500 644 501
f 644 645 501
f 501 645 502
f 645 646 502
f 502 646 503
f 646 647 503
f 503 647 504
f 647 648 504
f 504 648 505
f 648 649 505
f 505 649 506
f 649 650 506
f 506 650 507
f 650 651 507
f 507 651 508
f 651 652 508
f 508 652 509
f 652 653 509
f 509 653 510
f 653 654 510
f 510 654 511
f 654 655 511
f 511 655 512
f 655 656 512
f 512 656 513
f 656 657 513
f 513 657 514
f 657 658 514
f 514 658 515
f 658 659 515
f 515 659 516
f 659 660 516
f 516 660 517
f 660 661 517
f 517 661 518
f 661 662 518
f 518 662 519
f 662 663 519
f 519 663 520
f 663 664 520
f 520 664 521
f 664 665 521
f 521 665 522
f 665 666 522
f 522 666 523
f 666 667 523
f 523 667 524
f 667 668 524
f 524 668 525
f 668 669 525
f 525 669 526
f 669 670 526
f 526 670 527
f 670 671 527
f 527 671 528
f 671 672 528
f 528 672 529
f 672 673 529
f 529 673 530
f 673 674 530
f 530 674 531
f 674 675 531
f 531 675 532
f 675 676 532
f 532 676 533
f 676 677 533
f 533 677 534
f 677 678 534
f 534 678 535
f 678 679 535
f 535 679 536
f 679 680 536
f 536 680 537
f 680 681 537
f 537 681 538
f 681 682 538
f 538 682 539
f 682 683 539
f 539 683 540
f 683 684 540
f 540 684 541
f 684 685 541
f 541 685 542
f 685 686 542
f 542 686 543
f 686 687 543
f 543 687 544
f 687 688 544
f 544 688 545
f 688 689 545
f 545 689 546
f 689 690 546
f 546 690 547
f 690 691 547
f 547 691 548
f 691 692 548
f 548 692 549
f 692 693 549
f 549 693 550
f 693 694 550
f 550 694 551
f 694 695 551
f 551 695 552
f 695 696 552
f 552 696 553
f 696 697 553
f 553 697 554
f 697 698 554
f 554 698 555
f 698 699 555
f 555 699 556
f 699 700 556
f 556 700 557
f 700 701 557
f 557 701 558
f 701 702 558
f 558 702 559
f 702 703 559
f 559 703 560
f 703 704 560
f 560 704 561
f 704 705 561
f 561 705 562
f 705 706 562
f 562 706 563
f 706 707 563
f 563 707 564
f 707 708 564
f 564 708 565
f 708 709 565
f 565 709 566
f 709 710 566
f 566 710 567
f 710 711 567
f 567 711 568
f 711 712 568
f 568 712 569
f 712 713 569
f 569 713 570
f 713 714 570
f 570 714 571
f 714 715 571
f 571 715 572
f 715 716 572
f 572 716 573
f 716 717 573
f 573 717 574
f 717 718 574
f 574 718 575
f 718 719 575
f 575 719 576
f 719 720 576
f 576 720 433
f 720 577 433
f 577 721 578
f 721 722 578
f 578 722 579
f 722 723 579
f 579 723 580
f 723 724 580
f 580 724 581
f 724 725 581
f 581 725 582
f 725 726 582
f 582 726 583
f 726 727 583
f 583 727 584
f 727 728 584
f 584 728 585
f 728 729 585
f 585 729 586
f 729 730 586
f 586 730 587
f 730 731 587
f 587 731 588
f 731 732 588
f 588 732 589
f 732 733 589
f 589 733 590
f 733 734 590
f 590 734 591
f 734 735 591
f 591 735 592
f 735 736 592
f 592 736 593
f 736 737 593
f 593 737 594
f 737 738 594
f 594 738 595
f 738 739 595
f 595 739 596
f 739 740 596
f 596 740 597
f 740 741 597
f 597 741 598
f 741 742 598
f 598 742 599
f 742 743 599
f 599 743 600
f 743 744 600
f 600 744 601
f 744 745 601
f 601 745 602
f 745 746 602
f 602 746 603
f 746 747 603
f 603 747 604
f 747 748 604
f 604 748 605
f 748 749 605
f 605 749 606
f 749 750 606
f 606 750 607
f 750 751 607
f 607 751 608
f 751 752 608
f 608 752 609
f 752 753 609
f 609 753 610
f 753 754 610
f 610 754 611
f 754 755 611
f 611 755 612
f 755 756 612
f 612 756 613
f 756 757 613
f 613 757 614
f 757 758 614
f 614 758 615
f 758 759 615
f 615 759 616
f 759 760 616
f 616 760 617
f 760 761 617
f 617 761 618
f 761 762 618
f 618 762 619
f 762 763 619
f 619 763 620
f 763 764 620
f 620 764 621
f 764 765 621
f 621 765 622
f 765 766 622
f 622 766 623
f 766 767 623
f 623 767 624
f 767 768 624
f 624 768 625
f 768 769 625
f 625 769 626
f 769 770 626
f 626 770 627
f 770 771 627
f 627 771 628
f 771 772 628
f 628 772 629
f 772 773 629
f 629 773 630
f 773 774 630
f 630 774 631
f 774 775 631
f 631 775 632
f 775 776 632
f 632 776 633
f 776 777 633
f 633 777 634
f 777 778 634
f 634 778 635
f 778 779 635
f 635 779 636
f 779 780 636
f 636 780 637
f 780 781 637
f 637 781 638
f 781 782 638
f 638 782 639
f 782 783 639
f 639 783 640
f 783 784 640
f 640 784 641
f 784 785 641
f 641 785 642
f 785 786 642
f 642 786 643
f 786 787 643
f 643 787 644
f 787 788 644
f 644 788 645
f 788 789 645
f 645 789 646
f 789 790 646
f 646 790 647
f 790 791 647
f 647 791 648
f 791 792 648
f 648 792 649
f 792 793 649
f 649 793 650
f 793 794 650
f 650 794 651
f 794 795 651
f 651 795 652
f 795 796 652
f 652 796 653
f 796 797 653
f 653 797 654
f 797 798 654
f 654 798 655
f 798 799 655
f 655 799 656
f 799 800 656
f 656 800 657
f 800 801 657
f 657 801 658
f 801 802 658
f 658 802 659
f 802 803 659
f 659 803 660
f 803 804 660
f 660 804 661
f 804 805 661
f 661 805 662
f 805 806 662
f 662 806 663
f 806 807 663
f 663 807 664
f 807 808 664
f 664 808 665
f 808 809 665
f 665 809 666
f 809 810 666
f 666 810 667
f 810 811 667
f 667 811 668
f 811 812 668
f 668 812 669
f 812 813 669
f 669 813 670
f 813 814 670
f 670 814 671
f 814 815 671
f 671 815 672
f 815 816 672
f 672 816 673
f 816 817 673
f 673 817 674
f 817 818 674
f 674 818 675
f 818 819 675
f 675 819 676
f 819 820 676
f 676 820 677
f 820 821 677
f 677 821 678
f 821 822 678
f 678 822 679
f 822 823 679
f 679 823 680
f 823 824 680
f 680 824 681
f 824 825 681
f 681 825 682
f 825 826 682
f 682 826 683
f 826 827 683
f 683 827 684
f 827 828 684
f 684 828 685
f 828 829 685
f 685 829 686
f 829 830 686
f 686 830 687
f 830 831 687
f 687 831 688
f 831 832 688
f 688 832 689
f 832 833 689
f 689 833 690
f 833 834 690
f 690 834 691
f 834 835 691
f 691 835 692
f 835 836 692
f 692 836 693
f 836 837 693
f 693 837 694
f 837 838 694
f 694 838 695
f 838 839 695
f 695 839 696
f 839 840 696
f 696 840 697
f 840 841 697
f 697 841 698
f 841 842 698
f 698 842 699
f 842 843 699
f 699 843 700
f 843 844 700
f 700 844 701
f 844 845 701
f 701 845 702
f 845 846 702
f 702 846 703
f 846 847 703
f 703 847 704
f 847 848 704
f 704 848 705
f 848 849 705
f 705 849 706
f 849 850 706
f 706 850 707
f 850 851 707
f 707 851 708
f 851 852 708
f 708 852 709
f 852 853 709
f 709 853 710
f 853 854 710
f 710 854 711
f 854 855 711
f 711 855 712
f 855 856 712
f 712 856 713
f 856 857 713
f 713 857 714
f 857 858 714
f 714 858 715
f 858 859 715
f 715 859 716
f 859 860 716
f 716 860 717
f 860 861 717
f 717 861 718
f 861 862 718
f 718 862 719
f 862 863 719
f 719 863 720
f 863 864 720
f 720 864 577
f 864 721 577
f 721 865 722
f 865 866 722
f 722 866 723
f 866 867 723
f 723 867 724
f 867 868 724
f 724 868 725
f 868 869 725
f 725 869 726
f 869 870 726
f 726 870 727
f 870 871 727
f 727 871 728
f 871 872 728
f 728 872 729
f 872 873 729
f 729 873 730
f 873 874 730
f 730 874 731
f 874 875 731
f 731 875 732
f 875 876 732
f 732 876 733
f 876 877 733
f 733 877 734
f 877 878 734
f 734 878 735
f 878 879 735
f 735 879 736
f 879 880 736
f 736 880 737
f 880 881 737
f 737 881 738
f 881 882 738
f 738 882 739
f 882 883 739
f 739 883 740
f 883 884 740
f 740 884 741
f 884 885 741
f 741 885 742
f 885 886 742
f 742 886 743
f 886 887 743
f 743 887 744
f 887 888 744
f 744 888 745
f 888 889 745
f 745 889 746
f 889 890 746
f 746 890 747
f 890 891 747
f 747 891 748
f 891 892 748
f 748 892 749
f 892 893 749
f 749 893 750
f 893 894 750
f 750 894 751
f 894 895 751
f 751 895 752
f 895 896 752
f 752 896 753
f 896 897 753
f 753 897 754
f 897 898 754
f 754 898 755
f 898 899 755
f 755 899 756
f 899 900 756
f 756 900 757
f 900 901 757
f 757 901 758
f 901 902 758
f 758 902 759
f 902 903 759
f 759 903 760
f 903 904 760
f 760 904 761
f 904 905 761
f 761 905 762
f 905 906 762
f 762 906 763
f 906 907 763
f 763 907 764
f 907 908 764
f 764 908 765
f 908 909 765
f 765 909 766
f 909 910 766
f 766 910 767
f 910 911 767
f 767 911 768
f 911 912 768
f 768 912 769
f 912 913 769
f 769 913 770
f 913 914 770
f 770 914 771
f 914 915 771
f 771 915 772
f 915 916 772
f 772 916 773
f 916 917 773
f 773 917 774
f 917 918 774
f 774 918 775
f 918 919 775
f 775 919 776
f 919 920 776
f 776 920 777
f 920 921 777
f 777 921 778
f 921 922 778
f 778 922 779
f 922 923 779
f 779 923 780
f 923 924 780
f 780 924 781
f 924 925 781
f 781 925 782
f 925 926 782
f 782 926 783
f 926 927 783
f 783 927 784
f 927 928 784
f 784 928 785
f 928 929 785
f 785 929 786
f 929 930 786
f 786 930 787
f 930 931 787
f 787 931 788
f 931 932 788
f 788 932 789
f 932 933 789
f 789 933 790
f 933 934 790
f 790 934 791
f 934 935 791
f 791 935 792
f 935 936 792
f 792 936 793
f 936 937 793
f 793 937 794
f 937 938 794
f 794 938 795
f 938 939 795
f 795 939 796
f 939 940 796
f 796 940 797
f 940 941 797
f 797 941 798
f 941 942 798
f 798 942 799
f 942 943 799
f 799 943 800
f 943 944 800
f 800 944 801
f 944 945 801
f 801 945 802
f 945 946 802
f 802 946 803
f 946 947 803
f 803 947 804
f 947 948 804
f 804 948 805
f 948 949 805
f 805 949 806
f 949 950 806
f 806 950 807
f 950 951 807
f 807 951 808
f 951 952 808
f 808 952 809
f 952 953 809
f 809 953 810
f 953 954 810
f 810 954 811
f 954 955 811
f 811 955 812
f 955 956 812
f 812 956 813
f 956 957 813
f 813 957 814
f 957 958 814
f 814 958 815
f 958 959 815
f 815 959 816
f 959 960 816
f 816 960 817
f 960 961 817
f 817 961 818
f 961 962 818
f 818 962 819
f 962 963 819
f 819 963 820
f 963 964 820
f 820 964 821
f 964 965 821
f 821 965 822
f 965 966 822
f 822 966 823
f 966 967 823
f 823 967 824
f 967 968 824
f 824 968 825
f 968 969 825
f 825 969 826
f 969 970 826
f 826 970 827
f 970 971 827
f 827 971 828
f 971 972 828
f 828 972 829
f 972 973 829
f 829 973 830
f 973 974 830
f 830 974 831
f 974 975 831
f 831 975 832
f 975 976 832
f 832 976 833
f 976 977 833
f 833 977 834
f 977 978 834
f 834 978 835
f 978 979 835
f 835 979 836
f 979 980 836
f 836 980 837
f 980 981 837
f 837 981 838
f 981 982 838
f 838 982 839
f 982 983 839
f 839 983 840
f 983 984 840
f 840 984 841
f 984 985 841
f 841 985 842
f 985 986 842
f 842 986 843
f 986 987 843
f 843 987 844
f 987 988 844
f 844 988 845
f 988 989 845
f 845 989 846
f 989 990 846
f 846 990 847
f 990 991 847
f 847 991 848
f 991 992 848
f 848 992 849
f 992 993 849
f 849 993 850
f 993 994 850
f 850 994 851
f 994 995 851
f 851 995 852
f 995 996 852
f 852 996 853
f 996 997 853
f 853 997 854
f 997 998 854
f 854 998 855
f 998 999 855
f 855 999 856
f 999 1000 856
f 856 1000 857
f 1000 1001 857
f 857 1001 858
f 1001 1002 858
f 858 1002 859
f 1002 1003 859
f 859 1003 860
f 1003 1004 860
f 860 1004 861
f 1004 1005 861
f 861 1005 862
f 1005 1006 862
f 862 1006 863
f 1006 1007 863
f 863 1007 864
f 1007 1008 864
f 864 1008 721
f 1008 865 721
f 865 1009 866
f 1009 1010 866
f 866 1010 867
f 1010 1011 867
f 867 1011 868
f 1011 1012 868
f 868 1012 869
f 1012 1013 869
f 869 1013 870
f 1013 1014 870
f 870 1014 871
f 1014 1015 871
f 871 1015 872
f 1015 1016 872
f 872 1016 873
f 1016 1017 873
f 873 1017 874
f 1017 1018 874
f 874 1018 875
f 1018 1019 875
f 875 1019 876
f 1019 1020 876
f 876 1020 877
f 1020 1021 877
f 877 1021 878
f 1021 1022 878
f 878 1022 879
f 1022 1023 879
f 879 1023 880
f 1023 1024 880
f 880 1024 881
f 1024 1025 881
f 881 1025 882
f 1025 1026 882
f 882 1026 883
f 1026 1027 883
f 883 1027 884
f 1027 1028 884
f 884 1028 885
f 1028 1029 885
f 885 1029 886
f 1029 1030 886
f 886 1030 887
f 1030 1031 887
f 887 1031 888
f 1031 1032 888
f 888 1032 889
f 1032 1033 889
f 889 1033 890
f 1033 1034 890
f 890 1034 891
f 1034 1035 891
f 891 1035 892
f 1035 1036 892
f 892 1036 893
f 1036 1037 893
f 893 1037 894
f 1037 1038 894
f 894 1038 895
f 1038 1039 895
f 895 1039 896
f 1039 1040 896
f 896 1040 897
f 1040 1041 897
f 897 1041 898
f 1041 1042 898
f 898 1042 899
f 1042 1043 899
f 899 1043 900
f 1043 1044 900
f 900 1044 901
f 1044 1045 901
f 901 1045 902
f 1045 1046 902
f 902 1046 903
f 1046 1047 903
f 903 1047 904
f 1047 1048 904
f 904 1048 905
f 1048 1049 905
f 905 1049 906
f 1049 1050 906
f 906 1050 907
f 1050 1051 907
f 907 1051 908
f 1051 1052 908
f 908 1052 909
f 1052 1053 909
f 909 1053 910
f 1053 1054 910
f 910 1054 911
f 1054 1055 911
f 911 1055 912
f 1055 1056 912
f 912 1056 913
f 1056 1057 913
f 913 1057 914
f 1057 1058 914
f 914 1058 915
f 1058 1059 915
f 915 1059 916
f 1059 1060 916
f 916 1060 917
f 1060 1061 917
f 917 1061 918
f 1061 1062 918
f 918 1062 919
f 1062 1063 919
f 919 1063 920
f 1063 1064 920
f 920 1064 921
f 1064 1065 921
f 921 1065 922
f 1065 1066 922
f 922 1066 923
f 1066 1067 923
f 923 1067 924
f 1067 1068 924
f 924 1068 925
f 1068 1069 925
f 925 1069 926
f 1069 1070 926
f 926 1070 927
f 1070 1071 927
f 927 1071 928
f 1071 1072 928
f 928 1072 929
f 1072 1073 929
f 929 1073 930
f 1073 1074 930
f 930 1074 931
f 1074 1075 931
f 931 1075 932
f 1075 1076 932
f 932 1076 933
f 1076 1077 933
f 933 1077 934
f 1077 1078 934
f 934 1078 935
f 1078 1079 935
f 935 1079 936
f 1079 1080 936
f 936 1080 937
f 1080 1081 937
f 937 1081 938
f 1081 1082 938
f 938 1082 939
f 1082 1083 939
f 939 1083 940
f 1083 1084 940
f 940 1084 941
f 1084 1085 941
f 941 1085 942
f 1085 1086 942
f 942 1086 943
f 1086 1087 943
f 943 1087 944
f 1087 1088 944
f 944 1088 945
f 1088 1089 945
f 945 1089 946
f 1089 1090 946
f 946 1090 947
f 1090 1091 947
f 947 1091 948
f 1091 1092 948
f 948 1092 949
f 1092 1093 949
f 949 1093 950
f 1093 1094 950
f 950 1094 951
f 1094 1095 951
f 951 1095 952
f 1095 1096 952
f 952 1096 953
f 1096 1097 953
f 953 1097 954
f 1097 1098 954
f 954 1098 955
f 1098 1099 955
f 955 1099 956
f 1099 1100 956
f 956 1100 957
f 1100 1101 957
f 957 1101 958
f 1101 1102 958
f 958 1102 959
f 1102 1103 959
f 959 1103 960
f 1103 1104 960
f 960 1104 961
f 1104 1105 961
f 961 1105 962
f 1105 1106 962
f 962 1106 963
f 1106 1107 963
f 963 1107 964
f 1107 1108 964
f 964 1108 965
f 1108 1109 965
f 965 1109 966
f 1109 1110 966
f 966 1110 967
f 1110 1111 967
f 967 1111 968
f 1111 1112 968
f 968 1112 969
f 1112 1113 969
f 969 1113 970
f 1113 1114 970
f 970 1114 971
f 1114 1115 971
f 971 1115 972
f 1115 1116 972
f 972 1116 973
f 1116 1117 973
f 973 1117 974
f 1117 1118 974
f 974 1118 975
f 1118 1119 975
f 975 1119 976
f 1119 1120 976
f 976 1120 977
f 1120 1121 977
f 977 1121 978
f 1121 1122 978
f 978 1122 979
f 1122 1123 979
f 979 1123 980
f 1123 1124 980
f 980 1124 981
f 1124 1125 981
f 981 1125 982
f 1125 1126 982
f 982 1126 983
f 1126 1127 983
f 983 1127 984
f 1127 1128 984
f 984 1128 985
f 1128 1129 985
f 985 1129 986
f 1129 1130 986
f 986 1130 987
f 1130 1131 987
f 987 1131 988
f 1131 1132 988
f 988 1132 989
f 1132 1133 989
f 989 1133 990
f 1133 1134 990
f 990 1134 991
f 1134 1135 991
f 991 1135 992
f 1135 1136 992
f 992 1136 993
f 1136 1137 993
f 993 1137 994
f 1137 1138 994
f 994 1138 995
f 1138 1139 995
f 995 1139 996
f 1139 1140 996
f 996 1140 997
f 1140 1141 997
f 997 1141 998
f 1141 1142 998
f 998 1142 999
f 1142 1143 999
f 999 1143 1000
f 1143 1144 1000
f 1000 1144 1001
f 1144 1145 1001
f 1001 1145 1002
f 1145 1146 1002
f 1002 1146 1003
f 1146 1147 1003
f 1003 1147 1004
f 1147 1148 1004
f 1004 1148 1005
f 1148 1149 1005
f 1005 1149 1006
f 1149 1150 1006
f 1006 1150 1007
f 1150 1151 1007
f 1007 1151 1008
f 1151 1152 1008
f 1008 1152 865
f 1152 1009 865
f 1009 1153 1010
f 1153 1154 1010
f 1010 1154 1011
f 1154 1155 1011
f 1011 1155 1012
f 1155 1156 1012
f 1012 1156 1013
f 1156 1157 1013
f 1013 1157 1014
f 1157 1158 1014
f 1014 1158 1015
f 1158 1159 1015
f 1015 1159 1016
f 1159 1160 1016
f 1016 1160 1017
f 1160 1161 1017
f 1017 1161 1018
f 1161 1162 1018
f 1018 1162 1019
f 1162 1163 1019
f 1019 1163 1020
f 1163 1164 1020
f 1020 1164 1021
f 1164 1165 1021
f 1021 1165 1022
f 1165 1166 1022
f 1022 1166 1023
f 1166 1167 1023
f 1023 1167 1024
f 1167 1168 1024
f 1024 1168 1025
f 1168 1169 1025
f 1025 1169 1026
f 1169 1170 1026
f 1026 1170 1027
f 1170 1171 1027
f 1027 1171 1028
f 1171 1172 1028
f 1028 1172 1029
f 1172 1173 1029
f 1029 1173 1030
f 1173 1174 1030
f 1030 1174 1031
f 1174 1175 1031
f 1031 1175 1032
f 1175 1176 1032
f 1032 1176 1033
f 1176 1177 1033
f 1033 1177 1034
f 1177 1178 1034
f 1034 1178 1035
f 1178 1179 1035
f 1035 1179 1036
f 1179 1180 1036
f 1036 1180 1037
f 1180 1181 1037
f 1037 1181 1038
f 1181 1182 1038
f 1038 1182 1039
f 1182 1183 1039
f 1039 1183 1040
f 1183 1184 1040
f 1040 1184 1041
f 1184 1185 1041
f 1041 1185 1042
f 1185 1186 1042
f 1042 1186 1043
f 1186 1187 1043
f 1043 1187 1044
f 1187 1188 1044
f 1044 1188 1045
f 1188 1189 1045
f 1045 1189 1046
f 1189 1190 1046
f 1046 1190 1047
f 1190 1191 1047
f 1047 1191 1048
f 1191 1192 1048
f 1048 1192 1049
f 1192 1193 1049
f 1049 1193 1050
f 1193 1194 1050
f 1050 1194 1051
f 1194 1195 1051
f 1051 1195 1052
f 1195 1196 1052
f 1052 1196 1053
f 1196 1197 1053
f 1053 1197 1054
f 1197 1198 1054
f 1054 1198 1055
f 1198 1199 1055
f 1055 1199 1056
f 1199 1200 1056
f 1056 1200 1057
f 1200 1201 1057
f 1057 1201 1058
f 1201 1202 1058
f 1058 1202 1059
f 1202 1203 1059
f 1059 1203 1060
f 1203 1204 1060
f 1060 1204 1061
f 1204 1205 1061
f 1061 1205 1062
f 1205 1206 1062
f 1062 1206 1063
f 1206 1207 1063
f 1063 1207 1064
f 1207 1208 1064
f 1064 1208 1065
f 1208 1209 1065
f 1065 1209 1066
f 1209 1210 1066
f 1066 1210 1067
f 1210 1211 1067
f 1067 1211 1068
f 1211 1212 1068
f 1068 1212 1069
f 1212 1213 1069
f 1069 1213 1070
f 1213 1214 1070
f 1070 1214 1071
f 1214 1215 1071
f 1071 1215 1072
f 1215 1216 1072
f 1072 1216 1073
f 1216 1217 1073
f 1073 1217 1074
f 1217 1218 1074
f 1074 1218 1075
f 1218 1219 1075
f 1075 1219 1076
f 1219 1220 1076
f 1076 1220 1077
f 1220 1221 1077
f 1077 1221 1078
f 1221 1222 1078
f 1078 1222 1079
f 1222 1223 1079
f 1079 1223 1080
f 1223 1224 1080
f 1080 1224 1081
f 1224 1225 1081
f 1081 1225 1082
f 1225 1226 1082
f 1082 1226 1083
f 1226 1227 1083
f 1083 1227 1084
f 1227 1228 1084
f 1084 1228 1085
f 1228 1229 1085
f 1085 1229 1086
f 1229 1230 1086
f 1086 1230 1087
f 1230 1231 1087
f 1087 1231 1088
f 1231 1232 1088
f 1088 1232 1089
f 1232 1233 1089
f 1089 1233 1090
f 1233 1234 1090
f 1090 1234 1091
f 1234 1235 1091
f 1091 1235 1092
f 1235 1236 1092
f 1092 1236 1093
f 1236 1237 1093
f 1093 1237 1094
f 1237 1238 1094
f 1094 1238 1095
f 1238 1239 1095
f 1095 1239 1096
f 1239 1240 1096
f 1096 1240 1097
f 1240 1241 1097
f 1097 1241 1098
f 1241 1242 1098
f 1098 1242 1099
f 1242 1243 1099
f 1099 1243 1100
f 1243 1244 1100
f 1100 1244 1101
f 1244 1245 1101
f 1101 1245 1102
f 1245 1246 1102
f 1102 1246 1103
f 1246 1247 1103
f 1103 1247 1104
f 1247 1248 1104
f 1104 1248 1105
f 1248 1249 1105
f 1105 1249 1106
f 1249 1250 1106
f 1106 1250 1107
f 1250 1251 1107
f 1107 1251 1108
f 1251 1252 1108
f 1108 1252 1109
f 1252 1253 1109
f 1109 1253 1110
f 1253 1254 1110
f 1110 1254 1111
f 1254 1255 1111
f 1111 1255 1112
f 1255 1256 1112
f 1112 1256 1113
f 1256 1257 1113
f 1113 1257 1114
f 1257 1258 1114
f 1114 1258 1115
f 1258 1259 1115
f 1115 1259 1116
f 1259 1260 1116
f 1116 1260 1117
f 1260 1261 1117
f 1117 1261 1118
f 1261 1262 1118
f 1118 1262 1119
f 1262 1263 1119
f 1119 1263 1120
f 1263 1264 1120
f 1120 1264 1121
f 1264 1265 1121
f 1121 1265 1122
f 1265 1266 1122
f 1122 1266 1123
f 1266 1267 1123
f 1123 1267 1124
f 1267 1268 1124
f 1124 1268 1125
f 1268 1269 1125
f 1125 1269 1126
f 1269 1270 1126
f 1126 1270 1127
f 1270 1271 1127
f 1127 1271 1128
f 1271 1272 1128
f 1128 1272 1129
f 1272 1273 1129
f 1129 1273 1130
f 1273 1274 1130
f 1130 1274 1131
f 1274 1275 1131
f 1131 1275 1132
f 1275 1276 1132
f 1132 1276 1133
f 1276 1277 1133
f 1133 1277 1134
f 1277 1278 1134
f 1134 1278 1135
f 1278 1279 1135
f 1135 1279 1136
f 1279 1280 1136
f 1136 1280 1137
f 1280 1281 1137
f 1137 1281 1138
f 1281 1282 1138
f 1138 1282 1139
f 1282 1283 1139
f 1139 1283 1140
f 1283 1284 1140
f 1140 1284 1141
f 1284 1285 1141
f 1141 1285 1142
f 1285 1286 1142
f 1142 1286 1143
f 1286 1287 1143
f 1143 1287 1144
f 1287 1288 1144
f 1144 1288 1145
f 1288 1289 1145
f 1145 1289 1146
f 1289 1290 1146
f 1146 1290 1147
f 1290 1291 1147
f 1147 1291 1148
f 1291 1292 1148
f 1148 1292 1149
f 1292 1293 1149
f 1149 1293 1150
f 1293 1294 1150
f 1150 1294 1151
f 1294 1295 1151
f 1151 1295 1152
f 1295 1296 1152
f 1152 1296 1009
f 1296 1153 1009
f 1153 1297 1154
f 1297 1298 1154
f 1154 1298 1155
f 1298 1299 1155
f 1155 1299 1156
f 1299 1300 1156
f 1156 1300 1157
f 1300 1301 1157
f 1157 1301 1158
f 1301 1302 1158
f 1158 1302 1159
f 1302 1303 1159
f 1159 1303 1160
f 1303 1304 1160
f 1160 1304 1161
f 1304 1305 1161
f 1161 1305 1162
f 1305 1306 1162
f 1162 1306 1163
f 1306 1307 1163
f 1163 1307 1164
f 1307 1308 1164
f 1164 1308 1165
f 1308 1309 1165
f 1165 1309 1166
f 1309 1310 1166
f 1166 1310 1167
f 1310 1311 1167
f 1167 1311 1168
f 1311 1312 1168
f 1168 1312 1169
f 1312 1313 1169
f 1169 1313 1170
f 1313 1314 1170
f 1170 1314 1171
f 1314 1315 1171
f 1171 1315 1172
f 1315 1316 1172
f 1172 1316 1173
f 1316 1317 1173
f 1173 1317 1174
f 1317 1318 1174
f 1174 1318 1175
f 1318 1319 1175
f 1175 1319 1176
f 1319 1320 1176
f 1176 1320 1177
f 1320 1321 1177
f 1177 1321 1178
f 1321 1322 1178
f 1178 1322 1179
f 1322 1323 1179
f 1179 1323 1180
f 1323 1324 1180
f 1180 1324 1181
f 1324 1325 1181
f 1181 1325 1182
f 1325 1326 1182
f 1182 1326 1183
f 1326 1327 1183
f 1183 1327 1184
f 1327 1328 1184
f 1184 1328 1185
f 1328 1329 1185
f 1185 1329 1186
f 1329 1330 1186
f 1186 1330 1187
f 1330 1331 1187
f 1187 1331 1188
f 1331 1332 1188
f 1188 1332 1189
f 1332 1333 1189
f 1189 1333 1190
f 1333 1334 1190
f 1190 1334 1191
f 1334 1335 1191
f 1191 1335 1192
f 1335 1336 1192
f 1192 1336 1193
f 1336 1337 1193
f 1193 1337 1194
f 1337 1338 1194
f 1194 1338 1195
f 1338 1339 1195
f 1195 1339 1196
f 1339 1340 1196
f 1196 1340 1197
f 1340 1341 1197
f 1197 1341 1198
f 1341 1342 1198
f 1198 1342 1199
f 1342 1343 1199
f 1199 1343 1200
f 1343 1344 1200
f 1200 1344 1201
f 1344 1345 1201
f 1201 1345 1202
f 1345 1346 1202
f 1202 1346 1203
f 1346 1347 1203
f 1203 1347 1204
f 1347 1348 1204
f 1204 1348 1205
f 1348 1349 1205
f 1205 1349 1206
f 1349 1350 1206
f 1206 1350 1207
f 1350 1351 1207
f 1207 1351 1208
f 1351 1352 1208
f 1208 1352 1209
f 1352 1353 1209
f 1209 1353 1210
f 1353 1354 1210
f 1210 1354 1211
f 1354 1355 1211
f 1211 1355 1212
f 1355 1356 1212
f 1212 1356 1213
f 1356 1357 1213
f 1213 1357 1214
f 1357 1358 1214
f 1214 1358 1215
f 1358 1359 1215
f 1215 1359 1216
f 1359 1360 1216
f 1216 1360 1217
f 1360 1361 1217
f 1217 1361 1218
f 1361 1362 1218
f 1218 1362 1219
f 1362 1363 1219
f 1219 1363 1220
f 1363 1364 1220
f 1220 1364 1221
f 1364 1365 1221
f 1221 1365 1222
f 1365 1366 1222
f 1222 1366 1223
f 1366 1367 1223
f 1223 1367 1224
f 1367 1368 1224
f 1224 1368 1225
f 1368 1369 1225
f 1225 1369 1226
f 1369 1370 1226
f 1226 1370 1227
f 1370 1371 1227
f 1227 1371 1228
f 1371 1372 1228
f 1228 1372 1229
f 1372 1373 1229
f 1229 1373 1230
f 1373 1374 1230
f 1230 1374 1231
f 1374 1375 1231
f 1231 1375 1232
f 1375 1376 1232
f 1232 1376 1233
f 1376 1377 1233
f 1233 1377 1234
f 1377 1378 1234
f 1234 1378 1235
f 1378 1379 1235
f 1235 1379 1236
f 1379 1380 1236
f 1236 1380 1237
f 1380 1381 1237
f 1237 1381 1238
f 1381 1382 1238
f 1238 1382 1239
f 1382 1383 1239
f 1239 1383 1240
f 1383 1384 1240
f 1240 1384 1241
f 1384 1385 1241
f 1241 1385 1242
f 1385 1386 1242
f 1242 1386 1243
f 1386 1387 1243
f 1243 1387 1244
f 1387 1388 1244
f 1244 1388 1245
f 1388 1389 1245
f 1245 1389 1246
f 1389 1390 1246
f 1246 1390 1247
f 1390 1391 1247
f 1247 1391 1248
f 1391 1392 1248
f 1248 1392 1249
f 1392 1393 1249
f 1249 1393 1250
f 1393 1394 1250
f 1250 1394 1251
f 1394 1395 1251
f 1251 1395 1252
f 1395 1396 1252
f 1252 1396 1253
f 1396 1397 1253
f 1253 1397 1254
f 1397 1398 1254
f 1254 1398 1255
f 1398 1399 1255
f 1255 1399 1256
f 1399 1400 1256
f 1256 1400 1257
f 1400 1401 1257
f 1257 1401 1258
f 1401 1402 1258
f 1258 1402 1259
f 1402 1403 1259
f 1259 1403 1260
f 1403 1404 1260
f 1260 1404 1261
f 1404 1405 1261
f 1261 1405 1262
f 1405 1406 1262
f 1262 1406 1263
f 1406 1407 1263
f 1263 1407 1264
f 1407 1408 1264
f 1264 1408 1265
f 1408 1409 1265
f 1265 1409 1266
f 1409 1410 1266
f 1266 1410 1267
f 1410 1411 1267
f 1267 1411 1268
f 1411 1412 1268
f 1268 1412 1269
f 1412 1413 1269
f 1269 1413 1270
f 1413 1414 1270
f 1270 1414 1271
f 1414 1415 1271
f 1271 1415 1272
f 1415 1416 1272
f 1272 1416 1273
f 1416 1417 1273
f 1273 1417 1274
f 1417 1418 1274
f 1274 1418 1275
f 1418 1419 1275
f 1275 1419 1276
f 1419 1420 1276
f 1276 1420 1277
f 1420 1421 1277
f 1277 1421 1278
f 1421 1422 1278
f 1278 1422 1279
f 1422 1423 1279
f 1279 1423 1280
f 1423 1424 1280
f 1280 1424 1281
f 1424 1425 1281
f 1281 1425 1282
f 1425 1426 1282
f 1282 1426 1283
f 1426 1427 1283
f 1283 1427 1284
f 1427 1428 1284
f 1284 1428 1285
f 1428 1429 1285
f 1285 1429 1286
f 1429 1430 1286
f 1286 1430 1287
f 1430 1431 1287
f 1287 1431 1288
f 1431 1432 1288
f 1288 1432 1289
f 1432 1433 1289
f 1289 1433 1290
f 1433 1434 1290
f 1290 1434 1291
f 1434 1435 1291
f 1291 1435 1292
f 1435 1436 1292
f 1292 1436 1293
f 1436 1437 1293
f 1293 1437 1294
f 1437 1438 1294
f 1294 1438 1295
f 1438 1439 1295
f 1295 1439 1296
f 1439 1440 1296
f 1296 1440 1153
f 1440 1297 1153
f 1297 1441 1298
f 1441 1442 1298
f 1298 1442 1299
f 1442 1443 1299
f 1299 1443 1300
f 1443 1444 1300
f 1300 1444 1301
f 1444 1445 1301
f 1301 1445 1302
f 1445 1446 1302
f 1302 1446 1303
f 1446 1447 1303
f 1303 1447 1304
f 1447 1448 1304
f 1304 1448 1305
f 1448 1449 1305
f 1305 1449 1306
f 1449 1450 1306
f 1306 1450 1307
f 1450 1451 1307
f 1307 1451 1308
f 1451 1452 1308
f 1308 1452 1309
f 1452 1453 1309
f 1309 1453 1310
f 1453 1454 1310
f 1310 1454 1311
f 1454 1455 1311
f 1311 1455 1312
f 1455 1456 1312
f 1312 1456 1313
f 1456 1457 1313
f 1313 1457 1314
f 1457 1458 1314
f 1314 1458 1315
f 1458 1459 1315
f 1315 1459 1316
f 1459 1460 1316
f 1316 1460 1317
f 1460 1461 1317
f 1317 1461 1318
f 1461 1462 1318
f 1318 1462 1319
f 1462 1463 1319
f 1319 1463 1320
f 1463 1464 1320
f 1320 1464 1321
f 1464 1465 1321
f 1321 1465 1322
f 1465 1466 1322
f 1322 1466 1323
f 1466 1467 1323
f 1323 1467 1324
f 1467 1468 1324
f 1324 1468 1325
f 1468 1469 1325
f 1325 1469 1326
f 1469 1470 1326
f 1326 1470 1327
f 1470 1471 1327
f 1327 1471 1328
f 1471 1472 1328
f 1328 1472 1329
f 1472 1473 1329
f 1329 1473 1330
f 1473 1474 1330
f 1330 1474 1331
f 1474 1475 1331
f 1331 1475 1332
f 1475 1476 1332
f 1332 1476 1333
f 1476 1477 1333
f 1333 1477 1334
f 1477 1478 1334
f 1334 1478 1335
f 1478 1479 1335
f 1335 1479 1336
f 1479 1480 1336
f 1336 1480 1337
f 1480 1481 1337
f 1337 1481 1338
f 1481 1482 1338
f 1338 1482 1339
f 1482 1483 1339
f 1339 1483 1340
f 1483 1484 1340
f 1340 1484 1341
f 1484 1485 1341
f 1341 1485 1342
f 1485 1486 1342
f 1342 1486 1343
f 1486 1487 1343
f 1343 1487 1344
f 1487 1488 1344
f 1344 1488 1345
f 1488 1489 1345
f 1345 1489 1346
f 1489 1490 1346
f 1346 1490 1347
f 1490 1491 1347
f 1347 1491 1348
f 1491 1492 1348
f 1348 1492 1349
f 1492 1493 1349
f 1349 1493 1350
f 1493 1494 1350
f 1350 1494 1351
f 1494 1495 1351
f 1351 1495 1352
f 1495 1496 1352
f 1352 1496 1353
f 1496 1497 1353
f 1353 1497 1354
f 1497 1498 1354
f 1354 1498 1355
f 1498 1499 1355
f 1355 1499 1356
f 1499 1500 1356
f 1356 1500 1357
f 1500 1501 1357
f 1357 1501 1358
f 1501 1502 1358
f 1358 1502 1359
f 1502 1503 1359
f 1359 1503 1360
f 1503 1504 1360
f 1360 1504 1361
f 1504 1505 1361
f 1361 1505 1362
f 1505 1506 1362
f 1362 1506 1363
f 1506 1507 1363
f 1363 1507 1364
f 1507 1508 1364
f 1364 1508 1365
f 1508 1509 1365
f 1365 1509 1366
f 1509 1510 1366
f 1366 1510 1367
f 1510 1511 1367
f 1367 1511 1368
f 1511 1512 1368
f 1368 1512 1369
f 1512 1513 1369
f 1369 1513 1370
f 1513 1514 1370
f 1370 1514 1371
f 1514 1515 1371
f 1371 1515 1372
f 1515 1516 1372
f 1372 1516 1373
f 1516 1517 1373
f 1373 1517 1374
f 1517 1518 1374
f 1374 1518 1375
f 1518 1519 1375
f 1375 1519 1376
f 1519 1520 1376
f 1376 1520 1377
f 1520 1521 1377
f 1377 1521 1378
f 1521 1522 1378
f 1378 1522 1379
f 1522 1523 1379
f 1379 1523 1380
f 1523 1524 1380
f 1380 1524 1381
f 1524 1525 1381
f 1381 1525 1382
f 1525 1526 1382
f 1382 1526 1383
f 1526 1527 1383
f 1383 1527 1384
f 1527 1528 1384
f 1384 1528 1385
f 1528 1529 1385
f 1385 1529 1386
f 1529 1530 1386
f 1386 1530 1387
f 1530 1531 1387
f 1387 1531 1388
f 1531 1532 1388
f 1388 1532 1389
f 1532 1533 1389
f 1389 1533 1390
f 1533 1534 1390
f 1390 1534 1391
f 1534 1535 1391
f 1391 1535 1392
f 1535 1536 1392
f 1392 1536 1393
f 1536 1537 1393
f 1393 1537 1394
f 1537 1538 1394
f 1394 1538 1395
f 1538 1539 1395
f 1395 1539 1396
f 1539 1540 1396
f 1396 1540 1397
f 1540 1541 1397
f 1397 1541 1398
f 1541 1542 1398
f 1398 1542 1399
f 1542 1543 1399
f 1399 1543 1400
f 1543 1544 1400
f 1400 1544 1401
f 1544 1545 1401
f 1401 1545 1402
f 1545 1546 1402
f 1402 1546 1403
f 1546 1547 1403
f 1403 1547 1404
f 1547 1548 1404
f 1404 1548 1405
f 1548 1549 1405
f 1405 1549 1406
f 1549 1550 1406
f 1406 1550 1407
f 1550 1551 1407
f 1407 1551 1408
f 1551 1552 1408
f 1408 1552 1409
f 1552 1553 1409
f 1409 1553 1410
f 1553 1554 1410
f 1410 1554 1411
f 1554 1555 1411
f 1411 1555 1412
f 1555 1556 1412
f 1412 1556 1413
f 1556 1557 1413
f 1413 1557 1414
f 1557 1558 1414
f 1414 1558 1415
f 1558 1559 1415
f 1415 1559 1416
f 1559 1560 1416
f 1416 1560 1417
f 1560 1561 1417
f 1417 1561 1418
f 1561 1562 1418
f 1418 1562 1419
f 1562 1563 1419
f 1419 1563 1420
f 1563 1564 1420
f 1420 1564 1421
f 1564 1565 1421
f 1421 1565 1422
f 1565 1566 1422
f 1422 1566 1423
f 1566 1567 1423
f 1423 1567 1424
f 1567 1568 1424
f 1424 1568 1425
f 1568 1569 1425
f 1425 1569 1426
f 1569 1570 1426
f 1426 1570 1427
f 1570 1571 1427
f 1427 1571 1428
f 1571 1572 1428
f 1428 1572 1429
f 1572 1573 1429
f 1429 1573 1430
f 1573 1574 1430
f 1430 1574 1431
f 1574 1575 1431
f 1431 1575 1432
f 1575 1576 1432
f 1432 1576 1433
f 1576 1577 1433
f 1433 1577 1434
f 1577 1578 1434
f 1434 1578 1435
f 1578 1579 1435
f 1435 1579 1436
f 1579 1580 1436
f 1436 1580 1437
f 1580 1581 1437
f 1437 1581 1438
f 1581 1582 1438
f 1438 1582 1439
f 1582 1583 1439
f 1439 1583 1440
f 1583 1584 1440
f 1440 1584 1297
f 1584 1441 1297
f 1441 1585 1442
f 1585 1586 1442
f 1442 1586 1443
f 1586 1587 1443
f 1443 1587 1444
f 1587 1588 1444
f 1444 1588 1445
f 1588 1589 1445
f 1445 1589 1446
f 1589 1590 1446
f 1446 1590 1447
f 1590 1591 1447
f 1447 1591 1448
f 1591 1592 1448
f 1448 1592 1449
f 1592 1593 1449
f 1449 1593 1450
f 1593 1594 1450
f 1450 1594 1451
f 1594 1595 1451
f 1451 1595 1452
f 1595 1596 1452
f 1452 1596 1453
f 1596 1597 1453
f 1453 1597 1454
f 1597 1598 1454
f 1454 1598 1455
f 1598 1599 1455
f 1455 1599 1456
f 1599 1600 1456
f 1456 1600 1457
f 1600 1601 1457
f 1457 1601 1458
f 1601 1602 1458
f 1458 1602 1459
f 1602 1603 1459
f 1459 1603 1460
f 1603 1604 1460
f 1460 1604 1461
f 1604 1605 1461
f 1461 1605 1462
f 1605 1606 1462
f 1462 1606 1463
f 1606 1607 1463
f 1463 1607 1464
f 1607 1608 1464
f 1464 1608 1465
f 1608 1609 1465
f 1465 1609 1466
f 1609 1610 1466
f 1466 1610 1467
f 1610 1611 1467
f 1467 1611 1468
f 1611 1612 1468
f 1468 1612 1469
f 1612 1613 1469
f 1469 1613 1470
f 1613 1614 1470
f 1470 1614 1471
f 1614 1615 1471
f 1471 1615 1472
f 1615 1616 1472
f 1472 1616 1473
f 1616 1617 1473
f 1473 1617 1474
f 1617 1618 1474
f 1474 1618 1475
f 1618 1619 1475
f 1475 1619 1476
f 1619 1620 1476
f 1476 1620 1477
f 1620 1621 1477
f 1477 1621 1478
f 1621 1622 1478
f 1478 1622 1479
f 1622 1623 1479
f 1479 1623 1480
f 1623 1624 1480
f 1480 1624 1481
f 1624 1625 1481
f 1481 1625 1482
f 1625 1626 1482
f 1482 1626 1483
f 1626 1627 1483
f 1483 1627 1484
f 1627 1628 1484
f 1484 1628 1485
f 1628 1629 1485
f 1485 1629 1486
f 1629 1630 1486
f 1486 1630 1487
f 1630 1631 1487
f 1487 1631 1488
f 1631 1632 1488
f 1488 1632 1489
f 1632 1633 1489
f 1489 1633 1490
f 1633 1634 1490
f 1490 1634 1491
f 1634 1635 1491
f 1491 1635 1492
f 1635 1636 1492
f 1492 1636 1493
f 1636 1637 1493
f 1493 1637 1494
f 1637 1638 1494
f 1494 1638 1495
f 1638 1639 1495
f 1495 1639 1496
f 1639 1640 1496
f 1496 1640 1497
f 1640 1641 1497
f 1497 1641 1498
f 1641 1642 1498
f 1498 1642 1499
f 1642 1643 1499
f 1499 1643 1500
f 1643 1644 1500
f 1500 1644 1501
f 1644 1645 1501
f 1501 1645 1502
f 1645 1646 1502
f 1502 1646 1503
f 1646 1647 1503
f 1503 1647 1504
f 1647 1648 1504
f 1504 1648 1505
f 1648 1649 1505
f 1505 1649 1506
f 1649 1650 1506
f 1506 1650 1507
f 1650 1651 1507
f 1507 1651 1508
f 1651 1652 1508
f 1508 1652 1509
f 1652 1653 1509
f 1509 1653 1510
f 1653 1654 1510
f 1510 1654 1511
f 1654 1655 1511
f 1511 1655 1512
f 1655 1656 1512
f 1512 1656 1513
f 1656 1657 1513
f 1513 1657 1514
f 1657 1658 1514
f 1514 1658 1515
f 1658 1659 1515
f 1515 1659 1516
f 1659 1660 1516
f 1516 1660 1517
f 1660 1661 1517
f 1517 1661 1518
f 1661 1662 1518
f 1518 1662 1519
f 1662 1663 1519
f 1519 1663 1520
f 1663 1664 1520
f 1520 1664 1521
f 1664 1665 1521
f 1521 1665 1522
f 1665 1666 1522
f 1522 1666 1523
f 1666 1667 1523
f 1523 1667 1524
f 1667 1668 1524
f 1524 1668 1525
f 1668 1669 1525
f 1525 1669 1526
f 1669 1670 1526
f 1526 1670 1527
f 1670 1671 1527
f 1527 1671 1528
f 1671 1672 1528
f 1528 1672 1529
f 1672 1673 1529
f 1529 1673 1530
f 1673 1674 1530
f 1530 1674 1531
f 1674 1675 1531
f 1531 1675 1532
f 1675 1676 1532
f 1532 1676 1533
f 1676 1677 1533
f 1533 1677 1534
f 1677 1678 1534
f 1534 1678 1535
f 1678 1679 1535
f 1535 1679 1536
f 1679 1680 1536
f 1536 1680 1537
f 1680 1681 1537
f 1537 1681 1538
f 1681 1682 1538
f 1538 1682 1539
f 1682 1683 1539
f 1539 1683 1540
f 1683 1684 1540
f 1540 1684 1541
f 1684 1685 1541
f 1541 1685 1542
f 1685 1686 1542
f 1542 1686 1543
f 1686 1687 1543
f 1543 1687 1544
f 1687 1688 1544
f 1544 1688 1545
f 1688 1689 1545
f 1545 1689 1546
f 1689 1690 1546
f 1546 1690 1547
f 1690 1691 1547
f 1547 1691 1548
f 1691 1692 1548
f 1548 1692 1549
f 1692 1693 1549
f 1549 1693 1550
f 1693 1694 1550
f 1550 1694 1551
f 1694 1695 1551
f 1551 1695 1552
f 1695 1696 1552
f 1552 1696 1553
f 1696 1697 1553
f 1553 1697 1554
f 1697 1698 1554
f 1554 1698 1555
f 1698 1699 1555
f 1555 1699 1556
f 1699 1700 1556
f 1556 1700 1557
f 1700 1701 1557
f 1557 1701 1558
f 1701 1702 1558
f 1558 1702 1559
f 1702 1703 1559
f 1559 1703 1560
f 1703 1704 1560
f 1560 1704 1561
f 1704 1705 1561
f 1561 1705 1562
f 1705 1706 1562
f 1562 1706 1563
f 1706 1707 1563
f 1563 1707 1564
f 1707 1708 1564
f 1564 1708 1565
f 1708 1709 1565
f 1565 1709 1566
f 1709 1710 1566
f 1566 1710 1567
f 1710 1711 1567
f 1567 1711 1568
f 1711 1712 1568
f 1568 1712 1569
f 1712 1713 1569
f 1569 1713 1570
f 1713 1714 1570
f 1570 1714 1571
f 1714 1715 1571
f 1571 1715 1572
f 1715 1716 1572
f 1572 1716 1573
f 1716 1717 1573
f 1573 1717 1574
f 1717 1718 1574
f 1574 1718 1575
f 1718 1719 1575
f 1575 1719 1576
f 1719 1720 1576
f 1576 1720 1577
f 1720 1721 1577
f 1577 1721 1578
f 1721 1722 1578
f 1578 1722 1579
f 1722 1723 1579
f 1579 1723 1580
f 1723 1724 1580
f 1580 1724 1581
f 1724 1725 1581
f 1581 1725 1582
f 1725 1726 1582
f 1582 1726 1583
f 1726 1727 1583
f 1583 1727 1584
f 1727 1728 1584
f 1584 1728 1441
f 1728 1585 1441
f 1585 1729 1586
f 1729 1730 1586
f 1586 1730 1587
f 1730 1731 1587
f 1587 1731 1588
f 1731 1732 1588
f 1588 1732 1589
f 1732 1733 1589
f 1589 1733 1590
f 1733 1734 1590
f 1590 1734 1591
f 1734 1735 1591
f 1591 1735 1592
f 1735 1736 1592
f 1592 1736 1593
f 1736 1737 1593
f 1593 1737 1594
f 1737 1738 1594
f 1594 1738 1595
f 1738 1739 1595
f 1595 1739 1596
f 1739 1740 1596
f 1596 1740 1597
f 1740 1741 1597
f 1597 1741 1598
f 1741 1742 1598
f 1598 1742 1599
f 1742 1743 1599
f 1599 1743 1600
f 1743 1744 1600
f 1600 1744 1601
f 1744 1745 1601
f 1601 1745 1602
f 1745 1746 1602
f 1602 1746 1603
f 1746 1747 1603
f 1603 1747 1604
f 1747 1748 1604
f 1604 1748 1605
f 1748 1749 1605
f 1605 1749 1606
f 1749 1750 1606
f 1606 1750 1607
f 1750 1751 1607
f 1607 1751 1608
f 1751 1752 1608
f 1608 1752 1609
f 1752 1753 1609
f 1609 1753 1610
f 1753 1754 1610
f 1610 1754 1611
f 1754 1755 1611
f 1611 1755 1612
f 1755 1756 1612
f 1612 1756 1613
f 1756 1757 1613
f 1613 1757 1614
f 1757 1758 1614
f 1614 1758 1615
f 1758 1759 1615
f 1615 1759 1616
f 1759 1760 1616
f 1616 1760 1617
f 1760 1761 1617
f 1617 1761 1618
f 1761 1762 1618
f 1618 1762 1619
f 1762 1763 1619
f 1619 1763 1620
f 1763 1764 1620
f 1620 1764 1621
f 1764 1765 1621
f 1621 1765 1622
f 1765 1766 1622
f 1622 1766 1623
f 1766 1767 1623
f 1623 1767 1624
f 1767 1768 1624
f 1624 1768 1625
f 1768 1769 1625
f 1625 1769 1626
f 1769 1770 1626
f 1626 1770 1627
f 1770 1771 1627
f 1627 1771 1628
f 1771 1772 1628
f 1628 1772 1629
f 1772 1773 1629
f 1629 1773 1630
f 1773 1774 1630
f 1630 1774 1631
f 1774 1775 1631
f 1631 1775 1632
f 1775 1776 1632
f 1632 1776 1633
f 1776 1777 1633
f 1633 1777 1634
f 1777 1778 1634
f 1634 1778 1635
f 1778 1779 1635
f 1635 1779 1636
f 1779 1780 1636
f 1636 1780 1637
f 1780 1781 1637
f 1637 1781 1638
f 1781 1782 1638
f 1638 1782 1639
f 1782 1783 1639
f 1639 1783 1640
f 1783 1784 1640
f 1640 1784 1641
f 1784 1785 1641
f 1641 1785 1642
f 1785 1786 1642
f 1642 1786 1643
f 1786 1787 1643
f 1643 1787 1644
f 1787 1788 1644
f 1644 1788 1645
f 1788 1789 1645
f 1645 1789 1646
f 1789 1790 1646
f 1646 1790 1647
f 1790 1791 1647
f 1647 1791 1648
f 1791 1792 1648
f 1648 1792 1649
f 1792 1793 1649
f 1649 1793 1650
f 1793 1794 1650
f 1650 1794 1651
f 1794 1795 1651
f 1651 1795 1652
f 1795 1796 1652
f 1652 1796 1653
f 1796 1797 1653
f 1653 1797 1654
f 1797 1798 1654
f 1654 1798 1655
f 1798 1799 1655
f 1655 1799 1656
f 1799 1800 1656
f 1656 1800 1657
f 1800 1801 1657
f 1657 1801 1658
f 1801 1802 1658
f 1658 1802 1659
f 1802 1803 1659
f 1659 1803 1660
f 1803 1804 1660
f 1660 1804 1661
f 1804 1805 1661
f 1661 1805 1662
f 1805 1806 1662
f 1662 1806 1663
f 1806 1807 1663
f 1663 1807 1664
f 1807 1808 1664
f 1664 1808 1665
f 1808 1809 1665
f 1665 1809 1666
f 1809 1810 1666
f 1666 1810 1667
f 1810 1811 1667
f 1667 1811 1668
f 1811 1812 1668
f 1668 1812 1669
f 1812 1813 1669
f 1669 1813 1670
f 1813 1814 1670
f 1670 1814 1671
f 1814 1815 1671
f 1671 1815 1672
f 1815 1816 1672
f 1672 1816 1673
f 1816 1817 1673
f 1673 1817 1674
f 1817 1818 1674
f 1674 1818 1675
f 1818 1819 1675
f 1675 1819 1676
f 1819 1820 1676
f 1676 1820 1677
f 1820 1821 1677
f 1677 1821 1678
f 1821 1822 1678
f 1678 1822 1679
f 1822 1823 1679
f 1679 1823 1680
f 1823 1824 1680
f 1680 1824 1681
f 1824 1825 1681
f 1681 1825 1682
f 1825 1826 1682
f 1682 1826 1683
f 1826 1827 1683
f 1683 1827 1684
f 1827 1828 1684
f 1684 1828 1685
f 1828 1829 1685
f 1685 1829 1686
f 1829 1830 1686
f 1686 1830 1687
f 1830 1831 1687
f 1687 1831 1688
f 1831 1832 1688
f 1688 1832 1689
f 1832 1833 1689
f 1689 1833 1690
f 1833 1834 1690
f 1690 1834 1691
f 1834 1835 1691
f 1691 1835 1692
f 1835 1836 1692
f 1692 1836 1693
f 1836 1837 1693
f 1693 1837 1694
f 1837 1838 1694
f 1694 1838 1695
f 1838 1839 1695
f 1695 1839 1696
f 1839 1840 1696
f 1696 1840 1697
f 1840 1841 1697
f 1697 1841 1698
f 1841 1842 1698
f 1698 1842 1699
f 1842 1843 1699
f 1699 1843 1700
f 1843 1844 1700
f 1700 1844 1701
f 1844 1845 1701
f 1701 1845 1702
f 1845 1846 1702
f 1702 1846 1703
f 1846 1847 1703
f 1703 1847 1704
f 1847 1848 1704
f 1704 1848 1705
f 1848 1849 1705
f 1705 1849 1706
f 1849 1850 1706
f 1706 1850 1707
f 1850 1851 1707
f 1707 1851 1708
f 1851 1852 1708
f 1708 1852 1709
f 1852 1853 1709
f 1709 1853 1710
f 1853 1854 1710
f 1710 1854 1711
f 1854 1855 1711
f 1711 1855 1712
f 1855 1856 1712
f 1712 1856 1713
f 1856 1857 1713
f 1713 1857 1714
f 1857 1858 1714
f 1714 1858 1715
f 1858 1859 1715
f 1715 1859 1716
f 1859 1860 1716
f 1716 1860 1717
f 1860 1861 1717
f 1717 1861 1718
f 1861 1862 1718
f 1718 1862 1719
f 1862 1863 1719
f 1719 1863 1720
f 1863 1864 1720
f 1720 1864 1721
f 1864 1865 1721
f 1721 1865 1722
f 1865 1866 1722
f 1722 1866 1723
f 1866 1867 1723
f 1723 1867 1724
f 1867 1868 1724
f 1724 1868 1725
f 1868 1869 1725
f 1725 1869 1726
f 1869 1870 1726
f 1726 1870 1727
f 1870 1871 1727
f 1727 1871 1728
f 1871 1872 1728
f 1728 1872 1585
f 1872 1729 1585
f 1729 1873 1730
f 1873 1874 1730
f 1730 1874 1731
f 1874 1875 1731
f 1731 1875 1732
f 1875 1876 1732
f 1732 1876 1733
f 1876 1877 1733
f 1733 1877 1734
f 1877 1878 1734
f 1734 1878 1735
f 1878 1879 1735
f 1735 1879 1736
f 1879 1880 1736
f 1736 1880 1737
f 1880 1881 1737
f 1737 1881 1738
f 1881 1882 1738
f 1738 1882 1739
f 1882 1883 1739
f 1739 1883 1740
f 1883 1884 1740
f 1740 1884 1741
f 1884 1885 1741
f 1741 1885 1742
f 1885 1886 1742
f 1742 1886 1743
f 1886 1887 1743
f 1743 1887 1744
f 1887 1888 1744
f 1744 1888 1745
f 1888 1889 1745
f 1745 1889 1746
f 1889 1890 1746
f 1746 1890 1747
f 1890 1891 1747
f 1747 1891 1748
f 1891 1892 1748
f 1748 1892 1749
f 1892 1893 1749
f 1749 1893 1750
f 1893 1894 1750
f 1750 1894 1751
f 1894 1895 1751
f 1751 1895 1752
f 1895 1896 1752
f 1752 1896 1753
f 1896 1897 1753
f 1753 1897 1754
f 1897 1898 1754
f 1754 1898 1755
f 1898 1899 1755
f 1755 1899 1756
f 1899 1900 1756
f 1756 1900 1757
f 1900 1901 1757
f 1757 1901 1758
f 1901 1902 1758
f 1758 1902 1759
f 1902 1903 1759
f 1759 1903 1760
f 1903 1904 1760
f 1760 1904 1761
f 1904 1905 1761
f 1761 1905 1762
f 1905 1906 1762
f 1762 1906 1763
f 1906 1907 1763
f 1763 1907 1764
f 1907 1908 1764
f 1764 1908 1765
f 1908 1909 1765
f 1765 1909 1766
f 1909 1910 1766
f 1766 1910 1767
f 1910 1911 1767
f 1767 1911 1768
f 1911 1912 1768
f 1768 1912 1769
f 1912 1913 1769
f 1769 1913 1770
f 1913 1914 1770
f 1770 1914 1771
f 1914 1915 1771
f 1771 1915 1772
f 1915 1916 1772
f 1772 1916 1773
f 1916 1917 1773
f 1773 1917 1774
f 1917 1918 1774
f 1774 1918 1775
f 1918 1919 1775
f 1775 1919 1776
f 1919 1920 1776
f 1776 1920 1777
f 1920 1921 1777
f 1777 1921 1778
f 1921 1922 1778
f 1778 1922 1779
f 1922 1923 1779
f 1779 1923 1780
f 1923 1924 1780
f 1780 1924 1781
f 1924 1925 1781
f 1781 1925 1782
f 1925 1926 1782
f 1782 1926 1783
f 1926 1927 1783
f 1783 1927 1784
f 1927 1928 1784
f 1784 1928 1785
f 1928 1929 1785
f 1785 1929 1786
f 1929 1930 1786
f 1786 1930 1787
f 1930 1931 1787
f 1787 1931 1788
f 1931 1932 1788
f 1788 1932 1789
f 1932 1933 1789
f 1789 1933 1790
f 1933 1934 1790
f 1790 1934 1791
f 1934 1935 1791
f 1791 1935 1792
f 1935 1936 1792
f 1792 1936 1793
f 1936 1937 1793
f 1793 1937 1794
f 1937 1938 1794
f 1794 1938 1795
f 1938 1939 1795
f 1795 1939 1796
f 1939 1940 1796
f 1796 1940 1797
f 1940 1941 1797
f 1797 1941 1798
f 1941 1942 1798
f 1798 1942 1799
f 1942 1943 1799
f 1799 1943 1800
f 1943 1944 1800
f 1800 1944 1801
f 1944 1945 1801
f 1801 1945 1802
f 1945 1946 1802
f 1802 1946 1803
f 1946 1947 1803
f 1803 1947 1804
f 1947 1948 1804
f 1804 1948 1805
f 1948 1949 1805
f 1805 1949 1806
f 1949 1950 1806
f 1806 1950 1807
f 1950 1951 1807
f 1807 1951 1808
f 1951 1952 1808
f 1808 1952 1809
f 1952 1953 1809
f 1809 1953 1810
f 1953 1954 1810
f 1810 1954 1811
f 1954 1955 1811
f 1811 1955 1812
f 1955 1956 1812
f 1812 1956 1813
f 1956 1957 1813
f 1813 1957 1814
f 1957 1958 1814
f 1814 1958 1815
f 1958 1959 1815
f 1815 1959 1816
f 1959 1960 1816
f 1816 1960 1817
f 1960 1961 1817
f 1817 1961 1818
f 1961 1962 1818
f 1818 1962 1819
f 1962 1963 1819
f 1819 1963 1820
f 1963 1964 1820
f 1820 1964 1821
f 1964 1965 1821
f 1821 1965 1822
f 1965 1966 1822
f 1822 1966 1823
f 1966 1967 1823
f 1823 1967 1824
f 1967 1968 1824
f 1824 1968 1825
f 1968 1969 1825
f 1825 1969 1826
f 1969 1970 1826
f 1826 1970 1827
f 1970 1971 1827
f 1827 1971 1828
f 1971 1972 1828
f 1828 1972 1829
f 1972 1973 1829
f 1829 1973 1830
f 1973 1974 1830
f 1830 1974 1831
f 1974 1975 1831
f 1831 1975 1832
f 1975 1976 1832
f 1832 1976 1833
f 1976 1977 1833
f 1833 1977 1834
f 1977 1978 1834
f 1834 1978 1835
f 1978 1979 1835
f 1835 1979 1836
f 1979 1980 1836
f 1836 1980 1837
f 1980 1981 1837
f 1837 1981 1838
f 1981 1982 1838
f 1838 1982 1839
f 1982 1983 1839
f 1839 1983 1840
f 1983 1984 1840
f 1840 1984 1841
f 1984 1985 1841
f 1841 1985 1842
f 1985 1986 1842
f 1842 1986 1843
f 1986 1987 1843
f 1843 1987 1844
f 1987 1988 1844
f 1844 1988 1845
f 1988 1989 1845
f 1845 1989 1846
f 1989 1990 1846
f 1846 1990 1847
f 1990 1991 1847
f 1847 1991 1848
f 1991 1992 1848
f 1848 1992 1849
f 1992 1993 1849
f 1849 1993 1850
f 1993 1994 1850
f 1850 1994 1851
f 1994 1995 1851
f 1851 1995 1852
f 1995 1996 1852
f 1852 1996 1853
f 1996 1997 1853
f 1853 1997 1854
f 1997 1998 1854
f 1854 1998 1855
f 1998 1999 1855
f 1855 1999 1856
f 1999 2000 1856
f 1856 2000 1857
f 2000 2001 1857
f 1857 2001 1858
f 2001 2002 1858
f 1858 2002 1859
f 2002 2003 1859
f 1859 2003 1860
f 2003 2004 1860
f 1860 2004 1861
f 2004 2005 1861
f 1861 2005 1862
f 2005 2006 1862
f 1862 2006 1863
f 2006 2007 1863
f 1863 2007 1864
f 2007 2008 1864
f 1864 2008 1865
f 2008 2009 1865
f 1865 2009 1866
f 2009 2010 1866
f 1866 2010 1867
f 2010 2011 1867
f 1867 2011 1868
f 2011 2012 1868
f 1868 2012 1869
f 2012 2013 1869
f 1869 2013 1870
f 2013 2014 1870
f 1870 2014 1871
f 2014 2015 1871
f 1871 2015 1872
f 2015 2016 1872
f 1872 2016 1729
f 2016 1873 1729
f 1873 2017 1874
f 2017 2018 1874
f 1874 2018 1875
f 2018 2019 1875
f 1875 2019 1876
f 2019 2020 1876
f 1876 2020 1877
f 2020 2021 1877
f 1877 2021 1878
f 2021 2022 1878
f 1878 2022 1879
f 2022 2023 1879
f 1879 2023 1880
f 2023 2024 1880
f 1880 2024 1881
f 2024 2025 1881
f 1881 2025 1882
f 2025 2026 1882
f 1882 2026 1883
f 2026 2027 1883
f 1883 2027 1884
f 2027 2028 1884
f 1884 2028 1885
f 2028 2029 1885
f 1885 2029 1886
f 2029 2030 1886
f 1886 2030 1887
f 2030 2031 1887
f 1887 2031 1888
f 2031 2032 1888
f 1888 2032 1889
f 2032 2033 1889
f 1889 2033 1890
f 2033 2034 1890
f 1890 2034 1891
f 2034 2035 1891
f 1891 2035 1892
f 2035 2036 1892
f 1892 2036 1893
f 2036 2037 1893
f 1893 2037 1894
f 2037 2038 1894
f 1894 2038 1895
f 2038 2039 1895
f 1895 2039 1896
f 2039 2040 1896
f 1896 2040 1897
f 2040 2041 1897
f 1897 2041 1898
f 2041 2042 1898
f 1898 2042 1899
f 2042 2043 1899
f 1899 2043 1900
f 2043 2044 1900
f 1900 2044 1901
f 2044 2045 1901
f 1901 2045 1902
f 2045 2046 1902
f 1902 2046 1903
f 2046 2047 1903
f 1903 2047 1904
f 2047 2048 1904
f 1904 2048 1905
f 2048 2049 1905
f 1905 2049 1906
f 2049 2050 1906
f 1906 2050 1907
f 2050 2051 1907
f 1907 2051 1908
f 2051 2052 1908
f 1908 2052 1909
f 2052 2053 1909
f 1909 2053 1910
f 2053 2054 1910
f 1910 2054 1911
f 2054 2055 1911
f 1911 2055 1912
f 2055 2056 1912
f 1912 2056 1913
f 2056 2057 1913
f 1913 2057 1914
f 2057 2058 1914
f 1914 2058 1915
f 2058 2059 1915
f 1915 2059 1916
f 2059 2060 1916
f 1916 2060 1917
f 2060 2061 1917
f 1917 2061 1918
f 2061 2062 1918
f 1918 2062 1919
f 2062 2063 1919
f 1919 2063 1920
f 2063 2064 1920
f 1920 2064 1921
f 2064 2065 1921
f 1921 2065 1922
f 2065 2066 1922
f 1922 2066 1923
f 2066 2067 1923
f 1923 2067 1924
f 2067 2068 1924
f 1924 2068 1925
f 2068 2069 1925
f 1925 2069 1926
f 2069 2070 1926
f 1926 2070 1927
f 2070 2071 1927
f 1927 2071 1928
f 2071 2072 1928
f 1928 2072 1929
f 2072 2073 1929
f 1929 2073 1930
f 2073 2074 1930
f 1930 2074 1931
f 2074 2075 1931
f 1931 2075 1932
f 2075 2076 1932
f 1932 2076 1933
f 2076 2077 1933
f 1933 2077 1934
f 2077 2078 1934
f 1934 2078 1935
f 2078 2079 1935
f 1935 2079 1936
f 2079 2080 1936
f 1936 2080 1937
f 2080 2081 1937
f 1937 2081 1938
f 2081 2082 1938
f 1938 2082 1939
f 2082 2083 1939
f 1939 2083 1940
f 2083 2084 1940
f 1940 2084 1941
f 2084 2085 1941
f 1941 2085 1942
f 2085 2086 1942
f 1942 2086 1943
f 2086 2087 1943
f 1943 2087 1944
f 2087 2088 1944
f 1944 2088 1945
f 2088 2089 1945
f 1945 2089 1946
f 2089 2090 1946
f 1946 2090 1947
f 2090 2091 1947
f 1947 2091 1948
f 2091 2092 1948
f 1948 2092 1949
f 2092 2093 1949
f 1949 2093 1950
f 2093 2094 1950
f 1950 2094 1951
f 2094 2095 1951
f 1951 2095 1952
f 2095 2096 1952
f 1952 2096 1953
f 2096 2097 1953
f 1953 2097 1954
f 2097 2098 1954
f 1954 2098 1955
f 2098 2099 1955
f 1955 2099 1956
f 2099 2100 1956
f 1956 2100 1957
f 2100 2101 1957
f 1957 2101 1958
f 2101 2102 1958
f 1958 2102 1959
f 2102 2103 1959
f 1959 2103 1960
f 2103 2104 1960
f 1960 2104 1961
f 2104 2105 1961
f 1961 2105 1962
f 2105 2106 1962
f 1962 2106 1963
f 2106 2107 1963
f 1963 2107 1964
f 2107 2108 1964
f 1964 2108 1965
f 2108 2109 1965
f 1965 2109 1966
f 2109 2110 1966
f 1966 2110 1967
f 2110 2111 1967
f 1967 2111 1968
f 2111 2112 1968
f 1968 2112 1969
f 2112 2113 1969
f 1969 2113 1970
f 2113 2114 1970
f 1970 2114 1971
f 2114 2115 1971
f 1971 2115 1972
f 2115 2116 1972
f 1972 2116 1973
f 2116 2117 1973
f 1973 2117 1974
f 2117 2118 1974
f 1974 2118 1975
f 2118 2119 1975
f 1975 2119 1976
f 2119 2120 1976
f 1976 2120 1977
f 2120 2121 1977
f 1977 2121 1978
f 2121 2122 1978
f 1978 2122 1979
f 2122 2123 1979
f 1979 2123 1980
f 2123 2124 1980
f 1980 2124 1981
f 2124 2125 1981
f 1981 2125 1982
f 2125 2126 1982
f 1982 2126 1983
f 2126 2127 1983
f 1983 2127 1984
f 2127 2128 1984
f 1984 2128 1985
f 2128 2129 1985
f 1985 2129 1986
f 2129 2130 1986
f 1986 2130 1987
f 2130 2131 1987
f 1987 2131 1988
f 2131 2132 1988
f 1988 2132 1989
f 2132 2133 1989
f 1989 2133 1990
f 2133 2134 1990
f 1990 2134 1991
f 2134 2135 1991
f 1991 2135 1992
f 2135 2136 1992
f 1992 2136 1993
f 2136 2137 1993
f 1993 2137 1994
f 2137 2138 1994
f 1994 2138 1995
f 2138 2139 1995
f 1995 2139 1996
f 2139 2140 1996
f 1996 2140 1997
f 2140 2141 1997
f 1997 2141 1998
f 2141 2142 1998
f 1998 2142 1999
f 2142 2143 1999
f 1999 2143 2000
f 2143 2144 2000
f 2000 2144 2001
f 2144 2145 2001
f 2001 2145 2002
f 2145 2146 2002
f 2002 2146 2003
f 2146 2147 2003
f 2003 2147 2004
f 2147 2148 2004
f 2004 2148 2005
f 2148 2149 2005
f 2005 2149 2006
f 2149 2150 2006
f 2006 2150 2007
f 2150 2151 2007
f 2007 2151 2008
f 2151 2152 2008
f 2008 2152 2009
f 2152 2153 2009
f 2009 2153 2010
f 2153 2154 2010
f 2010 2154 2011
f 2154 2155 2011
f 2011 2155 2012
f 2155 2156 2012
f 2012 2156 2013
f 2156 2157 2013
f 2013 2157 2014
f 2157 2158 2014
f 2014 2158 2015
f 2158 2159 2015
f 2015 2159 2016
f 2159 2160 2016
f 2016 2160 1873
f 2160 2017 1873
f 2017 2161 2018
f 2161 2162 2018
f 2018 2162 2019
f 2162 2163 2019
f 2019 2163 2020
f 2163 2164 2020
f 2020 2164 2021
f 2164 2165 2021
f 2021 2165 2022
f 2165 2166 2022
f 2022 2166 2023
f 2166 2167 2023
f 2023 2167 2024
f 2167 2168 2024
f 2024 2168 2025
f 2168 2169 2025
f 2025 2169 2026
f 2169 2170 2026
f 2026 2170 2027
f 2170 2171 2027
f 2027 2171 2028
f 2171 2172 2028
f 2028 2172 2029
f 2172 2173 2029
f 2029 2173 2030
f 2173 2174 2030
f 2030 2174 2031
f 2174 2175 2031
f 2031 2175 2032
f 2175 2176 2032
f 2032 2176 2033
f 2176 2177 2033
f 2033 2177 2034
f 2177 2178 2034
f 2034 2178 2035
f 2178 2179 2035
f 2035 2179 2036
f 2179 2180 2036
f 2036 2180 2037
f 2180 2181 2037
f 2037 2181 2038
f 2181 2182 2038
f 2038 2182 2039
f 2182 2183 2039
f 2039 2183 2040
f 2183 2184 2040
f 2040 2184 2041
f 2184 2185 2041
f 2041 2185 2042
f 2185 2186 2042
f 2042 2186 2043
f 2186 2187 2043
f 2043 2187 2044
f 2187 2188 2044
f 2044 2188 2045
f 2188 2189 2045
f 2045 2189 2046
f 2189 2190 2046
f 2046 2190 2047
f 2190 2191 2047
f 2047 2191 2048
f 2191 2192 2048
f 2048 2192 2049
f 2192 2193 2049
f 2049 2193 2050
f 2193 2194 2050
f 2050 2194 2051
f 2194 2195 2051
f 2051 2195 2052
f 2195 2196 2052
f 2052 2196 2053
f 2196 2197 2053
f 2053 2197 2054
f 2197 2198 2054
f 2054 2198 2055
f 2198 2199 2055
f 2055 2199 2056
f 2199 2200 2056
f 2056 2200 2057
f 2200 2201 2057
f 2057 2201 2058
f 2201 2202 2058
f 2058 2202 2059
f 2202 2203 2059
f 2059 2203 2060
f 2203 2204 2060
f 2060 2204 2061
f 2204 2205 2061
f 2061 2205 2062
f 2205 2206 2062
f 2062 2206 2063
f 2206 2207 2063
f 2063 2207 2064
f 2207 2208 2064
f 2064 2208 2065
f 2208 2209 2065
f 2065 2209 2066
f 2209 2210 2066
f 2066 2210 2067
f 2210 2211 2067
f 2067 2211 2068
f 2211 2212 2068
f 2068 2212 2069
f 2212 2213 2069
f 2069 2213 2070
f 2213 2214 2070
f 2070 2214 2071
f 2214 2215 2071
f 2071 2215 2072
f 2215 2216 2072
f 2072 2216 2073
f 2216 2217 2073
f 2073 2217 2074
f 2217 2218 2074
f 2074 2218 2075
f 2218 2219 2075
f 2075 2219 2076
f 2219 2220 2076
f 2076 2220 2077
f 2220 2221 2077
f 2077 2221 2078
f 2221 2222 2078
f 2078 2222 2079
f 2222 2223 2079
f 2079 2223 2080
f 2223 2224 2080
f 2080 2224 2081
f 2224 2225 2081
f 2081 2225 2082
f 2225 2226 2082
f 2082 2226 2083
f 2226 2227 2083
f 2083 2227 2084
f 2227 2228 2084
f 2084 2228 2085
f 2228 2229 2085
f 2085 2229 2086
f 2229 2230 2086
f 2086 2230 2087
f 2230 2231 2087
f 2087 2231 2088
f 2231 2232 2088
f 2088 2232 2089
f 2232 2233 2089
f 2089 2233 2090
f 2233 2234 2090
f 2090 2234 2091
f 2234 2235 2091
f 2091 2235 2092
f 2235 2236 2092
f 2092 2236 2093
f 2236 2237 2093
f 2093 2237 2094
f 2237 2238 2094
f 2094 2238 2095
f 2238 2239 2095
f 2095 2239 2096
f 2239 2240 2096
f 2096 2240 2097
f 2240 2241 2097
f 2097 2241 2098
f 2241 2242 2098
f 2098 2242 2099
f 2242 2243 2099
f 2099 2243 2100
f 2243 2244 2100
f 2100 2244 2101
f 2244 2245 2101
f 2101 2245 2102
f 2245 2246 2102
f 2102 2246 2103
f 2246 2247 2103
f 2103 2247 2104
f 2247 2248 2104
f 2104 2248 2105
f 2248 2249 2105
f 2105 2249 2106
f 2249 2250 2106
f 2106 2250 2107
f 2250 2251 2107
f 2107 2251 2108
f 2251 2252 2108
f 2108 2252 2109
f 2252 2253 2109
f 2109 2253 2110
f 2253 2254 2110
f 2110 2254 2111
f 2254 2255 2111
f 2111 2255 2112
f 2255 2256 2112
f 2112 2256 2113
f 2256 2257 2113
f 2113 2257 2114
f 2257 2258 2114
f 2114 2258 2115
f 2258 2259 2115
f 2115 2259 2116
f 2259 2260 2116
f 2116 2260 2117
f 2260 2261 2117
f 2117 2261 2118
f 2261 2262 2118
f 2118 2262 2119
f 2262 2263 2119
f 2119 2263 2120
f 2263 2264 2120
f 2120 2264 2121
f 2264 2265 2121
f 2121 2265 2122
f 2265 2266 2122
f 2122 2266 2123
f 2266 2267 2123
f 2123 2267 2124
f 2267 2268 2124
f 2124 2268 2125
f 2268 2269 2125
f 2125 2269 2126
f 2269 2270 2126
f 2126 2270 2127
f 2270 2271 2127
f 2127 2271 2128
f 2271 2272 2128
f 2128 2272 2129
f 2272 2273 2129
f 2129 2273 2130
f 2273 2274 2130
f 2130 2274 2131
f 2274 2275 2131
f 2131 2275 2132
f 2275 2276 2132
f 2132 2276 2133
f 2276 2277 2133
f 2133 2277 2134
f 2277 2278 2134
f 2134 2278 2135
f 2278 2279 2135
f 2135 2279 2136
f 2279 2280 2136
f 2136 2280 2137
f 2280 2281 2137
f 2137 2281 2138
f 2281 2282 2138
f 2138 2282 2139
f 2282 2283 2139
f 2139 2283 2140
f 2283 2284 2140
f 2140 2284 2141
f 2284 2285 2141
f 2141 2285 2142
f 2285 2286 2142
f 2142 2286 2143
f 2286 2287 2143
f 2143 2287 2144
f 2287 2288 2144
f 2144 2288 2145
f 2288 2289 2145
f 2145 2289 2146
f 2289 2290 2146
f 2146 2290 2147
f 2290 2291 2147
f 2147 2291 2148
f 2291 2292 2148
f 2148 2292 2149
f 2292 2293 2149
f 2149 2293 2150
f 2293 2294 2150
f 2150 2294 2151
f 2294 2295 2151
f 2151 2295 2152
f 2295 2296 2152
f 2152 2296 2153
f 2296 2297 2153
f 2153 2297 2154
f 2297 2298 2154
f 2154 2298 2155
f 2298 2299 2155
f 2155 2299 2156
f 2299 2300 2156
f 2156 2300 2157
f 2300 2301 2157
f 2157 2301 2158
f 2301 2302 2158
f 2158 2302 2159
f 2302 2303 2159
f 2159 2303 2160
f 2303 2304 2160
f 2160 2304 2017
f 2304 2161 2017
f 2161 2305 2162
f 2305 2306 2162
f 2162 2306 2163
f 2306 2307 2163
f 2163 2307 2164
f 2307 2308 2164
f 2164 2308 2165
f 2308 2309 2165
f 2165 2309 2166
f 2309 2310 2166
f 2166 2310 2167
f 2310 2311 2167
f 2167 2311 2168
f 2311 2312 2168
f 2168 2312 2169
f 2312 2313 2169
f 2169 2313 2170
f 2313 2314 2170
f 2170 2314 2171
f 2314 2315 2171
f 2171 2315 2172
f 2315 2316 2172
f 2172 2316 2173
f 2316 2317 2173
f 2173 2317 2174
f 2317 2318 2174
f 2174 2318 2175
f 2318 2319 2175
f 2175 2319 2176
f 2319 2320 2176
f 2176 2320 2177
f 2320 2321 2177
f 2177 2321 2178
f 2321 2322 2178
f 2178 2322 2179
f 2322 2323 2179
f 2179 2323 2180
f 2323 2324 2180
f 2180 2324 2181
f 2324 2325 2181
f 2181 2325 2182
f 2325 2326 2182
f 2182 2326 2183
f 2326 2327 2183
f 2183 2327 2184
f 2327 2328 2184
f 2184 2328 2185
f 2328 2329 2185
f 2185 2329 2186
f 2329 2330 2186
f 2186 2330 2187
f 2330 2331 2187
f 2187 2331 2188
f 2331 2332 2188
f 2188 2332 2189
f 2332 2333 2189
f 2189 2333 2190
f 2333 2334 2190
f 2190 2334 2191
f 2334 2335 2191
f 2191 2335 2192
f 2335 2336 2192
f 2192 2336 2193
f 2336 2337 2193
f 2193 2337 2194
f 2337 2338 2194
f 2194 2338 2195
f 2338 2339 2195
f 2195 2339 2196
f 2339 2340 2196
f 2196 2340 2197
f 2340 2341 2197
f 2197 2341 2198
f 2341 2342 2198
f 2198 2342 2199
f 2342 2343 2199
f 2199 2343 2200
f 2343 2344 2200
f 2200 2344 2201
f 2344 2345 2201
f 2201 2345 2202
f 2345 2346 2202
f 2202 2346 2203
f 2346 2347 2203
f 2203 2347 2204
f 2347 2348 2204
f 2204 2348 2205
f 2348 2349 2205
f 2205 2349 2206
f 2349 2350 2206
f 2206 2350 2207
f 2350 2351 2207
f 2207 2351 2208
f 2351 2352 2208
f 2208 2352 2209
f 2352 2353 2209
f 2209 2353 2210
f 2353 2354 2210
f 2210 2354 2211
f 2354 2355 2211
f 2211 2355 2212
f 2355 2356 2212
f 2212 2356 2213
f 2356 2357 2213
f 2213 2357 2214
f 2357 2358 2214
f 2214 2358 2215
f 2358 2359 2215
f 2215 2359 2216
f 2359 2360 2216
f 2216 2360 2217
f 2360 2361 2217
f 2217 2361 2218
f 2361 2362 2218
f 2218 2362 2219
f 2362 2363 2219
f 2219 2363 2220
f 2363 2364 2220
f 2220 2364 2221
f 2364 2365 2221
f 2221 2365 2222
f 2365 2366 2222
f 2222 2366 2223
f 2366 2367 2223
f 2223 2367 2224
f 2367 2368 2224
f 2224 2368 2225
f 2368 2369 2225
f 2225 2369 2226
f 2369 2370 2226
f 2226 2370 2227
f 2370 2371 2227
f 2227 2371 2228
f 2371 2372 2228
f 2228 2372 2229
f 2372 2373 2229
f 2229 2373 2230
f 2373 2374 2230
f 2230 2374 2231
f 2374 2375 2231
f 2231 2375 2232
f 2375 2376 2232
f 2232 2376 2233
f 2376 2377 2233
f 2233 2377 2234
f 2377 2378 2234
f 2234 2378 2235
f 2378 2379 2235
f 2235 2379 2236
f 2379 2380 2236
f 2236 2380 2237
f 2380 2381 2237
f 2237 2381 2238
f 2381 2382 2238
f 2238 2382 2239
f 2382 2383 2239
f 2239 2383 2240
f 2383 2384 2240
f 2240 2384 2241
f 2384 2385 2241
f 2241 2385 2242
f 2385 2386 2242
f 2242 2386 2243
f 2386 2387 2243
f 2243 2387 2244
f 2387 2388 2244
f 2244 2388 2245
f 2388 2389 2245
f 2245 2389 2246
f 2389 2390 2246
f 2246 2390 2247
f 2390 2391 2247
f 2247 2391 2248
f 2391 2392 2248
f 2248 2392 2249
f 2392 2393 2249
f 2249 2393 2250
f 2393 2394 2250
f 2250 2394 2251
f 2394 2395 2251
f 2251 2395 2252
f 2395 2396 2252
f 2252 2396 2253
f 2396 2397 2253
f 2253 2397 2254
f 2397 2398 2254
f 2254 2398 2255
f 2398 2399 2255
f 2255 2399 2256
f 2399 2400 2256
f 2256 2400 2257
f 2400 2401 2257
f 2257 2401 2258
f 2401 2402 2258
f 2258 2402 2259
f 2402 2403 2259
f 2259 2403 2260
f 2403 2404 2260
f 2260 2404 2261
f 2404 2405 2261
f 2261 2405 2262
f 2405 2406 2262
f 2262 2406 2263
f 2406 2407 2263
f 2263 2407 2264
f 2407 2408 2264
f 2264 2408 2265
f 2408 2409 2265
f 2265 2409 2266
f 2409 2410 2266
f 2266 2410 2267
f 2410 2411 2267
f 2267 2411 2268
f 2411 2412 2268
f 2268 2412 2269
f 2412 2413 2269
f 2269 2413 2270
f 2413 2414 2270
f 2270 2414 2271
f 2414 2415 2271
f 2271 2415 2272
f 2415 2416 2272
f 2272 2416 2273
f 2416 2417 2273
f 2273 2417 2274
f 2417 2418 2274
f 2274 2418 2275
f 2418 2419 2275
f 2275 2419 2276
f 2419 2420 2276
f 2276 2420 2277
f 2420 2421 2277
f 2277 2421 2278
f 2421 2422 2278
f 2278 2422 2279
f 2422 2423 2279
f 2279 2423 2280
f 2423 2424 2280
f 2280 2424 2281
f 2424 2425 2281
f 2281 2425 2282
f 2425 2426 2282
f 2282 2426 2283
f 2426 2427 2283
f 2283 2427 2284
f 2427 2428 2284
f 2284 2428 2285
f 2428 2429 2285
f 2285 2429 2286
f 2429 2430 2286
f 2286 2430 2287
f 2430 2431 2287
f 2287 2431 2288
f 2431 2432 2288
f 2288 2432 2289
f 2432 2433 2289
f 2289 2433 2290
f 2433 2434 2290
f 2290 2434 2291
f 2434 2435 2291
f 2291 2435 2292
f 2435 2436 2292
f 2292 2436 2293
f 2436 2437 2293
f 2293 2437 2294
f 2437 2438 2294
f 2294 2438 2295
f 2438 2439 2295
f 2295 2439 2296
f 2439 2440 2296
f 2296 2440 2297
f 2440 2441 2297
f 2297 2441 2298
f 2441 2442 2298
f 2298 2442 2299
f 2442 2443 2299
f 2299 2443 2300
f 2443 2444 2300
f 2300 2444 2301
f 2444 2445 2301
f 2301 2445 2302
f 2445 2446 2302
f 2302 2446 2303
f 2446 2447 2303
f 2303 2447 2304
f 2447 2448 2304
f 2304 2448 2161
f 2448 2305 2161
f 2305 2449 2306
f 2449 2450 2306
f 2306 2450 2307
f 2450 2451 2307
f 2307 2451 2308
f 2451 2452 2308
f 2308 2452 2309
f 2452 2453 2309
f 2309 2453 2310
f 2453 2454 2310
f 2310 2454 2311
f 2454 2455 2311
f 2311 2455 2312
f 2455 2456 2312
f 2312 2456 2313
f 2456 2457 2313
f 2313 2457 2314
f 2457 2458 2314
f 2314 2458 2315
f 2458 2459 2315
f 2315 2459 2316
f 2459 2460 2316
f 2316 2460 2317
f 2460 2461 2317
f 2317 2461 2318
f 2461 2462 2318
f 2318 2462 2319
f 2462 2463 2319
f 2319 2463 2320
f 2463 2464 2320
f 2320 2464 2321
f 2464 2465 2321
f 2321 2465 2322
f 2465 2466 2322
f 2322 2466 2323
f 2466 2467 2323
f 2323 2467 2324
f 2467 2468 2324
f 2324 2468 2325
f 2468 2469 2325
f 2325 2469 2326
f 2469 2470 2326
f 2326 2470 2327
f 2470 2471 2327
f 2327 2471 2328
f 2471 2472 2328
f 2328 2472 2329
f 2472 2473 2329
f 2329 2473 2330
f 2473 2474 2330
f 2330 2474 2331
f 2474 2475 2331
f 2331 2475 2332
f 2475 2476 2332
f 2332 2476 2333
f 2476 2477 2333
f 2333 2477 2334
f 2477 2478 2334
f 2334 2478 2335
f 2478 2479 2335
f 2335 2479 2336
f 2479 2480 2336
f 2336 2480 2337
f 2480 2481 2337
f 2337 2481 2338
f 2481 2482 2338
f 2338 2482 2339
f 2482 2483 2339
f 2339 2483 2340
f 2483 2484 2340
f 2340 2484 2341
f 2484 2485 2341
f 2341 2485 2342
f 2485 2486 2342
f 2342 2486 2343
f 2486 2487 2343
f 2343 2487 2344
f 2487 2488 2344
f 2344 2488 2345
f 2488 2489 2345
f 2345 2489 2346
f 2489 2490 2346
f 2346 2490 2347
f 2490 2491 2347
f 2347 2491 2348
f 2491 2492 2348
f 2348 2492 2349
f 2492 2493 2349
f 2349 2493 2350
f 2493 2494 2350
f 2350 2494 2351
f 2494 2495 2351
f 2351 2495 2352
f 2495 2496 2352
f 2352 2496 2353
f 2496 2497 2353
f 2353 2497 2354
f 2497 2498 2354
f 2354 2498 2355
f 2498 2499 2355
f 2355 2499 2356
f 2499 2500 2356
f 2356 2500 2357
f 2500 2501 2357
f 2357 2501 2358
f 2501 2502 2358
f 2358 2502 2359
f 2502 2503 2359
f 2359 2503 2360
f 2503 2504 2360
f 2360 2504 2361
f 2504 2505 2361
f 2361 2505 2362
f 2505 2506 2362
f 2362 2506 2363
f 2506 2507 2363
f 2363 2507 2364
f 2507 2508 2364
f 2364 2508 2365
f 2508 2509 2365
f 2365 2509 2366
f 2509 2510 2366
f 2366 2510 2367
f 2510 2511 2367
f 2367 2511 2368
f 2511 2512 2368
f 2368 2512 2369
f 2512 2513 2369
f 2369 2513 2370
f 2513 2514 2370
f 2370 2514 2371
f 2514 2515 2371
f 2371 2515 2372
f 2515 2516 2372
f 2372 2516 2373
f 2516 2517 2373
f 2373 2517 2374
f 2517 2518 2374
f 2374 2518 2375
f 2518 2519 2375
f 2375 2519 2376
f 2519 2520 2376
f 2376 2520 2377
f 2520 2521 2377
f 2377 2521 2378
f 2521 2522 2378
f 2378 2522 2379
f 2522 2523 2379
f 2379 2523 2380
f 2523 2524 2380
f 2380 2524 2381
f 2524 2525 2381
f 2381 2525 2382
f 2525 2526 2382
f 2382 2526 2383
f 2526 2527 2383
f 2383 2527 2384
f 2527 2528 2384
f 2384 2528 2385
f 2528 2529 2385
f 2385 2529 2386
f 2529 2530 2386
f 2386 2530 2387
f 2530 2531 2387
f 2387 2531 2388
f 2531 2532 2388
f 2388 2532 2389
f 2532 2533 2389
f 2389 2533 2390
f 2533 2534 2390
f 2390 2534 2391
f 2534 2535 2391
f 2391 2535 2392
f 2535 2536 2392
f 2392 2536 2393
f 2536 2537 2393
f 2393 2537 2394
f 2537 2538 2394
f 2394 2538 2395
f 2538 2539 2395
f 2395 2539 2396
f 2539 2540 2396
f 2396 2540 2397
f 2540 2541 2397
f 2397 2541 2398
f 2541 2542 2398
f 2398 2542 2399
f 2542 2543 2399
f 2399 2543 2400
f 2543 2544 2400
f 2400 2544 2401
f 2544 2545 2401
f 2401 2545 2402
f 2545 2546 2402
f 2402 2546 2403
f 2546 2547 2403
f 2403 2547 2404
f 2547 2548 2404
f 2404 2548 2405
f 2548 2549 2405
f 2405 2549 2406
f 2549 2550 2406
f 2406 2550 2407
f 2550 2551 2407
f 2407 2551 2408
f 2551 2552 2408
f 2408 2552 2409
f 2552 2553 2409
f 2409 2553 2410
f 2553 2554 2410
f 2410 2554 2411
f 2554 2555 2411
f 2411 2555 2412
f 2555 2556 2412
f 2412 2556 2413
f 2556 2557 2413
f 2413 2557 2414
f 2557 2558 2414
f 2414 2558 2415
f 2558 2559 2415
f 2415 2559 2416
f 2559 2560 2416
f 2416 2560 2417
f 2560 2561 2417
f 2417 2561 2418
f 2561 2562 2418
f 2418 2562 2419
f 2562 2563 2419
f 2419 2563 2420
f 2563 2564 2420
f 2420 2564 2421
f 2564 2565 2421
f 2421 2565 2422
f 2565 2566 2422
f 2422 2566 2423
f 2566 2567 2423
f 2423 2567 2424
f 2567 2568 2424
f 2424 2568 2425
f 2568 2569 2425
f 2425 2569 2426
f 2569 2570 2426
f 2426 2570 2427
f 2570 2571 2427
f 2427 2571 2428
f 2571 2572 2428
f 2428 2572 2429
f 2572 2573 2429
f 2429 2573 2430
f 2573 2574 2430
f 2430 2574 2431
f 2574 2575 2431
f 2431 2575 2432
f 2575 2576 2432
f 2432 2576 2433
f 2576 2577 2433
f 2433 2577 2434
f 2577 2578 2434
f 2434 2578 2435
f 2578 2579 2435
f 2435 2579 2436
f 2579 2580 2436
f 2436 2580 2437
f 2580 2581 2437
f 2437 2581 2438
f 2581 2582 2438
f 2438 2582 2439
f 2582 2583 2439
f 2439 2583 2440
f 2583 2584 2440
f 2440 2584 2441
f 2584 2585 2441
f 2441 2585 2442
f 2585 2586 2442
f 2442 2586 2443
f 2586 2587 2443
f 2443 2587 2444
f 2587 2588 2444
f 2444 2588 2445
f 2588 2589 2445
f 2445 2589 2446
f 2589 2590 2446
f 2446 2590 2447
f 2590 2591 2447
f 2447 2591 2448
f 2591 2592 2448
f 2448 2592 2305
f 2592 2449 2305
f 2449 2593 2450
f 2593 2594 2450
f 2450 2594 2451
f 2594 2595 2451
f 2451 2595 2452
f 2595 2596 2452
f 2452 2596 2453
f 2596 2597 2453
f 2453 2597 2454
f 2597 2598 2454
f 2454 2598 2455
f 2598 2599 2455
f 2455 2599 2456
f 2599 2600 2456
f 2456 2600 2457
f 2600 2601 2457
f 2457 2601 2458
f 2601 2602 2458
f 2458 2602 2459
f 2602 2603 2459
f 2459 2603 2460
f 2603 2604 2460
f 2460 2604 2461
f 2604 2605 2461
f 2461 2605 2462
f 2605 2606 2462
f 2462 2606 2463
f 2606 2607 2463
f 2463 2607 2464
f 2607 2608 2464
f 2464 2608 2465
f 2608 2609 2465
f 2465 2609 2466
f 2609 2610 2466
f 2466 2610 2467
f 2610 2611 2467
f 2467 2611 2468
f 2611 2612 2468
f 2468 2612 2469
f 2612 2613 2469
f 2469 2613 2470
f 2613 2614 2470
f 2470 2614 2471
f 2614 2615 2471
f 2471 2615 2472
f 2615 2616 2472
f 2472 2616 2473
f 2616 2617 2473
f 2473 2617 2474
f 2617 2618 2474
f 2474 2618 2475
f 2618 2619 2475
f 2475 2619 2476
f 2619 2620 2476
f 2476 2620 2477
f 2620 2621 2477
f 2477 2621 2478
f 2621 2622 2478
f 2478 2622 2479
f 2622 2623 2479
f 2479 2623 2480
f 2623 2624 2480
f 2480 2624 2481
f 2624 2625 2481
f 2481 2625 2482
f 2625 2626 2482
f 2482 2626 2483
f 2626 2627 2483
f 2483 2627 2484
f 2627 2628 2484
f 2484 2628 2485
f 2628 2629 2485
f 2485 2629 2486
f 2629 2630 2486
f 2486 2630 2487
f 2630 2631 2487
f 2487 2631 2488
f 2631 2632 2488
f 2488 2632 2489
f 2632 2633 2489
f 2489 2633 2490
f 2633 2634 2490
f 2490 2634 2491
f 2634 2635 2491
f 2491 2635 2492
f 2635 2636 2492
f 2492 2636 2493
f 2636 2637 2493
f 2493 2637 2494
f 2637 2638 2494
f 2494 2638 2495
f 2638 2639 2495
f 2495 2639 2496
f 2639 2640 2496
f 2496 2640 2497
f 2640 2641 2497
f 2497 2641 2498
f 2641 2642 2498
f 2498 2642 2499
f 2642 2643 2499
f 2499 2643 2500
f 2643 2644 2500
f 2500 2644 2501
f 2644 2645 2501
f 2501 2645 2502
f 2645 2646 2502
f 2502 2646 2503
f 2646 2647 2503
f 2503 2647 2504
f 2647 2648 2504
f 2504 2648 2505
f 2648 2649 2505
f 2505 2649 2506
f 2649 2650 2506
f 2506 2650 2507
f 2650 2651 2507
f 2507 2651 2508
f 2651 2652 2508
f 2508 2652 2509
f 2652 2653 2509
f 2509 2653 2510
f 2653 2654 2510
f 2510 2654 2511
f 2654 2655 2511
f 2511 2655 2512
f 2655 2656 2512
f 2512 2656 2513
f 2656 2657 2513
f 2513 2657 2514
f 2657 2658 2514
f 2514 2658 2515
f 2658 2659 2515
f 2515 2659 2516
f 2659 2660 2516
f 2516 2660 2517
f 2660 2661 2517
f 2517 2661 2518
f 2661 2662 2518
f 2518 2662 2519
f 2662 2663 2519
f 2519 2663 2520
f 2663 2664 2520
f 2520 2664 2521
f 2664 2665 2521
f 2521 2665 2522
f 2665 2666 2522
f 2522 2666 2523
f 2666 2667 2523
f 2523 2667 2524
f 2667 2668 2524
f 2524 2668 2525
f 2668 2669 2525
f 2525 2669 2526
f 2669 2670 2526
f 2526 2670 2527
f 2670 2671 2527
f 2527 2671 2528
f 2671 2672 2528
f 2528 2672 2529
f 2672 2673 2529
f 2529 2673 2530
f 2673 2674 2530
f 2530 2674 2531
f 2674 2675 2531
f 2531 2675 2532
f 2675 2676 2532
f 2532 2676 2533
f 2676 2677 2533
f 2533 2677 2534
f 2677 2678 2534
f 2534 2678 2535
f 2678 2679 2535
f 2535 2679 2536
f 2679 2680 2536
f 2536 2680 2537
f 2680 2681 2537
f 2537 2681 2538
f 2681 2682 2538
f 2538 2682 2539
f 2682 2683 2539
f 2539 2683 2540
f 2683 2684 2540
f 2540 2684 2541
f 2684 2685 2541
f 2541 2685 2542
f 2685 2686 2542
f 2542 2686 2543
f 2686 2687 2543
f 2543 2687 2544
f 2687 2688 2544
f 2544 2688 2545
f 2688 2689 2545
f 2545 2689 2546
f 2689 2690 2546
f 2546 2690 2547
f 2690 2691 2547
f 2547 2691 2548
f 2691 2692 2548
f 2548 2692 2549
f 2692 2693 2549
f 2549 2693 2550
f 2693 2694 2550
f 2550 2694 2551
f 2694 2695 2551
f 2551 2695 2552
f 2695 2696 2552
f 2552 2696 2553
f 2696 2697 2553
f 2553 2697 2554
f 2697 2698 2554
f 2554 2698 2555
f 2698 2699 2555
f 2555 2699 2556
f 2699 2700 2556
f 2556 2700 2557
f 2700 2701 2557
f 2557 2701 2558
f 2701 2702 2558
f 2558 2702 2559
f 2702 2703 2559
f 2559 2703 2560
f 2703 2704 2560
f 2560 2704 2561
f 2704 2705 2561
f 2561 2705 2562
f 2705 2706 2562
f 2562 2706 2563
f 2706 2707 2563
f 2563 2707 2564
f 2707 2708 2564
f 2564 2708 2565
f 2708 2709 2565
f 2565 2709 2566
f 2709 2710 2566
f 2566 2710 2567
f 2710 2711 2567
f 2567 2711 2568
f 2711 2712 2568
f 2568 2712 2569
f 2712 2713 2569
f 2569 2713 2570
f 2713 2714 2570
f 2570 2714 2571
f 2714 2715 2571
f 2571 2715 2572
f 2715 2716 2572
f 2572 2716 2573
f 2716 2717 2573
f 2573 2717 2574
f 2717 2718 2574
f 2574 2718 2575
f 2718 2719 2575
f 2575 2719 2576
f 2719 2720 2576
f 2576 2720 2577
f 2720 2721 2577
f 2577 2721 2578
f 2721 2722 2578
f 2578 2722 2579
f 2722 2723 2579
f 2579 2723 2580
f 2723 2724 2580
f 2580 2724 2581
f 2724 2725 2581
f 2581 2725 2582
f 2725 2726 2582
f 2582 2726 2583
f 2726 2727 2583
f 2583 2727 2584
f 2727 2728 2584
f 2584 2728 2585
f 2728 2729 2585
f 2585 2729 2586
f 2729 2730 2586
f 2586 2730 2587
f 2730 2731 2587
f 2587 2731 2588
f 2731 2732 2588
f 2588 2732 2589
f 2732 2733 2589
f 2589 2733 2590
f 2733 2734 2590
f 2590 2734 2591
f 2734 2735 2591
f 2591 2735 2592
f 2735 2736 2592
f 2592 2736 2449
f 2736 2593 2449
f 2593 2737 2594
f 2737 2738 2594
f 2594 2738 2595
f 2738 2739 2595
f 2595 2739 2596
f 2739 2740 2596
f 2596 2740 2597
f 2740 2741 2597
f 2597 2741 2598
f 2741 2742 2598
f 2598 2742 2599
f 2742 2743 2599
f 2599 2743 2600
f 2743 2744 2600
f 2600 2744 2601
f 2744 2745 2601
f 2601 2745 2602
f 2745 2746 2602
f 2602 2746 2603
f 2746 2747 2603
f 2603 2747 2604
f 2747 2748 2604
f 2604 2748 2605
f 2748 2749 2605
f 2605 2749 2606
f 2749 2750 2606
f 2606 2750 2607
f 2750 2751 2607
f 2607 2751 2608
f 2751 2752 2608
f 2608 2752 2609
f 2752 2753 2609
f 2609 2753 2610
f 2753 2754 2610
f 2610 2754 2611
f 2754 2755 2611
f 2611 2755 2612
f 2755 2756 2612
f 2612 2756 2613
f 2756 2757 2613
f 2613 2757 2614
f 2757 2758 2614
f 2614 2758 2615
f 2758 2759 2615
f 2615 2759 2616
f 2759 2760 2616
f 2616 2760 2617
f 2760 2761 2617
f 2617 2761 2618
f 2761 2762 2618
f 2618 2762 2619
f 2762 2763 2619
f 2619 2763 2620
f 2763 2764 2620
f 2620 2764 2621
f 2764 2765 2621
f 2621 2765 2622
f 2765 2766 2622
f 2622 2766 2623
f 2766 2767 2623
f 2623 2767 2624
f 2767 2768 2624
f 2624 2768 2625
f 2768 2769 2625
f 2625 2769 2626
f 2769 2770 2626
f 2626 2770 2627
f 2770 2771 2627
f 2627 2771 2628
f 2771 2772 2628
f 2628 2772 2629
f 2772 2773 2629
f 2629 2773 2630
f 2773 2774 2630
f 2630 2774 2631
f 2774 2775 2631
f 2631 2775 2632
f 2775 2776 2632
f 2632 2776 2633
f 2776 2777 2633
f 2633 2777 2634
f 2777 2778 2634
f 2634 2778 2635
f 2778 2779 2635
f 2635 2779 2636
f 2779 2780 2636
f 2636 2780 2637
f 2780 2781 2637
f 2637 2781 2638
f 2781 2782 2638
f 2638 2782 2639
f 2782 2783 2639
f 2639 2783 2640
f 2783 2784 2640
f 2640 2784 2641
f 2784 2785 2641
f 2641 2785 2642
f 2785 2786 2642
f 2642 2786 2643
f 2786 2787 2643
f 2643 2787 2644
f 2787 2788 2644
f 2644 2788 2645
f 2788 2789 2645
f 2645 2789 2646
f 2789 2790 2646
f 2646 2790 2647
f 2790 2791 2647
f 2647 2791 2648
f 2791 2792 2648
f 2648 2792 2649
f 2792 2793 2649
f 2649 2793 2650
f 2793 2794 2650
f 2650 2794 2651
f 2794 2795 2651
f 2651 2795 2652
f 2795 2796 2652
f 2652 2796 2653
f 2796 2797 2653
f 2653 2797 2654
f 2797 2798 2654
f 2654 2798 2655
f 2798 2799 2655
f 2655 2799 2656
f 2799 2800 2656
f 2656 2800 2657
f 2800 2801 2657
f 2657 2801 2658
f 2801 2802 2658
f 2658 2802 2659
f 2802 2803 2659
f 2659 2803 2660
f 2803 2804 2660
f 2660 2804 2661
f 2804 2805 2661
f 2661 2805 2662
f 2805 2806 2662
f 2662 2806 2663
f 2806 2807 2663
f 2663 2807 2664
f 2807 2808 2664
f 2664 2808 2665
f 2808 2809 2665
f 2665 2809 2666
f 2809 2810 2666
f 2666 2810 2667
f 2810 2811 2667
f 2667 2811 2668
f 2811 2812 2668
f 2668 2812 2669
f 2812 2813 2669
f 2669 2813 2670
f 2813 2814 2670
f 2670 2814 2671
f 2814 2815 2671
f 2671 2815 2672
f 2815 2816 2672
f 2672 2816 2673
f 2816 2817 2673
f 2673 2817 2674
f 2817 2818 2674
f 2674 2818 2675
f 2818 2819 2675
f 2675 2819 2676
f 2819 2820 2676
f 2676 2820 2677
f 2820 2821 2677
f 2677 2821 2678
f 2821 2822 2678
f 2678 2822 2679
f 2822 2823 2679
f 2679 2823 2680
f 2823 2824 2680
f 2680 2824 2681
f 2824 2825 2681
f 2681 2825 2682
f 2825 2826 2682
f 2682 2826 2683
f 2826 2827 2683
f 2683 2827 2684
f 2827 2828 2684
f 2684 2828 2685
f 2828 2829 2685
f 2685 2829 2686
f 2829 2830 2686
f 2686 2830 2687
f 2830 2831 2687
f 2687 2831 2688
f 2831 2832 2688
f 2688 2832 2689
f 2832 2833 2689
f 2689 2833 2690
f 2833 2834 2690
f 2690 2834 2691
f 2834 2835 2691
f 2691 2835 2692
f 2835 2836 2692
f 2692 2836 2693
f 2836 2837 2693
f 2693 2837 2694
f 2837 2838 2694
f 2694 2838 2695
f 2838 2839 2695
f 2695 2839 2696
f 2839 2840 2696
f 2696 2840 2697
f 2840 2841 2697
f 2697 2841 2698
f 2841 2842 2698
f 2698 2842 2699
f 2842 2843 2699
f 2699 2843 2700
f 2843 2844 2700
f 2700 2844 2701
f 2844 2845 2701
f 2701 2845 2702
f 2845 2846 2702
f 2702 2846 2703
f 2846 2847 2703
f 2703 2847 2704
f 2847 2848 2704
f 2704 2848 2705
f 2848 2849 2705
f 2705 2849 2706
f 2849 2850 2706
f 2706 2850 2707
f 2850 2851 2707
f 2707 2851 2708
f 2851 2852 2708
f 2708 2852 2709
f 2852 2853 2709
f 2709 2853 2710
f 2853 2854 2710
f 2710 2854 2711
f 2854 2855 2711
f 2711 2855 2712
f 2855 2856 2712
f 2712 2856 2713
f 2856 2857 2713
f 2713 2857 2714
f 2857 2858 2714
f 2714 2858 2715
f 2858 2859 2715
f 2715 2859 2716
f 2859 2860 2716
f 2716 2860 2717
f 2860 2861 2717
f 2717 2861 2718
f 2861 2862 2718
f 2718 2862 2719
f 2862 2863 2719
f 2719 2863 2720
f 2863 2864 2720
f 2720 2864 2721
f 2864 2865 2721
f 2721 2865 2722
f 2865 2866 2722
f 2722 2866 2723
f 2866 2867 2723
f 2723 2867 2724
f 2867 2868 2724
f 2724 2868 2725
f 2868 2869 2725
f 2725 2869 2726
f 2869 2870 2726
f 2726 2870 2727
f 2870 2871 2727
f 2727 2871 2728
f 2871 2872 2728
f 2728 2872 2729
f 2872 2873 2729
f 2729 2873 2730
f 2873 2874 2730
f 2730 2874 2731
f 2874 2875 2731
f 2731 2875 2732
f 2875 2876 2732
f 2732 2876 2733
f 2876 2877 2733
f 2733 2877 2734
f 2877 2878 2734
f 2734 2878 2735
f 2878 2879 2735
f 2735 2879 2736
f 2879 2880 2736
f 2736 2880 2593
f 2880 2737 2593
f 2737 2881 2738
f 2881 2882 2738
f 2738 2882 2739
f 2882 2883 2739
f 2739 2883 2740
f 2883 2884 2740
f 2740 2884 2741
f 2884 2885 2741
f 2741 2885 2742
f 2885 2886 2742
f 2742 2886 2743
f 2886 2887 2743
f 2743 2887 2744
f 2887 2888 2744
f 2744 2888 2745
f 2888 2889 2745
f 2745 2889 2746
f 2889 2890 2746
f 2746 2890 2747
f 2890 2891 2747
f 2747 2891 2748
f 2891 2892 2748
f 2748 2892 2749
f 2892 2893 2749
f 2749 2893 2750
f 2893 2894 2750
f 2750 2894 2751
f 2894 2895 2751
f 2751 2895 2752
f 2895 2896 2752
f 2752 2896 2753
f 2896 2897 2753
f 2753 2897 2754
f 2897 2898 2754
f 2754 2898 2755
f 2898 2899 2755
f 2755 2899 2756
f 2899 2900 2756
f 2756 2900 2757
f 2900 2901 2757
f 2757 2901 2758
f 2901 2902 2758
f 2758 2902 2759
f 2902 2903 2759
f 2759 2903 2760
f 2903 2904 2760
f 2760 2904 2761
f 2904 2905 2761
f 2761 2905 2762
f 2905 2906 2762
f 2762 2906 2763
f 2906 2907 2763
f 2763 2907 2764
f 2907 2908 2764
f 2764 2908 2765
f 2908 2909 2765
f 2765 2909 2766
f 2909 2910 2766
f 2766 2910 2767
f 2910 2911 2767
f 2767 2911 2768
f 2911 2912 2768
f 2768 2912 2769
f 2912 2913 2769
f 2769 2913 2770
f 2913 2914 2770
f 2770 2914 2771
f 2914 2915 2771
f 2771 2915 2772
f 2915 2916 2772
f 2772 2916 2773
f 2916 2917 2773
f 2773 2917 2774
f 2917 2918 2774
f 2774 2918 2775
f 2918 2919 2775
f 2775 2919 2776
f 2919 2920 2776
f 2776 2920 2777
f 2920 2921 2777
f 2777 2921 2778
f 2921 2922 2778
f 2778 2922 2779
f 2922 2923 2779
f 2779 2923 2780
f 2923 2924 2780
f 2780 2924 2781
f 2924 2925 2781
f 2781 2925 2782
f 2925 2926 2782
f 2782 2926 2783
f 2926 2927 2783
f 2783 2927 2784
f 2927 2928 2784
f 2784 2928 2785
f 2928 2929 2785
f 2785 2929 2786
f 2929 2930 2786
f 2786 2930 2787
f 2930 2931 2787
f 2787 2931 2788
f 2931 2932 2788
f 2788 2932 2789
f 2932 2933 2789
f 2789 2933 2790
f 2933 2934 2790
f 2790 2934 2791
f 2934 2935 2791
f 2791 2935 2792
f 2935 2936 2792
f 2792 2936 2793
f 2936 2937 2793
f 2793 2937 2794
f 2937 2938 2794
f 2794 2938 2795
f 2938 2939 2795
f 2795 2939 2796
f 2939 2940 2796
f 2796 2940 2797
f 2940 2941 2797
f 2797 2941 2798
f 2941 2942 2798
f 2798 2942 2799
f 2942 2943 2799
f 2799 2943 2800
f 2943 2944 2800
f 2800 2944 2801
f 2944 2945 2801
f 2801 2945 2802
f 2945 2946 2802
f 2802 2946 2803
f 2946 2947 2803
f 2803 2947 2804
f 2947 2948 2804
f 2804 2948 2805
f 2948 2949 2805
f 2805 2949 2806
f 2949 2950 2806
f 2806 2950 2807
f 2950 2951 2807
f 2807 2951 2808
f 2951 2952 2808
f 2808 2952 2809
f 2952 2953 2809
f 2809 2953 2810
f 2953 2954 2810
f 2810 2954 2811
f 2954 2955 2811
f 2811 2955 2812
f 2955 2956 2812
f 2812 2956 2813
f 2956 2957 2813
f 2813 2957 2814
f 2957 2958 2814
f 2814 2958 2815
f 2958 2959 2815
f 2815 2959 2816
f 2959 2960 2816
f 2816 2960 2817
f 2960 2961 2817
f 2817 2961 2818
f 2961 2962 2818
f 2818 2962 2819
f 2962 2963 2819
f 2819 2963 2820
f 2963 2964 2820
f 2820 2964 2821
f 2964 2965 2821
f 2821 2965 2822
f 2965 2966 2822
f 2822 2966 2823
f 2966 2967 2823
f 2823 2967 2824
f 2967 2968 2824
f 2824 2968 2825
f 2968 2969 2825
f 2825 2969 2826
f 2969 2970 2826
f 2826 2970 2827
f 2970 2971 2827
f 2827 2971 2828
f 2971 2972 2828
f 2828 2972 2829
f 2972 2973 2829
f 2829 2973 2830
f 2973 2974 2830
f 2830 2974 2831
f 2974 2975 2831
f 2831 2975 2832
f 2975 2976 2832
f 2832 2976 2833
f 2976 2977 2833
f 2833 2977 2834
f 2977 2978 2834
f 2834 2978 2835
f 2978 2979 2835
f 2835 2979 2836
f 2979 2980 2836
f 2836 2980 2837
f 2980 2981 2837
f 2837 2981 2838
f 2981 2982 2838
f 2838 2982 2839
f 2982 2983 2839
f 2839 2983 2840
f 2983 2984 2840
f 2840 2984 2841
f 2984 2985 2841
f 2841 2985 2842
f 2985 2986 2842
f 2842 2986 2843
f 2986 2987 2843
f 2843 2987 2844
f 2987 2988 2844
f 2844 2988 2845
f 2988 2989 2845
f 2845 2989 2846
f 2989 2990 2846
f 2846 2990 2847
f 2990 2991 2847
f 2847 2991 2848
f 2991 2992 2848
f 2848 2992 2849
f 2992 2993 2849
f 2849 2993 2850
f 2993 2994 2850
f 2850 2994 2851
f 2994 2995 2851
f 2851 2995 2852
f 2995 2996 2852
f 2852 2996 2853
f 2996 2997 2853
f 2853 2997 2854
f 2997 2998 2854
f 2854 2998 2855
f 2998 2999 2855
f 2855 2999 2856
f 2999 3000 2856
f 2856 3000 2857
f 3000 3001 2857
f 2857 3001 2858
f 3001 3002 2858
f 2858 3002 2859
f 3002 3003 2859
f 2859 3003 2860
f 3003 3004 2860
f 2860 3004 2861
f 3004 3005 2861
f 2861 3005 2862
f 3005 3006 2862
f 2862 3006 2863
f 3006 3007 2863
f 2863 3007 2864
f 3007 3008 2864
f 2864 3008 2865
f 3008 3009 2865
f 2865 3009 2866
f 3009 3010 2866
f 2866 3010 2867
f 3010 3011 2867
f 2867 3011 2868
f 3011 3012 2868
f 2868 3012 2869
f 3012 3013 2869
f 2869 3013 2870
f 3013 3014 2870
f 2870 3014 2871
f 3014 3015 2871
f 2871 3015 2872
f 3015 3016 2872
f 2872 3016 2873
f 3016 3017 2873
f 2873 3017 2874
f 3017 3018 2874
f 2874 3018 2875
f 3018 3019 2875
f 2875 3019 2876
f 3019 3020 2876
f 2876 3020 2877
f 3020 3021 2877
f 2877 3021 2878
f 3021 3022 2878
f 2878 3022 2879
f 3022 3023 2879
f 2879 3023 2880
f 3023 3024 2880
f 2880 3024 2737
f 3024 2881 2737
f 2881 3025 2882
f 3025 3026 2882
f 2882 3026 2883
f 3026 3027 2883
f 2883 3027 2884
f 3027 3028 2884
f 2884 3028 2885
f 3028 3029 2885
f 2885 3029 2886
f 3029 3030 2886
f 2886 3030 2887
f 3030 3031 2887
f 2887 3031 2888
f 3031 3032 2888
f 2888 3032 2889
f 3032 3033 2889
f 2889 3033 2890
f 3033 3034 2890
f 2890 3034 2891
f 3034 3035 2891
f 2891 3035 2892
f 3035 3036 2892
f 2892 3036 2893
f 3036 3037 2893
f 2893 3037 2894
f 3037 3038 2894
f 2894 3038 2895
f 3038 3039 2895
f 2895 3039 2896
f 3039 3040 2896
f 2896 3040 2897
f 3040 3041 2897
f 2897 3041 2898
f 3041 3042 2898
f 2898 3042 2899
f 3042 3043 2899
f 2899 3043 2900
f 3043 3044 2900
f 2900 3044 2901
f 3044 3045 2901
f 2901 3045 2902
f 3045 3046 2902
f 2902 3046 2903
f 3046 3047 2903
f 2903 3047 2904
f 3047 3048 2904
f 2904 3048 2905
f 3048 3049 2905
f 2905 3049 2906
f 3049 3050 2906
f 2906 3050 2907
f 3050 3051 2907
f 2907 3051 2908
f 3051 3052 2908
f 2908 3052 2909
f 3052 3053 2909
f 2909 3053 2910
f 3053 3054 2910
f 2910 3054 2911
f 3054 3055 2911
f 2911 3055 2912
f 3055 3056 2912
f 2912 3056 2913
f 3056 3057 2913
f 2913 3057 2914
f 3057 3058 2914
f 2914 3058 2915
f 3058 3059 2915
f 2915 3059 2916
f 3059 3060 2916
f 2916 3060 2917
f 3060 3061 2917
f 2917 3061 2918
f 3061 3062 2918
f 2918 3062 2919
f 3062 3063 2919
f 2919 3063 2920
f 3063 3064 2920
f 2920 3064 2921
f 3064 3065 2921
f 2921 3065 2922
f 3065 3066 2922
f 2922 3066 2923
f 3066 3067 2923
f 2923 3067 2924
f 3067 3068 2924
f 2924 3068 2925
f 3068 3069 2925
f 2925 3069 2926
f 3069 3070 2926
f 2926 3070 2927
f 3070 3071 2927
f 2927 3071 2928
f 3071 3072 2928
f 2928 3072 2929
f 3072 3073 2929
f 2929 3073 2930
f 3073 3074 2930
f 2930 3074 2931
f 3074 3075 2931
f 2931 3075 2932
f 3075 3076 2932
f 2932 3076 2933
f 3076 3077 2933
f 2933 3077 2934
f 3077 3078 2934
f 2934 3078 2935
f 3078 3079 2935
f 2935 3079 2936
f 3079 3080 2936
f 2936 3080 2937
f 3080 3081 2937
f 2937 3081 2938
f 3081 3082 2938
f 2938 3082 2939
f 3082 3083 2939
f 2939 3083 2940
f 3083 3084 2940
f 2940 3084 2941
f 3084 3085 2941
f 2941 3085 2942
f 3085 3086 2942
f 2942 3086 2943
f 3086 3087 2943
f 2943 3087 2944
f 3087 3088 2944
f 2944 3088 2945
f 3088 3089 2945
f 2945 3089 2946
f 3089 3090 2946
f 2946 3090 2947
f 3090 3091 2947
f 2947 3091 2948
f 3091 3092 2948
f 2948 3092 2949
f 3092 3093 2949
f 2949 3093 2950
f 3093 3094 2950
f 2950 3094 2951
f 3094 3095 2951
f 2951 3095 2952
f 3095 3096 2952
f 2952 3096 2953
f 3096 3097 2953
f 2953 3097 2954
f 3097 3098 2954
f 2954 3098 2955
f 3098 3099 2955
f 2955 3099 2956
f 3099 3100 2956
f 2956 3100 2957
f 3100 3101 2957
f 2957 3101 2958
f 3101 3102 2958
f 2958 3102 2959
f 3102 3103 2959
f 2959 3103 2960
f 3103 3104 2960
f 2960 3104 2961
f 3104 3105 2961
f 2961 3105 2962
f 3105 3106 2962
f 2962 3106 2963
f 3106 3107 2963
f 2963 3107 2964
f 3107 3108 2964
f 2964 3108 2965
f 3108 3109 2965
f 2965 3109 2966
f 3109 3110 2966
f 2966 3110 2967
f 3110 3111 2967
f 2967 3111 2968
f 3111 3112 2968
f 2968 3112 2969
f 3112 3113 2969
f 2969 3113 2970
f 3113 3114 2970
f 2970 3114 2971
f 3114 3115 2971
f 2971 3115 2972
f 3115 3116 2972
f 2972 3116 2973
f 3116 3117 2973
f 2973 3117 2974
f 3117 3118 2974
f 2974 3118 2975
f 3118 3119 2975
f 2975 3119 2976
f 3119 3120 2976
f 2976 3120 2977
f 3120 3121 2977
f 2977 3121 2978
f 3121 3122 2978
f 2978 3122 2979
f 3122 3123 2979
f 2979 3123 2980
f 3123 3124 2980
f 2980 3124 2981
f 3124 3125 2981
f 2981 3125 2982
f 3125 3126 2982
f 2982 3126 2983
f 3126 3127 2983
f 2983 3127 2984
f 3127 3128 2984
f 2984 3128 2985
f 3128 3129 2985
f 2985 3129 2986
f 3129 3130 2986
f 2986 3130 2987
f 3130 3131 2987
f 2987 3131 2988
f 3131 3132 2988
f 2988 3132 2989
f 3132 3133 2989
f 2989 3133 2990
f 3133 3134 2990
f 2990 3134 2991
f 3134 3135 2991
f 2991 3135 2992
f 3135 3136 2992
f 2992 3136 2993
f 3136 3137 2993
f 2993 3137 2994
f 3137 3138 2994
f 2994 3138 2995
f 3138 3139 2995
f 2995 3139 2996
f 3139 3140 2996
f 2996 3140 2997
f 3140 3141 2997
f 2997 3141 2998
f 3141 3142 2998
f 2998 3142 2999
f 3142 3143 2999
f 2999 3143 3000
f 3143 3144 3000
f 3000 3144 3001
f 3144 3145 3001
f 3001 3145 3002
f 3145 3146 3002
f 3002 3146 3003
f 3146 3147 3003
f 3003 3147 3004
f 3147 3148 3004
f 3004 3148 3005
f 3148 3149 3005
f 3005 3149 3006
f 3149 3150 3006
f 3006 3150 3007
f 3150 3151 3007
f 3007 3151 3008
f 3151 3152 3008
f 3008 3152 3009
f 3152 3153 3009
f 3009 3153 3010
f 3153 3154 3010
f 3010 3154 3011
f 3154 3155 3011
f 3011 3155 3012
f 3155 3156 3012
f 3012 3156 3013
f 3156 3157 3013
f 3013 3157 3014
f 3157 3158 3014
f 3014 3158 3015
f 3158 3159 3015
f 3015 3159 3016
f 3159 3160 3016
f 3016 3160 3017
f 3160 3161 3017
f 3017 3161 3018
f 3161 3162 3018
f 3018 3162 3019
f 3162 3163 3019
f 3019 3163 3020
f 3163 3164 3020
f 3020 3164 3021
f 3164 3165 3021
f 3021 3165 3022
f 3165 3166 3022
f 3022 3166 3023
f 3166 3167 3023
f 3023 3167 3024
f 3167 3168 3024
f 3024 3168 2881
f 3168 3025 2881
f 3025 3169 3026
f 3169 3170 3026
f 3026 3170 3027
f 3170 3171 3027
f 3027 3171 3028
f 3171 3172 3028
f 3028 3172 3029
f 3172 3173 3029
f 3029 3173 3030
f 3173 3174 3030
f 3030 3174 3031
f 3174 3175 3031
f 3031 3175 3032
f 3175 3176 3032
f 3032 3176 3033
f 3176 3177 3033
f 3033 3177 3034
f 3177 3178 3034
f 3034 3178 3035
f 3178 3179 3035
f 3035 3179 3036
f 3179 3180 3036
f 3036 3180 3037
f 3180 3181 3037
f 3037 3181 3038
f 3181 3182 3038
f 3038 3182 3039
f 3182 3183 3039
f 3039 3183 3040
f 3183 3184 3040
f 3040 3184 3041
f 3184 3185 3041
f 3041 3185 3042
f 3185 3186 3042
f 3042 3186 3043
f 3186 3187 3043
f 3043 3187 3044
f 3187 3188 3044
f 3044 3188 3045
f 3188 3189 3045
f 3045 3189 3046
f 3189 3190 3046
f 3046 3190 3047
f 3190 3191 3047
f 3047 3191 3048
f 3191 3192 3048
f 3048 3192 3049
f 3192 3193 3049
f 3049 3193 3050
f 3193 3194 3050
f 3050 3194 3051
f 3194 3195 3051
f 3051 3195 3052
f 3195 3196 3052
f 3052 3196 3053
f 3196 3197 3053
f 3053 3197 3054
f 3197 3198 3054
f 3054 3198 3055
f 3198 3199 3055
f 3055 3199 3056
f 3199 3200 3056
f 3056 3200 3057
f 3200 3201 3057
f 3057 3201 3058
f 3201 3202 3058
f 3058 3202 3059
f 3202 3203 3059
f 3059 3203 3060
f 3203 3204 3060
f 3060 3204 3061
f 3204 3205 3061
f 3061 3205 3062
f 3205 3206 3062
f 3062 3206 3063
f 3206 3207 3063
f 3063 3207 3064
f 3207 3208 3064
f 3064 3208 3065
f 3208 3209 3065
f 3065 3209 3066
f 3209 3210 3066
f 3066 3210 3067
f 3210 3211 3067
f 3067 3211 3068
f 3211 3212 3068
f 3068 3212 3069
f 3212 3213 3069
f 3069 3213 3070
f 3213 3214 3070
f 3070 3214 3071
f 3214 3215 3071
f 3071 3215 3072
f 3215 3216 3072
f 3072 3216 3073
f 3216 3217 3073
f 3073 3217 3074
f 3217 3218 3074
f 3074 3218 3075
f 3218 3219 3075
f 3075 3219 3076
f 3219 3220 3076
f 3076 3220 3077
f 3220 3221 3077
f 3077 3221 3078
f 3221 3222 3078
f 3078 3222 3079
f 3222 3223 3079
f 3079 3223 3080
f 3223 3224 3080
f 3080 3224 3081
f 3224 3225 3081
f 3081 3225 3082
f 3225 3226 3082
f 3082 3226 3083
f 3226 3227 3083
f 3083 3227 3084
f 3227 3228 3084
f 3084 3228 3085
f 3228 3229 3085
f 3085 3229 3086
f 3229 3230 3086
f 3086 3230 3087
f 3230 3231 3087
f 3087 3231 3088
f 3231 3232 3088
f 3088 3232 3089
f 3232 3233 3089
f 3089 3233 3090
f 3233 3234 3090
f 3090 3234 3091
f 3234 3235 3091
f 3091 3235 3092
f 3235 3236 3092
f 3092 3236 3093
f 3236 3237 3093
f 3093 3237 3094
f 3237 3238 3094
f 3094 3238 3095
f 3238 3239 3095
f 3095 3239 3096
f 3239 3240 3096
f 3096 3240 3097
f 3240 3241 3097
f 3097 3241 3098
f 3241 3242 3098
f 3098 3242 3099
f 3242 3243 3099
f 3099 3243 3100
f 3243 3244 3100
f 3100 3244 3101
f 3244 3245 3101
f 3101 3245 3102
f 3245 3246 3102
f 3102 3246 3103
f 3246 3247 3103
f 3103 3247 3104
f 3247 3248 3104
f 3104 3248 3105
f 3248 3249 3105
f 3105 3249 3106
f 3249 3250 3106
f 3106 3250 3107
f 3250 3251 3107
f 3107 3251 3108
f 3251 3252 3108
f 3108 3252 3109
f 3252 3253 3109
f 3109 3253 3110
f 3253 3254 3110
f 3110 3254 3111
f 3254 3255 3111
f 3111 3255 3112
f 3255 3256 3112
f 3112 3256 3113
f 3256 3257 3113
f 3113 3257 3114
f 3257 3258 3114
f 3114 3258 3115
f 3258 3259 3115
f 3115 3259 3116
f 3259 3260 3116
f 3116 3260 3117
f 3260 3261 3117
f 3117 3261 3118
f 3261 3262 3118
f 3118 3262 3119
f 3262 3263 3119
f 3119 3263 3120
f 3263 3264 3120
f 3120 3264 3121
f 3264 3265 3121
f 3121 3265 3122
f 3265 3266 3122
f 3122 3266 3123
f 3266 3267 3123
f 3123 3267 3124
f 3267 3268 3124
f 3124 3268 3125
f 3268 3269 3125
f 3125 3269 3126
f 3269 3270 3126
f 3126 3270 3127
f 3270 3271 3127
f 3127 3271 3128
f 3271 3272 3128
f 3128 3272 3129
f 3272 3273 3129
f 3129 3273 3130
f 3273 3274 3130
f 3130 3274 3131
f 3274 3275 3131
f 3131 3275 3132
f 3275 3276 3132
f 3132 3276 3133
f 3276 3277 3133
f 3133 3277 3134
f 3277 3278 3134
f 3134 3278 3135
f 3278 3279 3135
f 3135 3279 3136
f 3279 3280 3136
f 3136 3280 3137
f 3280 3281 3137
f 3137 3281 3138
f 3281 3282 3138
f 3138 3282 3139
f 3282 3283 3139
f 3139 3283 3140
f 3283 3284 3140
f 3140 3284 3141
f 3284 3285 3141
f 3141 3285 3142
f 3285 3286 3142
f 3142 3286 3143
f 3286 3287 3143
f 3143 3287 3144
f 3287 3288 3144
f 3144 3288 3145
f 3288 3289 3145
f 3145 3289 3146
f 3289 3290 3146
f 3146 3290 3147
f 3290 3291 3147
f 3147 3291 3148
f 3291 3292 3148
f 3148 3292 3149
f 3292 3293 3149
f 3149 3293 3150
f 3293 3294 3150
f 3150 3294 3151
f 3294 3295 3151
f 3151 3295 3152
f 3295 3296 3152
f 3152 3296 3153
f 3296 3297 3153
f 3153 3297 3154
f 3297 3298 3154
f 3154 3298 3155
f 3298 3299 3155
f 3155 3299 3156
f 3299 3300 3156
f 3156 3300 3157
f 3300 3301 3157
f 3157 3301 3158
f 3301 3302 3158
f 3158 3302 3159
f 3302 3303 3159
f 3159 3303 3160
f 3303 3304 3160
f 3160 3304 3161
f 3304 3305 3161
f 3161 3305 3162
f 3305 3306 3162
f 3162 3306 3163
f 3306 3307 3163
f 3163 3307 3164
f 3307 3308 3164
f 3164 3308 3165
f 3308 3309 3165
f 3165 3309 3166
f 3309 3310 3166
f 3166 3310 3167
f 3310 3311 3167
f 3167 3311 3168
f 3311 3312 3168
f 3168 3312 3025
f 3312 3169 3025
f 3169 3313 3170
f 3313 3314 3170
f 3170 3314 3171
f 3314 3315 3171
f 3171 3315 3172
f 3315 3316 3172
f 3172 3316 3173
f 3316 3317 3173
f 3173 3317 3174
f 3317 3318 3174
f 3174 3318 3175
f 3318 3319 3175
f 3175 3319 3176
f 3319 3320 3176
f 3176 3320 3177
f 3320 3321 3177
f 3177 3321 3178
f 3321 3322 3178
f 3178 3322 3179
f 3322 3323 3179
f 3179 3323 3180
f 3323 3324 3180
f 3180 3324 3181
f 3324 3325 3181
f 3181 3325 3182
f 3325 3326 3182
f 3182 3326 3183
f 3326 3327 3183
f 3183 3327 3184
f 3327 3328 3184
f 3184 3328 3185
f 3328 3329 3185
f 3185 3329 3186
f 3329 3330 3186
f 3186 3330 3187
f 3330 3331 3187
f 3187 3331 3188
f 3331 3332 3188
f 3188 3332 3189
f 3332 3333 3189
f 3189 3333 3190
f 3333 3334 3190
f 3190 3334 3191
f 3334 3335 3191
f 3191 3335 3192
f 3335 3336 3192
f 3192 3336 3193
f 3336 3337 3193
f 3193 3337 3194
f 3337 3338 3194
f 3194 3338 3195
f 3338 3339 3195
f 3195 3339 3196
f 3339 3340 3196
f 3196 3340 3197
f 3340 3341 3197
f 3197 3341 3198
f 3341 3342 3198
f 3198 3342 3199
f 3342 3343 3199
f 3199 3343 3200
f 3343 3344 3200
f 3200 3344 3201
f 3344 3345 3201
f 3201 3345 3202
f 3345 3346 3202
f 3202 3346 3203
f 3346 3347 3203
f 3203 3347 3204
f 3347 3348 3204
f 3204 3348 3205
f 3348 3349 3205
f 3205 3349 3206
f 3349 3350 3206
f 3206 3350 3207
f 3350 3351 3207
f 3207 3351 3208
f 3351 3352 3208
f 3208 3352 3209
f 3352 3353 3209
f 3209 3353 3210
f 3353 3354 3210
f 3210 3354 3211
f 3354 3355 3211
f 3211 3355 3212
f 3355 3356 3212
f 3212 3356 3213
f 3356 3357 3213
f 3213 3357 3214
f 3357 3358 3214
f 3214 3358 3215
f 3358 3359 3215
f 3215 3359 3216
f 3359 3360 3216
f 3216 3360 3217
f 3360 3361 3217
f 3217 3361 3218
f 3361 3362 3218
f 3218 3362 3219
f 3362 3363 3219
f 3219 3363 3220
f 3363 3364 3220
f 3220 3364 3221
f 3364 3365 3221
f 3221 3365 3222
f 3365 3366 3222
f 3222 3366 3223
f 3366 3367 3223
f 3223 3367 3224
f 3367 3368 3224
f 3224 3368 3225
f 3368 3369 3225
f 3225 3369 3226
f 3369 3370 3226
f 3226 3370 3227
f 3370 3371 3227
f 3227 3371 3228
f 3371 3372 3228
f 3228 3372 3229
f 3372 3373 3229
f 3229 3373 3230
f 3373 3374 3230
f 3230 3374 3231
f 3374 3375 3231
f 3231 3375 3232
f 3375 3376 3232
f 3232 3376 3233
f 3376 3377 3233
f 3233 3377 3234
f 3377 3378 3234
f 3234 3378 3235
f 3378 3379 3235
f 3235 3379 3236
f 3379 3380 3236
f 3236 3380 3237
f 3380 3381 3237
f 3237 3381 3238
f 3381 3382 3238
f 3238 3382 3239
f 3382 3383 3239
f 3239 3383 3240
f 3383 3384 3240
f 3240 3384 3241
f 3384 3385 3241
f 3241 3385 3242
f 3385 3386 3242
f 3242 3386 3243
f 3386 3387 3243
f 3243 3387 3244
f 3387 3388 3244
f 3244 3388 3245
f 3388 3389 3245
f 3245 3389 3246
f 3389 3390 3246
f 3246 3390 3247
f 3390 3391 3247
f 3247 3391 3248
f 3391 3392 3248
f 3248 3392 3249
f 3392 3393 3249
f 3249 3393 3250
f 3393 3394 3250
f 3250 3394 3251
f 3394 3395 3251
f 3251 3395 3252
f 3395 3396 3252
f 3252 3396 3253
f 3396 3397 3253
f 3253 3397 3254
f 3397 3398 3254
f 3254 3398 3255
f 3398 3399 3255
f 3255 3399 3256
f 3399 3400 3256
f 3256 3400 3257
f 3400 3401 3257
f 3257 3401 3258
f 3401 3402 3258
f 3258 3402 3259
f 3402 3403 3259
f 3259 3403 3260
f 3403 3404 3260
f 3260 3404 3261
f 3404 3405 3261
f 3261 3405 3262
f 3405 3406 3262
f 3262 3406 3263
f 3406 3407 3263
f 3263 3407 3264
f 3407 3408 3264
f 3264 3408 3265
f 3408 3409 3265
f 3265 3409 3266
f 3409 3410 3266
f 3266 3410 3267
f 3410 3411 3267
f 3267 3411 3268
f 3411 3412 3268
f 3268 3412 3269
f 3412 3413 3269
f 3269 3413 3270
f 3413 3414 3270
f 3270 3414 3271
f 3414 3415 3271
f 3271 3415 3272
f 3415 3416 3272
f 3272 3416 3273
f 3416 3417 3273
f 3273 3417 3274
f 3417 3418 3274
f 3274 3418 3275
f 3418 3419 3275
f 3275 3419 3276
f 3419 3420 3276
f 3276 3420 3277
f 3420 3421 3277
f 3277 3421 3278
f 3421 3422 3278
f 3278 3422 3279
f 3422 3423 3279
f 3279 3423 3280
f 3423 3424 3280
f 3280 3424 3281
f 3424 3425 3281
f 3281 3425 3282
f 3425 3426 3282
f 3282 3426 3283
f 3426 3427 3283
f 3283 3427 3284
f 3427 3428 3284
f 3284 3428 3285
f 3428 3429 3285
f 3285 3429 3286
f 3429 3430 3286
f 3286 3430 3287
f 3430 3431 3287
f 3287 3431 3288
f 3431 3432 3288
f 3288 3432 3289
f 3432 3433 3289
f 3289 3433 3290
f 3433 3434 3290
f 3290 3434 3291
f 3434 3435 3291
f 3291 3435 3292
f 3435 3436 3292
f 3292 3436 3293
f 3436 3437 3293
f 3293 3437 3294
f 3437 3438 3294
f 3294 3438 3295
f 3438 3439 3295
f 3295 3439 3296
f 3439 3440 3296
f 3296 3440 3297
f 3440 3441 3297
f 3297 3441 3298
f 3441 3442 3298
f 3298 3442 3299
f 3442 3443 3299
f 3299 3443 3300
f 3443 3444 3300
f 3300 3444 3301
f 3444 3445 3301
f 3301 3445 3302
f 3445 3446 3302
f 3302 3446 3303
f 3446 3447 3303
f 3303 3447 3304
f 3447 3448 3304
f 3304 3448 3305
f 3448 3449 3305
f 3305 3449 3306
f 3449 3450 3306
f 3306 3450 3307
f 3450 3451 3307
f 3307 3451 3308
f 3451 3452 3308
f 3308 3452 3309
f 3452 3453 3309
f 3309 3453 3310
f 3453 3454 3310
f 3310 3454 3311
f 3454 3455 3311
f 3311 3455 3312
f 3455 3456 3312
f 3312 3456 3169
f 3456 3313 3169
f 3313 3457 3314
f 3457 3458 3314
f 3314 3458 3315
f 3458 3459 3315
f 3315 3459 3316
f 3459 3460 3316
f 3316 3460 3317
f 3460 3461 3317
f 3317 3461 3318
f 3461 3462 3318
f 3318 3462 3319
f 3462 3463 3319
f 3319 3463 3320
f 3463 3464 3320
f 3320 3464 3321
f 3464 3465 3321
f 3321 3465 3322
f 3465 3466 3322
f 3322 3466 3323
f 3466 3467 3323
f 3323 3467 3324
f 3467 3468 3324
f 3324 3468 3325
f 3468 3469 3325
f 3325 3469 3326
f 3469 3470 3326
f 3326 3470 3327
f 3470 3471 3327
f 3327 3471 3328
f 3471 3472 3328
f 3328 3472 3329
f 3472 3473 3329
f 3329 3473 3330
f 3473 3474 3330
f 3330 3474 3331
f 3474 3475 3331
f 3331 3475 3332
f 3475 3476 3332
f 3332 3476 3333
f 3476 3477 3333
f 3333 3477 3334
f 3477 3478 3334
f 3334 3478 3335
f 3478 3479 3335
f 3335 3479 3336
f 3479 3480 3336
f 3336 3480 3337
f 3480 3481 3337
f 3337 3481 3338
f 3481 3482 3338
f 3338 3482 3339
f 3482 3483 3339
f 3339 3483 3340
f 3483 3484 3340
f 3340 3484 3341
f 3484 3485 3341
f 3341 3485 3342
f 3485 3486 3342
f 3342 3486 3343
f 3486 3487 3343
f 3343 3487 3344
f 3487 3488 3344
f 3344 3488 3345
f 3488 3489 3345
f 3345 3489 3346
f 3489 3490 3346
f 3346 3490 3347
f 3490 3491 3347
f 3347 3491 3348
f 3491 3492 3348
f 3348 3492 3349
f 3492 3493 3349
f 3349 3493 3350
f 3493 3494 3350
f 3350 3494 3351
f 3494 3495 3351
f 3351 3495 3352
f 3495 3496 3352
f 3352 3496 3353
f 3496 3497 3353
f 3353 3497 3354
f 3497 3498 3354
f 3354 3498 3355
f 3498 3499 3355
f 3355 3499 3356
f 3499 3500 3356
f 3356 3500 3357
f 3500 3501 3357
f 3357 3501 3358
f 3501 3502 3358
f 3358 3502 3359
f 3502 3503 3359
f 3359 3503 3360
f 3503 3504 3360
f 3360 3504 3361
f 3504 3505 3361
f 3361 3505 3362
f 3505 3506 3362
f 3362 3506 3363
f 3506 3507 3363
f 3363 3507 3364
f 3507 3508 3364
f 3364 3508 3365
f 3508 3509 3365
f 3365 3509 3366
f 3509 3510 3366
f 3366 3510 3367
f 3510 3511 3367
f 3367 3511 3368
f 3511 3512 3368
f 3368 3512 3369
f 3512 3513 3369
f 3369 3513 3370
f 3513 3514 3370
f 3370 3514 3371
f 3514 3515 3371
f 3371 3515 3372
f 3515 3516 3372
f 3372 3516 3373
f 3516 3517 3373
f 3373 3517 3374
f 3517 3518 3374
f 3374 3518 3375
f 3518 3519 3375
f 3375 3519 3376
f 3519 3520 3376
f 3376 3520 3377
f 3520 3521 3377
f 3377 3521 3378
f 3521 3522 3378
f 3378 3522 3379
f 3522 3523 3379
f 3379 3523 3380
f 3523 3524 3380
f 3380 3524 3381
f 3524 3525 3381
f 3381 3525 3382
f 3525 3526 3382
f 3382 3526 3383
f 3526 3527 3383
f 3383 3527 3384
f 3527 3528 3384
f 3384 3528 3385
f 3528 3529 3385
f 3385 3529 3386
f 3529 3530 3386
f 3386 3530 3387
f 3530 3531 3387
f 3387 3531 3388
f 3531 3532 3388
f 3388 3532 3389
f 3532 3533 3389
f 3389 3533 3390
f 3533 3534 3390
f 3390 3534 3391
f 3534 3535 3391
f 3391 3535 3392
f 3535 3536 3392
f 3392 3536 3393
f 3536 3537 3393
f 3393 3537 3394
f 3537 3538 3394
f 3394 3538 3395
f 3538 3539 3395
f 3395 3539 3396
f 3539 3540 3396
f 3396 3540 3397
f 3540 3541 3397
f 3397 3541 3398
f 3541 3542 3398
f 3398 3542 3399
f 3542 3543 3399
f 3399 3543 3400
f 3543 3544 3400
f 3400 3544 3401
f 3544 3545 3401
f 3401 3545 3402
f 3545 3546 3402
f 3402 3546 3403
f 3546 3547 3403
f 3403 3547 3404
f 3547 3548 3404
f 3404 3548 3405
f 3548 3549 3405
f 3405 3549 3406
f 3549 3550 3406
f 3406 3550 3407
f 3550 3551 3407
f 3407 3551 3408
f 3551 3552 3408
f 3408 3552 3409
f 3552 3553 3409
f 3409 3553 3410
f 3553 3554 3410
f 3410 3554 3411
f 3554 3555 3411
f 3411 3555 3412
f 3555 3556 3412
f 3412 3556 3413
f 3556 3557 3413
f 3413 3557 3414
f 3557 3558 3414
f 3414 3558 3415
f 3558 3559 3415
f 3415 3559 3416
f 3559 3560 3416
f 3416 3560 3417
f 3560 3561 3417
f 3417 3561 3418
f 3561 3562 3418
f 3418 3562 3419
f 3562 3563 3419
f 3419 3563 3420
f 3563 3564 3420
f 3420 3564 3421
f 3564 3565 3421
f 3421 3565 3422
f 3565 3566 3422
f 3422 3566 3423
f 3566 3567 3423
f 3423 3567 3424
f 3567 3568 3424
f 3424 3568 3425
f 3568 3569 3425
f 3425 3569 3426
f 3569 3570 3426
f 3426 3570 3427
f 3570 3571 3427
f 3427 3571 3428
f 3571 3572 3428
f 3428 3572 3429
f 3572 3573 3429
f 3429 3573 3430
f 3573 3574 3430
f 3430 3574 3431
f 3574 3575 3431
f 3431 3575 3432
f 3575 3576 3432
f 3432 3576 3433
f 3576 3577 3433
f 3433 3577 3434
f 3577 3578 3434
f 3434 3578 3435
f 3578 3579 3435
f 3435 3579 3436
f 3579 3580 3436
f 3436 3580 3437
f 3580 3581 3437
f 3437 3581 3438
f 3581 3582 3438
f 3438 3582 3439
f 3582 3583 3439
f 3439 3583 3440
f 3583 3584 3440
f 3440 3584 3441
f 3584 3585 3441
f 3441 3585 3442
f 3585 3586 3442
f 3442 3586 3443
f 3586 3587 3443
f 3443 3587 3444
f 3587 3588 3444
f 3444 3588 3445
f 3588 3589 3445
f 3445 3589 3446
f 3589 3590 3446
f 3446 3590 3447
f 3590 3591 3447
f 3447 3591 3448
f 3591 3592 3448
f 3448 3592 3449
f 3592 3593 3449
f 3449 3593 3450
f 3593 3594 3450
f 3450 3594 3451
f 3594 3595 3451
f 3451 3595 3452
f 3595 3596 3452
f 3452 3596 3453
f 3596 3597 3453
f 3453 3597 3454
f 3597 3598 3454
f 3454 3598 3455
f 3598 3599 3455
f 3455 3599 3456
f 3599 3600 3456
f 3456 3600 3313
f 3600 3457 3313
f 3457 3601 3458
f 3601 3602 3458
f 3458 3602 3459
f 3602 3603 3459
f 3459 3603 3460
f 3603 3604 3460
f 3460 3604 3461
f 3604 3605 3461
f 3461 3605 3462
f 3605 3606 3462
f 3462 3606 3463
f 3606 3607 3463
f 3463 3607 3464
f 3607 3608 3464
f 3464 3608 3465
f 3608 3609 3465
f 3465 3609 3466
f 3609 3610 3466
f 3466 3610 3467
f 3610 3611 3467
f 3467 3611 3468
f 3611 3612 3468
f 3468 3612 3469
f 3612 3613 3469
f 3469 3613 3470
f 3613 3614 3470
f 3470 3614 3471
f 3614 3615 3471
f 3471 3615 3472
f 3615 3616 3472
f 3472 3616 3473
f 3616 3617 3473
f 3473 3617 3474
f 3617 3618 3474
f 3474 3618 3475
f 3618 3619 3475
f 3475 3619 3476
f 3619 3620 3476
f 3476 3620 3477
f 3620 3621 3477
f 3477 3621 3478
f 3621 3622 3478
f 3478 3622 3479
f 3622 3623 3479
f 3479 3623 3480
f 3623 3624 3480
f 3480 3624 3481
f 3624 3625 3481
f 3481 3625 3482
f 3625 3626 3482
f 3482 3626 3483
f 3626 3627 3483
f 3483 3627 3484
f 3627 3628 3484
f 3484 3628 3485
f 3628 3629 3485
f 3485 3629 3486
f 3629 3630 3486
f 3486 3630 3487
f 3630 3631 3487
f 3487 3631 3488
f 3631 3632 3488
f 3488 3632 3489
f 3632 3633 3489
f 3489 3633 3490
f 3633 3634 3490
f 3490 3634 3491
f 3634 3635 3491
f 3491 3635 3492
f 3635 3636 3492
f 3492 3636 3493
f 3636 3637 3493
f 3493 3637 3494
f 3637 3638 3494
f 3494 3638 3495
f 3638 3639 3495
f 3495 3639 3496
f 3639 3640 3496
f 3496 3640 3497
f 3640 3641 3497
f 3497 3641 3498
f 3641 3642 3498
f 3498 3642 3499
f 3642 3643 3499
f 3499 3643 3500
f 3643 3644 3500
f 3500 3644 3501
f 3644 3645 3501
f 3501 3645 3502
f 3645 3646 3502
f 3502 3646 3503
f 3646 3647 3503
f 3503 3647 3504
f 3647 3648 3504
f 3504 3648 3505
f 3648 3649 3505
f 3505 3649 3506
f 3649 3650 3506
f 3506 3650 3507
f 3650 3651 3507
f 3507 3651 3508
f 3651 3652 3508
f 3508 3652 3509
f 3652 3653 3509
f 3509 3653 3510
f 3653 3654 3510
f 3510 3654 3511
f 3654 3655 3511
f 3511 3655 3512
f 3655 3656 3512
f 3512 3656 3513
f 3656 3657 3513
f 3513 3657 3514
f 3657 3658 3514
f 3514 3658 3515
f 3658 3659 3515
f 3515 3659 3516
f 3659 3660 3516
f 3516 3660 3517
f 3660 3661 3517
f 3517 3661 3518
f 3661 3662 3518
f 3518 3662 3519
f 3662 3663 3519
f 3519 3663 3520
f 3663 3664 3520
f 3520 3664 3521
f 3664 3665 3521
f 3521 3665 3522
f 3665 3666 3522
f 3522 3666 3523
f 3666 3667 3523
f 3523 3667 3524
f 3667 3668 3524
f 3524 3668 3525
f 3668 3669 3525
f 3525 3669 3526
f 3669 3670 3526
f 3526 3670 3527
f 3670 3671 3527
f 3527 3671 3528
f 3671 3672 3528
f 3528 3672 3529
f 3672 3673 3529
f 3529 3673 3530
f 3673 3674 3530
f 3530 3674 3531
f 3674 3675 3531
f 3531 3675 3532
f 3675 3676 3532
f 3532 3676 3533
f 3676 3677 3533
f 3533 3677 3534
f 3677 3678 3534
f 3534 3678 3535
f 3678 3679 3535
f 3535 3679 3536
f 3679 3680 3536
f 3536 3680 3537
f 3680 3681 3537
f 3537 3681 3538
f 3681 3682 3538
f 3538 3682 3539
f 3682 3683 3539
f 3539 3683 3540
f 3683 3684 3540
f 3540 3684 3541
f 3684 3685 3541
f 3541 3685 3542
f 3685 3686 3542
f 3542 3686 3543
f 3686 3687 3543
f 3543 3687 3544
f 3687 3688 3544
f 3544 3688 3545
f 3688 3689 3545
f 3545 3689 3546
f 3689 3690 3546
f 3546 3690 3547
f 3690 3691 3547
f 3547 3691 3548
f 3691 3692 3548
f 3548 3692 3549
f 3692 3693 3549
f 3549 3693 3550
f 3693 3694 3550
f 3550 3694 3551
f 3694 3695 3551
f 3551 3695 3552
f 3695 3696 3552
f 3552 3696 3553
f 3696 3697 3553
f 3553 3697 3554
f 3697 3698 3554
f 3554 3698 3555
f 3698 3699 3555
f 3555 3699 3556
f 3699 3700 3556
f 3556 3700 3557
f 3700 3701 3557
f 3557 3701 3558
f 3701 3702 3558
f 3558 3702 3559
f 3702 3703 3559
f 3559 3703 3560
f 3703 3704 3560
f 3560 3704 3561
f 3704 3705 3561
f 3561 3705 3562
f 3705 3706 3562
f 3562 3706 3563
f 3706 3707 3563
f 3563 3707 3564
f 3707 3708 3564
f 3564 3708 3565
f 3708 3709 3565
f 3565 3709 3566
f 3709 3710 3566
f 3566 3710 3567
f 3710 3711 3567
f 3567 3711 3568
f 3711 3712 3568
f 3568 3712 3569
f 3712 3713 3569
f 3569 3713 3570
f 3713 3714 3570
f 3570 3714 3571
f 3714 3715 3571
f 3571 3715 3572
f 3715 3716 3572
f 3572 3716 3573
f 3716 3717 3573
f 3573 3717 3574
f 3717 3718 3574
f 3574 3718 3575
f 3718 3719 3575
f 3575 3719 3576
f 3719 3720 3576
f 3576 3720 3577
f 3720 3721 3577
f 3577 3721 3578
f 3721 3722 3578
f 3578 3722 3579
f 3722 3723 3579
f 3579 3723 3580
f 3723 3724 3580
f 3580 3724 3581
f 3724 3725 3581
f 3581 3725 3582
f 3725 3726 3582
f 3582 3726 3583
f 3726 3727 3583
f 3583 3727 3584
f 3727 3728 3584
f 3584 3728 3585
f 3728 3729 3585
f 3585 3729 3586
f 3729 3730 3586
f 3586 3730 3587
f 3730 3731 3587
f 3587 3731 3588
f 3731 3732 3588
f 3588 3732 3589
f 3732 3733 3589
f 3589 3733 3590
f 3733 3734 3590
f 3590 3734 3591
f 3734 3735 3591
f 3591 3735 3592
f 3735 3736 3592
f 3592 3736 3593
f 3736 3737 3593
f 3593 3737 3594
f 3737 3738 3594
f 3594 3738 3595
f 3738 3739 3595
f 3595 3739 3596
f 3739 3740 3596
f 3596 3740 3597
f 3740 3741 3597
f 3597 3741 3598
f 3741 3742 3598
f 3598 3742 3599
f 3742 3743 3599
f 3599 3743 3600
f 3743 3744 3600
f 3600 3744 3457
f 3744 3601 3457
f 3601 3745 3602
f 3745 3746 3602
f 3602 3746 3603
f 3746 3747 3603
f 3603 3747 3604
f 3747 3748 3604
f 3604 3748 3605
f 3748 3749 3605
f 3605 3749 3606
f 3749 3750 3606
f 3606 3750 3607
f 3750 3751 3607
f 3607 3751 3608
f 3751 3752 3608
f 3608 3752 3609
f 3752 3753 3609
f 3609 3753 3610
f 3753 3754 3610
f 3610 3754 3611
f 3754 3755 3611
f 3611 3755 3612
f 3755 3756 3612
f 3612 3756 3613
f 3756 3757 3613
f 3613 3757 3614
f 3757 3758 3614
f 3614 3758 3615
f 3758 3759 3615
f 3615 3759 3616
f 3759 3760 3616
f 3616 3760 3617
f 3760 3761 3617
f 3617 3761 3618
f 3761 3762 3618
f 3618 3762 3619
f 3762 3763 3619
f 3619 3763 3620
f 3763 3764 3620
f 3620 3764 3621
f 3764 3765 3621
f 3621 3765 3622
f 3765 3766 3622
f 3622 3766 3623
f 3766 3767 3623
f 3623 3767 3624
f 3767 3768 3624
f 3624 3768 3625
f 3768 3769 3625
f 3625 3769 3626
f 3769 3770 3626
f 3626 3770 3627
f 3770 3771 3627
f 3627 3771 3628
f 3771 3772 3628
f 3628 3772 3629
f 3772 3773 3629
f 3629 3773 3630
f 3773 3774 3630
f 3630 3774 3631
f 3774 3775 3631
f 3631 3775 3632
f 3775 3776 3632
f 3632 3776 3633
f 3776 3777 3633
f 3633 3777 3634
f 3777 3778 3634
f 3634 3778 3635
f 3778 3779 3635
f 3635 3779 3636
f 3779 3780 3636
f 3636 3780 3637
f 3780 3781 3637
f 3637 3781 3638
f 3781 3782 3638
f 3638 3782 3639
f 3782 3783 3639
f 3639 3783 3640
f 3783 3784 3640
f 3640 3784 3641
f 3784 3785 3641
f 3641 3785 3642
f 3785 3786 3642
f 3642 3786 3643
f 3786 3787 3643
f 3643 3787 3644
f 3787 3788 3644
f 3644 3788 3645
f 3788 3789 3645
f 3645 3789 3646
f 3789 3790 3646
f 3646 3790 3647
f 3790 3791 3647
f 3647 3791 3648
f 3791 3792 3648
f 3648 3792 3649
f 3792 3793 3649
f 3649 3793 3650
f 3793 3794 3650
f 3650 3794 3651
f 3794 3795 3651
f 3651 3795 3652
f 3795 3796 3652
f 3652 3796 3653
f 3796 3797 3653
f 3653 3797 3654
f 3797 3798 3654
f 3654 3798 3655
f 3798 3799 3655
f 3655 3799 3656
f 3799 3800 3656
f 3656 3800 3657
f 3800 3801 3657
f 3657 3801 3658
f 3801 3802 3658
f 3658 3802 3659
f 3802 3803 3659
f 3659 3803 3660
f 3803 3804 3660
f 3660 3804 3661
f 3804 3805 3661
f 3661 3805 3662
f 3805 3806 3662
f 3662 3806 3663
f 3806 3807 3663
f 3663 3807 3664
f 3807 3808 3664
f 3664 3808 3665
f 3808 3809 3665
f 3665 3809 3666
f 3809 3810 3666
f 3666 3810 3667
f 3810 3811 3667
f 3667 3811 3668
f 3811 3812 3668
f 3668 3812 3669
f 3812 3813 3669
f 3669 3813 3670
f 3813 3814 3670
f 3670 3814 3671
f 3814 3815 3671
f 3671 3815 3672
f 3815 3816 3672
f 3672 3816 3673
f 3816 3817 3673
f 3673 3817 3674
f 3817 3818 3674
f 3674 3818 3675
f 3818 3819 3675
f 3675 3819 3676
f 3819 3820 3676
f 3676 3820 3677
f 3820 3821 3677
f 3677 3821 3678
f 3821 3822 3678
f 3678 3822 3679
f 3822 3823 3679
f 3679 3823 3680
f 3823 3824 3680
f 3680 3824 3681
f 3824 3825 3681
f 3681 3825 3682
f 3825 3826 3682
f 3682 3826 3683
f 3826 3827 3683
f 3683 3827 3684
f 3827 3828 3684
f 3684 3828 3685
f 3828 3829 3685
f 3685 3829 3686
f 3829 3830 3686
f 3686 3830 3687
f 3830 3831 3687
f 3687 3831 3688
f 3831 3832 3688
f 3688 3832 3689
f 3832 3833 3689
f 3689 3833 3690
f 3833 3834 3690
f 3690 3834 3691
f 3834 3835 3691
f 3691 3835 3692
f 3835 3836 3692
f 3692 3836 3693
f 3836 3837 3693
f 3693 3837 3694
f 3837 3838 3694
f 3694 3838 3695
f 3838 3839 3695
f 3695 3839 3696
f 3839 3840 3696
f 3696 3840 3697
f 3840 3841 3697
f 3697 3841 3698
f 3841 3842 3698
f 3698 3842 3699
f 3842 3843 3699
f 3699 3843 3700
f 3843 3844 3700
f 3700 3844 3701
f 3844 3845 3701
f 3701 3845 3702
f 3845 3846 3702
f 3702 3846 3703
f 3846 3847 3703
f 3703 3847 3704
f 3847 3848 3704
f 3704 3848 3705
f 3848 3849 3705
f 3705 3849 3706
f 3849 3850 3706
f 3706 3850 3707
f 3850 3851 3707
f 3707 3851 3708
f 3851 3852 3708
f 3708 3852 3709
f 3852 3853 3709
f 3709 3853 3710
f 3853 3854 3710
f 3710 3854 3711
f 3854 3855 3711
f 3711 3855 3712
f 3855 3856 3712
f 3712 3856 3713
f 3856 3857 3713
f 3713 3857 3714
f 3857 3858 3714
f 3714 3858 3715
f 3858 3859 3715
f 3715 3859 3716
f 3859 3860 3716
f 3716 3860 3717
f 3860 3861 3717
f 3717 3861 3718
f 3861 3862 3718
f 3718 3862 3719
f 3862 3863 3719
f 3719 3863 3720
f 3863 3864 3720
f 3720 3864 3721
f 3864 3865 3721
f 3721 3865 3722
f 3865 3866 3722
f 3722 3866 3723
f 3866 3867 3723
f 3723 3867 3724
f 3867 3868 3724
f 3724 3868 3725
f 3868 3869 3725
f 3725 3869 3726
f 3869 3870 3726
f 3726 3870 3727
f 3870 3871 3727
f 3727 3871 3728
f 3871 3872 3728
f 3728 3872 3729
f 3872 3873 3729
f 3729 3873 3730
f 3873 3874 3730
f 3730 3874 3731
f 3874 3875 3731
f 3731 3875 3732
f 3875 3876 3732
f 3732 3876 3733
f 3876 3877 3733
f 3733 3877 3734
f 3877 3878 3734
f 3734 3878 3735
f 3878 3879 3735
f 3735 3879 3736
f 3879 3880 3736
f 3736 3880 3737
f 3880 3881 3737
f 3737 3881 3738
f 3881 3882 3738
f 3738 3882 3739
f 3882 3883 3739
f 3739 3883 3740
f 3883 3884 3740
f 3740 3884 3741
f 3884 3885 3741
f 3741 3885 3742
f 3885 3886 3742
f 3742 3886 3743
f 3886 3887 3743
f 3743 3887 3744
f 3887 3888 3744
f 3744 3888 3601
f 3888 3745 3601
f 3745 3889 3746
f 3889 3890 3746
f 3746 3890 3747
f 3890 3891 3747
f 3747 3891 3748
f 3891 3892 3748
f 3748 3892 3749
f 3892 3893 3749
f 3749 3893 3750
f 3893 3894 3750
f 3750 3894 3751
f 3894 3895 3751
f 3751 3895 3752
f 3895 3896 3752
f 3752 3896 3753
f 3896 3897 3753
f 3753 3897 3754
f 3897 3898 3754
f 3754 3898 3755
f 3898 3899 3755
f 3755 3899 3756
f 3899 3900 3756
f 3756 3900 3757
f 3900 3901 3757
f 3757 3901 3758
f 3901 3902 3758
f 3758 3902 3759
f 3902 3903 3759
f 3759 3903 3760
f 3903 3904 3760
f 3760 3904 3761
f 3904 3905 3761
f 3761 3905 3762
f 3905 3906 3762
f 3762 3906 3763
f 3906 3907 3763
f 3763 3907 3764
f 3907 3908 3764
f 3764 3908 3765
f 3908 3909 3765
f 3765 3909 3766
f 3909 3910 3766
f 3766 3910 3767
f 3910 3911 3767
f 3767 3911 3768
f 3911 3912 3768
f 3768 3912 3769
f 3912 3913 3769
f 3769 3913 3770
f 3913 3914 3770
f 3770 3914 3771
f 3914 3915 3771
f 3771 3915 3772
f 3915 3916 3772
f 3772 3916 3773
f 3916 3917 3773
f 3773 3917 3774
f 3917 3918 3774
f 3774 3918 3775
f 3918 3919 3775
f 3775 3919 3776
f 3919 3920 3776
f 3776 3920 3777
f 3920 3921 3777
f 3777 3921 3778
f 3921 3922 3778
f 3778 3922 3779
f 3922 3923 3779
f 3779 3923 3780
f 3923 3924 3780
f 3780 3924 3781
f 3924 3925 3781
f 3781 3925 3782
f 3925 3926 3782
f 3782 3926 3783
f 3926 3927 3783
f 3783 3927 3784
f 3927 3928 3784
f 3784 3928 3785
f 3928 3929 3785
f 3785 3929 3786
f 3929 3930 3786
f 3786 3930 3787
f 3930 3931 3787
f 3787 3931 3788
f 3931 3932 3788
f 3788 3932 3789
f 3932 3933 3789
f 3789 3933 3790
f 3933 3934 3790
f 3790 3934 3791
f 3934 3935 3791
f 3791 3935 3792
f 3935 3936 3792
f 3792 3936 3793
f 3936 3937 3793
f 3793 3937 3794
f 3937 3938 3794
f 3794 3938 3795
f 3938 3939 3795
f 3795 3939 3796
f 3939 3940 3796
f 3796 3940 3797
f 3940 3941 3797
f 3797 3941 3798
f 3941 3942 3798
f 3798 3942 3799
f 3942 3943 3799
f 3799 3943 3800
f 3943 3944 3800
f 3800 3944 3801
f 3944 3945 3801
f 3801 3945 3802
f 3945 3946 3802
f 3802 3946 3803
f 3946 3947 3803
f 3803 3947 3804
f 3947 3948 3804
f 3804 3948 3805
f 3948 3949 3805
f 3805 3949 3806
f 3949 3950 3806
f 3806 3950 3807
f 3950 3951 3807
f 3807 3951 3808
f 3951 3952 3808
f 3808 3952 3809
f 3952 3953 3809
f 3809 3953 3810
f 3953 3954 3810
f 3810 3954 3811
f 3954 3955 3811
f 3811 3955 3812
f 3955 3956 3812
f 3812 3956 3813
f 3956 3957 3813
f 3813 3957 3814
f 3957 3958 3814
f 3814 3958 3815
f 3958 3959 3815
f 3815 3959 3816
f 3959 3960 3816
f 3816 3960 3817
f 3960 3961 3817
f 3817 3961 3818
f 3961 3962 3818
f 3818 3962 3819
f 3962 3963 3819
f 3819 3963 3820
f 3963 3964 3820
f 3820 3964 3821
f 3964 3965 3821
f 3821 3965 3822
f 3965 3966 3822
f 3822 3966 3823
f 3966 3967 3823
f 3823 3967 3824
f 3967 3968 3824
f 3824 3968 3825
f 3968 3969 3825
f 3825 3969 3826
f 3969 3970 3826
f 3826 3970 3827
f 3970 3971 3827
f 3827 3971 3828
f 3971 3972 3828
f 3828 3972 3829
f 3972 3973 3829
f 3829 3973 3830
f 3973 3974 3830
f 3830 3974 3831
f 3974 3975 3831
f 3831 3975 3832
f 3975 3976 3832
f 3832 3976 3833
f 3976 3977 3833
f 3833 3977 3834
f 3977 3978 3834
f 3834 3978 3835
f 3978 3979 3835
f 3835 3979 3836
f 3979 3980 3836
f 3836 3980 3837
f 3980 3981 3837
f 3837 3981 3838
f 3981 3982 3838
f 3838 3982 3839
f 3982 3983 3839
f 3839 3983 3840
f 3983 3984 3840
f 3840 3984 3841
f 3984 3985 3841
f 3841 3985 3842
f 3985 3986 3842
f 3842 3986 3843
f 3986 3987 3843
f 3843 3987 3844
f 3987 3988 3844
f 3844 3988 3845
f 3988 3989 3845
f 3845 3989 3846
f 3989 3990 3846
f 3846 3990 3847
f 3990 3991 3847
f 3847 3991 3848
f 3991 3992 3848
f 3848 3992 3849
f 3992 3993 3849
f 3849 3993 3850
f 3993 3994 3850
f 3850 3994 3851
f 3994 3995 3851
f 3851 3995 3852
f 3995 3996 3852
f 3852 3996 3853
f 3996 3997 3853
f 3853 3997 3854
f 3997 3998 3854
f 3854 3998 3855
f 3998 3999 3855
f 3855 3999 3856
f 3999 4000 3856
f 3856 4000 3857
f 4000 4001 3857
f 3857 4001 3858
f 4001 4002 3858
f 3858 4002 3859
f 4002 4003 3859
f 3859 4003 3860
f 4003 4004 3860
f 3860 4004 3861
f 4004 4005 3861
f 3861 4005 3862
f 4005 4006 3862
f 3862 4006 3863
f 4006 4007 3863
f 3863 4007 3864
f 4007 4008 3864
f 3864 4008 3865
f 4008 4009 3865
f 3865 4009 3866
f 4009 4010 3866
f 3866 4010 3867
f 4010 4011 3867
f 3867 4011 3868
f 4011 4012 3868
f 3868 4012 3869
f 4012 4013 3869
f 3869 4013 3870
f 4013 4014 3870
f 3870 4014 3871
f 4014 4015 3871
f 3871 4015 3872
f 4015 4016 3872
f 3872 4016 3873
f 4016 4017 3873
f 3873 4017 3874
f 4017 4018 3874
f 3874 4018 3875
f 4018 4019 3875
f 3875 4019 3876
f 4019 4020 3876
f 3876 4020 3877
f 4020 4021 3877
f 3877 4021 3878
f 4021 4022 3878
f 3878 4022 3879
f 4022 4023 3879
f 3879 4023 3880
f 4023 4024 3880
f 3880 4024 3881
f 4024 4025 3881
f 3881 4025 3882
f 4025 4026 3882
f 3882 4026 3883
f 4026 4027 3883
f 3883 4027 3884
f 4027 4028 3884
f 3884 4028 3885
f 4028 4029 3885
f 3885 4029 3886
f 4029 4030 3886
f 3886 4030 3887
f 4030 4031 3887
f 3887 4031 3888
f 4031 4032 3888
f 3888 4032 3745
f 4032 3889 3745
f 3889 4033 3890
f 4033 4034 3890
f 3890 4034 3891
f 4034 4035 3891
f 3891 4035 3892
f 4035 4036 3892
f 3892 4036 3893
f 4036 4037 3893
f 3893 4037 3894
f 4037 4038 3894
f 3894 4038 3895
f 4038 4039 3895
f 3895 4039 3896
f 4039 4040 3896
f 3896 4040 3897
f 4040 4041 3897
f 3897 4041 3898
f 4041 4042 3898
f 3898 4042 3899
f 4042 4043 3899
f 3899 4043 3900
f 4043 4044 3900
f 3900 4044 3901
f 4044 4045 3901
f 3901 4045 3902
f 4045 4046 3902
f 3902 4046 3903
f 4046 4047 3903
f 3903 4047 3904
f 4047 4048 3904
f 3904 4048 3905
f 4048 4049 3905
f 3905 4049 3906
f 4049 4050 3906
f 3906 4050 3907
f 4050 4051 3907
f 3907 4051 3908
f 4051 4052 3908
f 3908 4052 3909
f 4052 4053 3909
f 3909 4053 3910
f 4053 4054 3910
f 3910 4054 3911
f 4054 4055 3911
f 3911 4055 3912
f 4055 4056 3912
f 3912 4056 3913
f 4056 4057 3913
f 3913 4057 3914
f 4057 4058 3914
f 3914 4058 3915
f 4058 4059 3915
f 3915 4059 3916
f 4059 4060 3916
f 3916 4060 3917
f 4060 4061 3917
f 3917 4061 3918
f 4061 4062 3918
f 3918 4062 3919
f 4062 4063 3919
f 3919 4063 3920
f 4063 4064 3920
f 3920 4064 3921
f 4064 4065 3921
f 3921 4065 3922
f 4065 4066 3922
f 3922 4066 3923
f 4066 4067 3923
f 3923 4067 3924
f 4067 4068 3924
f 3924 4068 3925
f 4068 4069 3925
f 3925 4069 3926
f 4069 4070 3926
f 3926 4070 3927
f 4070 4071 3927
f 3927 4071 3928
f 4071 4072 3928
f 3928 4072 3929
f 4072 4073 3929
f 3929 4073 3930
f 4073 4074 3930
f 3930 4074 3931
f 4074 4075 3931
f 3931 4075 3932
f 4075 4076 3932
f 3932 4076 3933
f 4076 4077 3933
f 3933 4077 3934
f 4077 4078 3934
f 3934 4078 3935
f 4078 4079 3935
f 3935 4079 3936
f 4079 4080 3936
f 3936 4080 3937
f 4080 4081 3937
f 3937 4081 3938
f 4081 4082 3938
f 3938 4082 3939
f 4082 4083 3939
f 3939 4083 3940
f 4083 4084 3940
f 3940 4084 3941
f 4084 4085 3941
f 3941 4085 3942
f 4085 4086 3942
f 3942 4086 3943
f 4086 4087 3943
f 3943 4087 3944
f 4087 4088 3944
f 3944 4088 3945
f 4088 4089 3945
f 3945 4089 3946
f 4089 4090 3946
f 3946 4090 3947
f 4090 4091 3947
f 3947 4091 3948
f 4091 4092 3948
f 3948 4092 3949
f 4092 4093 3949
f 3949 4093 3950
f 4093 4094 3950
f 3950 4094 3951
f 4094 4095 3951
f 3951 4095 3952
f 4095 4096 3952
f 3952 4096 3953
f 4096 4097 3953
f 3953 4097 3954
f 4097 4098 3954
f 3954 4098 3955
f 4098 4099 3955
f 3955 4099 3956
f 4099 4100 3956
f 3956 4100 3957
f 4100 4101 3957
f 3957 4101 3958
f 4101 4102 3958
f 3958 4102 3959
f 4102 4103 3959
f 3959 4103 3960
f 4103 4104 3960
f 3960 4104 3961
f 4104 4105 3961
f 3961 4105 3962
f 4105 4106 3962
f 3962 4106 3963
f 4106 4107 3963
f 3963 4107 3964
f 4107 4108 3964
f 3964 4108 3965
f 4108 4109 3965
f 3965 4109 3966
f 4109 4110 3966
f 3966 4110 3967
f 4110 4111 3967
f 3967 4111 3968
f 4111 4112 3968
f 3968 4112 3969
f 4112 4113 3969
f 3969 4113 3970
f 4113 4114 3970
f 3970 4114 3971
f 4114 4115 3971
f 3971 4115 3972
f 4115 4116 3972
f 3972 4116 3973
f 4116 4117 3973
f 3973 4117 3974
f 4117 4118 3974
f 3974 4118 3975
f 4118 4119 3975
f 3975 4119 3976
f 4119 4120 3976
f 3976 4120 3977
f 4120 4121 3977
f 3977 4121 3978
f 4121 4122 3978
f 3978 4122 3979
f 4122 4123 3979
f 3979 4123 3980
f 4123 4124 3980
f 3980 4124 3981
f 4124 4125 3981
f 3981 4125 3982
f 4125 4126 3982
f 3982 4126 3983
f 4126 4127 3983
f 3983 4127 3984
f 4127 4128 3984
f 3984 4128 3985
f 4128 4129 3985
f 3985 4129 3986
f 4129 4130 3986
f 3986 4130 3987
f 4130 4131 3987
f 3987 4131 3988
f 4131 4132 3988
f 3988 4132 3989
f 4132 4133 3989
f 3989 4133 3990
f 4133 4134 3990
f 3990 4134 3991
f 4134 4135 3991
f 3991 4135 3992
f 4135 4136 3992
f 3992 4136 3993
f 4136 4137 3993
f 3993 4137 3994
f 4137 4138 3994
f 3994 4138 3995
f 4138 4139 3995
f 3995 4139 3996
f 4139 4140 3996
f 3996 4140 3997
f 4140 4141 3997
f 3997 4141 3998
f 4141 4142 3998
f 3998 4142 3999
f 4142 4143 3999
f 3999 4143 4000
f 4143 4144 4000
f 4000 4144 4001
f 4144 4145 4001
f 4001 4145 4002
f 4145 4146 4002
f 4002 4146 4003
f 4146 4147 4003
f 4003 4147 4004
f 4147 4148 4004
f 4004 4148 4005
f 4148 4149 4005
f 4005 4149 4006
f 4149 4150 4006
f 4006 4150 4007
f 4150 4151 4007
f 4007 4151 4008
f 4151 4152 4008
f 4008 4152 4009
f 4152 4153 4009
f 4009 4153 4010
f 4153 4154 4010
f 4010 4154 4011
f 4154 4155 4011
f 4011 4155 4012
f 4155 4156 4012
f 4012 4156 4013
f 4156 4157 4013
f 4013 4157 4014
f 4157 4158 4014
f 4014 4158 4015
f 4158 4159 4015
f 4015 4159 4016
f 4159 4160 4016
f 4016 4160 4017
f 4160 4161 4017
f 4017 4161 4018
f 4161 4162 4018
f 4018 4162 4019
f 4162 4163 4019
f 4019 4163 4020
f 4163 4164 4020
f 4020 4164 4021
f 4164 4165 4021
f 4021 4165 4022
f 4165 4166 4022
f 4022 4166 4023
f 4166 4167 4023
f 4023 4167 4024
f 4167 4168 4024
f 4024 4168 4025
f 4168 4169 4025
f 4025 4169 4026
f 4169 4170 4026
f 4026 4170 4027
f 4170 4171 4027
f 4027 4171 4028
f 4171 4172 4028
f 4028 4172 4029
f 4172 4173 4029
f 4029 4173 4030
f 4173 4174 4030
f 4030 4174 4031
f 4174 4175 4031
f 4031 4175 4032
f 4175 4176 4032
f 4032 4176 3889
f 4176 4033 3889
f 4033 4177 4034
f 4177 4178 4034
f 4034 4178 4035
f 4178 4179 4035
f 4035 4179 4036
f 4179 4180 4036
f 4036 4180 4037
f 4180 4181 4037
f 4037 4181 4038
f 4181 4182 4038
f 4038 4182 4039
f 4182 4183 4039
f 4039 4183 4040
f 4183 4184 4040
f 4040 4184 4041
f 4184 4185 4041
f 4041 4185 4042
f 4185 4186 4042
f 4042 4186 4043
f 4186 4187 4043
f 4043 4187 4044
f 4187 4188 4044
f 4044 4188 4045
f 4188 4189 4045
f 4045 4189 4046
f 4189 4190 4046
f 4046 4190 4047
f 4190 4191 4047
f 4047 4191 4048
f 4191 4192 4048
f 4048 4192 4049
f 4192 4193 4049
f 4049 4193 4050
f 4193 4194 4050
f 4050 4194 4051
f 4194 4195 4051
f 4051 4195 4052
f 4195 4196 4052
f 4052 4196 4053
f 4196 4197 4053
f 4053 4197 4054
f 4197 4198 4054
f 4054 4198 4055
f 4198 4199 4055
f 4055 4199 4056
f 4199 4200 4056
f 4056 4200 4057
f 4200 4201 4057
f 4057 4201 4058
f 4201 4202 4058
f 4058 4202 4059
f 4202 4203 4059
f 4059 4203 4060
f 4203 4204 4060
f 4060 4204 4061
f 4204 4205 4061
f 4061 4205 4062
f 4205 4206 4062
f 4062 4206 4063
f 4206 4207 4063
f 4063 4207 4064
f 4207 4208 4064
f 4064 4208 4065
f 4208 4209 4065
f 4065 4209 4066
f 4209 4210 4066
f 4066 4210 4067
f 4210 4211 4067
f 4067 4211 4068
f 4211 4212 4068
f 4068 4212 4069
f 4212 4213 4069
f 4069 4213 4070
f 4213 4214 4070
f 4070 4214 4071
f 4214 4215 4071
f 4071 4215 4072
f 4215 4216 4072
f 4072 4216 4073
f 4216 4217 4073
f 4073 4217 4074
f 4217 4218 4074
f 4074 4218 4075
f 4218 4219 4075
f 4075 4219 4076
f 4219 4220 4076
f 4076 4220 4077
f 4220 4221 4077
f 4077 4221 4078
f 4221 4222 4078
f 4078 4222 4079
f 4222 4223 4079
f 4079 4223 4080
f 4223 4224 4080
f 4080 4224 4081
f 4224 4225 4081
f 4081 4225 4082
f 4225 4226 4082
f 4082 4226 4083
f 4226 4227 4083
f 4083 4227 4084
f 4227 4228 4084
f 4084 4228 4085
f 4228 4229 4085
f 4085 4229 4086
f 4229 4230 4086
f 4086 4230 4087
f 4230 4231 4087
f 4087 4231 4088
f 4231 4232 4088
f 4088 4232 4089
f 4232 4233 4089
f 4089 4233 4090
f 4233 4234 4090
f 4090 4234 4091
f 4234 4235 4091
f 4091 4235 4092
f 4235 4236 4092
f 4092 4236 4093
f 4236 4237 4093
f 4093 4237 4094
f 4237 4238 4094
f 4094 4238 4095
f 4238 4239 4095
f 4095 4239 4096
f 4239 4240 4096
f 4096 4240 4097
f 4240 4241 4097
f 4097 4241 4098
f 4241 4242 4098
f 4098 4242 4099
f 4242 4243 4099
f 4099 4243 4100
f 4243 4244 4100
f 4100 4244 4101
f 4244 4245 4101
f 4101 4245 4102
f 4245 4246 4102
f 4102 4246 4103
f 4246 4247 4103
f 4103 4247 4104
f 4247 4248 4104
f 4104 4248 4105
f 4248 4249 4105
f 4105 4249 4106
f 4249 4250 4106
f 4106 4250 4107
f 4250 4251 4107
f 4107 4251 4108
f 4251 4252 4108
f 4108 4252 4109
f 4252 4253 4109
f 4109 4253 4110
f 4253 4254 4110
f 4110 4254 4111
f 4254 4255 4111
f 4111 4255 4112
f 4255 4256 4112
f 4112 4256 4113
f 4256 4257 4113
f 4113 4257 4114
f 4257 4258 4114
f 4114 4258 4115
f 4258 4259 4115
f 4115 4259 4116
f 4259 4260 4116
f 4116 4260 4117
f 4260 4261 4117
f 4117 4261 4118
f 4261 4262 4118
f 4118 4262 4119
f 4262 4263 4119
f 4119 4263 4120
f 4263 4264 4120
f 4120 4264 4121
f 4264 4265 4121
f 4121 4265 4122
f 4265 4266 4122
f 4122 4266 4123
f 4266 4267 4123
f 4123 4267 4124
f 4267 4268 4124
f 4124 4268 4125
f 4268 4269 4125
f 4125 4269 4126
f 4269 4270 4126
f 4126 4270 4127
f 4270 4271 4127
f 4127 4271 4128
f 4271 4272 4128
f 4128 4272 4129
f 4272 4273 4129
f 4129 4273 4130
f 4273 4274 4130
f 4130 4274 4131
f 4274 4275 4131
f 4131 4275 4132
f 4275 4276 4132
f 4132 4276 4133
f 4276 4277 4133
f 4133 4277 4134
f 4277 4278 4134
f 4134 4278 4135
f 4278 4279 4135
f 4135 4279 4136
f 4279 4280 4136
f 4136 4280 4137
f 4280 4281 4137
f 4137 4281 4138
f 4281 4282 4138
f 4138 4282 4139
f 4282 4283 4139
f 4139 4283 4140
f 4283 4284 4140
f 4140 4284 4141
f 4284 4285 4141
f 4141 4285 4142
f 4285 4286 4142
f 4142 4286 4143
f 4286 4287 4143
f 4143 4287 4144
f 4287 4288 4144
f 4144 4288 4145
f 4288 4289 4145
f 4145 4289 4146
f 4289 4290 4146
f 4146 4290 4147
f 4290 4291 4147
f 4147 4291 4148
f 4291 4292 4148
f 4148 4292 4149
f 4292 4293 4149
f 4149 4293 4150
f 4293 4294 4150
f 4150 4294 4151
f 4294 4295 4151
f 4151 4295 4152
f 4295 4296 4152
f 4152 4296 4153
f 4296 4297 4153
f 4153 4297 4154
f 4297 4298 4154
f 4154 4298 4155
f 4298 4299 4155
f 4155 4299 4156
f 4299 4300 4156
f 4156 4300 4157
f 4300 4301 4157
f 4157 4301 4158
f 4301 4302 4158
f 4158 4302 4159
f 4302 4303 4159
f 4159 4303 4160
f 4303 4304 4160
f 4160 4304 4161
f 4304 4305 4161
f 4161 4305 4162
f 4305 4306 4162
f 4162 4306 4163
f 4306 4307 4163
f 4163 4307 4164
f 4307 4308 4164
f 4164 4308 4165
f 4308 4309 4165
f 4165 4309 4166
f 4309 4310 4166
f 4166 4310 4167
f 4310 4311 4167
f 4167 4311 4168
f 4311 4312 4168
f 4168 4312 4169
f 4312 4313 4169
f 4169 4313 4170
f 4313 4314 4170
f 4170 4314 4171
f 4314 4315 4171
f 4171 4315 4172
f 4315 4316 4172
f 4172 4316 4173
f 4316 4317 4173
f 4173 4317 4174
f 4317 4318 4174
f 4174 4318 4175
f 4318 4319 4175
f 4175 4319 4176
f 4319 4320 4176
f 4176 4320 4033
f 4320 4177 4033
f 4177 4321 4178
f 4321 4322 4178
f 4178 4322 4179
f 4322 4323 4179
f 4179 4323 4180
f 4323 4324 4180
f 4180 4324 4181
f 4324 4325 4181
f 4181 4325 4182
f 4325 4326 4182
f 4182 4326 4183
f 4326 4327 4183
f 4183 4327 4184
f 4327 4328 4184
f 4184 4328 4185
f 4328 4329 4185
f 4185 4329 4186
f 4329 4330 4186
f 4186 4330 4187
f 4330 4331 4187
f 4187 4331 4188
f 4331 4332 4188
f 4188 4332 4189
f 4332 4333 4189
f 4189 4333 4190
f 4333 4334 4190
f 4190 4334 4191
f 4334 4335 4191
f 4191 4335 4192
f 4335 4336 4192
f 4192 4336 4193
f 4336 4337 4193
f 4193 4337 4194
f 4337 4338 4194
f 4194 4338 4195
f 4338 4339 4195
f 4195 4339 4196
f 4339 4340 4196
f 4196 4340 4197
f 4340 4341 4197
f 4197 4341 4198
f 4341 4342 4198
f 4198 4342 4199
f 4342 4343 4199
f 4199 4343 4200
f 4343 4344 4200
f 4200 4344 4201
f 4344 4345 4201
f 4201 4345 4202
f 4345 4346 4202
f 4202 4346 4203
f 4346 4347 4203
f 4203 4347 4204
f 4347 4348 4204
f 4204 4348 4205
f 4348 4349 4205
f 4205 4349 4206
f 4349 4350 4206
f 4206 4350 4207
f 4350 4351 4207
f 4207 4351 4208
f 4351 4352 4208
f 4208 4352 4209
f 4352 4353 4209
f 4209 4353 4210
f 4353 4354 4210
f 4210 4354 4211
f 4354 4355 4211
f 4211 4355 4212
f 4355 4356 4212
f 4212 4356 4213
f 4356 4357 4213
f 4213 4357 4214
f 4357 4358 4214
f 4214 4358 4215
f 4358 4359 4215
f 4215 4359 4216
f 4359 4360 4216
f 4216 4360 4217
f 4360 4361 4217
f 4217 4361 4218
f 4361 4362 4218
f 4218 4362 4219
f 4362 4363 4219
f 4219 4363 4220
f 4363 4364 4220
f 4220 4364 4221
f 4364 4365 4221
f 4221 4365 4222
f 4365 4366 4222
f 4222 4366 4223
f 4366 4367 4223
f 4223 4367 4224
f 4367 4368 4224
f 4224 4368 4225
f 4368 4369 4225
f 4225 4369 4226
f 4369 4370 4226
f 4226 4370 4227
f 4370 4371 4227
f 4227 4371 4228
f 4371 4372 4228
f 4228 4372 4229
f 4372 4373 4229
f 4229 4373 4230
f 4373 4374 4230
f 4230 4374 4231
f 4374 4375 4231
f 4231 4375 4232
f 4375 4376 4232
f 4232 4376 4233
f 4376 4377 4233
f 4233 4377 4234
f 4377 4378 4234
f 4234 4378 4235
f 4378 4379 4235
f 4235 4379 4236
f 4379 4380 4236
f 4236 4380 4237
f 4380 4381 4237
f 4237 4381 4238
f 4381 4382 4238
f 4238 4382 4239
f 4382 4383 4239
f 4239 4383 4240
f 4383 4384 4240
f 4240 4384 4241
f 4384 4385 4241
f 4241 4385 4242
f 4385 4386 4242
f 4242 4386 4243
f 4386 4387 4243
f 4243 4387 4244
f 4387 4388 4244
f 4244 4388 4245
f 4388 4389 4245
f 4245 4389 4246
f 4389 4390 4246
f 4246 4390 4247
f 4390 4391 4247
f 4247 4391 4248
f 4391 4392 4248
f 4248 4392 4249
f 4392 4393 4249
f 4249 4393 4250
f 4393 4394 4250
f 4250 4394 4251
f 4394 4395 4251
f 4251 4395 4252
f 4395 4396 4252
f 4252 4396 4253
f 4396 4397 4253
f 4253 4397 4254
f 4397 4398 4254
f 4254 4398 4255
f 4398 4399 4255
f 4255 4399 4256
f 4399 4400 4256
f 4256 4400 4257
f 4400 4401 4257
f 4257 4401 4258
f 4401 4402 4258
f 4258 4402 4259
f 4402 4403 4259
f 4259 4403 4260
f 4403 4404 4260
f 4260 4404 4261
f 4404 4405 4261
f 4261 4405 4262
f 4405 4406 4262
f 4262 4406 4263
f 4406 4407 4263
f 4263 4407 4264
f 4407 4408 4264
f 4264 4408 4265
f 4408 4409 4265
f 4265 4409 4266
f 4409 4410 4266
f 4266 4410 4267
f 4410 4411 4267
f 4267 4411 4268
f 4411 4412 4268
f 4268 4412 4269
f 4412 4413 4269
f 4269 4413 4270
f 4413 4414 4270
f 4270 4414 4271
f 4414 4415 4271
f 4271 4415 4272
f 4415 4416 4272
f 4272 4416 4273
f 4416 4417 4273
f 4273 4417 4274
f 4417 4418 4274
f 4274 4418 4275
f 4418 4419 4275
f 4275 4419 4276
f 4419 4420 4276
f 4276 4420 4277
f 4420 4421 4277
f 4277 4421 4278
f 4421 4422 4278
f 4278 4422 4279
f 4422 4423 4279
f 4279 4423 4280
f 4423 4424 4280
f 4280 4424 4281
f 4424 4425 4281
f 4281 4425 4282
f 4425 4426 4282
f 4282 4426 4283
f 4426 4427 4283
f 4283 4427 4284
f 4427 4428 4284
f 4284 4428 4285
f 4428 4429 4285
f 4285 4429 4286
f 4429 4430 4286
f 4286 4430 4287
f 4430 4431 4287
f 4287 4431 4288
f 4431 4432 4288
f 4288 4432 4289
f 4432 4433 4289
f 4289 4433 4290
f 4433 4434 4290
f 4290 4434 4291
f 4434 4435 4291
f 4291 4435 4292
f 4435 4436 4292
f 4292 4436 4293
f 4436 4437 4293
f 4293 4437 4294
f 4437 4438 4294
f 4294 4438 4295
f 4438 4439 4295
f 4295 4439 4296
f 4439 4440 4296
f 4296 4440 4297
f 4440 4441 4297
f 4297 4441 4298
f 4441 4442 4298
f 4298 4442 4299
f 4442 4443 4299
f 4299 4443 4300
f 4443 4444 4300
f 4300 4444 4301
f 4444 4445 4301
f 4301 4445 4302
f 4445 4446 4302
f 4302 4446 4303
f 4446 4447 4303
f 4303 4447 4304
f 4447 4448 4304
f 4304 4448 4305
f 4448 4449 4305
f 4305 4449 4306
f 4449 4450 4306
f 4306 4450 4307
f 4450 4451 4307
f 4307 4451 4308
f 4451 4452 4308
f 4308 4452 4309
f 4452 4453 4309
f 4309 4453 4310
f 4453 4454 4310
f 4310 4454 4311
f 4454 4455 4311
f 4311 4455 4312
f 4455 4456 4312
f 4312 4456 4313
f 4456 4457 4313
f 4313 4457 4314
f 4457 4458 4314
f 4314 4458 4315
f 4458 4459 4315
f 4315 4459 4316
f 4459 4460 4316
f 4316 4460 4317
f 4460 4461 4317
f 4317 4461 4318
f 4461 4462 4318
f 4318 4462 4319
f 4462 4463 4319
f 4319 4463 4320
f 4463 4464 4320
f 4320 4464 4177
f 4464 4321 4177
f 4321 4465 4322
f 4465 4466 4322
f 4322 4466 4323
f 4466 4467 4323
f 4323 4467 4324
f 4467 4468 4324
f 4324 4468 4325
f 4468 4469 4325
f 4325 4469 4326
f 4469 4470 4326
f 4326 4470 4327
f 4470 4471 4327
f 4327 4471 4328
f 4471 4472 4328
f 4328 4472 4329
f 4472 4473 4329
f 4329 4473 4330
f 4473 4474 4330
f 4330 4474 4331
f 4474 4475 4331
f 4331 4475 4332
f 4475 4476 4332
f 4332 4476 4333
f 4476 4477 4333
f 4333 4477 4334
f 4477 4478 4334
f 4334 4478 4335
f 4478 4479 4335
f 4335 4479 4336
f 4479 4480 4336
f 4336 4480 4337
f 4480 4481 4337
f 4337 4481 4338
f 4481 4482 4338
f 4338 4482 4339
f 4482 4483 4339
f 4339 4483 4340
f 4483 4484 4340
f 4340 4484 4341
f 4484 4485 4341
f 4341 4485 4342
f 4485 4486 4342
f 4342 4486 4343
f 4486 4487 4343
f 4343 4487 4344
f 4487 4488 4344
f 4344 4488 4345
f 4488 4489 4345
f 4345 4489 4346
f 4489 4490 4346
f 4346 4490 4347
f 4490 4491 4347
f 4347 4491 4348
f 4491 4492 4348
f 4348 4492 4349
f 4492 4493 4349
f 4349 4493 4350
f 4493 4494 4350
f 4350 4494 4351
f 4494 4495 4351
f 4351 4495 4352
f 4495 4496 4352
f 4352 4496 4353
f 4496 4497 4353
f 4353 4497 4354
f 4497 4498 4354
f 4354 4498 4355
f 4498 4499 4355
f 4355 4499 4356
f 4499 4500 4356
f 4356 4500 4357
f 4500 4501 4357
f 4357 4501 4358
f 4501 4502 4358
f 4358 4502 4359
f 4502 4503 4359
f 4359 4503 4360
f 4503 4504 4360
f 4360 4504 4361
f 4504 4505 4361
f 4361 4505 4362
f 4505 4506 4362
f 4362 4506 4363
f 4506 4507 4363
f 4363 4507 4364
f 4507 4508 4364
f 4364 4508 4365
f 4508 4509 4365
f 4365 4509 4366
f 4509 4510 4366
f 4366 4510 4367
f 4510 4511 4367
f 4367 4511 4368
f 4511 4512 4368
f 4368 4512 4369
f 4512 4513 4369
f 4369 4513 4370
f 4513 4514 4370
f 4370 4514 4371
f 4514 4515 4371
f 4371 4515 4372
f 4515 4516 4372
f 4372 4516 4373
f 4516 4517 4373
f 4373 4517 4374
f 4517 4518 4374
f 4374 4518 4375
f 4518 4519 4375
f 4375 4519 4376
f 4519 4520 4376
f 4376 4520 4377
f 4520 4521 4377
f 4377 4521 4378
f 4521 4522 4378
f 4378 4522 4379
f 4522 4523 4379
f 4379 4523 4380
f 4523 4524 4380
f 4380 4524 4381
f 4524 4525 4381
f 4381 4525 4382
f 4525 4526 4382
f 4382 4526 4383
f 4526 4527 4383
f 4383 4527 4384
f 4527 4528 4384
f 4384 4528 4385
f 4528 4529 4385
f 4385 4529 4386
f 4529 4530 4386
f 4386 4530 4387
f 4530 4531 4387
f 4387 4531 4388
f 4531 4532 4388
f 4388 4532 4389
f 4532 4533 4389
f 4389 4533 4390
f 4533 4534 4390
f 4390 4534 4391
f 4534 4535 4391
f 4391 4535 4392
f 4535 4536 4392
f 4392 4536 4393
f 4536 4537 4393
f 4393 4537 4394
f 4537 4538 4394
f 4394 4538 4395
f 4538 4539 4395
f 4395 4539 4396
f 4539 4540 4396
f 4396 4540 4397
f 4540 4541 4397
f 4397 4541 4398
f 4541 4542 4398
f 4398 4542 4399
f 4542 4543 4399
f 4399 4543 4400
f 4543 4544 4400
f 4400 4544 4401
f 4544 4545 4401
f 4401 4545 4402
f 4545 4546 4402
f 4402 4546 4403
f 4546 4547 4403
f 4403 4547 4404
f 4547 4548 4404
f 4404 4548 4405
f 4548 4549 4405
f 4405 4549 4406
f 4549 4550 4406
f 4406 4550 4407
f 4550 4551 4407
f 4407 4551 4408
f 4551 4552 4408
f 4408 4552 4409
f 4552 4553 4409
f 4409 4553 4410
f 4553 4554 4410
f 4410 4554 4411
f 4554 4555 4411
f 4411 4555 4412
f 4555 4556 4412
f 4412 4556 4413
f 4556 4557 4413
f 4413 4557 4414
f 4557 4558 4414
f 4414 4558 4415
f 4558 4559 4415
f 4415 4559 4416
f 4559 4560 4416
f 4416 4560 4417
f 4560 4561 4417
f 4417 4561 4418
f 4561 4562 4418
f 4418 4562 4419
f 4562 4563 4419
f 4419 4563 4420
f 4563 4564 4420
f 4420 4564 4421
f 4564 4565 4421
f 4421 4565 4422
f 4565 4566 4422
f 4422 4566 4423
f 4566 4567 4423
f 4423 4567 4424
f 4567 4568 4424
f 4424 4568 4425
f 4568 4569 4425
f 4425 4569 4426
f 4569 4570 4426
f 4426 4570 4427
f 4570 4571 4427
f 4427 4571 4428
f 4571 4572 4428
f 4428 4572 4429
f 4572 4573 4429
f 4429 4573 4430
f 4573 4574 4430
f 4430 4574 4431
f 4574 4575 4431
f 4431 4575 4432
f 4575 4576 4432
f 4432 4576 4433
f 4576 4577 4433
f 4433 4577 4434
f 4577 4578 4434
f 4434 4578 4435
f 4578 4579 4435
f 4435 4579 4436
f 4579 4580 4436
f 4436 4580 4437
f 4580 4581 4437
f 4437 4581 4438
f 4581 4582 4438
f 4438 4582 4439
f 4582 4583 4439
f 4439 4583 4440
f 4583 4584 4440
f 4440 4584 4441
f 4584 4585 4441
f 4441 4585 4442
f 4585 4586 4442
f 4442 4586 4443
f 4586 4587 4443
f 4443 4587 4444
f 4587 4588 4444
f 4444 4588 4445
f 4588 4589 4445
f 4445 4589 4446
f 4589 4590 4446
f 4446 4590 4447
f 4590 4591 4447
f 4447 4591 4448
f 4591 4592 4448
f 4448 4592 4449
f 4592 4593 4449
f 4449 4593 4450
f 4593 4594 4450
f 4450 4594 4451
f 4594 4595 4451
f 4451 4595 4452
f 4595 4596 4452
f 4452 4596 4453
f 4596 4597 4453
f 4453 4597 4454
f 4597 4598 4454
f 4454 4598 4455
f 4598 4599 4455
f 4455 4599 4456
f 4599 4600 4456
f 4456 4600 4457
f 4600 4601 4457
f 4457 4601 4458
f 4601 4602 4458
f 4458 4602 4459
f 4602 4603 4459
f 4459 4603 4460
f 4603 4604 4460
f 4460 4604 4461
f 4604 4605 4461
f 4461 4605 4462
f 4605 4606 4462
f 4462 4606 4463
f 4606 4607 4463
f 4463 4607 4464
f 4607 4608 4464
f 4464 4608 4321
f 4608 4465 4321
f 4465 4609 4466
f 4609 4610 4466
f 4466 4610 4467
f 4610 4611 4467
f 4467 4611 4468
f 4611 4612 4468
f 4468 4612 4469
f 4612 4613 4469
f 4469 4613 4470
f 4613 4614 4470
f 4470 4614 4471
f 4614 4615 4471
f 4471 4615 4472
f 4615 4616 4472
f 4472 4616 4473
f 4616 4617 4473
f 4473 4617 4474
f 4617 4618 4474
f 4474 4618 4475
f 4618 4619 4475
f 4475 4619 4476
f 4619 4620 4476
f 4476 4620 4477
f 4620 4621 4477
f 4477 4621 4478
f 4621 4622 4478
f 4478 4622 4479
f 4622 4623 4479
f 4479 4623 4480
f 4623 4624 4480
f 4480 4624 4481
f 4624 4625 4481
f 4481 4625 4482
f 4625 4626 4482
f 4482 4626 4483
f 4626 4627 4483
f 4483 4627 4484
f 4627 4628 4484
f 4484 4628 4485
f 4628 4629 4485
f 4485 4629 4486
f 4629 4630 4486
f 4486 4630 4487
f 4630 4631 4487
f 4487 4631 4488
f 4631 4632 4488
f 4488 4632 4489
f 4632 4633 4489
f 4489 4633 4490
f 4633 4634 4490
f 4490 4634 4491
f 4634 4635 4491
f 4491 4635 4492
f 4635 4636 4492
f 4492 4636 4493
f 4636 4637 4493
f 4493 4637 4494
f 4637 4638 4494
f 4494 4638 4495
f 4638 4639 4495
f 4495 4639 4496
f 4639 4640 4496
f 4496 4640 4497
f 4640 4641 4497
f 4497 4641 4498
f 4641 4642 4498
f 4498 4642 4499
f 4642 4643 4499
f 4499 4643 4500
f 4643 4644 4500
f 4500 4644 4501
f 4644 4645 4501
f 4501 4645 4502
f 4645 4646 4502
f 4502 4646 4503
f 4646 4647 4503
f 4503 4647 4504
f 4647 4648 4504
f 4504 4648 4505
f 4648 4649 4505
f 4505 4649 4506
f 4649 4650 4506
f 4506 4650 4507
f 4650 4651 4507
f 4507 4651 4508
f 4651 4652 4508
f 4508 4652 4509
f 4652 4653 4509
f 4509 4653 4510
f 4653 4654 4510
f 4510 4654 4511
f 4654 4655 4511
f 4511 4655 4512
f 4655 4656 4512
f 4512 4656 4513
f 4656 4657 4513
f 4513 4657 4514
f 4657 4658 4514
f 4514 4658 4515
f 4658 4659 4515
f 4515 4659 4516
f 4659 4660 4516
f 4516 4660 4517
f 4660 4661 4517
f 4517 4661 4518
f 4661 4662 4518
f 4518 4662 4519
f 4662 4663 4519
f 4519 4663 4520
f 4663 4664 4520
f 4520 4664 4521
f 4664 4665 4521
f 4521 4665 4522
f 4665 4666 4522
f 4522 4666 4523
f 4666 4667 4523
f 4523 4667 4524
f 4667 4668 4524
f 4524 4668 4525
f 4668 4669 4525
f 4525 4669 4526
f 4669 4670 4526
f 4526 4670 4527
f 4670 4671 4527
f 4527 4671 4528
f 4671 4672 4528
f 4528 4672 4529
f 4672 4673 4529
f 4529 4673 4530
f 4673 4674 4530
f 4530 4674 4531
f 4674 4675 4531
f 4531 4675 4532
f 4675 4676 4532
f 4532 4676 4533
f 4676 4677 4533
f 4533 4677 4534
f 4677 4678 4534
f 4534 4678 4535
f 4678 4679 4535
f 4535 4679 4536
f 4679 4680 4536
f 4536 4680 4537
f 4680 4681 4537
f 4537 4681 4538
f 4681 4682 4538
f 4538 4682 4539
f 4682 4683 4539
f 4539 4683 4540
f 4683 4684 4540
f 4540 4684 4541
f 4684 4685 4541
f 4541 4685 4542
f 4685 4686 4542
f 4542 4686 4543
f 4686 4687 4543
f 4543 4687 4544
f 4687 4688 4544
f 4544 4688 4545
f 4688 4689 4545
f 4545 4689 4546
f 4689 4690 4546
f 4546 4690 4547
f 4690 4691 4547
f 4547 4691 4548
f 4691 4692 4548
f 4548 4692 4549
f 4692 4693 4549
f 4549 4693 4550
f 4693 4694 4550
f 4550 4694 4551
f 4694 4695 4551
f 4551 4695 4552
f 4695 4696 4552
f 4552 4696 4553
f 4696 4697 4553
f 4553 4697 4554
f 4697 4698 4554
f 4554 4698 4555
f 4698 4699 4555
f 4555 4699 4556
f 4699 4700 4556
f 4556 4700 4557
f 4700 4701 4557
f 4557 4701 4558
f 4701 4702 4558
f 4558 4702 4559
f 4702 4703 4559
f 4559 4703 4560
f 4703 4704 4560
f 4560 4704 4561
f 4704 4705 4561
f 4561 4705 4562
f 4705 4706 4562
f 4562 4706 4563
f 4706 4707 4563
f 4563 4707 4564
f 4707 4708 4564
f 4564 4708 4565
f 4708 4709 4565
f 4565 4709 4566
f 4709 4710 4566
f 4566 4710 4567
f 4710 4711 4567
f 4567 4711 4568
f 4711 4712 4568
f 4568 4712 4569
f 4712 4713 4569
f 4569 4713 4570
f 4713 4714 4570
f 4570 4714 4571
f 4714 4715 4571
f 4571 4715 4572
f 4715 4716 4572
f 4572 4716 4573
f 4716 4717 4573
f 4573 4717 4574
f 4717 4718 4574
f 4574 4718 4575
f 4718 4719 4575
f 4575 4719 4576
f 4719 4720 4576
f 4576 4720 4577
f 4720 4721 4577
f 4577 4721 4578
f 4721 4722 4578
f 4578 4722 4579
f 4722 4723 4579
f 4579 4723 4580
f 4723 4724 4580
f 4580 4724 4581
f 4724 4725 4581
f 4581 4725 4582
f 4725 4726 4582
f 4582 4726 4583
f 4726 4727 4583
f 4583 4727 4584
f 4727 4728 4584
f 4584 4728 4585
f 4728 4729 4585
f 4585 4729 4586
f 4729 4730 4586
f 4586 4730 4587
f 4730 4731 4587
f 4587 4731 4588
f 4731 4732 4588
f 4588 4732 4589
f 4732 4733 4589
f 4589 4733 4590
f 4733 4734 4590
f 4590 4734 4591
f 4734 4735 4591
f 4591 4735 4592
f 4735 4736 4592
f 4592 4736 4593
f 4736 4737 4593
f 4593 4737 4594
f 4737 4738 4594
f 4594 4738 4595
f 4738 4739 4595
f 4595 4739 4596
f 4739 4740 4596
f 4596 4740 4597
f 4740 4741 4597
f 4597 4741 4598
f 4741 4742 4598
f 4598 4742 4599
f 4742 4743 4599
f 4599 4743 4600
f 4743 4744 4600
f 4600 4744 4601
f 4744 4745 4601
f 4601 4745 4602
f 4745 4746 4602
f 4602 4746 4603
f 4746 4747 4603
f 4603 4747 4604
f 4747 4748 4604
f 4604 4748 4605
f 4748 4749 4605
f 4605 4749 4606
f 4749 4750 4606
f 4606 4750 4607
f 4750 4751 4607
f 4607 4751 4608
f 4751 4752 4608
f 4608 4752 4465
f 4752 4609 4465
f 4609 4753 4610
f 4753 4754 4610
f 4610 4754 4611
f 4754 4755 4611
f 4611 4755 4612
f 4755 4756 4612
f 4612 4756 4613
f 4756 4757 4613
f 4613 4757 4614
f 4757 4758 4614
f 4614 4758 4615
f 4758 4759 4615
f 4615 4759 4616
f 4759 4760 4616
f 4616 4760 4617
f 4760 4761 4617
f 4617 4761 4618
f 4761 4762 4618
f 4618 4762 4619
f 4762 4763 4619
f 4619 4763 4620
f 4763 4764 4620
f 4620 4764 4621
f 4764 4765 4621
f 4621 4765 4622
f 4765 4766 4622
f 4622 4766 4623
f 4766 4767 4623
f 4623 4767 4624
f 4767 4768 4624
f 4624 4768 4625
f 4768 4769 4625
f 4625 4769 4626
f 4769 4770 4626
f 4626 4770 4627
f 4770 4771 4627
f 4627 4771 4628
f 4771 4772 4628
f 4628 4772 4629
f 4772 4773 4629
f 4629 4773 4630
f 4773 4774 4630
f 4630 4774 4631
f 4774 4775 4631
f 4631 4775 4632
f 4775 4776 4632
f 4632 4776 4633
f 4776 4777 4633
f 4633 4777 4634
f 4777 4778 4634
f 4634 4778 4635
f 4778 4779 4635
f 4635 4779 4636
f 4779 4780 4636
f 4636 4780 4637
f 4780 4781 4637
f 4637 4781 4638
f 4781 4782 4638
f 4638 4782 4639
f 4782 4783 4639
f 4639 4783 4640
f 4783 4784 4640
f 4640 4784 4641
f 4784 4785 4641
f 4641 4785 4642
f 4785 4786 4642
f 4642 4786 4643
f 4786 4787 4643
f 4643 4787 4644
f 4787 4788 4644
f 4644 4788 4645
f 4788 4789 4645
f 4645 4789 4646
f 4789 4790 4646
f 4646 4790 4647
f 4790 4791 4647
f 4647 4791 4648
f 4791 4792 4648
f 4648 4792 4649
f 4792 4793 4649
f 4649 4793 4650
f 4793 4794 4650
f 4650 4794 4651
f 4794 4795 4651
f 4651 4795 4652
f 4795 4796 4652
f 4652 4796 4653
f 4796 4797 4653
f 4653 4797 4654
f 4797 4798 4654
f 4654 4798 4655
f 4798 4799 4655
f 4655 4799 4656
f 4799 4800 4656
f 4656 4800 4657
f 4800 4801 4657
f 4657 4801 4658
f 4801 4802 4658
f 4658 4802 4659
f 4802 4803 4659
f 4659 4803 4660
f 4803 4804 4660
f 4660 4804 4661
f 4804 4805 4661
f 4661 4805 4662
f 4805 4806 4662
f 4662 4806 4663
f 4806 4807 4663
f 4663 4807 4664
f 4807 4808 4664
f 4664 4808 4665
f 4808 4809 4665
f 4665 4809 4666
f 4809 4810 4666
f 4666 4810 4667
f 4810 4811 4667
f 4667 4811 4668
f 4811 4812 4668
f 4668 4812 4669
f 4812 4813 4669
f 4669 4813 4670
f 4813 4814 4670
f 4670 4814 4671
f 4814 4815 4671
f 4671 4815 4672
f 4815 4816 4672
f 4672 4816 4673
f 4816 4817 4673
f 4673 4817 4674
f 4817 4818 4674
f 4674 4818 4675
f 4818 4819 4675
f 4675 4819 4676
f 4819 4820 4676
f 4676 4820 4677
f 4820 4821 4677
f 4677 4821 4678
f 4821 4822 4678
f 4678 4822 4679
f 4822 4823 4679
f 4679 4823 4680
f 4823 4824 4680
f 4680 4824 4681
f 4824 4825 4681
f 4681 4825 4682
f 4825 4826 4682
f 4682 4826 4683
f 4826 4827 4683
f 4683 4827 4684
f 4827 4828 4684
f 4684 4828 4685
f 4828 4829 4685
f 4685 4829 4686
f 4829 4830 4686
f 4686 4830 4687
f 4830 4831 4687
f 4687 4831 4688
f 4831 4832 4688
f 4688 4832 4689
f 4832 4833 4689
f 4689 4833 4690
f 4833 4834 4690
f 4690 4834 4691
f 4834 4835 4691
f 4691 4835 4692
f 4835 4836 4692
f 4692 4836 4693
f 4836 4837 4693
f 4693 4837 4694
f 4837 4838 4694
f 4694 4838 4695
f 4838 4839 4695
f 4695 4839 4696
f 4839 4840 4696
f 4696 4840 4697
f 4840 4841 4697
f 4697 4841 4698
f 4841 4842 4698
f 4698 4842 4699
f 4842 4843 4699
f 4699 4843 4700
f 4843 4844 4700
f 4700 4844 4701
f 4844 4845 4701
f 4701 4845 4702
f 4845 4846 4702
f 4702 4846 4703
f 4846 4847 4703
f 4703 4847 4704
f 4847 4848 4704
f 4704 4848 4705
f 4848 4849 4705
f 4705 4849 4706
f 4849 4850 4706
f 4706 4850 4707
f 4850 4851 4707
f 4707 4851 4708
f 4851 4852 4708
f 4708 4852 4709
f 4852 4853 4709
f 4709 4853 4710
f 4853 4854 4710
f 4710 4854 4711
f 4854 4855 4711
f 4711 4855 4712
f 4855 4856 4712
f 4712 4856 4713
f 4856 4857 4713
f 4713 4857 4714
f 4857 4858 4714
f 4714 4858 4715
f 4858 4859 4715
f 4715 4859 4716
f 4859 4860 4716
f 4716 4860 4717
f 4860 4861 4717
f 4717 4861 4718
f 4861 4862 4718
f 4718 4862 4719
f 4862 4863 4719
f 4719 4863 4720
f 4863 4864 4720
f 4720 4864 4721
f 4864 4865 4721
f 4721 4865 4722
f 4865 4866 4722
f 4722 4866 4723
f 4866 4867 4723
f 4723 4867 4724
f 4867 4868 4724
f 4724 4868 4725
f 4868 4869 4725
f 4725 4869 4726
f 4869 4870 4726
f 4726 4870 4727
f 4870 4871 4727
f 4727 4871 4728
f 4871 4872 4728
f 4728 4872 4729
f 4872 4873 4729
f 4729 4873 4730
f 4873 4874 4730
f 4730 4874 4731
f 4874 4875 4731
f 4731 4875 4732
f 4875 4876 4732
f 4732 4876 4733
f 4876 4877 4733
f 4733 4877 4734
f 4877 4878 4734
f 4734 4878 4735
f 4878 4879 4735
f 4735 4879 4736
f 4879 4880 4736
f 4736 4880 4737
f 4880 4881 4737
f 4737 4881 4738
f 4881 4882 4738
f 4738 4882 4739
f 4882 4883 4739
f 4739 4883 4740
f 4883 4884 4740
f 4740 4884 4741
f 4884 4885 4741
f 4741 4885 4742
f 4885 4886 4742
f 4742 4886 4743
f 4886 4887 4743
f 4743 4887 4744
f 4887 4888 4744
f 4744 4888 4745
f 4888 4889 4745
f 4745 4889 4746
f 4889 4890 4746
f 4746 4890 4747
f 4890 4891 4747
f 4747 4891 4748
f 4891 4892 4748
f 4748 4892 4749
f 4892 4893 4749
f 4749 4893 4750
f 4893 4894 4750
f 4750 4894 4751
f 4894 4895 4751
f 4751 4895 4752
f 4895 4896 4752
f 4752 4896 4609
f 4896 4753 4609
f 4753 4897 4754
f 4897 4898 4754
f 4754 4898 4755
f 4898 4899 4755
f 4755 4899 4756
f 4899 4900 4756
f 4756 4900 4757
f 4900 4901 4757
f 4757 4901 4758
f 4901 4902 4758
f 4758 4902 4759
f 4902 4903 4759
f 4759 4903 4760
f 4903 4904 4760
f 4760 4904 4761
f 4904 4905 4761
f 4761 4905 4762
f 4905 4906 4762
f 4762 4906 4763
f 4906 4907 4763
f 4763 4907 4764
f 4907 4908 4764
f 4764 4908 4765
f 4908 4909 4765
f 4765 4909 4766
f 4909 4910 4766
f 4766 4910 4767
f 4910 4911 4767
f 4767 4911 4768
f 4911 4912 4768
f 4768 4912 4769
f 4912 4913 4769
f 4769 4913 4770
f 4913 4914 4770
f 4770 4914 4771
f 4914 4915 4771
f 4771 4915 4772
f 4915 4916 4772
f 4772 4916 4773
f 4916 4917 4773
f 4773 4917 4774
f 4917 4918 4774
f 4774 4918 4775
f 4918 4919 4775
f 4775 4919 4776
f 4919 4920 4776
f 4776 4920 4777
f 4920 4921 4777
f 4777 4921 4778
f 4921 4922 4778
f 4778 4922 4779
f 4922 4923 4779
f 4779 4923 4780
f 4923 4924 4780
f 4780 4924 4781
f 4924 4925 4781
f 4781 4925 4782
f 4925 4926 4782
f 4782 4926 4783
f 4926 4927 4783
f 4783 4927 4784
f 4927 4928 4784
f 4784 4928 4785
f 4928 4929 4785
f 4785 4929 4786
f 4929 4930 4786
f 4786 4930 4787
f 4930 4931 4787
f 4787 4931 4788
f 4931 4932 4788
f 4788 4932 4789
f 4932 4933 4789
f 4789 4933 4790
f 4933 4934 4790
f 4790 4934 4791
f 4934 4935 4791
f 4791 4935 4792
f 4935 4936 4792
f 4792 4936 4793
f 4936 4937 4793
f 4793 4937 4794
f 4937 4938 4794
f 4794 4938 4795
f 4938 4939 4795
f 4795 4939 4796
f 4939 4940 4796
f 4796 4940 4797
f 4940 4941 4797
f 4797 4941 4798
f 4941 4942 4798
f 4798 4942 4799
f 4942 4943 4799
f 4799 4943 4800
f 4943 4944 4800
f 4800 4944 4801
f 4944 4945 4801
f 4801 4945 4802
f 4945 4946 4802
f 4802 4946 4803
f 4946 4947 4803
f 4803 4947 4804
f 4947 4948 4804
f 4804 4948 4805
f 4948 4949 4805
f 4805 4949 4806
f 4949 4950 4806
f 4806 4950 4807
f 4950 4951 4807
f 4807 4951 4808
f 4951 4952 4808
f 4808 4952 4809
f 4952 4953 4809
f 4809 4953 4810
f 4953 4954 4810
f 4810 4954 4811
f 4954 4955 4811
f 4811 4955 4812
f 4955 4956 4812
f 4812 4956 4813
f 4956 4957 4813
f 4813 4957 4814
f 4957 4958 4814
f 4814 4958 4815
f 4958 4959 4815
f 4815 4959 4816
f 4959 4960 4816
f 4816 4960 4817
f 4960 4961 4817
f 4817 4961 4818
f 4961 4962 4818
f 4818 4962 4819
f 4962 4963 4819
f 4819 4963 4820
f 4963 4964 4820
f 4820 4964 4821
f 4964 4965 4821
f 4821 4965 4822
f 4965 4966 4822
f 4822 4966 4823
f 4966 4967 4823
f 4823 4967 4824
f 4967 4968 4824
f 4824 4968 4825
f 4968 4969 4825
f 4825 4969 4826
f 4969 4970 4826
f 4826 4970 4827
f 4970 4971 4827
f 4827 4971 4828
f 4971 4972 4828
f 4828 4972 4829
f 4972 4973 4829
f 4829 4973 4830
f 4973 4974 4830
f 4830 4974 4831
f 4974 4975 4831
f 4831 4975 4832
f 4975 4976 4832
f 4832 4976 4833
f 4976 4977 4833
f 4833 4977 4834
f 4977 4978 4834
f 4834 4978 4835
f 4978 4979 4835
f 4835 4979 4836
f 4979 4980 4836
f 4836 4980 4837
f 4980 4981 4837
f 4837 4981 4838
f 4981 4982 4838
f 4838 4982 4839
f 4982 4983 4839
f 4839 4983 4840
f 4983 4984 4840
f 4840 4984 4841
f 4984 4985 4841
f 4841 4985 4842
f 4985 4986 4842
f 4842 4986 4843
f 4986 4987 4843
f 4843 4987 4844
f 4987 4988 4844
f 4844 4988 4845
f 4988 4989 4845
f 4845 4989 4846
f 4989 4990 4846
f 4846 4990 4847
f 4990 4991 4847
f 4847 4991 4848
f 4991 4992 4848
f 4848 4992 4849
f 4992 4993 4849
f 4849 4993 4850
f 4993 4994 4850
f 4850 4994 4851
f 4994 4995 4851
f 4851 4995 4852
f 4995 4996 4852
f 4852 4996 4853
f 4996 4997 4853
f 4853 4997 4854
f 4997 4998 4854
f 4854 4998 4855
f 4998 4999 4855
f 4855 4999 4856
f 4999 5000 4856
f 4856 5000 4857
f 5000 5001 4857
f 4857 5001 4858
f 5001 5002 4858
f 4858 5002 4859
f 5002 5003 4859
f 4859 5003 4860
f 5003 5004 4860
f 4860 5004 4861
f 5004 5005 4861
f 4861 5005 4862
f 5005 5006 4862
f 4862 5006 4863
f 5006 5007 4863
f 4863 5007 4864
f 5007 5008 4864
f 4864 5008 4865
f 5008 5009 4865
f 4865 5009 4866
f 5009 5010 4866
f 4866 5010 4867
f 5010 5011 4867
f 4867 5011 4868
f 5011 5012 4868
f 4868 5012 4869
f 5012 5013 4869
f 4869 5013 4870
f 5013 5014 4870
f 4870 5014 4871
f 5014 5015 4871
f 4871 5015 4872
f 5015 5016 4872
f 4872 5016 4873
f 5016 5017 4873
f 4873 5017 4874
f 5017 5018 4874
f 4874 5018 4875
f 5018 5019 4875
f 4875 5019 4876
f 5019 5020 4876
f 4876 5020 4877
f 5020 5021 4877
f 4877 5021 4878
f 5021 5022 4878
f 4878 5022 4879
f 5022 5023 4879
f 4879 5023 4880
f 5023 5024 4880
f 4880 5024 4881
f 5024 5025 4881
f 4881 5025 4882
f 5025 5026 4882
f 4882 5026 4883
f 5026 5027 4883
f 4883 5027 4884
f 5027 5028 4884
f 4884 5028 4885
f 5028 5029 4885
f 4885 5029 4886
f 5029 5030 4886
f 4886 5030 4887
f 5030 5031 4887
f 4887 5031 4888
f 5031 5032 4888
f 4888 5032 4889
f 5032 5033 4889
f 4889 5033 4890
f 5033 5034 4890
f 4890 5034 4891
f 5034 5035 4891
f 4891 5035 4892
f 5035 5036 4892
f 4892 5036 4893
f 5036 5037 4893
f 4893 5037 4894
f 5037 5038 4894
f 4894 5038 4895
f 5038 5039 4895
f 4895 5039 4896
f 5039 5040 4896
f 4896 5040 4753
f 5040 4897 4753
f 4897 5041 4898
f 5041 5042 4898
f 4898 5042 4899
f 5042 5043 4899
f 4899 5043 4900
f 5043 5044 4900
f 4900 5044 4901
f 5044 5045 4901
f 4901 5045 4902
f 5045 5046 4902
f 4902 5046 4903
f 5046 5047 4903
f 4903 5047 4904
f 5047 5048 4904
f 4904 5048 4905
f 5048 5049 4905
f 4905 5049 4906
f 5049 5050 4906
f 4906 5050 4907
f 5050 5051 4907
f 4907 5051 4908
f 5051 5052 4908
f 4908 5052 4909
f 5052 5053 4909
f 4909 5053 4910
f 5053 5054 4910
f 4910 5054 4911
f 5054 5055 4911
f 4911 5055 4912
f 5055 5056 4912
f 4912 5056 4913
f 5056 5057 4913
f 4913 5057 4914
f 5057 5058 4914
f 4914 5058 4915
f 5058 5059 4915
f 4915 5059 4916
f 5059 5060 4916
f 4916 5060 4917
f 5060 5061 4917
f 4917 5061 4918
f 5061 5062 4918
f 4918 5062 4919
f 5062 5063 4919
f 4919 5063 4920
f 5063 5064 4920
f 4920 5064 4921
f 5064 5065 4921
f 4921 5065 4922
f 5065 5066 4922
f 4922 5066 4923
f 5066 5067 4923
f 4923 5067 4924
f 5067 5068 4924
f 4924 5068 4925
f 5068 5069 4925
f 4925 5069 4926
f 5069 5070 4926
f 4926 5070 4927
f 5070 5071 4927
f 4927 5071 4928
f 5071 5072 4928
f 4928 5072 4929
f 5072 5073 4929
f 4929 5073 4930
f 5073 5074 4930
f 4930 5074 4931
f 5074 5075 4931
f 4931 5075 4932
f 5075 5076 4932
f 4932 5076 4933
f 5076 5077 4933
f 4933 5077 4934
f 5077 5078 4934
f 4934 5078 4935
f 5078 5079 4935
f 4935 5079 4936
f 5079 5080 4936
f 4936 5080 4937
f 5080 5081 4937
f 4937 5081 4938
f 5081 5082 4938
f 4938 5082 4939
f 5082 5083 4939
f 4939 5083 4940
f 5083 5084 4940
f 4940 5084 4941
f 5084 5085 4941
f 4941 5085 4942
f 5085 5086 4942
f 4942 5086 4943
f 5086 5087 4943
f 4943 5087 4944
f 5087 5088 4944
f 4944 5088 4945
f 5088 5089 4945
f 4945 5089 4946
f 5089 5090 4946
f 4946 5090 4947
f 5090 5091 4947
f 4947 5091 4948
f 5091 5092 4948
f 4948 5092 4949
f 5092 5093 4949
f 4949 5093 4950
f 5093 5094 4950
f 4950 5094 4951
f 5094 5095 4951
f 4951 5095 4952
f 5095 5096 4952
f 4952 5096 4953
f 5096 5097 4953
f 4953 5097 4954
f 5097 5098 4954
f 4954 5098 4955
f 5098 5099 4955
f 4955 5099 4956
f 5099 5100 4956
f 4956 5100 4957
f 5100 5101 4957
f 4957 5101 4958
f 5101 5102 4958
f 4958 5102 4959
f 5102 5103 4959
f 4959 5103 4960
f 5103 5104 4960
f 4960 5104 4961
f 5104 5105 4961
f 4961 5105 4962
f 5105 5106 4962
f 4962 5106 4963
f 5106 5107 4963
f 4963 5107 4964
f 5107 5108 4964
f 4964 5108 4965
f 5108 5109 4965
f 4965 5109 4966
f 5109 5110 4966
f 4966 5110 4967
f 5110 5111 4967
f 4967 5111 4968
f 5111 5112 4968
f 4968 5112 4969
f 5112 5113 4969
f 4969 5113 4970
f 5113 5114 4970
f 4970 5114 4971
f 5114 5115 4971
f 4971 5115 4972
f 5115 5116 4972
f 4972 5116 4973
f 5116 5117 4973
f 4973 5117 4974
f 5117 5118 4974
f 4974 5118 4975
f 5118 5119 4975
f 4975 5119 4976
f 5119 5120 4976
f 4976 5120 4977
f 5120 5121 4977
f 4977 5121 4978
f 5121 5122 4978
f 4978 5122 4979
f 5122 5123 4979
f 4979 5123 4980
f 5123 5124 4980
f 4980 5124 4981
f 5124 5125 4981
f 4981 5125 4982
f 5125 5126 4982
f 4982 5126 4983
f 5126 5127 4983
f 4983 5127 4984
f 5127 5128 4984
f 4984 5128 4985
f 5128 5129 4985
f 4985 5129 4986
f 5129 5130 4986
f 4986 5130 4987
f 5130 5131 4987
f 4987 5131 4988
f 5131 5132 4988
f 4988 5132 4989
f 5132 5133 4989
f 4989 5133 4990
f 5133 5134 4990
f 4990 5134 4991
f 5134 5135 4991
f 4991 5135 4992
f 5135 5136 4992
f 4992 5136 4993
f 5136 5137 4993
f 4993 5137 4994
f 5137 5138 4994
f 4994 5138 4995
f 5138 5139 4995
f 4995 5139 4996
f 5139 5140 4996
f 4996 5140 4997
f 5140 5141 4997
f 4997 5141 4998
f 5141 5142 4998
f 4998 5142 4999
f 5142 5143 4999
f 4999 5143 5000
f 5143 5144 5000
f 5000 5144 5001
f 5144 5145 5001
f 5001 5145 5002
f 5145 5146 5002
f 5002 5146 5003
f 5146 5147 5003
f 5003 5147 5004
f 5147 5148 5004
f 5004 5148 5005
f 5148 5149 5005
f 5005 5149 5006
f 5149 5150 5006
f 5006 5150 5007
f 5150 5151 5007
f 5007 5151 5008
f 5151 5152 5008
f 5008 5152 5009
f 5152 5153 5009
f 5009 5153 5010
f 5153 5154 5010
f 5010 5154 5011
f 5154 5155 5011
f 5011 5155 5012
f 5155 5156 5012
f 5012 5156 5013
f 5156 5157 5013
f 5013 5157 5014
f 5157 5158 5014
f 5014 5158 5015
f 5158 5159 5015
f 5015 5159 5016
f 5159 5160 5016
f 5016 5160 5017
f 5160 5161 5017
f 5017 5161 5018
f 5161 5162 5018
f 5018 5162 5019
f 5162 5163 5019
f 5019 5163 5020
f 5163 5164 5020
f 5020 5164 5021
f 5164 5165 5021
f 5021 5165 5022
f 5165 5166 5022
f 5022 5166 5023
f 5166 5167 5023
f 5023 5167 5024
f 5167 5168 5024
f 5024 5168 5025
f 5168 5169 5025
f 5025 5169 5026
f 5169 5170 5026
f 5026 5170 5027
f 5170 5171 5027
f 5027 5171 5028
f 5171 5172 5028
f 5028 5172 5029
f 5172 5173 5029
f 5029 5173 5030
f 5173 5174 5030
f 5030 5174 5031
f 5174 5175 5031
f 5031 5175 5032
f 5175 5176 5032
f 5032 5176 5033
f 5176 5177 5033
f 5033 5177 5034
f 5177 5178 5034
f 5034 5178 5035
f 5178 5179 5035
f 5035 5179 5036
f 5179 5180 5036
f 5036 5180 5037
f 5180 5181 5037
f 5037 5181 5038
f 5181 5182 5038
f 5038 5182 5039
f 5182 5183 5039
f 5039 5183 5040
f 5183 5184 5040
f 5040 5184 4897
f 5184 5041 4897
f 5041 5185 5042
f 5185 5186 5042
f 5042 5186 5043
f 5186 5187 5043
f 5043 5187 5044
f 5187 5188 5044
f 5044 5188 5045
f 5188 5189 5045
f 5045 5189 5046
f 5189 5190 5046
f 5046 5190 5047
f 5190 5191 5047
f 5047 5191 5048
f 5191 5192 5048
f 5048 5192 5049
f 5192 5193 5049
f 5049 5193 5050
f 5193 5194 5050
f 5050 5194 5051
f 5194 5195 5051
f 5051 5195 5052
f 5195 5196 5052
f 5052 5196 5053
f 5196 5197 5053
f 5053 5197 5054
f 5197 5198 5054
f 5054 5198 5055
f 5198 5199 5055
f 5055 5199 5056
f 5199 5200 5056
f 5056 5200 5057
f 5200 5201 5057
f 5057 5201 5058
f 5201 5202 5058
f 5058 5202 5059
f 5202 5203 5059
f 5059 5203 5060
f 5203 5204 5060
f 5060 5204 5061
f 5204 5205 5061
f 5061 5205 5062
f 5205 5206 5062
f 5062 5206 5063
f 5206 5207 5063
f 5063 5207 5064
f 5207 5208 5064
f 5064 5208 5065
f 5208 5209 5065
f 5065 5209 5066
f 5209 5210 5066
f 5066 5210 5067
f 5210 5211 5067
f 5067 5211 5068
f 5211 5212 5068
f 5068 5212 5069
f 5212 5213 5069
f 5069 5213 5070
f 5213 5214 5070
f 5070 5214 5071
f 5214 5215 5071
f 5071 5215 5072
f 5215 5216 5072
f 5072 5216 5073
f 5216 5217 5073
f 5073 5217 5074
f 5217 5218 5074
f 5074 5218 5075
f 5218 5219 5075
f 5075 5219 5076
f 5219 5220 5076
f 5076 5220 5077
f 5220 5221 5077
f 5077 5221 5078
f 5221 5222 5078
f 5078 5222 5079
f 5222 5223 5079
f 5079 5223 5080
f 5223 5224 5080
f 5080 5224 5081
f 5224 5225 5081
f 5081 5225 5082
f 5225 5226 5082
f 5082 5226 5083
f 5226 5227 5083
f 5083 5227 5084
f 5227 5228 5084
f 5084 5228 5085
f 5228 5229 5085
f 5085 5229 5086
f 5229 5230 5086
f 5086 5230 5087
f 5230 5231 5087
f 5087 5231 5088
f 5231 5232 5088
f 5088 5232 5089
f 5232 5233 5089
f 5089 5233 5090
f 5233 5234 5090
f 5090 5234 5091
f 5234 5235 5091
f 5091 5235 5092
f 5235 5236 5092
f 5092 5236 5093
f 5236 5237 5093
f 5093 5237 5094
f 5237 5238 5094
f 5094 5238 5095
f 5238 5239 5095
f 5095 5239 5096
f 5239 5240 5096
f 5096 5240 5097
f 5240 5241 5097
f 5097 5241 5098
f 5241 5242 5098
f 5098 5242 5099
f 5242 5243 5099
f 5099 5243 5100
f 5243 5244 5100
f 5100 5244 5101
f 5244 5245 5101
f 5101 5245 5102
f 5245 5246 5102
f 5102 5246 5103
f 5246 5247 5103
f 5103 5247 5104
f 5247 5248 5104
f 5104 5248 5105
f 5248 5249 5105
f 5105 5249 5106
f 5249 5250 5106
f 5106 5250 5107
f 5250 5251 5107
f 5107 5251 5108
f 5251 5252 5108
f 5108 5252 5109
f 5252 5253 5109
f 5109 5253 5110
f 5253 5254 5110
f 5110 5254 5111
f 5254 5255 5111
f 5111 5255 5112
f 5255 5256 5112
f 5112 5256 5113
f 5256 5257 5113
f 5113 5257 5114
f 5257 5258 5114
f 5114 5258 5115
f 5258 5259 5115
f 5115 5259 5116
f 5259 5260 5116
f 5116 5260 5117
f 5260 5261 5117
f 5117 5261 5118
f 5261 5262 5118
f 5118 5262 5119
f 5262 5263 5119
f 5119 5263 5120
f 5263 5264 5120
f 5120 5264 5121
f 5264 5265 5121
f 5121 5265 5122
f 5265 5266 5122
f 5122 5266 5123
f 5266 5267 5123
f 5123 5267 5124
f 5267 5268 5124
f 5124 5268 5125
f 5268 5269 5125
f 5125 5269 5126
f 5269 5270 5126
f 5126 5270 5127
f 5270 5271 5127
f 5127 5271 5128
f 5271 5272 5128
f 5128 5272 5129
f 5272 5273 5129
f 5129 5273 5130
f 5273 5274 5130
f 5130 5274 5131
f 5274 5275 5131
f 5131 5275 5132
f 5275 5276 5132
f 5132 5276 5133
f 5276 5277 5133
f 5133 5277 5134
f 5277 5278 5134
f 5134 5278 5135
f 5278 5279 5135
f 5135 5279 5136
f 5279 5280 5136
f 5136 5280 5137
f 5280 5281 5137
f 5137 5281 5138
f 5281 5282 5138
f 5138 5282 5139
f 5282 5283 5139
f 5139 5283 5140
f 5283 5284 5140
f 5140 5284 5141
f 5284 5285 5141
f 5141 5285 5142
f 5285 5286 5142
f 5142 5286 5143
f 5286 5287 5143
f 5143 5287 5144
f 5287 5288 5144
f 5144 5288 5145
f 5288 5289 5145
f 5145 5289 5146
f 5289 5290 5146
f 5146 5290 5147
f 5290 5291 5147
f 5147 5291 5148
f 5291 5292 5148
f 5148 5292 5149
f 5292 5293 5149
f 5149 5293 5150
f 5293 5294 5150
f 5150 5294 5151
f 5294 5295 5151
f 5151 5295 5152
f 5295 5296 5152
f 5152 5296 5153
f 5296 5297 5153
f 5153 5297 5154
f 5297 5298 5154
f 5154 5298 5155
f 5298 5299 5155
f 5155 5299 5156
f 5299 5300 5156
f 5156 5300 5157
f 5300 5301 5157
f 5157 5301 5158
f 5301 5302 5158
f 5158 5302 5159
f 5302 5303 5159
f 5159 5303 5160
f 5303 5304 5160
f 5160 5304 5161
f 5304 5305 5161
f 5161 5305 5162
f 5305 5306 5162
f 5162 5306 5163
f 5306 5307 5163
f 5163 5307 5164
f 5307 5308 5164
f 5164 5308 5165
f 5308 5309 5165
f 5165 5309 5166
f 5309 5310 5166
f 5166 5310 5167
f 5310 5311 5167
f 5167 5311 5168
f 5311 5312 5168
f 5168 5312 5169
f 5312 5313 5169
f 5169 5313 5170
f 5313 5314 5170
f 5170 5314 5171
f 5314 5315 5171
f 5171 5315 5172
f 5315 5316 5172
f 5172 5316 5173
f 5316 5317 5173
f 5173 5317 5174
f 5317 5318 5174
f 5174 5318 5175
f 5318 5319 5175
f 5175 5319 5176
f 5319 5320 5176
f 5176 5320 5177
f 5320 5321 5177
f 5177 5321 5178
f 5321 5322 5178
f 5178 5322 5179
f 5322 5323 5179
f 5179 5323 5180
f 5323 5324 5180
f 5180 5324 5181
f 5324 5325 5181
f 5181 5325 5182
f 5325 5326 5182
f 5182 5326 5183
f 5326 5327 5183
f 5183 5327 5184
f 5327 5328 5184
f 5184 5328 5041
f 5328 5185 5041
f 5329 5330 5331
f 5330 5332 5331
f 5330 5329 5333
f 5329 5334 5333
f 5333 5334 5335
f 5334 5336 5335
f 5336 5337 5335
f 5338 5339 5340
f 5339 5341 5340
f 5341 5339 5342
f 5339 5343 5342
f 5342 5343 5344
f 5345 5346 5343
f 5346 5344 5343
f 5347 5348 5349
f 5348 5350 5349
f 5351 5352 5353
f 5352 5354 5353
f 5353 5354 5355
f 5356 5350 5354
f 5350 5357 5354
f 5354 5357 5358
f 5356 5359 5350
f 5359 5360 5350
f 5350 5360 5361
f 5362 5350 5363
f 5350 5364 5363
f 5362 5365 5350
f 5365 5366 5350
f 5350 5366 5349
f 5361 5367 5350
f 5367 5368 5350
f 5350 5368 5364
f 5358 5369 5354
f 5369 5370 5354
f 5354 5370 5371
f 5371 5372 5354
f 5372 5373 5354
f 5354 5373 5374
f 5374 5375 5354
f 5375 5376 5354
f 5354 5376 5355
f 5377 5346 5345
f 5378 5379 5345
f 5379 5380 5345
f 5381 5382 5345
f 5383 5384 5345
f 5384 5385 5345
f 5345 5385 5377
f 5380 5386 5345
f 5386 5387 5345
f 5345 5387 5388
f 5389 5345 5390
f 5345 5391 5390
f 5389 5392 5345
f 5392 5393 5345
f 5345 5393 5394
f 5388 5395 5345
f 5395 5396 5345
f 5345 5396 5397
f 5397 5398 5345
f 5398 5399 5345
f 5345 5399 5381
f 5394 5400 5345
f 5400 5401 5345
f 5345 5401 5383
f 5382 5402 5345
f 5402 5403 5345
f 5345 5403 5404
f 5404 5405 5345
f 5405 5406 5345
f 5345 5406 5391
f 5407 5408 5409
f 5408 5410 5409
f 5409 5410 5411
f 5410 5412 5411
f 5411 5412 5413
f 5412 5414 5413
f 5413 5414 5415
f 5414 5416 5415
f 5415 5416 5417
f 5416 5418 5417
f 5417 5418 5419
f 5418 5420 5419
f 5419 5420 5421
f 5420 5422 5421
f 5421 5422 5423
f 5422 5424 5423
f 5423 5424 5425
f 5424 5426 5425
f 5425 5426 5427
f 5426 5428 5427
f 5427 5428 5429
f 5428 5430 5429
f 5429 5430 5431
f 5430 5432 5431
f 5431 5432 5433
f 5432 5434 5433
f 5433 5434 5435
f 5434 5436 5435
f 5435 5436 5437
f 5436 5438 5437
f 5437 5438 5439
f 5438 5440 5439
f 5439 5440 5441
f 5440 5442 5441
f 5441 5442 5443
f 5442 5444 5443
f 5443 5444 5445
f 5444 5446 5445
f 5445 5446 5447
f 5446 5448 5447
f 5447 5448 5449
f 5448 5450 5449
f 5449 5450 5451
f 5450 5452 5451
f 5451 5452 5453
f 5452 5454 5453
f 5453 5454 5455
f 5454 5456 5455
f 5455 5456 5457
f 5456 5458 5457
f 5457 5458 5459
f 5458 5460 5459
f 5459 5460 5461
f 5460 5462 5461
f 5461 5462 5463
f 5462 5464 5463
f 5463 5464 5465
f 5464 5466 5465
f 5465 5466 5467
f 5466 5468 5467
f 5467 5468 5469
f 5468 5470 5469
f 5469 5470 5471
f 5470 5472 5471
f 5471 5472 5473
f 5472 5474 5473
f 5473 5474 5475
f 5474 5476 5475
f 5475 5476 5477
f 5476 5478 5477
f 5477 5478 5479
f 5478 5480 5479
f 5479 5480 5481
f 5480 5482 5481
f 5481 5482 5483
f 5482 5484 5483
f 5483 5484 5485
f 5484 5486 5485
f 5485 5486 5487
f 5486 5488 5487
f 5487 5488 5489
f 5488 5490 5489
f 5489 5490 5491
f 5490 5492 5491
f 5491 5492 5493
f 5492 5494 5493
f 5493 5494 5495
f 5494 5496 5495
f 5495 5496 5497
f 5496 5498 5497
f 5497 5498 5499
f 5498 5500 5499
f 5499 5500 5501
f 5500 5502 5501
f 5501 5502 5503
f 5502 5504 5503
f 5503 5504 5505
f 5504 5506 5505
f 5505 5506 5507
f 5506 5508 5507
f 5507 5508 5509
f 5508 5510 5509
f 5509 5510 5511
f 5510 5512 5511
f 5511 5512 5513
f 5512 5514 5513
f 5513 5514 5515
f 5514 5516 5515
f 5515 5516 5517
f 5516 5518 5517
f 5517 5518 5519
f 5518 5520 5519
f 5519 5520 5521
f 5520 5522 5521
f 5521 5522 5523
f 5522 5524 5523
f 5523 5524 5525
f 5524 5526 5525
f 5525 5526 5527
f 5526 5528 5527
f 5527 5528 5529
f 5528 5530 5529
f 5529 5530 5531
f 5530 5532 5531
f 5531 5532 5533
f 5532 5534 5533
f 5533 5534 5535
f 5534 5536 5535
f 5535 5536 5537
f 5536 5538 5537
f 5537 5538 5539
f 5538 5540 5539
f 5539 5540 5541
f 5540 5542 5541
f 5541 5542 5543
f 5542 5544 5543
f 5543 5544 5545
f 5544 5546 5545
f 5545 5546 5547
f 5546 5548 5547
f 5547 5548 5549
f 5548 5550 5549
f 5549 5550 5551
f 5550 5552 5551
f 5551 5552 5553
f 5552 5554 5553
f 5553 5554 5555
f 5554 5556 5555
f 5555 5556 5557
f 5556 5558 5557
f 5557 5558 5559
f 5558 5560 5559
f 5559 5560 5561
f 5560 5562 5561
f 5561 5562 5563
f 5562 5564 5563
f 5563 5564 5565
f 5564 5566 5565
f 5565 5566 5567
f 5566 5568 5567
f 5567 5568 5569
f 5568 5570 5569
f 5569 5570 5571
f 5570 5572 5571
f 5571 5572 5573
f 5572 5574 5573
f 5573 5574 5575
f 5574 5576 5575
f 5575 5576 5577
f 5576 5578 5577
f 5577 5578 5579
f 5578 5580 5579
f 5579 5580 5581
f 5580 5582 5581
f 5581 5582 5583
f 5582 5584 5583
f 5583 5584 5585
f 5584 5586 5585
f 5585 5586 5587
f 5586 5588 5587
f 5587 5588 5589
f 5588 5590 5589
f 5589 5590 5591
f 5590 5592 5591
f 5591 5592 5593
f 5592 5594 5593
f 5593 5594 5595
f 5594 5596 5595
f 5595 5596 5597
f 5596 5598 5597
f 5597 5598 5599
f 5598 5600 5599
f 5599 5600 5601
f 5600 5602 5601
f 5601 5602 5603
f 5602 5604 5603
f 5603 5604 5605
f 5604 5606 5605
f 5605 5606 5607
f 5606 5608 5607
f 5607 5608 5609
f 5608 5610 5609
f 5609 5610 5611
f 5610 5612 5611
f 5611 5612 5613
f 5612 5614 5613
f 5613 5614 5615
f 5614 5616 5615
f 5615 5616 5617
f 5616 5618 5617
f 5617 5618 5619
f 5618 5620 5619
f 5619 5620 5621
f 5620 5622 5621
f 5621 5622 5623
f 5622 5624 5623
f 5623 5624 5625
f 5624 5626 5625
f 5625 5626 5627
f 5626 5628 5627
f 5627 5628 5629
f 5628 5630 5629
f 5629 5630 5631
f 5630 5632 5631
f 5631 5632 5633
f 5632 5634 5633
f 5633 5634 5635
f 5634 5636 5635
f 5635 5636 5637
f 5636 5638 5637
f 5637 5638 5639
f 5638 5640 5639
f 5639 5640 5641
f 5640 5642 5641
f 5641 5642 5643
f 5642 5644 5643
f 5643 5644 5645
f 5644 5646 5645
f 5645 5646 5647
f 5646 5648 5647
f 5647 5648 5649
f 5648 5650 5649
f 5649 5650 5651
f 5650 5652 5651
f 5651 5652 5653
f 5652 5654 5653
f 5653 5654 5655
f 5654 5656 5655
f 5655 5656 5657
f 5656 5658 5657
f 5657 5658 5659
f 5658 5660 5659
f 5659 5660 5661
f 5660 5662 5661
f 5661 5662 5663
f 5662 5664 5663
f 5663 5664 5665
f 5664 5666 5665
f 5665 5666 5667
f 5666 5668 5667
f 5667 5668 5669
f 5668 5670 5669
f 5669 5670 5671
f 5670 5672 5671
f 5671 5672 5673
f 5672 5674 5673
f 5673 5674 5675
f 5674 5676 5675
f 5675 5676 5677
f 5676 5678 5677
f 5677 5678 5679
f 5678 5680 5679
f 5679 5680 5681
f 5680 5682 5681
f 5681 5682 5683
f 5682 5684 5683
f 5683 5684 5685
f 5684 5686 5685
f 5685 5686 5687
f 5686 5688 5687
f 5687 5688 5689
f 5688 5690 5689
f 5689 5690 5691
f 5690 5692 5691
f 5691 5692 5693
f 5692 5694 5693
f 5693 5694 5407
f 5694 5408 5407
f 5510 5695 5512
f 5695 5696 5512
f 5512 5696 5514
f 5696 5697 5514
f 5514 5697 5516
f 5697 5698 5516
f 5516 5698 5518
f 5698 5699 5518
f 5518 5699 5520
f 5699 5700 5520
f 5520 5700 5522
f 5700 5701 5522
f 5522 5701 5524
f 5701 5702 5524
f 5524 5702 5526
f 5702 5703 5526
f 5526 5703 5528
f 5703 5704 5528
f 5528 5704 5530
f 5704 5705 5530
f 5530 5705 5532
f 5705 5706 5532
f 5532 5706 5534
f 5706 5707 5534
f 5534 5707 5536
f 5707 5708 5536
f 5536 5708 5538
f 5708 5709 5538
f 5538 5709 5540
f 5709 5710 5540
f 5540 5710 5542
f 5710 5711 5542
f 5542 5711 5544
f 5711 5712 5544
f 5544 5712 5546
f 5712 5713 5546
f 5546 5713 5548
f 5713 5714 5548
f 5548 5714 5550
f 5714 5715 5550
f 5550 5715 5552
f 5715 5716 5552
f 5552 5716 5554
f 5716 5717 5554
f 5554 5717 5556
f 5717 5718 5556
f 5556 5718 5558
f 5718 5719 5558
f 5558 5719 5560
f 5719 5720 5560
f 5560 5720 5562
f 5720 5721 5562
f 5562 5721 5564
f 5721 5722 5564
f 5564 5722 5566
f 5722 5723 5566
f 5566 5723 5568
f 5723 5724 5568
f 5568 5724 5570
f 5724 5725 5570
f 5570 5725 5572
f 5725 5726 5572
f 5572 5726 5574
f 5726 5727 5574
f 5574 5727 5576
f 5727 5728 5576
f 5576 5728 5578
f 5728 5729 5578
f 5578 5729 5580
f 5729 5730 5580
f 5580 5730 5582
f 5730 5731 5582
f 5582 5731 5584
f 5731 5732 5584
f 5584 5732 5586
f 5732 5733 5586
f 5586 5733 5588
f 5733 5734 5588
f 5588 5734 5590
f 5734 5735 5590
f 5590 5735 5592
f 5735 5736 5592
f 5592 5736 5594
f 5736 5737 5594
f 5594 5737 5596
f 5737 5738 5596
f 5596 5738 5598
f 5738 5739 5598
f 5598 5739 5600
f 5739 5740 5600
f 5600 5740 5602
f 5740 5741 5602
f 5602 5741 5604
f 5741 5742 5604
f 5604 5742 5606
f 5742 5743 5606
f 5606 5743 5608
f 5743 5744 5608
f 5608 5744 5610
f 5744 5745 5610
f 5610 5745 5612
f 5745 5746 5612
f 5612 5746 5614
f 5746 5747 5614
f 5614 5747 5616
f 5747 5748 5616
f 5616 5748 5618
f 5748 5749 5618
f 5618 5749 5620
f 5749 5750 5620
f 5620 5750 5622
f 5750 5751 5622
f 5622 5751 5624
f 5751 5752 5624
f 5624 5752 5626
f 5752 5753 5626
f 5626 5753 5628
f 5753 5754 5628
f 5628 5754 5630
f 5754 5755 5630
f 5630 5755 5632
f 5755 5756 5632
f 5632 5756 5634
f 5756 5757 5634
f 5634 5757 5636
f 5757 5758 5636
f 5636 5758 5638
f 5758 5759 5638
f 5638 5759 5640
f 5759 5760 5640
f 5640 5760 5642
f 5760 5761 5642
f 5642 5761 5644
f 5761 5762 5644
f 5644 5762 5646
f 5762 5763 5646
f 5646 5763 5648
f 5763 5764 5648
f 5648 5764 5650
f 5764 5765 5650
f 5650 5765 5652
f 5765 5766 5652
f 5652 5766 5654
f 5766 5767 5654
f 5654 5767 5656
f 5767 5768 5656
f 5656 5768 5658
f 5768 5769 5658
f 5658 5769 5660
f 5769 5770 5660
f 5660 5770 5662
f 5770 5771 5662
f 5662 5771 5664
f 5771 5772 5664
f 5664 5772 5666
f 5772 5773 5666
f 5666 5773 5668
f 5773 5774 5668
f 5668 5774 5670
f 5774 5775 5670
f 5670 5775 5672
f 5775 5776 5672
f 5672 5776 5674
f 5776 5777 5674
f 5674 5777 5676
f 5777 5778 5676
f 5676 5778 5678
f 5778 5779 5678
f 5678 5779 5680
f 5779 5780 5680
f 5680 5780 5682
f 5780 5781 5682
f 5682 5781 5684
f 5781 5782 5684
f 5684 5782 5686
f 5782 5783 5686
f 5686 5783 5688
f 5783 5784 5688
f 5688 5784 5690
f 5784 5785 5690
f 5690 5785 5692
f 5785 5786 5692
f 5692 5786 5694
f 5786 5787 5694
f 5694 5787 5408
f 5787 5788 5408
f 5408 5788 5410
f 5788 5789 5410
f 5410 5789 5412
f 5789 5790 5412
f 5412 5790 5414
f 5790 5791 5414
f 5414 5791 5416
f 5791 5792 5416
f 5416 5792 5418
f 5792 5793 5418
f 5418 5793 5420
f 5793 5794 5420
f 5420 5794 5422
f 5794 5795 5422
f 5422 5795 5424
f 5795 5796 5424
f 5424 5796 5426
f 5796 5797 5426
f 5426 5797 5428
f 5797 5798 5428
f 5428 5798 5430
f 5798 5799 5430
f 5430 5799 5432
f 5799 5800 5432
f 5432 5800 5434
f 5800 5801 5434
f 5434 5801 5436
f 5801 5802 5436
f 5436 5802 5438
f 5802 5803 5438
f 5438 5803 5440
f 5803 5804 5440
f 5440 5804 5442
f 5804 5805 5442
f 5442 5805 5444
f 5805 5806 5444
f 5444 5806 5446
f 5806 5807 5446
f 5446 5807 5448
f 5807 5808 5448
f 5448 5808 5450
f 5808 5809 5450
f 5450 5809 5452
f 5809 5810 5452
f 5452 5810 5454
f 5810 5811 5454
f 5454 5811 5456
f 5811 5812 5456
f 5456 5812 5458
f 5812 5813 5458
f 5458 5813 5460
f 5813 5814 5460
f 5460 5814 5462
f 5814 5815 5462
f 5462 5815 5464
f 5815 5816 5464
f 5464 5816 5466
f 5816 5817 5466
f 5466 5817 5468
f 5817 5818 5468
f 5468 5818 5470
f 5818 5819 5470
f 5470 5819 5472
f 5819 5820 5472
f 5472 5820 5474
f 5820 5821 5474
f 5474 5821 5476
f 5821 5822 5476
f 5476 5822 5478
f 5822 5823 5478
f 5478 5823 5480
f 5823 5824 5480
f 5480 5824 5482
f 5824 5825 5482
f 5482 5825 5484
f 5825 5826 5484
f 5484 5826 5486
f 5826 5827 5486
f 5486 5827 5488
f 5827 5828 5488
f 5488 5828 5490
f 5828 5829 5490
f 5490 5829 5492
f 5829 5830 5492
f 5492 5830 5494
f 5830 5831 5494
f 5494 5831 5496
f 5831 5832 5496
f 5496 5832 5498
f 5832 5833 5498
f 5498 5833 5500
f 5833 5834 5500
f 5500 5834 5502
f 5834 5835 5502
f 5502 5835 5504
f 5835 5836 5504
f 5504 5836 5506
f 5836 5837 5506
f 5506 5837 5508
f 5837 5838 5508
f 5508 5838 5510
f 5838 5695 5510
f 5839 5840 5841
f 5840 5842 5841
f 5841 5842 5843
f 5842 5844 5843
f 5843 5844 5845
f 5844 5846 5845
f 5845 5846 5847
f 5846 5848 5847
f 5847 5848 5849
f 5848 5850 5849
f 5849 5850 5851
f 5850 5852 5851
f 5851 5852 5853
f 5852 5854 5853
f 5853 5854 5855
f 5854 5856 5855
f 5855 5856 5857
f 5856 5858 5857
f 5857 5858 5859
f 5858 5860 5859
f 5859 5860 5861
f 5860 5862 5861
f 5861 5862 5863
f 5862 5864 5863
f 5863 5864 5865
f 5864 5866 5865
f 5865 5866 5867
f 5866 5868 5867
f 5867 5868 5869
f 5868 5870 5869
f 5869 5870 5871
f 5870 5872 5871
f 5871 5872 5873
f 5872 5874 5873
f 5873 5874 5875
f 5874 5876 5875
f 5875 5876 5877
f 5876 5878 5877
f 5877 5878 5879
f 5878 5880 5879
f 5879 5880 5881
f 5880 5882 5881
f 5881 5882 5883
f 5882 5884 5883
f 5883 5884 5885
f 5884 5886 5885
f 5885 5886 5887
f 5886 5888 5887
f 5887 5888 5889
f 5888 5890 5889
f 5889 5890 5891
f 5890 5892 5891
f 5891 5892 5893
f 5892 5894 5893
f 5893 5894 5895
f 5894 5896 5895
f 5895 5896 5897
f 5896 5898 5897
f 5897 5898 5899
f 5898 5900 5899
f 5899 5900 5901
f 5900 5902 5901
f 5901 5902 5903
f 5902 5904 5903
f 5903 5904 5905
f 5904 5906 5905
f 5905 5906 5907
f 5906 5908 5907
f 5907 5908 5909
f 5908 5910 5909
f 5909 5910 5911
f 5910 5912 5911
f 5911 5912 5913
f 5912 5914 5913
f 5913 5914 5915
f 5914 5916 5915
f 5915 5916 5917
f 5916 5918 5917
f 5917 5918 5919
f 5918 5920 5919
f 5919 5920 5921
f 5920 5922 5921
f 5921 5922 5923
f 5922 5924 5923
f 5923 5924 5925
f 5924 5926 5925
f 5925 5926 5927
f 5926 5928 5927
f 5927 5928 5929
f 5928 5930 5929
f 5929 5930 5931
f 5930 5932 5931
f 5931 5932 5933
f 5932 5934 5933
f 5933 5934 5935
f 5934 5936 5935
f 5935 5936 5937
f 5936 5938 5937
f 5937 5938 5939
f 5938 5940 5939
f 5939 5940 5941
f 5940 5942 5941
f 5941 5942 5943
f 5942 5944 5943
f 5943 5944 5945
f 5944 5946 5945
f 5945 5946 5947
f 5946 5948 5947
f 5947 5948 5949
f 5948 5950 5949
f 5949 5950 5951
f 5950 5952 5951
f 5951 5952 5953
f 5952 5954 5953
f 5953 5954 5955
f 5954 5956 5955
f 5955 5956 5957
f 5956 5958 5957
f 5957 5958 5959
f 5958 5960 5959
f 5959 5960 5961
f 5960 5962 5961
f 5961 5962 5963
f 5962 5964 5963
f 5963 5964 5965
f 5964 5966 5965
f 5965 5966 5967
f 5966 5968 5967
f 5967 5968 5969
f 5968 5970 5969
f 5969 5970 5971
f 5970 5972 5971
f 5971 5972 5973
f 5972 5974 5973
f 5973 5974 5975
f 5974 5976 5975
f 5975 5976 5977
f 5976 5978 5977
f 5977 5978 5979
f 5978 5980 5979
f 5979 5980 5981
f 5980 5982 5981
f 5981 5982 5983
f 5982 5984 5983
f 5983 5984 5985
f 5984 5986 5985
f 5985 5986 5987
f 5986 5988 5987
f 5987 5988 5989
f 5988 5990 5989
f 5989 5990 5991
f 5990 5992 5991
f 5991 5992 5993
f 5992 5994 5993
f 5993 5994 5995
f 5994 5996 5995
f 5995 5996 5997
f 5996 5998 5997
f 5997 5998 5999
f 5998 6000 5999
f 5999 6000 6001
f 6000 6002 6001
f 6001 6002 6003
f 6002 6004 6003
f 6003 6004 6005
f 6004 6006 6005
f 6005 6006 6007
f 6006 6008 6007
f 6007 6008 6009
f 6008 6010 6009
f 6009 6010 6011
f 6010 6012 6011
f 6011 6012 6013
f 6012 6014 6013
f 6013 6014 6015
f 6014 6016 6015
f 6015 6016 6017
f 6016 6018 6017
f 6017 6018 6019
f 6018 6020 6019
f 6019 6020 6021
f 6020 6022 6021
f 6021 6022 6023
f 6022 6024 6023
f 6023 6024 6025
f 6024 6026 6025
f 6025 6026 6027
f 6026 6028 6027
f 6027 6028 6029
f 6028 6030 6029
f 6029 6030 6031
f 6030 6032 6031
f 6031 6032 6033
f 6032 6034 6033
f 6033 6034 6035
f 6034 6036 6035
f 6035 6036 6037
f 6036 6038 6037
f 6037 6038 6039
f 6038 6040 6039
f 6039 6040 6041
f 6040 6042 6041
f 6041 6042 6043
f 6042 6044 6043
f 6043 6044 6045
f 6044 6046 6045
f 6045 6046 6047
f 6046 6048 6047
f 6047 6048 6049
f 6048 6050 6049
f 6049 6050 6051
f 6050 6052 6051
f 6051 6052 6053
f 6052 6054 6053
f 6053 6054 6055
f 6054 6056 6055
f 6055 6056 6057
f 6056 6058 6057
f 6057 6058 6059
f 6058 6060 6059
f 6059 6060 6061
f 6060 6062 6061
f 6061 6062 6063
f 6062 6064 6063
f 6063 6064 6065
f 6064 6066 6065
f 6065 6066 6067
f 6066 6068 6067
f 6067 6068 6069
f 6068 6070 6069
f 6069 6070 6071
f 6070 6072 6071
f 6071 6072 6073
f 6072 6074 6073
f 6073 6074 6075
f 6074 6076 6075
f 6075 6076 6077
f 6076 6078 6077
f 6077 6078 6079
f 6078 6080 6079
f 6079 6080 6081
f 6080 6082 6081
f 6081 6082 6083
f 6082 6084 6083
f 6083 6084 6085
f 6084 6086 6085
f 6085 6086 6087
f 6086 6088 6087
f 6087 6088 6089
f 6088 6090 6089
f 6089 6090 6091
f 6090 6092 6091
f 6091 6092 6093
f 6092 6094 6093
f 6093 6094 6095
f 6094 6096 6095
f 6095 6096 6097
f 6096 6098 6097
f 6097 6098 6099
f 6098 6100 6099
f 6099 6100 6101
f 6100 6102 6101
f 6101 6102 6103
f 6102 6104 6103
f 6103 6104 6105
f 6104 6106 6105
f 6105 6106 6107
f 6106 6108 6107
f 6107 6108 6109
f 6108 6110 6109
f 6109 6110 6111
f 6110 6112 6111
f 6111 6112 6113
f 6112 6114 6113
f 6113 6114 6115
f 6114 6116 6115
f 6115 6116 6117
f 6116 6118 6117
f 6117 6118 6119
f 6118 6120 6119
f 6119 6120 6121
f 6120 6122 6121
f 6121 6122 6123
f 6122 6124 6123
f 6123 6124 6125
f 6124 6126 6125
f 6125 6126 5839
f 6126 5840 5839
f 6072 6127 6074
f 6127 6128 6074
f 6074 6128 6076
f 6128 6129 6076
f 6076 6129 6078
f 6129 6130 6078
f 6078 6130 6080
f 6130 6131 6080
f 6080 6131 6082
f 6131 6132 6082
f 6082 6132 6084
f 6132 6133 6084
f 6084 6133 6086
f 6133 6134 6086
f 6086 6134 6088
f 6134 6135 6088
f 6088 6135 6090
f 6135 6136 6090
f 6090 6136 6092
f 6136 6137 6092
f 6092 6137 6094
f 6137 6138 6094
f 6094 6138 6096
f 6138 6139 6096
f 6096 6139 6098
f 6139 6140 6098
f 6098 6140 6100
f 6140 6141 6100
f 6100 6141 6102
f 6141 6142 6102
f 6102 6142 6104
f 6142 6143 6104
f 6104 6143 6106
f 6143 6144 6106
f 6106 6144 6108
f 6144 6145 6108
f 6108 6145 6110
f 6145 6146 6110
f 6110 6146 6112
f 6146 6147 6112
f 6112 6147 6114
f 6147 6148 6114
f 6114 6148 6116
f 6148 6149 6116
f 6116 6149 6118
f 6149 6150 6118
f 6118 6150 6120
f 6150 6151 6120
f 6120 6151 6122
f 6151 6152 6122
f 6122 6152 6124
f 6152 6153 6124
f 6124 6153 6126
f 6153 6154 6126
f 6126 6154 5840
f 6154 6155 5840
f 5840 6155 5842
f 6155 6156 5842
f 5842 6156 5844
f 6156 6157 5844
f 5844 6157 5846
f 6157 6158 5846
f 5846 6158 5848
f 6158 6159 5848
f 5848 6159 5850
f 6159 6160 5850
f 5850 6160 5852
f 6160 6161 5852
f 5852 6161 5854
f 6161 6162 5854
f 5854 6162 5856
f 6162 6163 5856
f 5856 6163 5858
f 6163 6164 5858
f 5858 6164 5860
f 6164 6165 5860
f 5860 6165 5862
f 6165 6166 5862
f 5862 6166 5864
f 6166 6167 5864
f 5864 6167 5866
f 6167 6168 5866
f 5866 6168 5868
f 6168 6169 5868
f 5868 6169 5870
f 6169 6170 5870
f 5870 6170 5872
f 6170 6171 5872
f 5872 6171 5874
f 6171 6172 5874
f 5874 6172 5876
f 6172 6173 5876
f 5876 6173 5878
f 6173 6174 5878
f 5878 6174 5880
f 6174 6175 5880
f 5880 6175 5882
f 6175 6176 5882
f 5882 6176 5884
f 6176 6177 5884
f 5884 6177 5886
f 6177 6178 5886
f 5886 6178 5888
f 6178 6179 5888
f 5888 6179 5890
f 6179 6180 5890
f 5890 6180 5892
f 6180 6181 5892
f 5892 6181 5894
f 6181 6182 5894
f 5894 6182 5896
f 6182 6183 5896
f 5896 6183 5898
f 6183 6184 5898
f 5898 6184 5900
f 6184 6185 5900
f 5900 6185 5902
f 6185 6186 5902
f 5902 6186 5904
f 6186 6187 5904
f 5904 6187 5906
f 6187 6188 5906
f 5906 6188 5908
f 6188 6189 5908
f 5908 6189 5910
f 6189 6190 5910
f 5910 6190 5912
f 6190 6191 5912
f 5912 6191 5914
f 6191 6192 5914
f 5914 6192 5916
f 6192 6193 5916
f 5916 6193 5918
f 6193 6194 5918
f 5918 6194 5920
f 6194 6195 5920
f 5920 6195 5922
f 6195 6196 5922
f 5922 6196 5924
f 6196 6197 5924
f 5924 6197 5926
f 6197 6198 5926
f 5926 6198 5928
f 6198 6199 5928
f 5928 6199 5930
f 6199 6200 5930
f 5930 6200 5932
f 6200 6201 5932
f 5932 6201 5934
f 6201 6202 5934
f 5934 6202 5936
f 6202 6203 5936
f 5936 6203 5938
f 6203 6204 5938
f 5938 6204 5940
f 6204 6205 5940
f 5940 6205 5942
f 6205 6206 5942
f 5942 6206 5944
f 6206 6207 5944
f 5944 6207 5946
f 6207 6208 5946
f 5946 6208 5948
f 6208 6209 5948
f 5948 6209 5950
f 6209 6210 5950
f 5950 6210 5952
f 6210 6211 5952
f 5952 6211 5954
f 6211 6212 5954
f 5954 6212 5956
f 6212 6213 5956
f 5956 6213 5958
f 6213 6214 5958
f 5958 6214 5960
f 6214 6215 5960
f 5960 6215 5962
f 6215 6216 5962
f 5962 6216 5964
f 6216 6217 5964
f 5964 6217 5966
f 6217 6218 5966
f 5966 6218 5968
f 6218 6219 5968
f 5968 6219 5970
f 6219 6220 5970
f 5970 6220 5972
f 6220 6221 5972
f 5972 6221 5974
f 6221 6222 5974
f 5974 6222 5976
f 6222 6223 5976
f 5976 6223 5978
f 6223 6224 5978
f 5978 6224 5980
f 6224 6225 5980
f 5980 6225 5982
f 6225 6226 5982
f 5982 6226 5984
f 6226 6227 5984
f 5984 6227 5986
f 6227 6228 5986
f 5986 6228 5988
f 6228 6229 5988
f 5988 6229 5990
f 6229 6230 5990
f 5990 6230 5992
f 6230 6231 5992
f 5992 6231 5994
f 6231 6232 5994
f 5994 6232 5996
f 6232 6233 5996
f 5996 6233 5998
f 6233 6234 5998
f 5998 6234 6000
f 6234 6235 6000
f 6000 6235 6002
f 6235 6236 6002
f 6002 6236 6004
f 6236 6237 6004
f 6004 6237 6006
f 6237 6238 6006
f 6006 6238 6008
f 6238 6239 6008
f 6008 6239 6010
f 6239 6240 6010
f 6010 6240 6012
f 6240 6241 6012
f 6012 6241 6014
f 6241 6242 6014
f 6014 6242 6016
f 6242 6243 6016
f 6016 6243 6018
f 6243 6244 6018
f 6018 6244 6020
f 6244 6245 6020
f 6020 6245 6022
f 6245 6246 6022
f 6022 6246 6024
f 6246 6247 6024
f 6024 6247 6026
f 6247 6248 6026
f 6026 6248 6028
f 6248 6249 6028
f 6028 6249 6030
f 6249 6250 6030
f 6030 6250 6032
f 6250 6251 6032
f 6032 6251 6034
f 6251 6252 6034
f 6034 6252 6036
f 6252 6253 6036
f 6036 6253 6038
f 6253 6254 6038
f 6038 6254 6040
f 6254 6255 6040
f 6040 6255 6042
f 6255 6256 6042
f 6042 6256 6044
f 6256 6257 6044
f 6044 6257 6046
f 6257 6258 6046
f 6046 6258 6048
f 6258 6259 6048
f 6048 6259 6050
f 6259 6260 6050
f 6050 6260 6052
f 6260 6261 6052
f 6052 6261 6054
f 6261 6262 6054
f 6054 6262 6056
f 6262 6263 6056
f 6056 6263 6058
f 6263 6264 6058
f 6058 6264 6060
f 6264 6265 6060
f 6060 6265 6062
f 6265 6266 6062
f 6062 6266 6064
f 6266 6267 6064
f 6064 6267 6066
f 6267 6268 6066
f 6066 6268 6068
f 6268 6269 6068
f 6068 6269 6070
f 6269 6270 6070
f 6070 6270 6072
f 6270 6127 6072
f 6271 6272 6273
f 6272 6274 6273
f 6273 6274 6275
f 6274 6276 6275
f 6275 6276 6277
f 6276 6278 6277
f 6277 6278 6279
f 6278 6280 6279
f 6279 6280 6281
f 6280 6282 6281
f 6281 6282 6283
f 6282 6284 6283
f 6283 6284 6285
f 6284 6286 6285
f 6285 6286 6287
f 6286 6288 6287
f 6287 6288 6289
f 6288 6290 6289
f 6289 6290 6291
f 6290 6292 6291
f 6291 6292 6293
f 6292 6294 6293
f 6293 6294 6295
f 6294 6296 6295
f 6295 6296 6297
f 6296 6298 6297
f 6297 6298 6299
f 6298 6300 6299
f 6299 6300 6301
f 6300 6302 6301
f 6301 6302 6303
f 6302 6304 6303
f 6303 6304 6305
f 6304 6306 6305
f 6305 6306 6307
f 6306 6308 6307
f 6307 6308 6309
f 6308 6310 6309
f 6309 6310 6311
f 6310 6312 6311
f 6311 6312 6313
f 6312 6314 6313
f 6313 6314 6315
f 6314 6316 6315
f 6315 6316 6317
f 6316 6318 6317
f 6317 6318 6319
f 6318 6320 6319
f 6319 6320 6321
f 6320 6322 6321
f 6321 6322 6323
f 6322 6324 6323
f 6323 6324 6325
f 6324 6326 6325
f 6325 6326 6327
f 6326 6328 6327
f 6327 6328 6329
f 6328 6330 6329
f 6329 6330 6331
f 6330 6332 6331
f 6331 6332 6333
f 6332 6334 6333
f 6333 6334 6335
f 6334 6336 6335
f 6335 6336 6337
f 6336 6338 6337
f 6337 6338 6339
f 6338 6340 6339
f 6339 6340 6341
f 6340 6342 6341
f 6341 6342 6343
f 6342 6344 6343
f 6343 6344 6345
f 6344 6346 6345
f 6345 6346 6347
f 6346 6348 6347
f 6347 6348 6349
f 6348 6350 6349
f 6349 6350 6351
f 6350 6352 6351
f 6351 6352 6353
f 6352 6354 6353
f 6353 6354 6355
f 6354 6356 6355
f 6355 6356 6357
f 6356 6358 6357
f 6357 6358 6359
f 6358 6360 6359
f 6359 6360 6361
f 6360 6362 6361
f 6361 6362 6363
f 6362 6364 6363
f 6363 6364 6365
f 6364 6366 6365
f 6365 6366 6367
f 6366 6368 6367
f 6367 6368 6369
f 6368 6370 6369
f 6369 6370 6371
f 6370 6372 6371
f 6371 6372 6373
f 6372 6374 6373
f 6373 6374 6375
f 6374 6376 6375
f 6375 6376 6377
f 6376 6378 6377
f 6377 6378 6379
f 6378 6380 6379
f 6379 6380 6381
f 6380 6382 6381
f 6381 6382 6383
f 6382 6384 6383
f 6383 6384 6385
f 6384 6386 6385
f 6385 6386 6387
f 6386 6388 6387
f 6387 6388 6389
f 6388 6390 6389
f 6389 6390 6391
f 6390 6392 6391
f 6391 6392 6393
f 6392 6394 6393
f 6393 6394 6395
f 6394 6396 6395
f 6395 6396 6397
f 6396 6398 6397
f 6397 6398 6399
f 6398 6400 6399
f 6399 6400 6401
f 6400 6402 6401
f 6401 6402 6403
f 6402 6404 6403
f 6403 6404 6405
f 6404 6406 6405
f 6405 6406 6407
f 6406 6408 6407
f 6407 6408 6409
f 6408 6410 6409
f 6409 6410 6411
f 6410 6412 6411
f 6411 6412 6413
f 6412 6414 6413
f 6413 6414 6415
f 6414 6416 6415
f 6415 6416 6417
f 6416 6418 6417
f 6417 6418 6419
f 6418 6420 6419
f 6419 6420 6421
f 6420 6422 6421
f 6421 6422 6423
f 6422 6424 6423
f 6423 6424 6425
f 6424 6426 6425
f 6425 6426 6427
f 6426 6428 6427
f 6427 6428 6429
f 6428 6430 6429
f 6429 6430 6431
f 6430 6432 6431
f 6431 6432 6433
f 6432 6434 6433
f 6433 6434 6435
f 6434 6436 6435
f 6435 6436 6437
f 6436 6438 6437
f 6437 6438 6439
f 6438 6440 6439
f 6439 6440 6441
f 6440 6442 6441
f 6441 6442 6443
f 6442 6444 6443
f 6443 6444 6445
f 6444 6446 6445
f 6445 6446 6447
f 6446 6448 6447
f 6447 6448 6449
f 6448 6450 6449
f 6449 6450 6451
f 6450 6452 6451
f 6451 6452 6453
f 6452 6454 6453
f 6453 6454 6455
f 6454 6456 6455
f 6455 6456 6457
f 6456 6458 6457
f 6457 6458 6459
f 6458 6460 6459
f 6459 6460 6461
f 6460 6462 6461
f 6461 6462 6463
f 6462 6464 6463
f 6463 6464 6465
f 6464 6466 6465
f 6465 6466 6467
f 6466 6468 6467
f 6467 6468 6469
f 6468 6470 6469
f 6469 6470 6471
f 6470 6472 6471
f 6471 6472 6473
f 6472 6474 6473
f 6473 6474 6475
f 6474 6476 6475
f 6475 6476 6477
f 6476 6478 6477
f 6477 6478 6479
f 6478 6480 6479
f 6479 6480 6481
f 6480 6482 6481
f 6481 6482 6483
f 6482 6484 6483
f 6483 6484 6485
f 6484 6486 6485
f 6485 6486 6487
f 6486 6488 6487
f 6487 6488 6489
f 6488 6490 6489
f 6489 6490 6491
f 6490 6492 6491
f 6491 6492 6493
f 6492 6494 6493
f 6493 6494 6495
f 6494 6496 6495
f 6495 6496 6497
f 6496 6498 6497
f 6497 6498 6499
f 6498 6500 6499
f 6499 6500 6501
f 6500 6502 6501
f 6501 6502 6503
f 6502 6504 6503
f 6503 6504 6505
f 6504 6506 6505
f 6505 6506 6507
f 6506 6508 6507
f 6507 6508 6509
f 6508 6510 6509
f 6509 6510 6511
f 6510 6512 6511
f 6511 6512 6513
f 6512 6514 6513
f 6513 6514 6515
f 6514 6516 6515
f 6515 6516 6517
f 6516 6518 6517
f 6517 6518 6519
f 6518 6520 6519
f 6519 6520 6521
f 6520 6522 6521
f 6521 6522 6523
f 6522 6524 6523
f 6523 6524 6525
f 6524 6526 6525
f 6525 6526 6527
f 6526 6528 6527
f 6527 6528 6529
f 6528 6530 6529
f 6529 6530 6531
f 6530 6532 6531
f 6531 6532 6533
f 6532 6534 6533
f 6533 6534 6535
f 6534 6536 6535
f 6535 6536 6537
f 6536 6538 6537
f 6537 6538 6539
f 6538 6540 6539
f 6539 6540 6541
f 6540 6542 6541
f 6541 6542 6543
f 6542 6544 6543
f 6543 6544 6545
f 6544 6546 6545
f 6545 6546 6547
f 6546 6548 6547
f 6547 6548 6549
f 6548 6550 6549
f 6549 6550 6551
f 6550 6552 6551
f 6551 6552 6553
f 6552 6554 6553
f 6553 6554 6555
f 6554 6556 6555
f 6555 6556 6557
f 6556 6558 6557
f 6557 6558 6271
f 6558 6272 6271
f 6559 6560 5331
f 6561 6562 5331
f 5332 6563 5331
f 6563 6564 5331
f 6565 5331 6566
f 5331 6567 6566
f 6564 6568 5331
f 6568 6569 5331
f 5331 6569 6570
f 6571 6572 5331
f 6572 6573 5331
f 5331 6573 6574
f 6565 6575 5331
f 6575 6576 5331
f 5331 6576 6559
f 6570 6577 5331
f 6577 6578 5331
f 5331 6578 6561
f 6562 6579 5331
f 6579 6580 5331
f 5331 6580 6581
f 6581 6582 5331
f 6582 6583 5331
f 5331 6583 6584
f 6584 6585 5331
f 6585 6586 5331
f 5331 6586 6571
f 6574 6587 5331
f 6587 6588 5331
f 5331 6588 6567
f 6338 6589 6340
f 6589 6590 6340
f 6340 6590 6342
f 6590 6591 6342
f 6342 6591 6344
f 6591 6592 6344
f 6344 6592 6346
f 6592 6593 6346
f 6346 6593 6348
f 6593 6594 6348
f 6348 6594 6350
f 6594 6595 6350
f 6350 6595 6352
f 6595 6596 6352
f 6352 6596 6354
f 6596 6597 6354
f 6354 6597 6356
f 6597 6598 6356
f 6356 6598 6358
f 6598 6599 6358
f 6358 6599 6360
f 6599 6600 6360
f 6360 6600 6362
f 6600 6601 6362
f 6362 6601 6364
f 6601 6602 6364
f 6364 6602 6366
f 6602 6603 6366
f 6366 6603 6368
f 6603 6604 6368
f 6368 6604 6370
f 6604 6605 6370
f 6370 6605 6372
f 6605 6606 6372
f 6372 6606 6374
f 6606 6607 6374
f 6374 6607 6376
f 6607 6608 6376
f 6376 6608 6378
f 6608 6609 6378
f 6378 6609 6380
f 6609 6610 6380
f 6380 6610 6382
f 6610 6611 6382
f 6382 6611 6384
f 6611 6612 6384
f 6384 6612 6386
f 6612 6613 6386
f 6386 6613 6388
f 6613 6614 6388
f 6388 6614 6390
f 6614 6615 6390
f 6390 6615 6392
f 6615 6616 6392
f 6392 6616 6394
f 6616 6617 6394
f 6394 6617 6396
f 6617 6618 6396
f 6396 6618 6398
f 6618 6619 6398
f 6398 6619 6400
f 6619 6620 6400
f 6400 6620 6402
f 6620 6621 6402
f 6402 6621 6404
f 6621 6622 6404
f 6404 6622 6406
f 6622 6623 6406
f 6406 6623 6408
f 6623 6624 6408
f 6408 6624 6410
f 6624 6625 6410
f 6410 6625 6412
f 6625 6626 6412
f 6412 6626 6414
f 6626 6627 6414
f 6414 6627 6416
f 6627 6628 6416
f 6416 6628 6418
f 6628 6629 6418
f 6418 6629 6420
f 6629 6630 6420
f 6420 6630 6422
f 6630 6631 6422
f 6422 6631 6424
f 6631 6632 6424
f 6424 6632 6426
f 6632 6633 6426
f 6426 6633 6428
f 6633 6634 6428
f 6428 6634 6430
f 6634 6635 6430
f 6430 6635 6432
f 6635 6636 6432
f 6432 6636 6434
f 6636 6637 6434
f 6434 6637 6436
f 6637 6638 6436
f 6436 6638 6438
f 6638 6639 6438
f 6438 6639 6440
f 6639 6640 6440
f 6440 6640 6442
f 6640 6641 6442
f 6442 6641 6444
f 6641 6642 6444
f 6444 6642 6446
f 6642 6643 6446
f 6446 6643 6448
f 6643 6644 6448
f 6448 6644 6450
f 6644 6645 6450
f 6450 6645 6452
f 6645 6646 6452
f 6452 6646 6454
f 6646 6647 6454
f 6454 6647 6456
f 6647 6648 6456
f 6456 6648 6458
f 6648 6649 6458
f 6458 6649 6460
f 6649 6650 6460
f 6460 6650 6462
f 6650 6651 6462
f 6462 6651 6464
f 6651 6652 6464
f 6464 6652 6466
f 6652 6653 6466
f 6466 6653 6468
f 6653 6654 6468
f 6468 6654 6470
f 6654 6655 6470
f 6470 6655 6472
f 6655 6656 6472
f 6472 6656 6474
f 6656 6657 6474
f 6474 6657 6476
f 6657 6658 6476
f 6476 6658 6478
f 6658 6659 6478
f 6478 6659 6480
f 6659 6660 6480
f 6480 6660 6482
f 6660 6661 6482
f 6482 6661 6484
f 6661 6662 6484
f 6484 6662 6486
f 6662 6663 6486
f 6486 6663 6488
f 6663 6664 6488
f 6488 6664 6490
f 6664 6665 6490
f 6490 6665 6492
f 6665 6666 6492
f 6492 6666 6494
f 6666 6667 6494
f 6494 6667 6496
f 6667 6668 6496
f 6496 6668 6498
f 6668 6669 6498
f 6498 6669 6500
f 6669 6670 6500
f 6500 6670 6502
f 6670 6671 6502
f 6502 6671 6504
f 6671 6672 6504
f 6504 6672 6506
f 6672 6673 6506
f 6506 6673 6508
f 6673 6674 6508
f 6508 6674 6510
f 6674 6675 6510
f 6510 6675 6512
f 6675 6676 6512
f 6512 6676 6514
f 6676 6677 6514
f 6514 6677 6516
f 6677 6678 6516
f 6516 6678 6518
f 6678 6679 6518
f 6518 6679 6520
f 6679 6680 6520
f 6520 6680 6522
f 6680 6681 6522
f 6522 6681 6524
f 6681 6682 6524
f 6524 6682 6526
f 6682 6683 6526
f 6526 6683 6528
f 6683 6684 6528
f 6528 6684 6530
f 6684 6685 6530
f 6530 6685 6532
f 6685 6686 6532
f 6532 6686 6534
f 6686 6687 6534
f 6534 6687 6536
f 6687 6688 6536
f 6536 6688 6538
f 6688 6689 6538
f 6538 6689 6540
f 6689 6690 6540
f 6540 6690 6542
f 6690 6691 6542
f 6542 6691 6544
f 6691 6692 6544
f 6544 6692 6546
f 6692 6693 6546
f 6546 6693 6548
f 6693 6694 6548
f 6548 6694 6550
f 6694 6695 6550
f 6550 6695 6552
f 6695 6696 6552
f 6552 6696 6554
f 6696 6697 6554
f 6554 6697 6556
f 6697 6698 6556
f 6556 6698 6558
f 6698 6699 6558
f 6558 6699 6272
f 6699 6700 6272
f 6272 6700 6274
f 6700 6701 6274
f 6274 6701 6276
f 6701 6702 6276
f 6276 6702 6278
f 6702 6703 6278
f 6278 6703 6280
f 6703 6704 6280
f 6280 6704 6282
f 6704 6705 6282
f 6282 6705 6284
f 6705 6706 6284
f 6284 6706 6286
f 6706 6707 6286
f 6286 6707 6288
f 6707 6708 6288
f 6288 6708 6290
f 6708 6709 6290
f 6290 6709 6292
f 6709 6710 6292
f 6292 6710 6294
f 6710 6711 6294
f 6294 6711 6296
f 6711 6712 6296
f 6296 6712 6298
f 6712 6713 6298
f 6298 6713 6300
f 6713 6714 6300
f 6300 6714 6302
f 6714 6715 6302
f 6302 6715 6304
f 6715 6716 6304
f 6304 6716 6306
f 6716 6717 6306
f 6306 6717 6308
f 6717 6718 6308
f 6308 6718 6310
f 6718 6719 6310
f 6310 6719 6312
f 6719 6720 6312
f 6312 6720 6314
f 6720 6721 6314
f 6314 6721 6316
f 6721 6722 6316
f 6316 6722 6318
f 6722 6723 6318
f 6318 6723 6320
f 6723 6724 6320
f 6320 6724 6322
f 6724 6725 6322
f 6322 6725 6324
f 6725 6726 6324
f 6324 6726 6326
f 6726 6727 6326
f 6326 6727 6328
f 6727 6728 6328
f 6328 6728 6330
f 6728 6729 6330
f 6330 6729 6332
f 6729 6730 6332
f 6332 6730 6334
f 6730 6731 6334
f 6334 6731 6336
f 6731 6732 6336
f 6336 6732 6338
f 6732 6589 6338
f 5338 6733 5339
f 6733 5352 5339
f 5339 5352 5343
f 5352 5351 5343
f 5343 5351 5345
f 5351 5378 5345
f 6710 6709 6734
f 6735 6736 6731
f 6599 6598 6737
f 6738 6594 6593
f 6739 6589 6736
f 6589 6732 6736
f 6736 6732 6731
f 6731 6730 6735
f 6730 6729 6735
f 6735 6729 6740
f 6729 6728 6740
f 6740 6728 6741
f 6737 6598 6742
f 6738 6593 6743
f 6744 6745 6635
f 6598 6597 6742
f 6597 6596 6742
f 6742 6596 6738
f 6596 6595 6738
f 6738 6595 6594
f 6593 6592 6743
f 6592 6591 6743
f 6743 6591 6739
f 6591 6590 6739
f 6739 6590 6589
f 6728 6727 6741
f 6727 6726 6741
f 6741 6726 6746
f 6705 6704 6734
f 5228 5227 6666
f 5227 5226 6666
f 6666 5226 5225
f 6635 6745 6636
f 6745 6747 6636
f 6636 6747 6637
f 6747 6748 6637
f 6637 6748 6638
f 6748 6749 6638
f 6638 6749 6639
f 6605 6750 6606
f 6750 6751 6606
f 6606 6751 6607
f 6605 6604 6750
f 6604 6603 6750
f 6750 6603 6752
f 6603 6602 6752
f 6602 6601 6752
f 6752 6601 6737
f 6601 6600 6737
f 6737 6600 6599
f 6726 6725 6746
f 6725 6724 6746
f 6746 6724 6753
f 6724 6723 6753
f 6753 6723 6754
f 6723 6722 6754
f 6754 6722 6755
f 6722 6721 6755
f 6755 6721 6756
f 6721 6720 6756
f 6720 6719 6756
f 6756 6719 6757
f 6719 6718 6757
f 6757 6718 6734
f 6718 6717 6734
f 6734 6717 6716
f 6716 6715 6734
f 6715 6714 6734
f 6734 6714 6713
f 6713 6712 6734
f 6712 6711 6734
f 6734 6711 6710
f 6705 6734 6706
f 6703 6702 5328
f 6688 5193 5192
f 6691 6690 5186
f 6690 6689 5186
f 5186 6689 5187
f 6689 6688 5187
f 5187 6688 5188
f 6688 5189 5188
f 6681 6680 5224
f 6680 6679 5224
f 6679 6678 5224
f 6678 6677 5224
f 5224 6677 6676
f 6673 6672 5224
f 6672 6671 5224
f 5224 6668 5225
f 6668 6667 5225
f 5225 6667 6666
f 6656 6655 6758
f 6655 6654 6758
f 6635 6634 6744
f 6634 6633 6744
f 6744 6633 6759
f 6760 6761 6628
f 6762 6622 6763
f 6622 6621 6763
f 6621 6620 6763
f 6620 6619 6763
f 6763 6619 6764
f 6616 6765 6617
f 6765 6764 6617
f 6617 6764 6618
f 6764 6619 6618
f 6616 6615 6765
f 6615 6614 6765
f 6765 6614 6766
f 6611 6767 6612
f 6767 6766 6612
f 6612 6766 6613
f 6766 6614 6613
f 6702 6701 5328
f 6701 6700 5328
f 5328 6700 6699
f 6699 6698 5328
f 6698 6697 5328
f 5328 6697 6696
f 5192 5191 6688
f 5191 5190 6688
f 6688 5190 5189
f 5214 5213 6683
f 6683 5210 5209
f 5196 6685 5197
f 6685 5198 5197
f 6688 6687 5193
f 6687 6686 5193
f 5193 6686 5194
f 6686 6685 5194
f 5194 6685 5195
f 6685 5196 5195
f 6676 6675 5224
f 6675 6674 5224
f 5224 6674 6673
f 6671 6670 5224
f 6670 6669 5224
f 5224 6669 6668
f 6654 6653 6758
f 6653 6652 6758
f 6758 6652 6651
f 6651 6650 6758
f 6650 6649 6758
f 6758 6649 6648
f 6633 6632 6759
f 6632 6631 6759
f 6759 6631 6768
f 6631 6630 6768
f 6768 6630 6761
f 6630 6629 6761
f 6761 6629 6628
f 6628 6627 6760
f 6627 6626 6760
f 6760 6626 6769
f 6611 6610 6767
f 6610 6609 6767
f 6767 6609 6751
f 6609 6608 6751
f 6751 6608 6607
f 6696 6695 5328
f 6695 6694 5328
f 5328 6694 6693
f 5223 6683 5224
f 6683 6682 5224
f 5224 6682 6681
f 5223 5222 6683
f 5222 5221 6683
f 6683 5221 5220
f 5220 5219 6683
f 5219 5218 6683
f 6683 5218 5217
f 5209 5208 6683
f 5208 5207 6683
f 6683 5207 5206
f 5278 5277 6770
f 6639 6749 6640
f 6749 6771 6640
f 6640 6771 6641
f 6771 6772 6641
f 6641 6772 6642
f 6772 6773 6642
f 6642 6773 6643
f 6773 6774 6643
f 6643 6774 6644
f 6774 6775 6644
f 6644 6775 6645
f 6775 6776 6645
f 6645 6776 6646
f 6776 6777 6646
f 6646 6777 6647
f 6777 6778 6647
f 6647 6778 6648
f 6778 6779 6648
f 6648 6779 6758
f 6626 6625 6769
f 6625 6624 6769
f 6769 6624 6762
f 6624 6623 6762
f 6762 6623 6622
f 6709 6708 6734
f 6708 6707 6734
f 6734 6707 6706
f 5186 5185 6691
f 5185 5328 6691
f 6691 5328 6692
f 5328 6693 6692
f 5213 5212 6683
f 5212 5211 6683
f 6683 5211 5210
f 5206 5205 6683
f 5205 5204 6683
f 6683 5204 5203
f 5296 5295 6780
f 5277 5276 6770
f 5276 5275 6770
f 6770 5275 5274
f 5274 5273 6770
f 5273 5272 6770
f 6770 5272 5271
f 5217 5216 6683
f 5216 5215 6683
f 6683 5215 5214
f 5203 5202 6683
f 5202 5201 6683
f 6683 5201 6684
f 5201 5200 6684
f 6684 5200 6685
f 5200 5199 6685
f 6685 5199 5198
f 5319 5318 6780
f 5318 5317 6780
f 6780 5317 5316
f 5295 5294 6780
f 5294 5293 6780
f 6780 5293 6770
f 5281 5280 6770
f 5280 5279 6770
f 6770 5279 5278
f 5265 5264 6770
f 5303 5302 6780
f 5293 5292 6770
f 5292 5291 6770
f 6770 5291 5290
f 5290 5289 6770
f 5289 5288 6770
f 6770 5288 5287
f 5287 5286 6770
f 5286 5285 6770
f 6770 5285 5284
f 5284 5283 6770
f 5283 5282 6770
f 6770 5282 5281
f 6704 6703 6734
f 6703 5328 6734
f 6734 5328 6781
f 5328 5327 6781
f 6781 5327 6782
f 5327 5326 6782
f 6782 5326 6783
f 5326 5325 6783
f 6783 5325 6784
f 5325 5324 6784
f 6784 5324 6785
f 5324 5323 6785
f 6785 5323 6786
f 5323 5322 6786
f 6786 5322 6787
f 5322 5321 6787
f 6787 5321 6780
f 5321 5320 6780
f 6780 5320 5319
f 6780 5313 5312
f 5264 5263 6770
f 5263 5262 6770
f 6770 5262 5261
f 5261 5260 6770
f 5260 5259 6770
f 6770 5259 5258
f 5253 5252 6758
f 5253 6758 5254
f 5249 5248 6758
f 5248 5247 6758
f 5247 5246 6758
f 5246 5245 6758
f 6758 5245 5244
f 5316 5315 6780
f 5315 5314 6780
f 6780 5314 5313
f 5299 5298 6780
f 5298 5297 6780
f 6780 5297 5296
f 5271 5270 6770
f 5270 5269 6770
f 6770 5269 5268
f 5268 5267 6770
f 5267 5266 6770
f 6770 5266 5265
f 5258 5257 6770
f 5257 5256 6770
f 6770 5256 6758
f 5256 5255 6758
f 6758 5255 5254
f 5252 5251 6758
f 5251 5250 6758
f 6758 5250 5249
f 5238 5237 6758
f 5237 5236 6758
f 5236 5235 6758
f 5235 5234 6758
f 6758 5234 5233
f 5306 5305 6780
f 5305 5304 6780
f 6780 5304 5303
f 5302 5301 6780
f 5301 5300 6780
f 6780 5300 5299
f 5244 5243 6758
f 5243 5242 6758
f 6758 5242 5241
f 5241 5240 6758
f 5240 5239 6758
f 6758 5239 5238
f 6666 6665 5228
f 6665 6664 5228
f 5228 6664 5229
f 6664 6663 5229
f 5229 6663 6662
f 5233 5232 6758
f 5232 5231 6758
f 6758 5231 5230
f 5309 5308 6780
f 5308 5307 6780
f 6780 5307 5306
f 6662 6661 5229
f 6661 6660 5229
f 5229 6660 5230
f 6660 6659 5230
f 6659 6658 5230
f 5230 6658 6758
f 6658 6657 6758
f 6758 6657 6656
f 5312 5311 6780
f 5311 5310 6780
f 6780 5310 5309
f 6141 6140 6780
f 6140 6139 6780
f 6780 6139 6138
f 6138 6137 6780
f 6137 6136 6780
f 6780 6136 6135
f 6135 6134 6780
f 6134 6133 6780
f 6780 6133 6788
f 6133 6132 6788
f 6788 6132 6789
f 6790 6791 6128
f 6792 6250 6249
f 6245 6244 6793
f 6132 6131 6789
f 6131 6130 6789
f 6789 6130 6791
f 6130 6129 6791
f 6791 6129 6128
f 6792 6249 6794
f 6793 6244 6795
f 6249 6248 6794
f 6248 6247 6794
f 6794 6247 6793
f 6247 6246 6793
f 6793 6246 6245
f 6210 6209 6796
f 6209 6208 6796
f 6796 6208 6207
f 6796 6204 6770
f 6204 6203 6770
f 6189 6188 6770
f 6188 6187 6770
f 6770 6187 6186
f 6177 6176 6770
f 6176 6175 6770
f 6770 6175 6174
f 6166 6770 6167
f 6770 6168 6167
f 6128 6127 6790
f 6127 6270 6790
f 6790 6270 6797
f 6267 6798 6268
f 6798 6797 6268
f 6268 6797 6269
f 6797 6270 6269
f 6207 6206 6796
f 6206 6205 6796
f 6796 6205 6204
f 6197 6196 6770
f 6196 6195 6770
f 6166 6165 6770
f 6165 6164 6770
f 6770 6164 6780
f 6164 6163 6780
f 6163 6162 6780
f 6162 6161 6780
f 6780 6161 6160
f 6160 6159 6780
f 6159 6158 6780
f 6780 6158 6157
f 6145 6144 6780
f 6262 6799 6263
f 6799 6800 6263
f 6244 6243 6795
f 6243 6242 6795
f 6795 6242 6801
f 6242 6241 6801
f 6241 6240 6801
f 6240 6239 6801
f 6801 6239 6802
f 6803 6804 6233
f 6805 6226 6806
f 6226 6225 6806
f 6806 6225 6807
f 6225 6224 6807
f 6807 6224 6808
f 6224 6223 6808
f 6808 6223 6809
f 6203 6202 6770
f 6202 6201 6770
f 6770 6201 6200
f 6200 6199 6770
f 6199 6198 6770
f 6770 6198 6197
f 6195 6194 6770
f 6194 6193 6770
f 6770 6193 6192
f 6192 6191 6770
f 6191 6190 6770
f 6770 6190 6189
f 6186 6185 6770
f 6185 6184 6770
f 6770 6184 6183
f 6183 6182 6770
f 6182 6181 6770
f 6770 6181 6180
f 6180 6179 6770
f 6179 6178 6770
f 6770 6178 6177
f 6174 6173 6770
f 6173 6172 6770
f 6770 6172 6171
f 6171 6170 6770
f 6170 6169 6770
f 6770 6169 6168
f 6144 6143 6780
f 6143 6142 6780
f 6780 6142 6141
f 6267 6266 6798
f 6266 6265 6798
f 6798 6265 6800
f 6265 6264 6800
f 6800 6264 6263
f 6257 6810 6258
f 6810 6811 6258
f 6239 6238 6802
f 6238 6237 6802
f 6802 6237 6812
f 6237 6236 6812
f 6236 6235 6812
f 6812 6235 6804
f 6235 6234 6804
f 6804 6234 6233
f 6233 6232 6803
f 6232 6231 6803
f 6803 6231 6813
f 6231 6230 6813
f 6813 6230 6814
f 6230 6229 6814
f 6229 6228 6814
f 6814 6228 6805
f 6228 6227 6805
f 6805 6227 6226
f 6148 6147 6780
f 6147 6146 6780
f 6780 6146 6145
f 6223 6222 6809
f 6222 6221 6809
f 6809 6221 6815
f 6221 6220 6815
f 6815 6220 6816
f 6220 6219 6816
f 6816 6219 6817
f 6219 6218 6817
f 6817 6218 6818
f 6218 6217 6818
f 6818 6217 6819
f 6217 6216 6819
f 6819 6216 6820
f 6216 6215 6820
f 6820 6215 6821
f 6215 6214 6821
f 6821 6214 6822
f 6214 6213 6822
f 6822 6213 6823
f 6213 6212 6823
f 6823 6212 6796
f 6212 6211 6796
f 6796 6211 6210
f 6157 6156 6780
f 6156 6155 6780
f 6780 6155 6154
f 6151 6150 6780
f 6150 6149 6780
f 6780 6149 6148
f 6257 6256 6810
f 6256 6255 6810
f 6810 6255 6824
f 6255 6254 6824
f 6154 6153 6780
f 6153 6152 6780
f 6780 6152 6151
f 6262 6261 6799
f 6261 6260 6799
f 6799 6260 6811
f 6260 6259 6811
f 6811 6259 6258
f 6254 6253 6824
f 6253 6252 6824
f 6824 6252 6792
f 6252 6251 6792
f 6792 6251 6250
f 5822 5821 6796
f 6825 5777 5776
f 5826 5825 6796
f 5821 5820 6796
f 5820 5819 6796
f 6796 5819 5818
f 6825 5776 6826
f 6770 5695 5838
f 5836 5835 6796
f 5835 5834 6796
f 5834 5833 6796
f 6796 5833 5832
f 5825 5824 6796
f 5824 5823 6796
f 6796 5823 5822
f 5818 5817 6796
f 5817 5816 6796
f 6796 5816 5815
f 5773 6827 5774
f 6827 6826 5774
f 5774 6826 5775
f 6826 5776 5775
f 6770 5838 6796
f 5838 5837 6796
f 6796 5837 5836
f 5832 5831 6796
f 5831 5830 6796
f 6796 5830 5829
f 6796 5812 5811
f 5699 5698 6770
f 5815 5814 6796
f 5814 5813 6796
f 6796 5813 5812
f 6828 6829 5802
f 5773 5772 6827
f 5772 5771 6827
f 6827 5771 6830
f 5757 5756 6831
f 5829 5828 6796
f 5828 5827 6796
f 6796 5827 5826
f 5811 5810 6796
f 5810 5809 6796
f 6796 5809 6832
f 5809 5808 6832
f 6832 5808 6833
f 5808 5807 6833
f 5807 5806 6833
f 6833 5806 6834
f 5802 5801 6828
f 5801 5800 6828
f 6828 5800 6835
f 5800 5799 6835
f 5756 5755 6831
f 5755 5754 6831
f 6831 5754 5753
f 5753 5752 6831
f 5752 5751 6831
f 6831 5751 5750
f 5750 5749 6831
f 5749 5748 6831
f 6831 5748 5747
f 5742 6831 5743
f 6831 5744 5743
f 6831 5736 5735
f 5719 5718 6770
f 5698 5697 6770
f 5697 5696 6770
f 6770 5696 5695
f 5806 5805 6834
f 5805 5804 6834
f 6834 5804 6829
f 5804 5803 6829
f 6829 5803 5802
f 5794 6836 5795
f 6836 6837 5795
f 5794 5793 6836
f 5793 5792 6836
f 6836 5792 6838
f 6839 6840 5765
f 5760 5759 6831
f 5759 5758 6831
f 6831 5758 5757
f 5747 5746 6831
f 5746 5745 6831
f 6831 5745 5744
f 5735 5734 6831
f 5734 5733 6831
f 6831 5733 6770
f 5733 5732 6770
f 6770 5732 5731
f 5731 5730 6770
f 5730 5729 6770
f 6770 5729 5728
f 5728 5727 6770
f 5727 5726 6770
f 6770 5726 5725
f 5725 5724 6770
f 5724 5723 6770
f 6770 5723 5722
f 5718 5717 6770
f 5717 5716 6770
f 6770 5716 5715
f 5703 5702 6770
f 5799 5798 6835
f 5798 5797 6835
f 6835 5797 6837
f 5797 5796 6837
f 6837 5796 5795
f 5789 6841 5790
f 6841 6838 5790
f 5790 6838 5791
f 6838 5792 5791
f 5771 5770 6830
f 5770 5769 6830
f 6830 5769 6842
f 5769 5768 6842
f 5768 5767 6842
f 6842 5767 6840
f 5767 5766 6840
f 6840 5766 5765
f 5765 5764 6839
f 5764 5763 6839
f 6839 5763 6843
f 5763 5762 6843
f 6843 5762 6831
f 5762 5761 6831
f 6831 5761 5760
f 5742 5741 6831
f 5741 5740 6831
f 6831 5740 5739
f 5722 5721 6770
f 5721 5720 6770
f 6770 5720 5719
f 5715 5714 6770
f 5714 5713 6770
f 6770 5713 5712
f 5702 5701 6770
f 5701 5700 6770
f 6770 5700 5699
f 5739 5738 6831
f 5738 5737 6831
f 6831 5737 5736
f 5712 5711 6770
f 5711 5710 6770
f 6770 5710 5709
f 5709 5708 6770
f 5708 5707 6770
f 6770 5707 5706
f 5789 5788 6841
f 5788 5787 6841
f 6841 5787 6844
f 5787 5786 6844
f 5706 5705 6770
f 5705 5704 6770
f 6770 5704 5703
f 5783 6845 5784
f 6845 6844 5784
f 5784 6844 5785
f 6844 5786 5785
f 6846 5779 6825
f 5779 5778 6825
f 6825 5778 5777
f 5783 5782 6845
f 5782 5781 6845
f 6845 5781 6846
f 5781 5780 6846
f 6846 5780 5779
f 6847 6848 6849
f 6850 6851 6852
f 6849 6848 6853
f 6854 6855 6770
f 6856 6857 6858
f 6857 6859 6858
f 6860 6861 6758
f 6861 6862 6758
f 6862 6863 6758
f 6863 6864 6758
f 6758 6864 6865
f 6848 6866 6853
f 6866 6867 6853
f 6853 6867 6868
f 6867 6869 6868
f 6870 6871 6758
f 6872 6873 6758
f 6852 6851 6874
f 6875 6876 6758
f 6876 6877 6758
f 6758 6877 6860
f 6865 6878 6758
f 6878 6879 6758
f 6758 6879 6880
f 6881 6882 6758
f 6758 6883 6770
f 6883 6884 6770
f 6770 6884 6885
f 6855 6886 6770
f 6886 6887 6770
f 6770 6887 6888
f 6889 6770 6890
f 6770 6891 6890
f 6889 6892 6770
f 6892 6893 6770
f 6770 6893 6894
f 6895 6896 6897
f 6851 6898 6874
f 6898 6899 6874
f 6874 6899 6849
f 6899 6900 6849
f 6849 6900 6847
f 6901 6902 6903
f 6902 6868 6903
f 6903 6868 6904
f 6868 6869 6904
f 6905 6906 6907
f 6906 6902 6907
f 6907 6902 6908
f 6902 6901 6908
f 6909 6910 6911
f 6880 6912 6758
f 6912 6913 6758
f 6758 6913 6914
f 6882 6915 6758
f 6915 6916 6758
f 6758 6916 6872
f 6873 6917 6758
f 6917 6918 6758
f 6758 6918 6883
f 6885 6919 6770
f 6919 6920 6770
f 6770 6920 6854
f 6888 6921 6770
f 6921 6922 6770
f 6770 6922 6891
f 6894 6923 6770
f 6923 6924 6770
f 6770 6924 6925
f 6925 6926 6770
f 6926 6927 6770
f 6770 6927 6928
f 6929 6930 6931
f 6932 6933 6934
f 6935 6936 6937
f 6897 6938 6895
f 6938 6939 6895
f 6895 6939 6852
f 6939 6940 6852
f 6852 6940 6850
f 6905 6941 6906
f 6941 6942 6906
f 6906 6942 6859
f 6942 6943 6859
f 6859 6943 6858
f 6856 6944 6857
f 6944 6945 6857
f 6857 6945 6946
f 6909 6911 6947
f 6911 6948 6947
f 6948 6949 6947
f 6947 6949 6950
f 6951 6952 6953
f 6952 6954 6953
f 6953 6954 6758
f 6954 6955 6758
f 6758 6955 6875
f 6914 6956 6758
f 6956 6957 6758
f 6758 6957 6870
f 6958 6959 6831
f 6934 6960 6932
f 6960 6961 6932
f 6932 6961 6962
f 6961 6963 6962
f 6962 6963 6936
f 6963 6964 6936
f 6936 6964 6937
f 6937 6965 6935
f 6965 6966 6935
f 6935 6966 6896
f 6966 6967 6896
f 6896 6967 6897
f 6949 6968 6950
f 6968 6969 6950
f 6950 6969 6970
f 6969 6971 6970
f 6971 6972 6970
f 6970 6972 6951
f 6972 6973 6951
f 6951 6973 6952
f 6871 6974 6758
f 6974 6975 6758
f 6758 6975 6881
f 6931 6930 6976
f 6930 6977 6976
f 6976 6977 6978
f 6977 6979 6978
f 6978 6979 6980
f 6979 6981 6980
f 6980 6981 6933
f 6981 6982 6933
f 6933 6982 6934
f 6945 6983 6946
f 6983 6984 6946
f 6946 6984 6909
f 6984 6985 6909
f 6909 6985 6910
f 6986 6987 6770
f 6987 6988 6770
f 6770 6988 6989
f 6989 6990 6770
f 6990 6991 6770
f 6770 6991 6992
f 6992 6993 6770
f 6993 6994 6770
f 6770 6994 6995
f 6996 6997 6831
f 6997 6998 6831
f 6831 6998 6958
f 6959 6999 6831
f 6999 7000 6831
f 6831 7000 7001
f 6928 7002 6770
f 7002 7003 6770
f 6770 7003 7004
f 7004 7005 6770
f 7005 7006 6770
f 6770 7006 6986
f 6929 6931 7007
f 6931 7008 7007
f 7007 7008 7009
f 7008 7010 7009
f 7009 7010 7011
f 7010 7012 7011
f 7011 7012 7013
f 7012 7014 7013
f 7013 7014 7015
f 7014 7016 7015
f 7015 7016 7017
f 7016 7018 7017
f 7017 7018 7019
f 7018 7020 7019
f 7019 7020 7021
f 7020 7022 7021
f 7021 7022 7001
f 7022 7023 7001
f 7001 7023 6831
f 6995 7024 6770
f 7024 7025 6770
f 6770 7025 6831
f 7025 7026 6831
f 6831 7026 6996
f 5331 6560 5329
f 6560 5348 5329
f 5329 5348 5334
f 5348 5347 5334
f 5334 5347 5336
f 5347 7027 5336
f 5340 7028 5338
f 7028 7029 5338
f 7030 7031 5338
f 7031 7032 5338
f 5338 7032 6733
f 7029 7033 5338
f 7033 7034 5338
f 5338 7034 7035
f 7036 7037 5338
f 7037 7038 5338
f 5338 7038 7039
f 7035 7040 5338
f 7040 7041 5338
f 5338 7041 7042
f 5338 7043 7044
f 7039 7045 5338
f 7045 7046 5338
f 5338 7046 7030
f 7044 7047 5338
f 7047 7048 5338
f 5338 7048 7049
f 7049 7050 5338
f 7050 7051 5338
f 5338 7051 7052
f 7042 7053 5338
f 7053 7054 5338
f 5338 7054 7043
f 7052 7055 5338
f 7055 7056 5338
f 5338 7056 7036
f 5336 7027 7057
f 7058 7059 5336
f 7058 5336 7060
f 7059 7061 5336
f 7061 7062 5336
f 5336 7062 5337
f 7057 7063 5336
f 7063 7064 5336
f 5336 7064 7065
f 7065 7066 5336
f 7066 7067 5336
f 5336 7067 7068
f 7069 7070 5336
f 7070 7071 5336
f 5336 7071 7072
f 7068 7073 5336
f 7073 7074 5336
f 5336 7074 7075
f 7072 7076 5336
f 7076 7077 5336
f 5336 7077 7078
f 7078 7079 5336
f 7079 7080 5336
f 5336 7080 7060
f 7075 7081 5336
f 7081 7082 5336
f 5336 7082 7083
f 7083 7084 5336
f 7084 7085 5336
f 5336 7085 7069
f 7086 7087 7088
f 7087 7089 7088
f 7088 7089 7090
f 7089 7091 7090
f 7090 7091 7092
f 7091 7093 7092
f 7092 7093 7094
f 7093 7095 7094
f 7094 7095 7096
f 7095 7097 7096
f 7096 7097 7098
f 7097 7099 7098
f 7098 7099 7100
f 7099 7101 7100
f 7100 7101 7102
f 7101 7103 7102
f 7102 7103 7104
f 7103 7105 7104
f 7104 7105 7106
f 7105 7107 7106
f 7106 7107 7108
f 7107 7109 7108
f 7108 7109 7110
f 7109 7111 7110
f 7110 7111 7112
f 7111 7113 7112
f 7112 7113 7114
f 7113 7115 7114
f 7114 7115 7116
f 7115 7117 7116
f 7116 7117 7118
f 7117 7119 7118
f 7118 7119 7120
f 7119 7121 7120
f 7120 7121 7122
f 7121 7123 7122
f 7122 7123 7124
f 7123 7125 7124
f 7124 7125 7126
f 7125 7127 7126
f 7126 7127 7128
f 7127 7129 7128
f 7128 7129 7130
f 7129 7131 7130
f 7130 7131 7132
f 7131 7133 7132
f 7132 7133 7134
f 7133 7135 7134
f 7134 7135 7136
f 7135 7137 7136
f 7136 7137 7138
f 7137 7139 7138
f 7138 7139 7140
f 7139 7141 7140
f 7140 7141 7142
f 7141 7143 7142
f 7142 7143 7144
f 7143 7145 7144
f 7144 7145 7146
f 7145 7147 7146
f 7146 7147 7148
f 7147 7149 7148
f 7148 7149 7150
f 7149 7151 7150
f 7150 7151 7152
f 7151 7153 7152
f 7152 7153 7154
f 7153 7155 7154
f 7154 7155 7156
f 7155 7157 7156
f 7156 7157 7158
f 7157 7159 7158
f 7158 7159 7160
f 7159 7161 7160
f 7160 7161 7162
f 7161 7163 7162
f 7162 7163 7164
f 7163 7165 7164
f 7164 7165 7166
f 7165 7167 7166
f 7166 7167 7168
f 7167 7169 7168
f 7168 7169 7170
f 7169 7171 7170
f 7170 7171 7172
f 7171 7173 7172
f 7172 7173 7174
f 7173 7175 7174
f 7174 7175 7176
f 7175 7177 7176
f 7176 7177 7178
f 7177 7179 7178
f 7178 7179 7180
f 7179 7181 7180
f 7180 7181 7182
f 7181 7183 7182
f 7182 7183 7184
f 7183 7185 7184
f 7184 7185 7186
f 7185 7187 7186
f 7186 7187 7188
f 7187 7189 7188
f 7188 7189 7190
f 7189 7191 7190
f 7190 7191 7192
f 7191 7193 7192
f 7192 7193 7194
f 7193 7195 7194
f 7194 7195 7196
f 7195 7197 7196
f 7196 7197 7198
f 7197 7199 7198
f 7198 7199 7200
f 7199 7201 7200
f 7200 7201 7202
f 7201 7203 7202
f 7202 7203 7204
f 7203 7205 7204
f 7204 7205 7206
f 7205 7207 7206
f 7206 7207 7208
f 7207 7209 7208
f 7208 7209 7210
f 7209 7211 7210
f 7210 7211 7212
f 7211 7213 7212
f 7212 7213 7214
f 7213 7215 7214
f 7214 7215 7216
f 7215 7217 7216
f 7216 7217 7218
f 7217 7219 7218
f 7218 7219 7220
f 7219 7221 7220
f 7220 7221 7222
f 7221 7223 7222
f 7222 7223 7224
f 7223 7225 7224
f 7224 7225 7226
f 7225 7227 7226
f 7226 7227 7228
f 7227 7229 7228
f 7228 7229 7230
f 7229 7231 7230
f 7230 7231 7232
f 7231 7233 7232
f 7232 7233 7234
f 7233 7235 7234
f 7234 7235 7236
f 7235 7237 7236
f 7236 7237 7238
f 7237 7239 7238
f 7238 7239 7240
f 7239 7241 7240
f 7240 7241 7242
f 7241 7243 7242
f 7242 7243 7244
f 7243 7245 7244
f 7244 7245 7246
f 7245 7247 7246
f 7246 7247 7248
f 7247 7249 7248
f 7248 7249 7250
f 7249 7251 7250
f 7250 7251 7252
f 7251 7253 7252
f 7252 7253 7254
f 7253 7255 7254
f 7254 7255 7256
f 7255 7257 7256
f 7256 7257 7258
f 7257 7259 7258
f 7258 7259 7260
f 7259 7261 7260
f 7260 7261 7262
f 7261 7263 7262
f 7262 7263 7264
f 7263 7265 7264
f 7264 7265 7266
f 7265 7267 7266
f 7266 7267 7268
f 7267 7269 7268
f 7268 7269 7270
f 7269 7271 7270
f 7270 7271 7272
f 7271 7273 7272
f 7272 7273 7274
f 7273 7275 7274
f 7274 7275 7276
f 7275 7277 7276
f 7276 7277 7278
f 7277 7279 7278
f 7278 7279 7280
f 7279 7281 7280
f 7280 7281 7282
f 7281 7283 7282
f 7282 7283 7284
f 7283 7285 7284
f 7284 7285 7286
f 7285 7287 7286
f 7286 7287 7288
f 7287 7289 7288
f 7288 7289 7290
f 7289 7291 7290
f 7290 7291 7292
f 7291 7293 7292
f 7292 7293 7294
f 7293 7295 7294
f 7294 7295 7296
f 7295 7297 7296
f 7296 7297 7298
f 7297 7299 7298
f 7298 7299 7300
f 7299 7301 7300
f 7300 7301 7302
f 7301 7303 7302
f 7302 7303 7304
f 7303 7305 7304
f 7304 7305 7306
f 7305 7307 7306
f 7306 7307 7308
f 7307 7309 7308
f 7308 7309 7310
f 7309 7311 7310
f 7310 7311 7312
f 7311 7313 7312
f 7312 7313 7314
f 7313 7315 7314
f 7314 7315 7316
f 7315 7317 7316
f 7316 7317 7318
f 7317 7319 7318
f 7318 7319 7320
f 7319 7321 7320
f 7320 7321 7322
f 7321 7323 7322
f 7322 7323 7324
f 7323 7325 7324
f 7324 7325 7326
f 7325 7327 7326
f 7326 7327 7328
f 7327 7329 7328
f 7328 7329 7330
f 7329 7331 7330
f 7330 7331 7332
f 7331 7333 7332
f 7332 7333 7334
f 7333 7335 7334
f 7334 7335 7336
f 7335 7337 7336
f 7336 7337 7338
f 7337 7339 7338
f 7338 7339 7340
f 7339 7341 7340
f 7340 7341 7342
f 7341 7343 7342
f 7342 7343 7344
f 7343 7345 7344
f 7344 7345 7346
f 7345 7347 7346
f 7346 7347 7348
f 7347 7349 7348
f 7348 7349 7350
f 7349 7351 7350
f 7350 7351 7352
f 7351 7353 7352
f 7352 7353 7354
f 7353 7355 7354
f 7354 7355 7356
f 7355 7357 7356
f 7356 7357 7358
f 7357 7359 7358
f 7358 7359 7360
f 7359 7361 7360
f 7360 7361 7362
f 7361 7363 7362
f 7362 7363 7364
f 7363 7365 7364
f 7364 7365 7366
f 7365 7367 7366
f 7366 7367 7368
f 7367 7369 7368
f 7368 7369 7370
f 7369 7371 7370
f 7370 7371 7372
f 7371 7373 7372
f 7372 7373 7086
f 7373 7087 7086
f 7296 7374 7294
f 7374 7375 7294
f 7294 7375 7292
f 7375 7376 7292
f 7292 7376 7290
f 7376 7377 7290
f 7290 7377 7288
f 7377 7378 7288
f 7288 7378 7286
f 7378 7379 7286
f 7286 7379 7284
f 7379 7380 7284
f 7284 7380 7282
f 7380 7381 7282
f 7282 7381 7280
f 7381 7382 7280
f 7280 7382 7278
f 7382 7383 7278
f 7278 7383 7276
f 7383 7384 7276
f 7276 7384 7274
f 7384 7385 7274
f 7274 7385 7272
f 7385 7386 7272
f 7272 7386 7270
f 7386 7387 7270
f 7270 7387 7268
f 7387 7388 7268
f 7268 7388 7266
f 7388 7389 7266
f 7266 7389 7264
f 7389 7390 7264
f 7264 7390 7262
f 7390 7391 7262
f 7262 7391 7260
f 7391 7392 7260
f 7260 7392 7258
f 7392 7393 7258
f 7258 7393 7256
f 7393 7394 7256
f 7256 7394 7254
f 7394 7395 7254
f 7254 7395 7252
f 7395 7396 7252
f 7252 7396 7250
f 7396 7397 7250
f 7250 7397 7248
f 7397 7398 7248
f 7248 7398 7246
f 7398 7399 7246
f 7246 7399 7244
f 7399 7400 7244
f 7244 7400 7242
f 7400 7401 7242
f 7242 7401 7240
f 7401 7402 7240
f 7240 7402 7238
f 7402 7403 7238
f 7238 7403 7236
f 7403 7404 7236
f 7236 7404 7234
f 7404 7405 7234
f 7234 7405 7232
f 7405 7406 7232
f 7232 7406 7230
f 7406 7407 7230
f 7230 7407 7228
f 7407 7408 7228
f 7228 7408 7226
f 7408 7409 7226
f 7226 7409 7224
f 7409 7410 7224
f 7224 7410 7222
f 7410 7411 7222
f 7222 7411 7220
f 7411 7412 7220
f 7220 7412 7218
f 7412 7413 7218
f 7218 7413 7216
f 7413 7414 7216
f 7216 7414 7214
f 7414 7415 7214
f 7214 7415 7212
f 7415 7416 7212
f 7212 7416 7210
f 7416 7417 7210
f 7210 7417 7208
f 7417 7418 7208
f 7208 7418 7206
f 7418 7419 7206
f 7206 7419 7204
f 7419 7420 7204
f 7204 7420 7202
f 7420 7421 7202
f 7202 7421 7200
f 7421 7422 7200
f 7200 7422 7198
f 7422 7423 7198
f 7198 7423 7196
f 7423 7424 7196
f 7196 7424 7194
f 7424 7425 7194
f 7194 7425 7192
f 7425 7426 7192
f 7192 7426 7190
f 7426 7427 7190
f 7190 7427 7188
f 7427 7428 7188
f 7188 7428 7186
f 7428 7429 7186
f 7186 7429 7184
f 7429 7430 7184
f 7184 7430 7182
f 7430 7431 7182
f 7182 7431 7180
f 7431 7432 7180
f 7180 7432 7178
f 7432 7433 7178
f 7178 7433 7176
f 7433 7434 7176
f 7176 7434 7174
f 7434 7435 7174
f 7174 7435 7172
f 7435 7436 7172
f 7172 7436 7170
f 7436 7437 7170
f 7170 7437 7168
f 7437 7438 7168
f 7168 7438 7166
f 7438 7439 7166
f 7166 7439 7164
f 7439 7440 7164
f 7164 7440 7162
f 7440 7441 7162
f 7162 7441 7160
f 7441 7442 7160
f 7160 7442 7158
f 7442 7443 7158
f 7158 7443 7156
f 7443 7444 7156
f 7156 7444 7154
f 7444 7445 7154
f 7154 7445 7152
f 7445 7446 7152
f 7152 7446 7150
f 7446 7447 7150
f 7150 7447 7148
f 7447 7448 7148
f 7148 7448 7146
f 7448 7449 7146
f 7146 7449 7144
f 7449 7450 7144
f 7144 7450 7142
f 7450 7451 7142
f 7142 7451 7140
f 7451 7452 7140
f 7140 7452 7138
f 7452 7453 7138
f 7138 7453 7136
f 7453 7454 7136
f 7136 7454 7134
f 7454 7455 7134
f 7134 7455 7132
f 7455 7456 7132
f 7132 7456 7130
f 7456 7457 7130
f 7130 7457 7128
f 7457 7458 7128
f 7128 7458 7126
f 7458 7459 7126
f 7126 7459 7124
f 7459 7460 7124
f 7124 7460 7122
f 7460 7461 7122
f 7122 7461 7120
f 7461 7462 7120
f 7120 7462 7118
f 7462 7463 7118
f 7118 7463 7116
f 7463 7464 7116
f 7116 7464 7114
f 7464 7465 7114
f 7114 7465 7112
f 7465 7466 7112
f 7112 7466 7110
f 7466 7467 7110
f 7110 7467 7108
f 7467 7468 7108
f 7108 7468 7106
f 7468 7469 7106
f 7106 7469 7104
f 7469 7470 7104
f 7104 7470 7102
f 7470 7471 7102
f 7102 7471 7100
f 7471 7472 7100
f 7100 7472 7098
f 7472 7473 7098
f 7098 7473 7096
f 7473 7474 7096
f 7096 7474 7094
f 7474 7475 7094
f 7094 7475 7092
f 7475 7476 7092
f 7092 7476 7090
f 7476 7477 7090
f 7090 7477 7088
f 7477 7478 7088
f 7088 7478 7086
f 7478 7479 7086
f 7086 7479 7372
f 7479 7480 7372
f 7372 7480 7370
f 7480 7481 7370
f 7370 7481 7368
f 7481 7482 7368
f 7368 7482 7366
f 7482 7483 7366
f 7366 7483 7364
f 7483 7484 7364
f 7364 7484 7362
f 7484 7485 7362
f 7362 7485 7360
f 7485 7486 7360
f 7360 7486 7358
f 7486 7487 7358
f 7358 7487 7356
f 7487 7488 7356
f 7356 7488 7354
f 7488 7489 7354
f 7354 7489 7352
f 7489 7490 7352
f 7352 7490 7350
f 7490 7491 7350
f 7350 7491 7348
f 7491 7492 7348
f 7348 7492 7346
f 7492 7493 7346
f 7346 7493 7344
f 7493 7494 7344
f 7344 7494 7342
f 7494 7495 7342
f 7342 7495 7340
f 7495 7496 7340
f 7340 7496 7338
f 7496 7497 7338
f 7338 7497 7336
f 7497 7498 7336
f 7336 7498 7334
f 7498 7499 7334
f 7334 7499 7332
f 7499 7500 7332
f 7332 7500 7330
f 7500 7501 7330
f 7330 7501 7328
f 7501 7502 7328
f 7328 7502 7326
f 7502 7503 7326
f 7326 7503 7324
f 7503 7504 7324
f 7324 7504 7322
f 7504 7505 7322
f 7322 7505 7320
f 7505 7506 7320
f 7320 7506 7318
f 7506 7507 7318
f 7318 7507 7316
f 7507 7508 7316
f 7316 7508 7314
f 7508 7509 7314
f 7314 7509 7312
f 7509 7510 7312
f 7312 7510 7310
f 7510 7511 7310
f 7310 7511 7308
f 7511 7512 7308
f 7308 7512 7306
f 7512 7513 7306
f 7306 7513 7304
f 7513 7514 7304
f 7304 7514 7302
f 7514 7515 7302
f 7302 7515 7300
f 7515 7516 7300
f 7300 7516 7298
f 7516 7517 7298
f 7298 7517 7296
f 7517 7374 7296
f 6481 7518 6479
f 7518 7519 6479
f 6479 7519 6477
f 7519 7520 6477
f 6477 7520 6475
f 7520 7521 6475
f 6475 7521 6473
f 7521 7522 6473
f 6473 7522 6471
f 7522 7523 6471
f 6471 7523 6469
f 7523 7524 6469
f 6469 7524 6467
f 7524 7525 6467
f 6467 7525 6465
f 7525 7526 6465
f 6465 7526 6463
f 7526 7527 6463
f 6463 7527 6461
f 7527 7528 6461
f 6461 7528 6459
f 7528 7529 6459
f 6459 7529 6457
f 7529 7530 6457
f 6457 7530 6455
f 7530 7531 6455
f 6455 7531 6453
f 7531 7532 6453
f 6453 7532 6451
f 7532 7533 6451
f 6451 7533 6449
f 7533 7534 6449
f 6449 7534 6447
f 7534 7535 6447
f 6447 7535 6445
f 7535 7536 6445
f 6445 7536 6443
f 7536 7537 6443
f 6443 7537 6441
f 7537 7538 6441
f 6441 7538 6439
f 7538 7539 6439
f 6439 7539 6437
f 7539 7540 6437
f 6437 7540 6435
f 7540 7541 6435
f 6435 7541 6433
f 7541 7542 6433
f 6433 7542 6431
f 7542 7543 6431
f 6431 7543 6429
f 7543 7544 6429
f 6429 7544 6427
f 7544 7545 6427
f 6427 7545 6425
f 7545 7546 6425
f 6425 7546 6423
f 7546 7547 6423
f 6423 7547 6421
f 7547 7548 6421
f 6421 7548 6419
f 7548 7549 6419
f 6419 7549 6417
f 7549 7550 6417
f 6417 7550 6415
f 7550 7551 6415
f 6415 7551 6413
f 7551 7552 6413
f 6413 7552 6411
f 7552 7553 6411
f 6411 7553 6409
f 7553 7554 6409
f 6409 7554 6407
f 7554 7555 6407
f 6407 7555 6405
f 7555 7556 6405
f 6405 7556 6403
f 7556 7557 6403
f 6403 7557 6401
f 7557 7558 6401
f 6401 7558 6399
f 7558 7559 6399
f 6399 7559 6397
f 7559 7560 6397
f 6397 7560 6395
f 7560 7561 6395
f 6395 7561 6393
f 7561 7562 6393
f 6393 7562 6391
f 7562 7563 6391
f 6391 7563 6389
f 7563 7564 6389
f 6389 7564 6387
f 7564 7565 6387
f 6387 7565 6385
f 7565 7566 6385
f 6385 7566 6383
f 7566 7567 6383
f 6383 7567 6381
f 7567 7568 6381
f 6381 7568 6379
f 7568 7569 6379
f 6379 7569 6377
f 7569 7570 6377
f 6377 7570 6375
f 7570 7571 6375
f 6375 7571 6373
f 7571 7572 6373
f 6373 7572 6371
f 7572 7573 6371
f 6371 7573 6369
f 7573 7574 6369
f 6369 7574 6367
f 7574 7575 6367
f 6367 7575 6365
f 7575 7576 6365
f 6365 7576 6363
f 7576 7577 6363
f 6363 7577 6361
f 7577 7578 6361
f 6361 7578 6359
f 7578 7579 6359
f 6359 7579 6357
f 7579 7580 6357
f 6357 7580 6355
f 7580 7581 6355
f 6355 7581 6353
f 7581 7582 6353
f 6353 7582 6351
f 7582 7583 6351
f 6351 7583 6349
f 7583 7584 6349
f 6349 7584 6347
f 7584 7585 6347
f 6347 7585 6345
f 7585 7586 6345
f 6345 7586 6343
f 7586 7587 6343
f 6343 7587 6341
f 7587 7588 6341
f 6341 7588 6339
f 7588 7589 6339
f 6339 7589 6337
f 7589 7590 6337
f 6337 7590 6335
f 7590 7591 6335
f 6335 7591 6333
f 7591 7592 6333
f 6333 7592 6331
f 7592 7593 6331
f 6331 7593 6329
f 7593 7594 6329
f 6329 7594 6327
f 7594 7595 6327
f 6327 7595 6325
f 7595 7596 6325
f 6325 7596 6323
f 7596 7597 6323
f 6323 7597 6321
f 7597 7598 6321
f 6321 7598 6319
f 7598 7599 6319
f 6319 7599 6317
f 7599 7600 6317
f 6317 7600 6315
f 7600 7601 6315
f 6315 7601 6313
f 7601 7602 6313
f 6313 7602 6311
f 7602 7603 6311
f 6311 7603 6309
f 7603 7604 6309
f 6309 7604 6307
f 7604 7605 6307
f 6307 7605 6305
f 7605 7606 6305
f 6305 7606 6303
f 7606 7607 6303
f 6303 7607 6301
f 7607 7608 6301
f 6301 7608 6299
f 7608 7609 6299
f 6299 7609 6297
f 7609 7610 6297
f 6297 7610 6295
f 7610 7611 6295
f 6295 7611 6293
f 7611 7612 6293
f 6293 7612 6291
f 7612 7613 6291
f 6291 7613 6289
f 7613 7614 6289
f 6289 7614 6287
f 7614 7615 6287
f 6287 7615 6285
f 7615 7616 6285
f 6285 7616 6283
f 7616 7617 6283
f 6283 7617 6281
f 7617 7618 6281
f 6281 7618 6279
f 7618 7619 6279
f 6279 7619 6277
f 7619 7620 6277
f 6277 7620 6275
f 7620 7621 6275
f 6275 7621 6273
f 7621 7622 6273
f 6273 7622 6271
f 7622 7623 6271
f 6271 7623 6557
f 7623 7624 6557
f 6557 7624 6555
f 7624 7625 6555
f 6555 7625 6553
f 7625 7626 6553
f 6553 7626 6551
f 7626 7627 6551
f 6551 7627 6549
f 7627 7628 6549
f 6549 7628 6547
f 7628 7629 6547
f 6547 7629 6545
f 7629 7630 6545
f 6545 7630 6543
f 7630 7631 6543
f 6543 7631 6541
f 7631 7632 6541
f 6541 7632 6539
f 7632 7633 6539
f 6539 7633 6537
f 7633 7634 6537
f 6537 7634 6535
f 7634 7635 6535
f 6535 7635 6533
f 7635 7636 6533
f 6533 7636 6531
f 7636 7637 6531
f 6531 7637 6529
f 7637 7638 6529
f 6529 7638 6527
f 7638 7639 6527
f 6527 7639 6525
f 7639 7640 6525
f 6525 7640 6523
f 7640 7641 6523
f 6523 7641 6521
f 7641 7642 6521
f 6521 7642 6519
f 7642 7643 6519
f 6519 7643 6517
f 7643 7644 6517
f 6517 7644 6515
f 7644 7645 6515
f 6515 7645 6513
f 7645 7646 6513
f 6513 7646 6511
f 7646 7647 6511
f 6511 7647 6509
f 7647 7648 6509
f 6509 7648 6507
f 7648 7649 6507
f 6507 7649 6505
f 7649 7650 6505
f 6505 7650 6503
f 7650 7651 6503
f 6503 7651 6501
f 7651 7652 6501
f 6501 7652 6499
f 7652 7653 6499
f 6499 7653 6497
f 7653 7654 6497
f 6497 7654 6495
f 7654 7655 6495
f 6495 7655 6493
f 7655 7656 6493
f 6493 7656 6491
f 7656 7657 6491
f 6491 7657 6489
f 7657 7658 6489
f 6489 7658 6487
f 7658 7659 6487
f 6487 7659 6485
f 7659 7660 6485
f 6485 7660 6483
f 7660 7661 6483
f 6483 7661 6481
f 7661 7518 6481
f 7662 7663 7664
f 7663 7665 7664
f 7664 7665 7666
f 7665 7667 7666
f 7666 7667 7668
f 7667 7669 7668
f 7668 7669 7670
f 7669 7671 7670
f 7670 7671 7672
f 7671 7673 7672
f 7672 7673 7674
f 7673 7675 7674
f 7674 7675 7676
f 7675 7677 7676
f 7676 7677 7678
f 7677 7679 7678
f 7678 7679 7680
f 7679 7681 7680
f 7680 7681 7682
f 7681 7683 7682
f 7682 7683 7684
f 7683 7685 7684
f 7684 7685 7686
f 7685 7687 7686
f 7686 7687 7688
f 7687 7689 7688
f 7688 7689 7690
f 7689 7691 7690
f 7690 7691 7692
f 7691 7693 7692
f 7692 7693 7694
f 7693 7695 7694
f 7694 7695 7696
f 7695 7697 7696
f 7696 7697 7698
f 7697 7699 7698
f 7698 7699 7700
f 7699 7701 7700
f 7700 7701 7702
f 7701 7703 7702
f 7702 7703 7704
f 7703 7705 7704
f 7704 7705 7706
f 7705 7707 7706
f 7706 7707 7708
f 7707 7709 7708
f 7708 7709 7710
f 7709 7711 7710
f 7710 7711 7712
f 7711 7713 7712
f 7712 7713 7714
f 7713 7715 7714
f 7714 7715 7716
f 7715 7717 7716
f 7716 7717 7718
f 7717 7719 7718
f 7718 7719 7720
f 7719 7721 7720
f 7720 7721 7722
f 7721 7723 7722
f 7722 7723 7724
f 7723 7725 7724
f 7724 7725 7726
f 7725 7727 7726
f 7726 7727 7728
f 7727 7729 7728
f 7728 7729 7730
f 7729 7731 7730
f 7730 7731 7732
f 7731 7733 7732
f 7732 7733 7734
f 7733 7735 7734
f 7734 7735 7736
f 7735 7737 7736
f 7736 7737 7738
f 7737 7739 7738
f 7738 7739 7740
f 7739 7741 7740
f 7740 7741 7742
f 7741 7743 7742
f 7742 7743 7744
f 7743 7745 7744
f 7744 7745 7746
f 7745 7747 7746
f 7746 7747 7748
f 7747 7749 7748
f 7748 7749 7750
f 7749 7751 7750
f 7750 7751 7752
f 7751 7753 7752
f 7752 7753 7754
f 7753 7755 7754
f 7754 7755 7756
f 7755 7757 7756
f 7756 7757 7758
f 7757 7759 7758
f 7758 7759 7760
f 7759 7761 7760
f 7760 7761 7762
f 7761 7763 7762
f 7762 7763 7764
f 7763 7765 7764
f 7764 7765 7766
f 7765 7767 7766
f 7766 7767 7768
f 7767 7769 7768
f 7768 7769 7770
f 7769 7771 7770
f 7770 7771 7772
f 7771 7773 7772
f 7772 7773 7774
f 7773 7775 7774
f 7774 7775 7776
f 7775 7777 7776
f 7776 7777 7778
f 7777 7779 7778
f 7778 7779 7780
f 7779 7781 7780
f 7780 7781 7782
f 7781 7783 7782
f 7782 7783 7784
f 7783 7785 7784
f 7784 7785 7786
f 7785 7787 7786
f 7786 7787 7788
f 7787 7789 7788
f 7788 7789 7790
f 7789 7791 7790
f 7790 7791 7792
f 7791 7793 7792
f 7792 7793 7794
f 7793 7795 7794
f 7794 7795 7796
f 7795 7797 7796
f 7796 7797 7798
f 7797 7799 7798
f 7798 7799 7800
f 7799 7801 7800
f 7800 7801 7802
f 7801 7803 7802
f 7802 7803 7804
f 7803 7805 7804
f 7804 7805 7806
f 7805 7807 7806
f 7806 7807 7808
f 7807 7809 7808
f 7808 7809 7810
f 7809 7811 7810
f 7810 7811 7812
f 7811 7813 7812
f 7812 7813 7814
f 7813 7815 7814
f 7814 7815 7816
f 7815 7817 7816
f 7816 7817 7818
f 7817 7819 7818
f 7818 7819 7820
f 7819 7821 7820
f 7820 7821 7822
f 7821 7823 7822
f 7822 7823 7824
f 7823 7825 7824
f 7824 7825 7826
f 7825 7827 7826
f 7826 7827 7828
f 7827 7829 7828
f 7828 7829 7830
f 7829 7831 7830
f 7830 7831 7832
f 7831 7833 7832
f 7832 7833 7834
f 7833 7835 7834
f 7834 7835 7836
f 7835 7837 7836
f 7836 7837 7838
f 7837 7839 7838
f 7838 7839 7840
f 7839 7841 7840
f 7840 7841 7842
f 7841 7843 7842
f 7842 7843 7844
f 7843 7845 7844
f 7844 7845 7846
f 7845 7847 7846
f 7846 7847 7848
f 7847 7849 7848
f 7848 7849 7850
f 7849 7851 7850
f 7850 7851 7852
f 7851 7853 7852
f 7852 7853 7854
f 7853 7855 7854
f 7854 7855 7856
f 7855 7857 7856
f 7856 7857 7858
f 7857 7859 7858
f 7858 7859 7860
f 7859 7861 7860
f 7860 7861 7862
f 7861 7863 7862
f 7862 7863 7864
f 7863 7865 7864
f 7864 7865 7866
f 7865 7867 7866
f 7866 7867 7868
f 7867 7869 7868
f 7868 7869 7870
f 7869 7871 7870
f 7870 7871 7872
f 7871 7873 7872
f 7872 7873 7874
f 7873 7875 7874
f 7874 7875 7876
f 7875 7877 7876
f 7876 7877 7878
f 7877 7879 7878
f 7878 7879 7880
f 7879 7881 7880
f 7880 7881 7882
f 7881 7883 7882
f 7882 7883 7884
f 7883 7885 7884
f 7884 7885 7886
f 7885 7887 7886
f 7886 7887 7888
f 7887 7889 7888
f 7888 7889 7890
f 7889 7891 7890
f 7890 7891 7892
f 7891 7893 7892
f 7892 7893 7894
f 7893 7895 7894
f 7894 7895 7896
f 7895 7897 7896
f 7896 7897 7898
f 7897 7899 7898
f 7898 7899 7900
f 7899 7901 7900
f 7900 7901 7902
f 7901 7903 7902
f 7902 7903 7904
f 7903 7905 7904
f 7904 7905 7906
f 7905 7907 7906
f 7906 7907 7908
f 7907 7909 7908
f 7908 7909 7910
f 7909 7911 7910
f 7910 7911 7912
f 7911 7913 7912
f 7912 7913 7914
f 7913 7915 7914
f 7914 7915 7916
f 7915 7917 7916
f 7916 7917 7918
f 7917 7919 7918
f 7918 7919 7920
f 7919 7921 7920
f 7920 7921 7922
f 7921 7923 7922
f 7922 7923 7924
f 7923 7925 7924
f 7924 7925 7926
f 7925 7927 7926
f 7926 7927 7928
f 7927 7929 7928
f 7928 7929 7930
f 7929 7931 7930
f 7930 7931 7932
f 7931 7933 7932
f 7932 7933 7934
f 7933 7935 7934
f 7934 7935 7936
f 7935 7937 7936
f 7936 7937 7938
f 7937 7939 7938
f 7938 7939 7940
f 7939 7941 7940
f 7940 7941 7942
f 7941 7943 7942
f 7942 7943 7944
f 7943 7945 7944
f 7944 7945 7946
f 7945 7947 7946
f 7946 7947 7948
f 7947 7949 7948
f 7948 7949 7662
f 7949 7663 7662
f 7663 7950 7665
f 7950 7951 7665
f 7665 7951 7667
f 7951 7952 7667
f 7667 7952 7669
f 7952 7953 7669
f 7669 7953 7671
f 7953 7954 7671
f 7671 7954 7673
f 7954 7955 7673
f 7673 7955 7675
f 7955 7956 7675
f 7675 7956 7677
f 7956 7957 7677
f 7677 7957 7679
f 7957 7958 7679
f 7679 7958 7681
f 7958 7959 7681
f 7681 7959 7683
f 7959 7960 7683
f 7683 7960 7685
f 7960 7961 7685
f 7685 7961 7687
f 7961 7962 7687
f 7687 7962 7689
f 7962 7963 7689
f 7689 7963 7691
f 7963 7964 7691
f 7691 7964 7693
f 7964 7965 7693
f 7693 7965 7695
f 7965 7966 7695
f 7695 7966 7697
f 7966 7967 7697
f 7697 7967 7699
f 7967 7968 7699
f 7699 7968 7701
f 7968 7969 7701
f 7701 7969 7703
f 7969 7970 7703
f 7703 7970 7705
f 7970 7971 7705
f 7705 7971 7707
f 7971 7972 7707
f 7707 7972 7709
f 7972 7973 7709
f 7709 7973 7711
f 7973 7974 7711
f 7711 7974 7713
f 7974 7975 7713
f 7713 7975 7715
f 7975 7976 7715
f 7715 7976 7717
f 7976 7977 7717
f 7717 7977 7719
f 7977 7978 7719
f 7719 7978 7721
f 7978 7979 7721
f 7721 7979 7723
f 7979 7980 7723
f 7723 7980 7725
f 7980 7981 7725
f 7725 7981 7727
f 7981 7982 7727
f 7727 7982 7729
f 7982 7983 7729
f 7729 7983 7731
f 7983 7984 7731
f 7731 7984 7733
f 7984 7985 7733
f 7733 7985 7735
f 7985 7986 7735
f 7735 7986 7737
f 7986 7987 7737
f 7737 7987 7739
f 7987 7988 7739
f 7739 7988 7741
f 7988 7989 7741
f 7741 7989 7743
f 7989 7990 7743
f 7743 7990 7745
f 7990 7991 7745
f 7745 7991 7747
f 7991 7992 7747
f 7747 7992 7749
f 7992 7993 7749
f 7749 7993 7751
f 7993 7994 7751
f 7751 7994 7753
f 7994 7995 7753
f 7753 7995 7755
f 7995 7996 7755
f 7755 7996 7757
f 7996 7997 7757
f 7757 7997 7759
f 7997 7998 7759
f 7759 7998 7761
f 7998 7999 7761
f 7761 7999 7763
f 7999 8000 7763
f 7763 8000 7765
f 8000 8001 7765
f 7765 8001 7767
f 8001 8002 7767
f 7767 8002 7769
f 8002 8003 7769
f 7769 8003 7771
f 8003 8004 7771
f 7771 8004 7773
f 8004 8005 7773
f 7773 8005 7775
f 8005 8006 7775
f 7775 8006 7777
f 8006 8007 7777
f 7777 8007 7779
f 8007 8008 7779
f 7779 8008 7781
f 8008 8009 7781
f 7781 8009 7783
f 8009 8010 7783
f 7783 8010 7785
f 8010 8011 7785
f 7785 8011 7787
f 8011 8012 7787
f 7787 8012 7789
f 8012 8013 7789
f 7789 8013 7791
f 8013 8014 7791
f 7791 8014 7793
f 8014 8015 7793
f 7793 8015 7795
f 8015 8016 7795
f 7795 8016 7797
f 8016 8017 7797
f 7797 8017 7799
f 8017 8018 7799
f 7799 8018 7801
f 8018 8019 7801
f 7801 8019 7803
f 8019 8020 7803
f 7803 8020 7805
f 8020 8021 7805
f 7805 8021 7807
f 8021 8022 7807
f 7807 8022 7809
f 8022 8023 7809
f 7809 8023 7811
f 8023 8024 7811
f 7811 8024 7813
f 8024 8025 7813
f 7813 8025 7815
f 8025 8026 7815
f 7815 8026 7817
f 8026 8027 7817
f 7817 8027 7819
f 8027 8028 7819
f 7819 8028 7821
f 8028 8029 7821
f 7821 8029 7823
f 8029 8030 7823
f 7823 8030 7825
f 8030 8031 7825
f 7825 8031 7827
f 8031 8032 7827
f 7827 8032 7829
f 8032 8033 7829
f 7829 8033 7831
f 8033 8034 7831
f 7831 8034 7833
f 8034 8035 7833
f 7833 8035 7835
f 8035 8036 7835
f 7835 8036 7837
f 8036 8037 7837
f 7837 8037 7839
f 8037 8038 7839
f 7839 8038 7841
f 8038 8039 7841
f 7841 8039 7843
f 8039 8040 7843
f 7843 8040 7845
f 8040 8041 7845
f 7845 8041 7847
f 8041 8042 7847
f 7847 8042 7849
f 8042 8043 7849
f 7849 8043 7851
f 8043 8044 7851
f 7851 8044 7853
f 8044 8045 7853
f 7853 8045 7855
f 8045 8046 7855
f 7855 8046 7857
f 8046 8047 7857
f 7857 8047 7859
f 8047 8048 7859
f 7859 8048 7861
f 8048 8049 7861
f 7861 8049 7863
f 8049 8050 7863
f 7863 8050 7865
f 8050 8051 7865
f 7865 8051 7867
f 8051 8052 7867
f 7867 8052 7869
f 8052 8053 7869
f 7869 8053 7871
f 8053 8054 7871
f 7871 8054 7873
f 8054 8055 7873
f 7873 8055 7875
f 8055 8056 7875
f 7875 8056 7877
f 8056 8057 7877
f 7877 8057 7879
f 8057 8058 7879
f 7879 8058 7881
f 8058 8059 7881
f 7881 8059 7883
f 8059 8060 7883
f 7883 8060 7885
f 8060 8061 7885
f 7885 8061 7887
f 8061 8062 7887
f 7887 8062 7889
f 8062 8063 7889
f 7889 8063 7891
f 8063 8064 7891
f 7891 8064 7893
f 8064 8065 7893
f 7893 8065 7895
f 8065 8066 7895
f 7895 8066 7897
f 8066 8067 7897
f 7897 8067 7899
f 8067 8068 7899
f 7899 8068 7901
f 8068 8069 7901
f 7901 8069 7903
f 8069 8070 7903
f 7903 8070 7905
f 8070 8071 7905
f 7905 8071 7907
f 8071 8072 7907
f 7907 8072 7909
f 8072 8073 7909
f 7909 8073 7911
f 8073 8074 7911
f 7911 8074 7913
f 8074 8075 7913
f 7913 8075 7915
f 8075 8076 7915
f 7915 8076 7917
f 8076 8077 7917
f 7917 8077 7919
f 8077 8078 7919
f 7919 8078 7921
f 8078 8079 7921
f 7921 8079 7923
f 8079 8080 7923
f 7923 8080 7925
f 8080 8081 7925
f 7925 8081 7927
f 8081 8082 7927
f 7927 8082 7929
f 8082 8083 7929
f 7929 8083 7931
f 8083 8084 7931
f 7931 8084 7933
f 8084 8085 7933
f 7933 8085 7935
f 8085 8086 7935
f 7935 8086 7937
f 8086 8087 7937
f 7937 8087 7939
f 8087 8088 7939
f 7939 8088 7941
f 8088 8089 7941
f 7941 8089 7943
f 8089 8090 7943
f 7943 8090 7945
f 8090 8091 7945
f 7945 8091 7947
f 8091 8092 7947
f 7947 8092 7949
f 8092 8093 7949
f 7949 8093 7663
f 8093 7950 7663
f 7950 8094 7951
f 8094 8095 7951
f 7951 8095 7952
f 8095 8096 7952
f 7952 8096 7953
f 8096 8097 7953
f 7953 8097 7954
f 8097 8098 7954
f 7954 8098 7955
f 8098 8099 7955
f 7955 8099 7956
f 8099 8100 7956
f 7956 8100 7957
f 8100 8101 7957
f 7957 8101 7958
f 8101 8102 7958
f 7958 8102 7959
f 8102 8103 7959
f 7959 8103 7960
f 8103 8104 7960
f 7960 8104 7961
f 8104 8105 7961
f 7961 8105 7962
f 8105 8106 7962
f 7962 8106 7963
f 8106 8107 7963
f 7963 8107 7964
f 8107 8108 7964
f 7964 8108 7965
f 8108 8109 7965
f 7965 8109 7966
f 8109 8110 7966
f 7966 8110 7967
f 8110 8111 7967
f 7967 8111 7968
f 8111 8112 7968
f 7968 8112 7969
f 8112 8113 7969
f 7969 8113 7970
f 8113 8114 7970
f 7970 8114 7971
f 8114 8115 7971
f 7971 8115 7972
f 8115 8116 7972
f 7972 8116 7973
f 8116 8117 7973
f 7973 8117 7974
f 8117 8118 7974
f 7974 8118 7975
f 8118 8119 7975
f 7975 8119 7976
f 8119 8120 7976
f 7976 8120 7977
f 8120 8121 7977
f 7977 8121 7978
f 8121 8122 7978
f 7978 8122 7979
f 8122 8123 7979
f 7979 8123 7980
f 8123 8124 7980
f 7980 8124 7981
f 8124 8125 7981
f 7981 8125 7982
f 8125 8126 7982
f 7982 8126 7983
f 8126 8127 7983
f 7983 8127 7984
f 8127 8128 7984
f 7984 8128 7985
f 8128 8129 7985
f 7985 8129 7986
f 8129 8130 7986
f 7986 8130 7987
f 8130 8131 7987
f 7987 8131 7988
f 8131 8132 7988
f 7988 8132 7989
f 8132 8133 7989
f 7989 8133 7990
f 8133 8134 7990
f 7990 8134 7991
f 8134 8135 7991
f 7991 8135 7992
f 8135 8136 7992
f 7992 8136 7993
f 8136 8137 7993
f 7993 8137 7994
f 8137 8138 7994
f 7994 8138 7995
f 8138 8139 7995
f 7995 8139 7996
f 8139 8140 7996
f 7996 8140 7997
f 8140 8141 7997
f 7997 8141 7998
f 8141 8142 7998
f 7998 8142 7999
f 8142 8143 7999
f 7999 8143 8000
f 8143 8144 8000
f 8000 8144 8001
f 8144 8145 8001
f 8001 8145 8002
f 8145 8146 8002
f 8002 8146 8003
f 8146 8147 8003
f 8003 8147 8004
f 8147 8148 8004
f 8004 8148 8005
f 8148 8149 8005
f 8005 8149 8006
f 8149 8150 8006
f 8006 8150 8007
f 8150 8151 8007
f 8007 8151 8008
f 8151 8152 8008
f 8008 8152 8009
f 8152 8153 8009
f 8009 8153 8010
f 8153 8154 8010
f 8010 8154 8011
f 8154 8155 8011
f 8011 8155 8012
f 8155 8156 8012
f 8012 8156 8013
f 8156 8157 8013
f 8013 8157 8014
f 8157 8158 8014
f 8014 8158 8015
f 8158 8159 8015
f 8015 8159 8016
f 8159 8160 8016
f 8016 8160 8017
f 8160 8161 8017
f 8017 8161 8018
f 8161 8162 8018
f 8018 8162 8019
f 8162 8163 8019
f 8019 8163 8020
f 8163 8164 8020
f 8020 8164 8021
f 8164 8165 8021
f 8021 8165 8022
f 8165 8166 8022
f 8022 8166 8023
f 8166 8167 8023
f 8023 8167 8024
f 8167 8168 8024
f 8024 8168 8025
f 8168 8169 8025
f 8025 8169 8026
f 8169 8170 8026
f 8026 8170 8027
f 8170 8171 8027
f 8027 8171 8028
f 8171 8172 8028
f 8028 8172 8029
f 8172 8173 8029
f 8029 8173 8030
f 8173 8174 8030
f 8030 8174 8031
f 8174 8175 8031
f 8031 8175 8032
f 8175 8176 8032
f 8032 8176 8033
f 8176 8177 8033
f 8033 8177 8034
f 8177 8178 8034
f 8034 8178 8035
f 8178 8179 8035
f 8035 8179 8036
f 8179 8180 8036
f 8036 8180 8037
f 8180 8181 8037
f 8037 8181 8038
f 8181 8182 8038
f 8038 8182 8039
f 8182 8183 8039
f 8039 8183 8040
f 8183 8184 8040
f 8040 8184 8041
f 8184 8185 8041
f 8041 8185 8042
f 8185 8186 8042
f 8042 8186 8043
f 8186 8187 8043
f 8043 8187 8044
f 8187 8188 8044
f 8044 8188 8045
f 8188 8189 8045
f 8045 8189 8046
f 8189 8190 8046
f 8046 8190 8047
f 8190 8191 8047
f 8047 8191 8048
f 8191 8192 8048
f 8048 8192 8049
f 8192 8193 8049
f 8049 8193 8050
f 8193 8194 8050
f 8050 8194 8051
f 8194 8195 8051
f 8051 8195 8052
f 8195 8196 8052
f 8052 8196 8053
f 8196 8197 8053
f 8053 8197 8054
f 8197 8198 8054
f 8054 8198 8055
f 8198 8199 8055
f 8055 8199 8056
f 8199 8200 8056
f 8056 8200 8057
f 8200 8201 8057
f 8057 8201 8058
f 8201 8202 8058
f 8058 8202 8059
f 8202 8203 8059
f 8059 8203 8060
f 8203 8204 8060
f 8060 8204 8061
f 8204 8205 8061
f 8061 8205 8062
f 8205 8206 8062
f 8062 8206 8063
f 8206 8207 8063
f 8063 8207 8064
f 8207 8208 8064
f 8064 8208 8065
f 8208 8209 8065
f 8065 8209 8066
f 8209 8210 8066
f 8066 8210 8067
f 8210 8211 8067
f 8067 8211 8068
f 8211 8212 8068
f 8068 8212 8069
f 8212 8213 8069
f 8069 8213 8070
f 8213 8214 8070
f 8070 8214 8071
f 8214 8215 8071
f 8071 8215 8072
f 8215 8216 8072
f 8072 8216 8073
f 8216 8217 8073
f 8073 8217 8074
f 8217 8218 8074
f 8074 8218 8075
f 8218 8219 8075
f 8075 8219 8076
f 8219 8220 8076
f 8076 8220 8077
f 8220 8221 8077
f 8077 8221 8078
f 8221 8222 8078
f 8078 8222 8079
f 8222 8223 8079
f 8079 8223 8080
f 8223 8224 8080
f 8080 8224 8081
f 8224 8225 8081
f 8081 8225 8082
f 8225 8226 8082
f 8082 8226 8083
f 8226 8227 8083
f 8083 8227 8084
f 8227 8228 8084
f 8084 8228 8085
f 8228 8229 8085
f 8085 8229 8086
f 8229 8230 8086
f 8086 8230 8087
f 8230 8231 8087
f 8087 8231 8088
f 8231 8232 8088
f 8088 8232 8089
f 8232 8233 8089
f 8089 8233 8090
f 8233 8234 8090
f 8090 8234 8091
f 8234 8235 8091
f 8091 8235 8092
f 8235 8236 8092
f 8092 8236 8093
f 8236 8237 8093
f 8093 8237 7950
f 8237 8094 7950
f 8094 8238 8095
f 8238 8239 8095
f 8095 8239 8096
f 8239 8240 8096
f 8096 8240 8097
f 8240 8241 8097
f 8097 8241 8098
f 8241 8242 8098
f 8098 8242 8099
f 8242 8243 8099
f 8099 8243 8100
f 8243 8244 8100
f 8100 8244 8101
f 8244 8245 8101
f 8101 8245 8102
f 8245 8246 8102
f 8102 8246 8103
f 8246 8247 8103
f 8103 8247 8104
f 8247 8248 8104
f 8104 8248 8105
f 8248 8249 8105
f 8105 8249 8106
f 8249 8250 8106
f 8106 8250 8107
f 8250 8251 8107
f 8107 8251 8108
f 8251 8252 8108
f 8108 8252 8109
f 8252 8253 8109
f 8109 8253 8110
f 8253 8254 8110
f 8110 8254 8111
f 8254 8255 8111
f 8111 8255 8112
f 8255 8256 8112
f 8112 8256 8113
f 8256 8257 8113
f 8113 8257 8114
f 8257 8258 8114
f 8114 8258 8115
f 8258 8259 8115
f 8115 8259 8116
f 8259 8260 8116
f 8116 8260 8117
f 8260 8261 8117
f 8117 8261 8118
f 8261 8262 8118
f 8118 8262 8119
f 8262 8263 8119
f 8119 8263 8120
f 8263 8264 8120
f 8120 8264 8121
f 8264 8265 8121
f 8121 8265 8122
f 8265 8266 8122
f 8122 8266 8123
f 8266 8267 8123
f 8123 8267 8124
f 8267 8268 8124
f 8124 8268 8125
f 8268 8269 8125
f 8125 8269 8126
f 8269 8270 8126
f 8126 8270 8127
f 8270 8271 8127
f 8127 8271 8128
f 8271 8272 8128
f 8128 8272 8129
f 8272 8273 8129
f 8129 8273 8130
f 8273 8274 8130
f 8130 8274 8131
f 8274 8275 8131
f 8131 8275 8132
f 8275 8276 8132
f 8132 8276 8133
f 8276 8277 8133
f 8133 8277 8134
f 8277 8278 8134
f 8134 8278 8135
f 8278 8279 8135
f 8135 8279 8136
f 8279 8280 8136
f 8136 8280 8137
f 8280 8281 8137
f 8137 8281 8138
f 8281 8282 8138
f 8138 8282 8139
f 8282 8283 8139
f 8139 8283 8140
f 8283 8284 8140
f 8140 8284 8141
f 8284 8285 8141
f 8141 8285 8142
f 8285 8286 8142
f 8142 8286 8143
f 8286 8287 8143
f 8143 8287 8144
f 8287 8288 8144
f 8144 8288 8145
f 8288 8289 8145
f 8145 8289 8146
f 8289 8290 8146
f 8146 8290 8147
f 8290 8291 8147
f 8147 8291 8148
f 8291 8292 8148
f 8148 8292 8149
f 8292 8293 8149
f 8149 8293 8150
f 8293 8294 8150
f 8150 8294 8151
f 8294 8295 8151
f 8151 8295 8152
f 8295 8296 8152
f 8152 8296 8153
f 8296 8297 8153
f 8153 8297 8154
f 8297 8298 8154
f 8154 8298 8155
f 8298 8299 8155
f 8155 8299 8156
f 8299 8300 8156
f 8156 8300 8157
f 8300 8301 8157
f 8157 8301 8158
f 8301 8302 8158
f 8158 8302 8159
f 8302 8303 8159
f 8159 8303 8160
f 8303 8304 8160
f 8160 8304 8161
f 8304 8305 8161
f 8161 8305 8162
f 8305 8306 8162
f 8162 8306 8163
f 8306 8307 8163
f 8163 8307 8164
f 8307 8308 8164
f 8164 8308 8165
f 8308 8309 8165
f 8165 8309 8166
f 8309 8310 8166
f 8166 8310 8167
f 8310 8311 8167
f 8167 8311 8168
f 8311 8312 8168
f 8168 8312 8169
f 8312 8313 8169
f 8169 8313 8170
f 8313 8314 8170
f 8170 8314 8171
f 8314 8315 8171
f 8171 8315 8172
f 8315 8316 8172
f 8172 8316 8173
f 8316 8317 8173
f 8173 8317 8174
f 8317 8318 8174
f 8174 8318 8175
f 8318 8319 8175
f 8175 8319 8176
f 8319 8320 8176
f 8176 8320 8177
f 8320 8321 8177
f 8177 8321 8178
f 8321 8322 8178
f 8178 8322 8179
f 8322 8323 8179
f 8179 8323 8180
f 8323 8324 8180
f 8180 8324 8181
f 8324 8325 8181
f 8181 8325 8182
f 8325 8326 8182
f 8182 8326 8183
f 8326 8327 8183
f 8183 8327 8184
f 8327 8328 8184
f 8184 8328 8185
f 8328 8329 8185
f 8185 8329 8186
f 8329 8330 8186
f 8186 8330 8187
f 8330 8331 8187
f 8187 8331 8188
f 8331 8332 8188
f 8188 8332 8189
f 8332 8333 8189
f 8189 8333 8190
f 8333 8334 8190
f 8190 8334 8191
f 8334 8335 8191
f 8191 8335 8192
f 8335 8336 8192
f 8192 8336 8193
f 8336 8337 8193
f 8193 8337 8194
f 8337 8338 8194
f 8194 8338 8195
f 8338 8339 8195
f 8195 8339 8196
f 8339 8340 8196
f 8196 8340 8197
f 8340 8341 8197
f 8197 8341 8198
f 8341 8342 8198
f 8198 8342 8199
f 8342 8343 8199
f 8199 8343 8200
f 8343 8344 8200
f 8200 8344 8201
f 8344 8345 8201
f 8201 8345 8202
f 8345 8346 8202
f 8202 8346 8203
f 8346 8347 8203
f 8203 8347 8204
f 8347 8348 8204
f 8204 8348 8205
f 8348 8349 8205
f 8205 8349 8206
f 8349 8350 8206
f 8206 8350 8207
f 8350 8351 8207
f 8207 8351 8208
f 8351 8352 8208
f 8208 8352 8209
f 8352 8353 8209
f 8209 8353 8210
f 8353 8354 8210
f 8210 8354 8211
f 8354 8355 8211
f 8211 8355 8212
f 8355 8356 8212
f 8212 8356 8213
f 8356 8357 8213
f 8213 8357 8214
f 8357 8358 8214
f 8214 8358 8215
f 8358 8359 8215
f 8215 8359 8216
f 8359 8360 8216
f 8216 8360 8217
f 8360 8361 8217
f 8217 8361 8218
f 8361 8362 8218
f 8218 8362 8219
f 8362 8363 8219
f 8219 8363 8220
f 8363 8364 8220
f 8220 8364 8221
f 8364 8365 8221
f 8221 8365 8222
f 8365 8366 8222
f 8222 8366 8223
f 8366 8367 8223
f 8223 8367 8224
f 8367 8368 8224
f 8224 8368 8225
f 8368 8369 8225
f 8225 8369 8226
f 8369 8370 8226
f 8226 8370 8227
f 8370 8371 8227
f 8227 8371 8228
f 8371 8372 8228
f 8228 8372 8229
f 8372 8373 8229
f 8229 8373 8230
f 8373 8374 8230
f 8230 8374 8231
f 8374 8375 8231
f 8231 8375 8232
f 8375 8376 8232
f 8232 8376 8233
f 8376 8377 8233
f 8233 8377 8234
f 8377 8378 8234
f 8234 8378 8235
f 8378 8379 8235
f 8235 8379 8236
f 8379 8380 8236
f 8236 8380 8237
f 8380 8381 8237
f 8237 8381 8094
f 8381 8238 8094
f 8238 8382 8239
f 8382 8383 8239
f 8239 8383 8240
f 8383 8384 8240
f 8240 8384 8241
f 8384 8385 8241
f 8241 8385 8242
f 8385 8386 8242
f 8242 8386 8243
f 8386 8387 8243
f 8243 8387 8244
f 8387 8388 8244
f 8244 8388 8245
f 8388 8389 8245
f 8245 8389 8246
f 8389 8390 8246
f 8246 8390 8247
f 8390 8391 8247
f 8247 8391 8248
f 8391 8392 8248
f 8248 8392 8249
f 8392 8393 8249
f 8249 8393 8250
f 8393 8394 8250
f 8250 8394 8251
f 8394 8395 8251
f 8251 8395 8252
f 8395 8396 8252
f 8252 8396 8253
f 8396 8397 8253
f 8253 8397 8254
f 8397 8398 8254
f 8254 8398 8255
f 8398 8399 8255
f 8255 8399 8256
f 8399 8400 8256
f 8256 8400 8257
f 8400 8401 8257
f 8257 8401 8258
f 8401 8402 8258
f 8258 8402 8259
f 8402 8403 8259
f 8259 8403 8260
f 8403 8404 8260
f 8260 8404 8261
f 8404 8405 8261
f 8261 8405 8262
f 8405 8406 8262
f 8262 8406 8263
f 8406 8407 8263
f 8263 8407 8264
f 8407 8408 8264
f 8264 8408 8265
f 8408 8409 8265
f 8265 8409 8266
f 8409 8410 8266
f 8266 8410 8267
f 8410 8411 8267
f 8267 8411 8268
f 8411 8412 8268
f 8268 8412 8269
f 8412 8413 8269
f 8269 8413 8270
f 8413 8414 8270
f 8270 8414 8271
f 8414 8415 8271
f 8271 8415 8272
f 8415 8416 8272
f 8272 8416 8273
f 8416 8417 8273
f 8273 8417 8274
f 8417 8418 8274
f 8274 8418 8275
f 8418 8419 8275
f 8275 8419 8276
f 8419 8420 8276
f 8276 8420 8277
f 8420 8421 8277
f 8277 8421 8278
f 8421 8422 8278
f 8278 8422 8279
f 8422 8423 8279
f 8279 8423 8280
f 8423 8424 8280
f 8280 8424 8281
f 8424 8425 8281
f 8281 8425 8282
f 8425 8426 8282
f 8282 8426 8283
f 8426 8427 8283
f 8283 8427 8284
f 8427 8428 8284
f 8284 8428 8285
f 8428 8429 8285
f 8285 8429 8286
f 8429 8430 8286
f 8286 8430 8287
f 8430 8431 8287
f 8287 8431 8288
f 8431 8432 8288
f 8288 8432 8289
f 8432 8433 8289
f 8289 8433 8290
f 8433 8434 8290
f 8290 8434 8291
f 8434 8435 8291
f 8291 8435 8292
f 8435 8436 8292
f 8292 8436 8293
f 8436 8437 8293
f 8293 8437 8294
f 8437 8438 8294
f 8294 8438 8295
f 8438 8439 8295
f 8295 8439 8296
f 8439 8440 8296
f 8296 8440 8297
f 8440 8441 8297
f 8297 8441 8298
f 8441 8442 8298
f 8298 8442 8299
f 8442 8443 8299
f 8299 8443 8300
f 8443 8444 8300
f 8300 8444 8301
f 8444 8445 8301
f 8301 8445 8302
f 8445 8446 8302
f 8302 8446 8303
f 8446 8447 8303
f 8303 8447 8304
f 8447 8448 8304
f 8304 8448 8305
f 8448 8449 8305
f 8305 8449 8306
f 8449 8450 8306
f 8306 8450 8307
f 8450 8451 8307
f 8307 8451 8308
f 8451 8452 8308
f 8308 8452 8309
f 8452 8453 8309
f 8309 8453 8310
f 8453 8454 8310
f 8310 8454 8311
f 8454 8455 8311
f 8311 8455 8312
f 8455 8456 8312
f 8312 8456 8313
f 8456 8457 8313
f 8313 8457 8314
f 8457 8458 8314
f 8314 8458 8315
f 8458 8459 8315
f 8315 8459 8316
f 8459 8460 8316
f 8316 8460 8317
f 8460 8461 8317
f 8317 8461 8318
f 8461 8462 8318
f 8318 8462 8319
f 8462 8463 8319
f 8319 8463 8320
f 8463 8464 8320
f 8320 8464 8321
f 8464 8465 8321
f 8321 8465 8322
f 8465 8466 8322
f 8322 8466 8323
f 8466 8467 8323
f 8323 8467 8324
f 8467 8468 8324
f 8324 8468 8325
f 8468 8469 8325
f 8325 8469 8326
f 8469 8470 8326
f 8326 8470 8327
f 8470 8471 8327
f 8327 8471 8328
f 8471 8472 8328
f 8328 8472 8329
f 8472 8473 8329
f 8329 8473 8330
f 8473 8474 8330
f 8330 8474 8331
f 8474 8475 8331
f 8331 8475 8332
f 8475 8476 8332
f 8332 8476 8333
f 8476 8477 8333
f 8333 8477 8334
f 8477 8478 8334
f 8334 8478 8335
f 8478 8479 8335
f 8335 8479 8336
f 8479 8480 8336
f 8336 8480 8337
f 8480 8481 8337
f 8337 8481 8338
f 8481 8482 8338
f 8338 8482 8339
f 8482 8483 8339
f 8339 8483 8340
f 8483 8484 8340
f 8340 8484 8341
f 8484 8485 8341
f 8341 8485 8342
f 8485 8486 8342
f 8342 8486 8343
f 8486 8487 8343
f 8343 8487 8344
f 8487 8488 8344
f 8344 8488 8345
f 8488 8489 8345
f 8345 8489 8346
f 8489 8490 8346
f 8346 8490 8347
f 8490 8491 8347
f 8347 8491 8348
f 8491 8492 8348
f 8348 8492 8349
f 8492 8493 8349
f 8349 8493 8350
f 8493 8494 8350
f 8350 8494 8351
f 8494 8495 8351
f 8351 8495 8352
f 8495 8496 8352
f 8352 8496 8353
f 8496 8497 8353
f 8353 8497 8354
f 8497 8498 8354
f 8354 8498 8355
f 8498 8499 8355
f 8355 8499 8356
f 8499 8500 8356
f 8356 8500 8357
f 8500 8501 8357
f 8357 8501 8358
f 8501 8502 8358
f 8358 8502 8359
f 8502 8503 8359
f 8359 8503 8360
f 8503 8504 8360
f 8360 8504 8361
f 8504 8505 8361
f 8361 8505 8362
f 8505 8506 8362
f 8362 8506 8363
f 8506 8507 8363
f 8363 8507 8364
f 8507 8508 8364
f 8364 8508 8365
f 8508 8509 8365
f 8365 8509 8366
f 8509 8510 8366
f 8366 8510 8367
f 8510 8511 8367
f 8367 8511 8368
f 8511 8512 8368
f 8368 8512 8369
f 8512 8513 8369
f 8369 8513 8370
f 8513 8514 8370
f 8370 8514 8371
f 8514 8515 8371
f 8371 8515 8372
f 8515 8516 8372
f 8372 8516 8373
f 8516 8517 8373
f 8373 8517 8374
f 8517 8518 8374
f 8374 8518 8375
f 8518 8519 8375
f 8375 8519 8376
f 8519 8520 8376
f 8376 8520 8377
f 8520 8521 8377
f 8377 8521 8378
f 8521 8522 8378
f 8378 8522 8379
f 8522 8523 8379
f 8379 8523 8380
f 8523 8524 8380
f 8380 8524 8381
f 8524 8525 8381
f 8381 8525 8238
f 8525 8382 8238
f 8382 8526 8383
f 8526 8527 8383
f 8383 8527 8384
f 8527 8528 8384
f 8384 8528 8385
f 8528 8529 8385
f 8385 8529 8386
f 8529 8530 8386
f 8386 8530 8387
f 8530 8531 8387
f 8387 8531 8388
f 8531 8532 8388
f 8388 8532 8389
f 8532 8533 8389
f 8389 8533 8390
f 8533 8534 8390
f 8390 8534 8391
f 8534 8535 8391
f 8391 8535 8392
f 8535 8536 8392
f 8392 8536 8393
f 8536 8537 8393
f 8393 8537 8394
f 8537 8538 8394
f 8394 8538 8395
f 8538 8539 8395
f 8395 8539 8396
f 8539 8540 8396
f 8396 8540 8397
f 8540 8541 8397
f 8397 8541 8398
f 8541 8542 8398
f 8398 8542 8399
f 8542 8543 8399
f 8399 8543 8400
f 8543 8544 8400
f 8400 8544 8401
f 8544 8545 8401
f 8401 8545 8402
f 8545 8546 8402
f 8402 8546 8403
f 8546 8547 8403
f 8403 8547 8404
f 8547 8548 8404
f 8404 8548 8405
f 8548 8549 8405
f 8405 8549 8406
f 8549 8550 8406
f 8406 8550 8407
f 8550 8551 8407
f 8407 8551 8408
f 8551 8552 8408
f 8408 8552 8409
f 8552 8553 8409
f 8409 8553 8410
f 8553 8554 8410
f 8410 8554 8411
f 8554 8555 8411
f 8411 8555 8412
f 8555 8556 8412
f 8412 8556 8413
f 8556 8557 8413
f 8413 8557 8414
f 8557 8558 8414
f 8414 8558 8415
f 8558 8559 8415
f 8415 8559 8416
f 8559 8560 8416
f 8416 8560 8417
f 8560 8561 8417
f 8417 8561 8418
f 8561 8562 8418
f 8418 8562 8419
f 8562 8563 8419
f 8419 8563 8420
f 8563 8564 8420
f 8420 8564 8421
f 8564 8565 8421
f 8421 8565 8422
f 8565 8566 8422
f 8422 8566 8423
f 8566 8567 8423
f 8423 8567 8424
f 8567 8568 8424
f 8424 8568 8425
f 8568 8569 8425
f 8425 8569 8426
f 8569 8570 8426
f 8426 8570 8427
f 8570 8571 8427
f 8427 8571 8428
f 8571 8572 8428
f 8428 8572 8429
f 8572 8573 8429
f 8429 8573 8430
f 8573 8574 8430
f 8430 8574 8431
f 8574 8575 8431
f 8431 8575 8432
f 8575 8576 8432
f 8432 8576 8433
f 8576 8577 8433
f 8433 8577 8434
f 8577 8578 8434
f 8434 8578 8435
f 8578 8579 8435
f 8435 8579 8436
f 8579 8580 8436
f 8436 8580 8437
f 8580 8581 8437
f 8437 8581 8438
f 8581 8582 8438
f 8438 8582 8439
f 8582 8583 8439
f 8439 8583 8440
f 8583 8584 8440
f 8440 8584 8441
f 8584 8585 8441
f 8441 8585 8442
f 8585 8586 8442
f 8442 8586 8443
f 8586 8587 8443
f 8443 8587 8444
f 8587 8588 8444
f 8444 8588 8445
f 8588 8589 8445
f 8445 8589 8446
f 8589 8590 8446
f 8446 8590 8447
f 8590 8591 8447
f 8447 8591 8448
f 8591 8592 8448
f 8448 8592 8449
f 8592 8593 8449
f 8449 8593 8450
f 8593 8594 8450
f 8450 8594 8451
f 8594 8595 8451
f 8451 8595 8452
f 8595 8596 8452
f 8452 8596 8453
f 8596 8597 8453
f 8453 8597 8454
f 8597 8598 8454
f 8454 8598 8455
f 8598 8599 8455
f 8455 8599 8456
f 8599 8600 8456
f 8456 8600 8457
f 8600 8601 8457
f 8457 8601 8458
f 8601 8602 8458
f 8458 8602 8459
f 8602 8603 8459
f 8459 8603 8460
f 8603 8604 8460
f 8460 8604 8461
f 8604 8605 8461
f 8461 8605 8462
f 8605 8606 8462
f 8462 8606 8463
f 8606 8607 8463
f 8463 8607 8464
f 8607 8608 8464
f 8464 8608 8465
f 8608 8609 8465
f 8465 8609 8466
f 8609 8610 8466
f 8466 8610 8467
f 8610 8611 8467
f 8467 8611 8468
f 8611 8612 8468
f 8468 8612 8469
f 8612 8613 8469
f 8469 8613 8470
f 8613 8614 8470
f 8470 8614 8471
f 8614 8615 8471
f 8471 8615 8472
f 8615 8616 8472
f 8472 8616 8473
f 8616 8617 8473
f 8473 8617 8474
f 8617 8618 8474
f 8474 8618 8475
f 8618 8619 8475
f 8475 8619 8476
f 8619 8620 8476
f 8476 8620 8477
f 8620 8621 8477
f 8477 8621 8478
f 8621 8622 8478
f 8478 8622 8479
f 8622 8623 8479
f 8479 8623 8480
f 8623 8624 8480
f 8480 8624 8481
f 8624 8625 8481
f 8481 8625 8482
f 8625 8626 8482
f 8482 8626 8483
f 8626 8627 8483
f 8483 8627 8484
f 8627 8628 8484
f 8484 8628 8485
f 8628 8629 8485
f 8485 8629 8486
f 8629 8630 8486
f 8486 8630 8487
f 8630 8631 8487
f 8487 8631 8488
f 8631 8632 8488
f 8488 8632 8489
f 8632 8633 8489
f 8489 8633 8490
f 8633 8634 8490
f 8490 8634 8491
f 8634 8635 8491
f 8491 8635 8492
f 8635 8636 8492
f 8492 8636 8493
f 8636 8637 8493
f 8493 8637 8494
f 8637 8638 8494
f 8494 8638 8495
f 8638 8639 8495
f 8495 8639 8496
f 8639 8640 8496
f 8496 8640 8497
f 8640 8641 8497
f 8497 8641 8498
f 8641 8642 8498
f 8498 8642 8499
f 8642 8643 8499
f 8499 8643 8500
f 8643 8644 8500
f 8500 8644 8501
f 8644 8645 8501
f 8501 8645 8502
f 8645 8646 8502
f 8502 8646 8503
f 8646 8647 8503
f 8503 8647 8504
f 8647 8648 8504
f 8504 8648 8505
f 8648 8649 8505
f 8505 8649 8506
f 8649 8650 8506
f 8506 8650 8507
f 8650 8651 8507
f 8507 8651 8508
f 8651 8652 8508
f 8508 8652 8509
f 8652 8653 8509
f 8509 8653 8510
f 8653 8654 8510
f 8510 8654 8511
f 8654 8655 8511
f 8511 8655 8512
f 8655 8656 8512
f 8512 8656 8513
f 8656 8657 8513
f 8513 8657 8514
f 8657 8658 8514
f 8514 8658 8515
f 8658 8659 8515
f 8515 8659 8516
f 8659 8660 8516
f 8516 8660 8517
f 8660 8661 8517
f 8517 8661 8518
f 8661 8662 8518
f 8518 8662 8519
f 8662 8663 8519
f 8519 8663 8520
f 8663 8664 8520
f 8520 8664 8521
f 8664 8665 8521
f 8521 8665 8522
f 8665 8666 8522
f 8522 8666 8523
f 8666 8667 8523
f 8523 8667 8524
f 8667 8668 8524
f 8524 8668 8525
f 8668 8669 8525
f 8525 8669 8382
f 8669 8526 8382
f 8526 8670 8527
f 8670 8671 8527
f 8527 8671 8528
f 8671 8672 8528
f 8528 8672 8529
f 8672 8673 8529
f 8529 8673 8530
f 8673 8674 8530
f 8530 8674 8531
f 8674 8675 8531
f 8531 8675 8532
f 8675 8676 8532
f 8532 8676 8533
f 8676 8677 8533
f 8533 8677 8534
f 8677 8678 8534
f 8534 8678 8535
f 8678 8679 8535
f 8535 8679 8536
f 8679 8680 8536
f 8536 8680 8537
f 8680 8681 8537
f 8537 8681 8538
f 8681 8682 8538
f 8538 8682 8539
f 8682 8683 8539
f 8539 8683 8540
f 8683 8684 8540
f 8540 8684 8541
f 8684 8685 8541
f 8541 8685 8542
f 8685 8686 8542
f 8542 8686 8543
f 8686 8687 8543
f 8543 8687 8544
f 8687 8688 8544
f 8544 8688 8545
f 8688 8689 8545
f 8545 8689 8546
f 8689 8690 8546
f 8546 8690 8547
f 8690 8691 8547
f 8547 8691 8548
f 8691 8692 8548
f 8548 8692 8549
f 8692 8693 8549
f 8549 8693 8550
f 8693 8694 8550
f 8550 8694 8551
f 8694 8695 8551
f 8551 8695 8552
f 8695 8696 8552
f 8552 8696 8553
f 8696 8697 8553
f 8553 8697 8554
f 8697 8698 8554
f 8554 8698 8555
f 8698 8699 8555
f 8555 8699 8556
f 8699 8700 8556
f 8556 8700 8557
f 8700 8701 8557
f 8557 8701 8558
f 8701 8702 8558
f 8558 8702 8559
f 8702 8703 8559
f 8559 8703 8560
f 8703 8704 8560
f 8560 8704 8561
f 8704 8705 8561
f 8561 8705 8562
f 8705 8706 8562
f 8562 8706 8563
f 8706 8707 8563
f 8563 8707 8564
f 8707 8708 8564
f 8564 8708 8565
f 8708 8709 8565
f 8565 8709 8566
f 8709 8710 8566
f 8566 8710 8567
f 8710 8711 8567
f 8567 8711 8568
f 8711 8712 8568
f 8568 8712 8569
f 8712 8713 8569
f 8569 8713 8570
f 8713 8714 8570
f 8570 8714 8571
f 8714 8715 8571
f 8571 8715 8572
f 8715 8716 8572
f 8572 8716 8573
f 8716 8717 8573
f 8573 8717 8574
f 8717 8718 8574
f 8574 8718 8575
f 8718 8719 8575
f 8575 8719 8576
f 8719 8720 8576
f 8576 8720 8577
f 8720 8721 8577
f 8577 8721 8578
f 8721 8722 8578
f 8578 8722 8579
f 8722 8723 8579
f 8579 8723 8580
f 8723 8724 8580
f 8580 8724 8581
f 8724 8725 8581
f 8581 8725 8582
f 8725 8726 8582
f 8582 8726 8583
f 8726 8727 8583
f 8583 8727 8584
f 8727 8728 8584
f 8584 8728 8585
f 8728 8729 8585
f 8585 8729 8586
f 8729 8730 8586
f 8586 8730 8587
f 8730 8731 8587
f 8587 8731 8588
f 8731 8732 8588
f 8588 8732 8589
f 8732 8733 8589
f 8589 8733 8590
f 8733 8734 8590
f 8590 8734 8591
f 8734 8735 8591
f 8591 8735 8592
f 8735 8736 8592
f 8592 8736 8593
f 8736 8737 8593
f 8593 8737 8594
f 8737 8738 8594
f 8594 8738 8595
f 8738 8739 8595
f 8595 8739 8596
f 8739 8740 8596
f 8596 8740 8597
f 8740 8741 8597
f 8597 8741 8598
f 8741 8742 8598
f 8598 8742 8599
f 8742 8743 8599
f 8599 8743 8600
f 8743 8744 8600
f 8600 8744 8601
f 8744 8745 8601
f 8601 8745 8602
f 8745 8746 8602
f 8602 8746 8603
f 8746 8747 8603
f 8603 8747 8604
f 8747 8748 8604
f 8604 8748 8605
f 8748 8749 8605
f 8605 8749 8606
f 8749 8750 8606
f 8606 8750 8607
f 8750 8751 8607
f 8607 8751 8608
f 8751 8752 8608
f 8608 8752 8609
f 8752 8753 8609
f 8609 8753 8610
f 8753 8754 8610
f 8610 8754 8611
f 8754 8755 8611
f 8611 8755 8612
f 8755 8756 8612
f 8612 8756 8613
f 8756 8757 8613
f 8613 8757 8614
f 8757 8758 8614
f 8614 8758 8615
f 8758 8759 8615
f 8615 8759 8616
f 8759 8760 8616
f 8616 8760 8617
f 8760 8761 8617
f 8617 8761 8618
f 8761 8762 8618
f 8618 8762 8619
f 8762 8763 8619
f 8619 8763 8620
f 8763 8764 8620
f 8620 8764 8621
f 8764 8765 8621
f 8621 8765 8622
f 8765 8766 8622
f 8622 8766 8623
f 8766 8767 8623
f 8623 8767 8624
f 8767 8768 8624
f 8624 8768 8625
f 8768 8769 8625
f 8625 8769 8626
f 8769 8770 8626
f 8626 8770 8627
f 8770 8771 8627
f 8627 8771 8628
f 8771 8772 8628
f 8628 8772 8629
f 8772 8773 8629
f 8629 8773 8630
f 8773 8774 8630
f 8630 8774 8631
f 8774 8775 8631
f 8631 8775 8632
f 8775 8776 8632
f 8632 8776 8633
f 8776 8777 8633
f 8633 8777 8634
f 8777 8778 8634
f 8634 8778 8635
f 8778 8779 8635
f 8635 8779 8636
f 8779 8780 8636
f 8636 8780 8637
f 8780 8781 8637
f 8637 8781 8638
f 8781 8782 8638
f 8638 8782 8639
f 8782 8783 8639
f 8639 8783 8640
f 8783 8784 8640
f 8640 8784 8641
f 8784 8785 8641
f 8641 8785 8642
f 8785 8786 8642
f 8642 8786 8643
f 8786 8787 8643
f 8643 8787 8644
f 8787 8788 8644
f 8644 8788 8645
f 8788 8789 8645
f 8645 8789 8646
f 8789 8790 8646
f 8646 8790 8647
f 8790 8791 8647
f 8647 8791 8648
f 8791 8792 8648
f 8648 8792 8649
f 8792 8793 8649
f 8649 8793 8650
f 8793 8794 8650
f 8650 8794 8651
f 8794 8795 8651
f 8651 8795 8652
f 8795 8796 8652
f 8652 8796 8653
f 8796 8797 8653
f 8653 8797 8654
f 8797 8798 8654
f 8654 8798 8655
f 8798 8799 8655
f 8655 8799 8656
f 8799 8800 8656
f 8656 8800 8657
f 8800 8801 8657
f 8657 8801 8658
f 8801 8802 8658
f 8658 8802 8659
f 8802 8803 8659
f 8659 8803 8660
f 8803 8804 8660
f 8660 8804 8661
f 8804 8805 8661
f 8661 8805 8662
f 8805 8806 8662
f 8662 8806 8663
f 8806 8807 8663
f 8663 8807 8664
f 8807 8808 8664
f 8664 8808 8665
f 8808 8809 8665
f 8665 8809 8666
f 8809 8810 8666
f 8666 8810 8667
f 8810 8811 8667
f 8667 8811 8668
f 8811 8812 8668
f 8668 8812 8669
f 8812 8813 8669
f 8669 8813 8526
f 8813 8670 8526
f 8670 8814 8671
f 8814 8815 8671
f 8671 8815 8672
f 8815 8816 8672
f 8672 8816 8673
f 8816 8817 8673
f 8673 8817 8674
f 8817 8818 8674
f 8674 8818 8675
f 8818 8819 8675
f 8675 8819 8676
f 8819 8820 8676
f 8676 8820 8677
f 8820 8821 8677
f 8677 8821 8678
f 8821 8822 8678
f 8678 8822 8679
f 8822 8823 8679
f 8679 8823 8680
f 8823 8824 8680
f 8680 8824 8681
f 8824 8825 8681
f 8681 8825 8682
f 8825 8826 8682
f 8682 8826 8683
f 8826 8827 8683
f 8683 8827 8684
f 8827 8828 8684
f 8684 8828 8685
f 8828 8829 8685
f 8685 8829 8686
f 8829 8830 8686
f 8686 8830 8687
f 8830 8831 8687
f 8687 8831 8688
f 8831 8832 8688
f 8688 8832 8689
f 8832 8833 8689
f 8689 8833 8690
f 8833 8834 8690
f 8690 8834 8691
f 8834 8835 8691
f 8691 8835 8692
f 8835 8836 8692
f 8692 8836 8693
f 8836 8837 8693
f 8693 8837 8694
f 8837 8838 8694
f 8694 8838 8695
f 8838 8839 8695
f 8695 8839 8696
f 8839 8840 8696
f 8696 8840 8697
f 8840 8841 8697
f 8697 8841 8698
f 8841 8842 8698
f 8698 8842 8699
f 8842 8843 8699
f 8699 8843 8700
f 8843 8844 8700
f 8700 8844 8701
f 8844 8845 8701
f 8701 8845 8702
f 8845 8846 8702
f 8702 8846 8703
f 8846 8847 8703
f 8703 8847 8704
f 8847 8848 8704
f 8704 8848 8705
f 8848 8849 8705
f 8705 8849 8706
f 8849 8850 8706
f 8706 8850 8707
f 8850 8851 8707
f 8707 8851 8708
f 8851 8852 8708
f 8708 8852 8709
f 8852 8853 8709
f 8709 8853 8710
f 8853 8854 8710
f 8710 8854 8711
f 8854 8855 8711
f 8711 8855 8712
f 8855 8856 8712
f 8712 8856 8713
f 8856 8857 8713
f 8713 8857 8714
f 8857 8858 8714
f 8714 8858 8715
f 8858 8859 8715
f 8715 8859 8716
f 8859 8860 8716
f 8716 8860 8717
f 8860 8861 8717
f 8717 8861 8718
f 8861 8862 8718
f 8718 8862 8719
f 8862 8863 8719
f 8719 8863 8720
f 8863 8864 8720
f 8720 8864 8721
f 8864 8865 8721
f 8721 8865 8722
f 8865 8866 8722
f 8722 8866 8723
f 8866 8867 8723
f 8723 8867 8724
f 8867 8868 8724
f 8724 8868 8725
f 8868 8869 8725
f 8725 8869 8726
f 8869 8870 8726
f 8726 8870 8727
f 8870 8871 8727
f 8727 8871 8728
f 8871 8872 8728
f 8728 8872 8729
f 8872 8873 8729
f 8729 8873 8730
f 8873 8874 8730
f 8730 8874 8731
f 8874 8875 8731
f 8731 8875 8732
f 8875 8876 8732
f 8732 8876 8733
f 8876 8877 8733
f 8733 8877 8734
f 8877 8878 8734
f 8734 8878 8735
f 8878 8879 8735
f 8735 8879 8736
f 8879 8880 8736
f 8736 8880 8737
f 8880 8881 8737
f 8737 8881 8738
f 8881 8882 8738
f 8738 8882 8739
f 8882 8883 8739
f 8739 8883 8740
f 8883 8884 8740
f 8740 8884 8741
f 8884 8885 8741
f 8741 8885 8742
f 8885 8886 8742
f 8742 8886 8743
f 8886 8887 8743
f 8743 8887 8744
f 8887 8888 8744
f 8744 8888 8745
f 8888 8889 8745
f 8745 8889 8746
f 8889 8890 8746
f 8746 8890 8747
f 8890 8891 8747
f 8747 8891 8748
f 8891 8892 8748
f 8748 8892 8749
f 8892 8893 8749
f 8749 8893 8750
f 8893 8894 8750
f 8750 8894 8751
f 8894 8895 8751
f 8751 8895 8752
f 8895 8896 8752
f 8752 8896 8753
f 8896 8897 8753
f 8753 8897 8754
f 8897 8898 8754
f 8754 8898 8755
f 8898 8899 8755
f 8755 8899 8756
f 8899 8900 8756
f 8756 8900 8757
f 8900 8901 8757
f 8757 8901 8758
f 8901 8902 8758
f 8758 8902 8759
f 8902 8903 8759
f 8759 8903 8760
f 8903 8904 8760
f 8760 8904 8761
f 8904 8905 8761
f 8761 8905 8762
f 8905 8906 8762
f 8762 8906 8763
f 8906 8907 8763
f 8763 8907 8764
f 8907 8908 8764
f 8764 8908 8765
f 8908 8909 8765
f 8765 8909 8766
f 8909 8910 8766
f 8766 8910 8767
f 8910 8911 8767
f 8767 8911 8768
f 8911 8912 8768
f 8768 8912 8769
f 8912 8913 8769
f 8769 8913 8770
f 8913 8914 8770
f 8770 8914 8771
f 8914 8915 8771
f 8771 8915 8772
f 8915 8916 8772
f 8772 8916 8773
f 8916 8917 8773
f 8773 8917 8774
f 8917 8918 8774
f 8774 8918 8775
f 8918 8919 8775
f 8775 8919 8776
f 8919 8920 8776
f 8776 8920 8777
f 8920 8921 8777
f 8777 8921 8778
f 8921 8922 8778
f 8778 8922 8779
f 8922 8923 8779
f 8779 8923 8780
f 8923 8924 8780
f 8780 8924 8781
f 8924 8925 8781
f 8781 8925 8782
f 8925 8926 8782
f 8782 8926 8783
f 8926 8927 8783
f 8783 8927 8784
f 8927 8928 8784
f 8784 8928 8785
f 8928 8929 8785
f 8785 8929 8786
f 8929 8930 8786
f 8786 8930 8787
f 8930 8931 8787
f 8787 8931 8788
f 8931 8932 8788
f 8788 8932 8789
f 8932 8933 8789
f 8789 8933 8790
f 8933 8934 8790
f 8790 8934 8791
f 8934 8935 8791
f 8791 8935 8792
f 8935 8936 8792
f 8792 8936 8793
f 8936 8937 8793
f 8793 8937 8794
f 8937 8938 8794
f 8794 8938 8795
f 8938 8939 8795
f 8795 8939 8796
f 8939 8940 8796
f 8796 8940 8797
f 8940 8941 8797
f 8797 8941 8798
f 8941 8942 8798
f 8798 8942 8799
f 8942 8943 8799
f 8799 8943 8800
f 8943 8944 8800
f 8800 8944 8801
f 8944 8945 8801
f 8801 8945 8802
f 8945 8946 8802
f 8802 8946 8803
f 8946 8947 8803
f 8803 8947 8804
f 8947 8948 8804
f 8804 8948 8805
f 8948 8949 8805
f 8805 8949 8806
f 8949 8950 8806
f 8806 8950 8807
f 8950 8951 8807
f 8807 8951 8808
f 8951 8952 8808
f 8808 8952 8809
f 8952 8953 8809
f 8809 8953 8810
f 8953 8954 8810
f 8810 8954 8811
f 8954 8955 8811
f 8811 8955 8812
f 8955 8956 8812
f 8812 8956 8813
f 8956 8957 8813
f 8813 8957 8670
f 8957 8814 8670
f 8814 8958 8815
f 8958 8959 8815
f 8815 8959 8816
f 8959 8960 8816
f 8816 8960 8817
f 8960 8961 8817
f 8817 8961 8818
f 8961 8962 8818
f 8818 8962 8819
f 8962 8963 8819
f 8819 8963 8820
f 8963 8964 8820
f 8820 8964 8821
f 8964 8965 8821
f 8821 8965 8822
f 8965 8966 8822
f 8822 8966 8823
f 8966 8967 8823
f 8823 8967 8824
f 8967 8968 8824
f 8824 8968 8825
f 8968 8969 8825
f 8825 8969 8826
f 8969 8970 8826
f 8826 8970 8827
f 8970 8971 8827
f 8827 8971 8828
f 8971 8972 8828
f 8828 8972 8829
f 8972 8973 8829
f 8829 8973 8830
f 8973 8974 8830
f 8830 8974 8831
f 8974 8975 8831
f 8831 8975 8832
f 8975 8976 8832
f 8832 8976 8833
f 8976 8977 8833
f 8833 8977 8834
f 8977 8978 8834
f 8834 8978 8835
f 8978 8979 8835
f 8835 8979 8836
f 8979 8980 8836
f 8836 8980 8837
f 8980 8981 8837
f 8837 8981 8838
f 8981 8982 8838
f 8838 8982 8839
f 8982 8983 8839
f 8839 8983 8840
f 8983 8984 8840
f 8840 8984 8841
f 8984 8985 8841
f 8841 8985 8842
f 8985 8986 8842
f 8842 8986 8843
f 8986 8987 8843
f 8843 8987 8844
f 8987 8988 8844
f 8844 8988 8845
f 8988 8989 8845
f 8845 8989 8846
f 8989 8990 8846
f 8846 8990 8847
f 8990 8991 8847
f 8847 8991 8848
f 8991 8992 8848
f 8848 8992 8849
f 8992 8993 8849
f 8849 8993 8850
f 8993 8994 8850
f 8850 8994 8851
f 8994 8995 8851
f 8851 8995 8852
f 8995 8996 8852
f 8852 8996 8853
f 8996 8997 8853
f 8853 8997 8854
f 8997 8998 8854
f 8854 8998 8855
f 8998 8999 8855
f 8855 8999 8856
f 8999 9000 8856
f 8856 9000 8857
f 9000 9001 8857
f 8857 9001 8858
f 9001 9002 8858
f 8858 9002 8859
f 9002 9003 8859
f 8859 9003 8860
f 9003 9004 8860
f 8860 9004 8861
f 9004 9005 8861
f 8861 9005 8862
f 9005 9006 8862
f 8862 9006 8863
f 9006 9007 8863
f 8863 9007 8864
f 9007 9008 8864
f 8864 9008 8865
f 9008 9009 8865
f 8865 9009 8866
f 9009 9010 8866
f 8866 9010 8867
f 9010 9011 8867
f 8867 9011 8868
f 9011 9012 8868
f 8868 9012 8869
f 9012 9013 8869
f 8869 9013 8870
f 9013 9014 8870
f 8870 9014 8871
f 9014 9015 8871
f 8871 9015 8872
f 9015 9016 8872
f 8872 9016 8873
f 9016 9017 8873
f 8873 9017 8874
f 9017 9018 8874
f 8874 9018 8875
f 9018 9019 8875
f 8875 9019 8876
f 9019 9020 8876
f 8876 9020 8877
f 9020 9021 8877
f 8877 9021 8878
f 9021 9022 8878
f 8878 9022 8879
f 9022 9023 8879
f 8879 9023 8880
f 9023 9024 8880
f 8880 9024 8881
f 9024 9025 8881
f 8881 9025 8882
f 9025 9026 8882
f 8882 9026 8883
f 9026 9027 8883
f 8883 9027 8884
f 9027 9028 8884
f 8884 9028 8885
f 9028 9029 8885
f 8885 9029 8886
f 9029 9030 8886
f 8886 9030 8887
f 9030 9031 8887
f 8887 9031 8888
f 9031 9032 8888
f 8888 9032 8889
f 9032 9033 8889
f 8889 9033 8890
f 9033 9034 8890
f 8890 9034 8891
f 9034 9035 8891
f 8891 9035 8892
f 9035 9036 8892
f 8892 9036 8893
f 9036 9037 8893
f 8893 9037 8894
f 9037 9038 8894
f 8894 9038 8895
f 9038 9039 8895
f 8895 9039 8896
f 9039 9040 8896
f 8896 9040 8897
f 9040 9041 8897
f 8897 9041 8898
f 9041 9042 8898
f 8898 9042 8899
f 9042 9043 8899
f 8899 9043 8900
f 9043 9044 8900
f 8900 9044 8901
f 9044 9045 8901
f 8901 9045 8902
f 9045 9046 8902
f 8902 9046 8903
f 9046 9047 8903
f 8903 9047 8904
f 9047 9048 8904
f 8904 9048 8905
f 9048 9049 8905
f 8905 9049 8906
f 9049 9050 8906
f 8906 9050 8907
f 9050 9051 8907
f 8907 9051 8908
f 9051 9052 8908
f 8908 9052 8909
f 9052 9053 8909
f 8909 9053 8910
f 9053 9054 8910
f 8910 9054 8911
f 9054 9055 8911
f 8911 9055 8912
f 9055 9056 8912
f 8912 9056 8913
f 9056 9057 8913
f 8913 9057 8914
f 9057 9058 8914
f 8914 9058 8915
f 9058 9059 8915
f 8915 9059 8916
f 9059 9060 8916
f 8916 9060 8917
f 9060 9061 8917
f 8917 9061 8918
f 9061 9062 8918
f 8918 9062 8919
f 9062 9063 8919
f 8919 9063 8920
f 9063 9064 8920
f 8920 9064 8921
f 9064 9065 8921
f 8921 9065 8922
f 9065 9066 8922
f 8922 9066 8923
f 9066 9067 8923
f 8923 9067 8924
f 9067 9068 8924
f 8924 9068 8925
f 9068 9069 8925
f 8925 9069 8926
f 9069 9070 8926
f 8926 9070 8927
f 9070 9071 8927
f 8927 9071 8928
f 9071 9072 8928
f 8928 9072 8929
f 9072 9073 8929
f 8929 9073 8930
f 9073 9074 8930
f 8930 9074 8931
f 9074 9075 8931
f 8931 9075 8932
f 9075 9076 8932
f 8932 9076 8933
f 9076 9077 8933
f 8933 9077 8934
f 9077 9078 8934
f 8934 9078 8935
f 9078 9079 8935
f 8935 9079 8936
f 9079 9080 8936
f 8936 9080 8937
f 9080 9081 8937
f 8937 9081 8938
f 9081 9082 8938
f 8938 9082 8939
f 9082 9083 8939
f 8939 9083 8940
f 9083 9084 8940
f 8940 9084 8941
f 9084 9085 8941
f 8941 9085 8942
f 9085 9086 8942
f 8942 9086 8943
f 9086 9087 8943
f 8943 9087 8944
f 9087 9088 8944
f 8944 9088 8945
f 9088 9089 8945
f 8945 9089 8946
f 9089 9090 8946
f 8946 9090 8947
f 9090 9091 8947
f 8947 9091 8948
f 9091 9092 8948
f 8948 9092 8949
f 9092 9093 8949
f 8949 9093 8950
f 9093 9094 8950
f 8950 9094 8951
f 9094 9095 8951
f 8951 9095 8952
f 9095 9096 8952
f 8952 9096 8953
f 9096 9097 8953
f 8953 9097 8954
f 9097 9098 8954
f 8954 9098 8955
f 9098 9099 8955
f 8955 9099 8956
f 9099 9100 8956
f 8956 9100 8957
f 9100 9101 8957
f 8957 9101 8814
f 9101 8958 8814
f 8958 9102 8959
f 9102 9103 8959
f 8959 9103 8960
f 9103 9104 8960
f 8960 9104 8961
f 9104 9105 8961
f 8961 9105 8962
f 9105 9106 8962
f 8962 9106 8963
f 9106 9107 8963
f 8963 9107 8964
f 9107 9108 8964
f 8964 9108 8965
f 9108 9109 8965
f 8965 9109 8966
f 9109 9110 8966
f 8966 9110 8967
f 9110 9111 8967
f 8967 9111 8968
f 9111 9112 8968
f 8968 9112 8969
f 9112 9113 8969
f 8969 9113 8970
f 9113 9114 8970
f 8970 9114 8971
f 9114 9115 8971
f 8971 9115 8972
f 9115 9116 8972
f 8972 9116 8973
f 9116 9117 8973
f 8973 9117 8974
f 9117 9118 8974
f 8974 9118 8975
f 9118 9119 8975
f 8975 9119 8976
f 9119 9120 8976
f 8976 9120 8977
f 9120 9121 8977
f 8977 9121 8978
f 9121 9122 8978
f 8978 9122 8979
f 9122 9123 8979
f 8979 9123 8980
f 9123 9124 8980
f 8980 9124 8981
f 9124 9125 8981
f 8981 9125 8982
f 9125 9126 8982
f 8982 9126 8983
f 9126 9127 8983
f 8983 9127 8984
f 9127 9128 8984
f 8984 9128 8985
f 9128 9129 8985
f 8985 9129 8986
f 9129 9130 8986
f 8986 9130 8987
f 9130 9131 8987
f 8987 9131 8988
f 9131 9132 8988
f 8988 9132 8989
f 9132 9133 8989
f 8989 9133 8990
f 9133 9134 8990
f 8990 9134 8991
f 9134 9135 8991
f 8991 9135 8992
f 9135 9136 8992
f 8992 9136 8993
f 9136 9137 8993
f 8993 9137 8994
f 9137 9138 8994
f 8994 9138 8995
f 9138 9139 8995
f 8995 9139 8996
f 9139 9140 8996
f 8996 9140 8997
f 9140 9141 8997
f 8997 9141 8998
f 9141 9142 8998
f 8998 9142 8999
f 9142 9143 8999
f 8999 9143 9000
f 9143 9144 9000
f 9000 9144 9001
f 9144 9145 9001
f 9001 9145 9002
f 9145 9146 9002
f 9002 9146 9003
f 9146 9147 9003
f 9003 9147 9004
f 9147 9148 9004
f 9004 9148 9005
f 9148 9149 9005
f 9005 9149 9006
f 9149 9150 9006
f 9006 9150 9007
f 9150 9151 9007
f 9007 9151 9008
f 9151 9152 9008
f 9008 9152 9009
f 9152 9153 9009
f 9009 9153 9010
f 9153 9154 9010
f 9010 9154 9011
f 9154 9155 9011
f 9011 9155 9012
f 9155 9156 9012
f 9012 9156 9013
f 9156 9157 9013
f 9013 9157 9014
f 9157 9158 9014
f 9014 9158 9015
f 9158 9159 9015
f 9015 9159 9016
f 9159 9160 9016
f 9016 9160 9017
f 9160 9161 9017
f 9017 9161 9018
f 9161 9162 9018
f 9018 9162 9019
f 9162 9163 9019
f 9019 9163 9020
f 9163 9164 9020
f 9020 9164 9021
f 9164 9165 9021
f 9021 9165 9022
f 9165 9166 9022
f 9022 9166 9023
f 9166 9167 9023
f 9023 9167 9024
f 9167 9168 9024
f 9024 9168 9025
f 9168 9169 9025
f 9025 9169 9026
f 9169 9170 9026
f 9026 9170 9027
f 9170 9171 9027
f 9027 9171 9028
f 9171 9172 9028
f 9028 9172 9029
f 9172 9173 9029
f 9029 9173 9030
f 9173 9174 9030
f 9030 9174 9031
f 9174 9175 9031
f 9031 9175 9032
f 9175 9176 9032
f 9032 9176 9033
f 9176 9177 9033
f 9033 9177 9034
f 9177 9178 9034
f 9034 9178 9035
f 9178 9179 9035
f 9035 9179 9036
f 9179 9180 9036
f 9036 9180 9037
f 9180 9181 9037
f 9037 9181 9038
f 9181 9182 9038
f 9038 9182 9039
f 9182 9183 9039
f 9039 9183 9040
f 9183 9184 9040
f 9040 9184 9041
f 9184 9185 9041
f 9041 9185 9042
f 9185 9186 9042
f 9042 9186 9043
f 9186 9187 9043
f 9043 9187 9044
f 9187 9188 9044
f 9044 9188 9045
f 9188 9189 9045
f 9045 9189 9046
f 9189 9190 9046
f 9046 9190 9047
f 9190 9191 9047
f 9047 9191 9048
f 9191 9192 9048
f 9048 9192 9049
f 9192 9193 9049
f 9049 9193 9050
f 9193 9194 9050
f 9050 9194 9051
f 9194 9195 9051
f 9051 9195 9052
f 9195 9196 9052
f 9052 9196 9053
f 9196 9197 9053
f 9053 9197 9054
f 9197 9198 9054
f 9054 9198 9055
f 9198 9199 9055
f 9055 9199 9056
f 9199 9200 9056
f 9056 9200 9057
f 9200 9201 9057
f 9057 9201 9058
f 9201 9202 9058
f 9058 9202 9059
f 9202 9203 9059
f 9059 9203 9060
f 9203 9204 9060
f 9060 9204 9061
f 9204 9205 9061
f 9061 9205 9062
f 9205 9206 9062
f 9062 9206 9063
f 9206 9207 9063
f 9063 9207 9064
f 9207 9208 9064
f 9064 9208 9065
f 9208 9209 9065
f 9065 9209 9066
f 9209 9210 9066
f 9066 9210 9067
f 9210 9211 9067
f 9067 9211 9068
f 9211 9212 9068
f 9068 9212 9069
f 9212 9213 9069
f 9069 9213 9070
f 9213 9214 9070
f 9070 9214 9071
f 9214 9215 9071
f 9071 9215 9072
f 9215 9216 9072
f 9072 9216 9073
f 9216 9217 9073
f 9073 9217 9074
f 9217 9218 9074
f 9074 9218 9075
f 9218 9219 9075
f 9075 9219 9076
f 9219 9220 9076
f 9076 9220 9077
f 9220 9221 9077
f 9077 9221 9078
f 9221 9222 9078
f 9078 9222 9079
f 9222 9223 9079
f 9079 9223 9080
f 9223 9224 9080
f 9080 9224 9081
f 9224 9225 9081
f 9081 9225 9082
f 9225 9226 9082
f 9082 9226 9083
f 9226 9227 9083
f 9083 9227 9084
f 9227 9228 9084
f 9084 9228 9085
f 9228 9229 9085
f 9085 9229 9086
f 9229 9230 9086
f 9086 9230 9087
f 9230 9231 9087
f 9087 9231 9088
f 9231 9232 9088
f 9088 9232 9089
f 9232 9233 9089
f 9089 9233 9090
f 9233 9234 9090
f 9090 9234 9091
f 9234 9235 9091
f 9091 9235 9092
f 9235 9236 9092
f 9092 9236 9093
f 9236 9237 9093
f 9093 9237 9094
f 9237 9238 9094
f 9094 9238 9095
f 9238 9239 9095
f 9095 9239 9096
f 9239 9240 9096
f 9096 9240 9097
f 9240 9241 9097
f 9097 9241 9098
f 9241 9242 9098
f 9098 9242 9099
f 9242 9243 9099
f 9099 9243 9100
f 9243 9244 9100
f 9100 9244 9101
f 9244 9245 9101
f 9101 9245 8958
f 9245 9102 8958
f 9102 9246 9103
f 9246 9247 9103
f 9103 9247 9104
f 9247 9248 9104
f 9104 9248 9105
f 9248 9249 9105
f 9105 9249 9106
f 9249 9250 9106
f 9106 9250 9107
f 9250 9251 9107
f 9107 9251 9108
f 9251 9252 9108
f 9108 9252 9109
f 9252 9253 9109
f 9109 9253 9110
f 9253 9254 9110
f 9110 9254 9111
f 9254 9255 9111
f 9111 9255 9112
f 9255 9256 9112
f 9112 9256 9113
f 9256 9257 9113
f 9113 9257 9114
f 9257 9258 9114
f 9114 9258 9115
f 9258 9259 9115
f 9115 9259 9116
f 9259 9260 9116
f 9116 9260 9117
f 9260 9261 9117
f 9117 9261 9118
f 9261 9262 9118
f 9118 9262 9119
f 9262 9263 9119
f 9119 9263 9120
f 9263 9264 9120
f 9120 9264 9121
f 9264 9265 9121
f 9121 9265 9122
f 9265 9266 9122
f 9122 9266 9123
f 9266 9267 9123
f 9123 9267 9124
f 9267 9268 9124
f 9124 9268 9125
f 9268 9269 9125
f 9125 9269 9126
f 9269 9270 9126
f 9126 9270 9127
f 9270 9271 9127
f 9127 9271 9128
f 9271 9272 9128
f 9128 9272 9129
f 9272 9273 9129
f 9129 9273 9130
f 9273 9274 9130
f 9130 9274 9131
f 9274 9275 9131
f 9131 9275 9132
f 9275 9276 9132
f 9132 9276 9133
f 9276 9277 9133
f 9133 9277 9134
f 9277 9278 9134
f 9134 9278 9135
f 9278 9279 9135
f 9135 9279 9136
f 9279 9280 9136
f 9136 9280 9137
f 9280 9281 9137
f 9137 9281 9138
f 9281 9282 9138
f 9138 9282 9139
f 9282 9283 9139
f 9139 9283 9140
f 9283 9284 9140
f 9140 9284 9141
f 9284 9285 9141
f 9141 9285 9142
f 9285 9286 9142
f 9142 9286 9143
f 9286 9287 9143
f 9143 9287 9144
f 9287 9288 9144
f 9144 9288 9145
f 9288 9289 9145
f 9145 9289 9146
f 9289 9290 9146
f 9146 9290 9147
f 9290 9291 9147
f 9147 9291 9148
f 9291 9292 9148
f 9148 9292 9149
f 9292 9293 9149
f 9149 9293 9150
f 9293 9294 9150
f 9150 9294 9151
f 9294 9295 9151
f 9151 9295 9152
f 9295 9296 9152
f 9152 9296 9153
f 9296 9297 9153
f 9153 9297 9154
f 9297 9298 9154
f 9154 9298 9155
f 9298 9299 9155
f 9155 9299 9156
f 9299 9300 9156
f 9156 9300 9157
f 9300 9301 9157
f 9157 9301 9158
f 9301 9302 9158
f 9158 9302 9159
f 9302 9303 9159
f 9159 9303 9160
f 9303 9304 9160
f 9160 9304 9161
f 9304 9305 9161
f 9161 9305 9162
f 9305 9306 9162
f 9162 9306 9163
f 9306 9307 9163
f 9163 9307 9164
f 9307 9308 9164
f 9164 9308 9165
f 9308 9309 9165
f 9165 9309 9166
f 9309 9310 9166
f 9166 9310 9167
f 9310 9311 9167
f 9167 9311 9168
f 9311 9312 9168
f 9168 9312 9169
f 9312 9313 9169
f 9169 9313 9170
f 9313 9314 9170
f 9170 9314 9171
f 9314 9315 9171
f 9171 9315 9172
f 9315 9316 9172
f 9172 9316 9173
f 9316 9317 9173
f 9173 9317 9174
f 9317 9318 9174
f 9174 9318 9175
f 9318 9319 9175
f 9175 9319 9176
f 9319 9320 9176
f 9176 9320 9177
f 9320 9321 9177
f 9177 9321 9178
f 9321 9322 9178
f 9178 9322 9179
f 9322 9323 9179
f 9179 9323 9180
f 9323 9324 9180
f 9180 9324 9181
f 9324 9325 9181
f 9181 9325 9182
f 9325 9326 9182
f 9182 9326 9183
f 9326 9327 9183
f 9183 9327 9184
f 9327 9328 9184
f 9184 9328 9185
f 9328 9329 9185
f 9185 9329 9186
f 9329 9330 9186
f 9186 9330 9187
f 9330 9331 9187
f 9187 9331 9188
f 9331 9332 9188
f 9188 9332 9189
f 9332 9333 9189
f 9189 9333 9190
f 9333 9334 9190
f 9190 9334 9191
f 9334 9335 9191
f 9191 9335 9192
f 9335 9336 9192
f 9192 9336 9193
f 9336 9337 9193
f 9193 9337 9194
f 9337 9338 9194
f 9194 9338 9195
f 9338 9339 9195
f 9195 9339 9196
f 9339 9340 9196
f 9196 9340 9197
f 9340 9341 9197
f 9197 9341 9198
f 9341 9342 9198
f 9198 9342 9199
f 9342 9343 9199
f 9199 9343 9200
f 9343 9344 9200
f 9200 9344 9201
f 9344 9345 9201
f 9201 9345 9202
f 9345 9346 9202
f 9202 9346 9203
f 9346 9347 9203
f 9203 9347 9204
f 9347 9348 9204
f 9204 9348 9205
f 9348 9349 9205
f 9205 9349 9206
f 9349 9350 9206
f 9206 9350 9207
f 9350 9351 9207
f 9207 9351 9208
f 9351 9352 9208
f 9208 9352 9209
f 9352 9353 9209
f 9209 9353 9210
f 9353 9354 9210
f 9210 9354 9211
f 9354 9355 9211
f 9211 9355 9212
f 9355 9356 9212
f 9212 9356 9213
f 9356 9357 9213
f 9213 9357 9214
f 9357 9358 9214
f 9214 9358 9215
f 9358 9359 9215
f 9215 9359 9216
f 9359 9360 9216
f 9216 9360 9217
f 9360 9361 9217
f 9217 9361 9218
f 9361 9362 9218
f 9218 9362 9219
f 9362 9363 9219
f 9219 9363 9220
f 9363 9364 9220
f 9220 9364 9221
f 9364 9365 9221
f 9221 9365 9222
f 9365 9366 9222
f 9222 9366 9223
f 9366 9367 9223
f 9223 9367 9224
f 9367 9368 9224
f 9224 9368 9225
f 9368 9369 9225
f 9225 9369 9226
f 9369 9370 9226
f 9226 9370 9227
f 9370 9371 9227
f 9227 9371 9228
f 9371 9372 9228
f 9228 9372 9229
f 9372 9373 9229
f 9229 9373 9230
f 9373 9374 9230
f 9230 9374 9231
f 9374 9375 9231
f 9231 9375 9232
f 9375 9376 9232
f 9232 9376 9233
f 9376 9377 9233
f 9233 9377 9234
f 9377 9378 9234
f 9234 9378 9235
f 9378 9379 9235
f 9235 9379 9236
f 9379 9380 9236
f 9236 9380 9237
f 9380 9381 9237
f 9237 9381 9238
f 9381 9382 9238
f 9238 9382 9239
f 9382 9383 9239
f 9239 9383 9240
f 9383 9384 9240
f 9240 9384 9241
f 9384 9385 9241
f 9241 9385 9242
f 9385 9386 9242
f 9242 9386 9243
f 9386 9387 9243
f 9243 9387 9244
f 9387 9388 9244
f 9244 9388 9245
f 9388 9389 9245
f 9245 9389 9102
f 9389 9246 9102
f 9246 9390 9247
f 9390 9391 9247
f 9247 9391 9248
f 9391 9392 9248
f 9248 9392 9249
f 9392 9393 9249
f 9249 9393 9250
f 9393 9394 9250
f 9250 9394 9251
f 9394 9395 9251
f 9251 9395 9252
f 9395 9396 9252
f 9252 9396 9253
f 9396 9397 9253
f 9253 9397 9254
f 9397 9398 9254
f 9254 9398 9255
f 9398 9399 9255
f 9255 9399 9256
f 9399 9400 9256
f 9256 9400 9257
f 9400 9401 9257
f 9257 9401 9258
f 9401 9402 9258
f 9258 9402 9259
f 9402 9403 9259
f 9259 9403 9260
f 9403 9404 9260
f 9260 9404 9261
f 9404 9405 9261
f 9261 9405 9262
f 9405 9406 9262
f 9262 9406 9263
f 9406 9407 9263
f 9263 9407 9264
f 9407 9408 9264
f 9264 9408 9265
f 9408 9409 9265
f 9265 9409 9266
f 9409 9410 9266
f 9266 9410 9267
f 9410 9411 9267
f 9267 9411 9268
f 9411 9412 9268
f 9268 9412 9269
f 9412 9413 9269
f 9269 9413 9270
f 9413 9414 9270
f 9270 9414 9271
f 9414 9415 9271
f 9271 9415 9272
f 9415 9416 9272
f 9272 9416 9273
f 9416 9417 9273
f 9273 9417 9274
f 9417 9418 9274
f 9274 9418 9275
f 9418 9419 9275
f 9275 9419 9276
f 9419 9420 9276
f 9276 9420 9277
f 9420 9421 9277
f 9277 9421 9278
f 9421 9422 9278
f 9278 9422 9279
f 9422 9423 9279
f 9279 9423 9280
f 9423 9424 9280
f 9280 9424 9281
f 9424 9425 9281
f 9281 9425 9282
f 9425 9426 9282
f 9282 9426 9283
f 9426 9427 9283
f 9283 9427 9284
f 9427 9428 9284
f 9284 9428 9285
f 9428 9429 9285
f 9285 9429 9286
f 9429 9430 9286
f 9286 9430 9287
f 9430 9431 9287
f 9287 9431 9288
f 9431 9432 9288
f 9288 9432 9289
f 9432 9433 9289
f 9289 9433 9290
f 9433 9434 9290
f 9290 9434 9291
f 9434 9435 9291
f 9291 9435 9292
f 9435 9436 9292
f 9292 9436 9293
f 9436 9437 9293
f 9293 9437 9294
f 9437 9438 9294
f 9294 9438 9295
f 9438 9439 9295
f 9295 9439 9296
f 9439 9440 9296
f 9296 9440 9297
f 9440 9441 9297
f 9297 9441 9298
f 9441 9442 9298
f 9298 9442 9299
f 9442 9443 9299
f 9299 9443 9300
f 9443 9444 9300
f 9300 9444 9301
f 9444 9445 9301
f 9301 9445 9302
f 9445 9446 9302
f 9302 9446 9303
f 9446 9447 9303
f 9303 9447 9304
f 9447 9448 9304
f 9304 9448 9305
f 9448 9449 9305
f 9305 9449 9306
f 9449 9450 9306
f 9306 9450 9307
f 9450 9451 9307
f 9307 9451 9308
f 9451 9452 9308
f 9308 9452 9309
f 9452 9453 9309
f 9309 9453 9310
f 9453 9454 9310
f 9310 9454 9311
f 9454 9455 9311
f 9311 9455 9312
f 9455 9456 9312
f 9312 9456 9313
f 9456 9457 9313
f 9313 9457 9314
f 9457 9458 9314
f 9314 9458 9315
f 9458 9459 9315
f 9315 9459 9316
f 9459 9460 9316
f 9316 9460 9317
f 9460 9461 9317
f 9317 9461 9318
f 9461 9462 9318
f 9318 9462 9319
f 9462 9463 9319
f 9319 9463 9320
f 9463 9464 9320
f 9320 9464 9321
f 9464 9465 9321
f 9321 9465 9322
f 9465 9466 9322
f 9322 9466 9323
f 9466 9467 9323
f 9323 9467 9324
f 9467 9468 9324
f 9324 9468 9325
f 9468 9469 9325
f 9325 9469 9326
f 9469 9470 9326
f 9326 9470 9327
f 9470 9471 9327
f 9327 9471 9328
f 9471 9472 9328
f 9328 9472 9329
f 9472 9473 9329
f 9329 9473 9330
f 9473 9474 9330
f 9330 9474 9331
f 9474 9475 9331
f 9331 9475 9332
f 9475 9476 9332
f 9332 9476 9333
f 9476 9477 9333
f 9333 9477 9334
f 9477 9478 9334
f 9334 9478 9335
f 9478 9479 9335
f 9335 9479 9336
f 9479 9480 9336
f 9336 9480 9337
f 9480 9481 9337
f 9337 9481 9338
f 9481 9482 9338
f 9338 9482 9339
f 9482 9483 9339
f 9339 9483 9340
f 9483 9484 9340
f 9340 9484 9341
f 9484 9485 9341
f 9341 9485 9342
f 9485 9486 9342
f 9342 9486 9343
f 9486 9487 9343
f 9343 9487 9344
f 9487 9488 9344
f 9344 9488 9345
f 9488 9489 9345
f 9345 9489 9346
f 9489 9490 9346
f 9346 9490 9347
f 9490 9491 9347
f 9347 9491 9348
f 9491 9492 9348
f 9348 9492 9349
f 9492 9493 9349
f 9349 9493 9350
f 9493 9494 9350
f 9350 9494 9351
f 9494 9495 9351
f 9351 9495 9352
f 9495 9496 9352
f 9352 9496 9353
f 9496 9497 9353
f 9353 9497 9354
f 9497 9498 9354
f 9354 9498 9355
f 9498 9499 9355
f 9355 9499 9356
f 9499 9500 9356
f 9356 9500 9357
f 9500 9501 9357
f 9357 9501 9358
f 9501 9502 9358
f 9358 9502 9359
f 9502 9503 9359
f 9359 9503 9360
f 9503 9504 9360
f 9360 9504 9361
f 9504 9505 9361
f 9361 9505 9362
f 9505 9506 9362
f 9362 9506 9363
f 9506 9507 9363
f 9363 9507 9364
f 9507 9508 9364
f 9364 9508 9365
f 9508 9509 9365
f 9365 9509 9366
f 9509 9510 9366
f 9366 9510 9367
f 9510 9511 9367
f 9367 9511 9368
f 9511 9512 9368
f 9368 9512 9369
f 9512 9513 9369
f 9369 9513 9370
f 9513 9514 9370
f 9370 9514 9371
f 9514 9515 9371
f 9371 9515 9372
f 9515 9516 9372
f 9372 9516 9373
f 9516 9517 9373
f 9373 9517 9374
f 9517 9518 9374
f 9374 9518 9375
f 9518 9519 9375
f 9375 9519 9376
f 9519 9520 9376
f 9376 9520 9377
f 9520 9521 9377
f 9377 9521 9378
f 9521 9522 9378
f 9378 9522 9379
f 9522 9523 9379
f 9379 9523 9380
f 9523 9524 9380
f 9380 9524 9381
f 9524 9525 9381
f 9381 9525 9382
f 9525 9526 9382
f 9382 9526 9383
f 9526 9527 9383
f 9383 9527 9384
f 9527 9528 9384
f 9384 9528 9385
f 9528 9529 9385
f 9385 9529 9386
f 9529 9530 9386
f 9386 9530 9387
f 9530 9531 9387
f 9387 9531 9388
f 9531 9532 9388
f 9388 9532 9389
f 9532 9533 9389
f 9389 9533 9246
f 9533 9390 9246
f 9390 9534 9391
f 9534 9535 9391
f 9391 9535 9392
f 9535 9536 9392
f 9392 9536 9393
f 9536 9537 9393
f 9393 9537 9394
f 9537 9538 9394
f 9394 9538 9395
f 9538 9539 9395
f 9395 9539 9396
f 9539 9540 9396
f 9396 9540 9397
f 9540 9541 9397
f 9397 9541 9398
f 9541 9542 9398
f 9398 9542 9399
f 9542 9543 9399
f 9399 9543 9400
f 9543 9544 9400
f 9400 9544 9401
f 9544 9545 9401
f 9401 9545 9402
f 9545 9546 9402
f 9402 9546 9403
f 9546 9547 9403
f 9403 9547 9404
f 9547 9548 9404
f 9404 9548 9405
f 9548 9549 9405
f 9405 9549 9406
f 9549 9550 9406
f 9406 9550 9407
f 9550 9551 9407
f 9407 9551 9408
f 9551 9552 9408
f 9408 9552 9409
f 9552 9553 9409
f 9409 9553 9410
f 9553 9554 9410
f 9410 9554 9411
f 9554 9555 9411
f 9411 9555 9412
f 9555 9556 9412
f 9412 9556 9413
f 9556 9557 9413
f 9413 9557 9414
f 9557 9558 9414
f 9414 9558 9415
f 9558 9559 9415
f 9415 9559 9416
f 9559 9560 9416
f 9416 9560 9417
f 9560 9561 9417
f 9417 9561 9418
f 9561 9562 9418
f 9418 9562 9419
f 9562 9563 9419
f 9419 9563 9420
f 9563 9564 9420
f 9420 9564 9421
f 9564 9565 9421
f 9421 9565 9422
f 9565 9566 9422
f 9422 9566 9423
f 9566 9567 9423
f 9423 9567 9424
f 9567 9568 9424
f 9424 9568 9425
f 9568 9569 9425
f 9425 9569 9426
f 9569 9570 9426
f 9426 9570 9427
f 9570 9571 9427
f 9427 9571 9428
f 9571 9572 9428
f 9428 9572 9429
f 9572 9573 9429
f 9429 9573 9430
f 9573 9574 9430
f 9430 9574 9431
f 9574 9575 9431
f 9431 9575 9432
f 9575 9576 9432
f 9432 9576 9433
f 9576 9577 9433
f 9433 9577 9434
f 9577 9578 9434
f 9434 9578 9435
f 9578 9579 9435
f 9435 9579 9436
f 9579 9580 9436
f 9436 9580 9437
f 9580 9581 9437
f 9437 9581 9438
f 9581 9582 9438
f 9438 9582 9439
f 9582 9583 9439
f 9439 9583 9440
f 9583 9584 9440
f 9440 9584 9441
f 9584 9585 9441
f 9441 9585 9442
f 9585 9586 9442
f 9442 9586 9443
f 9586 9587 9443
f 9443 9587 9444
f 9587 9588 9444
f 9444 9588 9445
f 9588 9589 9445
f 9445 9589 9446
f 9589 9590 9446
f 9446 9590 9447
f 9590 9591 9447
f 9447 9591 9448
f 9591 9592 9448
f 9448 9592 9449
f 9592 9593 9449
f 9449 9593 9450
f 9593 9594 9450
f 9450 9594 9451
f 9594 9595 9451
f 9451 9595 9452
f 9595 9596 9452
f 9452 9596 9453
f 9596 9597 9453
f 9453 9597 9454
f 9597 9598 9454
f 9454 9598 9455
f 9598 9599 9455
f 9455 9599 9456
f 9599 9600 9456
f 9456 9600 9457
f 9600 9601 9457
f 9457 9601 9458
f 9601 9602 9458
f 9458 9602 9459
f 9602 9603 9459
f 9459 9603 9460
f 9603 9604 9460
f 9460 9604 9461
f 9604 9605 9461
f 9461 9605 9462
f 9605 9606 9462
f 9462 9606 9463
f 9606 9607 9463
f 9463 9607 9464
f 9607 9608 9464
f 9464 9608 9465
f 9608 9609 9465
f 9465 9609 9466
f 9609 9610 9466
f 9466 9610 9467
f 9610 9611 9467
f 9467 9611 9468
f 9611 9612 9468
f 9468 9612 9469
f 9612 9613 9469
f 9469 9613 9470
f 9613 9614 9470
f 9470 9614 9471
f 9614 9615 9471
f 9471 9615 9472
f 9615 9616 9472
f 9472 9616 9473
f 9616 9617 9473
f 9473 9617 9474
f 9617 9618 9474
f 9474 9618 9475
f 9618 9619 9475
f 9475 9619 9476
f 9619 9620 9476
f 9476 9620 9477
f 9620 9621 9477
f 9477 9621 9478
f 9621 9622 9478
f 9478 9622 9479
f 9622 9623 9479
f 9479 9623 9480
f 9623 9624 9480
f 9480 9624 9481
f 9624 9625 9481
f 9481 9625 9482
f 9625 9626 9482
f 9482 9626 9483
f 9626 9627 9483
f 9483 9627 9484
f 9627 9628 9484
f 9484 9628 9485
f 9628 9629 9485
f 9485 9629 9486
f 9629 9630 9486
f 9486 9630 9487
f 9630 9631 9487
f 9487 9631 9488
f 9631 9632 9488
f 9488 9632 9489
f 9632 9633 9489
f 9489 9633 9490
f 9633 9634 9490
f 9490 9634 9491
f 9634 9635 9491
f 9491 9635 9492
f 9635 9636 9492
f 9492 9636 9493
f 9636 9637 9493
f 9493 9637 9494
f 9637 9638 9494
f 9494 9638 9495
f 9638 9639 9495
f 9495 9639 9496
f 9639 9640 9496
f 9496 9640 9497
f 9640 9641 9497
f 9497 9641 9498
f 9641 9642 9498
f 9498 9642 9499
f 9642 9643 9499
f 9499 9643 9500
f 9643 9644 9500
f 9500 9644 9501
f 9644 9645 9501
f 9501 9645 9502
f 9645 9646 9502
f 9502 9646 9503
f 9646 9647 9503
f 9503 9647 9504
f 9647 9648 9504
f 9504 9648 9505
f 9648 9649 9505
f 9505 9649 9506
f 9649 9650 9506
f 9506 9650 9507
f 9650 9651 9507
f 9507 9651 9508
f 9651 9652 9508
f 9508 9652 9509
f 9652 9653 9509
f 9509 9653 9510
f 9653 9654 9510
f 9510 9654 9511
f 9654 9655 9511
f 9511 9655 9512
f 9655 9656 9512
f 9512 9656 9513
f 9656 9657 9513
f 9513 9657 9514
f 9657 9658 9514
f 9514 9658 9515
f 9658 9659 9515
f 9515 9659 9516
f 9659 9660 9516
f 9516 9660 9517
f 9660 9661 9517
f 9517 9661 9518
f 9661 9662 9518
f 9518 9662 9519
f 9662 9663 9519
f 9519 9663 9520
f 9663 9664 9520
f 9520 9664 9521
f 9664 9665 9521
f 9521 9665 9522
f 9665 9666 9522
f 9522 9666 9523
f 9666 9667 9523
f 9523 9667 9524
f 9667 9668 9524
f 9524 9668 9525
f 9668 9669 9525
f 9525 9669 9526
f 9669 9670 9526
f 9526 9670 9527
f 9670 9671 9527
f 9527 9671 9528
f 9671 9672 9528
f 9528 9672 9529
f 9672 9673 9529
f 9529 9673 9530
f 9673 9674 9530
f 9530 9674 9531
f 9674 9675 9531
f 9531 9675 9532
f 9675 9676 9532
f 9532 9676 9533
f 9676 9677 9533
f 9533 9677 9390
f 9677 9534 9390
f 9534 9678 9535
f 9678 9679 9535
f 9535 9679 9536
f 9679 9680 9536
f 9536 9680 9537
f 9680 9681 9537
f 9537 9681 9538
f 9681 9682 9538
f 9538 9682 9539
f 9682 9683 9539
f 9539 9683 9540
f 9683 9684 9540
f 9540 9684 9541
f 9684 9685 9541
f 9541 9685 9542
f 9685 9686 9542
f 9542 9686 9543
f 9686 9687 9543
f 9543 9687 9544
f 9687 9688 9544
f 9544 9688 9545
f 9688 9689 9545
f 9545 9689 9546
f 9689 9690 9546
f 9546 9690 9547
f 9690 9691 9547
f 9547 9691 9548
f 9691 9692 9548
f 9548 9692 9549
f 9692 9693 9549
f 9549 9693 9550
f 9693 9694 9550
f 9550 9694 9551
f 9694 9695 9551
f 9551 9695 9552
f 9695 9696 9552
f 9552 9696 9553
f 9696 9697 9553
f 9553 9697 9554
f 9697 9698 9554
f 9554 9698 9555
f 9698 9699 9555
f 9555 9699 9556
f 9699 9700 9556
f 9556 9700 9557
f 9700 9701 9557
f 9557 9701 9558
f 9701 9702 9558
f 9558 9702 9559
f 9702 9703 9559
f 9559 9703 9560
f 9703 9704 9560
f 9560 9704 9561
f 9704 9705 9561
f 9561 9705 9562
f 9705 9706 9562
f 9562 9706 9563
f 9706 9707 9563
f 9563 9707 9564
f 9707 9708 9564
f 9564 9708 9565
f 9708 9709 9565
f 9565 9709 9566
f 9709 9710 9566
f 9566 9710 9567
f 9710 9711 9567
f 9567 9711 9568
f 9711 9712 9568
f 9568 9712 9569
f 9712 9713 9569
f 9569 9713 9570
f 9713 9714 9570
f 9570 9714 9571
f 9714 9715 9571
f 9571 9715 9572
f 9715 9716 9572
f 9572 9716 9573
f 9716 9717 9573
f 9573 9717 9574
f 9717 9718 9574
f 9574 9718 9575
f 9718 9719 9575
f 9575 9719 9576
f 9719 9720 9576
f 9576 9720 9577
f 9720 9721 9577
f 9577 9721 9578
f 9721 9722 9578
f 9578 9722 9579
f 9722 9723 9579
f 9579 9723 9580
f 9723 9724 9580
f 9580 9724 9581
f 9724 9725 9581
f 9581 9725 9582
f 9725 9726 9582
f 9582 9726 9583
f 9726 9727 9583
f 9583 9727 9584
f 9727 9728 9584
f 9584 9728 9585
f 9728 9729 9585
f 9585 9729 9586
f 9729 9730 9586
f 9586 9730 9587
f 9730 9731 9587
f 9587 9731 9588
f 9731 9732 9588
f 9588 9732 9589
f 9732 9733 9589
f 9589 9733 9590
f 9733 9734 9590
f 9590 9734 9591
f 9734 9735 9591
f 9591 9735 9592
f 9735 9736 9592
f 9592 9736 9593
f 9736 9737 9593
f 9593 9737 9594
f 9737 9738 9594
f 9594 9738 9595
f 9738 9739 9595
f 9595 9739 9596
f 9739 9740 9596
f 9596 9740 9597
f 9740 9741 9597
f 9597 9741 9598
f 9741 9742 9598
f 9598 9742 9599
f 9742 9743 9599
f 9599 9743 9600
f 9743 9744 9600
f 9600 9744 9601
f 9744 9745 9601
f 9601 9745 9602
f 9745 9746 9602
f 9602 9746 9603
f 9746 9747 9603
f 9603 9747 9604
f 9747 9748 9604
f 9604 9748 9605
f 9748 9749 9605
f 9605 9749 9606
f 9749 9750 9606
f 9606 9750 9607
f 9750 9751 9607
f 9607 9751 9608
f 9751 9752 9608
f 9608 9752 9609
f 9752 9753 9609
f 9609 9753 9610
f 9753 9754 9610
f 9610 9754 9611
f 9754 9755 9611
f 9611 9755 9612
f 9755 9756 9612
f 9612 9756 9613
f 9756 9757 9613
f 9613 9757 9614
f 9757 9758 9614
f 9614 9758 9615
f 9758 9759 9615
f 9615 9759 9616
f 9759 9760 9616
f 9616 9760 9617
f 9760 9761 9617
f 9617 9761 9618
f 9761 9762 9618
f 9618 9762 9619
f 9762 9763 9619
f 9619 9763 9620
f 9763 9764 9620
f 9620 9764 9621
f 9764 9765 9621
f 9621 9765 9622
f 9765 9766 9622
f 9622 9766 9623
f 9766 9767 9623
f 9623 9767 9624
f 9767 9768 9624
f 9624 9768 9625
f 9768 9769 9625
f 9625 9769 9626
f 9769 9770 9626
f 9626 9770 9627
f 9770 9771 9627
f 9627 9771 9628
f 9771 9772 9628
f 9628 9772 9629
f 9772 9773 9629
f 9629 9773 9630
f 9773 9774 9630
f 9630 9774 9631
f 9774 9775 9631
f 9631 9775 9632
f 9775 9776 9632
f 9632 9776 9633
f 9776 9777 9633
f 9633 9777 9634
f 9777 9778 9634
f 9634 9778 9635
f 9778 9779 9635
f 9635 9779 9636
f 9779 9780 9636
f 9636 9780 9637
f 9780 9781 9637
f 9637 9781 9638
f 9781 9782 9638
f 9638 9782 9639
f 9782 9783 9639
f 9639 9783 9640
f 9783 9784 9640
f 9640 9784 9641
f 9784 9785 9641
f 9641 9785 9642
f 9785 9786 9642
f 9642 9786 9643
f 9786 9787 9643
f 9643 9787 9644
f 9787 9788 9644
f 9644 9788 9645
f 9788 9789 9645
f 9645 9789 9646
f 9789 9790 9646
f 9646 9790 9647
f 9790 9791 9647
f 9647 9791 9648
f 9791 9792 9648
f 9648 9792 9649
f 9792 9793 9649
f 9649 9793 9650
f 9793 9794 9650
f 9650 9794 9651
f 9794 9795 9651
f 9651 9795 9652
f 9795 9796 9652
f 9652 9796 9653
f 9796 9797 9653
f 9653 9797 9654
f 9797 9798 9654
f 9654 9798 9655
f 9798 9799 9655
f 9655 9799 9656
f 9799 9800 9656
f 9656 9800 9657
f 9800 9801 9657
f 9657 9801 9658
f 9801 9802 9658
f 9658 9802 9659
f 9802 9803 9659
f 9659 9803 9660
f 9803 9804 9660
f 9660 9804 9661
f 9804 9805 9661
f 9661 9805 9662
f 9805 9806 9662
f 9662 9806 9663
f 9806 9807 9663
f 9663 9807 9664
f 9807 9808 9664
f 9664 9808 9665
f 9808 9809 9665
f 9665 9809 9666
f 9809 9810 9666
f 9666 9810 9667
f 9810 9811 9667
f 9667 9811 9668
f 9811 9812 9668
f 9668 9812 9669
f 9812 9813 9669
f 9669 9813 9670
f 9813 9814 9670
f 9670 9814 9671
f 9814 9815 9671
f 9671 9815 9672
f 9815 9816 9672
f 9672 9816 9673
f 9816 9817 9673
f 9673 9817 9674
f 9817 9818 9674
f 9674 9818 9675
f 9818 9819 9675
f 9675 9819 9676
f 9819 9820 9676
f 9676 9820 9677
f 9820 9821 9677
f 9677 9821 9534
f 9821 9678 9534
f 9678 9822 9679
f 9822 9823 9679
f 9679 9823 9680
f 9823 9824 9680
f 9680 9824 9681
f 9824 9825 9681
f 9681 9825 9682
f 9825 9826 9682
f 9682 9826 9683
f 9826 9827 9683
f 9683 9827 9684
f 9827 9828 9684
f 9684 9828 9685
f 9828 9829 9685
f 9685 9829 9686
f 9829 9830 9686
f 9686 9830 9687
f 9830 9831 9687
f 9687 9831 9688
f 9831 9832 9688
f 9688 9832 9689
f 9832 9833 9689
f 9689 9833 9690
f 9833 9834 9690
f 9690 9834 9691
f 9834 9835 9691
f 9691 9835 9692
f 9835 9836 9692
f 9692 9836 9693
f 9836 9837 9693
f 9693 9837 9694
f 9837 9838 9694
f 9694 9838 9695
f 9838 9839 9695
f 9695 9839 9696
f 9839 9840 9696
f 9696 9840 9697
f 9840 9841 9697
f 9697 9841 9698
f 9841 9842 9698
f 9698 9842 9699
f 9842 9843 9699
f 9699 9843 9700
f 9843 9844 9700
f 9700 9844 9701
f 9844 9845 9701
f 9701 9845 9702
f 9845 9846 9702
f 9702 9846 9703
f 9846 9847 9703
f 9703 9847 9704
f 9847 9848 9704
f 9704 9848 9705
f 9848 9849 9705
f 9705 9849 9706
f 9849 9850 9706
f 9706 9850 9707
f 9850 9851 9707
f 9707 9851 9708
f 9851 9852 9708
f 9708 9852 9709
f 9852 9853 9709
f 9709 9853 9710
f 9853 9854 9710
f 9710 9854 9711
f 9854 9855 9711
f 9711 9855 9712
f 9855 9856 9712
f 9712 9856 9713
f 9856 9857 9713
f 9713 9857 9714
f 9857 9858 9714
f 9714 9858 9715
f 9858 9859 9715
f 9715 9859 9716
f 9859 9860 9716
f 9716 9860 9717
f 9860 9861 9717
f 9717 9861 9718
f 9861 9862 9718
f 9718 9862 9719
f 9862 9863 9719
f 9719 9863 9720
f 9863 9864 9720
f 9720 9864 9721
f 9864 9865 9721
f 9721 9865 9722
f 9865 9866 9722
f 9722 9866 9723
f 9866 9867 9723
f 9723 9867 9724
f 9867 9868 9724
f 9724 9868 9725
f 9868 9869 9725
f 9725 9869 9726
f 9869 9870 9726
f 9726 9870 9727
f 9870 9871 9727
f 9727 9871 9728
f 9871 9872 9728
f 9728 9872 9729
f 9872 9873 9729
f 9729 9873 9730
f 9873 9874 9730
f 9730 9874 9731
f 9874 9875 9731
f 9731 9875 9732
f 9875 9876 9732
f 9732 9876 9733
f 9876 9877 9733
f 9733 9877 9734
f 9877 9878 9734
f 9734 9878 9735
f 9878 9879 9735
f 9735 9879 9736
f 9879 9880 9736
f 9736 9880 9737
f 9880 9881 9737
f 9737 9881 9738
f 9881 9882 9738
f 9738 9882 9739
f 9882 9883 9739
f 9739 9883 9740
f 9883 9884 9740
f 9740 9884 9741
f 9884 9885 9741
f 9741 9885 9742
f 9885 9886 9742
f 9742 9886 9743
f 9886 9887 9743
f 9743 9887 9744
f 9887 9888 9744
f 9744 9888 9745
f 9888 9889 9745
f 9745 9889 9746
f 9889 9890 9746
f 9746 9890 9747
f 9890 9891 9747
f 9747 9891 9748
f 9891 9892 9748
f 9748 9892 9749
f 9892 9893 9749
f 9749 9893 9750
f 9893 9894 9750
f 9750 9894 9751
f 9894 9895 9751
f 9751 9895 9752
f 9895 9896 9752
f 9752 9896 9753
f 9896 9897 9753
f 9753 9897 9754
f 9897 9898 9754
f 9754 9898 9755
f 9898 9899 9755
f 9755 9899 9756
f 9899 9900 9756
f 9756 9900 9757
f 9900 9901 9757
f 9757 9901 9758
f 9901 9902 9758
f 9758 9902 9759
f 9902 9903 9759
f 9759 9903 9760
f 9903 9904 9760
f 9760 9904 9761
f 9904 9905 9761
f 9761 9905 9762
f 9905 9906 9762
f 9762 9906 9763
f 9906 9907 9763
f 9763 9907 9764
f 9907 9908 9764
f 9764 9908 9765
f 9908 9909 9765
f 9765 9909 9766
f 9909 9910 9766
f 9766 9910 9767
f 9910 9911 9767
f 9767 9911 9768
f 9911 9912 9768
f 9768 9912 9769
f 9912 9913 9769
f 9769 9913 9770
f 9913 9914 9770
f 9770 9914 9771
f 9914 9915 9771
f 9771 9915 9772
f 9915 9916 9772
f 9772 9916 9773
f 9916 9917 9773
f 9773 9917 9774
f 9917 9918 9774
f 9774 9918 9775
f 9918 9919 9775
f 9775 9919 9776
f 9919 9920 9776
f 9776 9920 9777
f 9920 9921 9777
f 9777 9921 9778
f 9921 9922 9778
f 9778 9922 9779
f 9922 9923 9779
f 9779 9923 9780
f 9923 9924 9780
f 9780 9924 9781
f 9924 9925 9781
f 9781 9925 9782
f 9925 9926 9782
f 9782 9926 9783
f 9926 9927 9783
f 9783 9927 9784
f 9927 9928 9784
f 9784 9928 9785
f 9928 9929 9785
f 9785 9929 9786
f 9929 9930 9786
f 9786 9930 9787
f 9930 9931 9787
f 9787 9931 9788
f 9931 9932 9788
f 9788 9932 9789
f 9932 9933 9789
f 9789 9933 9790
f 9933 9934 9790
f 9790 9934 9791
f 9934 9935 9791
f 9791 9935 9792
f 9935 9936 9792
f 9792 9936 9793
f 9936 9937 9793
f 9793 9937 9794
f 9937 9938 9794
f 9794 9938 9795
f 9938 9939 9795
f 9795 9939 9796
f 9939 9940 9796
f 9796 9940 9797
f 9940 9941 9797
f 9797 9941 9798
f 9941 9942 9798
f 9798 9942 9799
f 9942 9943 9799
f 9799 9943 9800
f 9943 9944 9800
f 9800 9944 9801
f 9944 9945 9801
f 9801 9945 9802
f 9945 9946 9802
f 9802 9946 9803
f 9946 9947 9803
f 9803 9947 9804
f 9947 9948 9804
f 9804 9948 9805
f 9948 9949 9805
f 9805 9949 9806
f 9949 9950 9806
f 9806 9950 9807
f 9950 9951 9807
f 9807 9951 9808
f 9951 9952 9808
f 9808 9952 9809
f 9952 9953 9809
f 9809 9953 9810
f 9953 9954 9810
f 9810 9954 9811
f 9954 9955 9811
f 9811 9955 9812
f 9955 9956 9812
f 9812 9956 9813
f 9956 9957 9813
f 9813 9957 9814
f 9957 9958 9814
f 9814 9958 9815
f 9958 9959 9815
f 9815 9959 9816
f 9959 9960 9816
f 9816 9960 9817
f 9960 9961 9817
f 9817 9961 9818
f 9961 9962 9818
f 9818 9962 9819
f 9962 9963 9819
f 9819 9963 9820
f 9963 9964 9820
f 9820 9964 9821
f 9964 9965 9821
f 9821 9965 9678
f 9965 9822 9678
f 9822 9966 9823
f 9966 9967 9823
f 9823 9967 9824
f 9967 9968 9824
f 9824 9968 9825
f 9968 9969 9825
f 9825 9969 9826
f 9969 9970 9826
f 9826 9970 9827
f 9970 9971 9827
f 9827 9971 9828
f 9971 9972 9828
f 9828 9972 9829
f 9972 9973 9829
f 9829 9973 9830
f 9973 9974 9830
f 9830 9974 9831
f 9974 9975 9831
f 9831 9975 9832
f 9975 9976 9832
f 9832 9976 9833
f 9976 9977 9833
f 9833 9977 9834
f 9977 9978 9834
f 9834 9978 9835
f 9978 9979 9835
f 9835 9979 9836
f 9979 9980 9836
f 9836 9980 9837
f 9980 9981 9837
f 9837 9981 9838
f 9981 9982 9838
f 9838 9982 9839
f 9982 9983 9839
f 9839 9983 9840
f 9983 9984 9840
f 9840 9984 9841
f 9984 9985 9841
f 9841 9985 9842
f 9985 9986 9842
f 9842 9986 9843
f 9986 9987 9843
f 9843 9987 9844
f 9987 9988 9844
f 9844 9988 9845
f 9988 9989 9845
f 9845 9989 9846
f 9989 9990 9846
f 9846 9990 9847
f 9990 9991 9847
f 9847 9991 9848
f 9991 9992 9848
f 9848 9992 9849
f 9992 9993 9849
f 9849 9993 9850
f 9993 9994 9850
f 9850 9994 9851
f 9994 9995 9851
f 9851 9995 9852
f 9995 9996 9852
f 9852 9996 9853
f 9996 9997 9853
f 9853 9997 9854
f 9997 9998 9854
f 9854 9998 9855
f 9998 9999 9855
f 9855 9999 9856
f 9999 10000 9856
f 9856 10000 9857
f 10000 10001 9857
f 9857 10001 9858
f 10001 10002 9858
f 9858 10002 9859
f 10002 10003 9859
f 9859 10003 9860
f 10003 10004 9860
f 9860 10004 9861
f 10004 10005 9861
f 9861 10005 9862
f 10005 10006 9862
f 9862 10006 9863
f 10006 10007 9863
f 9863 10007 9864
f 10007 10008 9864
f 9864 10008 9865
f 10008 10009 9865
f 9865 10009 9866
f 10009 10010 9866
f 9866 10010 9867
f 10010 10011 9867
f 9867 10011 9868
f 10011 10012 9868
f 9868 10012 9869
f 10012 10013 9869
f 9869 10013 9870
f 10013 10014 9870
f 9870 10014 9871
f 10014 10015 9871
f 9871 10015 9872
f 10015 10016 9872
f 9872 10016 9873
f 10016 10017 9873
f 9873 10017 9874
f 10017 10018 9874
f 9874 10018 9875
f 10018 10019 9875
f 9875 10019 9876
f 10019 10020 9876
f 9876 10020 9877
f 10020 10021 9877
f 9877 10021 9878
f 10021 10022 9878
f 9878 10022 9879
f 10022 10023 9879
f 9879 10023 9880
f 10023 10024 9880
f 9880 10024 9881
f 10024 10025 9881
f 9881 10025 9882
f 10025 10026 9882
f 9882 10026 9883
f 10026 10027 9883
f 9883 10027 9884
f 10027 10028 9884
f 9884 10028 9885
f 10028 10029 9885
f 9885 10029 9886
f 10029 10030 9886
f 9886 10030 9887
f 10030 10031 9887
f 9887 10031 9888
f 10031 10032 9888
f 9888 10032 9889
f 10032 10033 9889
f 9889 10033 9890
f 10033 10034 9890
f 9890 10034 9891
f 10034 10035 9891
f 9891 10035 9892
f 10035 10036 9892
f 9892 10036 9893
f 10036 10037 9893
f 9893 10037 9894
f 10037 10038 9894
f 9894 10038 9895
f 10038 10039 9895
f 9895 10039 9896
f 10039 10040 9896
f 9896 10040 9897
f 10040 10041 9897
f 9897 10041 9898
f 10041 10042 9898
f 9898 10042 9899
f 10042 10043 9899
f 9899 10043 9900
f 10043 10044 9900
f 9900 10044 9901
f 10044 10045 9901
f 9901 10045 9902
f 10045 10046 9902
f 9902 10046 9903
f 10046 10047 9903
f 9903 10047 9904
f 10047 10048 9904
f 9904 10048 9905
f 10048 10049 9905
f 9905 10049 9906
f 10049 10050 9906
f 9906 10050 9907
f 10050 10051 9907
f 9907 10051 9908
f 10051 10052 9908
f 9908 10052 9909
f 10052 10053 9909
f 9909 10053 9910
f 10053 10054 9910
f 9910 10054 9911
f 10054 10055 9911
f 9911 10055 9912
f 10055 10056 9912
f 9912 10056 9913
f 10056 10057 9913
f 9913 10057 9914
f 10057 10058 9914
f 9914 10058 9915
f 10058 10059 9915
f 9915 10059 9916
f 10059 10060 9916
f 9916 10060 9917
f 10060 10061 9917
f 9917 10061 9918
f 10061 10062 9918
f 9918 10062 9919
f 10062 10063 9919
f 9919 10063 9920
f 10063 10064 9920
f 9920 10064 9921
f 10064 10065 9921
f 9921 10065 9922
f 10065 10066 9922
f 9922 10066 9923
f 10066 10067 9923
f 9923 10067 9924
f 10067 10068 9924
f 9924 10068 9925
f 10068 10069 9925
f 9925 10069 9926
f 10069 10070 9926
f 9926 10070 9927
f 10070 10071 9927
f 9927 10071 9928
f 10071 10072 9928
f 9928 10072 9929
f 10072 10073 9929
f 9929 10073 9930
f 10073 10074 9930
f 9930 10074 9931
f 10074 10075 9931
f 9931 10075 9932
f 10075 10076 9932
f 9932 10076 9933
f 10076 10077 9933
f 9933 10077 9934
f 10077 10078 9934
f 9934 10078 9935
f 10078 10079 9935
f 9935 10079 9936
f 10079 10080 9936
f 9936 10080 9937
f 10080 10081 9937
f 9937 10081 9938
f 10081 10082 9938
f 9938 10082 9939
f 10082 10083 9939
f 9939 10083 9940
f 10083 10084 9940
f 9940 10084 9941
f 10084 10085 9941
f 9941 10085 9942
f 10085 10086 9942
f 9942 10086 9943
f 10086 10087 9943
f 9943 10087 9944
f 10087 10088 9944
f 9944 10088 9945
f 10088 10089 9945
f 9945 10089 9946
f 10089 10090 9946
f 9946 10090 9947
f 10090 10091 9947
f 9947 10091 9948
f 10091 10092 9948
f 9948 10092 9949
f 10092 10093 9949
f 9949 10093 9950
f 10093 10094 9950
f 9950 10094 9951
f 10094 10095 9951
f 9951 10095 9952
f 10095 10096 9952
f 9952 10096 9953
f 10096 10097 9953
f 9953 10097 9954
f 10097 10098 9954
f 9954 10098 9955
f 10098 10099 9955
f 9955 10099 9956
f 10099 10100 9956
f 9956 10100 9957
f 10100 10101 9957
f 9957 10101 9958
f 10101 10102 9958
f 9958 10102 9959
f 10102 10103 9959
f 9959 10103 9960
f 10103 10104 9960
f 9960 10104 9961
f 10104 10105 9961
f 9961 10105 9962
f 10105 10106 9962
f 9962 10106 9963
f 10106 10107 9963
f 9963 10107 9964
f 10107 10108 9964
f 9964 10108 9965
f 10108 10109 9965
f 9965 10109 9822
f 10109 9966 9822
f 9966 10110 9967
f 10110 10111 9967
f 9967 10111 9968
f 10111 10112 9968
f 9968 10112 9969
f 10112 10113 9969
f 9969 10113 9970
f 10113 10114 9970
f 9970 10114 9971
f 10114 10115 9971
f 9971 10115 9972
f 10115 10116 9972
f 9972 10116 9973
f 10116 10117 9973
f 9973 10117 9974
f 10117 10118 9974
f 9974 10118 9975
f 10118 10119 9975
f 9975 10119 9976
f 10119 10120 9976
f 9976 10120 9977
f 10120 10121 9977
f 9977 10121 9978
f 10121 10122 9978
f 9978 10122 9979
f 10122 10123 9979
f 9979 10123 9980
f 10123 10124 9980
f 9980 10124 9981
f 10124 10125 9981
f 9981 10125 9982
f 10125 10126 9982
f 9982 10126 9983
f 10126 10127 9983
f 9983 10127 9984
f 10127 10128 9984
f 9984 10128 9985
f 10128 10129 9985
f 9985 10129 9986
f 10129 10130 9986
f 9986 10130 9987
f 10130 10131 9987
f 9987 10131 9988
f 10131 10132 9988
f 9988 10132 9989
f 10132 10133 9989
f 9989 10133 9990
f 10133 10134 9990
f 9990 10134 9991
f 10134 10135 9991
f 9991 10135 9992
f 10135 10136 9992
f 9992 10136 9993
f 10136 10137 9993
f 9993 10137 9994
f 10137 10138 9994
f 9994 10138 9995
f 10138 10139 9995
f 9995 10139 9996
f 10139 10140 9996
f 9996 10140 9997
f 10140 10141 9997
f 9997 10141 9998
f 10141 10142 9998
f 9998 10142 9999
f 10142 10143 9999
f 9999 10143 10000
f 10143 10144 10000
f 10000 10144 10001
f 10144 10145 10001
f 10001 10145 10002
f 10145 10146 10002
f 10002 10146 10003
f 10146 10147 10003
f 10003 10147 10004
f 10147 10148 10004
f 10004 10148 10005
f 10148 10149 10005
f 10005 10149 10006
f 10149 10150 10006
f 10006 10150 10007
f 10150 10151 10007
f 10007 10151 10008
f 10151 10152 10008
f 10008 10152 10009
f 10152 10153 10009
f 10009 10153 10010
f 10153 10154 10010
f 10010 10154 10011
f 10154 10155 10011
f 10011 10155 10012
f 10155 10156 10012
f 10012 10156 10013
f 10156 10157 10013
f 10013 10157 10014
f 10157 10158 10014
f 10014 10158 10015
f 10158 10159 10015
f 10015 10159 10016
f 10159 10160 10016
f 10016 10160 10017
f 10160 10161 10017
f 10017 10161 10018
f 10161 10162 10018
f 10018 10162 10019
f 10162 10163 10019
f 10019 10163 10020
f 10163 10164 10020
f 10020 10164 10021
f 10164 10165 10021
f 10021 10165 10022
f 10165 10166 10022
f 10022 10166 10023
f 10166 10167 10023
f 10023 10167 10024
f 10167 10168 10024
f 10024 10168 10025
f 10168 10169 10025
f 10025 10169 10026
f 10169 10170 10026
f 10026 10170 10027
f 10170 10171 10027
f 10027 10171 10028
f 10171 10172 10028
f 10028 10172 10029
f 10172 10173 10029
f 10029 10173 10030
f 10173 10174 10030
f 10030 10174 10031
f 10174 10175 10031
f 10031 10175 10032
f 10175 10176 10032
f 10032 10176 10033
f 10176 10177 10033
f 10033 10177 10034
f 10177 10178 10034
f 10034 10178 10035
f 10178 10179 10035
f 10035 10179 10036
f 10179 10180 10036
f 10036 10180 10037
f 10180 10181 10037
f 10037 10181 10038
f 10181 10182 10038
f 10038 10182 10039
f 10182 10183 10039
f 10039 10183 10040
f 10183 10184 10040
f 10040 10184 10041
f 10184 10185 10041
f 10041 10185 10042
f 10185 10186 10042
f 10042 10186 10043
f 10186 10187 10043
f 10043 10187 10044
f 10187 10188 10044
f 10044 10188 10045
f 10188 10189 10045
f 10045 10189 10046
f 10189 10190 10046
f 10046 10190 10047
f 10190 10191 10047
f 10047 10191 10048
f 10191 10192 10048
f 10048 10192 10049
f 10192 10193 10049
f 10049 10193 10050
f 10193 10194 10050
f 10050 10194 10051
f 10194 10195 10051
f 10051 10195 10052
f 10195 10196 10052
f 10052 10196 10053
f 10196 10197 10053
f 10053 10197 10054
f 10197 10198 10054
f 10054 10198 10055
f 10198 10199 10055
f 10055 10199 10056
f 10199 10200 10056
f 10056 10200 10057
f 10200 10201 10057
f 10057 10201 10058
f 10201 10202 10058
f 10058 10202 10059
f 10202 10203 10059
f 10059 10203 10060
f 10203 10204 10060
f 10060 10204 10061
f 10204 10205 10061
f 10061 10205 10062
f 10205 10206 10062
f 10062 10206 10063
f 10206 10207 10063
f 10063 10207 10064
f 10207 10208 10064
f 10064 10208 10065
f 10208 10209 10065
f 10065 10209 10066
f 10209 10210 10066
f 10066 10210 10067
f 10210 10211 10067
f 10067 10211 10068
f 10211 10212 10068
f 10068 10212 10069
f 10212 10213 10069
f 10069 10213 10070
f 10213 10214 10070
f 10070 10214 10071
f 10214 10215 10071
f 10071 10215 10072
f 10215 10216 10072
f 10072 10216 10073
f 10216 10217 10073
f 10073 10217 10074
f 10217 10218 10074
f 10074 10218 10075
f 10218 10219 10075
f 10075 10219 10076
f 10219 10220 10076
f 10076 10220 10077
f 10220 10221 10077
f 10077 10221 10078
f 10221 10222 10078
f 10078 10222 10079
f 10222 10223 10079
f 10079 10223 10080
f 10223 10224 10080
f 10080 10224 10081
f 10224 10225 10081
f 10081 10225 10082
f 10225 10226 10082
f 10082 10226 10083
f 10226 10227 10083
f 10083 10227 10084
f 10227 10228 10084
f 10084 10228 10085
f 10228 10229 10085
f 10085 10229 10086
f 10229 10230 10086
f 10086 10230 10087
f 10230 10231 10087
f 10087 10231 10088
f 10231 10232 10088
f 10088 10232 10089
f 10232 10233 10089
f 10089 10233 10090
f 10233 10234 10090
f 10090 10234 10091
f 10234 10235 10091
f 10091 10235 10092
f 10235 10236 10092
f 10092 10236 10093
f 10236 10237 10093
f 10093 10237 10094
f 10237 10238 10094
f 10094 10238 10095
f 10238 10239 10095
f 10095 10239 10096
f 10239 10240 10096
f 10096 10240 10097
f 10240 10241 10097
f 10097 10241 10098
f 10241 10242 10098
f 10098 10242 10099
f 10242 10243 10099
f 10099 10243 10100
f 10243 10244 10100
f 10100 10244 10101
f 10244 10245 10101
f 10101 10245 10102
f 10245 10246 10102
f 10102 10246 10103
f 10246 10247 10103
f 10103 10247 10104
f 10247 10248 10104
f 10104 10248 10105
f 10248 10249 10105
f 10105 10249 10106
f 10249 10250 10106
f 10106 10250 10107
f 10250 10251 10107
f 10107 10251 10108
f 10251 10252 10108
f 10108 10252 10109
f 10252 10253 10109
f 10109 10253 9966
f 10253 10110 9966
f 10110 10254 10111
f 10254 10255 10111
f 10111 10255 10112
f 10255 10256 10112
f 10112 10256 10113
f 10256 10257 10113
f 10113 10257 10114
f 10257 10258 10114
f 10114 10258 10115
f 10258 10259 10115
f 10115 10259 10116
f 10259 10260 10116
f 10116 10260 10117
f 10260 10261 10117
f 10117 10261 10118
f 10261 10262 10118
f 10118 10262 10119
f 10262 10263 10119
f 10119 10263 10120
f 10263 10264 10120
f 10120 10264 10121
f 10264 10265 10121
f 10121 10265 10122
f 10265 10266 10122
f 10122 10266 10123
f 10266 10267 10123
f 10123 10267 10124
f 10267 10268 10124
f 10124 10268 10125
f 10268 10269 10125
f 10125 10269 10126
f 10269 10270 10126
f 10126 10270 10127
f 10270 10271 10127
f 10127 10271 10128
f 10271 10272 10128
f 10128 10272 10129
f 10272 10273 10129
f 10129 10273 10130
f 10273 10274 10130
f 10130 10274 10131
f 10274 10275 10131
f 10131 10275 10132
f 10275 10276 10132
f 10132 10276 10133
f 10276 10277 10133
f 10133 10277 10134
f 10277 10278 10134
f 10134 10278 10135
f 10278 10279 10135
f 10135 10279 10136
f 10279 10280 10136
f 10136 10280 10137
f 10280 10281 10137
f 10137 10281 10138
f 10281 10282 10138
f 10138 10282 10139
f 10282 10283 10139
f 10139 10283 10140
f 10283 10284 10140
f 10140 10284 10141
f 10284 10285 10141
f 10141 10285 10142
f 10285 10286 10142
f 10142 10286 10143
f 10286 10287 10143
f 10143 10287 10144
f 10287 10288 10144
f 10144 10288 10145
f 10288 10289 10145
f 10145 10289 10146
f 10289 10290 10146
f 10146 10290 10147
f 10290 10291 10147
f 10147 10291 10148
f 10291 10292 10148
f 10148 10292 10149
f 10292 10293 10149
f 10149 10293 10150
f 10293 10294 10150
f 10150 10294 10151
f 10294 10295 10151
f 10151 10295 10152
f 10295 10296 10152
f 10152 10296 10153
f 10296 10297 10153
f 10153 10297 10154
f 10297 10298 10154
f 10154 10298 10155
f 10298 10299 10155
f 10155 10299 10156
f 10299 10300 10156
f 10156 10300 10157
f 10300 10301 10157
f 10157 10301 10158
f 10301 10302 10158
f 10158 10302 10159
f 10302 10303 10159
f 10159 10303 10160
f 10303 10304 10160
f 10160 10304 10161
f 10304 10305 10161
f 10161 10305 10162
f 10305 10306 10162
f 10162 10306 10163
f 10306 10307 10163
f 10163 10307 10164
f 10307 10308 10164
f 10164 10308 10165
f 10308 10309 10165
f 10165 10309 10166
f 10309 10310 10166
f 10166 10310 10167
f 10310 10311 10167
f 10167 10311 10168
f 10311 10312 10168
f 10168 10312 10169
f 10312 10313 10169
f 10169 10313 10170
f 10313 10314 10170
f 10170 10314 10171
f 10314 10315 10171
f 10171 10315 10172
f 10315 10316 10172
f 10172 10316 10173
f 10316 10317 10173
f 10173 10317 10174
f 10317 10318 10174
f 10174 10318 10175
f 10318 10319 10175
f 10175 10319 10176
f 10319 10320 10176
f 10176 10320 10177
f 10320 10321 10177
f 10177 10321 10178
f 10321 10322 10178
f 10178 10322 10179
f 10322 10323 10179
f 10179 10323 10180
f 10323 10324 10180
f 10180 10324 10181
f 10324 10325 10181
f 10181 10325 10182
f 10325 10326 10182
f 10182 10326 10183
f 10326 10327 10183
f 10183 10327 10184
f 10327 10328 10184
f 10184 10328 10185
f 10328 10329 10185
f 10185 10329 10186
f 10329 10330 10186
f 10186 10330 10187
f 10330 10331 10187
f 10187 10331 10188
f 10331 10332 10188
f 10188 10332 10189
f 10332 10333 10189
f 10189 10333 10190
f 10333 10334 10190
f 10190 10334 10191
f 10334 10335 10191
f 10191 10335 10192
f 10335 10336 10192
f 10192 10336 10193
f 10336 10337 10193
f 10193 10337 10194
f 10337 10338 10194
f 10194 10338 10195
f 10338 10339 10195
f 10195 10339 10196
f 10339 10340 10196
f 10196 10340 10197
f 10340 10341 10197
f 10197 10341 10198
f 10341 10342 10198
f 10198 10342 10199
f 10342 10343 10199
f 10199 10343 10200
f 10343 10344 10200
f 10200 10344 10201
f 10344 10345 10201
f 10201 10345 10202
f 10345 10346 10202
f 10202 10346 10203
f 10346 10347 10203
f 10203 10347 10204
f 10347 10348 10204
f 10204 10348 10205
f 10348 10349 10205
f 10205 10349 10206
f 10349 10350 10206
f 10206 10350 10207
f 10350 10351 10207
f 10207 10351 10208
f 10351 10352 10208
f 10208 10352 10209
f 10352 10353 10209
f 10209 10353 10210
f 10353 10354 10210
f 10210 10354 10211
f 10354 10355 10211
f 10211 10355 10212
f 10355 10356 10212
f 10212 10356 10213
f 10356 10357 10213
f 10213 10357 10214
f 10357 10358 10214
f 10214 10358 10215
f 10358 10359 10215
f 10215 10359 10216
f 10359 10360 10216
f 10216 10360 10217
f 10360 10361 10217
f 10217 10361 10218
f 10361 10362 10218
f 10218 10362 10219
f 10362 10363 10219
f 10219 10363 10220
f 10363 10364 10220
f 10220 10364 10221
f 10364 10365 10221
f 10221 10365 10222
f 10365 10366 10222
f 10222 10366 10223
f 10366 10367 10223
f 10223 10367 10224
f 10367 10368 10224
f 10224 10368 10225
f 10368 10369 10225
f 10225 10369 10226
f 10369 10370 10226
f 10226 10370 10227
f 10370 10371 10227
f 10227 10371 10228
f 10371 10372 10228
f 10228 10372 10229
f 10372 10373 10229
f 10229 10373 10230
f 10373 10374 10230
f 10230 10374 10231
f 10374 10375 10231
f 10231 10375 10232
f 10375 10376 10232
f 10232 10376 10233
f 10376 10377 10233
f 10233 10377 10234
f 10377 10378 10234
f 10234 10378 10235
f 10378 10379 10235
f 10235 10379 10236
f 10379 10380 10236
f 10236 10380 10237
f 10380 10381 10237
f 10237 10381 10238
f 10381 10382 10238
f 10238 10382 10239
f 10382 10383 10239
f 10239 10383 10240
f 10383 10384 10240
f 10240 10384 10241
f 10384 10385 10241
f 10241 10385 10242
f 10385 10386 10242
f 10242 10386 10243
f 10386 10387 10243
f 10243 10387 10244
f 10387 10388 10244
f 10244 10388 10245
f 10388 10389 10245
f 10245 10389 10246
f 10389 10390 10246
f 10246 10390 10247
f 10390 10391 10247
f 10247 10391 10248
f 10391 10392 10248
f 10248 10392 10249
f 10392 10393 10249
f 10249 10393 10250
f 10393 10394 10250
f 10250 10394 10251
f 10394 10395 10251
f 10251 10395 10252
f 10395 10396 10252
f 10252 10396 10253
f 10396 10397 10253
f 10253 10397 10110
f 10397 10254 10110
f 10254 10398 10255
f 10398 10399 10255
f 10255 10399 10256
f 10399 10400 10256
f 10256 10400 10257
f 10400 10401 10257
f 10257 10401 10258
f 10401 10402 10258
f 10258 10402 10259
f 10402 10403 10259
f 10259 10403 10260
f 10403 10404 10260
f 10260 10404 10261
f 10404 10405 10261
f 10261 10405 10262
f 10405 10406 10262
f 10262 10406 10263
f 10406 10407 10263
f 10263 10407 10264
f 10407 10408 10264
f 10264 10408 10265
f 10408 10409 10265
f 10265 10409 10266
f 10409 10410 10266
f 10266 10410 10267
f 10410 10411 10267
f 10267 10411 10268
f 10411 10412 10268
f 10268 10412 10269
f 10412 10413 10269
f 10269 10413 10270
f 10413 10414 10270
f 10270 10414 10271
f 10414 10415 10271
f 10271 10415 10272
f 10415 10416 10272
f 10272 10416 10273
f 10416 10417 10273
f 10273 10417 10274
f 10417 10418 10274
f 10274 10418 10275
f 10418 10419 10275
f 10275 10419 10276
f 10419 10420 10276
f 10276 10420 10277
f 10420 10421 10277
f 10277 10421 10278
f 10421 10422 10278
f 10278 10422 10279
f 10422 10423 10279
f 10279 10423 10280
f 10423 10424 10280
f 10280 10424 10281
f 10424 10425 10281
f 10281 10425 10282
f 10425 10426 10282
f 10282 10426 10283
f 10426 10427 10283
f 10283 10427 10284
f 10427 10428 10284
f 10284 10428 10285
f 10428 10429 10285
f 10285 10429 10286
f 10429 10430 10286
f 10286 10430 10287
f 10430 10431 10287
f 10287 10431 10288
f 10431 10432 10288
f 10288 10432 10289
f 10432 10433 10289
f 10289 10433 10290
f 10433 10434 10290
f 10290 10434 10291
f 10434 10435 10291
f 10291 10435 10292
f 10435 10436 10292
f 10292 10436 10293
f 10436 10437 10293
f 10293 10437 10294
f 10437 10438 10294
f 10294 10438 10295
f 10438 10439 10295
f 10295 10439 10296
f 10439 10440 10296
f 10296 10440 10297
f 10440 10441 10297
f 10297 10441 10298
f 10441 10442 10298
f 10298 10442 10299
f 10442 10443 10299
f 10299 10443 10300
f 10443 10444 10300
f 10300 10444 10301
f 10444 10445 10301
f 10301 10445 10302
f 10445 10446 10302
f 10302 10446 10303
f 10446 10447 10303
f 10303 10447 10304
f 10447 10448 10304
f 10304 10448 10305
f 10448 10449 10305
f 10305 10449 10306
f 10449 10450 10306
f 10306 10450 10307
f 10450 10451 10307
f 10307 10451 10308
f 10451 10452 10308
f 10308 10452 10309
f 10452 10453 10309
f 10309 10453 10310
f 10453 10454 10310
f 10310 10454 10311
f 10454 10455 10311
f 10311 10455 10312
f 10455 10456 10312
f 10312 10456 10313
f 10456 10457 10313
f 10313 10457 10314
f 10457 10458 10314
f 10314 10458 10315
f 10458 10459 10315
f 10315 10459 10316
f 10459 10460 10316
f 10316 10460 10317
f 10460 10461 10317
f 10317 10461 10318
f 10461 10462 10318
f 10318 10462 10319
f 10462 10463 10319
f 10319 10463 10320
f 10463 10464 10320
f 10320 10464 10321
f 10464 10465 10321
f 10321 10465 10322
f 10465 10466 10322
f 10322 10466 10323
f 10466 10467 10323
f 10323 10467 10324
f 10467 10468 10324
f 10324 10468 10325
f 10468 10469 10325
f 10325 10469 10326
f 10469 10470 10326
f 10326 10470 10327
f 10470 10471 10327
f 10327 10471 10328
f 10471 10472 10328
f 10328 10472 10329
f 10472 10473 10329
f 10329 10473 10330
f 10473 10474 10330
f 10330 10474 10331
f 10474 10475 10331
f 10331 10475 10332
f 10475 10476 10332
f 10332 10476 10333
f 10476 10477 10333
f 10333 10477 10334
f 10477 10478 10334
f 10334 10478 10335
f 10478 10479 10335
f 10335 10479 10336
f 10479 10480 10336
f 10336 10480 10337
f 10480 10481 10337
f 10337 10481 10338
f 10481 10482 10338
f 10338 10482 10339
f 10482 10483 10339
f 10339 10483 10340
f 10483 10484 10340
f 10340 10484 10341
f 10484 10485 10341
f 10341 10485 10342
f 10485 10486 10342
f 10342 10486 10343
f 10486 10487 10343
f 10343 10487 10344
f 10487 10488 10344
f 10344 10488 10345
f 10488 10489 10345
f 10345 10489 10346
f 10489 10490 10346
f 10346 10490 10347
f 10490 10491 10347
f 10347 10491 10348
f 10491 10492 10348
f 10348 10492 10349
f 10492 10493 10349
f 10349 10493 10350
f 10493 10494 10350
f 10350 10494 10351
f 10494 10495 10351
f 10351 10495 10352
f 10495 10496 10352
f 10352 10496 10353
f 10496 10497 10353
f 10353 10497 10354
f 10497 10498 10354
f 10354 10498 10355
f 10498 10499 10355
f 10355 10499 10356
f 10499 10500 10356
f 10356 10500 10357
f 10500 10501 10357
f 10357 10501 10358
f 10501 10502 10358
f 10358 10502 10359
f 10502 10503 10359
f 10359 10503 10360
f 10503 10504 10360
f 10360 10504 10361
f 10504 10505 10361
f 10361 10505 10362
f 10505 10506 10362
f 10362 10506 10363
f 10506 10507 10363
f 10363 10507 10364
f 10507 10508 10364
f 10364 10508 10365
f 10508 10509 10365
f 10365 10509 10366
f 10509 10510 10366
f 10366 10510 10367
f 10510 10511 10367
f 10367 10511 10368
f 10511 10512 10368
f 10368 10512 10369
f 10512 10513 10369
f 10369 10513 10370
f 10513 10514 10370
f 10370 10514 10371
f 10514 10515 10371
f 10371 10515 10372
f 10515 10516 10372
f 10372 10516 10373
f 10516 10517 10373
f 10373 10517 10374
f 10517 10518 10374
f 10374 10518 10375
f 10518 10519 10375
f 10375 10519 10376
f 10519 10520 10376
f 10376 10520 10377
f 10520 10521 10377
f 10377 10521 10378
f 10521 10522 10378
f 10378 10522 10379
f 10522 10523 10379
f 10379 10523 10380
f 10523 10524 10380
f 10380 10524 10381
f 10524 10525 10381
f 10381 10525 10382
f 10525 10526 10382
f 10382 10526 10383
f 10526 10527 10383
f 10383 10527 10384
f 10527 10528 10384
f 10384 10528 10385
f 10528 10529 10385
f 10385 10529 10386
f 10529 10530 10386
f 10386 10530 10387
f 10530 10531 10387
f 10387 10531 10388
f 10531 10532 10388
f 10388 10532 10389
f 10532 10533 10389
f 10389 10533 10390
f 10533 10534 10390
f 10390 10534 10391
f 10534 10535 10391
f 10391 10535 10392
f 10535 10536 10392
f 10392 10536 10393
f 10536 10537 10393
f 10393 10537 10394
f 10537 10538 10394
f 10394 10538 10395
f 10538 10539 10395
f 10395 10539 10396
f 10539 10540 10396
f 10396 10540 10397
f 10540 10541 10397
f 10397 10541 10254
f 10541 10398 10254
f 10398 10542 10399
f 10542 10543 10399
f 10399 10543 10400
f 10543 10544 10400
f 10400 10544 10401
f 10544 10545 10401
f 10401 10545 10402
f 10545 10546 10402
f 10402 10546 10403
f 10546 10547 10403
f 10403 10547 10404
f 10547 10548 10404
f 10404 10548 10405
f 10548 10549 10405
f 10405 10549 10406
f 10549 10550 10406
f 10406 10550 10407
f 10550 10551 10407
f 10407 10551 10408
f 10551 10552 10408
f 10408 10552 10409
f 10552 10553 10409
f 10409 10553 10410
f 10553 10554 10410
f 10410 10554 10411
f 10554 10555 10411
f 10411 10555 10412
f 10555 10556 10412
f 10412 10556 10413
f 10556 10557 10413
f 10413 10557 10414
f 10557 10558 10414
f 10414 10558 10415
f 10558 10559 10415
f 10415 10559 10416
f 10559 10560 10416
f 10416 10560 10417
f 10560 10561 10417
f 10417 10561 10418
f 10561 10562 10418
f 10418 10562 10419
f 10562 10563 10419
f 10419 10563 10420
f 10563 10564 10420
f 10420 10564 10421
f 10564 10565 10421
f 10421 10565 10422
f 10565 10566 10422
f 10422 10566 10423
f 10566 10567 10423
f 10423 10567 10424
f 10567 10568 10424
f 10424 10568 10425
f 10568 10569 10425
f 10425 10569 10426
f 10569 10570 10426
f 10426 10570 10427
f 10570 10571 10427
f 10427 10571 10428
f 10571 10572 10428
f 10428 10572 10429
f 10572 10573 10429
f 10429 10573 10430
f 10573 10574 10430
f 10430 10574 10431
f 10574 10575 10431
f 10431 10575 10432
f 10575 10576 10432
f 10432 10576 10433
f 10576 10577 10433
f 10433 10577 10434
f 10577 10578 10434
f 10434 10578 10435
f 10578 10579 10435
f 10435 10579 10436
f 10579 10580 10436
f 10436 10580 10437
f 10580 10581 10437
f 10437 10581 10438
f 10581 10582 10438
f 10438 10582 10439
f 10582 10583 10439
f 10439 10583 10440
f 10583 10584 10440
f 10440 10584 10441
f 10584 10585 10441
f 10441 10585 10442
f 10585 10586 10442
f 10442 10586 10443
f 10586 10587 10443
f 10443 10587 10444
f 10587 10588 10444
f 10444 10588 10445
f 10588 10589 10445
f 10445 10589 10446
f 10589 10590 10446
f 10446 10590 10447
f 10590 10591 10447
f 10447 10591 10448
f 10591 10592 10448
f 10448 10592 10449
f 10592 10593 10449
f 10449 10593 10450
f 10593 10594 10450
f 10450 10594 10451
f 10594 10595 10451
f 10451 10595 10452
f 10595 10596 10452
f 10452 10596 10453
f 10596 10597 10453
f 10453 10597 10454
f 10597 10598 10454
f 10454 10598 10455
f 10598 10599 10455
f 10455 10599 10456
f 10599 10600 10456
f 10456 10600 10457
f 10600 10601 10457
f 10457 10601 10458
f 10601 10602 10458
f 10458 10602 10459
f 10602 10603 10459
f 10459 10603 10460
f 10603 10604 10460
f 10460 10604 10461
f 10604 10605 10461
f 10461 10605 10462
f 10605 10606 10462
f 10462 10606 10463
f 10606 10607 10463
f 10463 10607 10464
f 10607 10608 10464
f 10464 10608 10465
f 10608 10609 10465
f 10465 10609 10466
f 10609 10610 10466
f 10466 10610 10467
f 10610 10611 10467
f 10467 10611 10468
f 10611 10612 10468
f 10468 10612 10469
f 10612 10613 10469
f 10469 10613 10470
f 10613 10614 10470
f 10470 10614 10471
f 10614 10615 10471
f 10471 10615 10472
f 10615 10616 10472
f 10472 10616 10473
f 10616 10617 10473
f 10473 10617 10474
f 10617 10618 10474
f 10474 10618 10475
f 10618 10619 10475
f 10475 10619 10476
f 10619 10620 10476
f 10476 10620 10477
f 10620 10621 10477
f 10477 10621 10478
f 10621 10622 10478
f 10478 10622 10479
f 10622 10623 10479
f 10479 10623 10480
f 10623 10624 10480
f 10480 10624 10481
f 10624 10625 10481
f 10481 10625 10482
f 10625 10626 10482
f 10482 10626 10483
f 10626 10627 10483
f 10483 10627 10484
f 10627 10628 10484
f 10484 10628 10485
f 10628 10629 10485
f 10485 10629 10486
f 10629 10630 10486
f 10486 10630 10487
f 10630 10631 10487
f 10487 10631 10488
f 10631 10632 10488
f 10488 10632 10489
f 10632 10633 10489
f 10489 10633 10490
f 10633 10634 10490
f 10490 10634 10491
f 10634 10635 10491
f 10491 10635 10492
f 10635 10636 10492
f 10492 10636 10493
f 10636 10637 10493
f 10493 10637 10494
f 10637 10638 10494
f 10494 10638 10495
f 10638 10639 10495
f 10495 10639 10496
f 10639 10640 10496
f 10496 10640 10497
f 10640 10641 10497
f 10497 10641 10498
f 10641 10642 10498
f 10498 10642 10499
f 10642 10643 10499
f 10499 10643 10500
f 10643 10644 10500
f 10500 10644 10501
f 10644 10645 10501
f 10501 10645 10502
f 10645 10646 10502
f 10502 10646 10503
f 10646 10647 10503
f 10503 10647 10504
f 10647 10648 10504
f 10504 10648 10505
f 10648 10649 10505
f 10505 10649 10506
f 10649 10650 10506
f 10506 10650 10507
f 10650 10651 10507
f 10507 10651 10508
f 10651 10652 10508
f 10508 10652 10509
f 10652 10653 10509
f 10509 10653 10510
f 10653 10654 10510
f 10510 10654 10511
f 10654 10655 10511
f 10511 10655 10512
f 10655 10656 10512
f 10512 10656 10513
f 10656 10657 10513
f 10513 10657 10514
f 10657 10658 10514
f 10514 10658 10515
f 10658 10659 10515
f 10515 10659 10516
f 10659 10660 10516
f 10516 10660 10517
f 10660 10661 10517
f 10517 10661 10518
f 10661 10662 10518
f 10518 10662 10519
f 10662 10663 10519
f 10519 10663 10520
f 10663 10664 10520
f 10520 10664 10521
f 10664 10665 10521
f 10521 10665 10522
f 10665 10666 10522
f 10522 10666 10523
f 10666 10667 10523
f 10523 10667 10524
f 10667 10668 10524
f 10524 10668 10525
f 10668 10669 10525
f 10525 10669 10526
f 10669 10670 10526
f 10526 10670 10527
f 10670 10671 10527
f 10527 10671 10528
f 10671 10672 10528
f 10528 10672 10529
f 10672 10673 10529
f 10529 10673 10530
f 10673 10674 10530
f 10530 10674 10531
f 10674 10675 10531
f 10531 10675 10532
f 10675 10676 10532
f 10532 10676 10533
f 10676 10677 10533
f 10533 10677 10534
f 10677 10678 10534
f 10534 10678 10535
f 10678 10679 10535
f 10535 10679 10536
f 10679 10680 10536
f 10536 10680 10537
f 10680 10681 10537
f 10537 10681 10538
f 10681 10682 10538
f 10538 10682 10539
f 10682 10683 10539
f 10539 10683 10540
f 10683 10684 10540
f 10540 10684 10541
f 10684 10685 10541
f 10541 10685 10398
f 10685 10542 10398
f 10542 10686 10543
f 10686 10687 10543
f 10543 10687 10544
f 10687 10688 10544
f 10544 10688 10545
f 10688 10689 10545
f 10545 10689 10546
f 10689 10690 10546
f 10546 10690 10547
f 10690 10691 10547
f 10547 10691 10548
f 10691 10692 10548
f 10548 10692 10549
f 10692 10693 10549
f 10549 10693 10550
f 10693 10694 10550
f 10550 10694 10551
f 10694 10695 10551
f 10551 10695 10552
f 10695 10696 10552
f 10552 10696 10553
f 10696 10697 10553
f 10553 10697 10554
f 10697 10698 10554
f 10554 10698 10555
f 10698 10699 10555
f 10555 10699 10556
f 10699 10700 10556
f 10556 10700 10557
f 10700 10701 10557
f 10557 10701 10558
f 10701 10702 10558
f 10558 10702 10559
f 10702 10703 10559
f 10559 10703 10560
f 10703 10704 10560
f 10560 10704 10561
f 10704 10705 10561
f 10561 10705 10562
f 10705 10706 10562
f 10562 10706 10563
f 10706 10707 10563
f 10563 10707 10564
f 10707 10708 10564
f 10564 10708 10565
f 10708 10709 10565
f 10565 10709 10566
f 10709 10710 10566
f 10566 10710 10567
f 10710 10711 10567
f 10567 10711 10568
f 10711 10712 10568
f 10568 10712 10569
f 10712 10713 10569
f 10569 10713 10570
f 10713 10714 10570
f 10570 10714 10571
f 10714 10715 10571
f 10571 10715 10572
f 10715 10716 10572
f 10572 10716 10573
f 10716 10717 10573
f 10573 10717 10574
f 10717 10718 10574
f 10574 10718 10575
f 10718 10719 10575
f 10575 10719 10576
f 10719 10720 10576
f 10576 10720 10577
f 10720 10721 10577
f 10577 10721 10578
f 10721 10722 10578
f 10578 10722 10579
f 10722 10723 10579
f 10579 10723 10580
f 10723 10724 10580
f 10580 10724 10581
f 10724 10725 10581
f 10581 10725 10582
f 10725 10726 10582
f 10582 10726 10583
f 10726 10727 10583
f 10583 10727 10584
f 10727 10728 10584
f 10584 10728 10585
f 10728 10729 10585
f 10585 10729 10586
f 10729 10730 10586
f 10586 10730 10587
f 10730 10731 10587
f 10587 10731 10588
f 10731 10732 10588
f 10588 10732 10589
f 10732 10733 10589
f 10589 10733 10590
f 10733 10734 10590
f 10590 10734 10591
f 10734 10735 10591
f 10591 10735 10592
f 10735 10736 10592
f 10592 10736 10593
f 10736 10737 10593
f 10593 10737 10594
f 10737 10738 10594
f 10594 10738 10595
f 10738 10739 10595
f 10595 10739 10596
f 10739 10740 10596
f 10596 10740 10597
f 10740 10741 10597
f 10597 10741 10598
f 10741 10742 10598
f 10598 10742 10599
f 10742 10743 10599
f 10599 10743 10600
f 10743 10744 10600
f 10600 10744 10601
f 10744 10745 10601
f 10601 10745 10602
f 10745 10746 10602
f 10602 10746 10603
f 10746 10747 10603
f 10603 10747 10604
f 10747 10748 10604
f 10604 10748 10605
f 10748 10749 10605
f 10605 10749 10606
f 10749 10750 10606
f 10606 10750 10607
f 10750 10751 10607
f 10607 10751 10608
f 10751 10752 10608
f 10608 10752 10609
f 10752 10753 10609
f 10609 10753 10610
f 10753 10754 10610
f 10610 10754 10611
f 10754 10755 10611
f 10611 10755 10612
f 10755 10756 10612
f 10612 10756 10613
f 10756 10757 10613
f 10613 10757 10614
f 10757 10758 10614
f 10614 10758 10615
f 10758 10759 10615
f 10615 10759 10616
f 10759 10760 10616
f 10616 10760 10617
f 10760 10761 10617
f 10617 10761 10618
f 10761 10762 10618
f 10618 10762 10619
f 10762 10763 10619
f 10619 10763 10620
f 10763 10764 10620
f 10620 10764 10621
f 10764 10765 10621
f 10621 10765 10622
f 10765 10766 10622
f 10622 10766 10623
f 10766 10767 10623
f 10623 10767 10624
f 10767 10768 10624
f 10624 10768 10625
f 10768 10769 10625
f 10625 10769 10626
f 10769 10770 10626
f 10626 10770 10627
f 10770 10771 10627
f 10627 10771 10628
f 10771 10772 10628
f 10628 10772 10629
f 10772 10773 10629
f 10629 10773 10630
f 10773 10774 10630
f 10630 10774 10631
f 10774 10775 10631
f 10631 10775 10632
f 10775 10776 10632
f 10632 10776 10633
f 10776 10777 10633
f 10633 10777 10634
f 10777 10778 10634
f 10634 10778 10635
f 10778 10779 10635
f 10635 10779 10636
f 10779 10780 10636
f 10636 10780 10637
f 10780 10781 10637
f 10637 10781 10638
f 10781 10782 10638
f 10638 10782 10639
f 10782 10783 10639
f 10639 10783 10640
f 10783 10784 10640
f 10640 10784 10641
f 10784 10785 10641
f 10641 10785 10642
f 10785 10786 10642
f 10642 10786 10643
f 10786 10787 10643
f 10643 10787 10644
f 10787 10788 10644
f 10644 10788 10645
f 10788 10789 10645
f 10645 10789 10646
f 10789 10790 10646
f 10646 10790 10647
f 10790 10791 10647
f 10647 10791 10648
f 10791 10792 10648
f 10648 10792 10649
f 10792 10793 10649
f 10649 10793 10650
f 10793 10794 10650
f 10650 10794 10651
f 10794 10795 10651
f 10651 10795 10652
f 10795 10796 10652
f 10652 10796 10653
f 10796 10797 10653
f 10653 10797 10654
f 10797 10798 10654
f 10654 10798 10655
f 10798 10799 10655
f 10655 10799 10656
f 10799 10800 10656
f 10656 10800 10657
f 10800 10801 10657
f 10657 10801 10658
f 10801 10802 10658
f 10658 10802 10659
f 10802 10803 10659
f 10659 10803 10660
f 10803 10804 10660
f 10660 10804 10661
f 10804 10805 10661
f 10661 10805 10662
f 10805 10806 10662
f 10662 10806 10663
f 10806 10807 10663
f 10663 10807 10664
f 10807 10808 10664
f 10664 10808 10665
f 10808 10809 10665
f 10665 10809 10666
f 10809 10810 10666
f 10666 10810 10667
f 10810 10811 10667
f 10667 10811 10668
f 10811 10812 10668
f 10668 10812 10669
f 10812 10813 10669
f 10669 10813 10670
f 10813 10814 10670
f 10670 10814 10671
f 10814 10815 10671
f 10671 10815 10672
f 10815 10816 10672
f 10672 10816 10673
f 10816 10817 10673
f 10673 10817 10674
f 10817 10818 10674
f 10674 10818 10675
f 10818 10819 10675
f 10675 10819 10676
f 10819 10820 10676
f 10676 10820 10677
f 10820 10821 10677
f 10677 10821 10678
f 10821 10822 10678
f 10678 10822 10679
f 10822 10823 10679
f 10679 10823 10680
f 10823 10824 10680
f 10680 10824 10681
f 10824 10825 10681
f 10681 10825 10682
f 10825 10826 10682
f 10682 10826 10683
f 10826 10827 10683
f 10683 10827 10684
f 10827 10828 10684
f 10684 10828 10685
f 10828 10829 10685
f 10685 10829 10542
f 10829 10686 10542
f 10686 10830 10687
f 10830 10831 10687
f 10687 10831 10688
f 10831 10832 10688
f 10688 10832 10689
f 10832 10833 10689
f 10689 10833 10690
f 10833 10834 10690
f 10690 10834 10691
f 10834 10835 10691
f 10691 10835 10692
f 10835 10836 10692
f 10692 10836 10693
f 10836 10837 10693
f 10693 10837 10694
f 10837 10838 10694
f 10694 10838 10695
f 10838 10839 10695
f 10695 10839 10696
f 10839 10840 10696
f 10696 10840 10697
f 10840 10841 10697
f 10697 10841 10698
f 10841 10842 10698
f 10698 10842 10699
f 10842 10843 10699
f 10699 10843 10700
f 10843 10844 10700
f 10700 10844 10701
f 10844 10845 10701
f 10701 10845 10702
f 10845 10846 10702
f 10702 10846 10703
f 10846 10847 10703
f 10703 10847 10704
f 10847 10848 10704
f 10704 10848 10705
f 10848 10849 10705
f 10705 10849 10706
f 10849 10850 10706
f 10706 10850 10707
f 10850 10851 10707
f 10707 10851 10708
f 10851 10852 10708
f 10708 10852 10709
f 10852 10853 10709
f 10709 10853 10710
f 10853 10854 10710
f 10710 10854 10711
f 10854 10855 10711
f 10711 10855 10712
f 10855 10856 10712
f 10712 10856 10713
f 10856 10857 10713
f 10713 10857 10714
f 10857 10858 10714
f 10714 10858 10715
f 10858 10859 10715
f 10715 10859 10716
f 10859 10860 10716
f 10716 10860 10717
f 10860 10861 10717
f 10717 10861 10718
f 10861 10862 10718
f 10718 10862 10719
f 10862 10863 10719
f 10719 10863 10720
f 10863 10864 10720
f 10720 10864 10721
f 10864 10865 10721
f 10721 10865 10722
f 10865 10866 10722
f 10722 10866 10723
f 10866 10867 10723
f 10723 10867 10724
f 10867 10868 10724
f 10724 10868 10725
f 10868 10869 10725
f 10725 10869 10726
f 10869 10870 10726
f 10726 10870 10727
f 10870 10871 10727
f 10727 10871 10728
f 10871 10872 10728
f 10728 10872 10729
f 10872 10873 10729
f 10729 10873 10730
f 10873 10874 10730
f 10730 10874 10731
f 10874 10875 10731
f 10731 10875 10732
f 10875 10876 10732
f 10732 10876 10733
f 10876 10877 10733
f 10733 10877 10734
f 10877 10878 10734
f 10734 10878 10735
f 10878 10879 10735
f 10735 10879 10736
f 10879 10880 10736
f 10736 10880 10737
f 10880 10881 10737
f 10737 10881 10738
f 10881 10882 10738
f 10738 10882 10739
f 10882 10883 10739
f 10739 10883 10740
f 10883 10884 10740
f 10740 10884 10741
f 10884 10885 10741
f 10741 10885 10742
f 10885 10886 10742
f 10742 10886 10743
f 10886 10887 10743
f 10743 10887 10744
f 10887 10888 10744
f 10744 10888 10745
f 10888 10889 10745
f 10745 10889 10746
f 10889 10890 10746
f 10746 10890 10747
f 10890 10891 10747
f 10747 10891 10748
f 10891 10892 10748
f 10748 10892 10749
f 10892 10893 10749
f 10749 10893 10750
f 10893 10894 10750
f 10750 10894 10751
f 10894 10895 10751
f 10751 10895 10752
f 10895 10896 10752
f 10752 10896 10753
f 10896 10897 10753
f 10753 10897 10754
f 10897 10898 10754
f 10754 10898 10755
f 10898 10899 10755
f 10755 10899 10756
f 10899 10900 10756
f 10756 10900 10757
f 10900 10901 10757
f 10757 10901 10758
f 10901 10902 10758
f 10758 10902 10759
f 10902 10903 10759
f 10759 10903 10760
f 10903 10904 10760
f 10760 10904 10761
f 10904 10905 10761
f 10761 10905 10762
f 10905 10906 10762
f 10762 10906 10763
f 10906 10907 10763
f 10763 10907 10764
f 10907 10908 10764
f 10764 10908 10765
f 10908 10909 10765
f 10765 10909 10766
f 10909 10910 10766
f 10766 10910 10767
f 10910 10911 10767
f 10767 10911 10768
f 10911 10912 10768
f 10768 10912 10769
f 10912 10913 10769
f 10769 10913 10770
f 10913 10914 10770
f 10770 10914 10771
f 10914 10915 10771
f 10771 10915 10772
f 10915 10916 10772
f 10772 10916 10773
f 10916 10917 10773
f 10773 10917 10774
f 10917 10918 10774
f 10774 10918 10775
f 10918 10919 10775
f 10775 10919 10776
f 10919 10920 10776
f 10776 10920 10777
f 10920 10921 10777
f 10777 10921 10778
f 10921 10922 10778
f 10778 10922 10779
f 10922 10923 10779
f 10779 10923 10780
f 10923 10924 10780
f 10780 10924 10781
f 10924 10925 10781
f 10781 10925 10782
f 10925 10926 10782
f 10782 10926 10783
f 10926 10927 10783
f 10783 10927 10784
f 10927 10928 10784
f 10784 10928 10785
f 10928 10929 10785
f 10785 10929 10786
f 10929 10930 10786
f 10786 10930 10787
f 10930 10931 10787
f 10787 10931 10788
f 10931 10932 10788
f 10788 10932 10789
f 10932 10933 10789
f 10789 10933 10790
f 10933 10934 10790
f 10790 10934 10791
f 10934 10935 10791
f 10791 10935 10792
f 10935 10936 10792
f 10792 10936 10793
f 10936 10937 10793
f 10793 10937 10794
f 10937 10938 10794
f 10794 10938 10795
f 10938 10939 10795
f 10795 10939 10796
f 10939 10940 10796
f 10796 10940 10797
f 10940 10941 10797
f 10797 10941 10798
f 10941 10942 10798
f 10798 10942 10799
f 10942 10943 10799
f 10799 10943 10800
f 10943 10944 10800
f 10800 10944 10801
f 10944 10945 10801
f 10801 10945 10802
f 10945 10946 10802
f 10802 10946 10803
f 10946 10947 10803
f 10803 10947 10804
f 10947 10948 10804
f 10804 10948 10805
f 10948 10949 10805
f 10805 10949 10806
f 10949 10950 10806
f 10806 10950 10807
f 10950 10951 10807
f 10807 10951 10808
f 10951 10952 10808
f 10808 10952 10809
f 10952 10953 10809
f 10809 10953 10810
f 10953 10954 10810
f 10810 10954 10811
f 10954 10955 10811
f 10811 10955 10812
f 10955 10956 10812
f 10812 10956 10813
f 10956 10957 10813
f 10813 10957 10814
f 10957 10958 10814
f 10814 10958 10815
f 10958 10959 10815
f 10815 10959 10816
f 10959 10960 10816
f 10816 10960 10817
f 10960 10961 10817
f 10817 10961 10818
f 10961 10962 10818
f 10818 10962 10819
f 10962 10963 10819
f 10819 10963 10820
f 10963 10964 10820
f 10820 10964 10821
f 10964 10965 10821
f 10821 10965 10822
f 10965 10966 10822
f 10822 10966 10823
f 10966 10967 10823
f 10823 10967 10824
f 10967 10968 10824
f 10824 10968 10825
f 10968 10969 10825
f 10825 10969 10826
f 10969 10970 10826
f 10826 10970 10827
f 10970 10971 10827
f 10827 10971 10828
f 10971 10972 10828
f 10828 10972 10829
f 10972 10973 10829
f 10829 10973 10686
f 10973 10830 10686
f 10830 10974 10831
f 10974 10975 10831
f 10831 10975 10832
f 10975 10976 10832
f 10832 10976 10833
f 10976 10977 10833
f 10833 10977 10834
f 10977 10978 10834
f 10834 10978 10835
f 10978 10979 10835
f 10835 10979 10836
f 10979 10980 10836
f 10836 10980 10837
f 10980 10981 10837
f 10837 10981 10838
f 10981 10982 10838
f 10838 10982 10839
f 10982 10983 10839
f 10839 10983 10840
f 10983 10984 10840
f 10840 10984 10841
f 10984 10985 10841
f 10841 10985 10842
f 10985 10986 10842
f 10842 10986 10843
f 10986 10987 10843
f 10843 10987 10844
f 10987 10988 10844
f 10844 10988 10845
f 10988 10989 10845
f 10845 10989 10846
f 10989 10990 10846
f 10846 10990 10847
f 10990 10991 10847
f 10847 10991 10848
f 10991 10992 10848
f 10848 10992 10849
f 10992 10993 10849
f 10849 10993 10850
f 10993 10994 10850
f 10850 10994 10851
f 10994 10995 10851
f 10851 10995 10852
f 10995 10996 10852
f 10852 10996 10853
f 10996 10997 10853
f 10853 10997 10854
f 10997 10998 10854
f 10854 10998 10855
f 10998 10999 10855
f 10855 10999 10856
f 10999 11000 10856
f 10856 11000 10857
f 11000 11001 10857
f 10857 11001 10858
f 11001 11002 10858
f 10858 11002 10859
f 11002 11003 10859
f 10859 11003 10860
f 11003 11004 10860
f 10860 11004 10861
f 11004 11005 10861
f 10861 11005 10862
f 11005 11006 10862
f 10862 11006 10863
f 11006 11007 10863
f 10863 11007 10864
f 11007 11008 10864
f 10864 11008 10865
f 11008 11009 10865
f 10865 11009 10866
f 11009 11010 10866
f 10866 11010 10867
f 11010 11011 10867
f 10867 11011 10868
f 11011 11012 10868
f 10868 11012 10869
f 11012 11013 10869
f 10869 11013 10870
f 11013 11014 10870
f 10870 11014 10871
f 11014 11015 10871
f 10871 11015 10872
f 11015 11016 10872
f 10872 11016 10873
f 11016 11017 10873
f 10873 11017 10874
f 11017 11018 10874
f 10874 11018 10875
f 11018 11019 10875
f 10875 11019 10876
f 11019 11020 10876
f 10876 11020 10877
f 11020 11021 10877
f 10877 11021 10878
f 11021 11022 10878
f 10878 11022 10879
f 11022 11023 10879
f 10879 11023 10880
f 11023 11024 10880
f 10880 11024 10881
f 11024 11025 10881
f 10881 11025 10882
f 11025 11026 10882
f 10882 11026 10883
f 11026 11027 10883
f 10883 11027 10884
f 11027 11028 10884
f 10884 11028 10885
f 11028 11029 10885
f 10885 11029 10886
f 11029 11030 10886
f 10886 11030 10887
f 11030 11031 10887
f 10887 11031 10888
f 11031 11032 10888
f 10888 11032 10889
f 11032 11033 10889
f 10889 11033 10890
f 11033 11034 10890
f 10890 11034 10891
f 11034 11035 10891
f 10891 11035 10892
f 11035 11036 10892
f 10892 11036 10893
f 11036 11037 10893
f 10893 11037 10894
f 11037 11038 10894
f 10894 11038 10895
f 11038 11039 10895
f 10895 11039 10896
f 11039 11040 10896
f 10896 11040 10897
f 11040 11041 10897
f 10897 11041 10898
f 11041 11042 10898
f 10898 11042 10899
f 11042 11043 10899
f 10899 11043 10900
f 11043 11044 10900
f 10900 11044 10901
f 11044 11045 10901
f 10901 11045 10902
f 11045 11046 10902
f 10902 11046 10903
f 11046 11047 10903
f 10903 11047 10904
f 11047 11048 10904
f 10904 11048 10905
f 11048 11049 10905
f 10905 11049 10906
f 11049 11050 10906
f 10906 11050 10907
f 11050 11051 10907
f 10907 11051 10908
f 11051 11052 10908
f 10908 11052 10909
f 11052 11053 10909
f 10909 11053 10910
f 11053 11054 10910
f 10910 11054 10911
f 11054 11055 10911
f 10911 11055 10912
f 11055 11056 10912
f 10912 11056 10913
f 11056 11057 10913
f 10913 11057 10914
f 11057 11058 10914
f 10914 11058 10915
f 11058 11059 10915
f 10915 11059 10916
f 11059 11060 10916
f 10916 11060 10917
f 11060 11061 10917
f 10917 11061 10918
f 11061 11062 10918
f 10918 11062 10919
f 11062 11063 10919
f 10919 11063 10920
f 11063 11064 10920
f 10920 11064 10921
f 11064 11065 10921
f 10921 11065 10922
f 11065 11066 10922
f 10922 11066 10923
f 11066 11067 10923
f 10923 11067 10924
f 11067 11068 10924
f 10924 11068 10925
f 11068 11069 10925
f 10925 11069 10926
f 11069 11070 10926
f 10926 11070 10927
f 11070 11071 10927
f 10927 11071 10928
f 11071 11072 10928
f 10928 11072 10929
f 11072 11073 10929
f 10929 11073 10930
f 11073 11074 10930
f 10930 11074 10931
f 11074 11075 10931
f 10931 11075 10932
f 11075 11076 10932
f 10932 11076 10933
f 11076 11077 10933
f 10933 11077 10934
f 11077 11078 10934
f 10934 11078 10935
f 11078 11079 10935
f 10935 11079 10936
f 11079 11080 10936
f 10936 11080 10937
f 11080 11081 10937
f 10937 11081 10938
f 11081 11082 10938
f 10938 11082 10939
f 11082 11083 10939
f 10939 11083 10940
f 11083 11084 10940
f 10940 11084 10941
f 11084 11085 10941
f 10941 11085 10942
f 11085 11086 10942
f 10942 11086 10943
f 11086 11087 10943
f 10943 11087 10944
f 11087 11088 10944
f 10944 11088 10945
f 11088 11089 10945
f 10945 11089 10946
f 11089 11090 10946
f 10946 11090 10947
f 11090 11091 10947
f 10947 11091 10948
f 11091 11092 10948
f 10948 11092 10949
f 11092 11093 10949
f 10949 11093 10950
f 11093 11094 10950
f 10950 11094 10951
f 11094 11095 10951
f 10951 11095 10952
f 11095 11096 10952
f 10952 11096 10953
f 11096 11097 10953
f 10953 11097 10954
f 11097 11098 10954
f 10954 11098 10955
f 11098 11099 10955
f 10955 11099 10956
f 11099 11100 10956
f 10956 11100 10957
f 11100 11101 10957
f 10957 11101 10958
f 11101 11102 10958
f 10958 11102 10959
f 11102 11103 10959
f 10959 11103 10960
f 11103 11104 10960
f 10960 11104 10961
f 11104 11105 10961
f 10961 11105 10962
f 11105 11106 10962
f 10962 11106 10963
f 11106 11107 10963
f 10963 11107 10964
f 11107 11108 10964
f 10964 11108 10965
f 11108 11109 10965
f 10965 11109 10966
f 11109 11110 10966
f 10966 11110 10967
f 11110 11111 10967
f 10967 11111 10968
f 11111 11112 10968
f 10968 11112 10969
f 11112 11113 10969
f 10969 11113 10970
f 11113 11114 10970
f 10970 11114 10971
f 11114 11115 10971
f 10971 11115 10972
f 11115 11116 10972
f 10972 11116 10973
f 11116 11117 10973
f 10973 11117 10830
f 11117 10974 10830
f 10974 11118 10975
f 11118 11119 10975
f 10975 11119 10976
f 11119 11120 10976
f 10976 11120 10977
f 11120 11121 10977
f 10977 11121 10978
f 11121 11122 10978
f 10978 11122 10979
f 11122 11123 10979
f 10979 11123 10980
f 11123 11124 10980
f 10980 11124 10981
f 11124 11125 10981
f 10981 11125 10982
f 11125 11126 10982
f 10982 11126 10983
f 11126 11127 10983
f 10983 11127 10984
f 11127 11128 10984
f 10984 11128 10985
f 11128 11129 10985
f 10985 11129 10986
f 11129 11130 10986
f 10986 11130 10987
f 11130 11131 10987
f 10987 11131 10988
f 11131 11132 10988
f 10988 11132 10989
f 11132 11133 10989
f 10989 11133 10990
f 11133 11134 10990
f 10990 11134 10991
f 11134 11135 10991
f 10991 11135 10992
f 11135 11136 10992
f 10992 11136 10993
f 11136 11137 10993
f 10993 11137 10994
f 11137 11138 10994
f 10994 11138 10995
f 11138 11139 10995
f 10995 11139 10996
f 11139 11140 10996
f 10996 11140 10997
f 11140 11141 10997
f 10997 11141 10998
f 11141 11142 10998
f 10998 11142 10999
f 11142 11143 10999
f 10999 11143 11000
f 11143 11144 11000
f 11000 11144 11001
f 11144 11145 11001
f 11001 11145 11002
f 11145 11146 11002
f 11002 11146 11003
f 11146 11147 11003
f 11003 11147 11004
f 11147 11148 11004
f 11004 11148 11005
f 11148 11149 11005
f 11005 11149 11006
f 11149 11150 11006
f 11006 11150 11007
f 11150 11151 11007
f 11007 11151 11008
f 11151 11152 11008
f 11008 11152 11009
f 11152 11153 11009
f 11009 11153 11010
f 11153 11154 11010
f 11010 11154 11011
f 11154 11155 11011
f 11011 11155 11012
f 11155 11156 11012
f 11012 11156 11013
f 11156 11157 11013
f 11013 11157 11014
f 11157 11158 11014
f 11014 11158 11015
f 11158 11159 11015
f 11015 11159 11016
f 11159 11160 11016
f 11016 11160 11017
f 11160 11161 11017
f 11017 11161 11018
f 11161 11162 11018
f 11018 11162 11019
f 11162 11163 11019
f 11019 11163 11020
f 11163 11164 11020
f 11020 11164 11021
f 11164 11165 11021
f 11021 11165 11022
f 11165 11166 11022
f 11022 11166 11023
f 11166 11167 11023
f 11023 11167 11024
f 11167 11168 11024
f 11024 11168 11025
f 11168 11169 11025
f 11025 11169 11026
f 11169 11170 11026
f 11026 11170 11027
f 11170 11171 11027
f 11027 11171 11028
f 11171 11172 11028
f 11028 11172 11029
f 11172 11173 11029
f 11029 11173 11030
f 11173 11174 11030
f 11030 11174 11031
f 11174 11175 11031
f 11031 11175 11032
f 11175 11176 11032
f 11032 11176 11033
f 11176 11177 11033
f 11033 11177 11034
f 11177 11178 11034
f 11034 11178 11035
f 11178 11179 11035
f 11035 11179 11036
f 11179 11180 11036
f 11036 11180 11037
f 11180 11181 11037
f 11037 11181 11038
f 11181 11182 11038
f 11038 11182 11039
f 11182 11183 11039
f 11039 11183 11040
f 11183 11184 11040
f 11040 11184 11041
f 11184 11185 11041
f 11041 11185 11042
f 11185 11186 11042
f 11042 11186 11043
f 11186 11187 11043
f 11043 11187 11044
f 11187 11188 11044
f 11044 11188 11045
f 11188 11189 11045
f 11045 11189 11046
f 11189 11190 11046
f 11046 11190 11047
f 11190 11191 11047
f 11047 11191 11048
f 11191 11192 11048
f 11048 11192 11049
f 11192 11193 11049
f 11049 11193 11050
f 11193 11194 11050
f 11050 11194 11051
f 11194 11195 11051
f 11051 11195 11052
f 11195 11196 11052
f 11052 11196 11053
f 11196 11197 11053
f 11053 11197 11054
f 11197 11198 11054
f 11054 11198 11055
f 11198 11199 11055
f 11055 11199 11056
f 11199 11200 11056
f 11056 11200 11057
f 11200 11201 11057
f 11057 11201 11058
f 11201 11202 11058
f 11058 11202 11059
f 11202 11203 11059
f 11059 11203 11060
f 11203 11204 11060
f 11060 11204 11061
f 11204 11205 11061
f 11061 11205 11062
f 11205 11206 11062
f 11062 11206 11063
f 11206 11207 11063
f 11063 11207 11064
f 11207 11208 11064
f 11064 11208 11065
f 11208 11209 11065
f 11065 11209 11066
f 11209 11210 11066
f 11066 11210 11067
f 11210 11211 11067
f 11067 11211 11068
f 11211 11212 11068
f 11068 11212 11069
f 11212 11213 11069
f 11069 11213 11070
f 11213 11214 11070
f 11070 11214 11071
f 11214 11215 11071
f 11071 11215 11072
f 11215 11216 11072
f 11072 11216 11073
f 11216 11217 11073
f 11073 11217 11074
f 11217 11218 11074
f 11074 11218 11075
f 11218 11219 11075
f 11075 11219 11076
f 11219 11220 11076
f 11076 11220 11077
f 11220 11221 11077
f 11077 11221 11078
f 11221 11222 11078
f 11078 11222 11079
f 11222 11223 11079
f 11079 11223 11080
f 11223 11224 11080
f 11080 11224 11081
f 11224 11225 11081
f 11081 11225 11082
f 11225 11226 11082
f 11082 11226 11083
f 11226 11227 11083
f 11083 11227 11084
f 11227 11228 11084
f 11084 11228 11085
f 11228 11229 11085
f 11085 11229 11086
f 11229 11230 11086
f 11086 11230 11087
f 11230 11231 11087
f 11087 11231 11088
f 11231 11232 11088
f 11088 11232 11089
f 11232 11233 11089
f 11089 11233 11090
f 11233 11234 11090
f 11090 11234 11091
f 11234 11235 11091
f 11091 11235 11092
f 11235 11236 11092
f 11092 11236 11093
f 11236 11237 11093
f 11093 11237 11094
f 11237 11238 11094
f 11094 11238 11095
f 11238 11239 11095
f 11095 11239 11096
f 11239 11240 11096
f 11096 11240 11097
f 11240 11241 11097
f 11097 11241 11098
f 11241 11242 11098
f 11098 11242 11099
f 11242 11243 11099
f 11099 11243 11100
f 11243 11244 11100
f 11100 11244 11101
f 11244 11245 11101
f 11101 11245 11102
f 11245 11246 11102
f 11102 11246 11103
f 11246 11247 11103
f 11103 11247 11104
f 11247 11248 11104
f 11104 11248 11105
f 11248 11249 11105
f 11105 11249 11106
f 11249 11250 11106
f 11106 11250 11107
f 11250 11251 11107
f 11107 11251 11108
f 11251 11252 11108
f 11108 11252 11109
f 11252 11253 11109
f 11109 11253 11110
f 11253 11254 11110
f 11110 11254 11111
f 11254 11255 11111
f 11111 11255 11112
f 11255 11256 11112
f 11112 11256 11113
f 11256 11257 11113
f 11113 11257 11114
f 11257 11258 11114
f 11114 11258 11115
f 11258 11259 11115
f 11115 11259 11116
f 11259 11260 11116
f 11116 11260 11117
f 11260 11261 11117
f 11117 11261 10974
f 11261 11118 10974
f 11118 11262 11119
f 11262 11263 11119
f 11119 11263 11120
f 11263 11264 11120
f 11120 11264 11121
f 11264 11265 11121
f 11121 11265 11122
f 11265 11266 11122
f 11122 11266 11123
f 11266 11267 11123
f 11123 11267 11124
f 11267 11268 11124
f 11124 11268 11125
f 11268 11269 11125
f 11125 11269 11126
f 11269 11270 11126
f 11126 11270 11127
f 11270 11271 11127
f 11127 11271 11128
f 11271 11272 11128
f 11128 11272 11129
f 11272 11273 11129
f 11129 11273 11130
f 11273 11274 11130
f 11130 11274 11131
f 11274 11275 11131
f 11131 11275 11132
f 11275 11276 11132
f 11132 11276 11133
f 11276 11277 11133
f 11133 11277 11134
f 11277 11278 11134
f 11134 11278 11135
f 11278 11279 11135
f 11135 11279 11136
f 11279 11280 11136
f 11136 11280 11137
f 11280 11281 11137
f 11137 11281 11138
f 11281 11282 11138
f 11138 11282 11139
f 11282 11283 11139
f 11139 11283 11140
f 11283 11284 11140
f 11140 11284 11141
f 11284 11285 11141
f 11141 11285 11142
f 11285 11286 11142
f 11142 11286 11143
f 11286 11287 11143
f 11143 11287 11144
f 11287 11288 11144
f 11144 11288 11145
f 11288 11289 11145
f 11145 11289 11146
f 11289 11290 11146
f 11146 11290 11147
f 11290 11291 11147
f 11147 11291 11148
f 11291 11292 11148
f 11148 11292 11149
f 11292 11293 11149
f 11149 11293 11150
f 11293 11294 11150
f 11150 11294 11151
f 11294 11295 11151
f 11151 11295 11152
f 11295 11296 11152
f 11152 11296 11153
f 11296 11297 11153
f 11153 11297 11154
f 11297 11298 11154
f 11154 11298 11155
f 11298 11299 11155
f 11155 11299 11156
f 11299 11300 11156
f 11156 11300 11157
f 11300 11301 11157
f 11157 11301 11158
f 11301 11302 11158
f 11158 11302 11159
f 11302 11303 11159
f 11159 11303 11160
f 11303 11304 11160
f 11160 11304 11161
f 11304 11305 11161
f 11161 11305 11162
f 11305 11306 11162
f 11162 11306 11163
f 11306 11307 11163
f 11163 11307 11164
f 11307 11308 11164
f 11164 11308 11165
f 11308 11309 11165
f 11165 11309 11166
f 11309 11310 11166
f 11166 11310 11167
f 11310 11311 11167
f 11167 11311 11168
f 11311 11312 11168
f 11168 11312 11169
f 11312 11313 11169
f 11169 11313 11170
f 11313 11314 11170
f 11170 11314 11171
f 11314 11315 11171
f 11171 11315 11172
f 11315 11316 11172
f 11172 11316 11173
f 11316 11317 11173
f 11173 11317 11174
f 11317 11318 11174
f 11174 11318 11175
f 11318 11319 11175
f 11175 11319 11176
f 11319 11320 11176
f 11176 11320 11177
f 11320 11321 11177
f 11177 11321 11178
f 11321 11322 11178
f 11178 11322 11179
f 11322 11323 11179
f 11179 11323 11180
f 11323 11324 11180
f 11180 11324 11181
f 11324 11325 11181
f 11181 11325 11182
f 11325 11326 11182
f 11182 11326 11183
f 11326 11327 11183
f 11183 11327 11184
f 11327 11328 11184
f 11184 11328 11185
f 11328 11329 11185
f 11185 11329 11186
f 11329 11330 11186
f 11186 11330 11187
f 11330 11331 11187
f 11187 11331 11188
f 11331 11332 11188
f 11188 11332 11189
f 11332 11333 11189
f 11189 11333 11190
f 11333 11334 11190
f 11190 11334 11191
f 11334 11335 11191
f 11191 11335 11192
f 11335 11336 11192
f 11192 11336 11193
f 11336 11337 11193
f 11193 11337 11194
f 11337 11338 11194
f 11194 11338 11195
f 11338 11339 11195
f 11195 11339 11196
f 11339 11340 11196
f 11196 11340 11197
f 11340 11341 11197
f 11197 11341 11198
f 11341 11342 11198
f 11198 11342 11199
f 11342 11343 11199
f 11199 11343 11200
f 11343 11344 11200
f 11200 11344 11201
f 11344 11345 11201
f 11201 11345 11202
f 11345 11346 11202
f 11202 11346 11203
f 11346 11347 11203
f 11203 11347 11204
f 11347 11348 11204
f 11204 11348 11205
f 11348 11349 11205
f 11205 11349 11206
f 11349 11350 11206
f 11206 11350 11207
f 11350 11351 11207
f 11207 11351 11208
f 11351 11352 11208
f 11208 11352 11209
f 11352 11353 11209
f 11209 11353 11210
f 11353 11354 11210
f 11210 11354 11211
f 11354 11355 11211
f 11211 11355 11212
f 11355 11356 11212
f 11212 11356 11213
f 11356 11357 11213
f 11213 11357 11214
f 11357 11358 11214
f 11214 11358 11215
f 11358 11359 11215
f 11215 11359 11216
f 11359 11360 11216
f 11216 11360 11217
f 11360 11361 11217
f 11217 11361 11218
f 11361 11362 11218
f 11218 11362 11219
f 11362 11363 11219
f 11219 11363 11220
f 11363 11364 11220
f 11220 11364 11221
f 11364 11365 11221
f 11221 11365 11222
f 11365 11366 11222
f 11222 11366 11223
f 11366 11367 11223
f 11223 11367 11224
f 11367 11368 11224
f 11224 11368 11225
f 11368 11369 11225
f 11225 11369 11226
f 11369 11370 11226
f 11226 11370 11227
f 11370 11371 11227
f 11227 11371 11228
f 11371 11372 11228
f 11228 11372 11229
f 11372 11373 11229
f 11229 11373 11230
f 11373 11374 11230
f 11230 11374 11231
f 11374 11375 11231
f 11231 11375 11232
f 11375 11376 11232
f 11232 11376 11233
f 11376 11377 11233
f 11233 11377 11234
f 11377 11378 11234
f 11234 11378 11235
f 11378 11379 11235
f 11235 11379 11236
f 11379 11380 11236
f 11236 11380 11237
f 11380 11381 11237
f 11237 11381 11238
f 11381 11382 11238
f 11238 11382 11239
f 11382 11383 11239
f 11239 11383 11240
f 11383 11384 11240
f 11240 11384 11241
f 11384 11385 11241
f 11241 11385 11242
f 11385 11386 11242
f 11242 11386 11243
f 11386 11387 11243
f 11243 11387 11244
f 11387 11388 11244
f 11244 11388 11245
f 11388 11389 11245
f 11245 11389 11246
f 11389 11390 11246
f 11246 11390 11247
f 11390 11391 11247
f 11247 11391 11248
f 11391 11392 11248
f 11248 11392 11249
f 11392 11393 11249
f 11249 11393 11250
f 11393 11394 11250
f 11250 11394 11251
f 11394 11395 11251
f 11251 11395 11252
f 11395 11396 11252
f 11252 11396 11253
f 11396 11397 11253
f 11253 11397 11254
f 11397 11398 11254
f 11254 11398 11255
f 11398 11399 11255
f 11255 11399 11256
f 11399 11400 11256
f 11256 11400 11257
f 11400 11401 11257
f 11257 11401 11258
f 11401 11402 11258
f 11258 11402 11259
f 11402 11403 11259
f 11259 11403 11260
f 11403 11404 11260
f 11260 11404 11261
f 11404 11405 11261
f 11261 11405 11118
f 11405 11262 11118
f 11262 11406 11263
f 11406 11407 11263
f 11263 11407 11264
f 11407 11408 11264
f 11264 11408 11265
f 11408 11409 11265
f 11265 11409 11266
f 11409 11410 11266
f 11266 11410 11267
f 11410 11411 11267
f 11267 11411 11268
f 11411 11412 11268
f 11268 11412 11269
f 11412 11413 11269
f 11269 11413 11270
f 11413 11414 11270
f 11270 11414 11271
f 11414 11415 11271
f 11271 11415 11272
f 11415 11416 11272
f 11272 11416 11273
f 11416 11417 11273
f 11273 11417 11274
f 11417 11418 11274
f 11274 11418 11275
f 11418 11419 11275
f 11275 11419 11276
f 11419 11420 11276
f 11276 11420 11277
f 11420 11421 11277
f 11277 11421 11278
f 11421 11422 11278
f 11278 11422 11279
f 11422 11423 11279
f 11279 11423 11280
f 11423 11424 11280
f 11280 11424 11281
f 11424 11425 11281
f 11281 11425 11282
f 11425 11426 11282
f 11282 11426 11283
f 11426 11427 11283
f 11283 11427 11284
f 11427 11428 11284
f 11284 11428 11285
f 11428 11429 11285
f 11285 11429 11286
f 11429 11430 11286
f 11286 11430 11287
f 11430 11431 11287
f 11287 11431 11288
f 11431 11432 11288
f 11288 11432 11289
f 11432 11433 11289
f 11289 11433 11290
f 11433 11434 11290
f 11290 11434 11291
f 11434 11435 11291
f 11291 11435 11292
f 11435 11436 11292
f 11292 11436 11293
f 11436 11437 11293
f 11293 11437 11294
f 11437 11438 11294
f 11294 11438 11295
f 11438 11439 11295
f 11295 11439 11296
f 11439 11440 11296
f 11296 11440 11297
f 11440 11441 11297
f 11297 11441 11298
f 11441 11442 11298
f 11298 11442 11299
f 11442 11443 11299
f 11299 11443 11300
f 11443 11444 11300
f 11300 11444 11301
f 11444 11445 11301
f 11301 11445 11302
f 11445 11446 11302
f 11302 11446 11303
f 11446 11447 11303
f 11303 11447 11304
f 11447 11448 11304
f 11304 11448 11305
f 11448 11449 11305
f 11305 11449 11306
f 11449 11450 11306
f 11306 11450 11307
f 11450 11451 11307
f 11307 11451 11308
f 11451 11452 11308
f 11308 11452 11309
f 11452 11453 11309
f 11309 11453 11310
f 11453 11454 11310
f 11310 11454 11311
f 11454 11455 11311
f 11311 11455 11312
f 11455 11456 11312
f 11312 11456 11313
f 11456 11457 11313
f 11313 11457 11314
f 11457 11458 11314
f 11314 11458 11315
f 11458 11459 11315
f 11315 11459 11316
f 11459 11460 11316
f 11316 11460 11317
f 11460 11461 11317
f 11317 11461 11318
f 11461 11462 11318
f 11318 11462 11319
f 11462 11463 11319
f 11319 11463 11320
f 11463 11464 11320
f 11320 11464 11321
f 11464 11465 11321
f 11321 11465 11322
f 11465 11466 11322
f 11322 11466 11323
f 11466 11467 11323
f 11323 11467 11324
f 11467 11468 11324
f 11324 11468 11325
f 11468 11469 11325
f 11325 11469 11326
f 11469 11470 11326
f 11326 11470 11327
f 11470 11471 11327
f 11327 11471 11328
f 11471 11472 11328
f 11328 11472 11329
f 11472 11473 11329
f 11329 11473 11330
f 11473 11474 11330
f 11330 11474 11331
f 11474 11475 11331
f 11331 11475 11332
f 11475 11476 11332
f 11332 11476 11333
f 11476 11477 11333
f 11333 11477 11334
f 11477 11478 11334
f 11334 11478 11335
f 11478 11479 11335
f 11335 11479 11336
f 11479 11480 11336
f 11336 11480 11337
f 11480 11481 11337
f 11337 11481 11338
f 11481 11482 11338
f 11338 11482 11339
f 11482 11483 11339
f 11339 11483 11340
f 11483 11484 11340
f 11340 11484 11341
f 11484 11485 11341
f 11341 11485 11342
f 11485 11486 11342
f 11342 11486 11343
f 11486 11487 11343
f 11343 11487 11344
f 11487 11488 11344
f 11344 11488 11345
f 11488 11489 11345
f 11345 11489 11346
f 11489 11490 11346
f 11346 11490 11347
f 11490 11491 11347
f 11347 11491 11348
f 11491 11492 11348
f 11348 11492 11349
f 11492 11493 11349
f 11349 11493 11350
f 11493 11494 11350
f 11350 11494 11351
f 11494 11495 11351
f 11351 11495 11352
f 11495 11496 11352
f 11352 11496 11353
f 11496 11497 11353
f 11353 11497 11354
f 11497 11498 11354
f 11354 11498 11355
f 11498 11499 11355
f 11355 11499 11356
f 11499 11500 11356
f 11356 11500 11357
f 11500 11501 11357
f 11357 11501 11358
f 11501 11502 11358
f 11358 11502 11359
f 11502 11503 11359
f 11359 11503 11360
f 11503 11504 11360
f 11360 11504 11361
f 11504 11505 11361
f 11361 11505 11362
f 11505 11506 11362
f 11362 11506 11363
f 11506 11507 11363
f 11363 11507 11364
f 11507 11508 11364
f 11364 11508 11365
f 11508 11509 11365
f 11365 11509 11366
f 11509 11510 11366
f 11366 11510 11367
f 11510 11511 11367
f 11367 11511 11368
f 11511 11512 11368
f 11368 11512 11369
f 11512 11513 11369
f 11369 11513 11370
f 11513 11514 11370
f 11370 11514 11371
f 11514 11515 11371
f 11371 11515 11372
f 11515 11516 11372
f 11372 11516 11373
f 11516 11517 11373
f 11373 11517 11374
f 11517 11518 11374
f 11374 11518 11375
f 11518 11519 11375
f 11375 11519 11376
f 11519 11520 11376
f 11376 11520 11377
f 11520 11521 11377
f 11377 11521 11378
f 11521 11522 11378
f 11378 11522 11379
f 11522 11523 11379
f 11379 11523 11380
f 11523 11524 11380
f 11380 11524 11381
f 11524 11525 11381
f 11381 11525 11382
f 11525 11526 11382
f 11382 11526 11383
f 11526 11527 11383
f 11383 11527 11384
f 11527 11528 11384
f 11384 11528 11385
f 11528 11529 11385
f 11385 11529 11386
f 11529 11530 11386
f 11386 11530 11387
f 11530 11531 11387
f 11387 11531 11388
f 11531 11532 11388
f 11388 11532 11389
f 11532 11533 11389
f 11389 11533 11390
f 11533 11534 11390
f 11390 11534 11391
f 11534 11535 11391
f 11391 11535 11392
f 11535 11536 11392
f 11392 11536 11393
f 11536 11537 11393
f 11393 11537 11394
f 11537 11538 11394
f 11394 11538 11395
f 11538 11539 11395
f 11395 11539 11396
f 11539 11540 11396
f 11396 11540 11397
f 11540 11541 11397
f 11397 11541 11398
f 11541 11542 11398
f 11398 11542 11399
f 11542 11543 11399
f 11399 11543 11400
f 11543 11544 11400
f 11400 11544 11401
f 11544 11545 11401
f 11401 11545 11402
f 11545 11546 11402
f 11402 11546 11403
f 11546 11547 11403
f 11403 11547 11404
f 11547 11548 11404
f 11404 11548 11405
f 11548 11549 11405
f 11405 11549 11262
f 11549 11406 11262
f 11406 11550 11407
f 11550 11551 11407
f 11407 11551 11408
f 11551 11552 11408
f 11408 11552 11409
f 11552 11553 11409
f 11409 11553 11410
f 11553 11554 11410
f 11410 11554 11411
f 11554 11555 11411
f 11411 11555 11412
f 11555 11556 11412
f 11412 11556 11413
f 11556 11557 11413
f 11413 11557 11414
f 11557 11558 11414
f 11414 11558 11415
f 11558 11559 11415
f 11415 11559 11416
f 11559 11560 11416
f 11416 11560 11417
f 11560 11561 11417
f 11417 11561 11418
f 11561 11562 11418
f 11418 11562 11419
f 11562 11563 11419
f 11419 11563 11420
f 11563 11564 11420
f 11420 11564 11421
f 11564 11565 11421
f 11421 11565 11422
f 11565 11566 11422
f 11422 11566 11423
f 11566 11567 11423
f 11423 11567 11424
f 11567 11568 11424
f 11424 11568 11425
f 11568 11569 11425
f 11425 11569 11426
f 11569 11570 11426
f 11426 11570 11427
f 11570 11571 11427
f 11427 11571 11428
f 11571 11572 11428
f 11428 11572 11429
f 11572 11573 11429
f 11429 11573 11430
f 11573 11574 11430
f 11430 11574 11431
f 11574 11575 11431
f 11431 11575 11432
f 11575 11576 11432
f 11432 11576 11433
f 11576 11577 11433
f 11433 11577 11434
f 11577 11578 11434
f 11434 11578 11435
f 11578 11579 11435
f 11435 11579 11436
f 11579 11580 11436
f 11436 11580 11437
f 11580 11581 11437
f 11437 11581 11438
f 11581 11582 11438
f 11438 11582 11439
f 11582 11583 11439
f 11439 11583 11440
f 11583 11584 11440
f 11440 11584 11441
f 11584 11585 11441
f 11441 11585 11442
f 11585 11586 11442
f 11442 11586 11443
f 11586 11587 11443
f 11443 11587 11444
f 11587 11588 11444
f 11444 11588 11445
f 11588 11589 11445
f 11445 11589 11446
f 11589 11590 11446
f 11446 11590 11447
f 11590 11591 11447
f 11447 11591 11448
f 11591 11592 11448
f 11448 11592 11449
f 11592 11593 11449
f 11449 11593 11450
f 11593 11594 11450
f 11450 11594 11451
f 11594 11595 11451
f 11451 11595 11452
f 11595 11596 11452
f 11452 11596 11453
f 11596 11597 11453
f 11453 11597 11454
f 11597 11598 11454
f 11454 11598 11455
f 11598 11599 11455
f 11455 11599 11456
f 11599 11600 11456
f 11456 11600 11457
f 11600 11601 11457
f 11457 11601 11458
f 11601 11602 11458
f 11458 11602 11459
f 11602 11603 11459
f 11459 11603 11460
f 11603 11604 11460
f 11460 11604 11461
f 11604 11605 11461
f 11461 11605 11462
f 11605 11606 11462
f 11462 11606 11463
f 11606 11607 11463
f 11463 11607 11464
f 11607 11608 11464
f 11464 11608 11465
f 11608 11609 11465
f 11465 11609 11466
f 11609 11610 11466
f 11466 11610 11467
f 11610 11611 11467
f 11467 11611 11468
f 11611 11612 11468
f 11468 11612 11469
f 11612 11613 11469
f 11469 11613 11470
f 11613 11614 11470
f 11470 11614 11471
f 11614 11615 11471
f 11471 11615 11472
f 11615 11616 11472
f 11472 11616 11473
f 11616 11617 11473
f 11473 11617 11474
f 11617 11618 11474
f 11474 11618 11475
f 11618 11619 11475
f 11475 11619 11476
f 11619 11620 11476
f 11476 11620 11477
f 11620 11621 11477
f 11477 11621 11478
f 11621 11622 11478
f 11478 11622 11479
f 11622 11623 11479
f 11479 11623 11480
f 11623 11624 11480
f 11480 11624 11481
f 11624 11625 11481
f 11481 11625 11482
f 11625 11626 11482
f 11482 11626 11483
f 11626 11627 11483
f 11483 11627 11484
f 11627 11628 11484
f 11484 11628 11485
f 11628 11629 11485
f 11485 11629 11486
f 11629 11630 11486
f 11486 11630 11487
f 11630 11631 11487
f 11487 11631 11488
f 11631 11632 11488
f 11488 11632 11489
f 11632 11633 11489
f 11489 11633 11490
f 11633 11634 11490
f 11490 11634 11491
f 11634 11635 11491
f 11491 11635 11492
f 11635 11636 11492
f 11492 11636 11493
f 11636 11637 11493
f 11493 11637 11494
f 11637 11638 11494
f 11494 11638 11495
f 11638 11639 11495
f 11495 11639 11496
f 11639 11640 11496
f 11496 11640 11497
f 11640 11641 11497
f 11497 11641 11498
f 11641 11642 11498
f 11498 11642 11499
f 11642 11643 11499
f 11499 11643 11500
f 11643 11644 11500
f 11500 11644 11501
f 11644 11645 11501
f 11501 11645 11502
f 11645 11646 11502
f 11502 11646 11503
f 11646 11647 11503
f 11503 11647 11504
f 11647 11648 11504
f 11504 11648 11505
f 11648 11649 11505
f 11505 11649 11506
f 11649 11650 11506
f 11506 11650 11507
f 11650 11651 11507
f 11507 11651 11508
f 11651 11652 11508
f 11508 11652 11509
f 11652 11653 11509
f 11509 11653 11510
f 11653 11654 11510
f 11510 11654 11511
f 11654 11655 11511
f 11511 11655 11512
f 11655 11656 11512
f 11512 11656 11513
f 11656 11657 11513
f 11513 11657 11514
f 11657 11658 11514
f 11514 11658 11515
f 11658 11659 11515
f 11515 11659 11516
f 11659 11660 11516
f 11516 11660 11517
f 11660 11661 11517
f 11517 11661 11518
f 11661 11662 11518
f 11518 11662 11519
f 11662 11663 11519
f 11519 11663 11520
f 11663 11664 11520
f 11520 11664 11521
f 11664 11665 11521
f 11521 11665 11522
f 11665 11666 11522
f 11522 11666 11523
f 11666 11667 11523
f 11523 11667 11524
f 11667 11668 11524
f 11524 11668 11525
f 11668 11669 11525
f 11525 11669 11526
f 11669 11670 11526
f 11526 11670 11527
f 11670 11671 11527
f 11527 11671 11528
f 11671 11672 11528
f 11528 11672 11529
f 11672 11673 11529
f 11529 11673 11530
f 11673 11674 11530
f 11530 11674 11531
f 11674 11675 11531
f 11531 11675 11532
f 11675 11676 11532
f 11532 11676 11533
f 11676 11677 11533
f 11533 11677 11534
f 11677 11678 11534
f 11534 11678 11535
f 11678 11679 11535
f 11535 11679 11536
f 11679 11680 11536
f 11536 11680 11537
f 11680 11681 11537
f 11537 11681 11538
f 11681 11682 11538
f 11538 11682 11539
f 11682 11683 11539
f 11539 11683 11540
f 11683 11684 11540
f 11540 11684 11541
f 11684 11685 11541
f 11541 11685 11542
f 11685 11686 11542
f 11542 11686 11543
f 11686 11687 11543
f 11543 11687 11544
f 11687 11688 11544
f 11544 11688 11545
f 11688 11689 11545
f 11545 11689 11546
f 11689 11690 11546
f 11546 11690 11547
f 11690 11691 11547
f 11547 11691 11548
f 11691 11692 11548
f 11548 11692 11549
f 11692 11693 11549
f 11549 11693 11406
f 11693 11550 11406
f 11550 11694 11551
f 11694 11695 11551
f 11551 11695 11552
f 11695 11696 11552
f 11552 11696 11553
f 11696 11697 11553
f 11553 11697 11554
f 11697 11698 11554
f 11554 11698 11555
f 11698 11699 11555
f 11555 11699 11556
f 11699 11700 11556
f 11556 11700 11557
f 11700 11701 11557
f 11557 11701 11558
f 11701 11702 11558
f 11558 11702 11559
f 11702 11703 11559
f 11559 11703 11560
f 11703 11704 11560
f 11560 11704 11561
f 11704 11705 11561
f 11561 11705 11562
f 11705 11706 11562
f 11562 11706 11563
f 11706 11707 11563
f 11563 11707 11564
f 11707 11708 11564
f 11564 11708 11565
f 11708 11709 11565
f 11565 11709 11566
f 11709 11710 11566
f 11566 11710 11567
f 11710 11711 11567
f 11567 11711 11568
f 11711 11712 11568
f 11568 11712 11569
f 11712 11713 11569
f 11569 11713 11570
f 11713 11714 11570
f 11570 11714 11571
f 11714 11715 11571
f 11571 11715 11572
f 11715 11716 11572
f 11572 11716 11573
f 11716 11717 11573
f 11573 11717 11574
f 11717 11718 11574
f 11574 11718 11575
f 11718 11719 11575
f 11575 11719 11576
f 11719 11720 11576
f 11576 11720 11577
f 11720 11721 11577
f 11577 11721 11578
f 11721 11722 11578
f 11578 11722 11579
f 11722 11723 11579
f 11579 11723 11580
f 11723 11724 11580
f 11580 11724 11581
f 11724 11725 11581
f 11581 11725 11582
f 11725 11726 11582
f 11582 11726 11583
f 11726 11727 11583
f 11583 11727 11584
f 11727 11728 11584
f 11584 11728 11585
f 11728 11729 11585
f 11585 11729 11586
f 11729 11730 11586
f 11586 11730 11587
f 11730 11731 11587
f 11587 11731 11588
f 11731 11732 11588
f 11588 11732 11589
f 11732 11733 11589
f 11589 11733 11590
f 11733 11734 11590
f 11590 11734 11591
f 11734 11735 11591
f 11591 11735 11592
f 11735 11736 11592
f 11592 11736 11593
f 11736 11737 11593
f 11593 11737 11594
f 11737 11738 11594
f 11594 11738 11595
f 11738 11739 11595
f 11595 11739 11596
f 11739 11740 11596
f 11596 11740 11597
f 11740 11741 11597
f 11597 11741 11598
f 11741 11742 11598
f 11598 11742 11599
f 11742 11743 11599
f 11599 11743 11600
f 11743 11744 11600
f 11600 11744 11601
f 11744 11745 11601
f 11601 11745 11602
f 11745 11746 11602
f 11602 11746 11603
f 11746 11747 11603
f 11603 11747 11604
f 11747 11748 11604
f 11604 11748 11605
f 11748 11749 11605
f 11605 11749 11606
f 11749 11750 11606
f 11606 11750 11607
f 11750 11751 11607
f 11607 11751 11608
f 11751 11752 11608
f 11608 11752 11609
f 11752 11753 11609
f 11609 11753 11610
f 11753 11754 11610
f 11610 11754 11611
f 11754 11755 11611
f 11611 11755 11612
f 11755 11756 11612
f 11612 11756 11613
f 11756 11757 11613
f 11613 11757 11614
f 11757 11758 11614
f 11614 11758 11615
f 11758 11759 11615
f 11615 11759 11616
f 11759 11760 11616
f 11616 11760 11617
f 11760 11761 11617
f 11617 11761 11618
f 11761 11762 11618
f 11618 11762 11619
f 11762 11763 11619
f 11619 11763 11620
f 11763 11764 11620
f 11620 11764 11621
f 11764 11765 11621
f 11621 11765 11622
f 11765 11766 11622
f 11622 11766 11623
f 11766 11767 11623
f 11623 11767 11624
f 11767 11768 11624
f 11624 11768 11625
f 11768 11769 11625
f 11625 11769 11626
f 11769 11770 11626
f 11626 11770 11627
f 11770 11771 11627
f 11627 11771 11628
f 11771 11772 11628
f 11628 11772 11629
f 11772 11773 11629
f 11629 11773 11630
f 11773 11774 11630
f 11630 11774 11631
f 11774 11775 11631
f 11631 11775 11632
f 11775 11776 11632
f 11632 11776 11633
f 11776 11777 11633
f 11633 11777 11634
f 11777 11778 11634
f 11634 11778 11635
f 11778 11779 11635
f 11635 11779 11636
f 11779 11780 11636
f 11636 11780 11637
f 11780 11781 11637
f 11637 11781 11638
f 11781 11782 11638
f 11638 11782 11639
f 11782 11783 11639
f 11639 11783 11640
f 11783 11784 11640
f 11640 11784 11641
f 11784 11785 11641
f 11641 11785 11642
f 11785 11786 11642
f 11642 11786 11643
f 11786 11787 11643
f 11643 11787 11644
f 11787 11788 11644
f 11644 11788 11645
f 11788 11789 11645
f 11645 11789 11646
f 11789 11790 11646
f 11646 11790 11647
f 11790 11791 11647
f 11647 11791 11648
f 11791 11792 11648
f 11648 11792 11649
f 11792 11793 11649
f 11649 11793 11650
f 11793 11794 11650
f 11650 11794 11651
f 11794 11795 11651
f 11651 11795 11652
f 11795 11796 11652
f 11652 11796 11653
f 11796 11797 11653
f 11653 11797 11654
f 11797 11798 11654
f 11654 11798 11655
f 11798 11799 11655
f 11655 11799 11656
f 11799 11800 11656
f 11656 11800 11657
f 11800 11801 11657
f 11657 11801 11658
f 11801 11802 11658
f 11658 11802 11659
f 11802 11803 11659
f 11659 11803 11660
f 11803 11804 11660
f 11660 11804 11661
f 11804 11805 11661
f 11661 11805 11662
f 11805 11806 11662
f 11662 11806 11663
f 11806 11807 11663
f 11663 11807 11664
f 11807 11808 11664
f 11664 11808 11665
f 11808 11809 11665
f 11665 11809 11666
f 11809 11810 11666
f 11666 11810 11667
f 11810 11811 11667
f 11667 11811 11668
f 11811 11812 11668
f 11668 11812 11669
f 11812 11813 11669
f 11669 11813 11670
f 11813 11814 11670
f 11670 11814 11671
f 11814 11815 11671
f 11671 11815 11672
f 11815 11816 11672
f 11672 11816 11673
f 11816 11817 11673
f 11673 11817 11674
f 11817 11818 11674
f 11674 11818 11675
f 11818 11819 11675
f 11675 11819 11676
f 11819 11820 11676
f 11676 11820 11677
f 11820 11821 11677
f 11677 11821 11678
f 11821 11822 11678
f 11678 11822 11679
f 11822 11823 11679
f 11679 11823 11680
f 11823 11824 11680
f 11680 11824 11681
f 11824 11825 11681
f 11681 11825 11682
f 11825 11826 11682
f 11682 11826 11683
f 11826 11827 11683
f 11683 11827 11684
f 11827 11828 11684
f 11684 11828 11685
f 11828 11829 11685
f 11685 11829 11686
f 11829 11830 11686
f 11686 11830 11687
f 11830 11831 11687
f 11687 11831 11688
f 11831 11832 11688
f 11688 11832 11689
f 11832 11833 11689
f 11689 11833 11690
f 11833 11834 11690
f 11690 11834 11691
f 11834 11835 11691
f 11691 11835 11692
f 11835 11836 11692
f 11692 11836 11693
f 11836 11837 11693
f 11693 11837 11550
f 11837 11694 11550
f 11694 11838 11695
f 11838 11839 11695
f 11695 11839 11696
f 11839 11840 11696
f 11696 11840 11697
f 11840 11841 11697
f 11697 11841 11698
f 11841 11842 11698
f 11698 11842 11699
f 11842 11843 11699
f 11699 11843 11700
f 11843 11844 11700
f 11700 11844 11701
f 11844 11845 11701
f 11701 11845 11702
f 11845 11846 11702
f 11702 11846 11703
f 11846 11847 11703
f 11703 11847 11704
f 11847 11848 11704
f 11704 11848 11705
f 11848 11849 11705
f 11705 11849 11706
f 11849 11850 11706
f 11706 11850 11707
f 11850 11851 11707
f 11707 11851 11708
f 11851 11852 11708
f 11708 11852 11709
f 11852 11853 11709
f 11709 11853 11710
f 11853 11854 11710
f 11710 11854 11711
f 11854 11855 11711
f 11711 11855 11712
f 11855 11856 11712
f 11712 11856 11713
f 11856 11857 11713
f 11713 11857 11714
f 11857 11858 11714
f 11714 11858 11715
f 11858 11859 11715
f 11715 11859 11716
f 11859 11860 11716
f 11716 11860 11717
f 11860 11861 11717
f 11717 11861 11718
f 11861 11862 11718
f 11718 11862 11719
f 11862 11863 11719
f 11719 11863 11720
f 11863 11864 11720
f 11720 11864 11721
f 11864 11865 11721
f 11721 11865 11722
f 11865 11866 11722
f 11722 11866 11723
f 11866 11867 11723
f 11723 11867 11724
f 11867 11868 11724
f 11724 11868 11725
f 11868 11869 11725
f 11725 11869 11726
f 11869 11870 11726
f 11726 11870 11727
f 11870 11871 11727
f 11727 11871 11728
f 11871 11872 11728
f 11728 11872 11729
f 11872 11873 11729
f 11729 11873 11730
f 11873 11874 11730
f 11730 11874 11731
f 11874 11875 11731
f 11731 11875 11732
f 11875 11876 11732
f 11732 11876 11733
f 11876 11877 11733
f 11733 11877 11734
f 11877 11878 11734
f 11734 11878 11735
f 11878 11879 11735
f 11735 11879 11736
f 11879 11880 11736
f 11736 11880 11737
f 11880 11881 11737
f 11737 11881 11738
f 11881 11882 11738
f 11738 11882 11739
f 11882 11883 11739
f 11739 11883 11740
f 11883 11884 11740
f 11740 11884 11741
f 11884 11885 11741
f 11741 11885 11742
f 11885 11886 11742
f 11742 11886 11743
f 11886 11887 11743
f 11743 11887 11744
f 11887 11888 11744
f 11744 11888 11745
f 11888 11889 11745
f 11745 11889 11746
f 11889 11890 11746
f 11746 11890 11747
f 11890 11891 11747
f 11747 11891 11748
f 11891 11892 11748
f 11748 11892 11749
f 11892 11893 11749
f 11749 11893 11750
f 11893 11894 11750
f 11750 11894 11751
f 11894 11895 11751
f 11751 11895 11752
f 11895 11896 11752
f 11752 11896 11753
f 11896 11897 11753
f 11753 11897 11754
f 11897 11898 11754
f 11754 11898 11755
f 11898 11899 11755
f 11755 11899 11756
f 11899 11900 11756
f 11756 11900 11757
f 11900 11901 11757
f 11757 11901 11758
f 11901 11902 11758
f 11758 11902 11759
f 11902 11903 11759
f 11759 11903 11760
f 11903 11904 11760
f 11760 11904 11761
f 11904 11905 11761
f 11761 11905 11762
f 11905 11906 11762
f 11762 11906 11763
f 11906 11907 11763
f 11763 11907 11764
f 11907 11908 11764
f 11764 11908 11765
f 11908 11909 11765
f 11765 11909 11766
f 11909 11910 11766
f 11766 11910 11767
f 11910 11911 11767
f 11767 11911 11768
f 11911 11912 11768
f 11768 11912 11769
f 11912 11913 11769
f 11769 11913 11770
f 11913 11914 11770
f 11770 11914 11771
f 11914 11915 11771
f 11771 11915 11772
f 11915 11916 11772
f 11772 11916 11773
f 11916 11917 11773
f 11773 11917 11774
f 11917 11918 11774
f 11774 11918 11775
f 11918 11919 11775
f 11775 11919 11776
f 11919 11920 11776
f 11776 11920 11777
f 11920 11921 11777
f 11777 11921 11778
f 11921 11922 11778
f 11778 11922 11779
f 11922 11923 11779
f 11779 11923 11780
f 11923 11924 11780
f 11780 11924 11781
f 11924 11925 11781
f 11781 11925 11782
f 11925 11926 11782
f 11782 11926 11783
f 11926 11927 11783
f 11783 11927 11784
f 11927 11928 11784
f 11784 11928 11785
f 11928 11929 11785
f 11785 11929 11786
f 11929 11930 11786
f 11786 11930 11787
f 11930 11931 11787
f 11787 11931 11788
f 11931 11932 11788
f 11788 11932 11789
f 11932 11933 11789
f 11789 11933 11790
f 11933 11934 11790
f 11790 11934 11791
f 11934 11935 11791
f 11791 11935 11792
f 11935 11936 11792
f 11792 11936 11793
f 11936 11937 11793
f 11793 11937 11794
f 11937 11938 11794
f 11794 11938 11795
f 11938 11939 11795
f 11795 11939 11796
f 11939 11940 11796
f 11796 11940 11797
f 11940 11941 11797
f 11797 11941 11798
f 11941 11942 11798
f 11798 11942 11799
f 11942 11943 11799
f 11799 11943 11800
f 11943 11944 11800
f 11800 11944 11801
f 11944 11945 11801
f 11801 11945 11802
f 11945 11946 11802
f 11802 11946 11803
f 11946 11947 11803
f 11803 11947 11804
f 11947 11948 11804
f 11804 11948 11805
f 11948 11949 11805
f 11805 11949 11806
f 11949 11950 11806
f 11806 11950 11807
f 11950 11951 11807
f 11807 11951 11808
f 11951 11952 11808
f 11808 11952 11809
f 11952 11953 11809
f 11809 11953 11810
f 11953 11954 11810
f 11810 11954 11811
f 11954 11955 11811
f 11811 11955 11812
f 11955 11956 11812
f 11812 11956 11813
f 11956 11957 11813
f 11813 11957 11814
f 11957 11958 11814
f 11814 11958 11815
f 11958 11959 11815
f 11815 11959 11816
f 11959 11960 11816
f 11816 11960 11817
f 11960 11961 11817
f 11817 11961 11818
f 11961 11962 11818
f 11818 11962 11819
f 11962 11963 11819
f 11819 11963 11820
f 11963 11964 11820
f 11820 11964 11821
f 11964 11965 11821
f 11821 11965 11822
f 11965 11966 11822
f 11822 11966 11823
f 11966 11967 11823
f 11823 11967 11824
f 11967 11968 11824
f 11824 11968 11825
f 11968 11969 11825
f 11825 11969 11826
f 11969 11970 11826
f 11826 11970 11827
f 11970 11971 11827
f 11827 11971 11828
f 11971 11972 11828
f 11828 11972 11829
f 11972 11973 11829
f 11829 11973 11830
f 11973 11974 11830
f 11830 11974 11831
f 11974 11975 11831
f 11831 11975 11832
f 11975 11976 11832
f 11832 11976 11833
f 11976 11977 11833
f 11833 11977 11834
f 11977 11978 11834
f 11834 11978 11835
f 11978 11979 11835
f 11835 11979 11836
f 11979 11980 11836
f 11836 11980 11837
f 11980 11981 11837
f 11837 11981 11694
f 11981 11838 11694
f 11838 11982 11839
f 11982 11983 11839
f 11839 11983 11840
f 11983 11984 11840
f 11840 11984 11841
f 11984 11985 11841
f 11841 11985 11842
f 11985 11986 11842
f 11842 11986 11843
f 11986 11987 11843
f 11843 11987 11844
f 11987 11988 11844
f 11844 11988 11845
f 11988 11989 11845
f 11845 11989 11846
f 11989 11990 11846
f 11846 11990 11847
f 11990 11991 11847
f 11847 11991 11848
f 11991 11992 11848
f 11848 11992 11849
f 11992 11993 11849
f 11849 11993 11850
f 11993 11994 11850
f 11850 11994 11851
f 11994 11995 11851
f 11851 11995 11852
f 11995 11996 11852
f 11852 11996 11853
f 11996 11997 11853
f 11853 11997 11854
f 11997 11998 11854
f 11854 11998 11855
f 11998 11999 11855
f 11855 11999 11856
f 11999 12000 11856
f 11856 12000 11857
f 12000 12001 11857
f 11857 12001 11858
f 12001 12002 11858
f 11858 12002 11859
f 12002 12003 11859
f 11859 12003 11860
f 12003 12004 11860
f 11860 12004 11861
f 12004 12005 11861
f 11861 12005 11862
f 12005 12006 11862
f 11862 12006 11863
f 12006 12007 11863
f 11863 12007 11864
f 12007 12008 11864
f 11864 12008 11865
f 12008 12009 11865
f 11865 12009 11866
f 12009 12010 11866
f 11866 12010 11867
f 12010 12011 11867
f 11867 12011 11868
f 12011 12012 11868
f 11868 12012 11869
f 12012 12013 11869
f 11869 12013 11870
f 12013 12014 11870
f 11870 12014 11871
f 12014 12015 11871
f 11871 12015 11872
f 12015 12016 11872
f 11872 12016 11873
f 12016 12017 11873
f 11873 12017 11874
f 12017 12018 11874
f 11874 12018 11875
f 12018 12019 11875
f 11875 12019 11876
f 12019 12020 11876
f 11876 12020 11877
f 12020 12021 11877
f 11877 12021 11878
f 12021 12022 11878
f 11878 12022 11879
f 12022 12023 11879
f 11879 12023 11880
f 12023 12024 11880
f 11880 12024 11881
f 12024 12025 11881
f 11881 12025 11882
f 12025 12026 11882
f 11882 12026 11883
f 12026 12027 11883
f 11883 12027 11884
f 12027 12028 11884
f 11884 12028 11885
f 12028 12029 11885
f 11885 12029 11886
f 12029 12030 11886
f 11886 12030 11887
f 12030 12031 11887
f 11887 12031 11888
f 12031 12032 11888
f 11888 12032 11889
f 12032 12033 11889
f 11889 12033 11890
f 12033 12034 11890
f 11890 12034 11891
f 12034 12035 11891
f 11891 12035 11892
f 12035 12036 11892
f 11892 12036 11893
f 12036 12037 11893
f 11893 12037 11894
f 12037 12038 11894
f 11894 12038 11895
f 12038 12039 11895
f 11895 12039 11896
f 12039 12040 11896
f 11896 12040 11897
f 12040 12041 11897
f 11897 12041 11898
f 12041 12042 11898
f 11898 12042 11899
f 12042 12043 11899
f 11899 12043 11900
f 12043 12044 11900
f 11900 12044 11901
f 12044 12045 11901
f 11901 12045 11902
f 12045 12046 11902
f 11902 12046 11903
f 12046 12047 11903
f 11903 12047 11904
f 12047 12048 11904
f 11904 12048 11905
f 12048 12049 11905
f 11905 12049 11906
f 12049 12050 11906
f 11906 12050 11907
f 12050 12051 11907
f 11907 12051 11908
f 12051 12052 11908
f 11908 12052 11909
f 12052 12053 11909
f 11909 12053 11910
f 12053 12054 11910
f 11910 12054 11911
f 12054 12055 11911
f 11911 12055 11912
f 12055 12056 11912
f 11912 12056 11913
f 12056 12057 11913
f 11913 12057 11914
f 12057 12058 11914
f 11914 12058 11915
f 12058 12059 11915
f 11915 12059 11916
f 12059 12060 11916
f 11916 12060 11917
f 12060 12061 11917
f 11917 12061 11918
f 12061 12062 11918
f 11918 12062 11919
f 12062 12063 11919
f 11919 12063 11920
f 12063 12064 11920
f 11920 12064 11921
f 12064 12065 11921
f 11921 12065 11922
f 12065 12066 11922
f 11922 12066 11923
f 12066 12067 11923
f 11923 12067 11924
f 12067 12068 11924
f 11924 12068 11925
f 12068 12069 11925
f 11925 12069 11926
f 12069 12070 11926
f 11926 12070 11927
f 12070 12071 11927
f 11927 12071 11928
f 12071 12072 11928
f 11928 12072 11929
f 12072 12073 11929
f 11929 12073 11930
f 12073 12074 11930
f 11930 12074 11931
f 12074 12075 11931
f 11931 12075 11932
f 12075 12076 11932
f 11932 12076 11933
f 12076 12077 11933
f 11933 12077 11934
f 12077 12078 11934
f 11934 12078 11935
f 12078 12079 11935
f 11935 12079 11936
f 12079 12080 11936
f 11936 12080 11937
f 12080 12081 11937
f 11937 12081 11938
f 12081 12082 11938
f 11938 12082 11939
f 12082 12083 11939
f 11939 12083 11940
f 12083 12084 11940
f 11940 12084 11941
f 12084 12085 11941
f 11941 12085 11942
f 12085 12086 11942
f 11942 12086 11943
f 12086 12087 11943
f 11943 12087 11944
f 12087 12088 11944
f 11944 12088 11945
f 12088 12089 11945
f 11945 12089 11946
f 12089 12090 11946
f 11946 12090 11947
f 12090 12091 11947
f 11947 12091 11948
f 12091 12092 11948
f 11948 12092 11949
f 12092 12093 11949
f 11949 12093 11950
f 12093 12094 11950
f 11950 12094 11951
f 12094 12095 11951
f 11951 12095 11952
f 12095 12096 11952
f 11952 12096 11953
f 12096 12097 11953
f 11953 12097 11954
f 12097 12098 11954
f 11954 12098 11955
f 12098 12099 11955
f 11955 12099 11956
f 12099 12100 11956
f 11956 12100 11957
f 12100 12101 11957
f 11957 12101 11958
f 12101 12102 11958
f 11958 12102 11959
f 12102 12103 11959
f 11959 12103 11960
f 12103 12104 11960
f 11960 12104 11961
f 12104 12105 11961
f 11961 12105 11962
f 12105 12106 11962
f 11962 12106 11963
f 12106 12107 11963
f 11963 12107 11964
f 12107 12108 11964
f 11964 12108 11965
f 12108 12109 11965
f 11965 12109 11966
f 12109 12110 11966
f 11966 12110 11967
f 12110 12111 11967
f 11967 12111 11968
f 12111 12112 11968
f 11968 12112 11969
f 12112 12113 11969
f 11969 12113 11970
f 12113 12114 11970
f 11970 12114 11971
f 12114 12115 11971
f 11971 12115 11972
f 12115 12116 11972
f 11972 12116 11973
f 12116 12117 11973
f 11973 12117 11974
f 12117 12118 11974
f 11974 12118 11975
f 12118 12119 11975
f 11975 12119 11976
f 12119 12120 11976
f 11976 12120 11977
f 12120 12121 11977
f 11977 12121 11978
f 12121 12122 11978
f 11978 12122 11979
f 12122 12123 11979
f 11979 12123 11980
f 12123 12124 11980
f 11980 12124 11981
f 12124 12125 11981
f 11981 12125 11838
f 12125 11982 11838
f 11982 12126 11983
f 12126 12127 11983
f 11983 12127 11984
f 12127 12128 11984
f 11984 12128 11985
f 12128 12129 11985
f 11985 12129 11986
f 12129 12130 11986
f 11986 12130 11987
f 12130 12131 11987
f 11987 12131 11988
f 12131 12132 11988
f 11988 12132 11989
f 12132 12133 11989
f 11989 12133 11990
f 12133 12134 11990
f 11990 12134 11991
f 12134 12135 11991
f 11991 12135 11992
f 12135 12136 11992
f 11992 12136 11993
f 12136 12137 11993
f 11993 12137 11994
f 12137 12138 11994
f 11994 12138 11995
f 12138 12139 11995
f 11995 12139 11996
f 12139 12140 11996
f 11996 12140 11997
f 12140 12141 11997
f 11997 12141 11998
f 12141 12142 11998
f 11998 12142 11999
f 12142 12143 11999
f 11999 12143 12000
f 12143 12144 12000
f 12000 12144 12001
f 12144 12145 12001
f 12001 12145 12002
f 12145 12146 12002
f 12002 12146 12003
f 12146 12147 12003
f 12003 12147 12004
f 12147 12148 12004
f 12004 12148 12005
f 12148 12149 12005
f 12005 12149 12006
f 12149 12150 12006
f 12006 12150 12007
f 12150 12151 12007
f 12007 12151 12008
f 12151 12152 12008
f 12008 12152 12009
f 12152 12153 12009
f 12009 12153 12010
f 12153 12154 12010
f 12010 12154 12011
f 12154 12155 12011
f 12011 12155 12012
f 12155 12156 12012
f 12012 12156 12013
f 12156 12157 12013
f 12013 12157 12014
f 12157 12158 12014
f 12014 12158 12015
f 12158 12159 12015
f 12015 12159 12016
f 12159 12160 12016
f 12016 12160 12017
f 12160 12161 12017
f 12017 12161 12018
f 12161 12162 12018
f 12018 12162 12019
f 12162 12163 12019
f 12019 12163 12020
f 12163 12164 12020
f 12020 12164 12021
f 12164 12165 12021
f 12021 12165 12022
f 12165 12166 12022
f 12022 12166 12023
f 12166 12167 12023
f 12023 12167 12024
f 12167 12168 12024
f 12024 12168 12025
f 12168 12169 12025
f 12025 12169 12026
f 12169 12170 12026
f 12026 12170 12027
f 12170 12171 12027
f 12027 12171 12028
f 12171 12172 12028
f 12028 12172 12029
f 12172 12173 12029
f 12029 12173 12030
f 12173 12174 12030
f 12030 12174 12031
f 12174 12175 12031
f 12031 12175 12032
f 12175 12176 12032
f 12032 12176 12033
f 12176 12177 12033
f 12033 12177 12034
f 12177 12178 12034
f 12034 12178 12035
f 12178 12179 12035
f 12035 12179 12036
f 12179 12180 12036
f 12036 12180 12037
f 12180 12181 12037
f 12037 12181 12038
f 12181 12182 12038
f 12038 12182 12039
f 12182 12183 12039
f 12039 12183 12040
f 12183 12184 12040
f 12040 12184 12041
f 12184 12185 12041
f 12041 12185 12042
f 12185 12186 12042
f 12042 12186 12043
f 12186 12187 12043
f 12043 12187 12044
f 12187 12188 12044
f 12044 12188 12045
f 12188 12189 12045
f 12045 12189 12046
f 12189 12190 12046
f 12046 12190 12047
f 12190 12191 12047
f 12047 12191 12048
f 12191 12192 12048
f 12048 12192 12049
f 12192 12193 12049
f 12049 12193 12050
f 12193 12194 12050
f 12050 12194 12051
f 12194 12195 12051
f 12051 12195 12052
f 12195 12196 12052
f 12052 12196 12053
f 12196 12197 12053
f 12053 12197 12054
f 12197 12198 12054
f 12054 12198 12055
f 12198 12199 12055
f 12055 12199 12056
f 12199 12200 12056
f 12056 12200 12057
f 12200 12201 12057
f 12057 12201 12058
f 12201 12202 12058
f 12058 12202 12059
f 12202 12203 12059
f 12059 12203 12060
f 12203 12204 12060
f 12060 12204 12061
f 12204 12205 12061
f 12061 12205 12062
f 12205 12206 12062
f 12062 12206 12063
f 12206 12207 12063
f 12063 12207 12064
f 12207 12208 12064
f 12064 12208 12065
f 12208 12209 12065
f 12065 12209 12066
f 12209 12210 12066
f 12066 12210 12067
f 12210 12211 12067
f 12067 12211 12068
f 12211 12212 12068
f 12068 12212 12069
f 12212 12213 12069
f 12069 12213 12070
f 12213 12214 12070
f 12070 12214 12071
f 12214 12215 12071
f 12071 12215 12072
f 12215 12216 12072
f 12072 12216 12073
f 12216 12217 12073
f 12073 12217 12074
f 12217 12218 12074
f 12074 12218 12075
f 12218 12219 12075
f 12075 12219 12076
f 12219 12220 12076
f 12076 12220 12077
f 12220 12221 12077
f 12077 12221 12078
f 12221 12222 12078
f 12078 12222 12079
f 12222 12223 12079
f 12079 12223 12080
f 12223 12224 12080
f 12080 12224 12081
f 12224 12225 12081
f 12081 12225 12082
f 12225 12226 12082
f 12082 12226 12083
f 12226 12227 12083
f 12083 12227 12084
f 12227 12228 12084
f 12084 12228 12085
f 12228 12229 12085
f 12085 12229 12086
f 12229 12230 12086
f 12086 12230 12087
f 12230 12231 12087
f 12087 12231 12088
f 12231 12232 12088
f 12088 12232 12089
f 12232 12233 12089
f 12089 12233 12090
f 12233 12234 12090
f 12090 12234 12091
f 12234 12235 12091
f 12091 12235 12092
f 12235 12236 12092
f 12092 12236 12093
f 12236 12237 12093
f 12093 12237 12094
f 12237 12238 12094
f 12094 12238 12095
f 12238 12239 12095
f 12095 12239 12096
f 12239 12240 12096
f 12096 12240 12097
f 12240 12241 12097
f 12097 12241 12098
f 12241 12242 12098
f 12098 12242 12099
f 12242 12243 12099
f 12099 12243 12100
f 12243 12244 12100
f 12100 12244 12101
f 12244 12245 12101
f 12101 12245 12102
f 12245 12246 12102
f 12102 12246 12103
f 12246 12247 12103
f 12103 12247 12104
f 12247 12248 12104
f 12104 12248 12105
f 12248 12249 12105
f 12105 12249 12106
f 12249 12250 12106
f 12106 12250 12107
f 12250 12251 12107
f 12107 12251 12108
f 12251 12252 12108
f 12108 12252 12109
f 12252 12253 12109
f 12109 12253 12110
f 12253 12254 12110
f 12110 12254 12111
f 12254 12255 12111
f 12111 12255 12112
f 12255 12256 12112
f 12112 12256 12113
f 12256 12257 12113
f 12113 12257 12114
f 12257 12258 12114
f 12114 12258 12115
f 12258 12259 12115
f 12115 12259 12116
f 12259 12260 12116
f 12116 12260 12117
f 12260 12261 12117
f 12117 12261 12118
f 12261 12262 12118
f 12118 12262 12119
f 12262 12263 12119
f 12119 12263 12120
f 12263 12264 12120
f 12120 12264 12121
f 12264 12265 12121
f 12121 12265 12122
f 12265 12266 12122
f 12122 12266 12123
f 12266 12267 12123
f 12123 12267 12124
f 12267 12268 12124
f 12124 12268 12125
f 12268 12269 12125
f 12125 12269 11982
f 12269 12126 11982
f 12126 12270 12127
f 12270 12271 12127
f 12127 12271 12128
f 12271 12272 12128
f 12128 12272 12129
f 12272 12273 12129
f 12129 12273 12130
f 12273 12274 12130
f 12130 12274 12131
f 12274 12275 12131
f 12131 12275 12132
f 12275 12276 12132
f 12132 12276 12133
f 12276 12277 12133
f 12133 12277 12134
f 12277 12278 12134
f 12134 12278 12135
f 12278 12279 12135
f 12135 12279 12136
f 12279 12280 12136
f 12136 12280 12137
f 12280 12281 12137
f 12137 12281 12138
f 12281 12282 12138
f 12138 12282 12139
f 12282 12283 12139
f 12139 12283 12140
f 12283 12284 12140
f 12140 12284 12141
f 12284 12285 12141
f 12141 12285 12142
f 12285 12286 12142
f 12142 12286 12143
f 12286 12287 12143
f 12143 12287 12144
f 12287 12288 12144
f 12144 12288 12145
f 12288 12289 12145
f 12145 12289 12146
f 12289 12290 12146
f 12146 12290 12147
f 12290 12291 12147
f 12147 12291 12148
f 12291 12292 12148
f 12148 12292 12149
f 12292 12293 12149
f 12149 12293 12150
f 12293 12294 12150
f 12150 12294 12151
f 12294 12295 12151
f 12151 12295 12152
f 12295 12296 12152
f 12152 12296 12153
f 12296 12297 12153
f 12153 12297 12154
f 12297 12298 12154
f 12154 12298 12155
f 12298 12299 12155
f 12155 12299 12156
f 12299 12300 12156
f 12156 12300 12157
f 12300 12301 12157
f 12157 12301 12158
f 12301 12302 12158
f 12158 12302 12159
f 12302 12303 12159
f 12159 12303 12160
f 12303 12304 12160
f 12160 12304 12161
f 12304 12305 12161
f 12161 12305 12162
f 12305 12306 12162
f 12162 12306 12163
f 12306 12307 12163
f 12163 12307 12164
f 12307 12308 12164
f 12164 12308 12165
f 12308 12309 12165
f 12165 12309 12166
f 12309 12310 12166
f 12166 12310 12167
f 12310 12311 12167
f 12167 12311 12168
f 12311 12312 12168
f 12168 12312 12169
f 12312 12313 12169
f 12169 12313 12170
f 12313 12314 12170
f 12170 12314 12171
f 12314 12315 12171
f 12171 12315 12172
f 12315 12316 12172
f 12172 12316 12173
f 12316 12317 12173
f 12173 12317 12174
f 12317 12318 12174
f 12174 12318 12175
f 12318 12319 12175
f 12175 12319 12176
f 12319 12320 12176
f 12176 12320 12177
f 12320 12321 12177
f 12177 12321 12178
f 12321 12322 12178
f 12178 12322 12179
f 12322 12323 12179
f 12179 12323 12180
f 12323 12324 12180
f 12180 12324 12181
f 12324 12325 12181
f 12181 12325 12182
f 12325 12326 12182
f 12182 12326 12183
f 12326 12327 12183
f 12183 12327 12184
f 12327 12328 12184
f 12184 12328 12185
f 12328 12329 12185
f 12185 12329 12186
f 12329 12330 12186
f 12186 12330 12187
f 12330 12331 12187
f 12187 12331 12188
f 12331 12332 12188
f 12188 12332 12189
f 12332 12333 12189
f 12189 12333 12190
f 12333 12334 12190
f 12190 12334 12191
f 12334 12335 12191
f 12191 12335 12192
f 12335 12336 12192
f 12192 12336 12193
f 12336 12337 12193
f 12193 12337 12194
f 12337 12338 12194
f 12194 12338 12195
f 12338 12339 12195
f 12195 12339 12196
f 12339 12340 12196
f 12196 12340 12197
f 12340 12341 12197
f 12197 12341 12198
f 12341 12342 12198
f 12198 12342 12199
f 12342 12343 12199
f 12199 12343 12200
f 12343 12344 12200
f 12200 12344 12201
f 12344 12345 12201
f 12201 12345 12202
f 12345 12346 12202
f 12202 12346 12203
f 12346 12347 12203
f 12203 12347 12204
f 12347 12348 12204
f 12204 12348 12205
f 12348 12349 12205
f 12205 12349 12206
f 12349 12350 12206
f 12206 12350 12207
f 12350 12351 12207
f 12207 12351 12208
f 12351 12352 12208
f 12208 12352 12209
f 12352 12353 12209
f 12209 12353 12210
f 12353 12354 12210
f 12210 12354 12211
f 12354 12355 12211
f 12211 12355 12212
f 12355 12356 12212
f 12212 12356 12213
f 12356 12357 12213
f 12213 12357 12214
f 12357 12358 12214
f 12214 12358 12215
f 12358 12359 12215
f 12215 12359 12216
f 12359 12360 12216
f 12216 12360 12217
f 12360 12361 12217
f 12217 12361 12218
f 12361 12362 12218
f 12218 12362 12219
f 12362 12363 12219
f 12219 12363 12220
f 12363 12364 12220
f 12220 12364 12221
f 12364 12365 12221
f 12221 12365 12222
f 12365 12366 12222
f 12222 12366 12223
f 12366 12367 12223
f 12223 12367 12224
f 12367 12368 12224
f 12224 12368 12225
f 12368 12369 12225
f 12225 12369 12226
f 12369 12370 12226
f 12226 12370 12227
f 12370 12371 12227
f 12227 12371 12228
f 12371 12372 12228
f 12228 12372 12229
f 12372 12373 12229
f 12229 12373 12230
f 12373 12374 12230
f 12230 12374 12231
f 12374 12375 12231
f 12231 12375 12232
f 12375 12376 12232
f 12232 12376 12233
f 12376 12377 12233
f 12233 12377 12234
f 12377 12378 12234
f 12234 12378 12235
f 12378 12379 12235
f 12235 12379 12236
f 12379 12380 12236
f 12236 12380 12237
f 12380 12381 12237
f 12237 12381 12238
f 12381 12382 12238
f 12238 12382 12239
f 12382 12383 12239
f 12239 12383 12240
f 12383 12384 12240
f 12240 12384 12241
f 12384 12385 12241
f 12241 12385 12242
f 12385 12386 12242
f 12242 12386 12243
f 12386 12387 12243
f 12243 12387 12244
f 12387 12388 12244
f 12244 12388 12245
f 12388 12389 12245
f 12245 12389 12246
f 12389 12390 12246
f 12246 12390 12247
f 12390 12391 12247
f 12247 12391 12248
f 12391 12392 12248
f 12248 12392 12249
f 12392 12393 12249
f 12249 12393 12250
f 12393 12394 12250
f 12250 12394 12251
f 12394 12395 12251
f 12251 12395 12252
f 12395 12396 12252
f 12252 12396 12253
f 12396 12397 12253
f 12253 12397 12254
f 12397 12398 12254
f 12254 12398 12255
f 12398 12399 12255
f 12255 12399 12256
f 12399 12400 12256
f 12256 12400 12257
f 12400 12401 12257
f 12257 12401 12258
f 12401 12402 12258
f 12258 12402 12259
f 12402 12403 12259
f 12259 12403 12260
f 12403 12404 12260
f 12260 12404 12261
f 12404 12405 12261
f 12261 12405 12262
f 12405 12406 12262
f 12262 12406 12263
f 12406 12407 12263
f 12263 12407 12264
f 12407 12408 12264
f 12264 12408 12265
f 12408 12409 12265
f 12265 12409 12266
f 12409 12410 12266
f 12266 12410 12267
f 12410 12411 12267
f 12267 12411 12268
f 12411 12412 12268
f 12268 12412 12269
f 12412 12413 12269
f 12269 12413 12126
f 12413 12270 12126
f 5927 12414 5925
f 12414 12415 5925
f 5925 12415 5923
f 12415 12416 5923
f 5923 12416 5921
f 12416 12417 5921
f 5921 12417 5919
f 12417 12418 5919
f 5919 12418 5917
f 12418 12419 5917
f 5917 12419 5915
f 12419 12420 5915
f 5915 12420 5913
f 12420 12421 5913
f 5913 12421 5911
f 12421 12422 5911
f 5911 12422 5909
f 12422 12423 5909
f 5909 12423 5907
f 12423 12424 5907
f 5907 12424 5905
f 12424 12425 5905
f 5905 12425 5903
f 12425 12426 5903
f 5903 12426 5901
f 12426 12427 5901
f 5901 12427 5899
f 12427 12428 5899
f 5899 12428 5897
f 12428 12429 5897
f 5897 12429 5895
f 12429 12430 5895
f 5895 12430 5893
f 12430 12431 5893
f 5893 12431 5891
f 12431 12432 5891
f 5891 12432 5889
f 12432 12433 5889
f 5889 12433 5887
f 12433 12434 5887
f 5887 12434 5885
f 12434 12435 5885
f 5885 12435 5883
f 12435 12436 5883
f 5883 12436 5881
f 12436 12437 5881
f 5881 12437 5879
f 12437 12438 5879
f 5879 12438 5877
f 12438 12439 5877
f 5877 12439 5875
f 12439 12440 5875
f 5875 12440 5873
f 12440 12441 5873
f 5873 12441 5871
f 12441 12442 5871
f 5871 12442 5869
f 12442 12443 5869
f 5869 12443 5867
f 12443 12444 5867
f 5867 12444 5865
f 12444 12445 5865
f 5865 12445 5863
f 12445 12446 5863
f 5863 12446 5861
f 12446 12447 5861
f 5861 12447 5859
f 12447 12448 5859
f 5859 12448 5857
f 12448 12449 5857
f 5857 12449 5855
f 12449 12450 5855
f 5855 12450 5853
f 12450 12451 5853
f 5853 12451 5851
f 12451 12452 5851
f 5851 12452 5849
f 12452 12453 5849
f 5849 12453 5847
f 12453 12454 5847
f 5847 12454 5845
f 12454 12455 5845
f 5845 12455 5843
f 12455 12456 5843
f 5843 12456 5841
f 12456 12457 5841
f 5841 12457 5839
f 12457 12458 5839
f 5839 12458 6125
f 12458 12459 6125
f 6125 12459 6123
f 12459 12460 6123
f 6123 12460 6121
f 12460 12461 6121
f 6121 12461 6119
f 12461 12462 6119
f 6119 12462 6117
f 12462 12463 6117
f 6117 12463 6115
f 12463 12464 6115
f 6115 12464 6113
f 12464 12465 6113
f 6113 12465 6111
f 12465 12466 6111
f 6111 12466 6109
f 12466 12467 6109
f 6109 12467 6107
f 12467 12468 6107
f 6107 12468 6105
f 12468 12469 6105
f 6105 12469 6103
f 12469 12470 6103
f 6103 12470 6101
f 12470 12471 6101
f 6101 12471 6099
f 12471 12472 6099
f 6099 12472 6097
f 12472 12473 6097
f 6097 12473 6095
f 12473 12474 6095
f 6095 12474 6093
f 12474 12475 6093
f 6093 12475 6091
f 12475 12476 6091
f 6091 12476 6089
f 12476 12477 6089
f 6089 12477 6087
f 12477 12478 6087
f 6087 12478 6085
f 12478 12479 6085
f 6085 12479 6083
f 12479 12480 6083
f 6083 12480 6081
f 12480 12481 6081
f 6081 12481 6079
f 12481 12482 6079
f 6079 12482 6077
f 12482 12483 6077
f 6077 12483 6075
f 12483 12484 6075
f 6075 12484 6073
f 12484 12485 6073
f 6073 12485 6071
f 12485 12486 6071
f 6071 12486 6069
f 12486 12487 6069
f 6069 12487 6067
f 12487 12488 6067
f 6067 12488 6065
f 12488 12489 6065
f 6065 12489 6063
f 12489 12490 6063
f 6063 12490 6061
f 12490 12491 6061
f 6061 12491 6059
f 12491 12492 6059
f 6059 12492 6057
f 12492 12493 6057
f 6057 12493 6055
f 12493 12494 6055
f 6055 12494 6053
f 12494 12495 6053
f 6053 12495 6051
f 12495 12496 6051
f 6051 12496 6049
f 12496 12497 6049
f 6049 12497 6047
f 12497 12498 6047
f 6047 12498 6045
f 12498 12499 6045
f 6045 12499 6043
f 12499 12500 6043
f 6043 12500 6041
f 12500 12501 6041
f 6041 12501 6039
f 12501 12502 6039
f 6039 12502 6037
f 12502 12503 6037
f 6037 12503 6035
f 12503 12504 6035
f 6035 12504 6033
f 12504 12505 6033
f 6033 12505 6031
f 12505 12506 6031
f 6031 12506 6029
f 12506 12507 6029
f 6029 12507 6027
f 12507 12508 6027
f 6027 12508 6025
f 12508 12509 6025
f 6025 12509 6023
f 12509 12510 6023
f 6023 12510 6021
f 12510 12511 6021
f 6021 12511 6019
f 12511 12512 6019
f 6019 12512 6017
f 12512 12513 6017
f 6017 12513 6015
f 12513 12514 6015
f 6015 12514 6013
f 12514 12515 6013
f 6013 12515 6011
f 12515 12516 6011
f 6011 12516 6009
f 12516 12517 6009
f 6009 12517 6007
f 12517 12518 6007
f 6007 12518 6005
f 12518 12519 6005
f 6005 12519 6003
f 12519 12520 6003
f 6003 12520 6001
f 12520 12521 6001
f 6001 12521 5999
f 12521 12522 5999
f 5999 12522 5997
f 12522 12523 5997
f 5997 12523 5995
f 12523 12524 5995
f 5995 12524 5993
f 12524 12525 5993
f 5993 12525 5991
f 12525 12526 5991
f 5991 12526 5989
f 12526 12527 5989
f 5989 12527 5987
f 12527 12528 5987
f 5987 12528 5985
f 12528 12529 5985
f 5985 12529 5983
f 12529 12530 5983
f 5983 12530 5981
f 12530 12531 5981
f 5981 12531 5979
f 12531 12532 5979
f 5979 12532 5977
f 12532 12533 5977
f 5977 12533 5975
f 12533 12534 5975
f 5975 12534 5973
f 12534 12535 5973
f 5973 12535 5971
f 12535 12536 5971
f 5971 12536 5969
f 12536 12537 5969
f 5969 12537 5967
f 12537 12538 5967
f 5967 12538 5965
f 12538 12539 5965
f 5965 12539 5963
f 12539 12540 5963
f 5963 12540 5961
f 12540 12541 5961
f 5961 12541 5959
f 12541 12542 5959
f 5959 12542 5957
f 12542 12543 5957
f 5957 12543 5955
f 12543 12544 5955
f 5955 12544 5953
f 12544 12545 5953
f 5953 12545 5951
f 12545 12546 5951
f 5951 12546 5949
f 12546 12547 5949
f 5949 12547 5947
f 12547 12548 5947
f 5947 12548 5945
f 12548 12549 5945
f 5945 12549 5943
f 12549 12550 5943
f 5943 12550 5941
f 12550 12551 5941
f 5941 12551 5939
f 12551 12552 5939
f 5939 12552 5937
f 12552 12553 5937
f 5937 12553 5935
f 12553 12554 5935
f 5935 12554 5933
f 12554 12555 5933
f 5933 12555 5931
f 12555 12556 5931
f 5931 12556 5929
f 12556 12557 5929
f 5929 12557 5927
f 12557 12414 5927
f 6563 5332 5330
f 5350 5348 7934
f 7934 7936 5350
f 7936 7938 5350
f 5350 7938 5357
f 7938 7940 5357
f 5357 7940 5358
f 7940 7942 5358
f 5358 7942 5369
f 7942 7944 5369
f 5369 7944 5370
f 7944 7946 5370
f 5370 7946 5371
f 7946 7948 5371
f 5371 7948 5372
f 7948 7662 5372
f 5372 7662 5373
f 7662 7664 5373
f 5373 7664 5374
f 7664 7666 5374
f 5374 7666 5375
f 7666 7668 5375
f 5375 7668 5376
f 7668 7670 5376
f 5376 7670 5355
f 7670 7672 5355
f 5355 7672 5353
f 5379 5378 5351
f 7028 5340 5341
f 5354 5352 7790
f 7790 7792 5354
f 7792 7794 5354
f 5354 7794 5356
f 7794 7796 5356
f 5356 7796 5359
f 7796 7798 5359
f 5359 7798 5360
f 7798 7800 5360
f 5360 7800 5361
f 7800 7802 5361
f 5361 7802 5367
f 7802 7804 5367
f 5367 7804 5368
f 7804 7806 5368
f 5368 7806 5364
f 7806 7808 5364
f 5364 7808 5363
f 7808 7810 5363
f 5363 7810 5362
f 7810 7812 5362
f 5362 7812 5365
f 7812 7814 5365
f 5365 7814 5366
f 7814 7816 5366
f 5366 7816 5349
f 7057 7027 5347
f 5349 7816 5347
f 7816 7818 5347
f 5347 7818 7057
f 7818 7820 7057
f 7057 7820 7063
f 7820 7822 7063
f 7063 7822 7064
f 7822 7824 7064
f 7064 7824 7065
f 7824 7826 7065
f 7065 7826 7066
f 7826 7828 7066
f 7066 7828 7067
f 7828 7830 7067
f 7067 7830 7068
f 7830 7832 7068
f 7068 7832 7073
f 7832 7834 7073
f 7073 7834 7074
f 7834 7836 7074
f 7074 7836 7075
f 7836 7838 7075
f 7075 7838 7081
f 7838 7840 7081
f 7081 7840 7082
f 7840 7842 7082
f 7082 7842 7083
f 7842 7844 7083
f 7083 7844 7084
f 7844 7846 7084
f 7084 7846 7085
f 7846 7848 7085
f 7085 7848 7069
f 7848 7850 7069
f 7069 7850 7070
f 7850 7852 7070
f 7070 7852 7071
f 7852 7854 7071
f 7071 7854 7072
f 7854 7856 7072
f 7072 7856 7076
f 7856 7858 7076
f 7076 7858 7077
f 7858 7860 7077
f 7077 7860 7078
f 7860 7862 7078
f 7078 7862 7079
f 7862 7864 7079
f 7079 7864 7080
f 7864 7866 7080
f 7080 7866 7060
f 7866 7868 7060
f 7060 7868 7058
f 7868 7870 7058
f 7058 7870 7059
f 7870 7872 7059
f 7059 7872 7061
f 7872 7874 7061
f 7061 7874 7062
f 5337 7062 5335
f 7062 7874 5335
f 5335 7874 5333
f 7874 7876 5333
f 5333 7876 5330
f 7876 7878 5330
f 5330 7878 6563
f 7878 7880 6563
f 6563 7880 6564
f 7880 7882 6564
f 6564 7882 6568
f 7882 7884 6568
f 6568 7884 6569
f 7884 7886 6569
f 6569 7886 6570
f 7886 7888 6570
f 6570 7888 6577
f 7888 7890 6577
f 6577 7890 6578
f 7890 7892 6578
f 6578 7892 6561
f 7892 7894 6561
f 6561 7894 6562
f 7894 7896 6562
f 6562 7896 6579
f 7896 7898 6579
f 6579 7898 6580
f 7898 7900 6580
f 6580 7900 6581
f 7900 7902 6581
f 6581 7902 6582
f 7902 7904 6582
f 6582 7904 6583
f 7904 7906 6583
f 6583 7906 6584
f 7906 7908 6584
f 6584 7908 6585
f 7908 7910 6585
f 6585 7910 6586
f 7910 7912 6586
f 6586 7912 6571
f 7912 7914 6571
f 6571 7914 6572
f 7914 7916 6572
f 6572 7916 6573
f 7916 7918 6573
f 6573 7918 6574
f 7918 7920 6574
f 6574 7920 6587
f 7920 7922 6587
f 6587 7922 6588
f 7922 7924 6588
f 6588 7924 6567
f 7924 7926 6567
f 6567 7926 6566
f 7926 7928 6566
f 6566 7928 6565
f 7928 7930 6565
f 6565 7930 6575
f 7930 7932 6575
f 6575 7932 6576
f 7932 7934 6576
f 6576 7934 6559
f 7934 5348 6559
f 6559 5348 6560
f 5353 7672 5351
f 7672 7674 5351
f 5351 7674 5379
f 7674 7676 5379
f 5379 7676 5380
f 7676 7678 5380
f 5380 7678 5386
f 7678 7680 5386
f 5386 7680 5387
f 7680 7682 5387
f 5387 7682 5388
f 7682 7684 5388
f 5388 7684 5395
f 7684 7686 5395
f 5395 7686 5396
f 7686 7688 5396
f 5396 7688 5397
f 7688 7690 5397
f 5397 7690 5398
f 7690 7692 5398
f 5398 7692 5399
f 7692 7694 5399
f 5399 7694 5381
f 7694 7696 5381
f 5381 7696 5382
f 7696 7698 5382
f 5382 7698 5402
f 7698 7700 5402
f 5402 7700 5403
f 7700 7702 5403
f 5403 7702 5404
f 7702 7704 5404
f 5404 7704 5405
f 7704 7706 5405
f 5405 7706 5406
f 7706 7708 5406
f 5406 7708 5391
f 7708 7710 5391
f 5391 7710 5390
f 7710 7712 5390
f 5390 7712 5389
f 7712 7714 5389
f 5389 7714 5392
f 7714 7716 5392
f 5392 7716 5393
f 7716 7718 5393
f 5393 7718 5394
f 7718 7720 5394
f 5394 7720 5400
f 7720 7722 5400
f 5400 7722 5401
f 7722 7724 5401
f 5401 7724 5383
f 7724 7726 5383
f 5383 7726 5384
f 7726 7728 5384
f 5384 7728 5385
f 7728 7730 5385
f 5385 7730 5377
f 5346 5377 5344
f 5377 7730 5344
f 5344 7730 5342
f 7730 7732 5342
f 5342 7732 5341
f 7732 7734 5341
f 5341 7734 7028
f 7734 7736 7028
f 7028 7736 7029
f 7736 7738 7029
f 7029 7738 7033
f 7738 7740 7033
f 7033 7740 7034
f 7740 7742 7034
f 7034 7742 7035
f 7742 7744 7035
f 7035 7744 7040
f 7744 7746 7040
f 7040 7746 7041
f 7746 7748 7041
f 7041 7748 7042
f 7748 7750 7042
f 7042 7750 7053
f 7750 7752 7053
f 7053 7752 7054
f 7752 7754 7054
f 7054 7754 7043
f 7754 7756 7043
f 7043 7756 7044
f 7756 7758 7044
f 7044 7758 7047
f 7758 7760 7047
f 7047 7760 7048
f 7760 7762 7048
f 7048 7762 7049
f 7762 7764 7049
f 7049 7764 7050
f 7764 7766 7050
f 7050 7766 7051
f 7766 7768 7051
f 7051 7768 7052
f 7768 7770 7052
f 7052 7770 7055
f 7770 7772 7055
f 7055 7772 7056
f 7772 7774 7056
f 7056 7774 7036
f 7774 7776 7036
f 7036 7776 7037
f 7776 7778 7037
f 7037 7778 7038
f 7778 7780 7038
f 7038 7780 7039
f 7780 7782 7039
f 7039 7782 7045
f 7782 7784 7045
f 7045 7784 7046
f 7784 7786 7046
f 7046 7786 7030
f 7786 7788 7030
f 7030 7788 7031
f 7788 7790 7031
f 7031 7790 7032
f 7790 5352 7032
f 7032 5352 6733
f 5653 12558 5651
f 12558 12559 5651
f 5651 12559 5649
f 12559 12560 5649
f 5649 12560 5647
f 12560 12561 5647
f 5647 12561 5645
f 12561 12562 5645
f 5645 12562 5643
f 12562 12563 5643
f 5643 12563 5641
f 12563 12564 5641
f 5641 12564 5639
f 12564 12565 5639
f 5639 12565 5637
f 12565 12566 5637
f 5637 12566 5635
f 12566 12567 5635
f 5635 12567 5633
f 12567 12568 5633
f 5633 12568 5631
f 12568 12569 5631
f 5631 12569 5629
f 12569 12570 5629
f 5629 12570 5627
f 12570 12571 5627
f 5627 12571 5625
f 12571 12572 5625
f 5625 12572 5623
f 12572 12573 5623
f 5623 12573 5621
f 12573 12574 5621
f 5621 12574 5619
f 12574 12575 5619
f 5619 12575 5617
f 12575 12576 5617
f 5617 12576 5615
f 12576 12577 5615
f 5615 12577 5613
f 12577 12578 5613
f 5613 12578 5611
f 12578 12579 5611
f 5611 12579 5609
f 12579 12580 5609
f 5609 12580 5607
f 12580 12581 5607
f 5607 12581 5605
f 12581 12582 5605
f 5605 12582 5603
f 12582 12583 5603
f 5603 12583 5601
f 12583 12584 5601
f 5601 12584 5599
f 12584 12585 5599
f 5599 12585 5597
f 12585 12586 5597
f 5597 12586 5595
f 12586 12587 5595
f 5595 12587 5593
f 12587 12588 5593
f 5593 12588 5591
f 12588 12589 5591
f 5591 12589 5589
f 12589 12590 5589
f 5589 12590 5587
f 12590 12591 5587
f 5587 12591 5585
f 12591 12592 5585
f 5585 12592 5583
f 12592 12593 5583
f 5583 12593 5581
f 12593 12594 5581
f 5581 12594 5579
f 12594 12595 5579
f 5579 12595 5577
f 12595 12596 5577
f 5577 12596 5575
f 12596 12597 5575
f 5575 12597 5573
f 12597 12598 5573
f 5573 12598 5571
f 12598 12599 5571
f 5571 12599 5569
f 12599 12600 5569
f 5569 12600 5567
f 12600 12601 5567
f 5567 12601 5565
f 12601 12602 5565
f 5565 12602 5563
f 12602 12603 5563
f 5563 12603 5561
f 12603 12604 5561
f 5561 12604 5559
f 12604 12605 5559
f 5559 12605 5557
f 12605 12606 5557
f 5557 12606 5555
f 12606 12607 5555
f 5555 12607 5553
f 12607 12608 5553
f 5553 12608 5551
f 12608 12609 5551
f 5551 12609 5549
f 12609 12610 5549
f 5549 12610 5547
f 12610 12611 5547
f 5547 12611 5545
f 12611 12612 5545
f 5545 12612 5543
f 12612 12613 5543
f 5543 12613 5541
f 12613 12614 5541
f 5541 12614 5539
f 12614 12615 5539
f 5539 12615 5537
f 12615 12616 5537
f 5537 12616 5535
f 12616 12617 5535
f 5535 12617 5533
f 12617 12618 5533
f 5533 12618 5531
f 12618 12619 5531
f 5531 12619 5529
f 12619 12620 5529
f 5529 12620 5527
f 12620 12621 5527
f 5527 12621 5525
f 12621 12622 5525
f 5525 12622 5523
f 12622 12623 5523
f 5523 12623 5521
f 12623 12624 5521
f 5521 12624 5519
f 12624 12625 5519
f 5519 12625 5517
f 12625 12626 5517
f 5517 12626 5515
f 12626 12627 5515
f 5515 12627 5513
f 12627 12628 5513
f 5513 12628 5511
f 12628 12629 5511
f 5511 12629 5509
f 12629 12630 5509
f 5509 12630 5507
f 12630 12631 5507
f 5507 12631 5505
f 12631 12632 5505
f 5505 12632 5503
f 12632 12633 5503
f 5503 12633 5501
f 12633 12634 5501
f 5501 12634 5499
f 12634 12635 5499
f 5499 12635 5497
f 12635 12636 5497
f 5497 12636 5495
f 12636 12637 5495
f 5495 12637 5493
f 12637 12638 5493
f 5493 12638 5491
f 12638 12639 5491
f 5491 12639 5489
f 12639 12640 5489
f 5489 12640 5487
f 12640 12641 5487
f 5487 12641 5485
f 12641 12642 5485
f 5485 12642 5483
f 12642 12643 5483
f 5483 12643 5481
f 12643 12644 5481
f 5481 12644 5479
f 12644 12645 5479
f 5479 12645 5477
f 12645 12646 5477
f 5477 12646 5475
f 12646 12647 5475
f 5475 12647 5473
f 12647 12648 5473
f 5473 12648 5471
f 12648 12649 5471
f 5471 12649 5469
f 12649 12650 5469
f 5469 12650 5467
f 12650 12651 5467
f 5467 12651 5465
f 12651 12652 5465
f 5465 12652 5463
f 12652 12653 5463
f 5463 12653 5461
f 12653 12654 5461
f 5461 12654 5459
f 12654 12655 5459
f 5459 12655 5457
f 12655 12656 5457
f 5457 12656 5455
f 12656 12657 5455
f 5455 12657 5453
f 12657 12658 5453
f 5453 12658 5451
f 12658 12659 5451
f 5451 12659 5449
f 12659 12660 5449
f 5449 12660 5447
f 12660 12661 5447
f 5447 12661 5445
f 12661 12662 5445
f 5445 12662 5443
f 12662 12663 5443
f 5443 12663 5441
f 12663 12664 5441
f 5441 12664 5439
f 12664 12665 5439
f 5439 12665 5437
f 12665 12666 5437
f 5437 12666 5435
f 12666 12667 5435
f 5435 12667 5433
f 12667 12668 5433
f 5433 12668 5431
f 12668 12669 5431
f 5431 12669 5429
f 12669 12670 5429
f 5429 12670 5427
f 12670 12671 5427
f 5427 12671 5425
f 12671 12672 5425
f 5425 12672 5423
f 12672 12673 5423
f 5423 12673 5421
f 12673 12674 5421
f 5421 12674 5419
f 12674 12675 5419
f 5419 12675 5417
f 12675 12676 5417
f 5417 12676 5415
f 12676 12677 5415
f 5415 12677 5413
f 12677 12678 5413
f 5413 12678 5411
f 12678 12679 5411
f 5411 12679 5409
f 12679 12680 5409
f 5409 12680 5407
f 12680 12681 5407
f 5407 12681 5693
f 12681 12682 5693
f 5693 12682 5691
f 12682 12683 5691
f 5691 12683 5689
f 12683 12684 5689
f 5689 12684 5687
f 12684 12685 5687
f 5687 12685 5685
f 12685 12686 5685
f 5685 12686 5683
f 12686 12687 5683
f 5683 12687 5681
f 12687 12688 5681
f 5681 12688 5679
f 12688 12689 5679
f 5679 12689 5677
f 12689 12690 5677
f 5677 12690 5675
f 12690 12691 5675
f 5675 12691 5673
f 12691 12692 5673
f 5673 12692 5671
f 12692 12693 5671
f 5671 12693 5669
f 12693 12694 5669
f 5669 12694 5667
f 12694 12695 5667
f 5667 12695 5665
f 12695 12696 5665
f 5665 12696 5663
f 12696 12697 5663
f 5663 12697 5661
f 12697 12698 5661
f 5661 12698 5659
f 12698 12699 5659
f 5659 12699 5657
f 12699 12700 5657
f 5657 12700 5655
f 12700 12701 5655
f 5655 12701 5653
f 12701 12558 5653
f 12702 6833 12703
f 6833 6834 12703
f 12703 6834 12704
f 6834 6829 12704
f 12704 6829 12705
f 6829 6828 12705
f 12705 6828 12706
f 6828 6835 12706
f 12706 6835 12707
f 6835 6837 12707
f 12707 6837 12708
f 6837 6836 12708
f 12708 6836 12709
f 6836 6838 12709
f 12709 6838 12710
f 6838 6841 12710
f 12710 6841 12711
f 6841 6844 12711
f 12711 6844 12712
f 6844 6845 12712
f 12712 6845 12713
f 6845 6846 12713
f 12713 6846 12714
f 6846 6825 12714
f 12714 6825 12715
f 6825 6826 12715
f 12715 6826 12716
f 6826 6827 12716
f 12716 6827 12717
f 6827 6830 12717
f 12717 6830 12718
f 6830 6842 12718
f 12718 6842 12719
f 6842 6840 12719
f 12719 6840 12720
f 6840 6839 12720
f 12720 6839 12721
f 6839 6843 12721
f 12721 6843 12722
f 6843 6831 12722
f 12722 6831 12723
f 12724 6789 12725
f 6789 6791 12725
f 12725 6791 12726
f 6791 6790 12726
f 12726 6790 12727
f 6790 6797 12727
f 12727 6797 12728
f 6797 6798 12728
f 12728 6798 12729
f 6798 6800 12729
f 12729 6800 12730
f 6800 6799 12730
f 12730 6799 12731
f 6799 6811 12731
f 12731 6811 12732
f 6811 6810 12732
f 12732 6810 12733
f 6810 6824 12733
f 12733 6824 12734
f 6824 6792 12734
f 12734 6792 12735
f 6792 6794 12735
f 12735 6794 12736
f 6794 6793 12736
f 12736 6793 12737
f 6793 6795 12737
f 12737 6795 12738
f 6795 6801 12738
f 12738 6801 12739
f 6801 6802 12739
f 12739 6802 12740
f 6802 6812 12740
f 12740 6812 12741
f 6812 6804 12741
f 12741 6804 12742
f 6804 6803 12742
f 12742 6803 12743
f 6803 6813 12743
f 12743 6813 12744
f 6813 6814 12744
f 12744 6814 12745
f 6814 6805 12745
f 12745 6805 12746
f 6805 6806 12746
f 12746 6806 12747
f 6806 6807 12747
f 12747 6807 12748
f 6807 6808 12748
f 12748 6808 12749
f 6808 6809 12749
f 12749 6809 12750
f 6809 6815 12750
f 12750 6815 12751
f 6815 6816 12751
f 12751 6816 12752
f 6816 6817 12752
f 12752 6817 12753
f 6817 6818 12753
f 12753 6818 12754
f 6818 6819 12754
f 12754 6819 12755
f 6819 6820 12755
f 12755 6820 12756
f 6820 6821 12756
f 12756 6821 12757
f 6821 6822 12757
f 12757 6822 12758
f 6822 6823 12758
f 12758 6823 12759
f 6823 6796 12759
f 12759 6796 12702
f 6796 6832 12702
f 12702 6832 6833
f 12760 6778 12761
f 6778 6777 12761
f 12761 6777 12762
f 6777 6776 12762
f 12762 6776 12763
f 6776 6775 12763
f 12763 6775 12764
f 6775 6774 12764
f 12764 6774 12765
f 6774 6773 12765
f 12765 6773 12766
f 6773 6772 12766
f 12766 6772 12767
f 6772 6771 12767
f 12767 6771 12768
f 6771 6749 12768
f 12768 6749 12769
f 6749 6748 12769
f 12769 6748 12770
f 6748 6747 12770
f 12770 6747 12771
f 6747 6745 12771
f 12771 6745 12772
f 6745 6744 12772
f 12772 6744 12773
f 6744 6759 12773
f 12773 6759 12774
f 6759 6768 12774
f 12774 6768 12775
f 6768 6761 12775
f 12775 6761 12776
f 6761 6760 12776
f 12776 6760 12777
f 6760 6769 12777
f 12777 6769 12778
f 6769 6762 12778
f 12778 6762 12779
f 6762 6763 12779
f 12779 6763 12780
f 6763 6764 12780
f 12780 6764 12781
f 6764 6765 12781
f 12781 6765 12782
f 6765 6766 12782
f 12782 6766 12783
f 6766 6767 12783
f 12783 6767 12784
f 6767 6751 12784
f 12784 6751 12785
f 6751 6750 12785
f 12785 6750 12786
f 6750 6752 12786
f 12786 6752 12787
f 6752 6737 12787
f 12787 6737 12788
f 6737 6742 12788
f 12788 6742 12789
f 6742 6738 12789
f 12789 6738 12790
f 6738 6743 12790
f 12790 6743 12791
f 6743 6739 12791
f 12791 6739 12792
f 6739 6736 12792
f 12792 6736 12793
f 6736 6735 12793
f 12793 6735 12794
f 6735 6740 12794
f 12794 6740 12795
f 6740 6741 12795
f 12795 6741 12796
f 6741 6746 12796
f 12796 6746 12797
f 6746 6753 12797
f 12797 6753 12798
f 6753 6754 12798
f 12798 6754 12799
f 6754 6755 12799
f 12799 6755 12800
f 6755 6756 12800
f 12800 6756 12801
f 6756 6757 12801
f 12801 6757 12802
f 6757 6734 12802
f 12802 6734 12803
f 6734 6781 12803
f 12803 6781 12804
f 6781 6782 12804
f 12804 6782 12805
f 6782 6783 12805
f 12805 6783 12806
f 6783 6784 12806
f 12806 6784 12807
f 6784 6785 12807
f 12807 6785 12808
f 6785 6786 12808
f 12808 6786 12809
f 6786 6787 12809
f 12809 6787 12810
f 6787 6780 12810
f 12810 6780 12724
f 6780 6788 12724
f 12724 6788 6789
f 6831 7023 12723
f 7023 7022 12723
f 12723 7022 12811
f 7022 7020 12811
f 12811 7020 12812
f 7020 7018 12812
f 12812 7018 12813
f 7018 7016 12813
f 12813 7016 12814
f 7016 7014 12814
f 12814 7014 12815
f 7014 7012 12815
f 12815 7012 12816
f 7012 7010 12816
f 12816 7010 12817
f 7010 7008 12817
f 12817 7008 12818
f 7008 6931 12818
f 12818 6931 12819
f 6931 6976 12819
f 12819 6976 12820
f 6976 6978 12820
f 12820 6978 12821
f 6978 6980 12821
f 12821 6980 12822
f 6980 6933 12822
f 12822 6933 12823
f 6933 6932 12823
f 12823 6932 12824
f 6932 6962 12824
f 12824 6962 12825
f 6962 6936 12825
f 12825 6936 12826
f 6936 6935 12826
f 12826 6935 12827
f 6935 6896 12827
f 12827 6896 12828
f 6896 6895 12828
f 12828 6895 12829
f 6895 6852 12829
f 12829 6852 12830
f 6852 6874 12830
f 12830 6874 12831
f 6874 6849 12831
f 12831 6849 12832
f 6849 6853 12832
f 12832 6853 12833
f 6853 6868 12833
f 12833 6868 12834
f 6868 6902 12834
f 12834 6902 12835
f 6902 6906 12835
f 12835 6906 12836
f 6906 6859 12836
f 12836 6859 12837
f 6859 6857 12837
f 12837 6857 12838
f 6857 6946 12838
f 12838 6946 12839
f 6946 6909 12839
f 12839 6909 12840
f 6909 6947 12840
f 12840 6947 12841
f 6947 6950 12841
f 12841 6950 12842
f 6950 6970 12842
f 12842 6970 12843
f 6970 6951 12843
f 12843 6951 12844
f 6951 6953 12844
f 12844 6953 12845
f 6953 6758 12845
f 12845 6758 12760
f 6758 6779 12760
f 12760 6779 6778
f 143 12340 141
f 12340 12339 141
f 141 12339 139
f 12339 12338 139
f 139 12338 137
f 12338 12337 137
f 137 12337 135
f 12337 12336 135
f 135 12336 133
f 12336 12335 133
f 133 12335 131
f 12335 12334 131
f 131 12334 129
f 12334 12333 129
f 129 12333 127
f 12333 12332 127
f 127 12332 125
f 12332 12331 125
f 125 12331 123
f 12331 12330 123
f 123 12330 121
f 12330 12329 121
f 121 12329 119
f 12329 12328 119
f 119 12328 117
f 12328 12327 117
f 117 12327 115
f 12327 12326 115
f 115 12326 113
f 12326 12325 113
f 113 12325 111
f 12325 12324 111
f 111 12324 109
f 12324 12323 109
f 109 12323 107
f 12323 12322 107
f 107 12322 105
f 12322 12321 105
f 105 12321 103
f 12321 12320 103
f 103 12320 101
f 12320 12319 101
f 101 12319 99
f 12319 12318 99
f 99 12318 97
f 12318 12317 97
f 97 12317 95
f 12317 12316 95
f 95 12316 93
f 12316 12315 93
f 93 12315 91
f 12315 12314 91
f 91 12314 89
f 12314 12313 89
f 89 12313 87
f 12313 12312 87
f 87 12312 85
f 12312 12311 85
f 85 12311 83
f 12311 12310 83
f 83 12310 81
f 12310 12309 81
f 81 12309 79
f 12309 12308 79
f 79 12308 77
f 12308 12307 77
f 77 12307 75
f 12307 12306 75
f 75 12306 73
f 12306 12305 73
f 73 12305 71
f 12305 12304 71
f 71 12304 69
f 12304 12303 69
f 69 12303 67
f 12303 12302 67
f 67 12302 65
f 12302 12301 65
f 65 12301 63
f 12301 12300 63
f 63 12300 61
f 12300 12299 61
f 61 12299 59
f 12299 12298 59
f 59 12298 57
f 12298 12297 57
f 57 12297 55
f 12297 12296 55
f 55 12296 53
f 12296 12295 53
f 53 12295 51
f 12295 12294 51
f 51 12294 49
f 12294 12293 49
f 49 12293 47
f 12293 12292 47
f 47 12292 45
f 12292 12291 45
f 45 12291 43
f 12291 12290 43
f 43 12290 41
f 12290 12289 41
f 41 12289 39
f 12289 12288 39
f 39 12288 37
f 12288 12287 37
f 37 12287 35
f 12287 12286 35
f 35 12286 33
f 12286 12285 33
f 33 12285 31
f 12285 12284 31
f 31 12284 29
f 12284 12283 29
f 29 12283 27
f 12283 12282 27
f 27 12282 25
f 12282 12281 25
f 25 12281 23
f 12281 12280 23
f 23 12280 21
f 12280 12279 21
f 21 12279 19
f 12279 12278 19
f 19 12278 17
f 12278 12277 17
f 17 12277 15
f 12277 12276 15
f 15 12276 13
f 12276 12275 13
f 13 12275 11
f 12275 12274 11
f 11 12274 9
f 12274 12273 9
f 9 12273 7
f 12273 12272 7
f 7 12272 5
f 12272 12271 5
f 5 12271 3
f 12271 12270 3
f 3 12270 1
f 12270 12413 1
f 1 12413 287
f 12413 12412 287
f 287 12412 285
f 12412 12411 285
f 285 12411 283
f 12411 12410 283
f 283 12410 281
f 12410 12409 281
f 281 12409 279
f 12409 12408 279
f 279 12408 277
f 12408 12407 277
f 277 12407 275
f 12407 12406 275
f 275 12406 273
f 12406 12405 273
f 273 12405 271
f 12405 12404 271
f 271 12404 269
f 12404 12403 269
f 269 12403 267
f 12403 12402 267
f 267 12402 265
f 12402 12401 265
f 265 12401 263
f 12401 12400 263
f 263 12400 261
f 12400 12399 261
f 261 12399 259
f 12399 12398 259
f 259 12398 257
f 12398 12397 257
f 257 12397 255
f 12397 12396 255
f 255 12396 253
f 12396 12395 253
f 253 12395 251
f 12395 12394 251
f 251 12394 249
f 12394 12393 249
f 249 12393 247
f 12393 12392 247
f 247 12392 245
f 12392 12391 245
f 245 12391 243
f 12391 12390 243
f 243 12390 241
f 12390 12389 241
f 241 12389 239
f 12389 12388 239
f 239 12388 237
f 12388 12387 237
f 237 12387 235
f 12387 12386 235
f 235 12386 233
f 12386 12385 233
f 233 12385 231
f 12385 12384 231
f 231 12384 229
f 12384 12383 229
f 229 12383 227
f 12383 12382 227
f 227 12382 225
f 12382 12381 225
f 225 12381 223
f 12381 12380 223
f 223 12380 221
f 12380 12379 221
f 221 12379 219
f 12379 12378 219
f 219 12378 217
f 12378 12377 217
f 217 12377 215
f 12377 12376 215
f 215 12376 213
f 12376 12375 213
f 213 12375 211
f 12375 12374 211
f 211 12374 209
f 12374 12373 209
f 209 12373 207
f 12373 12372 207
f 207 12372 205
f 12372 12371 205
f 205 12371 203
f 12371 12370 203
f 203 12370 201
f 12370 12369 201
f 201 12369 199
f 12369 12368 199
f 199 12368 197
f 12368 12367 197
f 197 12367 195
f 12367 12366 195
f 195 12366 193
f 12366 12365 193
f 193 12365 191
f 12365 12364 191
f 191 12364 189
f 12364 12363 189
f 189 12363 187
f 12363 12362 187
f 187 12362 185
f 12362 12361 185
f 185 12361 183
f 12361 12360 183
f 183 12360 181
f 12360 12359 181
f 181 12359 179
f 12359 12358 179
f 179 12358 177
f 12358 12357 177
f 177 12357 175
f 12357 12356 175
f 175 12356 173
f 12356 12355 173
f 173 12355 171
f 12355 12354 171
f 171 12354 169
f 12354 12353 169
f 169 12353 167
f 12353 12352 167
f 167 12352 165
f 12352 12351 165
f 165 12351 163
f 12351 12350 163
f 163 12350 161
f 12350 12349 161
f 161 12349 159
f 12349 12348 159
f 159 12348 157
f 12348 12347 157
f 157 12347 155
f 12347 12346 155
f 155 12346 153
f 12346 12345 153
f 153 12345 151
f 12345 12344 151
f 151 12344 149
f 12344 12343 149
f 149 12343 147
f 12343 12342 147
f 147 12342 145
f 12342 12341 145
f 145 12341 143
f 12341 12340 143
f 12512 12511 12737
f 12446 12659 12658
f 12658 12657 12446
f 12657 12656 12446
f 12446 12656 12655
f 12739 12517 12516
f 12737 12511 12736
f 12497 12731 12498
f 12731 12732 12498
f 12739 12516 12738
f 12516 12515 12738
f 12515 12514 12738
f 12738 12514 12737
f 12514 12513 12737
f 12737 12513 12512
f 12420 12419 12662
f 12681 12680 12711
f 12667 12705 12668
f 12705 12706 12668
f 12668 12706 12669
f 12557 12664 12414
f 12664 12663 12414
f 12414 12663 12415
f 12663 12662 12415
f 12415 12662 12416
f 12511 12510 12736
f 12510 12509 12736
f 12736 12509 12735
f 12509 12508 12735
f 12497 12496 12731
f 12496 12495 12731
f 12731 12495 12730
f 12790 7585 7584
f 12444 12662 12445
f 12662 12661 12445
f 12445 12661 12446
f 12661 12660 12446
f 12446 12660 12659
f 12419 12418 12662
f 12418 12417 12662
f 12662 12417 12416
f 12718 12719 12701
f 12693 12715 12694
f 12715 12716 12694
f 12694 12716 12695
f 12693 12692 12715
f 12692 12691 12715
f 12715 12691 12714
f 12669 12706 12670
f 12706 12707 12670
f 12670 12707 12671
f 12725 12726 12484
f 7645 7644 12643
f 12799 7601 12798
f 7601 7600 12798
f 12798 7600 12797
f 7600 7599 12797
f 7599 7598 12797
f 12797 7598 12796
f 12790 7584 12789
f 12444 12443 12662
f 12443 12442 12662
f 12662 12442 12441
f 12441 12440 12662
f 12440 12439 12662
f 12662 12439 12438
f 12438 12437 12662
f 12437 12436 12662
f 12662 12436 12435
f 12435 12434 12662
f 12434 12433 12662
f 12662 12433 12432
f 12695 12716 12696
f 12716 12717 12696
f 12696 12717 12697
f 12709 12676 12675
f 12742 12743 12525
f 12525 12524 12742
f 12524 12523 12742
f 12742 12523 12741
f 12523 12522 12741
f 12522 12521 12741
f 12741 12521 12740
f 12505 12734 12506
f 12734 12735 12506
f 12506 12735 12507
f 12735 12508 12507
f 12727 12728 12488
f 12791 12792 7589
f 12432 12431 12662
f 12431 12430 12662
f 12662 12430 12429
f 12429 12428 12662
f 12428 12427 12662
f 12662 12427 12426
f 12701 12700 12718
f 12700 12699 12718
f 12718 12699 12717
f 12699 12698 12717
f 12717 12698 12697
f 12711 12680 12710
f 12709 12675 12708
f 12557 12556 12664
f 12556 12555 12664
f 12664 12555 12554
f 12745 12528 12744
f 12528 12527 12744
f 12744 12527 12743
f 12527 12526 12743
f 12743 12526 12525
f 12521 12520 12740
f 12520 12519 12740
f 12740 12519 12739
f 12519 12518 12739
f 12739 12518 12517
f 12505 12504 12734
f 12504 12503 12734
f 12734 12503 12733
f 12503 12502 12733
f 12502 12501 12733
f 12501 12500 12733
f 12733 12500 12732
f 12500 12499 12732
f 12732 12499 12498
f 12495 12494 12730
f 12494 12493 12730
f 12730 12493 12729
f 12493 12492 12729
f 12488 12487 12727
f 12487 12486 12727
f 12727 12486 12726
f 12486 12485 12726
f 12726 12485 12484
f 12484 12483 12725
f 12483 12482 12725
f 12725 12482 12724
f 12482 12481 12724
f 12724 12481 12810
f 12827 12828 7374
f 12574 12573 12723
f 12720 12721 12561
f 12561 12560 12720
f 12560 12559 12720
f 12720 12559 12719
f 12559 12558 12719
f 12719 12558 12701
f 12793 12794 7593
f 7593 7592 12793
f 7592 7591 12793
f 12793 7591 12792
f 7591 7590 12792
f 12792 7590 7589
f 7589 7588 12791
f 7588 7587 12791
f 12791 7587 12790
f 7587 7586 12790
f 12790 7586 7585
f 12782 7564 7563
f 12781 7561 12780
f 7561 7560 12780
f 7393 12835 7394
f 12835 12836 7394
f 7394 12836 7395
f 12831 7381 12830
f 7381 7380 12830
f 12423 12422 12662
f 12422 12421 12662
f 12662 12421 12420
f 12688 12713 12689
f 12713 12714 12689
f 12689 12714 12690
f 12714 12691 12690
f 12685 12712 12686
f 12712 12713 12686
f 12686 12713 12687
f 12713 12688 12687
f 12675 12674 12708
f 12674 12673 12708
f 12708 12673 12707
f 12673 12672 12707
f 12707 12672 12671
f 12550 12549 12705
f 12549 12548 12705
f 12705 12548 12704
f 12548 12547 12704
f 12704 12547 12703
f 12547 12546 12703
f 12703 12546 12702
f 12546 12545 12702
f 12702 12545 12759
f 12746 12530 12745
f 12530 12529 12745
f 12745 12529 12528
f 12492 12491 12729
f 12491 12490 12729
f 12729 12490 12728
f 12490 12489 12728
f 12728 12489 12488
f 12823 12824 7511
f 12723 12564 12722
f 12564 12563 12722
f 12722 12563 12721
f 12563 12562 12721
f 12721 12562 12561
f 12624 12623 7646
f 12578 12577 7646
f 7598 7597 12796
f 7597 7596 12796
f 12796 7596 12795
f 7596 7595 12795
f 12795 7595 12794
f 7595 7594 12794
f 12794 7594 7593
f 7573 12785 7574
f 12785 12786 7574
f 7574 12786 7575
f 7440 7439 7523
f 12840 7405 7404
f 7393 7392 12835
f 7392 7391 12835
f 12835 7391 12834
f 7391 7390 12834
f 12829 7376 12828
f 7376 7375 12828
f 12828 7375 7374
f 12426 12425 12662
f 12425 12424 12662
f 12662 12424 12423
f 12685 12684 12712
f 12684 12683 12712
f 12712 12683 12711
f 12683 12682 12711
f 12711 12682 12681
f 12680 12679 12710
f 12679 12678 12710
f 12710 12678 12709
f 12678 12677 12709
f 12709 12677 12676
f 12667 12666 12705
f 12666 12665 12705
f 12705 12665 12664
f 12759 12545 12758
f 12545 12544 12758
f 12758 12544 12757
f 12544 12543 12757
f 12757 12543 12756
f 12543 12542 12756
f 12756 12542 12755
f 12542 12541 12755
f 12755 12541 12754
f 12541 12540 12754
f 12754 12540 12753
f 12540 12539 12753
f 12753 12539 12752
f 12539 12538 12752
f 12752 12538 12751
f 12538 12537 12751
f 12751 12537 12750
f 12537 12536 12750
f 12536 12535 12750
f 12750 12535 12749
f 12535 12534 12749
f 12749 12534 12748
f 12534 12533 12748
f 12748 12533 12747
f 12533 12532 12747
f 12747 12532 12746
f 12532 12531 12746
f 12746 12531 12530
f 7374 7517 12827
f 7517 7516 12827
f 12827 7516 12826
f 7641 12647 7642
f 12647 12646 7642
f 7642 12646 7643
f 12646 12645 7643
f 7643 12645 7644
f 12645 12644 7644
f 7644 12644 12643
f 12638 12637 7646
f 12578 7646 12579
f 12481 12480 12810
f 12480 12479 12810
f 12810 12479 12809
f 7641 7640 12647
f 7640 7639 12647
f 12647 7639 7638
f 7613 7612 12455
f 7601 12455 7602
f 12455 7603 7602
f 7581 12788 7582
f 12788 12789 7582
f 7582 12789 7583
f 12789 7584 7583
f 7581 7580 12788
f 7580 7579 12788
f 12788 7579 12787
f 12782 7563 12781
f 7563 7562 12781
f 12781 7562 7561
f 12778 12779 7556
f 12776 12777 7552
f 7474 7473 7518
f 7473 7472 7518
f 7518 7472 7471
f 7471 7470 7518
f 7470 7469 7518
f 7518 7469 7468
f 7518 7453 7452
f 12760 12761 7418
f 12840 7404 12839
f 7380 7379 12830
f 7379 7378 12830
f 12830 7378 12829
f 7378 7377 12829
f 12829 7377 7376
f 12554 12553 12664
f 12553 12552 12664
f 12664 12552 12705
f 12552 12551 12705
f 12705 12551 12550
f 7516 7515 12826
f 7515 7514 12826
f 12826 7514 12825
f 7514 7513 12825
f 12825 7513 12824
f 7513 7512 12824
f 12824 7512 7511
f 7511 7510 12823
f 7510 7509 12823
f 12823 7509 12822
f 7509 7508 12822
f 12822 7508 12821
f 7508 7507 12821
f 12821 7507 12820
f 7507 7506 12820
f 12820 7506 12819
f 7480 7518 7661
f 12573 12572 12723
f 12572 12571 12723
f 12723 12571 12570
f 12567 12566 12723
f 12566 12565 12723
f 12723 12565 12564
f 12613 12612 7646
f 12612 12611 7646
f 7646 12611 12610
f 12599 7646 12600
f 7646 12601 12600
f 12599 12598 7646
f 12598 12597 7646
f 7646 12597 12596
f 12596 12595 7646
f 12595 12594 7646
f 7646 12594 12593
f 12593 12592 7646
f 12592 12591 7646
f 7646 12591 12590
f 12590 12589 7646
f 12589 12588 7646
f 7646 12588 12587
f 12584 12583 7646
f 12583 12582 7646
f 7613 12455 7614
f 12783 7566 12782
f 7566 7565 12782
f 12782 7565 7564
f 7556 7555 12778
f 7555 7554 12778
f 12778 7554 12777
f 7554 7553 12777
f 12777 7553 7552
f 7480 7479 7518
f 7479 7478 7518
f 7518 7478 7477
f 7468 7467 7518
f 7467 7466 7518
f 7518 7466 7465
f 12773 12774 7547
f 7401 12838 7402
f 12838 12839 7402
f 7402 12839 7403
f 12839 7404 7403
f 12837 7397 12836
f 7397 7396 12836
f 12836 7396 7395
f 7390 7389 12834
f 7389 7388 12834
f 12834 7388 12833
f 7506 7505 12819
f 7505 7504 12819
f 12819 7504 12818
f 7504 7503 12818
f 12818 7503 12817
f 7503 7502 12817
f 12817 7502 12816
f 7502 7501 12816
f 12816 7501 12815
f 7501 7500 12815
f 12815 7500 12814
f 7500 7499 12814
f 12814 7499 12813
f 7499 7498 12813
f 12813 7498 12812
f 7498 7497 12812
f 12812 7497 12811
f 7497 7496 12811
f 12811 7496 12723
f 7496 7495 12723
f 12723 7495 7494
f 12570 12569 12723
f 12569 12568 12723
f 12723 12568 12567
f 7645 12643 7646
f 12643 12642 7646
f 7646 12642 12641
f 12641 12640 7646
f 12640 12639 7646
f 7646 12639 12638
f 12637 12636 7646
f 12636 12635 7646
f 7646 12635 12634
f 12634 12633 7646
f 12633 12632 7646
f 7646 12632 12631
f 7646 12620 12619
f 12587 12586 7646
f 12586 12585 7646
f 7646 12585 12584
f 12582 12581 7646
f 12581 12580 7646
f 7646 12580 12579
f 12479 12478 12809
f 12478 12477 12809
f 12809 12477 12808
f 12477 12476 12808
f 12808 12476 12807
f 12476 12475 12807
f 12807 12475 12806
f 12475 12474 12806
f 12806 12474 12805
f 7579 7578 12787
f 7578 7577 12787
f 12787 7577 12786
f 7577 7576 12786
f 12786 7576 7575
f 7573 7572 12785
f 7572 7571 12785
f 12785 7571 12784
f 7571 7570 12784
f 7570 7569 12784
f 7569 7568 12784
f 12784 7568 12783
f 7568 7567 12783
f 12783 7567 7566
f 7560 7559 12780
f 7559 7558 12780
f 12780 7558 12779
f 7558 7557 12779
f 12779 7557 7556
f 7552 7551 12776
f 7551 7550 12776
f 12776 7550 12775
f 7550 7549 12775
f 12775 7549 12774
f 7549 7548 12774
f 12774 7548 7547
f 7477 7476 7518
f 7476 7475 7518
f 7518 7475 7474
f 7465 7464 7518
f 7464 7463 7518
f 7518 7463 7462
f 7462 7461 7518
f 7461 7460 7518
f 7518 7460 7459
f 7534 7533 12764
f 7533 7532 12764
f 7528 7527 7422
f 7527 7526 7422
f 7422 7526 7525
f 7459 7458 7518
f 7458 7457 7518
f 7518 7457 7456
f 7456 7455 7518
f 7455 7454 7518
f 7518 7454 7453
f 7452 7451 7518
f 7451 7450 7518
f 7518 7450 7449
f 12843 12844 7413
f 7413 7412 12843
f 7412 7411 12843
f 12843 7411 12842
f 7411 7410 12842
f 7410 7409 12842
f 12842 7409 12841
f 7401 7400 12838
f 7400 7399 12838
f 12838 7399 12837
f 7399 7398 12837
f 12837 7398 7397
f 7385 12832 7386
f 12832 12833 7386
f 7386 12833 7387
f 12833 7388 7387
f 7494 7493 12723
f 7493 7492 12723
f 12723 7492 7491
f 7649 7648 12577
f 7648 7647 12577
f 12577 7647 7646
f 7646 12628 12627
f 12623 12622 7646
f 12622 12621 7646
f 7646 12621 12620
f 12619 12618 7646
f 12618 12617 7646
f 7646 12617 12616
f 12616 12615 7646
f 12615 12614 7646
f 7646 12614 12613
f 12610 12609 7646
f 12609 12608 7646
f 7646 12608 12607
f 12607 12606 7646
f 12606 12605 7646
f 7646 12605 12604
f 12655 12654 12446
f 12654 12653 12446
f 12446 12653 12652
f 7612 7611 12455
f 7611 7610 12455
f 12455 7610 7609
f 7547 7546 12773
f 7546 7545 12773
f 12773 7545 12772
f 7545 7544 12772
f 12772 7544 12771
f 7544 7543 12771
f 12771 7543 12770
f 7543 7542 12770
f 12770 7542 12769
f 7542 7541 12769
f 7541 7540 12769
f 12769 7540 12768
f 7540 7539 12768
f 12768 7539 12767
f 7539 7538 12767
f 12767 7538 12766
f 7538 7537 12766
f 12766 7537 12765
f 7537 7536 12765
f 12765 7536 12764
f 7536 7535 12764
f 12764 7535 7534
f 7532 7531 12764
f 7531 7530 12764
f 12764 7530 7529
f 7529 7528 12764
f 7528 7422 12764
f 12764 7422 12763
f 7422 7421 12763
f 12763 7421 12762
f 7421 7420 12762
f 12762 7420 12761
f 7420 7419 12761
f 12761 7419 7418
f 7436 7435 7523
f 7435 7434 7523
f 7523 7434 7433
f 7433 7432 7523
f 7432 7431 7523
f 7523 7431 7430
f 7430 7429 7523
f 7429 7428 7523
f 7523 7428 7427
f 7427 7426 7523
f 7426 7425 7523
f 7523 7425 7424
f 7418 7417 12760
f 7417 7416 12760
f 12760 7416 12845
f 7416 7415 12845
f 12845 7415 12844
f 7415 7414 12844
f 12844 7414 7413
f 7409 7408 12841
f 7408 7407 12841
f 12841 7407 12840
f 7407 7406 12840
f 12840 7406 7405
f 7385 7384 12832
f 7384 7383 12832
f 12832 7383 12831
f 7383 7382 12831
f 12831 7382 7381
f 12577 12576 12723
f 12576 12575 12723
f 12723 12575 12574
f 12631 12630 7646
f 12630 12629 7646
f 7646 12629 12628
f 12627 12626 7646
f 12626 12625 7646
f 7646 12625 12624
f 12604 12603 7646
f 12603 12602 7646
f 7646 12602 12601
f 12652 12651 12446
f 12651 12650 12446
f 12446 12650 12649
f 7637 7636 12446
f 7636 7635 12446
f 7635 7634 12446
f 12446 7634 7633
f 7633 7632 12446
f 7632 7631 12446
f 12446 7631 7630
f 7630 7629 12446
f 7629 7628 12446
f 12446 7628 7627
f 7439 7438 7523
f 7438 7437 7523
f 7523 7437 7436
f 7525 7524 7422
f 7524 7523 7422
f 7422 7523 7423
f 7523 7424 7423
f 7661 7660 7480
f 7660 7659 7480
f 7480 7659 7658
f 12474 12473 12805
f 12473 12472 12805
f 12805 12472 12804
f 12472 12471 12804
f 12804 12471 12803
f 12471 12470 12803
f 12803 12470 12802
f 12470 12469 12802
f 12802 12469 12801
f 12469 12468 12801
f 12801 12468 12800
f 12468 12467 12800
f 12800 12467 12799
f 12467 12466 12799
f 12799 12466 12465
f 12465 12464 12799
f 12464 12463 12799
f 12799 12463 12462
f 12458 12457 7601
f 12457 12456 7601
f 7601 12456 12455
f 12649 12648 12446
f 12648 12647 12446
f 12446 12647 7637
f 12647 7638 7637
f 7614 12455 7615
f 12455 12454 7615
f 7615 12454 12453
f 12449 12448 7627
f 12448 12447 7627
f 7627 12447 12446
f 7609 7608 12455
f 7608 7607 12455
f 12455 7607 7606
f 7606 7605 12455
f 7605 7604 12455
f 12455 7604 7603
f 7440 7523 7441
f 7523 7522 7441
f 7441 7522 7521
f 7449 7448 7518
f 7448 7447 7518
f 7518 7447 7519
f 7447 7446 7519
f 7446 7445 7519
f 7445 7444 7519
f 7519 7444 7443
f 7521 7520 7441
f 7520 7519 7441
f 7441 7519 7442
f 7519 7443 7442
f 7653 7652 12723
f 7652 7651 12723
f 12723 7651 12577
f 7651 7650 12577
f 12577 7650 7649
f 12462 12461 12799
f 12461 12460 12799
f 12799 12460 7601
f 12460 12459 7601
f 7601 12459 12458
f 7617 12451 7618
f 12451 7619 7618
f 12453 12452 7615
f 12452 12451 7615
f 7615 12451 7616
f 12451 7617 7616
f 7491 7490 12723
f 7490 7489 12723
f 12723 7489 7488
f 7488 7487 12723
f 7487 7486 12723
f 12723 7486 7485
f 7485 7484 12723
f 7484 7483 12723
f 12723 7483 7482
f 7623 7622 12451
f 7623 12451 7624
f 7657 7656 12723
f 7656 7655 12723
f 7655 7654 12723
f 12723 7654 7653
f 12449 7627 12450
f 7627 7626 12450
f 12450 7626 12451
f 7626 7625 12451
f 12451 7625 7624
f 7622 7621 12451
f 7621 7620 12451
f 12451 7620 7619
f 7482 7481 12723
f 7481 7480 12723
f 12723 7480 7657
f 7480 7658 7657
f 7153 6883 7155
f 6883 6918 7155
f 7155 6918 7157
f 6918 6917 7157
f 7157 6917 7159
f 6917 6873 7159
f 7159 6873 7161
f 6873 6872 7161
f 7161 6872 7163
f 6872 6916 7163
f 7163 6916 7165
f 6916 6915 7165
f 7165 6915 7167
f 6915 6882 7167
f 7167 6882 7169
f 6882 6881 7169
f 7169 6881 7171
f 6881 6975 7171
f 7171 6975 7173
f 6975 6974 7173
f 7173 6974 7175
f 6974 6871 7175
f 7175 6871 7177
f 6871 6870 7177
f 7177 6870 7179
f 6870 6957 7179
f 7179 6957 7181
f 6957 6956 7181
f 7181 6956 7183
f 6956 6914 7183
f 7183 6914 7185
f 6914 6913 7185
f 7185 6913 7187
f 6913 6912 7187
f 7187 6912 7189
f 6912 6880 7189
f 7189 6880 7191
f 6880 6879 7191
f 7191 6879 7193
f 6879 6878 7193
f 7193 6878 7195
f 6878 6865 7195
f 7195 6865 7197
f 6865 6864 7197
f 7197 6864 7199
f 6864 6863 7199
f 7199 6863 7201
f 6863 6862 7201
f 7201 6862 7203
f 6862 6861 7203
f 7203 6861 7205
f 6861 6860 7205
f 7205 6860 7207
f 6860 6877 7207
f 7207 6877 7209
f 6877 6876 7209
f 7209 6876 7211
f 6876 6875 7211
f 7211 6875 7213
f 6875 6955 7213
f 7213 6955 7215
f 6955 6954 7215
f 7215 6954 7217
f 6954 6952 7217
f 7217 6952 7219
f 6952 6973 7219
f 7219 6973 7221
f 6973 6972 7221
f 7221 6972 7223
f 6972 6971 7223
f 7223 6971 7225
f 6971 6969 7225
f 7225 6969 7227
f 6969 6968 7227
f 7227 6968 7229
f 6968 6949 7229
f 7229 6949 7231
f 6949 6948 7231
f 7231 6948 7233
f 6948 6911 7233
f 7233 6911 7235
f 6911 6910 7235
f 7235 6910 7237
f 6910 6985 7237
f 7237 6985 7239
f 6985 6984 7239
f 7239 6984 7241
f 6984 6983 7241
f 7241 6983 7243
f 6983 6945 7243
f 7243 6945 7245
f 6945 6944 7245
f 7245 6944 7247
f 6944 6856 7247
f 7247 6856 7249
f 6856 6858 7249
f 7249 6858 7251
f 6858 6943 7251
f 7251 6943 7253
f 6943 6942 7253
f 7253 6942 7255
f 6942 6941 7255
f 7255 6941 7257
f 6941 6905 7257
f 7257 6905 7259
f 6905 6907 7259
f 7259 6907 7261
f 6907 6908 7261
f 7261 6908 7263
f 6908 6901 7263
f 7263 6901 7265
f 6901 6903 7265
f 7265 6903 7267
f 6903 6904 7267
f 7267 6904 7269
f 6904 6869 7269
f 7269 6869 7271
f 6869 6867 7271
f 7271 6867 7273
f 6867 6866 7273
f 7273 6866 7275
f 6866 6848 7275
f 7275 6848 7277
f 6848 6847 7277
f 7277 6847 7279
f 6847 6900 7279
f 7279 6900 7281
f 6900 6899 7281
f 7281 6899 7283
f 6899 6898 7283
f 7283 6898 7285
f 6898 6851 7285
f 7285 6851 7287
f 6851 6850 7287
f 7287 6850 7289
f 6850 6940 7289
f 7289 6940 7291
f 6940 6939 7291
f 7291 6939 7293
f 6939 6938 7293
f 7293 6938 7295
f 6938 6897 7295
f 7295 6897 7297
f 6897 6967 7297
f 7297 6967 7299
f 6967 6966 7299
f 7299 6966 7301
f 6966 6965 7301
f 7301 6965 7303
f 6965 6937 7303
f 7303 6937 7305
f 6937 6964 7305
f 7305 6964 7307
f 6964 6963 7307
f 7307 6963 7309
f 6963 6961 7309
f 7309 6961 7311
f 6961 6960 7311
f 7311 6960 7313
f 6960 6934 7313
f 7313 6934 7315
f 6934 6982 7315
f 7315 6982 7317
f 6982 6981 7317
f 7317 6981 7319
f 6981 6979 7319
f 7319 6979 7321
f 6979 6977 7321
f 7321 6977 7323
f 6977 6930 7323
f 7323 6930 7325
f 6930 6929 7325
f 7325 6929 7327
f 6929 7007 7327
f 7327 7007 7329
f 7007 7009 7329
f 7329 7009 7331
f 7009 7011 7331
f 7331 7011 7333
f 7011 7013 7333
f 7333 7013 7335
f 7013 7015 7335
f 7335 7015 7337
f 7015 7017 7337
f 7337 7017 7339
f 7017 7019 7339
f 7339 7019 7341
f 7019 7021 7341
f 7341 7021 7343
f 7021 7001 7343
f 7343 7001 7345
f 7001 7000 7345
f 7345 7000 7347
f 7000 6999 7347
f 7347 6999 7349
f 6999 6959 7349
f 7349 6959 7351
f 6959 6958 7351
f 7351 6958 7353
f 6958 6998 7353
f 7353 6998 7355
f 6998 6997 7355
f 7355 6997 7357
f 6997 6996 7357
f 7357 6996 7359
f 6996 7026 7359
f 7359 7026 7361
f 7026 7025 7361
f 7361 7025 7363
f 7025 7024 7363
f 7363 7024 7365
f 7024 6995 7365
f 7365 6995 7367
f 6995 6994 7367
f 7367 6994 7369
f 6994 6993 7369
f 7369 6993 7371
f 6993 6992 7371
f 7371 6992 7373
f 6992 6991 7373
f 7373 6991 7087
f 6991 6990 7087
f 7087 6990 7089
f 6990 6989 7089
f 7089 6989 7091
f 6989 6988 7091
f 7091 6988 7093
f 6988 6987 7093
f 7093 6987 7095
f 6987 6986 7095
f 7095 6986 7097
f 6986 7006 7097
f 7097 7006 7099
f 7006 7005 7099
f 7099 7005 7101
f 7005 7004 7101
f 7101 7004 7103
f 7004 7003 7103
f 7103 7003 7105
f 7003 7002 7105
f 7105 7002 7107
f 7002 6928 7107
f 7107 6928 7109
f 6928 6927 7109
f 7109 6927 7111
f 6927 6926 7111
f 7111 6926 7113
f 6926 6925 7113
f 7113 6925 7115
f 6925 6924 7115
f 7115 6924 7117
f 6924 6923 7117
f 7117 6923 7119
f 6923 6894 7119
f 7119 6894 7121
f 6894 6893 7121
f 7121 6893 7123
f 6893 6892 7123
f 7123 6892 7125
f 6892 6889 7125
f 7125 6889 7127
f 6889 6890 7127
f 7127 6890 7129
f 6890 6891 7129
f 7129 6891 7131
f 6891 6922 7131
f 7131 6922 7133
f 6922 6921 7133
f 7133 6921 7135
f 6921 6888 7135
f 7135 6888 7137
f 6888 6887 7137
f 7137 6887 7139
f 6887 6886 7139
f 7139 6886 7141
f 6886 6855 7141
f 7141 6855 7143
f 6855 6854 7143
f 7143 6854 7145
f 6854 6920 7145
f 7145 6920 7147
f 6920 6919 7147
f 7147 6919 7149
f 6919 6885 7149
f 7149 6885 7151
f 6885 6884 7151
f 7151 6884 7153
f 6884 6883 7153

