# https://github.com/mikedh/trimesh
v 0.00108095 -0.01319029 0.05205137
v 0.00001471 -0.01317844 0.05198009
v 0.00048888 -0.01296341 0.05358674
v 0.00001764 -0.01292994 0.05379041
v 0.00036979 -0.01276745 0.05523263
v 0.00002018 -0.01271651 0.05568419
v 0.00024334 -0.01261108 0.05697261
v 0.00002124 -0.01262972 0.05667845
v 0.00002209 -0.01256200 0.05771810
v 0.00017600 -0.01255498 0.05789512
v 0.00002268 -0.01251843 0.05881519
v 0.00010507 -0.01251817 0.05886346
v 0.00002295 -0.01250342 0.05998022
v -0.00014864 -0.01255138 0.05789648
v -0.00006881 -0.01251624 0.05886418
v -0.00022493 -0.01260588 0.05697457
v -0.00036938 -0.01275925 0.05523572
v -0.00050655 -0.01295237 0.05359091
v -0.00105151 -0.01316663 0.05205157
v -0.00102690 -0.01294661 0.05365515
v -0.00209870 -0.01315505 0.05226453
v -0.00154026 -0.01294094 0.05376169
v -0.00204319 -0.01293539 0.05390983
v -0.00151045 -0.01274664 0.05547255
v -0.00187367 -0.01274264 0.05561270
v -0.00117791 -0.01259536 0.05721339
v -0.00139999 -0.01259292 0.05732069
v -0.00096328 -0.01254239 0.05813643
v -0.00111065 -0.01254077 0.05822315
v -0.00058406 -0.01251056 0.05903915
v -0.00065893 -0.01250974 0.05909189
v -0.00310815 -0.01314392 0.05261518
v -0.00253234 -0.01293000 0.05409858
v -0.00222423 -0.01273878 0.05578208
v -0.00161256 -0.01259058 0.05744578
v -0.00125044 -0.01253924 0.05832163
v -0.00072924 -0.01250897 0.05915058
v -0.00300443 -0.01292480 0.05432668
v -0.00406187 -0.01313344 0.05309726
v -0.00345630 -0.01291984 0.05459259
v -0.00494283 -0.01312378 0.05370216
v -0.00388493 -0.01291515 0.05489454
v -0.00428745 -0.01291075 0.05523051
v -0.00317696 -0.01272834 0.05645325
v -0.00345448 -0.01272532 0.05672632
v -0.00217935 -0.01258438 0.05791887
v -0.00234044 -0.01258263 0.05810566
v -0.00161528 -0.01253526 0.05868062
v -0.00171599 -0.01253417 0.05881882
v -0.00090827 -0.01250703 0.05935818
v -0.00095599 -0.01250651 0.05943635
v -0.00573530 -0.01311513 0.05441909
v -0.00466117 -0.01290667 0.05559826
v -0.00370875 -0.01272255 0.05702117
v -0.00248572 -0.01258106 0.05830498
v -0.00180509 -0.01253321 0.05896477
v -0.00099716 -0.01250607 0.05951817
v -0.00500359 -0.01290295 0.05599532
v -0.00642516 -0.01310763 0.05523526
v -0.00531241 -0.01289960 0.05641903
v -0.00700008 -0.01310143 0.05613610
v -0.00558559 -0.01289666 0.05686658
v -0.00582127 -0.01289413 0.05733494
v -0.00431594 -0.01271601 0.05801592
v -0.00446194 -0.01271446 0.05837686
v -0.00281759 -0.01257751 0.05896450
v -0.00289109 -0.01257674 0.05919994
v -0.00199703 -0.01253117 0.05943928
v -0.00203448 -0.01253079 0.05960613
v -0.00107885 -0.01250521 0.05977986
v -0.00109154 -0.01250509 0.05987056
v -0.00744980 -0.01309662 0.05710553
v -0.00601790 -0.01289205 0.05782100
v -0.00457797 -0.01271324 0.05874852
v -0.00294511 -0.01257618 0.05944061
v -0.00205817 -0.01253056 0.05977548
v -0.00109677 -0.01250505 0.05996200
v -0.00617415 -0.01289041 0.05832151
v -0.00776632 -0.01309331 0.05812626
v -0.00628897 -0.01288924 0.05883310
v -0.00794396 -0.01309154 0.05918007
v -0.00636161 -0.01288853 0.05935238
v -0.00639157 -0.01288830 0.05987585
v -0.00473942 -0.01271167 0.05990273
v -0.00472983 -0.01271185 0.06029196
v -0.00298730 -0.01257586 0.06017772
v -0.00296109 -0.01257619 0.06042299
v -0.00204556 -0.01253080 0.06028718
v -0.00201356 -0.01253119 0.06045517
v -0.00106765 -0.01250543 0.06023460
v -0.00104321 -0.01250571 0.06032286
v -0.00797957 -0.01309135 0.06024816
v -0.00637865 -0.01288854 0.06040002
v -0.00468847 -0.01271239 0.06067910
v -0.00291494 -0.01257675 0.06066528
v -0.00196794 -0.01253172 0.06061996
v -0.00101165 -0.01250608 0.06040884
v -0.00787251 -0.01309274 0.06131147
v -0.00632295 -0.01288926 0.06092137
v -0.00461560 -0.01271327 0.06106159
v -0.00284913 -0.01257753 0.06090299
v -0.00190901 -0.01253241 0.06078048
v -0.00097316 -0.01250652 0.06049195
v -0.00622483 -0.01289045 0.06143644
v -0.00762468 -0.01309569 0.06235102
v -0.00608494 -0.01289210 0.06194176
v -0.00590424 -0.01289420 0.06243396
v -0.00437754 -0.01271605 0.06180232
v -0.00421394 -0.01271794 0.06215562
v -0.00266048 -0.01257971 0.06135836
v -0.00253889 -0.01258110 0.06157295
v -0.00175286 -0.01253420 0.06108443
v -0.00165669 -0.01253529 0.06122582
v -0.00087651 -0.01250763 0.06064736
v -0.00081898 -0.01250828 0.06071862
v -0.00724052 -0.01310015 0.06334825
v -0.00568391 -0.01289673 0.06290974
v -0.00402201 -0.01272013 0.06249437
v -0.00240017 -0.01258268 0.06177690
v -0.00154929 -0.01253651 0.06135888
v -0.00075583 -0.01250899 0.06078495
v -0.00672688 -0.01310603 0.06428538
v -0.00542544 -0.01289969 0.06336594
v -0.00380304 -0.01272262 0.06281630
v -0.00224525 -0.01258443 0.06196883
v -0.00143137 -0.01253784 0.06148272
v -0.00068746 -0.01250976 0.06084589
v -0.00513056 -0.01290304 0.06379947
v -0.00609292 -0.01311322 0.06514569
v -0.00480124 -0.01290677 0.06420746
v -0.00443968 -0.01291086 0.06458716
v -0.00329001 -0.01272842 0.06340121
v -0.00299939 -0.01273170 0.06366029
v -0.00189105 -0.01258843 0.06231158
v -0.00169414 -0.01259064 0.06246011
v -0.00116722 -0.01254081 0.06169948
v -0.00102275 -0.01254243 0.06179094
v -0.00053697 -0.01251145 0.06095003
v -0.00045585 -0.01251236 0.06099254
v -0.00534995 -0.01312161 0.06591382
v -0.00404831 -0.01291527 0.06493606
v -0.00268856 -0.01273519 0.06389476
v -0.00148576 -0.01259298 0.06259205
v -0.00087128 -0.01254413 0.06187031
v -0.00037153 -0.01251330 0.06102827
v -0.00451124 -0.01313105 0.06657605
v -0.00362973 -0.01291997 0.06525180
v -0.00235962 -0.01273888 0.06410302
v -0.00126728 -0.01259542 0.06270652
v -0.00071384 -0.01254589 0.06193702
v -0.00028457 -0.01251427 0.06105699
v -0.00318675 -0.01292494 0.06553227
v -0.00359175 -0.01314135 0.06712058
v -0.00272233 -0.01293014 0.06577560
v -0.00260789 -0.01315235 0.06753769
v -0.00223958 -0.01293553 0.06598016
v -0.00174174 -0.01294109 0.06614459
v -0.00128659 -0.01275087 0.06455772
v -0.00090816 -0.01275509 0.06464919
v -0.00056625 -0.01260325 0.06293805
v -0.00032258 -0.01260596 0.06297621
v -0.00021634 -0.01255143 0.06205728
v -0.00004581 -0.01255333 0.06206984
v -0.00001374 -0.01251728 0.06109941
v 0.00007784 -0.01251830 0.06109865
v -0.00157722 -0.01316383 0.06781993
v -0.00123212 -0.01294676 0.06626777
v -0.00052353 -0.01275937 0.06470942
v -0.00007661 -0.01260869 0.06299433
v 0.00012517 -0.01255522 0.06206843
v 0.00016905 -0.01251931 0.06109041
v -0.00071413 -0.01295253 0.06634891
v -0.00051812 -0.01317561 0.06796227
v -0.00019125 -0.01295833 0.06638742
v 0.00055049 -0.01318746 0.06796217
v 0.00033302 -0.01296415 0.06638309
v 0.00085519 -0.01296993 0.06633592
v 0.00064181 -0.01277229 0.06469979
v 0.00102540 -0.01277654 0.06463319
v 0.00065867 -0.01261683 0.06292790
v 0.00089741 -0.01261947 0.06286599
v 0.00062945 -0.01256080 0.06198087
v 0.00079091 -0.01256258 0.06192457
v 0.00043441 -0.01252224 0.06102160
v 0.00051813 -0.01252316 0.06098448
v 0.00160956 -0.01319919 0.06781963
v 0.00137176 -0.01297565 0.06624622
v 0.00140226 -0.01278070 0.06453545
v 0.00113030 -0.01262204 0.06278478
v 0.00094722 -0.01256430 0.06185525
v 0.00059854 -0.01252405 0.06094063
v 0.00187928 -0.01298125 0.06611462
v 0.00264018 -0.01321056 0.06753720
v 0.00237434 -0.01298671 0.06594197
v 0.00362397 -0.01322140 0.06711990
v 0.00285363 -0.01299199 0.06572945
v 0.00331396 -0.01299704 0.06547847
v 0.00246762 -0.01279242 0.06406308
v 0.00279307 -0.01279599 0.06384938
v 0.00177850 -0.01262916 0.06243137
v 0.00197292 -0.01263129 0.06227960
v 0.00137508 -0.01256899 0.06157434
v 0.00150082 -0.01257037 0.06145845
v 0.00081463 -0.01252641 0.06077195
v 0.00087073 -0.01252702 0.06071155
v 0.00454335 -0.01323149 0.06657519
v 0.00375224 -0.01300185 0.06519070
v 0.00309997 -0.01279935 0.06360982
v 0.00215429 -0.01263327 0.06211244
v 0.00160556 -0.01257151 0.06134567
v 0.00092223 -0.01252758 0.06064719
v 0.00416554 -0.01300637 0.06486808
v 0.00538194 -0.01324067 0.06591281
v 0.00455109 -0.01301058 0.06451276
v 0.00612477 -0.01324876 0.06514453
v 0.00487223 -0.01301408 0.06416697
v 0.00516706 -0.01301728 0.06379849
v 0.00384367 -0.01280745 0.06281558
v 0.00404189 -0.01280959 0.06252660
v 0.00256963 -0.01263777 0.06159337
v 0.00268139 -0.01263898 0.06140156
v 0.00186625 -0.01257433 0.06096561
v 0.00193374 -0.01257505 0.06082729
v 0.00104650 -0.01252892 0.06043390
v 0.00107710 -0.01252924 0.06035736
v 0.00675857 -0.01325563 0.06428411
v 0.00543399 -0.01302016 0.06340933
v 0.00421831 -0.01281149 0.06222381
v 0.00277874 -0.01264002 0.06120203
v 0.00199087 -0.01257565 0.06068438
v 0.00110198 -0.01252950 0.06027878
v 0.00567156 -0.01302272 0.06300159
v 0.00727204 -0.01326114 0.06334688
v 0.00587850 -0.01302493 0.06257746
v 0.00605369 -0.01302679 0.06213927
v 0.00450206 -0.01281452 0.06158347
v 0.00460785 -0.01281563 0.06124940
v 0.00292817 -0.01264160 0.06078426
v 0.00297944 -0.01264212 0.06056826
v 0.00207288 -0.01257651 0.06038790
v 0.00209731 -0.01257675 0.06023594
v 0.00113411 -0.01252983 0.06011719
v 0.00114117 -0.01252989 0.06003506
v 0.00765602 -0.01326521 0.06234958
v 0.00619616 -0.01302829 0.06168936
v 0.00468879 -0.01281646 0.06090844
v 0.00301469 -0.01264247 0.06034907
v 0.00211050 -0.01257687 0.06008260
v 0.00114218 -0.01252989 0.05995263
v 0.00790365 -0.01326776 0.06130998
v 0.00630515 -0.01302941 0.06123020
v 0.00474442 -0.01281701 0.06056245
v 0.00303371 -0.01264264 0.06012790
v 0.00211238 -0.01257686 0.05992870
v 0.00113711 -0.01252981 0.05987035
v 0.00638007 -0.01303015 0.06076427
v 0.00801051 -0.01326874 0.06024665
v 0.00642051 -0.01303051 0.06029409
v 0.00642626 -0.01303048 0.05982220
v 0.00477872 -0.01281725 0.05986289
v 0.00475720 -0.01281695 0.05951312
v 0.00302278 -0.01264243 0.05968432
v 0.00299289 -0.01264206 0.05946434
v 0.00208220 -0.01257646 0.05962258
v 0.00205031 -0.01257608 0.05947201
v 0.00110893 -0.01252947 0.05970803
v 0.00108597 -0.01252920 0.05962886
v 0.00797471 -0.01326813 0.05917857
v 0.00639728 -0.01303007 0.05935117
v 0.00471001 -0.01281636 0.05916587
v 0.00294689 -0.01264151 0.05924715
v 0.00200743 -0.01257558 0.05932419
v 0.00105724 -0.01252887 0.05955160
v 0.00633373 -0.01302927 0.05888355
v 0.00779687 -0.01326596 0.05812479
v 0.00623595 -0.01302810 0.05842187
v 0.00610448 -0.01302655 0.05796864
v 0.00453978 -0.01281434 0.05848650
v 0.00441766 -0.01281292 0.05815803
v 0.00280768 -0.01263988 0.05882586
v 0.00271522 -0.01263882 0.05862403
v 0.00188970 -0.01257421 0.05904001
v 0.00181548 -0.01257337 0.05890518
v 0.00098316 -0.01252802 0.05940444
v 0.00093820 -0.01252750 0.05933535
v 0.00748017 -0.01326225 0.05710413
v 0.00594002 -0.01302464 0.05752630
v 0.00427171 -0.01281124 0.05783944
v 0.00260816 -0.01263759 0.05842955
v 0.00173154 -0.01257241 0.05877618
v 0.00088829 -0.01252694 0.05926974
v 0.00574348 -0.01302238 0.05709727
v 0.00703026 -0.01325707 0.05613478
v 0.00551590 -0.01301978 0.05668385
v 0.00645517 -0.01325052 0.05523404
v 0.00525853 -0.01301685 0.05628830
v 0.00497276 -0.01301360 0.05591276
v 0.00369939 -0.01280472 0.05695986
v 0.00346725 -0.01280210 0.05669735
v 0.00220559 -0.01263302 0.05790052
v 0.00204670 -0.01263123 0.05774549
v 0.00142623 -0.01256896 0.05843093
v 0.00130846 -0.01256763 0.05833185
v 0.00071160 -0.01252495 0.05909737
v 0.00064479 -0.01252420 0.05904909
v 0.00576517 -0.01324271 0.05441801
v 0.00466014 -0.01301007 0.05555925
v 0.00321643 -0.01279927 0.05645264
v 0.00187682 -0.01262932 0.05760257
v 0.00118372 -0.01256623 0.05824171
v 0.00057461 -0.01252341 0.05900585
v 0.00432236 -0.01300626 0.05522970
v 0.00497256 -0.01323378 0.05370122
v 0.00396125 -0.01300219 0.05492590
v 0.00357878 -0.01299790 0.05464949
v 0.00266427 -0.01279306 0.05602179
v 0.00236592 -0.01278971 0.05583798
v 0.00150790 -0.01262518 0.05735610
v 0.00131084 -0.01262297 0.05725388
v 0.00091608 -0.01256323 0.05809012
v 0.00077462 -0.01256165 0.05802949
v 0.00042568 -0.01252174 0.05893543
v 0.00034774 -0.01252087 0.05890862
v 0.00409149 -0.01322388 0.05309648
v 0.00317701 -0.01299339 0.05440196
v 0.00205487 -0.01278623 0.05567662
v 0.00110680 -0.01262069 0.05716644
v 0.00062909 -0.01256002 0.05797943
v 0.00026803 -0.01251998 0.05888762
v 0.00275812 -0.01298870 0.05418466
v 0.00313769 -0.01321321 0.05261459
v 0.00232438 -0.01298386 0.05399876
v 0.00212817 -0.01320194 0.05226414
v 0.00187814 -0.01297888 0.05384529
v 0.00142183 -0.01297379 0.05372505
v 0.00106258 -0.01277516 0.05533533
v 0.00071808 -0.01277132 0.05527122
v 0.00046398 -0.01261353 0.05699706
v 0.00095790 -0.01296863 0.05363872
v 0.00018699 -0.01251908 0.05887254
v 0.00050145 -0.01252259 0.05896790
v 0.00077468 -0.01252566 0.05915044
v 0.00083368 -0.01252632 0.05920800
v 0.00102291 -0.01252847 0.05947665
v 0.00112601 -0.01252968 0.05978867
v 0.00112102 -0.01252970 0.06019857
v 0.00101035 -0.01252853 0.06050799
v 0.00096885 -0.01252808 0.06057921
v 0.00074729 -0.01252568 0.06083402
v 0.00067509 -0.01252489 0.06089037
v 0.00034793 -0.01252129 0.06105176
v 0.00025928 -0.01252031 0.06107474
v -0.00010507 -0.01251627 0.06109268
v -0.00019555 -0.01251526 0.06107851
v -0.00061435 -0.01251058 0.06090105
v -0.00092802 -0.01250704 0.06057163
v -0.00108479 -0.01250522 0.06014463
v -0.00109452 -0.01250509 0.06005355
v -0.00105879 -0.01250542 0.05969049
v -0.00103150 -0.01250571 0.05960307
v -0.00085433 -0.01250761 0.05928417
v -0.00079452 -0.01250826 0.05921482
v -0.00050513 -0.01251143 0.05899270
v -0.00042266 -0.01251233 0.05895286
v -0.00033722 -0.01251328 0.05891989
v -0.00024937 -0.01251425 0.05889402
v -0.00015970 -0.01251524 0.05887540
v 0.00032896 -0.01255668 0.05791206
v 0.00048026 -0.01255837 0.05794022
v -0.00075578 -0.01275497 0.05528342
v -0.00113698 -0.01275076 0.05536254
v -0.00046971 -0.01260317 0.05700479
v -0.00071121 -0.01260050 0.05705491
v -0.00094780 -0.01259789 0.05712460
v -0.00031835 -0.01254950 0.05791742
v -0.00048577 -0.01254765 0.05795217
v -0.00064979 -0.01254584 0.05800048
v -0.00080932 -0.01254408 0.05806204
v -0.00255978 -0.01273510 0.05597954
v -0.00181419 -0.01258837 0.05758782
v -0.00138172 -0.01253781 0.05843120
v -0.00287806 -0.01273161 0.05620376
v -0.00200355 -0.01258630 0.05774587
v -0.00150360 -0.01253648 0.05855114
v -0.00393807 -0.01272007 0.05733580
v -0.00261422 -0.01257967 0.05851551
v -0.00188195 -0.01253239 0.05911753
v -0.00414092 -0.01271788 0.05766813
v -0.00272509 -0.01257849 0.05873584
v -0.00194608 -0.01253171 0.05927604
v -0.00466324 -0.01271237 0.05912842
v -0.00297928 -0.01257585 0.05968489
v -0.00206794 -0.01253049 0.05994619
v -0.00471718 -0.01271184 0.05951402
v -0.00299337 -0.01257574 0.05993114
v -0.00206373 -0.01253056 0.06011715
v -0.00451173 -0.01271449 0.06143682
v -0.00276412 -0.01257852 0.06113454
v -0.00183715 -0.01253324 0.06093565
v -0.00355849 -0.01272539 0.06311926
v -0.00207516 -0.01258635 0.06214745
v -0.00130373 -0.01253928 0.06159650
v -0.00201476 -0.01274274 0.06428371
v -0.00104019 -0.01259796 0.06280275
v -0.00055148 -0.01254770 0.06199065
v -0.00165628 -0.01274675 0.06443562
v -0.00080599 -0.01260058 0.06288009
v -0.00038527 -0.01254955 0.06203082
v -0.00013525 -0.01276368 0.06473804
v 0.00017002 -0.01261142 0.06299230
v 0.00029547 -0.01255711 0.06205304
v 0.00025406 -0.01276800 0.06473482
v 0.00041566 -0.01261414 0.06297010
v 0.00046394 -0.01255897 0.06202379
v 0.00176988 -0.01278475 0.06440726
v 0.00135577 -0.01262452 0.06268481
v 0.00109735 -0.01256595 0.06177340
v 0.00212579 -0.01278867 0.06424945
v 0.00157232 -0.01262690 0.06256673
v 0.00124029 -0.01256752 0.06167955
v 0.00338627 -0.01280248 0.06334596
v 0.00230537 -0.01263491 0.06194979
v 0.00170171 -0.01257255 0.06122550
v 0.00362474 -0.01280507 0.06308920
v 0.00244406 -0.01263642 0.06177644
v 0.00178876 -0.01257349 0.06109859
v 0.00437197 -0.01281314 0.06190887
v 0.00286115 -0.01264089 0.06099591
v 0.00203733 -0.01257614 0.06053765
v 0.00477446 -0.01281727 0.06021330
v 0.00303642 -0.01264263 0.05990590
v 0.00210293 -0.01257672 0.05977508
v 0.00463741 -0.01281549 0.05882305
v 0.00288505 -0.01264078 0.05903395
v 0.00195380 -0.01257495 0.05917993
v 0.00410271 -0.01280931 0.05753245
v 0.00248709 -0.01263621 0.05824348
v 0.00163834 -0.01257135 0.05865370
v 0.00391160 -0.01280713 0.05723872
v 0.00235266 -0.01263469 0.05806682
v 0.00153639 -0.01257020 0.05853842
v 0.00294828 -0.01279625 0.05622705
v 0.00169690 -0.01262730 0.05747255
v 0.00105269 -0.01256476 0.05816098
v 0.00173279 -0.01278263 0.05553859
v 0.00089688 -0.01261835 0.05709423
v 0.00140142 -0.01277893 0.05542462
v 0.00068222 -0.01261596 0.05703767
v 0.00000664 -0.01390586 0.05197995
v -0.00105958 -0.01389404 0.05205143
v -0.00210677 -0.01388247 0.05226440
v -0.00311622 -0.01387134 0.05261504
v -0.00406994 -0.01386085 0.05309711
v -0.00495089 -0.01385119 0.05370202
v -0.00574337 -0.01384254 0.05441895
v -0.00643323 -0.01383504 0.05523512
v -0.00700815 -0.01382884 0.05613596
v -0.00745787 -0.01382404 0.05710539
v -0.00777438 -0.01382072 0.05812612
v -0.00795203 -0.01381896 0.05917994
v -0.00798764 -0.01381877 0.06024802
v -0.00788058 -0.01382016 0.06131133
v -0.00763275 -0.01382311 0.06235088
v -0.00724859 -0.01382756 0.06334811
v -0.00673495 -0.01383344 0.06428524
v -0.00610099 -0.01384064 0.06514554
v -0.00535802 -0.01384903 0.06591368
v -0.00451931 -0.01385846 0.06657591
v -0.00359982 -0.01386876 0.06712044
v -0.00261596 -0.01387976 0.06753755
v -0.00158529 -0.01389125 0.06781979
v -0.00052619 -0.01390302 0.06796213
v 0.00054242 -0.01391488 0.06796203
v 0.00160149 -0.01392660 0.06781949
v 0.00263211 -0.01393798 0.06753705
v 0.00361590 -0.01394881 0.06711975
v 0.00453528 -0.01395891 0.06657506
v 0.00537387 -0.01396808 0.06591266
v 0.00611670 -0.01397617 0.06514440
v 0.00675050 -0.01398304 0.06428397
v 0.00726397 -0.01398856 0.06334674
v 0.00764795 -0.01399262 0.06234943
v 0.00789558 -0.01399517 0.06130984
v 0.00800244 -0.01399615 0.06024651
v 0.00796664 -0.01399555 0.05917843
v 0.00778880 -0.01399337 0.05812465
v 0.00747210 -0.01398966 0.05710398
v 0.00702219 -0.01398448 0.05613463
v 0.00644711 -0.01397793 0.05523390
v 0.00575710 -0.01397012 0.05441786
v 0.00496449 -0.01396119 0.05370108
v 0.00408343 -0.01395130 0.05309635
v 0.00312962 -0.01394062 0.05261445
v 0.00212010 -0.01392936 0.05226400
v 0.00107288 -0.01391770 0.05205123
v -0.00000145 -0.01470329 0.05997980
v -0.00000146 -0.01469608 0.05898162
v 0.00009571 -0.01469801 0.05866176
v -0.00000182 -0.01471985 0.05802073
v 0.00014229 -0.01472145 0.05802602
v 0.00018737 -0.01477963 0.05740533
v 0.00028562 -0.01472304 0.05804191
v 0.00037624 -0.01478173 0.05742626
v 0.00042739 -0.01472462 0.05806829
v 0.00056305 -0.01478381 0.05746103
v 0.00056684 -0.01472617 0.05810503
v 0.00074679 -0.01478586 0.05750944
v 0.00070321 -0.01472770 0.05815193
v 0.00092648 -0.01478787 0.05757125
v 0.00083575 -0.01472918 0.05820874
v 0.00110114 -0.01478982 0.05764610
v 0.00096376 -0.01473061 0.05827514
v 0.00126981 -0.01479171 0.05773360
v 0.00108654 -0.01473199 0.05835079
v 0.00143160 -0.01479352 0.05783327
v 0.00120342 -0.01473330 0.05843526
v 0.00158561 -0.01479525 0.05794457
v 0.00131377 -0.01473454 0.05852810
v 0.00173102 -0.01479689 0.05806690
v 0.00141700 -0.01473571 0.05862880
v 0.00186703 -0.01479842 0.05819961
v 0.00151253 -0.01473679 0.05873684
v 0.00199291 -0.01479984 0.05834196
v 0.00159986 -0.01473778 0.05885160
v 0.00210799 -0.01480115 0.05849318
v 0.00167851 -0.01473868 0.05897248
v 0.00221162 -0.01480233 0.05865245
v 0.00174806 -0.01473947 0.05909881
v 0.00230326 -0.01480338 0.05881893
v 0.00180812 -0.01474016 0.05922992
v 0.00238241 -0.01480429 0.05899169
v 0.00185838 -0.01474075 0.05936509
v 0.00244863 -0.01480506 0.05916980
v 0.00189855 -0.01474122 0.05950360
v 0.00250157 -0.01480568 0.05935231
v 0.00192843 -0.01474158 0.05964468
v 0.00254094 -0.01480616 0.05953822
v 0.00194785 -0.01474182 0.05978759
v 0.00256653 -0.01480648 0.05972652
v 0.00195671 -0.01474195 0.05993152
v 0.00257820 -0.01480664 0.05991619
v 0.00195495 -0.01474195 0.06007574
v 0.00257589 -0.01480665 0.06010620
v 0.00194259 -0.01474184 0.06021942
v 0.00255960 -0.01480651 0.06029553
v 0.00191970 -0.01474162 0.06036180
v 0.00252943 -0.01480621 0.06048315
v 0.00188639 -0.01474128 0.06050212
v 0.00248555 -0.01480576 0.06066804
v 0.00184285 -0.01474082 0.06063960
v 0.00242818 -0.01480516 0.06084921
v 0.00178932 -0.01474025 0.06077351
v 0.00235763 -0.01480441 0.06102565
v 0.00172608 -0.01473957 0.06090313
v 0.00227431 -0.01480352 0.06119644
v 0.00165348 -0.01473879 0.06102773
v 0.00217864 -0.01480249 0.06136063
v 0.00157191 -0.01473791 0.06114666
v 0.00207115 -0.01480132 0.06151734
v 0.00148181 -0.01473693 0.06125926
v 0.00195243 -0.01480004 0.06166572
v 0.00138367 -0.01473586 0.06136493
v 0.00182312 -0.01479863 0.06180495
v 0.00126585 -0.01473458 0.06147351
v 0.00166787 -0.01479693 0.06194803
v 0.00113955 -0.01473320 0.06157210
v 0.00150144 -0.01479511 0.06207794
v 0.00100561 -0.01473173 0.06166004
v 0.00132496 -0.01479318 0.06219382
v 0.00086494 -0.01473018 0.06173674
v 0.00113960 -0.01479114 0.06229488
v 0.00071847 -0.01472857 0.06180168
v 0.00094660 -0.01478902 0.06238046
v 0.00056719 -0.01472690 0.06185445
v 0.00074725 -0.01478682 0.06244998
v 0.00041209 -0.01472519 0.06189466
v 0.00054289 -0.01478456 0.06250298
v 0.00025423 -0.01472344 0.06192208
v 0.00033488 -0.01478226 0.06253909
v 0.00009466 -0.01472167 0.06193649
v 0.00012461 -0.01477993 0.06255808
v -0.00006555 -0.01471990 0.06193781
v -0.00008650 -0.01477759 0.06255983
v -0.00022534 -0.01471812 0.06192604
v -0.00029705 -0.01477525 0.06254432
v -0.00038363 -0.01471636 0.06190125
v -0.00050563 -0.01477293 0.06251165
v -0.00053937 -0.01471463 0.06186360
v -0.00071084 -0.01477064 0.06246205
v -0.00069151 -0.01471293 0.06181336
v -0.00091131 -0.01476841 0.06239584
v -0.00083903 -0.01471128 0.06175084
v -0.00110570 -0.01476624 0.06231346
v -0.00098095 -0.01470969 0.06167649
v -0.00129271 -0.01476414 0.06221548
v -0.00111633 -0.01470817 0.06159077
v -0.00147108 -0.01476214 0.06210255
v -0.00124424 -0.01470674 0.06149429
v -0.00163963 -0.01476025 0.06197540
v -0.00136384 -0.01470539 0.06138767
v -0.00179723 -0.01475847 0.06183492
v -0.00147433 -0.01470414 0.06127163
v -0.00194282 -0.01475683 0.06168201
v -0.00157497 -0.01470300 0.06114696
v -0.00207543 -0.01475532 0.06151773
v -0.00166508 -0.01470198 0.06101447
v -0.00219417 -0.01475397 0.06134316
v -0.00174407 -0.01470107 0.06087506
v -0.00229825 -0.01475278 0.06115946
v -0.00181140 -0.01470030 0.06072966
v -0.00238697 -0.01475176 0.06096788
v -0.00186662 -0.01469966 0.06057925
v -0.00245973 -0.01475092 0.06076968
v -0.00190937 -0.01469915 0.06042482
v -0.00251606 -0.01475025 0.06056620
v -0.00193935 -0.01469879 0.06026743
v -0.00255557 -0.01474978 0.06035880
v -0.00195638 -0.01469857 0.06010811
v -0.00257800 -0.01474949 0.06014885
v -0.00196032 -0.01469850 0.05994793
v -0.00258320 -0.01474939 0.05993779
v -0.00195117 -0.01469857 0.05978795
v -0.00257114 -0.01474948 0.05972700
v -0.00192897 -0.01469878 0.05962927
v -0.00254189 -0.01474977 0.05951790
v -0.00189388 -0.01469914 0.05947293
v -0.00249565 -0.01475024 0.05931189
v -0.00184613 -0.01469964 0.05931998
v -0.00243274 -0.01475090 0.05911036
v -0.00178604 -0.01470028 0.05917144
v -0.00235356 -0.01475174 0.05891464
v -0.00171402 -0.01470105 0.05902831
v -0.00225865 -0.01475275 0.05872603
v -0.00163054 -0.01470195 0.05889155
v -0.00214866 -0.01475394 0.05854582
v -0.00153617 -0.01470297 0.05876206
v -0.00202430 -0.01475529 0.05837520
v -0.00143152 -0.01470411 0.05864072
v -0.00188642 -0.01475679 0.05821532
v -0.00131732 -0.01470535 0.05852835
v -0.00173593 -0.01475843 0.05806723
v -0.00119431 -0.01470670 0.05842567
v -0.00157384 -0.01476020 0.05793195
v -0.00106333 -0.01470813 0.05833340
v -0.00140125 -0.01476209 0.05781036
v -0.00092524 -0.01470965 0.05825214
v -0.00121929 -0.01476409 0.05770328
v -0.00078097 -0.01471124 0.05818243
v -0.00102919 -0.01476618 0.05761144
v -0.00063149 -0.01471289 0.05812475
v -0.00083223 -0.01476835 0.05753543
v -0.00047780 -0.01471458 0.05807948
v -0.00062971 -0.01477058 0.05747578
v -0.00032092 -0.01471632 0.05804692
v -0.00042299 -0.01477287 0.05743288
v -0.00016191 -0.01471808 0.05802729
v -0.00021346 -0.01477519 0.05740701
v -0.00000295 -0.01481396 0.05709775
v -0.00031242 -0.01491642 0.05622066
v -0.00000421 -0.01491984 0.05620802
v -0.00000474 -0.01496370 0.05572165
v -0.00036707 -0.01497174 0.05556239
v -0.00000512 -0.01499337 0.05518040
v -0.00042897 -0.01499223 0.05481115
v -0.00000515 -0.01499102 0.05459658
v -0.00046109 -0.01497373 0.05441742
v -0.00000456 -0.01493248 0.05400575
v -0.00049273 -0.01492707 0.05402578
v -0.00052319 -0.01484773 0.05364396
v -0.00103919 -0.01484202 0.05370765
v -0.00109791 -0.01472688 0.05334451
v -0.00163645 -0.01472092 0.05345628
v -0.00171978 -0.01456843 0.05311706
v -0.00227482 -0.01456230 0.05328055
v -0.00237866 -0.01437180 0.05296859
v -0.00294363 -0.01436557 0.05318660
v -0.00306380 -0.01413697 0.05290368
v -0.00363178 -0.01413072 0.05317810
v -0.00417544 -0.01412475 0.05349803
v -0.00469113 -0.01411910 0.05386131
v -0.00517541 -0.01411381 0.05426553
v -0.00450588 -0.01434842 0.05410594
v -0.00497080 -0.01434334 0.05449400
v -0.00430739 -0.01453996 0.05436729
v -0.00475161 -0.01453511 0.05473808
v -0.00409615 -0.01469387 0.05464471
v -0.00451841 -0.01468925 0.05499717
v -0.00387333 -0.01481082 0.05493669
v -0.00427248 -0.01480646 0.05526986
v -0.00364096 -0.01489238 0.05524061
v -0.00401606 -0.01488828 0.05555369
v -0.00340223 -0.01494132 0.05555234
v -0.00375266 -0.01493749 0.05584483
v -0.00316193 -0.01496211 0.05586573
v -0.00348755 -0.01495855 0.05613751
v -0.00270280 -0.01494600 0.05646368
v -0.00298110 -0.01494296 0.05669597
v -0.00230009 -0.01489452 0.05698765
v -0.00253691 -0.01489193 0.05718531
v 0.00027324 -0.01492292 0.05621821
v 0.00054919 -0.01492598 0.05624878
v 0.00082214 -0.01492902 0.05629958
v 0.00109062 -0.01493201 0.05637032
v 0.00135316 -0.01493494 0.05646062
v 0.00160835 -0.01493779 0.05656999
v 0.00185481 -0.01494055 0.05669784
v 0.00209119 -0.01494320 0.05684347
v 0.00231622 -0.01494573 0.05700610
v 0.00252867 -0.01494812 0.05718484
v 0.00272740 -0.01495036 0.05737873
v 0.00291133 -0.01495244 0.05758671
v 0.00307947 -0.01495435 0.05780767
v 0.00323089 -0.01495608 0.05804038
v 0.00336478 -0.01495761 0.05828362
v 0.00348042 -0.01495894 0.05853604
v 0.00357718 -0.01496006 0.05879629
v 0.00365453 -0.01496097 0.05906295
v 0.00371206 -0.01496166 0.05933458
v 0.00374945 -0.01496213 0.05960970
v 0.00376650 -0.01496237 0.05988684
v 0.00376312 -0.01496239 0.06016447
v 0.00373933 -0.01496218 0.06044110
v 0.00369525 -0.01496174 0.06071524
v 0.00363112 -0.01496108 0.06098539
v 0.00354730 -0.01496021 0.06125008
v 0.00344423 -0.01495911 0.06150789
v 0.00332248 -0.01495781 0.06175742
v 0.00318270 -0.01495630 0.06199733
v 0.00302565 -0.01495461 0.06222629
v 0.00285218 -0.01495272 0.06244308
v 0.00266324 -0.01495067 0.06264652
v 0.00243640 -0.01494819 0.06285558
v 0.00219324 -0.01494553 0.06304540
v 0.00193538 -0.01494270 0.06321470
v 0.00166455 -0.01493973 0.06336237
v 0.00138255 -0.01493662 0.06348740
v 0.00109128 -0.01493341 0.06358898
v 0.00079269 -0.01493011 0.06366641
v 0.00048876 -0.01492675 0.06371918
v 0.00018155 -0.01492335 0.06374694
v -0.00012691 -0.01491993 0.06374948
v -0.00043455 -0.01491651 0.06372681
v -0.00073930 -0.01491312 0.06367908
v -0.00103914 -0.01490978 0.06360661
v -0.00133205 -0.01490651 0.06350987
v -0.00161607 -0.01490334 0.06338952
v -0.00188931 -0.01490028 0.06324636
v -0.00214994 -0.01489735 0.06308133
v -0.00239621 -0.01489459 0.06289557
v -0.00262648 -0.01489199 0.06269030
v -0.00283920 -0.01488959 0.06246691
v -0.00303296 -0.01488740 0.06222686
v -0.00320645 -0.01488542 0.06197179
v -0.00335852 -0.01488368 0.06170339
v -0.00348815 -0.01488219 0.06142347
v -0.00359447 -0.01488096 0.06113388
v -0.00367677 -0.01487999 0.06083658
v -0.00373450 -0.01487929 0.06053353
v -0.00376727 -0.01487886 0.06022679
v -0.00377487 -0.01487872 0.05991839
v -0.00375724 -0.01487886 0.05961041
v -0.00371451 -0.01487927 0.05930490
v -0.00364695 -0.01487996 0.05900390
v -0.00355502 -0.01488093 0.05870943
v -0.00343933 -0.01488215 0.05842345
v -0.00330067 -0.01488364 0.05814790
v -0.00313995 -0.01488537 0.05788458
v -0.00295825 -0.01488734 0.05763529
v -0.00275679 -0.01488953 0.05740168
v 0.00032114 -0.01497937 0.05555951
v 0.00037628 -0.01500116 0.05480777
v 0.00040551 -0.01498335 0.05441380
v 0.00043489 -0.01493736 0.05402190
v 0.00046391 -0.01485868 0.05363982
v 0.00087196 -0.01494222 0.05407033
v 0.00092901 -0.01486385 0.05369136
v 0.00130429 -0.01494703 0.05415079
v 0.00138906 -0.01486897 0.05377698
v 0.00172952 -0.01495177 0.05426283
v 0.00184157 -0.01487402 0.05389621
v 0.00214536 -0.01495641 0.05440585
v 0.00228408 -0.01487896 0.05404840
v 0.00254955 -0.01496093 0.05457908
v 0.00271419 -0.01488376 0.05423274
v 0.00293991 -0.01496529 0.05478157
v 0.00312958 -0.01488841 0.05444822
v 0.00331431 -0.01496949 0.05501224
v 0.00352799 -0.01489288 0.05469368
v 0.00367072 -0.01497350 0.05526982
v 0.00390727 -0.01489714 0.05496778
v 0.00400723 -0.01497728 0.05555293
v 0.00426535 -0.01490117 0.05526905
v 0.00432200 -0.01498083 0.05586003
v 0.00460031 -0.01490495 0.05559584
v 0.00461332 -0.01498413 0.05618945
v 0.00491031 -0.01490845 0.05594639
v 0.00487962 -0.01498715 0.05653942
v 0.00519369 -0.01491167 0.05631880
v 0.00511946 -0.01498988 0.05690802
v 0.00544891 -0.01491458 0.05671104
v 0.00533154 -0.01499231 0.05729327
v 0.00567459 -0.01491716 0.05712100
v 0.00551470 -0.01499442 0.05769308
v 0.00586949 -0.01491940 0.05754645
v 0.00566795 -0.01499620 0.05810528
v 0.00603258 -0.01492130 0.05798509
v 0.00579047 -0.01499764 0.05852764
v 0.00616295 -0.01492283 0.05843453
v 0.00588158 -0.01499873 0.05895787
v 0.00625991 -0.01492399 0.05889235
v 0.00594080 -0.01499947 0.05939363
v 0.00632293 -0.01492478 0.05935606
v 0.00596781 -0.01499986 0.05983258
v 0.00635167 -0.01492519 0.05982315
v 0.00596245 -0.01499988 0.06027232
v 0.00634597 -0.01492522 0.06029109
v 0.00592477 -0.01499955 0.06071047
v 0.00630586 -0.01492486 0.06075735
v 0.00585495 -0.01499886 0.06114466
v 0.00623157 -0.01492413 0.06121939
v 0.00575338 -0.01499781 0.06157254
v 0.00612349 -0.01492302 0.06167471
v 0.00562061 -0.01499642 0.06199180
v 0.00598221 -0.01492153 0.06212085
v 0.00545737 -0.01499469 0.06240015
v 0.00580849 -0.01491969 0.06255538
v 0.00526452 -0.01499263 0.06279538
v 0.00560328 -0.01491750 0.06297597
v 0.00504313 -0.01499024 0.06317535
v 0.00536769 -0.01491496 0.06338031
v 0.00479438 -0.01498755 0.06353801
v 0.00510299 -0.01491210 0.06376622
v 0.00451964 -0.01498457 0.06388137
v 0.00481062 -0.01490892 0.06413161
v 0.00422038 -0.01498131 0.06420361
v 0.00449217 -0.01490546 0.06447451
v 0.00386109 -0.01497739 0.06453472
v 0.00410984 -0.01490128 0.06482685
v 0.00347595 -0.01497318 0.06483536
v 0.00370000 -0.01489680 0.06514678
v 0.00306753 -0.01496870 0.06510353
v 0.00326538 -0.01489203 0.06543214
v 0.00263856 -0.01496398 0.06533742
v 0.00280890 -0.01488702 0.06568103
v 0.00219191 -0.01495907 0.06553547
v 0.00233361 -0.01488178 0.06589178
v 0.00173057 -0.01495398 0.06569635
v 0.00184269 -0.01487637 0.06606297
v 0.00125763 -0.01494876 0.06581899
v 0.00133942 -0.01487081 0.06619348
v 0.00077626 -0.01494343 0.06590257
v 0.00082717 -0.01486515 0.06628242
v 0.00028966 -0.01493804 0.06594653
v 0.00030936 -0.01485941 0.06632920
v -0.00019891 -0.01493262 0.06595057
v -0.00021053 -0.01485365 0.06633350
v -0.00068617 -0.01492721 0.06591467
v -0.00072904 -0.01484789 0.06629530
v -0.00116886 -0.01492184 0.06583907
v -0.00124269 -0.01484217 0.06621485
v -0.00164377 -0.01491655 0.06572428
v -0.00174805 -0.01483654 0.06609269
v -0.00210770 -0.01491138 0.06557105
v -0.00224174 -0.01483104 0.06592964
v -0.00255756 -0.01490635 0.06538042
v -0.00272045 -0.01482569 0.06572679
v -0.00299034 -0.01490150 0.06515366
v -0.00318099 -0.01482053 0.06548549
v -0.00340315 -0.01489688 0.06489231
v -0.00362026 -0.01481560 0.06520736
v -0.00379321 -0.01489249 0.06459808
v -0.00403534 -0.01481094 0.06489427
v -0.00415793 -0.01488838 0.06427294
v -0.00442345 -0.01480657 0.06454829
v -0.00449485 -0.01488458 0.06391910
v -0.00478198 -0.01480252 0.06417175
v -0.00480174 -0.01488110 0.06353891
v -0.00510855 -0.01479882 0.06376718
v -0.00507653 -0.01487797 0.06313491
v -0.00540097 -0.01479549 0.06333726
v -0.00531739 -0.01487522 0.06270980
v -0.00565727 -0.01479256 0.06288489
v -0.00552271 -0.01487286 0.06226642
v -0.00587576 -0.01479005 0.06241308
v -0.00569111 -0.01487090 0.06180775
v -0.00605495 -0.01478796 0.06192500
v -0.00582146 -0.01486936 0.06133685
v -0.00619367 -0.01478633 0.06142390
v -0.00591290 -0.01486826 0.06085688
v -0.00629097 -0.01478515 0.06091314
v -0.00596481 -0.01486759 0.06037103
v -0.00634621 -0.01478444 0.06039614
v -0.00597684 -0.01486736 0.05988257
v -0.00635902 -0.01478420 0.05987635
v -0.00594892 -0.01486758 0.05939476
v -0.00632931 -0.01478443 0.05935725
v -0.00588124 -0.01486823 0.05891086
v -0.00625728 -0.01478513 0.05884233
v -0.00577423 -0.01486933 0.05843411
v -0.00614341 -0.01478629 0.05833501
v -0.00562863 -0.01487085 0.05796770
v -0.00598847 -0.01478791 0.05783869
v -0.00544540 -0.01487280 0.05751476
v -0.00579349 -0.01478998 0.05735669
v -0.00522576 -0.01487515 0.05707829
v -0.00555977 -0.01479249 0.05689224
v -0.00497120 -0.01487789 0.05666124
v -0.00528888 -0.01479541 0.05644844
v -0.00468341 -0.01488101 0.05626639
v -0.00498263 -0.01479872 0.05602827
v -0.00436432 -0.01488448 0.05589639
v -0.00464308 -0.01480241 0.05563453
v -0.00000315 -0.01480081 0.05343650
v 0.00049223 -0.01474450 0.05327277
v 0.00098426 -0.01474997 0.05332728
v 0.00147094 -0.01475539 0.05341785
v 0.00194965 -0.01476072 0.05354399
v 0.00241778 -0.01476595 0.05370499
v 0.00287280 -0.01477103 0.05390000
v 0.00331223 -0.01477595 0.05412797
v 0.00373372 -0.01478068 0.05438763
v 0.00413495 -0.01478518 0.05467761
v 0.00451377 -0.01478945 0.05499632
v 0.00486812 -0.01479345 0.05534203
v 0.00519608 -0.01479715 0.05571287
v 0.00549587 -0.01480056 0.05610684
v 0.00576586 -0.01480363 0.05652180
v 0.00600460 -0.01480636 0.05695549
v 0.00621080 -0.01480874 0.05740558
v 0.00638332 -0.01481074 0.05786961
v 0.00652124 -0.01481236 0.05834509
v 0.00662382 -0.01481359 0.05882941
v 0.00669048 -0.01481443 0.05931997
v 0.00672089 -0.01481486 0.05981411
v 0.00671486 -0.01481489 0.06030915
v 0.00667243 -0.01481451 0.06080239
v 0.00659383 -0.01481374 0.06129118
v 0.00647949 -0.01481256 0.06177288
v 0.00633003 -0.01481099 0.06224485
v 0.00614626 -0.01480904 0.06270454
v 0.00592917 -0.01480672 0.06314947
v 0.00567993 -0.01480404 0.06357723
v 0.00539991 -0.01480101 0.06398548
v 0.00509061 -0.01479765 0.06437203
v 0.00475372 -0.01479398 0.06473478
v 0.00434926 -0.01478957 0.06510752
v 0.00391568 -0.01478483 0.06544598
v 0.00345590 -0.01477978 0.06574786
v 0.00297299 -0.01477448 0.06601116
v 0.00247018 -0.01476894 0.06623410
v 0.00195084 -0.01476321 0.06641522
v 0.00141843 -0.01475733 0.06655329
v 0.00087651 -0.01475134 0.06664737
v 0.00032873 -0.01474527 0.06669686
v -0.00022127 -0.01473917 0.06670141
v -0.00076980 -0.01473308 0.06666099
v -0.00131319 -0.01472704 0.06657589
v -0.00184782 -0.01472108 0.06644666
v -0.00237009 -0.01471525 0.06627417
v -0.00287652 -0.01470959 0.06605957
v -0.00336372 -0.01470414 0.06580430
v -0.00382843 -0.01469893 0.06551007
v -0.00426754 -0.01469399 0.06517885
v -0.00467812 -0.01468937 0.06481284
v -0.00505742 -0.01468508 0.06441450
v -0.00540289 -0.01468117 0.06398650
v -0.00571224 -0.01467765 0.06353169
v -0.00598339 -0.01467455 0.06305312
v -0.00621452 -0.01467189 0.06255399
v -0.00640409 -0.01466969 0.06203765
v -0.00655084 -0.01466796 0.06150755
v -0.00665377 -0.01466671 0.06096721
v -0.00671221 -0.01466596 0.06042027
v -0.00672576 -0.01466570 0.05987038
v -0.00669433 -0.01466594 0.05932123
v -0.00661813 -0.01466668 0.05877649
v -0.00649767 -0.01466792 0.05823980
v -0.00633376 -0.01466963 0.05771473
v -0.00612748 -0.01467182 0.05720483
v -0.00588024 -0.01467447 0.05671349
v -0.00559366 -0.01467756 0.05624400
v -0.00526969 -0.01468107 0.05579949
v -0.00491047 -0.01468498 0.05538295
v -0.00000083 -0.01458746 0.05290487
v 0.00051960 -0.01459323 0.05292400
v 0.00103722 -0.01459899 0.05298135
v 0.00154922 -0.01460468 0.05307663
v 0.00205282 -0.01461030 0.05320932
v 0.00254529 -0.01461579 0.05337870
v 0.00302397 -0.01462114 0.05358385
v 0.00348626 -0.01462632 0.05382368
v 0.00392966 -0.01463129 0.05409684
v 0.00435176 -0.01463603 0.05440190
v 0.00475028 -0.01464052 0.05473718
v 0.00512306 -0.01464472 0.05510088
v 0.00546807 -0.01464862 0.05549100
v 0.00578345 -0.01465220 0.05590546
v 0.00606749 -0.01465544 0.05634200
v 0.00631865 -0.01465831 0.05679825
v 0.00653556 -0.01466081 0.05727174
v 0.00671706 -0.01466291 0.05775991
v 0.00686215 -0.01466462 0.05826010
v 0.00697006 -0.01466592 0.05876962
v 0.00704020 -0.01466679 0.05928569
v 0.00707218 -0.01466725 0.05980552
v 0.00706584 -0.01466728 0.06032630
v 0.00702120 -0.01466688 0.06084520
v 0.00693852 -0.01466607 0.06135942
v 0.00681823 -0.01466483 0.06186615
v 0.00666100 -0.01466318 0.06236266
v 0.00646767 -0.01466113 0.06284626
v 0.00623928 -0.01465868 0.06331433
v 0.00597709 -0.01465586 0.06376433
v 0.00568250 -0.01465268 0.06419381
v 0.00535712 -0.01464915 0.06460048
v 0.00500271 -0.01464529 0.06498209
v 0.00457721 -0.01464064 0.06537422
v 0.00412109 -0.01463565 0.06573027
v 0.00363740 -0.01463035 0.06604785
v 0.00312938 -0.01462476 0.06632484
v 0.00260042 -0.01461894 0.06655939
v 0.00205406 -0.01461292 0.06674992
v 0.00149397 -0.01460673 0.06689516
v 0.00092387 -0.01460043 0.06699415
v 0.00034760 -0.01459404 0.06704620
v -0.00023100 -0.01458763 0.06705099
v -0.00080806 -0.01458122 0.06700848
v -0.00137971 -0.01457486 0.06691895
v -0.00194213 -0.01456859 0.06678300
v -0.00249157 -0.01456246 0.06660154
v -0.00302433 -0.01455651 0.06637578
v -0.00353687 -0.01455077 0.06610723
v -0.00402575 -0.01454529 0.06579769
v -0.00448770 -0.01454010 0.06544924
v -0.00491963 -0.01453523 0.06506421
v -0.00531865 -0.01453072 0.06464516
v -0.00568209 -0.01452660 0.06419489
v -0.00600752 -0.01452290 0.06371644
v -0.00629277 -0.01451964 0.06321298
v -0.00653592 -0.01451684 0.06268790
v -0.00673536 -0.01451453 0.06214470
v -0.00688973 -0.01451271 0.06158702
v -0.00699802 -0.01451140 0.06101859
v -0.00705950 -0.01451060 0.06044321
v -0.00707375 -0.01451033 0.05986472
v -0.00704069 -0.01451059 0.05928702
v -0.00696052 -0.01451137 0.05871394
v -0.00683380 -0.01451266 0.05814933
v -0.00666136 -0.01451447 0.05759697
v -0.00644436 -0.01451678 0.05706055
v -0.00618426 -0.01451956 0.05654366
v -0.00588278 -0.01452281 0.05604975
v -0.00554195 -0.01452650 0.05558213
v -0.00516406 -0.01453061 0.05514393
v 0.00054591 -0.01440417 0.05259543
v 0.00000243 -0.01428923 0.05241856
v 0.00057109 -0.01417718 0.05228788
v 0.00169354 -0.01418966 0.05245428
v 0.00113538 -0.01418345 0.05235041
v 0.00108763 -0.01441019 0.05265545
v 0.00277943 -0.01420177 0.05278359
v 0.00224255 -0.01419578 0.05259893
v 0.00215053 -0.01442203 0.05289404
v 0.00162347 -0.01441615 0.05275518
v 0.00330127 -0.01420760 0.05300724
v 0.00380524 -0.01421324 0.05326867
v 0.00428862 -0.01421866 0.05356648
v 0.00411478 -0.01444400 0.05382289
v 0.00455654 -0.01444896 0.05414216
v 0.00474878 -0.01422383 0.05389904
v 0.00497362 -0.01445365 0.05449306
v 0.00518323 -0.01422872 0.05426455
v 0.00558962 -0.01423331 0.05466103
v 0.00596575 -0.01423756 0.05508634
v 0.00572484 -0.01446214 0.05528199
v 0.00605491 -0.01446588 0.05571575
v 0.00630956 -0.01424146 0.05553817
v 0.00635218 -0.01446927 0.05617261
v 0.00661921 -0.01424499 0.05601407
v 0.00689301 -0.01424812 0.05651146
v 0.00712949 -0.01425084 0.05702764
v 0.00732735 -0.01425314 0.05755983
v 0.00703200 -0.01447710 0.05765655
v 0.00718385 -0.01447888 0.05818004
v 0.00748552 -0.01425500 0.05810512
v 0.00729678 -0.01448024 0.05871329
v 0.00760316 -0.01425641 0.05866058
v 0.00767962 -0.01425737 0.05922318
v 0.00771449 -0.01425787 0.05978988
v 0.00740366 -0.01448163 0.05979744
v 0.00739702 -0.01448166 0.06034247
v 0.00770757 -0.01425790 0.06035763
v 0.00735030 -0.01448125 0.06088554
v 0.00765891 -0.01425747 0.06092331
v 0.00756878 -0.01425657 0.06148389
v 0.00743764 -0.01425523 0.06203632
v 0.00713788 -0.01447910 0.06195404
v 0.00697333 -0.01447737 0.06247368
v 0.00726623 -0.01425343 0.06257760
v 0.00677099 -0.01447523 0.06297980
v 0.00705547 -0.01425119 0.06310481
v 0.00653197 -0.01447267 0.06346966
v 0.00680650 -0.01424853 0.06361508
v 0.00652066 -0.01424545 0.06410565
v 0.00619951 -0.01424198 0.06457387
v 0.00594926 -0.01446638 0.06439012
v 0.00560873 -0.01446269 0.06481570
v 0.00584479 -0.01423813 0.06501718
v 0.00523781 -0.01445865 0.06521510
v 0.00545842 -0.01423392 0.06543320
v 0.00499456 -0.01422886 0.06586070
v 0.00449731 -0.01422342 0.06624885
v 0.00397001 -0.01421764 0.06659507
v 0.00380891 -0.01444301 0.06633049
v 0.00327723 -0.01443717 0.06662039
v 0.00341618 -0.01421155 0.06689703
v 0.00272364 -0.01443107 0.06686585
v 0.00283953 -0.01420520 0.06715272
v 0.00224391 -0.01419863 0.06736044
v 0.00163331 -0.01419189 0.06751878
v 0.00101181 -0.01418502 0.06762668
v 0.00096901 -0.01441170 0.06732085
v 0.00036590 -0.01440502 0.06737535
v 0.00038358 -0.01417806 0.06768344
v -0.00023965 -0.01439830 0.06738035
v -0.00024719 -0.01417106 0.06768865
v -0.00087628 -0.01416407 0.06764231
v -0.00149948 -0.01415714 0.06754471
v -0.00211261 -0.01415031 0.06739649
v -0.00203047 -0.01437838 0.06709987
v -0.00260550 -0.01437197 0.06690995
v -0.00271158 -0.01414363 0.06719867
v -0.00316307 -0.01436573 0.06667368
v -0.00329239 -0.01413714 0.06695255
v -0.00385114 -0.01413088 0.06665979
v -0.00438410 -0.01412491 0.06632236
v -0.00488770 -0.01411925 0.06594249
v -0.00469459 -0.01434856 0.06570401
v -0.00514664 -0.01434346 0.06530104
v -0.00535857 -0.01411394 0.06552272
v -0.00556424 -0.01433875 0.06486247
v -0.00579357 -0.01410903 0.06506589
v -0.00594461 -0.01433444 0.06439124
v -0.00618979 -0.01410454 0.06457504
v -0.00654456 -0.01410050 0.06405343
v -0.00685553 -0.01409695 0.06350458
v -0.00658373 -0.01432715 0.06336360
v -0.00683821 -0.01432422 0.06281406
v -0.00712061 -0.01409390 0.06293215
v -0.00704693 -0.01432180 0.06224556
v -0.00733802 -0.01409137 0.06233998
v -0.00720850 -0.01431989 0.06166191
v -0.00750632 -0.01408939 0.06173202
v -0.00762437 -0.01408796 0.06111233
v -0.00769139 -0.01408709 0.06048507
v -0.00738617 -0.01431769 0.06046483
v -0.00740109 -0.01431741 0.05985940
v -0.00770693 -0.01408680 0.05985443
v -0.00736648 -0.01431768 0.05925479
v -0.00767088 -0.01408708 0.05922463
v -0.00728258 -0.01431849 0.05865502
v -0.00758349 -0.01408793 0.05859989
v -0.00744534 -0.01408934 0.05798436
v -0.00725736 -0.01409131 0.05738220
v -0.00702079 -0.01409382 0.05679741
v -0.00674238 -0.01432415 0.05692463
v -0.00647016 -0.01432707 0.05638366
v -0.00673723 -0.01409686 0.05623391
v -0.00615465 -0.01433047 0.05586675
v -0.00640857 -0.01410040 0.05569547
v -0.00603702 -0.01410443 0.05518568
v -0.00562504 -0.01410890 0.05470797
v -0.00247530 -0.01414346 0.05267659
v -0.00187021 -0.01415013 0.05249836
v -0.00125258 -0.01415696 0.05237016
v -0.00120483 -0.01438476 0.05267442
v -0.00060382 -0.01439142 0.05260023
v -0.00057897 -0.01458105 0.05292860
v -0.00055204 -0.01473292 0.05327713
v -0.00062653 -0.01416389 0.05229289
v -0.00010950 -0.01469573 0.05866262
v -0.00021677 -0.01469454 0.05867586
v -0.00032261 -0.01469337 0.05869783
v -0.00042629 -0.01469223 0.05872837
v -0.00052713 -0.01469112 0.05876729
v -0.00062445 -0.01469005 0.05881431
v -0.00071761 -0.01468902 0.05886912
v -0.00080597 -0.01468806 0.05893137
v -0.00088895 -0.01468715 0.05900064
v -0.00096600 -0.01468631 0.05907645
v -0.00103659 -0.01468554 0.05915831
v -0.00110026 -0.01468485 0.05924565
v -0.00115657 -0.01468424 0.05933793
v -0.00120516 -0.01468372 0.05943448
v -0.00124570 -0.01468329 0.05953468
v -0.00127791 -0.01468296 0.05963786
v -0.00130158 -0.01468271 0.05974333
v -0.00131655 -0.01468257 0.05985038
v -0.00132273 -0.01468252 0.05995830
v -0.00132007 -0.01468257 0.06006636
v -0.00130859 -0.01468272 0.06017384
v -0.00128836 -0.01468296 0.06028002
v -0.00125952 -0.01468330 0.06038420
v -0.00122226 -0.01468374 0.06048567
v -0.00117684 -0.01468426 0.06058375
v -0.00112356 -0.01468487 0.06067780
v -0.00106277 -0.01468556 0.06076717
v -0.00099488 -0.01468633 0.06085129
v -0.00092034 -0.01468717 0.06092957
v -0.00083965 -0.01468808 0.06100149
v -0.00075336 -0.01468905 0.06106658
v -0.00066204 -0.01469007 0.06112440
v -0.00056630 -0.01469115 0.06117457
v -0.00046678 -0.01469226 0.06121674
v -0.00036414 -0.01469340 0.06125063
v -0.00025908 -0.01469457 0.06127603
v -0.00015229 -0.01469576 0.06129275
v -0.00004450 -0.01469696 0.06130070
v 0.00006358 -0.01469816 0.06129980
v 0.00017123 -0.01469935 0.06129007
v 0.00027773 -0.01470053 0.06127159
v 0.00038235 -0.01470168 0.06124445
v 0.00048441 -0.01470281 0.06120887
v 0.00058322 -0.01470390 0.06116505
v 0.00067812 -0.01470494 0.06111331
v 0.00076847 -0.01470593 0.06105399
v 0.00085368 -0.01470686 0.06098748
v 0.00093316 -0.01470773 0.06091423
v 0.00099937 -0.01470845 0.06084294
v 0.00106015 -0.01470911 0.06076697
v 0.00111518 -0.01470971 0.06068674
v 0.00116415 -0.01471023 0.06060269
v 0.00120682 -0.01471069 0.06051525
v 0.00124293 -0.01471107 0.06042492
v 0.00127230 -0.01471138 0.06033217
v 0.00129477 -0.01471161 0.06023751
v 0.00131022 -0.01471176 0.06014145
v 0.00131855 -0.01471184 0.06004452
v 0.00131974 -0.01471183 0.05994724
v 0.00131377 -0.01471175 0.05985013
v 0.00130066 -0.01471158 0.05975373
v 0.00128051 -0.01471134 0.05965855
v 0.00125340 -0.01471102 0.05956511
v 0.00121950 -0.01471063 0.05947393
v 0.00117898 -0.01471016 0.05938547
v 0.00113206 -0.01470963 0.05930025
v 0.00107900 -0.01470902 0.05921871
v 0.00102009 -0.01470835 0.05914128
v 0.00095564 -0.01470762 0.05906840
v 0.00088601 -0.01470684 0.05900047
v 0.00081156 -0.01470600 0.05893784
v 0.00073271 -0.01470512 0.05888085
v 0.00064989 -0.01470419 0.05882983
v 0.00056353 -0.01470322 0.05878503
v 0.00047411 -0.01470222 0.05874670
v 0.00038212 -0.01470119 0.05871507
v 0.00028805 -0.01470015 0.05869028
v 0.00019240 -0.01469908 0.05867248
v 0.00081383 -0.01498789 0.05445904
v 0.00121771 -0.01499238 0.05453421
v 0.00161498 -0.01499681 0.05463888
v 0.00200346 -0.01500114 0.05477250
v 0.00238106 -0.01500536 0.05493433
v 0.00274574 -0.01500944 0.05512350
v 0.00309551 -0.01501337 0.05533900
v 0.00342849 -0.01501711 0.05557964
v 0.00374286 -0.01502064 0.05584412
v 0.00403692 -0.01502396 0.05613102
v 0.00430908 -0.01502704 0.05643877
v 0.00455787 -0.01502986 0.05676571
v 0.00478193 -0.01503242 0.05711007
v 0.00498005 -0.01503468 0.05746998
v 0.00515116 -0.01503665 0.05784349
v 0.00529433 -0.01503831 0.05822857
v 0.00540879 -0.01503966 0.05862315
v 0.00549391 -0.01504068 0.05902508
v 0.00554924 -0.01504137 0.05943218
v 0.00557447 -0.01504173 0.05984225
v 0.00556947 -0.01504176 0.06025307
v 0.00553426 -0.01504145 0.06066239
v 0.00546903 -0.01504080 0.06106803
v 0.00537415 -0.01503982 0.06146777
v 0.00525011 -0.01503852 0.06185944
v 0.00509760 -0.01503691 0.06224092
v 0.00491745 -0.01503498 0.06261015
v 0.00471062 -0.01503275 0.06296513
v 0.00447823 -0.01503024 0.06330394
v 0.00422156 -0.01502745 0.06362472
v 0.00394198 -0.01502441 0.06392575
v 0.00360633 -0.01502074 0.06423509
v 0.00324652 -0.01501681 0.06451596
v 0.00286497 -0.01501262 0.06476647
v 0.00246422 -0.01500822 0.06498498
v 0.00204695 -0.01500363 0.06517000
v 0.00161596 -0.01499887 0.06532030
v 0.00117413 -0.01499399 0.06543487
v 0.00072442 -0.01498902 0.06551296
v 0.00026983 -0.01498399 0.06555402
v -0.00018660 -0.01497892 0.06555780
v -0.00064181 -0.01497387 0.06552426
v -0.00109275 -0.01496885 0.06545363
v -0.00153642 -0.01496391 0.06534639
v -0.00196983 -0.01495907 0.06520323
v -0.00239010 -0.01495438 0.06502516
v -0.00279441 -0.01494985 0.06481332
v -0.00318006 -0.01494552 0.06456915
v -0.00354447 -0.01494143 0.06429427
v -0.00388519 -0.01493759 0.06399053
v -0.00419996 -0.01493404 0.06365996
v -0.00448666 -0.01493079 0.06330478
v -0.00474337 -0.01492787 0.06292734
v -0.00496839 -0.01492529 0.06253020
v -0.00516020 -0.01492309 0.06211599
v -0.00531752 -0.01492126 0.06168750
v -0.00543930 -0.01491982 0.06124757
v -0.00552472 -0.01491879 0.06079917
v -0.00557322 -0.01491816 0.06034529
v -0.00558446 -0.01491795 0.05988895
v -0.00555838 -0.01491815 0.05943323
v -0.00549514 -0.01491877 0.05898116
v -0.00539518 -0.01491979 0.05853578
v -0.00525915 -0.01492122 0.05810005
v -0.00508797 -0.01492303 0.05767689
v -0.00488279 -0.01492523 0.05726914
v -0.00464497 -0.01492779 0.05687952
v -0.00437611 -0.01493071 0.05651065
v -0.00407801 -0.01493395 0.05616498
v 0.00075570 -0.01500538 0.05484981
v 0.00113100 -0.01500956 0.05491966
v 0.00150014 -0.01501367 0.05501693
v 0.00186113 -0.01501770 0.05514108
v 0.00221200 -0.01502162 0.05529146
v 0.00255087 -0.01502541 0.05546724
v 0.00287588 -0.01502906 0.05566749
v 0.00318529 -0.01503253 0.05589109
v 0.00347740 -0.01503582 0.05613685
v 0.00375065 -0.01503890 0.05640344
v 0.00400355 -0.01504176 0.05668941
v 0.00423472 -0.01504439 0.05699321
v 0.00444292 -0.01504676 0.05731320
v 0.00462702 -0.01504886 0.05764763
v 0.00478602 -0.01505069 0.05799470
v 0.00491906 -0.01505224 0.05835253
v 0.00502542 -0.01505349 0.05871918
v 0.00510451 -0.01505444 0.05909265
v 0.00515592 -0.01505508 0.05947094
v 0.00517937 -0.01505542 0.05985198
v 0.00517472 -0.01505544 0.06023372
v 0.00514200 -0.01505515 0.06061407
v 0.00508139 -0.01505455 0.06099099
v 0.00499322 -0.01505364 0.06136244
v 0.00487797 -0.01505243 0.06172638
v 0.00473626 -0.01505093 0.06208086
v 0.00456885 -0.01504914 0.06242396
v 0.00437666 -0.01504707 0.06275381
v 0.00416073 -0.01504473 0.06306863
v 0.00392222 -0.01504215 0.06336671
v 0.00366243 -0.01503932 0.06364644
v 0.00335054 -0.01503591 0.06393387
v 0.00301620 -0.01503225 0.06419487
v 0.00266165 -0.01502837 0.06442765
v 0.00228927 -0.01502427 0.06463069
v 0.00190154 -0.01502001 0.06480261
v 0.00150106 -0.01501559 0.06494228
v 0.00109050 -0.01501106 0.06504873
v 0.00067262 -0.01500643 0.06512129
v 0.00025021 -0.01500176 0.06515945
v -0.00017391 -0.01499705 0.06516296
v -0.00059690 -0.01499235 0.06513179
v -0.00101592 -0.01498769 0.06506617
v -0.00142818 -0.01498310 0.06496651
v -0.00183092 -0.01497861 0.06483350
v -0.00222144 -0.01497424 0.06466802
v -0.00259714 -0.01497004 0.06447117
v -0.00295549 -0.01496602 0.06424429
v -0.00329410 -0.01496221 0.06398887
v -0.00361071 -0.01495865 0.06370663
v -0.00390319 -0.01495534 0.06339946
v -0.00416960 -0.01495232 0.06306942
v -0.00440814 -0.01494961 0.06271870
v -0.00461723 -0.01494722 0.06234967
v -0.00479546 -0.01494517 0.06196478
v -0.00494165 -0.01494347 0.06156661
v -0.00505481 -0.01494213 0.06115783
v -0.00513418 -0.01494117 0.06074116
v -0.00517925 -0.01494059 0.06031941
v -0.00518969 -0.01494040 0.05989537
v -0.00516546 -0.01494058 0.05947191
v -0.00510670 -0.01494115 0.05905185
v -0.00501381 -0.01494210 0.05863798
v -0.00488741 -0.01494343 0.05823310
v -0.00472835 -0.01494512 0.05783989
v -0.00453769 -0.01494716 0.05746101
v -0.00431670 -0.01494954 0.05709897
v -0.00406688 -0.01495225 0.05675621
v -0.00378987 -0.01495526 0.05643500
v 0.00064541 -0.01498298 0.05559544
v 0.00096616 -0.01498655 0.05565513
v 0.00128165 -0.01499006 0.05573826
v 0.00159017 -0.01499351 0.05584437
v 0.00189005 -0.01499686 0.05597289
v 0.00217966 -0.01500010 0.05612313
v 0.00245743 -0.01500321 0.05629426
v 0.00272186 -0.01500618 0.05648537
v 0.00297152 -0.01500899 0.05669541
v 0.00320505 -0.01501163 0.05692325
v 0.00342119 -0.01501407 0.05716765
v 0.00361877 -0.01501631 0.05742730
v 0.00379671 -0.01501834 0.05770078
v 0.00395405 -0.01502014 0.05798659
v 0.00408994 -0.01502171 0.05828322
v 0.00420364 -0.01502303 0.05858904
v 0.00429454 -0.01502410 0.05890239
v 0.00436214 -0.01502491 0.05922159
v 0.00440608 -0.01502546 0.05954489
v 0.00442611 -0.01502574 0.05987055
v 0.00442214 -0.01502576 0.06019680
v 0.00439418 -0.01502551 0.06052187
v 0.00434238 -0.01502500 0.06084402
v 0.00426702 -0.01502423 0.06116147
v 0.00416852 -0.01502319 0.06147252
v 0.00404741 -0.01502191 0.06177548
v 0.00390433 -0.01502038 0.06206871
v 0.00374008 -0.01501861 0.06235061
v 0.00355553 -0.01501661 0.06261967
v 0.00335169 -0.01501440 0.06287443
v 0.00312966 -0.01501198 0.06311350
v 0.00286310 -0.01500907 0.06335916
v 0.00257736 -0.01500595 0.06358220
v 0.00227434 -0.01500262 0.06378116
v 0.00195608 -0.01499913 0.06395469
v 0.00162471 -0.01499548 0.06410162
v 0.00128243 -0.01499170 0.06422099
v 0.00093155 -0.01498783 0.06431198
v 0.00057441 -0.01498388 0.06437398
v 0.00021339 -0.01497988 0.06440660
v -0.00014908 -0.01497586 0.06440959
v -0.00051059 -0.01497184 0.06438297
v -0.00086871 -0.01496786 0.06432687
v -0.00122105 -0.01496394 0.06424171
v -0.00156525 -0.01496010 0.06412802
v -0.00189901 -0.01495637 0.06398659
v -0.00222010 -0.01495277 0.06381836
v -0.00252636 -0.01494934 0.06362445
v -0.00281576 -0.01494608 0.06340615
v -0.00308635 -0.01494304 0.06316493
v -0.00333632 -0.01494021 0.06290242
v -0.00356401 -0.01493763 0.06262035
v -0.00376788 -0.01493531 0.06232060
v -0.00394658 -0.01493327 0.06200521
v -0.00409891 -0.01493152 0.06167627
v -0.00422384 -0.01493007 0.06133597
v -0.00432055 -0.01492893 0.06098660
v -0.00438839 -0.01492810 0.06063050
v -0.00442691 -0.01492761 0.06027004
v -0.00443584 -0.01492744 0.05990764
v -0.00441512 -0.01492760 0.05954573
v -0.00436490 -0.01492809 0.05918671
v -0.00428551 -0.01492890 0.05883300
v -0.00417749 -0.01493003 0.05848697
v -0.00404155 -0.01493147 0.05815091
v -0.00387860 -0.01493322 0.05782710
v -0.00368973 -0.01493526 0.05751768
v -0.00347622 -0.01493757 0.05722474
v -0.00323948 -0.01494014 0.05695023
v 0.00266594 -0.01442778 0.05307131
v 0.00316691 -0.01443338 0.05328602
v 0.00365073 -0.01443879 0.05353700
v 0.00536376 -0.01445805 0.05487369
v 0.00661503 -0.01447228 0.05665011
v 0.00684205 -0.01447489 0.05714565
v 0.00737018 -0.01448116 0.05925340
v 0.00726377 -0.01448039 0.06142370
v 0.00625757 -0.01446971 0.06394062
v 0.00479249 -0.01445379 0.06562549
v 0.00431513 -0.01444856 0.06599812
v 0.00215184 -0.01442477 0.06706526
v 0.00156565 -0.01441830 0.06721727
v -0.00084358 -0.01439159 0.06733586
v -0.00144186 -0.01438494 0.06724215
v -0.00369948 -0.01435973 0.06639263
v -0.00421113 -0.01435399 0.06606869
v -0.00628520 -0.01433056 0.06389049
v -0.00732183 -0.01431852 0.06106700
v -0.00714996 -0.01431985 0.05806412
v -0.00696949 -0.01432174 0.05748603
v -0.00579795 -0.01433433 0.05537735
v -0.00540245 -0.01433863 0.05491875
v -0.00401081 -0.01435384 0.05375718
v -0.00348890 -0.01435957 0.05345004
v -0.00383435 -0.01454515 0.05403406
v -0.00333566 -0.01455062 0.05374059
v -0.00281465 -0.01455635 0.05348886
v -0.00364649 -0.01469879 0.05432795
v -0.00317245 -0.01470400 0.05404899
v -0.00267721 -0.01470945 0.05380971
v -0.00216406 -0.01471510 0.05361169
v -0.00344828 -0.01481548 0.05463726
v -0.00300019 -0.01482040 0.05437357
v -0.00253205 -0.01482555 0.05414739
v -0.00204699 -0.01483089 0.05396022
v -0.00154826 -0.01483640 0.05381331
v -0.00324153 -0.01489676 0.05495922
v -0.00282044 -0.01490138 0.05471142
v -0.00238051 -0.01490622 0.05449886
v -0.00192469 -0.01491124 0.05432297
v -0.00145601 -0.01491641 0.05418492
v -0.00097763 -0.01492170 0.05408564
v -0.00302908 -0.01494541 0.05528947
v -0.00263569 -0.01494973 0.05505796
v -0.00222470 -0.01495425 0.05485939
v -0.00179886 -0.01495895 0.05469507
v -0.00136101 -0.01496378 0.05456610
v -0.00091409 -0.01496872 0.05447334
v -0.00281519 -0.01496591 0.05562145
v -0.00244964 -0.01496993 0.05540635
v -0.00206775 -0.01497413 0.05522182
v -0.00167205 -0.01497849 0.05506914
v -0.00126520 -0.01498298 0.05494929
v -0.00084991 -0.01498757 0.05486310
v -0.00240646 -0.01494925 0.05625493
v -0.00209405 -0.01495268 0.05607108
v -0.00176766 -0.01495627 0.05591338
v -0.00142947 -0.01496000 0.05578288
v -0.00108175 -0.01496383 0.05568046
v -0.00072683 -0.01496776 0.05560679
v -0.00204790 -0.01489728 0.05681000
v -0.00178204 -0.01490020 0.05665354
v -0.00150429 -0.01490325 0.05651935
v -0.00121650 -0.01490643 0.05640829
v -0.00092060 -0.01490969 0.05632113
v -0.00061857 -0.01491303 0.05625845
v -0.00179777 -0.01437821 0.05279748
v -0.00115323 -0.01457469 0.05299948
v -0.00067048 -0.00718337 0.05595835
v -0.00030948 -0.00789810 0.05596892
v 0.00008149 -0.00719170 0.05588859
v 0.00045671 -0.00790660 0.05596885
v 0.00083348 -0.00720005 0.05595820
v 0.00120908 -0.00791498 0.05611378
v 0.00155986 -0.00720815 0.05616482
v 0.00192041 -0.00792292 0.05639850
v 0.00223592 -0.00721572 0.05650139
v 0.00256502 -0.00793015 0.05681270
v 0.00283862 -0.00722249 0.05695647
v 0.00311959 -0.00793641 0.05734142
v 0.00334745 -0.00722824 0.05751456
v 0.00356408 -0.00794146 0.05796554
v 0.00374507 -0.00723278 0.05815664
v 0.00388243 -0.00794512 0.05866251
v 0.00401794 -0.00723594 0.05886086
v 0.00406314 -0.00794727 0.05940713
v 0.00415678 -0.00723762 0.05960323
v 0.00409967 -0.00794783 0.06017250
v 0.00415685 -0.00723777 0.06035848
v 0.00399070 -0.00794676 0.06093095
v 0.00401815 -0.00723637 0.06110088
v 0.00374016 -0.00794412 0.06165508
v 0.00374540 -0.00723348 0.06180514
v 0.00335713 -0.00794000 0.06231870
v 0.00334790 -0.00722920 0.06244731
v 0.00285543 -0.00793455 0.06289783
v 0.00283918 -0.00722366 0.06300549
v 0.00225320 -0.00792796 0.06337155
v 0.00223656 -0.00721706 0.06346068
v 0.00157222 -0.00792047 0.06372273
v 0.00156057 -0.00720963 0.06379738
v 0.00083708 -0.00791236 0.06393867
v 0.00083422 -0.00720161 0.06400413
v 0.00007436 -0.00790391 0.06401158
v 0.00008225 -0.00719328 0.06407389
v -0.00066974 -0.00718493 0.06400427
v -0.00068837 -0.00789543 0.06393882
v -0.00139612 -0.00717683 0.06379766
v -0.00142355 -0.00788724 0.06372301
v -0.00207218 -0.00716927 0.06346109
v -0.00210461 -0.00787961 0.06337196
v -0.00267488 -0.00716249 0.06300601
v -0.00270692 -0.00787284 0.06289835
v -0.00318371 -0.00715674 0.06244793
v -0.00320872 -0.00786716 0.06231932
v -0.00358133 -0.00715220 0.06180584
v -0.00359188 -0.00786278 0.06165577
v -0.00385420 -0.00714904 0.06110162
v -0.00384255 -0.00785987 0.06093169
v -0.00399304 -0.00714736 0.06035925
v -0.00395166 -0.00785851 0.06017326
v -0.00399311 -0.00714721 0.05960400
v -0.00391527 -0.00785877 0.05940789
v -0.00385441 -0.00714861 0.05886160
v -0.00373470 -0.00786063 0.05866323
v -0.00358167 -0.00715150 0.05815734
v -0.00341648 -0.00786402 0.05796620
v -0.00318416 -0.00715578 0.05751518
v -0.00297210 -0.00786883 0.05734199
v -0.00267544 -0.00716132 0.05695700
v -0.00241763 -0.00787488 0.05681317
v -0.00207282 -0.00716792 0.05650180
v -0.00177310 -0.00788195 0.05639885
v -0.00139683 -0.00717535 0.05616510
v -0.00106182 -0.00788978 0.05611400
v 0.00003723 -0.01122286 0.06069115
v 0.00003647 -0.01128489 0.05998046
v -0.00009726 -0.01122136 0.06067831
v -0.00022690 -0.01121992 0.06064026
v -0.00034698 -0.01121857 0.06057836
v -0.00045319 -0.01121738 0.06049486
v -0.00054167 -0.01121638 0.06039276
v -0.00060923 -0.01121561 0.06027575
v -0.00065343 -0.01121509 0.06014808
v -0.00067267 -0.01121485 0.06001434
v -0.00066625 -0.01121490 0.05987939
v -0.00063441 -0.01121523 0.05974809
v -0.00057830 -0.01121582 0.05962518
v -0.00049995 -0.01121667 0.05951512
v -0.00040218 -0.01121774 0.05942187
v -0.00028853 -0.01121899 0.05934882
v -0.00016311 -0.01122037 0.05929859
v -0.00003045 -0.01122183 0.05927300
v 0.00010465 -0.01122333 0.05927299
v 0.00023731 -0.01122481 0.05929856
v 0.00036274 -0.01122621 0.05934875
v 0.00047640 -0.01122749 0.05942179
v 0.00057418 -0.01122859 0.05951502
v 0.00065256 -0.01122948 0.05962507
v 0.00070869 -0.01123013 0.05974796
v 0.00074056 -0.01123050 0.05987925
v 0.00074700 -0.01123060 0.06001421
v 0.00072778 -0.01123041 0.06014795
v 0.00068361 -0.01122995 0.06027563
v 0.00061607 -0.01122922 0.06039265
v 0.00052760 -0.01122826 0.06049476
v 0.00042142 -0.01122710 0.06057829
v 0.00030134 -0.01122578 0.06064022
v 0.00017171 -0.01122435 0.06067829
v 0.00006670 -0.00859292 0.06382680
v -0.00066109 -0.00858483 0.06375738
v -0.00136259 -0.00857701 0.06355146
v -0.00201245 -0.00856974 0.06321649
v -0.00258717 -0.00856327 0.06276459
v -0.00306598 -0.00855786 0.06221207
v -0.00343159 -0.00855368 0.06157892
v -0.00367077 -0.00855089 0.06088801
v -0.00377488 -0.00854960 0.06016432
v -0.00374016 -0.00854984 0.05943401
v -0.00356787 -0.00855162 0.05872346
v -0.00326422 -0.00855486 0.05805837
v -0.00284020 -0.00855945 0.05746276
v -0.00231113 -0.00856522 0.05695816
v -0.00169613 -0.00857196 0.05656282
v -0.00101743 -0.00857944 0.05629103
v -0.00029956 -0.00858738 0.05615258
v 0.00043154 -0.00859549 0.05615251
v 0.00114943 -0.00860348 0.05629082
v 0.00182818 -0.00861106 0.05656249
v 0.00244325 -0.00861796 0.05695771
v 0.00297242 -0.00862393 0.05746221
v 0.00339655 -0.00862875 0.05805774
v 0.00370032 -0.00863225 0.05872278
v 0.00387275 -0.00863430 0.05943329
v 0.00390760 -0.00863482 0.06016360
v 0.00380362 -0.00863381 0.06088731
v 0.00356457 -0.00863129 0.06157826
v 0.00319908 -0.00862736 0.06221148
v 0.00272037 -0.00862215 0.06276409
v 0.00214573 -0.00861587 0.06321610
v 0.00149594 -0.00860872 0.06355119
v 0.00079448 -0.00860098 0.06375724
v 0.00005950 -0.00923938 0.06352519
v -0.00061124 -0.00923193 0.06346120
v -0.00125774 -0.00922472 0.06327142
v -0.00185665 -0.00921801 0.06296272
v -0.00238632 -0.00921206 0.06254625
v -0.00282760 -0.00920706 0.06203704
v -0.00316454 -0.00920321 0.06145352
v -0.00338497 -0.00920065 0.06081678
v -0.00348092 -0.00919945 0.06014983
v -0.00344892 -0.00919968 0.05947677
v -0.00329014 -0.00920131 0.05882192
v -0.00301029 -0.00920430 0.05820896
v -0.00261951 -0.00920853 0.05766005
v -0.00213192 -0.00921385 0.05719501
v -0.00156513 -0.00922007 0.05683066
v -0.00093964 -0.00922696 0.05658017
v -0.00027805 -0.00923427 0.05645259
v 0.00039574 -0.00924175 0.05645252
v 0.00105735 -0.00924911 0.05657998
v 0.00168289 -0.00925610 0.05683035
v 0.00224974 -0.00926246 0.05719460
v 0.00273743 -0.00926796 0.05765954
v 0.00312831 -0.00927240 0.05820838
v 0.00340826 -0.00927562 0.05882129
v 0.00356717 -0.00927751 0.05947610
v 0.00359929 -0.00927800 0.06014916
v 0.00350347 -0.00927706 0.06081613
v 0.00328315 -0.00927474 0.06145292
v 0.00294632 -0.00927112 0.06203650
v 0.00250513 -0.00926632 0.06254578
v 0.00197554 -0.00926052 0.06296235
v 0.00137669 -0.00925394 0.06327117
v 0.00073022 -0.00924681 0.06346107
v 0.00005298 -0.00982364 0.06311589
v -0.00054032 -0.00981705 0.06305929
v -0.00111219 -0.00981067 0.06289142
v -0.00164196 -0.00980475 0.06261835
v -0.00211047 -0.00979948 0.06224996
v -0.00250081 -0.00979506 0.06179954
v -0.00279885 -0.00979166 0.06128339
v -0.00299383 -0.00978938 0.06072016
v -0.00307871 -0.00978833 0.06013021
v -0.00305040 -0.00978853 0.05953486
v -0.00290995 -0.00978997 0.05895561
v -0.00266241 -0.00979262 0.05841342
v -0.00231675 -0.00979636 0.05792787
v -0.00188544 -0.00980106 0.05751652
v -0.00138409 -0.00980656 0.05719423
v -0.00083081 -0.00981266 0.05697266
v -0.00024560 -0.00981913 0.05685981
v 0.00035040 -0.00982574 0.05685975
v 0.00093563 -0.00983225 0.05697250
v 0.00148895 -0.00983843 0.05719396
v 0.00199036 -0.00984406 0.05751616
v 0.00242174 -0.00984892 0.05792743
v 0.00276750 -0.00985285 0.05841290
v 0.00301513 -0.00985570 0.05895505
v 0.00315570 -0.00985738 0.05953427
v 0.00318411 -0.00985780 0.06012962
v 0.00309935 -0.00985698 0.06071959
v 0.00290447 -0.00985492 0.06128286
v 0.00260652 -0.00985172 0.06179906
v 0.00221627 -0.00984748 0.06224955
v 0.00174782 -0.00984235 0.06261803
v 0.00121810 -0.00983653 0.06289120
v 0.00064627 -0.00983022 0.06305917
v 0.00004734 -0.01032796 0.06261134
v -0.00045050 -0.01032243 0.06256385
v -0.00093036 -0.01031708 0.06242299
v -0.00137488 -0.01031210 0.06219386
v -0.00176802 -0.01030768 0.06188474
v -0.00209555 -0.01030398 0.06150680
v -0.00234563 -0.01030112 0.06107370
v -0.00250924 -0.01029921 0.06060110
v -0.00258046 -0.01029833 0.06010606
v -0.00255671 -0.01029849 0.05960649
v -0.00243885 -0.01029971 0.05912045
v -0.00223115 -0.01030192 0.05866550
v -0.00194110 -0.01030506 0.05825808
v -0.00157919 -0.01030901 0.05791292
v -0.00115851 -0.01031363 0.05764249
v -0.00069425 -0.01031874 0.05745656
v -0.00020320 -0.01032417 0.05736187
v 0.00029690 -0.01032972 0.05736183
v 0.00078797 -0.01033518 0.05745642
v 0.00125226 -0.01034037 0.05764226
v 0.00167300 -0.01034509 0.05791261
v 0.00203497 -0.01034917 0.05825770
v 0.00232509 -0.01035247 0.05866507
v 0.00253288 -0.01035486 0.05911998
v 0.00265083 -0.01035626 0.05960600
v 0.00267467 -0.01035662 0.06010556
v 0.00260354 -0.01035593 0.06060061
v 0.00244002 -0.01035421 0.06107324
v 0.00219001 -0.01035152 0.06150640
v 0.00186255 -0.01034796 0.06188440
v 0.00146948 -0.01034366 0.06219359
v 0.00102499 -0.01033877 0.06242280
v 0.00054516 -0.01033347 0.06256375
v 0.00004274 -0.01073701 0.06202688
v -0.00034451 -0.01073271 0.06198994
v -0.00071777 -0.01072854 0.06188037
v -0.00106355 -0.01072467 0.06170214
v -0.00136935 -0.01072123 0.06146169
v -0.00162412 -0.01071835 0.06116771
v -0.00181866 -0.01071613 0.06083081
v -0.00194592 -0.01071465 0.06046318
v -0.00200132 -0.01071396 0.06007812
v -0.00198285 -0.01071409 0.05968953
v -0.00189117 -0.01071503 0.05931145
v -0.00172960 -0.01071676 0.05895756
v -0.00150398 -0.01071920 0.05864065
v -0.00122247 -0.01072227 0.05837216
v -0.00089524 -0.01072586 0.05816180
v -0.00053411 -0.01072984 0.05801718
v -0.00015214 -0.01073406 0.05794352
v 0.00023687 -0.01073838 0.05794349
v 0.00061885 -0.01074263 0.05801707
v 0.00098001 -0.01074666 0.05816162
v 0.00130728 -0.01075033 0.05837192
v 0.00158884 -0.01075351 0.05864036
v 0.00181452 -0.01075607 0.05895723
v 0.00197615 -0.01075793 0.05931109
v 0.00206790 -0.01075902 0.05968915
v 0.00208644 -0.01075931 0.06007773
v 0.00203112 -0.01075877 0.06046281
v 0.00190392 -0.01075742 0.06083046
v 0.00170945 -0.01075533 0.06116739
v 0.00145473 -0.01075256 0.06146142
v 0.00114897 -0.01074922 0.06170193
v 0.00080322 -0.01074542 0.06188023
v 0.00042998 -0.01074130 0.06198987
v 0.00003934 -0.01103836 0.06138027
v -0.00022556 -0.01103542 0.06135500
v -0.00048088 -0.01103257 0.06128005
v -0.00071741 -0.01102992 0.06115813
v -0.00092659 -0.01102757 0.06099365
v -0.00110086 -0.01102560 0.06079255
v -0.00123393 -0.01102408 0.06056211
v -0.00132099 -0.01102306 0.06031064
v -0.00135888 -0.01102259 0.06004724
v -0.00134625 -0.01102268 0.05978142
v -0.00128354 -0.01102333 0.05952281
v -0.00117302 -0.01102451 0.05928073
v -0.00101869 -0.01102618 0.05906394
v -0.00082612 -0.01102828 0.05888028
v -0.00060228 -0.01103073 0.05873640
v -0.00035525 -0.01103345 0.05863747
v -0.00009397 -0.01103634 0.05858708
v 0.00017213 -0.01103929 0.05858706
v 0.00043342 -0.01104220 0.05863739
v 0.00068047 -0.01104496 0.05873628
v 0.00090433 -0.01104747 0.05888012
v 0.00109693 -0.01104965 0.05906374
v 0.00125131 -0.01105140 0.05928050
v 0.00136187 -0.01105267 0.05952256
v 0.00142463 -0.01105342 0.05978116
v 0.00143731 -0.01105361 0.06004697
v 0.00139947 -0.01105324 0.06031038
v 0.00131246 -0.01105233 0.06056187
v 0.00117943 -0.01105089 0.06079233
v 0.00100519 -0.01104900 0.06099347
v 0.00079604 -0.01104671 0.06115799
v 0.00055954 -0.01104411 0.06127995
v 0.00030423 -0.01104129 0.06135495
v 0.00099716 -0.00720150 0.05405147
v 0.00008132 -0.00719133 0.05398124
v -0.00083452 -0.00718118 0.05405164
v 0.00189155 -0.00721147 0.05426069
v 0.00274353 -0.00722098 0.05460399
v 0.00353312 -0.00722983 0.05507334
v 0.00424181 -0.00723781 0.05565772
v 0.00485300 -0.00724472 0.05634344
v 0.00535235 -0.00725041 0.05711442
v 0.00572818 -0.00725474 0.05795261
v 0.00597165 -0.00725761 0.05883834
v 0.00607708 -0.00725895 0.05975086
v 0.00604198 -0.00725874 0.06066878
v 0.00586718 -0.00725698 0.06157058
v 0.00555678 -0.00725370 0.06243514
v 0.00511805 -0.00724899 0.06324217
v 0.00456128 -0.00724295 0.06397278
v 0.00389952 -0.00723573 0.06460982
v 0.00314827 -0.00722750 0.06513837
v 0.00232515 -0.00721845 0.06554604
v 0.00144945 -0.00720879 0.06582328
v 0.00054169 -0.00719874 0.06596360
v -0.00037685 -0.00718855 0.06596368
v -0.00128463 -0.00717846 0.06582354
v -0.00216038 -0.00716869 0.06554647
v -0.00298358 -0.00715948 0.06513894
v -0.00373492 -0.00715104 0.06461054
v -0.00439681 -0.00714358 0.06397362
v -0.00495371 -0.00713726 0.06324312
v -0.00539259 -0.00713223 0.06243617
v -0.00570315 -0.00712862 0.06157167
v -0.00587811 -0.00712651 0.06066991
v -0.00591338 -0.00712594 0.05975199
v -0.00580812 -0.00712693 0.05883945
v -0.00556481 -0.00712946 0.05795367
v -0.00518914 -0.00713347 0.05711542
v -0.00468993 -0.00713886 0.05634434
v -0.00407887 -0.00714550 0.05565850
v -0.00337028 -0.00715325 0.05507399
v -0.00258078 -0.00716192 0.05460450
v -0.00172887 -0.00717130 0.05426103
v 0.00099494 -0.00740149 0.05405143
v 0.00007910 -0.00739132 0.05398120
v -0.00083674 -0.00738117 0.05405160
v -0.00173109 -0.00737129 0.05426099
v 0.00188934 -0.00741145 0.05426065
v 0.00274131 -0.00742097 0.05460396
v 0.00353090 -0.00742982 0.05507330
v 0.00423959 -0.00743780 0.05565768
v 0.00485078 -0.00744471 0.05634340
v 0.00535014 -0.00745040 0.05711439
v 0.00572596 -0.00745473 0.05795257
v 0.00596943 -0.00745760 0.05883830
v 0.00607486 -0.00745894 0.05975083
v 0.00603976 -0.00745873 0.06066874
v 0.00586496 -0.00745696 0.06157054
v 0.00555456 -0.00745369 0.06243510
v 0.00511583 -0.00744898 0.06324213
v 0.00455906 -0.00744294 0.06397274
v 0.00389730 -0.00743572 0.06460978
v 0.00314605 -0.00742749 0.06513833
v 0.00232293 -0.00741844 0.06554601
v 0.00144723 -0.00740878 0.06582324
v 0.00053947 -0.00739873 0.06596355
v -0.00037906 -0.00738854 0.06596364
v -0.00128685 -0.00737845 0.06582350
v -0.00216260 -0.00736868 0.06554643
v -0.00298580 -0.00735947 0.06513891
v -0.00373714 -0.00735103 0.06461050
v -0.00439902 -0.00734356 0.06397358
v -0.00495593 -0.00733725 0.06324308
v -0.00539481 -0.00733222 0.06243613
v -0.00570537 -0.00732861 0.06157164
v -0.00588033 -0.00732650 0.06066987
v -0.00591560 -0.00732593 0.05975195
v -0.00581034 -0.00732692 0.05883941
v -0.00556703 -0.00732945 0.05795364
v -0.00519136 -0.00733345 0.05711538
v -0.00469215 -0.00733884 0.05634430
v -0.00408109 -0.00734549 0.05565847
v -0.00337250 -0.00735324 0.05507395
v -0.00258300 -0.00736191 0.05460446
v 0.00007926 -0.00739165 0.05569322
v 0.00086713 -0.00740040 0.05576615
v 0.00162819 -0.00740889 0.05598263
v 0.00233651 -0.00741681 0.05633527
v 0.00296798 -0.00742391 0.05681207
v 0.00350109 -0.00742994 0.05739679
v 0.00391769 -0.00743469 0.05806952
v 0.00420359 -0.00743800 0.05880735
v 0.00434905 -0.00743977 0.05958515
v 0.00434912 -0.00743992 0.06037644
v 0.00420380 -0.00743846 0.06115427
v 0.00391804 -0.00743543 0.06189216
v 0.00350157 -0.00743094 0.06256497
v 0.00296857 -0.00742514 0.06314979
v 0.00233718 -0.00741823 0.06362671
v 0.00162893 -0.00741044 0.06397949
v 0.00086791 -0.00740204 0.06419611
v 0.00008005 -0.00739331 0.06426919
v -0.00070783 -0.00738456 0.06419626
v -0.00146889 -0.00737607 0.06397978
v -0.00217721 -0.00736815 0.06362714
v -0.00280868 -0.00736105 0.06315034
v -0.00334179 -0.00735502 0.06256562
v -0.00375839 -0.00735027 0.06189289
v -0.00404429 -0.00734696 0.06115505
v -0.00418975 -0.00734519 0.06037725
v -0.00418982 -0.00734504 0.05958596
v -0.00404450 -0.00734650 0.05880813
v -0.00375874 -0.00734953 0.05807024
v -0.00334227 -0.00735402 0.05739743
v -0.00280926 -0.00735982 0.05681261
v -0.00217788 -0.00736673 0.05633570
v -0.00146962 -0.00737452 0.05598292
v -0.00070861 -0.00738292 0.05576630
v 0.00084169 -0.00812004 0.05585945
v 0.00007128 -0.00811148 0.05578813
v -0.00069912 -0.00810295 0.05585959
v -0.00144326 -0.00809474 0.05607141
v -0.00213582 -0.00808712 0.05641637
v -0.00275321 -0.00808036 0.05688271
v -0.00327440 -0.00807469 0.05745457
v -0.00368164 -0.00807030 0.05811246
v -0.00396107 -0.00806734 0.05883399
v -0.00410316 -0.00806591 0.05959459
v -0.00410309 -0.00806606 0.06036834
v -0.00396085 -0.00806778 0.06112890
v -0.00368129 -0.00807102 0.06185037
v -0.00327393 -0.00807567 0.06250819
v -0.00275264 -0.00808156 0.06307995
v -0.00213517 -0.00808850 0.06354618
v -0.00144254 -0.00809625 0.06389100
v -0.00069836 -0.00810455 0.06410268
v 0.00007205 -0.00811311 0.06417400
v 0.00084245 -0.00812164 0.06410254
v 0.00158660 -0.00812985 0.06389071
v 0.00227916 -0.00813747 0.06354576
v 0.00289654 -0.00814423 0.06307942
v 0.00341773 -0.00814990 0.06250755
v 0.00382497 -0.00815429 0.06184966
v 0.00410440 -0.00815725 0.06112814
v 0.00424649 -0.00815868 0.06036755
v 0.00424642 -0.00815853 0.05959380
v 0.00410419 -0.00815681 0.05883323
v 0.00382463 -0.00815357 0.05811176
v 0.00341726 -0.00814892 0.05745394
v 0.00289597 -0.00814303 0.05688218
v 0.00227850 -0.00813609 0.05641595
v 0.00158588 -0.00812834 0.05607112
v 0.00003500 -0.01142361 0.06070394
v 0.00003425 -0.01148488 0.05998041
v 0.00016794 -0.01142508 0.06069160
v 0.00029634 -0.01142650 0.06065505
v 0.00041585 -0.01142782 0.06059553
v 0.00052238 -0.01142898 0.06051506
v 0.00061231 -0.01142996 0.06041639
v 0.00068258 -0.01143072 0.06030286
v 0.00073080 -0.01143123 0.06017836
v 0.00075532 -0.01143148 0.06004712
v 0.00075531 -0.01143145 0.05991360
v 0.00073076 -0.01143115 0.05978236
v 0.00068252 -0.01143059 0.05965787
v 0.00061223 -0.01142979 0.05954436
v 0.00052228 -0.01142878 0.05944571
v 0.00041573 -0.01142758 0.05936526
v 0.00029622 -0.01142624 0.05930575
v 0.00016780 -0.01142481 0.05926922
v 0.00003487 -0.01142333 0.05925692
v -0.00009807 -0.01142186 0.05926925
v -0.00022647 -0.01142044 0.05930580
v -0.00034598 -0.01141913 0.05936533
v -0.00045251 -0.01141796 0.05944580
v -0.00054244 -0.01141698 0.05954447
v -0.00061271 -0.01141623 0.05965799
v -0.00066093 -0.01141571 0.05978249
v -0.00068545 -0.01141547 0.05991374
v -0.00068544 -0.01141549 0.06004725
v -0.00066089 -0.01141579 0.06017849
v -0.00061266 -0.01141635 0.06030298
v -0.00054236 -0.01141715 0.06041649
v -0.00045241 -0.01141817 0.06051516
v -0.00034586 -0.01141937 0.06059561
v -0.00022635 -0.01142070 0.06065510
v -0.00009794 -0.01142213 0.06069163
v 0.00006434 -0.00880657 0.06395885
v 0.00079523 -0.00881466 0.06389105
v 0.00150121 -0.00882245 0.06369010
v 0.00215826 -0.00882968 0.06336281
v 0.00274398 -0.00883609 0.06292039
v 0.00323844 -0.00884147 0.06237786
v 0.00362480 -0.00884564 0.06175370
v 0.00388990 -0.00884845 0.06106918
v 0.00402471 -0.00884981 0.06034759
v 0.00402464 -0.00884966 0.05961352
v 0.00388970 -0.00884803 0.05889196
v 0.00362447 -0.00884495 0.05820748
v 0.00323800 -0.00884055 0.05758341
v 0.00274344 -0.00883495 0.05704097
v 0.00215763 -0.00882837 0.05659864
v 0.00150053 -0.00882102 0.05627150
v 0.00079451 -0.00881315 0.05607068
v 0.00006361 -0.00880503 0.05600302
v -0.00066728 -0.00879693 0.05607082
v -0.00137327 -0.00878914 0.05627178
v -0.00203031 -0.00878191 0.05659904
v -0.00261604 -0.00877550 0.05704147
v -0.00311050 -0.00877012 0.05758401
v -0.00349685 -0.00876595 0.05820816
v -0.00376195 -0.00876314 0.05889269
v -0.00389676 -0.00876179 0.05961427
v -0.00389669 -0.00876193 0.06034834
v -0.00376175 -0.00876357 0.06106990
v -0.00349653 -0.00876664 0.06175438
v -0.00311005 -0.00877105 0.06237846
v -0.00261549 -0.00877664 0.06292090
v -0.00202969 -0.00878322 0.06336321
v -0.00137258 -0.00879057 0.06369036
v -0.00066656 -0.00879844 0.06389118
v 0.00005713 -0.00945384 0.06362987
v 0.00072760 -0.00946127 0.06356768
v 0.00137522 -0.00946842 0.06338333
v 0.00197795 -0.00947505 0.06308313
v 0.00251525 -0.00948093 0.06267726
v 0.00296884 -0.00948587 0.06217959
v 0.00332325 -0.00948969 0.06160703
v 0.00356644 -0.00949226 0.06097909
v 0.00369010 -0.00949351 0.06031715
v 0.00369004 -0.00949338 0.05964377
v 0.00356625 -0.00949188 0.05898186
v 0.00332295 -0.00948906 0.05835396
v 0.00296843 -0.00948501 0.05778147
v 0.00251475 -0.00947988 0.05728388
v 0.00197738 -0.00947385 0.05687812
v 0.00137459 -0.00946710 0.05657803
v 0.00072693 -0.00945988 0.05639381
v 0.00005646 -0.00945243 0.05633174
v -0.00061401 -0.00944501 0.05639393
v -0.00126164 -0.00943786 0.05657827
v -0.00186437 -0.00943123 0.05687848
v -0.00240167 -0.00942534 0.05728434
v -0.00285525 -0.00942041 0.05778202
v -0.00320967 -0.00941659 0.05835458
v -0.00345286 -0.00941401 0.05898253
v -0.00357652 -0.00941277 0.05964445
v -0.00357646 -0.00941290 0.06031784
v -0.00345267 -0.00941440 0.06097975
v -0.00320937 -0.00941722 0.06160765
v -0.00285485 -0.00942126 0.06218014
v -0.00240117 -0.00942639 0.06267773
v -0.00186379 -0.00943243 0.06308348
v -0.00126101 -0.00943917 0.06338359
v -0.00061335 -0.00944639 0.06356781
v 0.00005062 -0.01003641 0.06319651
v 0.00064149 -0.01004296 0.06314170
v 0.00121222 -0.01004926 0.06297924
v 0.00174339 -0.01005510 0.06271468
v 0.00221690 -0.01006028 0.06235700
v 0.00261663 -0.01006463 0.06191842
v 0.00292897 -0.01006800 0.06141384
v 0.00314328 -0.01007027 0.06086045
v 0.00325226 -0.01007137 0.06027711
v 0.00325221 -0.01007126 0.05968368
v 0.00314312 -0.01006993 0.05910035
v 0.00292870 -0.01006745 0.05854701
v 0.00261627 -0.01006388 0.05804249
v 0.00221646 -0.01005936 0.05760397
v 0.00174288 -0.01005404 0.05724639
v 0.00121167 -0.01004810 0.05698192
v 0.00064091 -0.01004174 0.05681957
v 0.00005003 -0.01003517 0.05676487
v -0.00054083 -0.01002863 0.05681968
v -0.00111157 -0.01002233 0.05698214
v -0.00164273 -0.01001648 0.05724671
v -0.00211624 -0.01001130 0.05760438
v -0.00251597 -0.01000695 0.05804297
v -0.00282831 -0.01000358 0.05854755
v -0.00304262 -0.01000131 0.05910093
v -0.00315161 -0.01000021 0.05968428
v -0.00315155 -0.01000033 0.06027772
v -0.00304246 -0.01000165 0.06086103
v -0.00282805 -0.01000414 0.06141438
v -0.00251562 -0.01000770 0.06191890
v -0.00211580 -0.01001222 0.06235741
v -0.00164223 -0.01001754 0.06271499
v -0.00111101 -0.01002349 0.06297947
v -0.00054025 -0.01002985 0.06314181
v 0.00004502 -0.01053762 0.06267115
v 0.00053937 -0.01054309 0.06262530
v 0.00101688 -0.01054836 0.06248938
v 0.00146129 -0.01055325 0.06226802
v 0.00185746 -0.01055759 0.06196877
v 0.00219190 -0.01056123 0.06160182
v 0.00245322 -0.01056405 0.06117966
v 0.00263252 -0.01056595 0.06071666
v 0.00272371 -0.01056686 0.06022859
v 0.00272366 -0.01056677 0.05973209
v 0.00263239 -0.01056566 0.05924405
v 0.00245300 -0.01056358 0.05878108
v 0.00219160 -0.01056060 0.05835897
v 0.00185709 -0.01055682 0.05799207
v 0.00146087 -0.01055237 0.05769290
v 0.00101642 -0.01054739 0.05747163
v 0.00053888 -0.01054207 0.05733581
v 0.00004452 -0.01053658 0.05729004
v -0.00044984 -0.01053110 0.05733590
v -0.00092735 -0.01052583 0.05747182
v -0.00137175 -0.01052094 0.05769317
v -0.00176792 -0.01051661 0.05799242
v -0.00210236 -0.01051297 0.05835938
v -0.00236369 -0.01051015 0.05878153
v -0.00254299 -0.01050825 0.05924454
v -0.00263417 -0.01050733 0.05973260
v -0.00263413 -0.01050743 0.06022910
v -0.00254285 -0.01050853 0.06071715
v -0.00236346 -0.01051061 0.06118011
v -0.00210206 -0.01051359 0.06160222
v -0.00176756 -0.01051738 0.06196912
v -0.00137133 -0.01052183 0.06226829
v -0.00092688 -0.01052680 0.06248956
v -0.00044935 -0.01053212 0.06262539
v 0.00004046 -0.01094310 0.06206883
v 0.00042416 -0.01094735 0.06203324
v 0.00079479 -0.01095145 0.06192774
v 0.00113972 -0.01095524 0.06175593
v 0.00144721 -0.01095861 0.06152367
v 0.00170679 -0.01096143 0.06123885
v 0.00190962 -0.01096362 0.06091118
v 0.00204879 -0.01096509 0.06055182
v 0.00211956 -0.01096580 0.06017301
v 0.00211953 -0.01096573 0.05978763
v 0.00204868 -0.01096487 0.05940883
v 0.00190945 -0.01096326 0.05904950
v 0.00170656 -0.01096094 0.05872187
v 0.00144693 -0.01095801 0.05843711
v 0.00113939 -0.01095455 0.05820489
v 0.00079443 -0.01095069 0.05803315
v 0.00042378 -0.01094656 0.05792772
v 0.00004007 -0.01094230 0.05789221
v -0.00034363 -0.01093805 0.05792780
v -0.00071425 -0.01093396 0.05803329
v -0.00105918 -0.01093016 0.05820510
v -0.00136668 -0.01092680 0.05843737
v -0.00162626 -0.01092397 0.05872218
v -0.00182909 -0.01092178 0.05904986
v -0.00196826 -0.01092031 0.05940921
v -0.00203903 -0.01091960 0.05978803
v -0.00203899 -0.01091967 0.06017340
v -0.00196815 -0.01092053 0.06055220
v -0.00182891 -0.01092214 0.06091154
v -0.00162602 -0.01092446 0.06123916
v -0.00136639 -0.01092739 0.06152393
v -0.00105886 -0.01093085 0.06175614
v -0.00071389 -0.01093471 0.06192788
v -0.00034325 -0.01093884 0.06203331
v 0.00003709 -0.01124128 0.06140678
v 0.00029916 -0.01124419 0.06138247
v 0.00055229 -0.01124698 0.06131041
v 0.00078788 -0.01124957 0.06119307
v 0.00099790 -0.01125187 0.06103443
v 0.00117519 -0.01125380 0.06083990
v 0.00131372 -0.01125529 0.06061611
v 0.00140878 -0.01125630 0.06037066
v 0.00145711 -0.01125679 0.06011194
v 0.00145709 -0.01125673 0.05984873
v 0.00140871 -0.01125615 0.05959000
v 0.00131361 -0.01125505 0.05934457
v 0.00117503 -0.01125347 0.05912080
v 0.00099770 -0.01125146 0.05892631
v 0.00078766 -0.01124910 0.05876771
v 0.00055205 -0.01124647 0.05865041
v 0.00029890 -0.01124364 0.05857841
v 0.00003683 -0.01124073 0.05855415
v -0.00022524 -0.01123783 0.05857845
v -0.00047838 -0.01123503 0.05865051
v -0.00071397 -0.01123244 0.05876786
v -0.00092398 -0.01123014 0.05892649
v -0.00110128 -0.01122821 0.05912102
v -0.00123981 -0.01122672 0.05934482
v -0.00133486 -0.01122571 0.05959027
v -0.00138320 -0.01122523 0.05984900
v -0.00138317 -0.01122528 0.06011220
v -0.00133479 -0.01122586 0.06037092
v -0.00123969 -0.01122697 0.06061635
v -0.00110112 -0.01122855 0.06084012
v -0.00092379 -0.01123055 0.06103461
v -0.00071374 -0.01123291 0.06119321
v -0.00047813 -0.01123555 0.06131051
v -0.00022498 -0.01123837 0.06138251
v -0.00018034 -0.00680063 0.05898694
v -0.00017422 -0.00706717 0.05902077
v 0.00008609 -0.00680357 0.05895184
v 0.00008313 -0.00707001 0.05898686
v 0.00035252 -0.00680654 0.05898689
v 0.00034049 -0.00707288 0.05902072
v 0.00060081 -0.00680931 0.05908971
v 0.00058032 -0.00707556 0.05912004
v 0.00081402 -0.00681171 0.05925330
v 0.00078627 -0.00707787 0.05927805
v 0.00097764 -0.00681356 0.05946649
v 0.00094431 -0.00707966 0.05948398
v 0.00108050 -0.00681475 0.05971477
v 0.00104366 -0.00708081 0.05972380
v 0.00111560 -0.00681519 0.05998122
v 0.00107757 -0.00708124 0.05998117
v 0.00108055 -0.00681486 0.06024767
v 0.00104371 -0.00708091 0.06023854
v 0.00097773 -0.00681376 0.06049597
v 0.00094440 -0.00707986 0.06047838
v 0.00081416 -0.00681199 0.06070920
v 0.00078640 -0.00707814 0.06068434
v 0.00060097 -0.00680966 0.06087282
v 0.00058048 -0.00707589 0.06084239
v 0.00035271 -0.00680692 0.06097569
v 0.00034067 -0.00707325 0.06094176
v 0.00008628 -0.00680397 0.06101080
v 0.00008332 -0.00707040 0.06097566
v -0.00018016 -0.00680101 0.06097574
v -0.00017404 -0.00706754 0.06094181
v -0.00042845 -0.00679824 0.06087292
v -0.00041387 -0.00706486 0.06084249
v -0.00064166 -0.00679584 0.06070933
v -0.00061981 -0.00706254 0.06068448
v -0.00080527 -0.00679398 0.06049614
v -0.00077785 -0.00706075 0.06047855
v -0.00090814 -0.00679280 0.06024786
v -0.00087721 -0.00705960 0.06023873
v -0.00094324 -0.00679235 0.05998141
v -0.00091112 -0.00705918 0.05998136
v -0.00090818 -0.00679269 0.05971496
v -0.00087726 -0.00705950 0.05972398
v -0.00080537 -0.00679378 0.05946666
v -0.00077794 -0.00706056 0.05948415
v -0.00064179 -0.00679556 0.05925343
v -0.00061994 -0.00706227 0.05927818
v -0.00042861 -0.00679789 0.05908981
v -0.00041402 -0.00706453 0.05912014
v 0.00007518 -0.00779817 0.06024757
v 0.00007476 -0.00783319 0.05998112
v 0.00000622 -0.00779740 0.06023850
v -0.00005804 -0.00779668 0.06021189
v -0.00011323 -0.00779606 0.06016955
v -0.00015557 -0.00779558 0.06011437
v -0.00018220 -0.00779527 0.06005011
v -0.00019128 -0.00779516 0.05998115
v -0.00018221 -0.00779525 0.05991219
v -0.00015560 -0.00779553 0.05984792
v -0.00011326 -0.00779599 0.05979273
v -0.00005809 -0.00779659 0.05975039
v 0.00000617 -0.00779730 0.05972376
v 0.00007513 -0.00779806 0.05971467
v 0.00014409 -0.00779883 0.05972375
v 0.00020835 -0.00779955 0.05975036
v 0.00026353 -0.00780017 0.05979270
v 0.00030588 -0.00780065 0.05984788
v 0.00033250 -0.00780096 0.05991214
v 0.00034158 -0.00780107 0.05998110
v 0.00033251 -0.00780098 0.06005006
v 0.00030590 -0.00780070 0.06011433
v 0.00026357 -0.00780024 0.06016951
v 0.00020839 -0.00779964 0.06021186
v 0.00014413 -0.00779893 0.06023849
v 0.00008055 -0.00731866 0.06087277
v -0.00015019 -0.00731609 0.06084241
v -0.00036521 -0.00731369 0.06075337
v -0.00054986 -0.00731161 0.06061170
v -0.00069155 -0.00731000 0.06042707
v -0.00078063 -0.00730897 0.06021205
v -0.00081103 -0.00730859 0.05998130
v -0.00078067 -0.00730889 0.05975055
v -0.00069163 -0.00730983 0.05953551
v -0.00054997 -0.00731137 0.05935085
v -0.00036535 -0.00731339 0.05920915
v -0.00015035 -0.00731576 0.05912006
v 0.00008039 -0.00731831 0.05908966
v 0.00031113 -0.00732088 0.05912002
v 0.00052615 -0.00732328 0.05920906
v 0.00071080 -0.00732535 0.05935073
v 0.00085249 -0.00732696 0.05953537
v 0.00094158 -0.00732799 0.05975039
v 0.00097197 -0.00732837 0.05998113
v 0.00094162 -0.00732808 0.06021189
v 0.00085258 -0.00732713 0.06042692
v 0.00071092 -0.00732560 0.06061158
v 0.00052629 -0.00732358 0.06075328
v 0.00031129 -0.00732121 0.06084237
v 0.00007817 -0.00753182 0.06070913
v -0.00011022 -0.00752973 0.06068434
v -0.00028579 -0.00752776 0.06061164
v -0.00043655 -0.00752607 0.06049596
v -0.00055225 -0.00752476 0.06034521
v -0.00062498 -0.00752392 0.06016965
v -0.00064980 -0.00752361 0.05998125
v -0.00062502 -0.00752384 0.05979283
v -0.00055231 -0.00752462 0.05961726
v -0.00043665 -0.00752587 0.05946648
v -0.00028591 -0.00752752 0.05935078
v -0.00011035 -0.00752945 0.05927804
v 0.00007804 -0.00753154 0.05925322
v 0.00026644 -0.00753363 0.05927801
v 0.00044200 -0.00753560 0.05935071
v 0.00059277 -0.00753729 0.05946638
v 0.00070846 -0.00753860 0.05961714
v 0.00078120 -0.00753944 0.05979270
v 0.00080602 -0.00753976 0.05998111
v 0.00078123 -0.00753952 0.06016952
v 0.00070853 -0.00753874 0.06034509
v 0.00059286 -0.00753749 0.06049586
v 0.00044212 -0.00753584 0.06061156
v 0.00026657 -0.00753391 0.06068430
v 0.00007634 -0.00769538 0.06049588
v -0.00005688 -0.00769389 0.06047836
v -0.00018102 -0.00769251 0.06042694
v -0.00028763 -0.00769131 0.06034515
v -0.00036944 -0.00769038 0.06023856
v -0.00042087 -0.00768979 0.06011442
v -0.00043842 -0.00768957 0.05998119
v -0.00042089 -0.00768973 0.05984797
v -0.00036948 -0.00769028 0.05972381
v -0.00028770 -0.00769117 0.05961720
v -0.00018110 -0.00769233 0.05953539
v -0.00005697 -0.00769370 0.05948396
v 0.00007624 -0.00769518 0.05946640
v 0.00020946 -0.00769666 0.05948393
v 0.00033361 -0.00769804 0.05953534
v 0.00044021 -0.00769924 0.05961714
v 0.00052202 -0.00770017 0.05972373
v 0.00057345 -0.00770077 0.05984787
v 0.00059100 -0.00770099 0.05998110
v 0.00057348 -0.00770082 0.06011432
v 0.00052207 -0.00770027 0.06023847
v 0.00044028 -0.00769938 0.06034509
v 0.00033369 -0.00769822 0.06042689
v 0.00020955 -0.00769685 0.06047833
v 0.00100147 -0.00681279 0.05405154
v 0.00008563 -0.00680261 0.05398132
v -0.00083020 -0.00679247 0.05405171
v 0.00274784 -0.00683227 0.05460407
v 0.00189587 -0.00682275 0.05426076
v 0.00353743 -0.00684112 0.05507341
v 0.00424612 -0.00684909 0.05565780
v 0.00485731 -0.00685600 0.05634351
v 0.00535667 -0.00686169 0.05711450
v 0.00573249 -0.00686602 0.05795268
v 0.00597596 -0.00686889 0.05883841
v 0.00608139 -0.00687024 0.05975094
v 0.00604629 -0.00687002 0.06066886
v 0.00587149 -0.00686826 0.06157066
v 0.00556109 -0.00686498 0.06243521
v 0.00512236 -0.00686027 0.06324225
v 0.00456559 -0.00685423 0.06397285
v 0.00390383 -0.00684702 0.06460989
v 0.00315258 -0.00683878 0.06513844
v 0.00232946 -0.00682973 0.06554612
v 0.00145376 -0.00682007 0.06582335
v 0.00054600 -0.00681003 0.06596367
v -0.00037253 -0.00679984 0.06596375
v -0.00128032 -0.00678974 0.06582361
v -0.00215607 -0.00677997 0.06554654
v -0.00297927 -0.00677076 0.06513902
v -0.00373061 -0.00676232 0.06461062
v -0.00439249 -0.00675486 0.06397370
v -0.00494940 -0.00674854 0.06324320
v -0.00538828 -0.00674352 0.06243625
v -0.00569884 -0.00673991 0.06157175
v -0.00587380 -0.00673779 0.06066998
v -0.00590907 -0.00673722 0.05975207
v -0.00580381 -0.00673821 0.05883952
v -0.00556050 -0.00674074 0.05795375
v -0.00518483 -0.00674475 0.05711550
v -0.00468562 -0.00675014 0.05634441
v -0.00407456 -0.00675679 0.05565858
v -0.00336597 -0.00676453 0.05507406
v -0.00257647 -0.00677320 0.05460457
v -0.00172456 -0.00678259 0.05426110
v 0.00099926 -0.00701277 0.05405150
v 0.00008341 -0.00700260 0.05398128
v -0.00083242 -0.00699245 0.05405167
v -0.00172678 -0.00698257 0.05426107
v 0.00189365 -0.00702273 0.05426072
v 0.00274562 -0.00703225 0.05460403
v 0.00353521 -0.00704110 0.05507337
v 0.00424390 -0.00704907 0.05565776
v 0.00485509 -0.00705599 0.05634347
v 0.00535445 -0.00706168 0.05711446
v 0.00573027 -0.00706601 0.05795265
v 0.00597375 -0.00706888 0.05883837
v 0.00607917 -0.00707022 0.05975090
v 0.00604407 -0.00707001 0.06066882
v 0.00586927 -0.00706824 0.06157062
v 0.00555887 -0.00706497 0.06243517
v 0.00512015 -0.00706026 0.06324221
v 0.00456337 -0.00705422 0.06397282
v 0.00390161 -0.00704700 0.06460986
v 0.00315036 -0.00703877 0.06513840
v 0.00232724 -0.00702972 0.06554608
v 0.00145154 -0.00702005 0.06582332
v 0.00054378 -0.00701001 0.06596363
v -0.00037475 -0.00699982 0.06596372
v -0.00128253 -0.00698972 0.06582358
v -0.00215829 -0.00697996 0.06554651
v -0.00298148 -0.00697075 0.06513898
v -0.00373283 -0.00696231 0.06461058
v -0.00439471 -0.00695484 0.06397366
v -0.00495162 -0.00694853 0.06324316
v -0.00539050 -0.00694350 0.06243620
v -0.00570106 -0.00693989 0.06157171
v -0.00587602 -0.00693778 0.06066994
v -0.00591129 -0.00693721 0.05975203
v -0.00580603 -0.00693820 0.05883949
v -0.00556272 -0.00694073 0.05795371
v -0.00518705 -0.00694473 0.05711545
v -0.00468784 -0.00695012 0.05634438
v -0.00407677 -0.00695677 0.05565854
v -0.00336819 -0.00696452 0.05507402
v -0.00257869 -0.00697319 0.05460453
v 0.00008385 -0.00700352 0.05876817
v 0.00039781 -0.00700702 0.05880948
v 0.00069038 -0.00701028 0.05893064
v 0.00094163 -0.00701311 0.05912340
v 0.00113442 -0.00701530 0.05937463
v 0.00125563 -0.00701670 0.05966719
v 0.00129699 -0.00701722 0.05998116
v 0.00125569 -0.00701682 0.06029514
v 0.00113454 -0.00701553 0.06058773
v 0.00094179 -0.00701344 0.06083899
v 0.00069058 -0.00701069 0.06103180
v 0.00039803 -0.00700747 0.06115302
v 0.00008408 -0.00700399 0.06119438
v -0.00022988 -0.00700050 0.06115308
v -0.00052246 -0.00699723 0.06103192
v -0.00077370 -0.00699441 0.06083915
v -0.00096650 -0.00699222 0.06058793
v -0.00108771 -0.00699082 0.06029536
v -0.00112907 -0.00699030 0.05998139
v -0.00108776 -0.00699070 0.05966741
v -0.00096661 -0.00699199 0.05937482
v -0.00077386 -0.00699408 0.05912356
v -0.00052265 -0.00699683 0.05893075
v -0.00023010 -0.00700005 0.05880954
v 0.00037412 -0.00728326 0.05888642
v 0.00008079 -0.00728000 0.05884782
v -0.00021253 -0.00727675 0.05888647
v -0.00048586 -0.00727374 0.05899972
v -0.00072056 -0.00727117 0.05917986
v -0.00090065 -0.00726922 0.05941462
v -0.00101384 -0.00726802 0.05968798
v -0.00105243 -0.00726765 0.05998133
v -0.00101379 -0.00726813 0.06027467
v -0.00090054 -0.00726944 0.06054802
v -0.00072042 -0.00727148 0.06078274
v -0.00048568 -0.00727412 0.06096283
v -0.00021233 -0.00727718 0.06107603
v 0.00008100 -0.00728044 0.06111462
v 0.00037433 -0.00728369 0.06107597
v 0.00064765 -0.00728670 0.06096272
v 0.00088236 -0.00728926 0.06078259
v 0.00106244 -0.00729122 0.06054783
v 0.00117564 -0.00729242 0.06027446
v 0.00121423 -0.00729279 0.05998112
v 0.00117558 -0.00729231 0.05968778
v 0.00106234 -0.00729100 0.05941443
v 0.00088221 -0.00728896 0.05917971
v 0.00064747 -0.00728632 0.05899962
v 0.00007294 -0.00799957 0.06026684
v 0.00007254 -0.00803318 0.05998108
v 0.00014690 -0.00800039 0.06025710
v 0.00021581 -0.00800115 0.06022855
v 0.00027498 -0.00800179 0.06018313
v 0.00032039 -0.00800229 0.06012395
v 0.00034893 -0.00800259 0.06005502
v 0.00035866 -0.00800268 0.05998106
v 0.00034891 -0.00800256 0.05990710
v 0.00032036 -0.00800223 0.05983819
v 0.00027495 -0.00800172 0.05977900
v 0.00021576 -0.00800105 0.05973360
v 0.00014685 -0.00800028 0.05970505
v 0.00007289 -0.00799946 0.05969533
v -0.00000106 -0.00799864 0.05970507
v -0.00006998 -0.00799788 0.05973363
v -0.00012915 -0.00799723 0.05977904
v -0.00017455 -0.00799674 0.05983823
v -0.00020309 -0.00799644 0.05990715
v -0.00021282 -0.00799634 0.05998111
v -0.00020308 -0.00799647 0.06005507
v -0.00017453 -0.00799680 0.06012399
v -0.00012911 -0.00799731 0.06018317
v -0.00006993 -0.00799798 0.06022858
v -0.00000101 -0.00799875 0.06025711
v 0.00007821 -0.00753077 0.06097279
v 0.00033484 -0.00753361 0.06093898
v 0.00057398 -0.00753625 0.06083990
v 0.00077932 -0.00753850 0.06068229
v 0.00093688 -0.00754020 0.06047691
v 0.00103592 -0.00754126 0.06023774
v 0.00106968 -0.00754158 0.05998108
v 0.00103587 -0.00754116 0.05972443
v 0.00093679 -0.00754001 0.05948528
v 0.00077919 -0.00753822 0.05927993
v 0.00057382 -0.00753592 0.05912236
v 0.00033467 -0.00753324 0.05902332
v 0.00007803 -0.00753039 0.05898956
v -0.00017860 -0.00752755 0.05902337
v -0.00041774 -0.00752492 0.05912246
v -0.00062308 -0.00752267 0.05928006
v -0.00078064 -0.00752096 0.05948544
v -0.00087968 -0.00751991 0.05972461
v -0.00091344 -0.00751958 0.05998127
v -0.00087963 -0.00752001 0.06023792
v -0.00078055 -0.00752115 0.06047707
v -0.00062295 -0.00752294 0.06068242
v -0.00041758 -0.00752525 0.06083999
v -0.00017843 -0.00752792 0.06093903
v 0.00007586 -0.00774129 0.06077667
v 0.00028174 -0.00774357 0.06074954
v 0.00047359 -0.00774568 0.06067004
v 0.00063832 -0.00774749 0.06054360
v 0.00076473 -0.00774886 0.06037883
v 0.00084418 -0.00774970 0.06018696
v 0.00087126 -0.00774996 0.05998106
v 0.00084414 -0.00774962 0.05977517
v 0.00076465 -0.00774870 0.05958330
v 0.00063822 -0.00774727 0.05941856
v 0.00047346 -0.00774542 0.05929215
v 0.00028160 -0.00774327 0.05921270
v 0.00007571 -0.00774098 0.05918561
v -0.00013017 -0.00773870 0.05921274
v -0.00032202 -0.00773659 0.05929222
v -0.00048676 -0.00773479 0.05941867
v -0.00061316 -0.00773342 0.05958343
v -0.00069261 -0.00773257 0.05977531
v -0.00071970 -0.00773231 0.05998121
v -0.00069257 -0.00773265 0.06018711
v -0.00061308 -0.00773357 0.06037896
v -0.00048665 -0.00773501 0.06054371
v -0.00032189 -0.00773686 0.06067012
v -0.00013003 -0.00773900 0.06074958
v 0.00007407 -0.00790046 0.06053697
v 0.00021793 -0.00790206 0.06051802
v 0.00035198 -0.00790353 0.06046247
v 0.00046709 -0.00790479 0.06037413
v 0.00055541 -0.00790575 0.06025899
v 0.00061092 -0.00790634 0.06012492
v 0.00062985 -0.00790652 0.05998105
v 0.00061090 -0.00790629 0.05983718
v 0.00055536 -0.00790564 0.05970313
v 0.00046701 -0.00790464 0.05958801
v 0.00035189 -0.00790335 0.05949968
v 0.00021783 -0.00790185 0.05944417
v 0.00007397 -0.00790025 0.05942524
v -0.00006989 -0.00789866 0.05944419
v -0.00020394 -0.00789718 0.05949974
v -0.00031905 -0.00789592 0.05958808
v -0.00040737 -0.00789496 0.05970322
v -0.00046289 -0.00789437 0.05983729
v -0.00048181 -0.00789419 0.05998116
v -0.00046286 -0.00789443 0.06012502
v -0.00040732 -0.00789507 0.06025908
v -0.00031898 -0.00789607 0.06037420
v -0.00020385 -0.00789737 0.06046252
v -0.00006979 -0.00789887 0.06051804
v -0.00113860 -0.01568905 0.05125196
v -0.00001335 -0.01570152 0.05117960
v -0.00000773 -0.01520171 0.05197970
v 0.00111190 -0.01571402 0.05125174
v 0.00105850 -0.01521355 0.05205098
v 0.00221869 -0.01572634 0.05146719
v 0.00210572 -0.01522521 0.05226375
v 0.00328885 -0.01573828 0.05182242
v 0.00311525 -0.01523647 0.05261420
v 0.00430480 -0.01574964 0.05231159
v 0.00406905 -0.01524715 0.05309610
v 0.00524985 -0.01576024 0.05292666
v 0.00495012 -0.01525704 0.05370083
v 0.00610850 -0.01576991 0.05365755
v 0.00574273 -0.01526597 0.05441761
v 0.00686664 -0.01577848 0.05449224
v 0.00643273 -0.01527378 0.05523365
v 0.00751183 -0.01578582 0.05541704
v 0.00700782 -0.01528033 0.05613438
v 0.00803346 -0.01579180 0.05641675
v 0.00745772 -0.01528551 0.05710373
v 0.00842298 -0.01579632 0.05747496
v 0.00777442 -0.01528922 0.05812440
v 0.00867399 -0.01579932 0.05857430
v 0.00795226 -0.01529140 0.05917818
v 0.00878237 -0.01580073 0.05969672
v 0.00798807 -0.01529200 0.06024626
v 0.00874633 -0.01580055 0.06082378
v 0.00788120 -0.01529102 0.06130959
v 0.00856648 -0.01579877 0.06193697
v 0.00763357 -0.01528847 0.06234919
v 0.00824575 -0.01579542 0.06301804
v 0.00724960 -0.01528440 0.06334649
v 0.00778943 -0.01579056 0.06404921
v 0.00673612 -0.01527889 0.06428372
v 0.00720499 -0.01578426 0.06501355
v 0.00610232 -0.01527202 0.06514414
v 0.00650205 -0.01577663 0.06589524
v 0.00535950 -0.01526393 0.06591242
v 0.00569213 -0.01576780 0.06667978
v 0.00452091 -0.01525476 0.06657480
v 0.00478855 -0.01575790 0.06735433
v 0.00360152 -0.01524466 0.06711951
v 0.00380613 -0.01574711 0.06790777
v 0.00261774 -0.01523383 0.06753680
v 0.00276101 -0.01573560 0.06833104
v 0.00158712 -0.01522245 0.06781924
v 0.00167035 -0.01572356 0.06861716
v 0.00052805 -0.01521073 0.06796178
v 0.00055205 -0.01571118 0.06876146
v -0.00057552 -0.01569867 0.06876157
v -0.00054057 -0.01519887 0.06796188
v -0.00169384 -0.01568623 0.06861748
v -0.00159966 -0.01518710 0.06781954
v -0.00278455 -0.01567408 0.06833156
v -0.00263034 -0.01517561 0.06753730
v -0.00382975 -0.01566240 0.06790849
v -0.00361420 -0.01516461 0.06712019
v -0.00481228 -0.01565140 0.06735523
v -0.00453369 -0.01515431 0.06657566
v -0.00571598 -0.01564124 0.06668086
v -0.00537240 -0.01514488 0.06591343
v -0.00652605 -0.01563211 0.06589647
v -0.00611536 -0.01513649 0.06514530
v -0.00722915 -0.01562414 0.06501491
v -0.00674932 -0.01512929 0.06428500
v -0.00781376 -0.01561747 0.06405067
v -0.00726297 -0.01512341 0.06334785
v -0.00827028 -0.01561220 0.06301960
v -0.00764713 -0.01511896 0.06235063
v -0.00859120 -0.01560843 0.06193860
v -0.00789495 -0.01511601 0.06131108
v -0.00877126 -0.01560622 0.06082543
v -0.00800201 -0.01511462 0.06024777
v -0.00880751 -0.01560560 0.05969838
v -0.00796640 -0.01511480 0.05917969
v -0.00869934 -0.01560659 0.05857594
v -0.00778876 -0.01511657 0.05812587
v -0.00844853 -0.01560916 0.05747655
v -0.00747225 -0.01511989 0.05710514
v -0.00805921 -0.01561327 0.05641827
v -0.00702252 -0.01512469 0.05613571
v -0.00753776 -0.01561887 0.05541846
v -0.00644760 -0.01513089 0.05523487
v -0.00689274 -0.01562584 0.05449354
v -0.00575775 -0.01513839 0.05441870
v -0.00613476 -0.01563409 0.05365871
v -0.00496527 -0.01514704 0.05370177
v -0.00527624 -0.01564347 0.05292765
v -0.00408431 -0.01515670 0.05309686
v -0.00433130 -0.01565384 0.05231241
v -0.00313060 -0.01516719 0.05261479
v -0.00331544 -0.01566501 0.05182305
v -0.00212114 -0.01517832 0.05226415
v -0.00224535 -0.01567682 0.05146761
v -0.00107396 -0.01518989 0.05205118
v -0.00114130 -0.01568898 0.05105068
v -0.00001337 -0.01570148 0.05097960
v 0.00111456 -0.01571401 0.05105047
v 0.00222472 -0.01572637 0.05126214
v 0.00329960 -0.01573835 0.05161130
v 0.00432225 -0.01574979 0.05209243
v 0.00527653 -0.01576050 0.05269795
v 0.00614740 -0.01577030 0.05341830
v 0.00692112 -0.01577904 0.05424213
v 0.00758550 -0.01578658 0.05515644
v 0.00813005 -0.01579282 0.05614682
v 0.00854618 -0.01579764 0.05719764
v 0.00882734 -0.01580096 0.05829233
v 0.00896909 -0.01580275 0.05941364
v 0.00896920 -0.01580297 0.06054387
v 0.00882765 -0.01580162 0.06166520
v 0.00854670 -0.01579871 0.06275994
v 0.00813075 -0.01579430 0.06381085
v 0.00758639 -0.01578845 0.06480132
v 0.00692218 -0.01578126 0.06571577
v 0.00614861 -0.01577283 0.06653974
v 0.00527787 -0.01576331 0.06726026
v 0.00432370 -0.01575285 0.06786596
v 0.00330115 -0.01574159 0.06834728
v 0.00222633 -0.01572974 0.06869663
v 0.00111621 -0.01571746 0.06890852
v -0.00001171 -0.01570497 0.06897960
v -0.00113965 -0.01569244 0.06890874
v -0.00224981 -0.01568008 0.06869706
v -0.00332469 -0.01566809 0.06834791
v -0.00434733 -0.01565665 0.06786678
v -0.00530161 -0.01564595 0.06726126
v -0.00617248 -0.01563615 0.06654090
v -0.00694621 -0.01562741 0.06571707
v -0.00761058 -0.01561986 0.06480276
v -0.00815513 -0.01561363 0.06381239
v -0.00857127 -0.01560881 0.06276156
v -0.00885243 -0.01560548 0.06166687
v -0.00899418 -0.01560370 0.06054557
v -0.00899429 -0.01560348 0.05941533
v -0.00885274 -0.01560483 0.05829400
v -0.00857178 -0.01560774 0.05719926
v -0.00815584 -0.01561215 0.05614836
v -0.00761147 -0.01561800 0.05515788
v -0.00694727 -0.01562519 0.05424344
v -0.00617369 -0.01563361 0.05341946
v -0.00530296 -0.01564313 0.05269895
v -0.00434879 -0.01565360 0.05209325
v -0.00332623 -0.01566485 0.05161193
v -0.00225142 -0.01567671 0.05126256
v -0.00102404 -0.01069017 0.05205205
v 0.00004218 -0.01070199 0.05198057
v 0.00110842 -0.01071383 0.05205185
v 0.00215564 -0.01072549 0.05226461
v 0.00316516 -0.01073675 0.05261507
v 0.00411897 -0.01074743 0.05309696
v 0.00500004 -0.01075732 0.05370170
v 0.00579264 -0.01076625 0.05441848
v 0.00648265 -0.01077406 0.05523452
v 0.00705773 -0.01078061 0.05613525
v 0.00750764 -0.01078579 0.05710460
v 0.00782434 -0.01078950 0.05812527
v 0.00800218 -0.01079168 0.05917905
v 0.00803799 -0.01079228 0.06024713
v 0.00793112 -0.01079130 0.06131046
v 0.00768349 -0.01078875 0.06235005
v 0.00729951 -0.01078468 0.06334735
v 0.00678604 -0.01077917 0.06428459
v 0.00615224 -0.01077230 0.06514501
v 0.00540941 -0.01076421 0.06591328
v 0.00457083 -0.01075503 0.06657567
v 0.00365144 -0.01074494 0.06712037
v 0.00266765 -0.01073411 0.06753767
v 0.00163703 -0.01072273 0.06782011
v 0.00057796 -0.01071101 0.06796265
v -0.00049065 -0.01069915 0.06796275
v -0.00154975 -0.01068737 0.06782041
v -0.00258042 -0.01067589 0.06753816
v -0.00356428 -0.01066489 0.06712105
v -0.00448377 -0.01065459 0.06657653
v -0.00532248 -0.01064515 0.06591430
v -0.00606545 -0.01063677 0.06514616
v -0.00669941 -0.01062957 0.06428586
v -0.00721305 -0.01062369 0.06334873
v -0.00759721 -0.01061924 0.06235150
v -0.00784503 -0.01061629 0.06131194
v -0.00795210 -0.01061489 0.06024864
v -0.00791649 -0.01061508 0.05918055
v -0.00773884 -0.01061685 0.05812674
v -0.00742233 -0.01062016 0.05710601
v -0.00697260 -0.01062497 0.05613657
v -0.00639768 -0.01063117 0.05523574
v -0.00570783 -0.01063867 0.05441957
v -0.00491535 -0.01064732 0.05370263
v -0.00403440 -0.01065698 0.05309773
v -0.00308068 -0.01066746 0.05261566
v -0.00207122 -0.01067860 0.05226501
v 0.00004237 -0.01070237 0.05398057
v 0.00095821 -0.01071255 0.05405079
v 0.00185261 -0.01072251 0.05426001
v 0.00270458 -0.01073203 0.05460332
v 0.00349417 -0.01074088 0.05507266
v 0.00420286 -0.01074885 0.05565704
v 0.00481405 -0.01075576 0.05634276
v 0.00531340 -0.01076145 0.05711375
v 0.00568923 -0.01076578 0.05795193
v 0.00593270 -0.01076865 0.05883766
v 0.00603813 -0.01077000 0.05975019
v 0.00600303 -0.01076978 0.06066811
v 0.00582823 -0.01076802 0.06156991
v 0.00551783 -0.01076474 0.06243446
v 0.00507910 -0.01076003 0.06324150
v 0.00452233 -0.01075399 0.06397210
v 0.00386057 -0.01074678 0.06460914
v 0.00310932 -0.01073854 0.06513769
v 0.00228620 -0.01072949 0.06554537
v 0.00141050 -0.01071983 0.06582260
v 0.00050274 -0.01070979 0.06596292
v -0.00041580 -0.01069960 0.06596301
v -0.00132358 -0.01068950 0.06582286
v -0.00219933 -0.01067973 0.06554579
v -0.00302253 -0.01067052 0.06513827
v -0.00377387 -0.01066208 0.06460986
v -0.00443576 -0.01065462 0.06397295
v -0.00499266 -0.01064830 0.06324245
v -0.00543154 -0.01064328 0.06243549
v -0.00574210 -0.01063966 0.06157100
v -0.00591706 -0.01063755 0.06066923
v -0.00595233 -0.01063698 0.05975132
v -0.00584707 -0.01063797 0.05883877
v -0.00560376 -0.01064050 0.05795300
v -0.00522809 -0.01064451 0.05711474
v -0.00472888 -0.01064990 0.05634366
v -0.00411782 -0.01065654 0.05565783
v -0.00340923 -0.01066429 0.05507331
v -0.00261973 -0.01067296 0.05460382
v -0.00176782 -0.01068235 0.05426035
v -0.00087347 -0.01069223 0.05405096
v 0.00105805 -0.00171310 0.05405252
v 0.00014220 -0.00170292 0.05398230
v -0.00077363 -0.00169278 0.05405270
v -0.00166798 -0.00168290 0.05426208
v 0.00195244 -0.00172306 0.05426174
v 0.00280441 -0.00173258 0.05460505
v 0.00359400 -0.00174143 0.05507439
v 0.00430270 -0.00174940 0.05565878
v 0.00491388 -0.00175631 0.05634449
v 0.00541324 -0.00176200 0.05711548
v 0.00578906 -0.00176633 0.05795366
v 0.00603254 -0.00176920 0.05883939
v 0.00613796 -0.00177055 0.05975192
v 0.00610286 -0.00177034 0.06066984
v 0.00592807 -0.00176857 0.06157164
v 0.00561767 -0.00176529 0.06243619
v 0.00517894 -0.00176058 0.06324323
v 0.00462217 -0.00175455 0.06397383
v 0.00396040 -0.00174733 0.06461088
v 0.00320915 -0.00173910 0.06513942
v 0.00238603 -0.00173004 0.06554710
v 0.00151033 -0.00172038 0.06582434
v 0.00060257 -0.00171034 0.06596465
v -0.00031596 -0.00170015 0.06596474
v -0.00122374 -0.00169005 0.06582459
v -0.00209950 -0.00168028 0.06554753
v -0.00292269 -0.00167107 0.06514000
v -0.00367404 -0.00166264 0.06461160
v -0.00433592 -0.00165517 0.06397468
v -0.00489283 -0.00164885 0.06324418
v -0.00533170 -0.00164383 0.06243723
v -0.00564226 -0.00164022 0.06157273
v -0.00581723 -0.00163810 0.06067096
v -0.00585250 -0.00163753 0.05975305
v -0.00574724 -0.00163853 0.05884051
v -0.00550393 -0.00164105 0.05795473
v -0.00512826 -0.00164506 0.05711647
v -0.00462904 -0.00165045 0.05634539
v -0.00401798 -0.00165710 0.05565956
v -0.00330940 -0.00166485 0.05507505
v -0.00251990 -0.00167351 0.05460555
v -0.00084293 -0.00069176 0.05305383
v -0.00084166 -0.00069444 0.06691133
v 0.00015320 -0.00070279 0.05298249
v 0.00015449 -0.00070550 0.06698249
v 0.00114935 -0.00071386 0.05305365
v 0.00115063 -0.00071654 0.06691114
v 0.00212523 -0.00072472 0.05326585
v 0.00212647 -0.00072732 0.06669875
v 0.00306099 -0.00073517 0.05361479
v 0.00306216 -0.00073764 0.06634964
v 0.00393756 -0.00074499 0.05409335
v 0.00393864 -0.00074727 0.06587091
v 0.00473710 -0.00075397 0.05469181
v 0.00473808 -0.00075602 0.06527230
v 0.00544335 -0.00076194 0.05539797
v 0.00544419 -0.00076372 0.06456601
v 0.00604191 -0.00076874 0.05619745
v 0.00604261 -0.00077020 0.06376641
v 0.00652061 -0.00077422 0.05707398
v 0.00652115 -0.00077534 0.06288979
v 0.00686970 -0.00077827 0.05800973
v 0.00687007 -0.00077903 0.06195398
v 0.00708208 -0.00078081 0.05898563
v 0.00708226 -0.00078120 0.06097804
v 0.00715342 -0.00078180 0.05998183
v -0.00181754 -0.00068357 0.06669912
v -0.00181878 -0.00068097 0.05326622
v -0.00275329 -0.00067312 0.06635019
v -0.00275447 -0.00067066 0.05361534
v -0.00362986 -0.00066331 0.06587163
v -0.00363095 -0.00066103 0.05409407
v -0.00442941 -0.00065432 0.06527317
v -0.00443038 -0.00065227 0.05469267
v -0.00513565 -0.00064635 0.06456701
v -0.00513650 -0.00064458 0.05539896
v -0.00573422 -0.00063956 0.06376753
v -0.00573491 -0.00063809 0.05619856
v -0.00621292 -0.00063408 0.06289100
v -0.00621345 -0.00063295 0.05707518
v -0.00656201 -0.00063003 0.06195525
v -0.00656237 -0.00062926 0.05801099
v -0.00677439 -0.00062748 0.06097935
v -0.00677457 -0.00062710 0.05898694
v -0.00684572 -0.00062650 0.05998315
v 0.00104952 -0.00971331 0.05305192
v 0.00005337 -0.00970224 0.05298075
v -0.00094277 -0.00969120 0.05305210
v -0.00191861 -0.00968042 0.05326449
v -0.00285430 -0.00967011 0.05361361
v -0.00373078 -0.00966047 0.05409234
v -0.00453022 -0.00965172 0.05469094
v -0.00523633 -0.00964403 0.05539723
v -0.00583475 -0.00963754 0.05619683
v -0.00631329 -0.00963240 0.05707346
v -0.00666221 -0.00962871 0.05800926
v -0.00687440 -0.00962654 0.05898521
v -0.00694556 -0.00962595 0.05998142
v -0.00687422 -0.00962693 0.06097762
v -0.00666184 -0.00962947 0.06195352
v -0.00631275 -0.00963353 0.06288926
v -0.00583405 -0.00963901 0.06376579
v -0.00523549 -0.00964580 0.06456528
v -0.00452924 -0.00965377 0.06527144
v -0.00372970 -0.00966275 0.06586990
v -0.00285313 -0.00967257 0.06634846
v -0.00191737 -0.00968302 0.06669740
v -0.00094149 -0.00969389 0.06690960
v 0.00005466 -0.00970495 0.06698076
v 0.00105080 -0.00971599 0.06690941
v 0.00202664 -0.00972677 0.06669702
v 0.00296233 -0.00973708 0.06634791
v 0.00383881 -0.00974671 0.06586918
v 0.00463824 -0.00975547 0.06527057
v 0.00534436 -0.00976317 0.06456428
v 0.00594277 -0.00976965 0.06376468
v 0.00642131 -0.00977479 0.06288806
v 0.00677023 -0.00977848 0.06195225
v 0.00698243 -0.00978065 0.06097631
v 0.00705358 -0.00978125 0.05998010
v 0.00698225 -0.00978026 0.05898390
v 0.00676987 -0.00977772 0.05800799
v 0.00642078 -0.00977366 0.05707225
v 0.00594208 -0.00976819 0.05619572
v 0.00534351 -0.00976139 0.05539623
v 0.00463727 -0.00975342 0.05469008
v 0.00383772 -0.00974444 0.05409162
v 0.00296115 -0.00973462 0.05361306
v 0.00202540 -0.00972417 0.05326412
v 0.00118112 -0.00971438 0.05105162
v 0.00005318 -0.00970185 0.05098075
v -0.00107474 -0.00968936 0.05105183
v 0.00229128 -0.00972674 0.05126330
v 0.00336616 -0.00973873 0.05161246
v 0.00438880 -0.00975017 0.05209358
v 0.00534308 -0.00976087 0.05269910
v 0.00621395 -0.00977067 0.05341945
v 0.00698768 -0.00977941 0.05424329
v 0.00765205 -0.00978696 0.05515760
v 0.00819660 -0.00979319 0.05614797
v 0.00861274 -0.00979801 0.05719880
v 0.00889390 -0.00980133 0.05829349
v 0.00903565 -0.00980312 0.05941479
v 0.00903575 -0.00980334 0.06054503
v 0.00889421 -0.00980199 0.06166635
v 0.00861325 -0.00979908 0.06276110
v 0.00819731 -0.00979467 0.06381200
v 0.00765294 -0.00978882 0.06480248
v 0.00698874 -0.00978163 0.06571692
v 0.00621516 -0.00977321 0.06654090
v 0.00534443 -0.00976369 0.06726141
v 0.00439026 -0.00975322 0.06786712
v 0.00336770 -0.00974197 0.06834844
v 0.00229289 -0.00973011 0.06869779
v 0.00118277 -0.00971784 0.06890967
v 0.00005484 -0.00970534 0.06898075
v -0.00107309 -0.00969281 0.06890989
v -0.00218325 -0.00968045 0.06869821
v -0.00325813 -0.00966846 0.06834906
v -0.00428078 -0.00965703 0.06786793
v -0.00523506 -0.00964632 0.06726241
v -0.00610593 -0.00963652 0.06654206
v -0.00687965 -0.00962778 0.06571823
v -0.00754403 -0.00962024 0.06480391
v -0.00808858 -0.00961400 0.06381354
v -0.00850471 -0.00960919 0.06276271
v -0.00878587 -0.00960586 0.06166802
v -0.00892762 -0.00960407 0.06054672
v -0.00892773 -0.00960385 0.05941649
v -0.00878619 -0.00960520 0.05829516
v -0.00850523 -0.00960811 0.05720041
v -0.00808928 -0.00961252 0.05614951
v -0.00754492 -0.00961837 0.05515903
v -0.00688071 -0.00962556 0.05424460
v -0.00610714 -0.00963398 0.05342061
v -0.00523640 -0.00964351 0.05270010
v -0.00428223 -0.00965397 0.05209440
v -0.00325968 -0.00966522 0.05161308
v -0.00218486 -0.00967708 0.05126372
v 0.00106988 -0.01316706 -0.06794864
v 0.00000364 -0.01315522 -0.06801993
v 0.00047781 -0.01294019 -0.06641327
v 0.00000657 -0.01290672 -0.06620960
v 0.00035873 -0.01274423 -0.06476738
v 0.00000912 -0.01269329 -0.06431583
v 0.00023227 -0.01258786 -0.06302740
v 0.00001017 -0.01260649 -0.06332157
v 0.00001102 -0.01253878 -0.06228191
v 0.00016493 -0.01253176 -0.06210490
v 0.00001161 -0.01249521 -0.06118482
v 0.00009400 -0.01249495 -0.06113655
v 0.00001188 -0.01248020 -0.06001979
v -0.00015971 -0.01252816 -0.06210354
v -0.00007988 -0.01249302 -0.06113582
v -0.00023600 -0.01258266 -0.06302544
v -0.00038045 -0.01273603 -0.06476429
v -0.00051762 -0.01292915 -0.06640910
v -0.00106258 -0.01314341 -0.06794844
v -0.00103797 -0.01292339 -0.06634486
v -0.00210977 -0.01313183 -0.06773548
v -0.00155133 -0.01291772 -0.06623832
v -0.00205426 -0.01291217 -0.06609018
v -0.00152152 -0.01272342 -0.06452747
v -0.00188474 -0.01271942 -0.06438731
v -0.00118898 -0.01257214 -0.06278662
v -0.00141106 -0.01256969 -0.06267932
v -0.00097435 -0.01251917 -0.06186358
v -0.00112172 -0.01251755 -0.06177686
v -0.00059512 -0.01248734 -0.06096086
v -0.00067000 -0.01248652 -0.06090812
v -0.00311922 -0.01312070 -0.06738483
v -0.00254341 -0.01290678 -0.06590143
v -0.00223530 -0.01271556 -0.06421794
v -0.00162363 -0.01256736 -0.06255423
v -0.00126151 -0.01251602 -0.06167838
v -0.00074031 -0.01248575 -0.06084943
v -0.00301550 -0.01290158 -0.06567334
v -0.00407294 -0.01311021 -0.06690276
v -0.00346737 -0.01289662 -0.06540743
v -0.00495389 -0.01310056 -0.06629785
v -0.00389599 -0.01289192 -0.06510548
v -0.00429852 -0.01288752 -0.06476950
v -0.00318803 -0.01270512 -0.06354677
v -0.00346555 -0.01270209 -0.06327368
v -0.00219042 -0.01256116 -0.06208114
v -0.00235151 -0.01255941 -0.06189435
v -0.00162634 -0.01251204 -0.06131938
v -0.00172706 -0.01251095 -0.06118120
v -0.00091934 -0.01248380 -0.06064183
v -0.00096706 -0.01248329 -0.06056365
v -0.00574637 -0.01309191 -0.06558092
v -0.00467223 -0.01288345 -0.06440175
v -0.00371982 -0.01269933 -0.06297885
v -0.00249678 -0.01255784 -0.06169503
v -0.00181615 -0.01250999 -0.06103523
v -0.00100823 -0.01248285 -0.06048184
v -0.00501465 -0.01287973 -0.06400468
v -0.00643622 -0.01308441 -0.06476475
v -0.00532348 -0.01287638 -0.06358097
v -0.00701114 -0.01307820 -0.06386392
v -0.00559665 -0.01287344 -0.06313343
v -0.00583234 -0.01287091 -0.06266507
v -0.00432701 -0.01269278 -0.06198408
v -0.00447301 -0.01269124 -0.06162314
v -0.00282866 -0.01255428 -0.06103552
v -0.00290216 -0.01255351 -0.06080006
v -0.00200810 -0.01250795 -0.06056073
v -0.00204555 -0.01250757 -0.06039388
v -0.00108992 -0.01248199 -0.06022015
v -0.00110261 -0.01248187 -0.06012944
v -0.00746087 -0.01307340 -0.06289448
v -0.00602897 -0.01286883 -0.06217901
v -0.00458904 -0.01269002 -0.06125149
v -0.00295618 -0.01255296 -0.06055940
v -0.00206924 -0.01250734 -0.06022454
v -0.00110784 -0.01248183 -0.06003801
v -0.00618521 -0.01286719 -0.06167851
v -0.00777738 -0.01307009 -0.06187375
v -0.00630004 -0.01286601 -0.06116691
v -0.00795503 -0.01306832 -0.06081994
v -0.00637268 -0.01286531 -0.06064763
v -0.00640264 -0.01286507 -0.06012416
v -0.00475049 -0.01268845 -0.06009728
v -0.00474090 -0.01268863 -0.05970805
v -0.00299837 -0.01255263 -0.05982229
v -0.00297216 -0.01255297 -0.05957703
v -0.00205663 -0.01250758 -0.05971283
v -0.00202463 -0.01250796 -0.05954485
v -0.00107872 -0.01248220 -0.05976542
v -0.00105428 -0.01248249 -0.05967715
v -0.00799064 -0.01306813 -0.05975185
v -0.00638972 -0.01286532 -0.05959999
v -0.00469954 -0.01268916 -0.05932090
v -0.00292600 -0.01255353 -0.05933473
v -0.00197901 -0.01250850 -0.05938005
v -0.00102272 -0.01248286 -0.05959117
v -0.00788358 -0.01306952 -0.05868854
v -0.00633402 -0.01286604 -0.05907863
v -0.00462667 -0.01269005 -0.05893843
v -0.00286020 -0.01255431 -0.05909701
v -0.00192008 -0.01250919 -0.05921952
v -0.00098423 -0.01248330 -0.05950806
v -0.00623590 -0.01286723 -0.05856356
v -0.00763575 -0.01307247 -0.05764899
v -0.00609601 -0.01286888 -0.05805825
v -0.00591530 -0.01287097 -0.05756604
v -0.00438861 -0.01269283 -0.05819770
v -0.00422501 -0.01269471 -0.05784439
v -0.00267155 -0.01255649 -0.05864165
v -0.00254996 -0.01255788 -0.05842705
v -0.00176393 -0.01251098 -0.05891557
v -0.00166776 -0.01251207 -0.05877418
v -0.00088758 -0.01248440 -0.05935265
v -0.00083005 -0.01248506 -0.05928138
v -0.00725159 -0.01307693 -0.05665175
v -0.00569498 -0.01287351 -0.05709026
v -0.00403308 -0.01269691 -0.05750564
v -0.00241124 -0.01255946 -0.05822311
v -0.00156035 -0.01251329 -0.05864112
v -0.00076690 -0.01248577 -0.05921506
v -0.00673795 -0.01308280 -0.05571462
v -0.00543651 -0.01287646 -0.05663407
v -0.00381411 -0.01269940 -0.05718370
v -0.00225632 -0.01256121 -0.05803118
v -0.00144244 -0.01251462 -0.05851728
v -0.00069853 -0.01248654 -0.05915411
v -0.00514163 -0.01287982 -0.05620053
v -0.00610399 -0.01309000 -0.05485431
v -0.00481231 -0.01288355 -0.05579255
v -0.00445075 -0.01288764 -0.05541284
v -0.00330108 -0.01270520 -0.05659878
v -0.00301045 -0.01270848 -0.05633971
v -0.00190212 -0.01256521 -0.05768843
v -0.00170521 -0.01256742 -0.05753990
v -0.00117828 -0.01251759 -0.05830053
v -0.00103381 -0.01251921 -0.05820906
v -0.00054804 -0.01248823 -0.05904997
v -0.00046692 -0.01248914 -0.05900747
v -0.00536102 -0.01309839 -0.05408620
v -0.00405938 -0.01289205 -0.05506394
v -0.00269963 -0.01271197 -0.05610525
v -0.00149682 -0.01256976 -0.05740796
v -0.00088235 -0.01252091 -0.05812971
v -0.00038260 -0.01249008 -0.05897174
v -0.00452231 -0.01310782 -0.05342396
v -0.00364080 -0.01289675 -0.05474821
v -0.00237069 -0.01271566 -0.05589698
v -0.00127835 -0.01257220 -0.05729349
v -0.00072491 -0.01252267 -0.05806299
v -0.00029563 -0.01249105 -0.05894301
v -0.00319782 -0.01290172 -0.05446773
v -0.00360282 -0.01311813 -0.05287942
v -0.00273340 -0.01290692 -0.05422440
v -0.00261896 -0.01312912 -0.05246232
v -0.00225065 -0.01291231 -0.05401984
v -0.00175280 -0.01291787 -0.05385542
v -0.00129766 -0.01272765 -0.05544229
v -0.00091923 -0.01273187 -0.05535082
v -0.00057732 -0.01258002 -0.05706196
v -0.00033365 -0.01258274 -0.05702379
v -0.00022741 -0.01252821 -0.05794273
v -0.00005688 -0.01253010 -0.05793017
v -0.00002480 -0.01249406 -0.05890059
v 0.00006677 -0.01249508 -0.05890135
v -0.00158829 -0.01314061 -0.05218007
v -0.00124318 -0.01292354 -0.05373223
v -0.00053459 -0.01273614 -0.05529057
v -0.00008768 -0.01258547 -0.05700567
v 0.00011410 -0.01253200 -0.05793158
v 0.00015798 -0.01249609 -0.05890960
v -0.00072520 -0.01292930 -0.05365111
v -0.00052919 -0.01315239 -0.05203773
v -0.00020232 -0.01293511 -0.05361258
v 0.00053942 -0.01316424 -0.05203783
v 0.00032196 -0.01294093 -0.05361691
v 0.00084413 -0.01294671 -0.05366409
v 0.00063074 -0.01274907 -0.05530022
v 0.00101433 -0.01275331 -0.05536682
v 0.00064760 -0.01259361 -0.05707210
v 0.00088635 -0.01259625 -0.05713401
v 0.00061839 -0.01253758 -0.05801914
v 0.00077984 -0.01253936 -0.05807544
v 0.00042334 -0.01249902 -0.05897841
v 0.00050706 -0.01249994 -0.05901553
v 0.00159849 -0.01317596 -0.05218037
v 0.00136069 -0.01295242 -0.05375378
v 0.00139120 -0.01275747 -0.05546454
v 0.00111923 -0.01259882 -0.05721522
v 0.00093616 -0.01254108 -0.05814475
v 0.00058747 -0.01250082 -0.05905937
v 0.00186821 -0.01295803 -0.05388539
v 0.00262911 -0.01318734 -0.05246281
v 0.00236327 -0.01296349 -0.05405803
v 0.00361290 -0.01319818 -0.05288010
v 0.00284256 -0.01296876 -0.05427055
v 0.00330289 -0.01297382 -0.05452154
v 0.00245655 -0.01276920 -0.05593694
v 0.00278200 -0.01277277 -0.05615062
v 0.00176743 -0.01260594 -0.05756864
v 0.00196185 -0.01260807 -0.05772041
v 0.00136401 -0.01254577 -0.05842568
v 0.00148975 -0.01254714 -0.05854155
v 0.00080356 -0.01250319 -0.05922805
v 0.00085966 -0.01250380 -0.05928845
v 0.00453229 -0.01320827 -0.05342481
v 0.00374117 -0.01297863 -0.05480930
v 0.00308891 -0.01277613 -0.05639019
v 0.00214323 -0.01261005 -0.05788756
v 0.00159449 -0.01254828 -0.05865433
v 0.00091116 -0.01250436 -0.05935282
v 0.00415447 -0.01298315 -0.05513193
v 0.00537087 -0.01321745 -0.05408721
v 0.00454002 -0.01298736 -0.05548725
v 0.00611370 -0.01322554 -0.05485547
v 0.00486116 -0.01299086 -0.05583303
v 0.00515599 -0.01299406 -0.05620150
v 0.00383261 -0.01278423 -0.05718442
v 0.00403082 -0.01278637 -0.05747341
v 0.00255856 -0.01261455 -0.05840664
v 0.00267032 -0.01261576 -0.05859845
v 0.00185518 -0.01255110 -0.05903440
v 0.00192267 -0.01255182 -0.05917272
v 0.00103543 -0.01250570 -0.05956611
v 0.00106603 -0.01250602 -0.05964265
v 0.00674750 -0.01323240 -0.05571589
v 0.00542292 -0.01299694 -0.05659067
v 0.00420724 -0.01278827 -0.05777620
v 0.00276767 -0.01261680 -0.05879797
v 0.00197980 -0.01255243 -0.05931564
v 0.00109091 -0.01250628 -0.05972124
v 0.00566049 -0.01299950 -0.05699842
v 0.00726097 -0.01323792 -0.05665312
v 0.00586744 -0.01300171 -0.05742254
v 0.00604262 -0.01300357 -0.05786074
v 0.00449099 -0.01279129 -0.05841653
v 0.00459679 -0.01279240 -0.05875061
v 0.00291710 -0.01261837 -0.05921574
v 0.00296838 -0.01261890 -0.05943175
v 0.00206181 -0.01255328 -0.05961211
v 0.00208624 -0.01255353 -0.05976406
v 0.00112304 -0.01250661 -0.05988283
v 0.00113010 -0.01250667 -0.05996495
v 0.00764495 -0.01324199 -0.05765044
v 0.00618509 -0.01300507 -0.05831064
v 0.00467772 -0.01279323 -0.05909156
v 0.00300362 -0.01261925 -0.05965094
v 0.00209943 -0.01255364 -0.05991741
v 0.00113111 -0.01250666 -0.06004738
v 0.00789258 -0.01324453 -0.05869002
v 0.00629408 -0.01300619 -0.05876980
v 0.00473335 -0.01279379 -0.05943756
v 0.00302264 -0.01261942 -0.05987212
v 0.00210131 -0.01255363 -0.06007130
v 0.00112605 -0.01250659 -0.06012965
v 0.00636900 -0.01300693 -0.05923573
v 0.00799944 -0.01324551 -0.05975335
v 0.00640945 -0.01300729 -0.05970592
v 0.00641519 -0.01300726 -0.06017781
v 0.00476765 -0.01279403 -0.06013712
v 0.00474613 -0.01279373 -0.06048689
v 0.00301172 -0.01261921 -0.06031568
v 0.00298182 -0.01261884 -0.06053567
v 0.00207113 -0.01255324 -0.06037743
v 0.00203924 -0.01255286 -0.06052800
v 0.00109787 -0.01250625 -0.06029198
v 0.00107490 -0.01250598 -0.06037115
v 0.00796364 -0.01324491 -0.06082144
v 0.00638621 -0.01300685 -0.06064884
v 0.00469894 -0.01279313 -0.06083413
v 0.00293582 -0.01261829 -0.06075285
v 0.00199636 -0.01255235 -0.06067582
v 0.00104617 -0.01250564 -0.06044842
v 0.00632266 -0.01300605 -0.06111646
v 0.00778580 -0.01324274 -0.06187522
v 0.00622488 -0.01300488 -0.06157814
v 0.00609341 -0.01300333 -0.06203137
v 0.00452871 -0.01279112 -0.06151352
v 0.00440659 -0.01278970 -0.06184199
v 0.00279661 -0.01261666 -0.06117415
v 0.00270415 -0.01261560 -0.06137597
v 0.00187863 -0.01255099 -0.06096000
v 0.00180441 -0.01255014 -0.06109483
v 0.00097209 -0.01250479 -0.06059557
v 0.00092713 -0.01250428 -0.06066466
v 0.00746910 -0.01323903 -0.06289589
v 0.00592896 -0.01300142 -0.06247370
v 0.00426064 -0.01278802 -0.06216058
v 0.00259709 -0.01261437 -0.06157045
v 0.00172047 -0.01254919 -0.06122383
v 0.00087722 -0.01250372 -0.06073026
v 0.00573241 -0.01299916 -0.06290274
v 0.00701919 -0.01323385 -0.06386524
v 0.00550483 -0.01299656 -0.06331616
v 0.00644411 -0.01322730 -0.06476597
v 0.00524746 -0.01299362 -0.06371170
v 0.00496169 -0.01299038 -0.06408726
v 0.00368832 -0.01278150 -0.06304015
v 0.00345618 -0.01277887 -0.06330266
v 0.00219452 -0.01260980 -0.06209949
v 0.00203563 -0.01260801 -0.06225452
v 0.00141516 -0.01254573 -0.06156907
v 0.00129739 -0.01254441 -0.06166815
v 0.00070053 -0.01250172 -0.06090264
v 0.00063372 -0.01250097 -0.06095092
v 0.00575410 -0.01321948 -0.06558201
v 0.00464907 -0.01298685 -0.06444076
v 0.00320536 -0.01277604 -0.06354737
v 0.00186576 -0.01260610 -0.06239743
v 0.00117265 -0.01254301 -0.06175831
v 0.00056355 -0.01250019 -0.06099416
v 0.00431129 -0.01298304 -0.06477031
v 0.00496149 -0.01321055 -0.06629879
v 0.00395019 -0.01297897 -0.06507411
v 0.00356771 -0.01297467 -0.06535053
v 0.00265320 -0.01276984 -0.06397822
v 0.00235486 -0.01276649 -0.06416203
v 0.00149683 -0.01260196 -0.06264391
v 0.00129977 -0.01259975 -0.06274612
v 0.00090501 -0.01254001 -0.06190990
v 0.00076355 -0.01253843 -0.06197052
v 0.00041461 -0.01249852 -0.06106459
v 0.00033667 -0.01249765 -0.06109139
v 0.00408043 -0.01320066 -0.06690352
v 0.00316594 -0.01297017 -0.06559805
v 0.00204380 -0.01276301 -0.06432339
v 0.00109573 -0.01259747 -0.06283358
v 0.00061802 -0.01253680 -0.06202057
v 0.00025696 -0.01249676 -0.06111240
v 0.00274705 -0.01296548 -0.06581535
v 0.00312662 -0.01318999 -0.06738542
v 0.00231331 -0.01296063 -0.06600124
v 0.00211710 -0.01317872 -0.06773588
v 0.00186708 -0.01295565 -0.06615473
v 0.00141076 -0.01295057 -0.06627496
v 0.00105151 -0.01275194 -0.06466468
v 0.00070701 -0.01274810 -0.06472879
v 0.00045291 -0.01259031 -0.06300295
v 0.00094683 -0.01294541 -0.06636129
v 0.00017592 -0.01249586 -0.06112747
v 0.00049038 -0.01249937 -0.06103211
v 0.00076361 -0.01250243 -0.06084957
v 0.00082261 -0.01250310 -0.06079201
v 0.00101184 -0.01250525 -0.06052336
v 0.00111494 -0.01250645 -0.06021134
v 0.00110995 -0.01250648 -0.05980143
v 0.00099928 -0.01250531 -0.05949202
v 0.00095778 -0.01250486 -0.05942080
v 0.00073622 -0.01250245 -0.05916599
v 0.00066402 -0.01250166 -0.05910963
v 0.00033686 -0.01249806 -0.05894825
v 0.00024822 -0.01249709 -0.05892526
v -0.00011614 -0.01249305 -0.05890733
v -0.00020662 -0.01249204 -0.05892150
v -0.00062542 -0.01248736 -0.05909897
v -0.00093908 -0.01248382 -0.05942838
v -0.00109586 -0.01248200 -0.05985538
v -0.00110559 -0.01248187 -0.05994645
v -0.00106986 -0.01248220 -0.06030951
v -0.00104257 -0.01248248 -0.06039694
v -0.00086540 -0.01248439 -0.06071584
v -0.00080558 -0.01248504 -0.06078520
v -0.00051619 -0.01248820 -0.06100731
v -0.00043373 -0.01248911 -0.06104714
v -0.00034829 -0.01249005 -0.06108012
v -0.00026044 -0.01249102 -0.06110599
v -0.00017077 -0.01249201 -0.06112461
v 0.00031789 -0.01253346 -0.06208794
v 0.00046920 -0.01253515 -0.06205979
v -0.00076685 -0.01273175 -0.06471659
v -0.00114805 -0.01272754 -0.06463747
v -0.00048078 -0.01257995 -0.06299522
v -0.00072228 -0.01257728 -0.06294511
v -0.00095887 -0.01257467 -0.06287542
v -0.00032942 -0.01252628 -0.06208259
v -0.00049684 -0.01252443 -0.06204784
v -0.00066086 -0.01252262 -0.06199952
v -0.00082039 -0.01252086 -0.06193797
v -0.00257084 -0.01271188 -0.06402048
v -0.00182526 -0.01256515 -0.06241218
v -0.00139279 -0.01251458 -0.06156881
v -0.00288913 -0.01270839 -0.06379624
v -0.00201462 -0.01256308 -0.06225414
v -0.00151467 -0.01251325 -0.06144887
v -0.00394914 -0.01269685 -0.06266420
v -0.00262529 -0.01255645 -0.06148449
v -0.00189302 -0.01250917 -0.06088249
v -0.00415199 -0.01269466 -0.06233188
v -0.00273616 -0.01255527 -0.06126417
v -0.00195715 -0.01250849 -0.06072396
v -0.00467431 -0.01268915 -0.06087159
v -0.00299035 -0.01255263 -0.06031512
v -0.00207901 -0.01250726 -0.06005381
v -0.00472824 -0.01268862 -0.06048600
v -0.00300444 -0.01255252 -0.06006887
v -0.00207480 -0.01250734 -0.05988286
v -0.00452280 -0.01269127 -0.05856318
v -0.00277519 -0.01255529 -0.05886547
v -0.00184822 -0.01251001 -0.05906435
v -0.00356956 -0.01270217 -0.05688075
v -0.00208623 -0.01256313 -0.05785256
v -0.00131480 -0.01251606 -0.05840351
v -0.00202582 -0.01271952 -0.05571629
v -0.00105126 -0.01257474 -0.05719725
v -0.00056255 -0.01252448 -0.05800936
v -0.00166735 -0.01272353 -0.05556438
v -0.00081706 -0.01257735 -0.05711991
v -0.00039634 -0.01252633 -0.05796919
v -0.00014632 -0.01274046 -0.05526197
v 0.00015895 -0.01258820 -0.05700771
v 0.00028440 -0.01253389 -0.05794697
v 0.00024299 -0.01274478 -0.05526519
v 0.00040460 -0.01259092 -0.05702991
v 0.00045287 -0.01253575 -0.05797621
v 0.00175881 -0.01276153 -0.05559275
v 0.00134471 -0.01260130 -0.05731520
v 0.00108628 -0.01254273 -0.05822661
v 0.00211472 -0.01276545 -0.05575056
v 0.00156125 -0.01260368 -0.05743327
v 0.00122922 -0.01254430 -0.05832046
v 0.00337520 -0.01277926 -0.05665404
v 0.00229430 -0.01261169 -0.05805023
v 0.00169064 -0.01254933 -0.05877450
v 0.00361367 -0.01278185 -0.05691081
v 0.00243299 -0.01261319 -0.05822356
v 0.00177769 -0.01255027 -0.05890141
v 0.00436090 -0.01278991 -0.05809114
v 0.00285008 -0.01261767 -0.05900411
v 0.00202626 -0.01255292 -0.05946236
v 0.00476339 -0.01279405 -0.05978671
v 0.00302535 -0.01261941 -0.06009411
v 0.00209186 -0.01255350 -0.06022493
v 0.00462634 -0.01279226 -0.06117696
v 0.00287398 -0.01261756 -0.06096606
v 0.00194273 -0.01255173 -0.06082007
v 0.00409164 -0.01278608 -0.06246756
v 0.00247602 -0.01261299 -0.06175653
v 0.00162727 -0.01254813 -0.06134630
v 0.00390053 -0.01278391 -0.06276128
v 0.00234159 -0.01261147 -0.06193319
v 0.00152532 -0.01254698 -0.06146160
v 0.00293721 -0.01277303 -0.06377296
v 0.00168583 -0.01260408 -0.06252746
v 0.00104162 -0.01254154 -0.06183903
v 0.00172172 -0.01275941 -0.06446142
v 0.00088581 -0.01259513 -0.06290577
v 0.00139036 -0.01275571 -0.06457540
v 0.00067115 -0.01259274 -0.06296234
v -0.00000443 -0.01388264 -0.06802007
v -0.00107065 -0.01387082 -0.06794858
v -0.00211784 -0.01385925 -0.06773562
v -0.00312729 -0.01384812 -0.06738497
v -0.00408101 -0.01383763 -0.06690290
v -0.00496196 -0.01382797 -0.06629799
v -0.00575444 -0.01381932 -0.06558106
v -0.00644429 -0.01381182 -0.06476489
v -0.00701921 -0.01380562 -0.06386406
v -0.00746894 -0.01380082 -0.06289462
v -0.00778545 -0.01379750 -0.06187389
v -0.00796310 -0.01379573 -0.06082008
v -0.00799871 -0.01379554 -0.05975199
v -0.00789165 -0.01379694 -0.05868867
v -0.00764382 -0.01379989 -0.05764914
v -0.00725966 -0.01380434 -0.05665189
v -0.00674602 -0.01381022 -0.05571476
v -0.00611206 -0.01381742 -0.05485445
v -0.00536909 -0.01382581 -0.05408634
v -0.00453038 -0.01383524 -0.05342410
v -0.00361089 -0.01384554 -0.05287956
v -0.00262703 -0.01385654 -0.05246246
v -0.00159636 -0.01386803 -0.05218021
v -0.00053726 -0.01387980 -0.05203787
v 0.00053135 -0.01389166 -0.05203797
v 0.00159042 -0.01390338 -0.05218051
v 0.00262104 -0.01391476 -0.05246295
v 0.00360483 -0.01392559 -0.05288025
v 0.00452422 -0.01393568 -0.05342495
v 0.00536280 -0.01394486 -0.05408735
v 0.00610563 -0.01395295 -0.05485561
v 0.00673943 -0.01395982 -0.05571603
v 0.00725290 -0.01396533 -0.05665326
v 0.00763688 -0.01396940 -0.05765058
v 0.00788451 -0.01397195 -0.05869016
v 0.00799138 -0.01397293 -0.05975350
v 0.00795557 -0.01397233 -0.06082158
v 0.00777773 -0.01397015 -0.06187535
v 0.00746103 -0.01396644 -0.06289603
v 0.00701112 -0.01396126 -0.06386538
v 0.00643604 -0.01395471 -0.06476611
v 0.00574603 -0.01394690 -0.06558214
v 0.00495342 -0.01393797 -0.06629892
v 0.00407236 -0.01392808 -0.06690367
v 0.00311855 -0.01391740 -0.06738556
v 0.00210903 -0.01390614 -0.06773601
v 0.00106181 -0.01389448 -0.06794878
v -0.00001252 -0.01468006 -0.06002021
v -0.00001253 -0.01467286 -0.06101840
v 0.00008464 -0.01467478 -0.06133824
v -0.00001289 -0.01469663 -0.06197928
v 0.00013122 -0.01469823 -0.06197399
v 0.00017630 -0.01475641 -0.06259467
v 0.00027455 -0.01469982 -0.06195810
v 0.00036517 -0.01475851 -0.06257375
v 0.00041632 -0.01470140 -0.06193172
v 0.00055198 -0.01476059 -0.06253897
v 0.00055577 -0.01470295 -0.06189498
v 0.00073572 -0.01476264 -0.06249056
v 0.00069214 -0.01470448 -0.06184808
v 0.00091541 -0.01476464 -0.06242877
v 0.00082469 -0.01470596 -0.06179127
v 0.00109007 -0.01476660 -0.06235391
v 0.00095269 -0.01470739 -0.06172487
v 0.00125875 -0.01476848 -0.06226641
v 0.00107547 -0.01470877 -0.06164923
v 0.00142053 -0.01477030 -0.06216674
v 0.00119235 -0.01471008 -0.06156475
v 0.00157454 -0.01477203 -0.06205543
v 0.00130270 -0.01471132 -0.06147191
v 0.00171995 -0.01477366 -0.06193310
v 0.00140593 -0.01471249 -0.06137120
v 0.00185596 -0.01477520 -0.06180040
v 0.00150146 -0.01471357 -0.06126318
v 0.00198184 -0.01477662 -0.06165806
v 0.00158879 -0.01471456 -0.06114841
v 0.00209692 -0.01477793 -0.06150683
v 0.00166744 -0.01471545 -0.06102754
v 0.00220055 -0.01477911 -0.06134755
v 0.00173699 -0.01471625 -0.06090120
v 0.00229219 -0.01478016 -0.06118108
v 0.00179705 -0.01471694 -0.06077009
v 0.00237134 -0.01478107 -0.06100832
v 0.00184731 -0.01471752 -0.06063491
v 0.00243756 -0.01478184 -0.06083020
v 0.00188748 -0.01471800 -0.06049640
v 0.00249050 -0.01478246 -0.06064770
v 0.00191736 -0.01471835 -0.06035532
v 0.00252987 -0.01478293 -0.06046180
v 0.00193679 -0.01471860 -0.06021243
v 0.00255546 -0.01478325 -0.06027350
v 0.00194564 -0.01471872 -0.06006848
v 0.00256713 -0.01478342 -0.06008383
v 0.00194389 -0.01471873 -0.05992428
v 0.00256482 -0.01478343 -0.05989381
v 0.00193153 -0.01471862 -0.05978059
v 0.00254853 -0.01478329 -0.05970448
v 0.00190863 -0.01471840 -0.05963820
v 0.00251836 -0.01478299 -0.05951685
v 0.00187532 -0.01471805 -0.05949789
v 0.00247448 -0.01478254 -0.05933196
v 0.00183179 -0.01471760 -0.05936040
v 0.00241711 -0.01478193 -0.05915080
v 0.00177825 -0.01471703 -0.05922649
v 0.00234657 -0.01478119 -0.05897435
v 0.00171501 -0.01471635 -0.05909688
v 0.00226324 -0.01478029 -0.05880357
v 0.00164241 -0.01471557 -0.05897227
v 0.00216757 -0.01477926 -0.05863937
v 0.00156084 -0.01471469 -0.05885334
v 0.00206008 -0.01477810 -0.05848267
v 0.00147074 -0.01471371 -0.05874074
v 0.00194136 -0.01477681 -0.05833430
v 0.00137260 -0.01471264 -0.05863507
v 0.00181205 -0.01477541 -0.05819505
v 0.00125478 -0.01471136 -0.05852649
v 0.00165680 -0.01477371 -0.05805197
v 0.00112848 -0.01470997 -0.05842790
v 0.00149037 -0.01477189 -0.05792207
v 0.00099455 -0.01470851 -0.05833996
v 0.00131389 -0.01476996 -0.05780619
v 0.00085387 -0.01470696 -0.05826326
v 0.00112853 -0.01476792 -0.05770512
v 0.00070740 -0.01470535 -0.05819832
v 0.00093553 -0.01476579 -0.05761955
v 0.00055612 -0.01470368 -0.05814556
v 0.00073618 -0.01476360 -0.05755002
v 0.00040102 -0.01470197 -0.05810534
v 0.00053182 -0.01476134 -0.05749704
v 0.00024316 -0.01470022 -0.05807793
v 0.00032381 -0.01475904 -0.05746092
v 0.00008359 -0.01469845 -0.05806352
v 0.00011355 -0.01475671 -0.05744192
v -0.00007662 -0.01469668 -0.05806219
v -0.00009757 -0.01475437 -0.05744017
v -0.00023641 -0.01469490 -0.05807396
v -0.00030812 -0.01475203 -0.05745569
v -0.00039470 -0.01469314 -0.05809876
v -0.00051670 -0.01474971 -0.05748835
v -0.00055044 -0.01469141 -0.05813640
v -0.00072191 -0.01474742 -0.05753795
v -0.00070258 -0.01468971 -0.05818665
v -0.00092238 -0.01474519 -0.05760417
v -0.00085010 -0.01468806 -0.05824916
v -0.00111677 -0.01474301 -0.05768654
v -0.00099202 -0.01468647 -0.05832352
v -0.00130378 -0.01474092 -0.05778452
v -0.00112739 -0.01468495 -0.05840923
v -0.00148215 -0.01473892 -0.05789746
v -0.00125531 -0.01468352 -0.05850572
v -0.00165070 -0.01473703 -0.05802460
v -0.00137491 -0.01468217 -0.05861234
v -0.00180830 -0.01473525 -0.05816509
v -0.00148540 -0.01468092 -0.05872837
v -0.00195389 -0.01473361 -0.05831799
v -0.00158604 -0.01467978 -0.05885305
v -0.00208650 -0.01473210 -0.05848228
v -0.00167615 -0.01467875 -0.05898554
v -0.00220524 -0.01473075 -0.05865685
v -0.00175514 -0.01467785 -0.05912494
v -0.00230932 -0.01472956 -0.05884055
v -0.00182247 -0.01467708 -0.05927034
v -0.00239804 -0.01472854 -0.05903213
v -0.00187769 -0.01467643 -0.05942076
v -0.00247080 -0.01472769 -0.05923032
v -0.00192044 -0.01467593 -0.05957518
v -0.00252713 -0.01472703 -0.05943381
v -0.00195042 -0.01467557 -0.05973258
v -0.00256664 -0.01472655 -0.05964122
v -0.00196745 -0.01467535 -0.05989191
v -0.00258907 -0.01472626 -0.05985115
v -0.00197139 -0.01467527 -0.06005209
v -0.00259427 -0.01472617 -0.06006222
v -0.00196224 -0.01467534 -0.06021206
v -0.00258221 -0.01472626 -0.06027301
v -0.00194004 -0.01467556 -0.06037074
v -0.00255296 -0.01472654 -0.06048211
v -0.00190495 -0.01467592 -0.06052708
v -0.00250672 -0.01472702 -0.06068811
v -0.00185720 -0.01467642 -0.06068003
v -0.00244380 -0.01472768 -0.06088966
v -0.00179711 -0.01467706 -0.06082856
v -0.00236463 -0.01472852 -0.06108538
v -0.00172509 -0.01467783 -0.06097170
v -0.00226972 -0.01472953 -0.06127397
v -0.00164161 -0.01467873 -0.06110846
v -0.00215972 -0.01473072 -0.06145419
v -0.00154723 -0.01467975 -0.06123794
v -0.00203537 -0.01473206 -0.06162481
v -0.00144259 -0.01468089 -0.06135928
v -0.00189748 -0.01473356 -0.06178469
v -0.00132839 -0.01468213 -0.06147166
v -0.00174700 -0.01473521 -0.06193277
v -0.00120538 -0.01468348 -0.06157433
v -0.00158491 -0.01473698 -0.06206806
v -0.00107440 -0.01468491 -0.06166661
v -0.00141232 -0.01473887 -0.06218965
v -0.00093631 -0.01468643 -0.06174788
v -0.00123036 -0.01474087 -0.06229672
v -0.00079204 -0.01468802 -0.06181757
v -0.00104026 -0.01474296 -0.06238858
v -0.00064256 -0.01468966 -0.06187525
v -0.00084330 -0.01474513 -0.06246458
v -0.00048887 -0.01469136 -0.06192052
v -0.00064078 -0.01474736 -0.06252423
v -0.00033199 -0.01469309 -0.06195308
v -0.00043406 -0.01474965 -0.06256713
v -0.00017298 -0.01469485 -0.06197271
v -0.00022453 -0.01475197 -0.06259300
v -0.00001402 -0.01479074 -0.06290225
v -0.00032349 -0.01489320 -0.06377935
v -0.00001528 -0.01489661 -0.06379200
v -0.00001581 -0.01494047 -0.06427836
v -0.00037814 -0.01494852 -0.06443763
v -0.00001619 -0.01497015 -0.06481962
v -0.00044004 -0.01496901 -0.06518886
v -0.00001622 -0.01496780 -0.06540344
v -0.00047216 -0.01495051 -0.06558259
v -0.00001563 -0.01490926 -0.06599426
v -0.00050380 -0.01490385 -0.06597424
v -0.00053426 -0.01482451 -0.06635605
v -0.00105026 -0.01481880 -0.06629236
v -0.00110898 -0.01470366 -0.06665549
v -0.00164752 -0.01469770 -0.06654373
v -0.00173085 -0.01454521 -0.06688295
v -0.00228589 -0.01453908 -0.06671946
v -0.00238973 -0.01434858 -0.06703142
v -0.00295470 -0.01434235 -0.06681341
v -0.00307487 -0.01411375 -0.06709634
v -0.00364285 -0.01410750 -0.06682191
v -0.00418651 -0.01410153 -0.06650198
v -0.00470220 -0.01409588 -0.06613870
v -0.00518648 -0.01409059 -0.06573448
v -0.00451695 -0.01432520 -0.06589407
v -0.00498187 -0.01432011 -0.06550601
v -0.00431845 -0.01451674 -0.06563272
v -0.00476268 -0.01451189 -0.06526193
v -0.00410722 -0.01467064 -0.06535530
v -0.00452948 -0.01466603 -0.06500284
v -0.00388440 -0.01478760 -0.06506332
v -0.00428355 -0.01478323 -0.06473015
v -0.00365203 -0.01486916 -0.06475941
v -0.00402713 -0.01486506 -0.06444632
v -0.00341330 -0.01491810 -0.06444767
v -0.00376373 -0.01491427 -0.06415518
v -0.00317300 -0.01493889 -0.06413429
v -0.00349862 -0.01493533 -0.06386250
v -0.00271387 -0.01492278 -0.06353632
v -0.00299216 -0.01491974 -0.06330404
v -0.00231115 -0.01487129 -0.06301236
v -0.00254798 -0.01486871 -0.06281470
v 0.00026217 -0.01489969 -0.06378180
v 0.00053812 -0.01490276 -0.06375123
v 0.00081107 -0.01490580 -0.06370042
v 0.00107955 -0.01490879 -0.06362969
v 0.00134209 -0.01491172 -0.06353939
v 0.00159728 -0.01491457 -0.06343002
v 0.00184374 -0.01491733 -0.06330217
v 0.00208012 -0.01491998 -0.06315654
v 0.00230515 -0.01492251 -0.06299391
v 0.00251760 -0.01492490 -0.06281517
v 0.00271633 -0.01492714 -0.06262128
v 0.00290026 -0.01492922 -0.06241330
v 0.00306840 -0.01493113 -0.06219234
v 0.00321982 -0.01493286 -0.06195962
v 0.00335372 -0.01493439 -0.06171639
v 0.00346935 -0.01493572 -0.06146397
v 0.00356611 -0.01493684 -0.06120372
v 0.00364347 -0.01493775 -0.06093706
v 0.00370099 -0.01493844 -0.06066543
v 0.00373838 -0.01493891 -0.06039031
v 0.00375543 -0.01493915 -0.06011318
v 0.00375205 -0.01493917 -0.05983554
v 0.00372826 -0.01493896 -0.05955891
v 0.00368418 -0.01493852 -0.05928477
v 0.00362005 -0.01493786 -0.05901463
v 0.00353623 -0.01493698 -0.05874992
v 0.00343316 -0.01493589 -0.05849211
v 0.00331141 -0.01493459 -0.05824258
v 0.00317163 -0.01493308 -0.05800268
v 0.00301458 -0.01493138 -0.05777372
v 0.00284112 -0.01492950 -0.05755692
v 0.00265217 -0.01492744 -0.05735348
v 0.00242533 -0.01492497 -0.05714443
v 0.00218217 -0.01492231 -0.05695461
v 0.00192431 -0.01491948 -0.05678530
v 0.00165348 -0.01491650 -0.05663764
v 0.00137148 -0.01491340 -0.05651260
v 0.00108021 -0.01491019 -0.05641102
v 0.00078162 -0.01490689 -0.05633360
v 0.00047770 -0.01490353 -0.05628083
v 0.00017048 -0.01490013 -0.05625307
v -0.00013798 -0.01489670 -0.05625052
v -0.00044562 -0.01489329 -0.05627318
v -0.00075037 -0.01488990 -0.05632092
v -0.00105021 -0.01488656 -0.05639339
v -0.00134312 -0.01488329 -0.05649013
v -0.00162714 -0.01488012 -0.05661048
v -0.00190038 -0.01487706 -0.05675365
v -0.00216101 -0.01487413 -0.05691867
v -0.00240728 -0.01487137 -0.05710443
v -0.00263755 -0.01486877 -0.05730970
v -0.00285027 -0.01486637 -0.05753311
v -0.00304403 -0.01486417 -0.05777315
v -0.00321752 -0.01486220 -0.05802822
v -0.00336959 -0.01486046 -0.05829661
v -0.00349922 -0.01485897 -0.05857654
v -0.00360554 -0.01485773 -0.05886613
v -0.00368784 -0.01485676 -0.05916343
v -0.00374557 -0.01485606 -0.05946647
v -0.00377834 -0.01485564 -0.05977322
v -0.00378594 -0.01485550 -0.06008161
v -0.00376831 -0.01485563 -0.06038960
v -0.00372558 -0.01485605 -0.06069511
v -0.00365802 -0.01485674 -0.06099610
v -0.00356609 -0.01485770 -0.06129058
v -0.00345040 -0.01485893 -0.06157655
v -0.00331174 -0.01486042 -0.06185212
v -0.00315102 -0.01486215 -0.06211542
v -0.00296932 -0.01486412 -0.06236472
v -0.00276786 -0.01486631 -0.06259833
v 0.00031007 -0.01495615 -0.06444050
v 0.00036522 -0.01497794 -0.06519224
v 0.00039444 -0.01496013 -0.06558621
v 0.00042382 -0.01491414 -0.06597812
v 0.00045285 -0.01483546 -0.06636018
v 0.00086089 -0.01491900 -0.06592968
v 0.00091795 -0.01484063 -0.06630865
v 0.00129322 -0.01492381 -0.06584923
v 0.00137800 -0.01484575 -0.06622303
v 0.00171845 -0.01492855 -0.06573718
v 0.00183050 -0.01485080 -0.06610380
v 0.00213429 -0.01493319 -0.06559416
v 0.00227301 -0.01485573 -0.06595161
v 0.00253848 -0.01493770 -0.06542093
v 0.00270312 -0.01486054 -0.06576727
v 0.00292884 -0.01494207 -0.06521843
v 0.00311851 -0.01486519 -0.06555180
v 0.00330324 -0.01494627 -0.06498777
v 0.00351692 -0.01486966 -0.06530633
v 0.00365966 -0.01495027 -0.06473019
v 0.00389620 -0.01487392 -0.06503223
v 0.00399616 -0.01495406 -0.06444708
v 0.00425428 -0.01487795 -0.06473096
v 0.00431093 -0.01495761 -0.06413998
v 0.00458924 -0.01488173 -0.06440417
v 0.00460225 -0.01496091 -0.06381056
v 0.00489924 -0.01488523 -0.06405362
v 0.00486855 -0.01496393 -0.06346060
v 0.00518262 -0.01488845 -0.06368122
v 0.00510839 -0.01496666 -0.06309199
v 0.00543784 -0.01489136 -0.06328896
v 0.00532047 -0.01496909 -0.06270674
v 0.00566352 -0.01489394 -0.06287901
v 0.00550363 -0.01497120 -0.06230693
v 0.00585843 -0.01489618 -0.06245356
v 0.00565688 -0.01497298 -0.06189472
v 0.00602151 -0.01489807 -0.06201492
v 0.00577940 -0.01497442 -0.06147236
v 0.00615188 -0.01489961 -0.06156548
v 0.00587051 -0.01497551 -0.06104213
v 0.00624884 -0.01490077 -0.06110765
v 0.00592974 -0.01497625 -0.06060638
v 0.00631186 -0.01490156 -0.06064394
v 0.00595674 -0.01497664 -0.06016743
v 0.00634060 -0.01490197 -0.06017685
v 0.00595139 -0.01497666 -0.05972769
v 0.00633490 -0.01490200 -0.05970891
v 0.00591370 -0.01497633 -0.05928953
v 0.00629479 -0.01490164 -0.05924266
v 0.00584388 -0.01497564 -0.05885534
v 0.00622050 -0.01490091 -0.05878061
v 0.00574231 -0.01497459 -0.05842746
v 0.00611242 -0.01489979 -0.05832529
v 0.00560954 -0.01497320 -0.05800821
v 0.00597114 -0.01489831 -0.05787916
v 0.00544630 -0.01497147 -0.05759986
v 0.00579742 -0.01489647 -0.05744462
v 0.00525345 -0.01496940 -0.05720463
v 0.00559221 -0.01489427 -0.05702404
v 0.00503206 -0.01496702 -0.05682465
v 0.00535662 -0.01489174 -0.05661970
v 0.00478332 -0.01496433 -0.05646200
v 0.00509192 -0.01488888 -0.05623379
v 0.00450857 -0.01496135 -0.05611863
v 0.00479955 -0.01488570 -0.05586839
v 0.00420931 -0.01495809 -0.05579640
v 0.00448110 -0.01488224 -0.05552550
v 0.00385002 -0.01495417 -0.05546528
v 0.00409877 -0.01487806 -0.05517315
v 0.00346488 -0.01494996 -0.05516464
v 0.00368893 -0.01487358 -0.05485323
v 0.00305646 -0.01494548 -0.05489647
v 0.00325431 -0.01486881 -0.05456786
v 0.00262749 -0.01494076 -0.05466259
v 0.00279783 -0.01486379 -0.05431898
v 0.00218084 -0.01493585 -0.05446455
v 0.00232254 -0.01485856 -0.05410822
v 0.00171951 -0.01493076 -0.05430366
v 0.00183162 -0.01485315 -0.05393703
v 0.00124657 -0.01492554 -0.05418102
v 0.00132835 -0.01484759 -0.05380652
v 0.00076519 -0.01492021 -0.05409744
v 0.00081610 -0.01484193 -0.05371759
v 0.00027859 -0.01491482 -0.05405349
v 0.00029830 -0.01483619 -0.05367081
v -0.00020998 -0.01490940 -0.05404944
v -0.00022160 -0.01483042 -0.05366650
v -0.00069724 -0.01490399 -0.05408534
v -0.00074011 -0.01482467 -0.05370471
v -0.00117993 -0.01489862 -0.05416094
v -0.00125376 -0.01481895 -0.05378516
v -0.00165484 -0.01489333 -0.05427574
v -0.00175912 -0.01481332 -0.05390731
v -0.00211877 -0.01488816 -0.05442896
v -0.00225281 -0.01480781 -0.05407036
v -0.00256863 -0.01488313 -0.05461958
v -0.00273152 -0.01480246 -0.05427321
v -0.00300141 -0.01487828 -0.05484634
v -0.00319206 -0.01479731 -0.05451451
v -0.00341422 -0.01487365 -0.05510771
v -0.00363133 -0.01479238 -0.05479264
v -0.00380428 -0.01486927 -0.05540194
v -0.00404641 -0.01478772 -0.05510574
v -0.00416900 -0.01486516 -0.05572706
v -0.00443452 -0.01478335 -0.05545171
v -0.00450592 -0.01486136 -0.05608090
v -0.00479305 -0.01477930 -0.05582825
v -0.00481281 -0.01485788 -0.05646110
v -0.00511962 -0.01477559 -0.05623283
v -0.00508760 -0.01485475 -0.05686510
v -0.00541204 -0.01477227 -0.05666274
v -0.00532846 -0.01485200 -0.05729022
v -0.00566834 -0.01476934 -0.05711512
v -0.00553378 -0.01484963 -0.05773358
v -0.00588682 -0.01476682 -0.05758692
v -0.00570218 -0.01484768 -0.05819225
v -0.00606602 -0.01476474 -0.05807500
v -0.00583253 -0.01484614 -0.05866315
v -0.00620474 -0.01476311 -0.05857610
v -0.00592397 -0.01484503 -0.05914313
v -0.00630204 -0.01476193 -0.05908686
v -0.00597588 -0.01484437 -0.05962897
v -0.00635728 -0.01476122 -0.05960387
v -0.00598791 -0.01484414 -0.06011744
v -0.00637009 -0.01476097 -0.06012365
v -0.00595999 -0.01484435 -0.06060525
v -0.00634038 -0.01476120 -0.06064275
v -0.00589231 -0.01484501 -0.06108915
v -0.00626835 -0.01476190 -0.06115768
v -0.00578530 -0.01484611 -0.06156590
v -0.00615448 -0.01476307 -0.06166501
v -0.00563970 -0.01484763 -0.06203231
v -0.00599954 -0.01476469 -0.06216132
v -0.00545647 -0.01484958 -0.06248526
v -0.00580455 -0.01476676 -0.06264333
v -0.00523683 -0.01485193 -0.06292171
v -0.00557084 -0.01476927 -0.06310778
v -0.00498227 -0.01485467 -0.06333876
v -0.00529995 -0.01477219 -0.06355157
v -0.00469448 -0.01485779 -0.06373361
v -0.00499370 -0.01477550 -0.06397174
v -0.00437539 -0.01486126 -0.06410363
v -0.00465415 -0.01477919 -0.06436548
v -0.00001422 -0.01477759 -0.06656352
v 0.00048116 -0.01472128 -0.06672724
v 0.00097319 -0.01472675 -0.06667273
v 0.00145987 -0.01473217 -0.06658217
v 0.00193858 -0.01473750 -0.06645603
v 0.00240671 -0.01474273 -0.06629502
v 0.00286173 -0.01474781 -0.06610001
v 0.00330117 -0.01475273 -0.06587204
v 0.00372265 -0.01475746 -0.06561238
v 0.00412388 -0.01476196 -0.06532240
v 0.00450270 -0.01476623 -0.06500369
v 0.00485705 -0.01477022 -0.06465799
v 0.00518501 -0.01477393 -0.06428714
v 0.00548480 -0.01477734 -0.06389317
v 0.00575479 -0.01478041 -0.06347821
v 0.00599353 -0.01478314 -0.06304451
v 0.00619973 -0.01478552 -0.06259443
v 0.00637225 -0.01478752 -0.06213040
v 0.00651017 -0.01478914 -0.06165493
v 0.00661275 -0.01479037 -0.06117060
v 0.00667942 -0.01479121 -0.06068004
v 0.00670982 -0.01479164 -0.06018590
v 0.00670379 -0.01479167 -0.05969087
v 0.00666136 -0.01479129 -0.05919761
v 0.00658276 -0.01479051 -0.05870882
v 0.00646843 -0.01478934 -0.05822713
v 0.00631896 -0.01478777 -0.05775516
v 0.00613519 -0.01478582 -0.05729547
v 0.00591810 -0.01478350 -0.05685054
v 0.00566886 -0.01478081 -0.05642278
v 0.00538884 -0.01477779 -0.05601453
v 0.00507954 -0.01477443 -0.05562798
v 0.00474265 -0.01477076 -0.05526523
v 0.00433819 -0.01476635 -0.05489247
v 0.00390461 -0.01476160 -0.05455402
v 0.00344483 -0.01475656 -0.05425215
v 0.00296192 -0.01475125 -0.05398885
v 0.00245911 -0.01474572 -0.05376589
v 0.00193977 -0.01473999 -0.05358478
v 0.00140736 -0.01473411 -0.05344672
v 0.00086545 -0.01472812 -0.05335263
v 0.00031766 -0.01472205 -0.05330314
v -0.00023234 -0.01471595 -0.05329859
v -0.00078087 -0.01470986 -0.05333900
v -0.00132426 -0.01470381 -0.05342411
v -0.00185888 -0.01469786 -0.05355334
v -0.00238116 -0.01469203 -0.05372583
v -0.00288759 -0.01468637 -0.05394044
v -0.00337479 -0.01468092 -0.05419570
v -0.00383950 -0.01467571 -0.05448993
v -0.00427861 -0.01467077 -0.05482116
v -0.00468919 -0.01466615 -0.05518717
v -0.00506849 -0.01466186 -0.05558550
v -0.00541396 -0.01465795 -0.05601351
v -0.00572331 -0.01465443 -0.05646832
v -0.00599445 -0.01465133 -0.05694688
v -0.00622559 -0.01464867 -0.05744601
v -0.00641516 -0.01464647 -0.05796235
v -0.00656191 -0.01464474 -0.05849247
v -0.00666484 -0.01464349 -0.05903279
v -0.00672328 -0.01464274 -0.05957973
v -0.00673683 -0.01464248 -0.06012962
v -0.00670540 -0.01464272 -0.06067878
v -0.00662920 -0.01464346 -0.06122352
v -0.00650874 -0.01464470 -0.06176022
v -0.00634483 -0.01464641 -0.06228528
v -0.00613855 -0.01464860 -0.06279518
v -0.00589131 -0.01465125 -0.06328653
v -0.00560473 -0.01465434 -0.06375601
v -0.00528075 -0.01465785 -0.06420052
v -0.00492154 -0.01466175 -0.06461706
v -0.00001190 -0.01456423 -0.06709514
v 0.00050853 -0.01457001 -0.06707601
v 0.00102615 -0.01457577 -0.06701866
v 0.00153815 -0.01458146 -0.06692338
v 0.00204175 -0.01458708 -0.06679069
v 0.00253422 -0.01459257 -0.06662130
v 0.00301290 -0.01459792 -0.06641615
v 0.00347519 -0.01460310 -0.06617633
v 0.00391859 -0.01460807 -0.06590316
v 0.00434069 -0.01461281 -0.06559811
v 0.00473921 -0.01461729 -0.06526282
v 0.00511199 -0.01462150 -0.06489914
v 0.00545700 -0.01462540 -0.06450900
v 0.00577238 -0.01462898 -0.06409455
v 0.00605642 -0.01463221 -0.06365801
v 0.00630758 -0.01463509 -0.06320176
v 0.00652449 -0.01463759 -0.06272827
v 0.00670599 -0.01463969 -0.06224011
v 0.00685108 -0.01464140 -0.06173991
v 0.00695899 -0.01464269 -0.06123039
v 0.00702913 -0.01464357 -0.06071432
v 0.00706111 -0.01464403 -0.06019449
v 0.00705477 -0.01464406 -0.05967370
v 0.00701013 -0.01464366 -0.05915480
v 0.00692745 -0.01464284 -0.05864059
v 0.00680716 -0.01464161 -0.05813385
v 0.00664993 -0.01463996 -0.05763734
v 0.00645660 -0.01463791 -0.05715374
v 0.00622822 -0.01463546 -0.05668567
v 0.00596602 -0.01463264 -0.05623568
v 0.00567144 -0.01462946 -0.05580618
v 0.00534606 -0.01462592 -0.05539954
v 0.00499164 -0.01462207 -0.05501792
v 0.00456614 -0.01461742 -0.05462578
v 0.00411002 -0.01461243 -0.05426973
v 0.00362633 -0.01460712 -0.05395215
v 0.00311831 -0.01460154 -0.05367516
v 0.00258935 -0.01459572 -0.05344061
v 0.00204300 -0.01458970 -0.05325009
v 0.00148290 -0.01458351 -0.05310484
v 0.00091281 -0.01457721 -0.05300586
v 0.00033653 -0.01457082 -0.05295379
v -0.00024207 -0.01456440 -0.05294902
v -0.00081913 -0.01455799 -0.05299152
v -0.00139078 -0.01455164 -0.05308106
v -0.00195320 -0.01454537 -0.05321701
v -0.00250263 -0.01453924 -0.05339848
v -0.00303540 -0.01453329 -0.05362423
v -0.00354794 -0.01452755 -0.05389278
v -0.00403682 -0.01452207 -0.05420231
v -0.00449876 -0.01451688 -0.05455076
v -0.00493070 -0.01451201 -0.05493580
v -0.00532972 -0.01450750 -0.05535485
v -0.00569316 -0.01450338 -0.05580511
v -0.00601859 -0.01449968 -0.05628357
v -0.00630384 -0.01449642 -0.05678703
v -0.00654699 -0.01449362 -0.05731211
v -0.00674642 -0.01449130 -0.05785530
v -0.00690080 -0.01448948 -0.05841298
v -0.00700909 -0.01448817 -0.05898141
v -0.00707057 -0.01448738 -0.05955680
v -0.00708482 -0.01448711 -0.06013528
v -0.00705176 -0.01448737 -0.06071299
v -0.00697159 -0.01448815 -0.06128607
v -0.00684487 -0.01448944 -0.06185067
v -0.00667243 -0.01449125 -0.06240304
v -0.00645543 -0.01449355 -0.06293946
v -0.00619533 -0.01449634 -0.06345636
v -0.00589385 -0.01449959 -0.06395026
v -0.00555302 -0.01450328 -0.06441788
v -0.00517512 -0.01450739 -0.06485609
v 0.00053484 -0.01438095 -0.06740458
v -0.00000864 -0.01426601 -0.06758144
v 0.00056002 -0.01415395 -0.06771214
v 0.00168247 -0.01416644 -0.06754573
v 0.00112431 -0.01416023 -0.06764961
v 0.00107656 -0.01438697 -0.06734455
v 0.00276836 -0.01417855 -0.06721643
v 0.00223148 -0.01417256 -0.06740108
v 0.00213946 -0.01439881 -0.06710597
v 0.00161241 -0.01439293 -0.06724484
v 0.00329020 -0.01418438 -0.06699277
v 0.00379417 -0.01419002 -0.06673133
v 0.00427755 -0.01419544 -0.06643353
v 0.00410371 -0.01442077 -0.06617711
v 0.00454547 -0.01442574 -0.06585785
v 0.00473771 -0.01420061 -0.06610097
v 0.00496255 -0.01443043 -0.06550695
v 0.00517217 -0.01420550 -0.06573546
v 0.00557855 -0.01421008 -0.06533898
v 0.00595468 -0.01421434 -0.06491367
v 0.00571377 -0.01443892 -0.06471802
v 0.00604384 -0.01444266 -0.06428427
v 0.00629849 -0.01421824 -0.06446183
v 0.00634111 -0.01444605 -0.06382740
v 0.00660814 -0.01422177 -0.06398594
v 0.00688194 -0.01422490 -0.06348855
v 0.00711842 -0.01422762 -0.06297237
v 0.00731628 -0.01422992 -0.06244019
v 0.00702093 -0.01445387 -0.06234346
v 0.00717278 -0.01445566 -0.06181997
v 0.00747446 -0.01423178 -0.06189489
v 0.00728571 -0.01445702 -0.06128672
v 0.00759209 -0.01423319 -0.06133943
v 0.00766855 -0.01423415 -0.06077683
v 0.00770342 -0.01423464 -0.06021012
v 0.00739259 -0.01445841 -0.06020257
v 0.00738595 -0.01445844 -0.05965753
v 0.00769650 -0.01423468 -0.05964239
v 0.00733924 -0.01445803 -0.05911446
v 0.00764785 -0.01423424 -0.05907669
v 0.00755771 -0.01423335 -0.05851611
v 0.00742658 -0.01423200 -0.05796368
v 0.00712681 -0.01445588 -0.05804597
v 0.00696226 -0.01445415 -0.05752633
v 0.00725516 -0.01423021 -0.05742241
v 0.00675992 -0.01445200 -0.05702021
v 0.00704440 -0.01422797 -0.05689520
v 0.00652090 -0.01444945 -0.05653034
v 0.00679543 -0.01422531 -0.05638493
v 0.00650959 -0.01422223 -0.05589436
v 0.00618844 -0.01421876 -0.05542615
v 0.00593819 -0.01444316 -0.05560989
v 0.00559766 -0.01443946 -0.05518430
v 0.00583372 -0.01421491 -0.05498282
v 0.00522674 -0.01443543 -0.05478492
v 0.00544735 -0.01421070 -0.05456680
v 0.00498349 -0.01420564 -0.05413931
v 0.00448624 -0.01420020 -0.05375116
v 0.00395894 -0.01419441 -0.05340494
v 0.00379784 -0.01441979 -0.05366951
v 0.00326616 -0.01441395 -0.05337962
v 0.00340511 -0.01418833 -0.05310297
v 0.00271257 -0.01440785 -0.05313415
v 0.00282846 -0.01418198 -0.05284728
v 0.00223284 -0.01417541 -0.05263957
v 0.00162224 -0.01416867 -0.05248123
v 0.00100074 -0.01416180 -0.05237332
v 0.00095794 -0.01438848 -0.05267914
v 0.00035483 -0.01438180 -0.05262467
v 0.00037251 -0.01415484 -0.05231657
v -0.00025072 -0.01437508 -0.05261965
v -0.00025826 -0.01414784 -0.05231135
v -0.00088735 -0.01414085 -0.05235770
v -0.00151054 -0.01413392 -0.05245531
v -0.00212368 -0.01412709 -0.05260351
v -0.00204154 -0.01435516 -0.05290013
v -0.00261656 -0.01434874 -0.05309005
v -0.00272265 -0.01412041 -0.05280134
v -0.00317414 -0.01434251 -0.05332631
v -0.00330346 -0.01411392 -0.05304745
v -0.00386221 -0.01410766 -0.05334021
v -0.00439517 -0.01410169 -0.05367765
v -0.00489877 -0.01409603 -0.05405752
v -0.00470566 -0.01432534 -0.05429600
v -0.00515771 -0.01432024 -0.05469897
v -0.00536964 -0.01409072 -0.05447728
v -0.00557531 -0.01431553 -0.05513754
v -0.00580464 -0.01408581 -0.05493412
v -0.00595568 -0.01431122 -0.05560877
v -0.00620086 -0.01408132 -0.05542498
v -0.00655563 -0.01407728 -0.05594657
v -0.00686660 -0.01407373 -0.05649542
v -0.00659480 -0.01430393 -0.05663641
v -0.00684928 -0.01430100 -0.05718594
v -0.00713168 -0.01407068 -0.05706785
v -0.00705800 -0.01429857 -0.05775445
v -0.00734909 -0.01406815 -0.05766002
v -0.00721957 -0.01429667 -0.05833809
v -0.00751739 -0.01406617 -0.05826800
v -0.00763544 -0.01406474 -0.05888767
v -0.00770246 -0.01406387 -0.05951494
v -0.00739724 -0.01429447 -0.05953518
v -0.00741215 -0.01429419 -0.06014060
v -0.00771800 -0.01406358 -0.06014558
v -0.00737755 -0.01429445 -0.06074522
v -0.00768195 -0.01406386 -0.06077538
v -0.00729365 -0.01429527 -0.06134499
v -0.00759456 -0.01406471 -0.06140013
v -0.00745641 -0.01406612 -0.06201565
v -0.00726842 -0.01406809 -0.06261781
v -0.00703186 -0.01407060 -0.06320260
v -0.00675345 -0.01430093 -0.06307538
v -0.00648123 -0.01430384 -0.06361635
v -0.00674830 -0.01407364 -0.06376610
v -0.00616572 -0.01430725 -0.06413326
v -0.00641964 -0.01407718 -0.06430455
v -0.00604808 -0.01408121 -0.06481433
v -0.00563611 -0.01408568 -0.06529204
v -0.00248637 -0.01412023 -0.06732342
v -0.00188128 -0.01412691 -0.06750166
v -0.00126365 -0.01413374 -0.06762984
v -0.00121590 -0.01436154 -0.06732558
v -0.00061489 -0.01436819 -0.06739978
v -0.00059004 -0.01455783 -0.06707142
v -0.00056311 -0.01470970 -0.06672288
v -0.00063760 -0.01414067 -0.06770711
v -0.00012057 -0.01467251 -0.06133739
v -0.00022784 -0.01467132 -0.06132415
v -0.00033367 -0.01467015 -0.06130218
v -0.00043736 -0.01466901 -0.06127163
v -0.00053820 -0.01466790 -0.06123272
v -0.00063552 -0.01466682 -0.06118570
v -0.00072868 -0.01466580 -0.06113089
v -0.00081704 -0.01466483 -0.06106864
v -0.00090002 -0.01466393 -0.06099937
v -0.00097707 -0.01466309 -0.06092357
v -0.00104766 -0.01466232 -0.06084171
v -0.00111133 -0.01466163 -0.06075435
v -0.00116764 -0.01466102 -0.06066209
v -0.00121623 -0.01466050 -0.06056553
v -0.00125677 -0.01466007 -0.06046533
v -0.00128898 -0.01465973 -0.06036215
v -0.00131265 -0.01465949 -0.06025667
v -0.00132762 -0.01465935 -0.06014963
v -0.00133380 -0.01465930 -0.06004171
v -0.00133114 -0.01465935 -0.05993365
v -0.00131965 -0.01465950 -0.05982617
v -0.00129943 -0.01465974 -0.05971999
v -0.00127059 -0.01466008 -0.05961581
v -0.00123333 -0.01466051 -0.05951434
v -0.00118791 -0.01466104 -0.05941626
v -0.00113463 -0.01466165 -0.05932221
v -0.00107384 -0.01466234 -0.05923283
v -0.00100595 -0.01466311 -0.05914872
v -0.00093141 -0.01466395 -0.05907045
v -0.00085072 -0.01466486 -0.05899851
v -0.00076443 -0.01466583 -0.05893342
v -0.00067311 -0.01466685 -0.05887561
v -0.00057737 -0.01466792 -0.05882544
v -0.00047784 -0.01466904 -0.05878327
v -0.00037521 -0.01467018 -0.05874937
v -0.00027015 -0.01467135 -0.05872397
v -0.00016336 -0.01467254 -0.05870725
v -0.00005557 -0.01467374 -0.05869931
v 0.00005251 -0.01467494 -0.05870020
v 0.00016016 -0.01467613 -0.05870993
v 0.00026666 -0.01467731 -0.05872842
v 0.00037128 -0.01467846 -0.05875555
v 0.00047334 -0.01467959 -0.05879114
v 0.00057215 -0.01468067 -0.05883495
v 0.00066705 -0.01468172 -0.05888670
v 0.00075740 -0.01468271 -0.05894602
v 0.00084261 -0.01468364 -0.05901253
v 0.00092209 -0.01468451 -0.05908578
v 0.00098830 -0.01468523 -0.05915707
v 0.00104908 -0.01468589 -0.05923303
v 0.00110411 -0.01468648 -0.05931326
v 0.00115309 -0.01468701 -0.05939732
v 0.00119575 -0.01468747 -0.05948476
v 0.00123186 -0.01468785 -0.05957509
v 0.00126123 -0.01468816 -0.05966784
v 0.00128370 -0.01468839 -0.05976251
v 0.00129915 -0.01468854 -0.05985856
v 0.00130749 -0.01468862 -0.05995549
v 0.00130867 -0.01468861 -0.06005277
v 0.00130270 -0.01468853 -0.06014987
v 0.00128959 -0.01468836 -0.06024628
v 0.00126944 -0.01468812 -0.06034145
v 0.00124233 -0.01468780 -0.06043490
v 0.00120843 -0.01468741 -0.06052609
v 0.00116791 -0.01468694 -0.06061453
v 0.00112099 -0.01468640 -0.06069976
v 0.00106794 -0.01468580 -0.06078130
v 0.00100902 -0.01468513 -0.06085873
v 0.00094457 -0.01468440 -0.06093160
v 0.00087494 -0.01468362 -0.06099954
v 0.00080049 -0.01468278 -0.06106218
v 0.00072165 -0.01468189 -0.06111916
v 0.00063882 -0.01468096 -0.06117018
v 0.00055246 -0.01468000 -0.06121498
v 0.00046304 -0.01467900 -0.06125330
v 0.00037105 -0.01467797 -0.06128495
v 0.00027698 -0.01467692 -0.06130973
v 0.00018134 -0.01467586 -0.06132754
v 0.00080276 -0.01496466 -0.06554097
v 0.00120664 -0.01496916 -0.06546581
v 0.00160391 -0.01497359 -0.06536113
v 0.00199239 -0.01497792 -0.06522752
v 0.00237000 -0.01498214 -0.06506569
v 0.00273467 -0.01498622 -0.06487650
v 0.00308444 -0.01499014 -0.06466102
v 0.00341742 -0.01499388 -0.06442037
v 0.00373179 -0.01499742 -0.06415589
v 0.00402585 -0.01500074 -0.06386898
v 0.00429801 -0.01500382 -0.06356124
v 0.00454680 -0.01500664 -0.06323429
v 0.00477086 -0.01500919 -0.06288994
v 0.00496898 -0.01501146 -0.06253003
v 0.00514009 -0.01501343 -0.06215652
v 0.00528326 -0.01501509 -0.06177143
v 0.00539772 -0.01501644 -0.06137685
v 0.00548285 -0.01501746 -0.06097493
v 0.00553817 -0.01501815 -0.06056782
v 0.00556340 -0.01501851 -0.06015775
v 0.00555840 -0.01501853 -0.05974694
v 0.00552319 -0.01501822 -0.05933761
v 0.00545796 -0.01501758 -0.05893197
v 0.00536308 -0.01501660 -0.05853224
v 0.00523904 -0.01501530 -0.05814057
v 0.00508653 -0.01501368 -0.05775908
v 0.00490638 -0.01501176 -0.05738985
v 0.00469955 -0.01500953 -0.05703487
v 0.00446716 -0.01500702 -0.05669608
v 0.00421049 -0.01500423 -0.05637529
v 0.00393091 -0.01500119 -0.05607425
v 0.00359526 -0.01499752 -0.05576492
v 0.00323545 -0.01499359 -0.05548405
v 0.00285390 -0.01498940 -0.05523353
v 0.00245315 -0.01498500 -0.05501502
v 0.00203588 -0.01498040 -0.05483001
v 0.00160489 -0.01497565 -0.05467971
v 0.00116306 -0.01497077 -0.05456513
v 0.00071335 -0.01496580 -0.05448705
v 0.00025876 -0.01496076 -0.05444599
v -0.00019767 -0.01495570 -0.05444221
v -0.00065288 -0.01495065 -0.05447574
v -0.00110382 -0.01494563 -0.05454637
v -0.00154748 -0.01494069 -0.05465361
v -0.00198090 -0.01493585 -0.05479676
v -0.00240117 -0.01493115 -0.05497485
v -0.00280548 -0.01492663 -0.05518669
v -0.00319113 -0.01492230 -0.05543086
v -0.00355554 -0.01491821 -0.05570574
v -0.00389626 -0.01491437 -0.05600947
v -0.00421103 -0.01491081 -0.05634004
v -0.00449773 -0.01490757 -0.05669523
v -0.00475444 -0.01490465 -0.05707266
v -0.00497946 -0.01490207 -0.05746980
v -0.00517127 -0.01489986 -0.05788401
v -0.00532859 -0.01489804 -0.05831251
v -0.00545037 -0.01489660 -0.05875243
v -0.00553579 -0.01489557 -0.05920083
v -0.00558429 -0.01489494 -0.05965472
v -0.00559553 -0.01489473 -0.06011105
v -0.00556945 -0.01489493 -0.06056678
v -0.00550621 -0.01489555 -0.06101884
v -0.00540625 -0.01489657 -0.06146423
v -0.00527022 -0.01489799 -0.06189996
v -0.00509904 -0.01489981 -0.06232312
v -0.00489386 -0.01490201 -0.06273086
v -0.00465604 -0.01490457 -0.06312048
v -0.00438718 -0.01490748 -0.06348936
v -0.00408908 -0.01491072 -0.06383503
v 0.00074463 -0.01498216 -0.06515019
v 0.00111993 -0.01498633 -0.06508035
v 0.00148907 -0.01499045 -0.06498309
v 0.00185006 -0.01499448 -0.06485893
v 0.00220093 -0.01499840 -0.06470855
v 0.00253980 -0.01500219 -0.06453276
v 0.00286481 -0.01500583 -0.06433253
v 0.00317422 -0.01500931 -0.06410892
v 0.00346633 -0.01501260 -0.06386316
v 0.00373958 -0.01501568 -0.06359656
v 0.00399248 -0.01501854 -0.06331061
v 0.00422365 -0.01502116 -0.06300680
v 0.00443185 -0.01502354 -0.06268682
v 0.00461595 -0.01502564 -0.06235238
v 0.00477495 -0.01502747 -0.06200531
v 0.00490799 -0.01502902 -0.06164748
v 0.00501435 -0.01503027 -0.06128084
v 0.00509344 -0.01503122 -0.06090736
v 0.00514485 -0.01503186 -0.06052907
v 0.00516830 -0.01503219 -0.06014803
v 0.00516365 -0.01503222 -0.05976630
v 0.00513093 -0.01503193 -0.05938594
v 0.00507032 -0.01503133 -0.05900901
v 0.00498215 -0.01503042 -0.05863757
v 0.00486690 -0.01502921 -0.05827362
v 0.00472519 -0.01502771 -0.05791914
v 0.00455778 -0.01502592 -0.05757605
v 0.00436559 -0.01502385 -0.05724620
v 0.00414966 -0.01502151 -0.05693137
v 0.00391115 -0.01501892 -0.05663330
v 0.00365137 -0.01501610 -0.05635357
v 0.00333947 -0.01501269 -0.05606613
v 0.00300513 -0.01500903 -0.05580514
v 0.00265058 -0.01500514 -0.05557236
v 0.00227820 -0.01500105 -0.05536932
v 0.00189047 -0.01499678 -0.05519740
v 0.00148999 -0.01499237 -0.05505774
v 0.00107943 -0.01498783 -0.05495127
v 0.00066155 -0.01498321 -0.05487872
v 0.00023914 -0.01497853 -0.05484055
v -0.00018498 -0.01497383 -0.05483704
v -0.00060797 -0.01496913 -0.05486821
v -0.00102699 -0.01496447 -0.05493383
v -0.00143925 -0.01495988 -0.05503349
v -0.00184199 -0.01495538 -0.05516651
v -0.00223251 -0.01495102 -0.05533198
v -0.00260820 -0.01494681 -0.05552883
v -0.00296656 -0.01494280 -0.05575572
v -0.00330517 -0.01493899 -0.05601114
v -0.00362177 -0.01493542 -0.05629338
v -0.00391426 -0.01493212 -0.05660055
v -0.00418067 -0.01492910 -0.05693058
v -0.00441921 -0.01492639 -0.05728130
v -0.00462830 -0.01492400 -0.05765034
v -0.00480653 -0.01492195 -0.05803522
v -0.00495272 -0.01492025 -0.05843339
v -0.00506587 -0.01491891 -0.05884218
v -0.00514525 -0.01491795 -0.05925884
v -0.00519032 -0.01491737 -0.05968060
v -0.00520076 -0.01491717 -0.06010463
v -0.00517653 -0.01491736 -0.06052810
v -0.00511777 -0.01491793 -0.06094816
v -0.00502488 -0.01491888 -0.06136203
v -0.00489848 -0.01492021 -0.06176692
v -0.00473942 -0.01492190 -0.06216011
v -0.00454876 -0.01492394 -0.06253900
v -0.00432777 -0.01492632 -0.06290104
v -0.00407795 -0.01492902 -0.06324381
v -0.00380094 -0.01493204 -0.06356501
v 0.00063434 -0.01495976 -0.06440456
v 0.00095509 -0.01496333 -0.06434488
v 0.00127058 -0.01496684 -0.06426175
v 0.00157910 -0.01497028 -0.06415564
v 0.00187898 -0.01497364 -0.06402712
v 0.00216859 -0.01497688 -0.06387689
v 0.00244636 -0.01497999 -0.06370574
v 0.00271080 -0.01498296 -0.06351464
v 0.00296045 -0.01498577 -0.06330460
v 0.00319399 -0.01498841 -0.06307676
v 0.00341012 -0.01499085 -0.06283236
v 0.00360770 -0.01499309 -0.06257272
v 0.00378564 -0.01499512 -0.06229924
v 0.00394298 -0.01499692 -0.06201341
v 0.00407887 -0.01499848 -0.06171679
v 0.00419257 -0.01499981 -0.06141097
v 0.00428347 -0.01500087 -0.06109761
v 0.00435107 -0.01500168 -0.06077842
v 0.00439501 -0.01500223 -0.06045511
v 0.00441504 -0.01500252 -0.06012946
v 0.00441107 -0.01500254 -0.05980321
v 0.00438311 -0.01500229 -0.05947813
v 0.00433131 -0.01500178 -0.05915600
v 0.00425596 -0.01500100 -0.05883854
v 0.00415745 -0.01499997 -0.05852749
v 0.00403634 -0.01499869 -0.05822453
v 0.00389326 -0.01499715 -0.05793130
v 0.00372901 -0.01499539 -0.05764939
v 0.00354446 -0.01499339 -0.05738033
v 0.00334062 -0.01499118 -0.05712558
v 0.00311859 -0.01498876 -0.05688651
v 0.00285203 -0.01498585 -0.05664084
v 0.00256629 -0.01498273 -0.05641780
v 0.00226327 -0.01497940 -0.05621884
v 0.00194501 -0.01497590 -0.05604532
v 0.00161364 -0.01497226 -0.05589838
v 0.00127136 -0.01496848 -0.05577902
v 0.00092048 -0.01496461 -0.05568803
v 0.00056334 -0.01496066 -0.05562602
v 0.00020232 -0.01495666 -0.05559341
v -0.00016015 -0.01495264 -0.05559041
v -0.00052166 -0.01494862 -0.05561705
v -0.00087978 -0.01494464 -0.05567313
v -0.00123212 -0.01494071 -0.05575830
v -0.00157632 -0.01493687 -0.05587198
v -0.00191008 -0.01493314 -0.05601341
v -0.00223117 -0.01492955 -0.05618164
v -0.00253743 -0.01492612 -0.05637556
v -0.00282683 -0.01492286 -0.05659385
v -0.00309742 -0.01491981 -0.05683506
v -0.00334739 -0.01491699 -0.05709758
v -0.00357508 -0.01491441 -0.05737966
v -0.00377895 -0.01491209 -0.05767940
v -0.00395765 -0.01491005 -0.05799480
v -0.00410997 -0.01490830 -0.05832374
v -0.00423491 -0.01490684 -0.05866404
v -0.00433162 -0.01490570 -0.05901341
v -0.00439946 -0.01490488 -0.05936951
v -0.00443798 -0.01490439 -0.05972997
v -0.00444691 -0.01490422 -0.06009236
v -0.00442619 -0.01490438 -0.06045428
v -0.00437597 -0.01490487 -0.06081330
v -0.00429658 -0.01490568 -0.06116700
v -0.00418856 -0.01490681 -0.06151304
v -0.00405261 -0.01490825 -0.06184909
v -0.00388967 -0.01491000 -0.06217290
v -0.00370080 -0.01491203 -0.06248233
v -0.00348729 -0.01491435 -0.06277527
v -0.00325055 -0.01491692 -0.06304979
v 0.00265487 -0.01440456 -0.06692869
v 0.00315584 -0.01441016 -0.06671399
v 0.00363966 -0.01441557 -0.06646301
v 0.00535269 -0.01443483 -0.06512632
v 0.00660396 -0.01444906 -0.06334990
v 0.00683098 -0.01445167 -0.06285436
v 0.00735911 -0.01445793 -0.06074661
v 0.00725270 -0.01445717 -0.05857630
v 0.00624650 -0.01444649 -0.05605938
v 0.00478142 -0.01443056 -0.05437451
v 0.00430406 -0.01442534 -0.05400189
v 0.00214077 -0.01440155 -0.05293475
v 0.00155458 -0.01439507 -0.05278274
v -0.00085465 -0.01436837 -0.05266415
v -0.00145293 -0.01436172 -0.05275785
v -0.00371055 -0.01433651 -0.05360737
v -0.00422220 -0.01433077 -0.05393132
v -0.00629627 -0.01430734 -0.05610951
v -0.00733290 -0.01429530 -0.05893300
v -0.00716103 -0.01429663 -0.06193589
v -0.00698056 -0.01429852 -0.06251398
v -0.00580902 -0.01431111 -0.06462266
v -0.00541352 -0.01431541 -0.06508126
v -0.00402188 -0.01433062 -0.06624283
v -0.00349997 -0.01433635 -0.06654996
v -0.00384541 -0.01452193 -0.06596596
v -0.00334673 -0.01452740 -0.06625942
v -0.00282572 -0.01453313 -0.06651115
v -0.00365756 -0.01467557 -0.06567206
v -0.00318352 -0.01468078 -0.06595103
v -0.00268827 -0.01468623 -0.06619030
v -0.00217513 -0.01469188 -0.06638832
v -0.00345935 -0.01479226 -0.06536274
v -0.00301126 -0.01479718 -0.06562643
v -0.00254312 -0.01480233 -0.06585263
v -0.00205806 -0.01480767 -0.06603979
v -0.00155933 -0.01481317 -0.06618670
v -0.00325260 -0.01487353 -0.06504079
v -0.00283151 -0.01487816 -0.06528858
v -0.00239158 -0.01488300 -0.06550115
v -0.00193576 -0.01488802 -0.06567704
v -0.00146708 -0.01489319 -0.06581509
v -0.00098870 -0.01489848 -0.06591437
v -0.00304015 -0.01492219 -0.06471055
v -0.00264676 -0.01492651 -0.06494205
v -0.00223577 -0.01493103 -0.06514062
v -0.00180993 -0.01493573 -0.06530495
v -0.00137208 -0.01494056 -0.06543391
v -0.00092516 -0.01494550 -0.06552667
v -0.00282626 -0.01494269 -0.06437856
v -0.00246071 -0.01494671 -0.06459367
v -0.00207882 -0.01495091 -0.06477819
v -0.00168312 -0.01495527 -0.06493088
v -0.00127627 -0.01495976 -0.06505072
v -0.00086098 -0.01496435 -0.06513691
v -0.00241753 -0.01492603 -0.06374508
v -0.00210511 -0.01492946 -0.06392894
v -0.00177872 -0.01493305 -0.06408664
v -0.00144054 -0.01493677 -0.06421713
v -0.00109282 -0.01494061 -0.06431956
v -0.00073790 -0.01494453 -0.06439321
v -0.00205897 -0.01487406 -0.06319001
v -0.00179311 -0.01487698 -0.06334646
v -0.00151536 -0.01488003 -0.06348066
v -0.00122757 -0.01488320 -0.06359171
v -0.00093167 -0.01488647 -0.06367888
v -0.00062964 -0.01488981 -0.06374156
v -0.00180883 -0.01435499 -0.06720252
v -0.00116430 -0.01455147 -0.06700053
v -0.00068155 -0.00716015 -0.06404167
v -0.00032055 -0.00787488 -0.06403110
v 0.00007042 -0.00716848 -0.06411142
v 0.00044564 -0.00788338 -0.06403117
v 0.00082241 -0.00717683 -0.06404181
v 0.00119801 -0.00789176 -0.06388623
v 0.00154879 -0.00718493 -0.06383519
v 0.00190934 -0.00789970 -0.06360151
v 0.00222485 -0.00719250 -0.06349861
v 0.00255395 -0.00790693 -0.06318731
v 0.00282755 -0.00719927 -0.06304353
v 0.00310852 -0.00791319 -0.06265859
v 0.00333638 -0.00720502 -0.06248545
v 0.00355301 -0.00791824 -0.06203447
v 0.00373400 -0.00720956 -0.06184337
v 0.00387136 -0.00792190 -0.06133750
v 0.00400687 -0.00721272 -0.06113915
v 0.00405207 -0.00792405 -0.06059288
v 0.00414571 -0.00721440 -0.06039678
v 0.00408860 -0.00792460 -0.05982750
v 0.00414578 -0.00721455 -0.05964153
v 0.00397963 -0.00792354 -0.05906905
v 0.00400708 -0.00721315 -0.05889913
v 0.00372910 -0.00792090 -0.05834493
v 0.00373434 -0.00721026 -0.05819486
v 0.00334606 -0.00791678 -0.05768130
v 0.00333683 -0.00720598 -0.05755270
v 0.00284436 -0.00791133 -0.05710217
v 0.00282811 -0.00720044 -0.05699452
v 0.00224214 -0.00790474 -0.05662845
v 0.00222549 -0.00719384 -0.05653932
v 0.00156115 -0.00789725 -0.05627728
v 0.00154950 -0.00718641 -0.05620262
v 0.00082601 -0.00788914 -0.05606133
v 0.00082315 -0.00717839 -0.05599587
v 0.00006329 -0.00788069 -0.05598843
v 0.00007118 -0.00717006 -0.05592611
v -0.00068080 -0.00716171 -0.05599573
v -0.00069944 -0.00787221 -0.05606119
v -0.00140719 -0.00715361 -0.05620234
v -0.00143462 -0.00786402 -0.05627700
v -0.00208325 -0.00714604 -0.05653892
v -0.00211568 -0.00785639 -0.05662804
v -0.00268595 -0.00713927 -0.05699400
v -0.00271799 -0.00784962 -0.05710164
v -0.00319478 -0.00713352 -0.05755209
v -0.00321979 -0.00784394 -0.05768069
v -0.00359240 -0.00712898 -0.05819417
v -0.00360295 -0.00783956 -0.05834424
v -0.00386527 -0.00712582 -0.05889839
v -0.00385362 -0.00783664 -0.05906831
v -0.00400411 -0.00712414 -0.05964076
v -0.00396273 -0.00783529 -0.05982674
v -0.00400418 -0.00712399 -0.06039600
v -0.00392634 -0.00783554 -0.06059213
v -0.00386548 -0.00712539 -0.06113841
v -0.00374577 -0.00783740 -0.06133678
v -0.00359273 -0.00712828 -0.06184268
v -0.00342755 -0.00784080 -0.06203381
v -0.00319523 -0.00713256 -0.06248484
v -0.00298317 -0.00784561 -0.06265802
v -0.00268651 -0.00713810 -0.06304301
v -0.00242870 -0.00785166 -0.06318684
v -0.00208389 -0.00714470 -0.06349821
v -0.00178417 -0.00785873 -0.06360116
v -0.00140790 -0.00715213 -0.06383491
v -0.00107289 -0.00786656 -0.06388601
v 0.00002616 -0.01119964 -0.05930886
v 0.00002540 -0.01126167 -0.06001956
v -0.00010833 -0.01119814 -0.05932169
v -0.00023797 -0.01119670 -0.05935974
v -0.00035805 -0.01119535 -0.05942164
v -0.00046426 -0.01119416 -0.05950515
v -0.00055274 -0.01119316 -0.05960726
v -0.00062030 -0.01119238 -0.05972425
v -0.00066450 -0.01119187 -0.05985193
v -0.00068374 -0.01119163 -0.05998566
v -0.00067732 -0.01119167 -0.06012062
v -0.00064548 -0.01119200 -0.06025193
v -0.00058937 -0.01119260 -0.06037482
v -0.00051102 -0.01119345 -0.06048489
v -0.00041325 -0.01119452 -0.06057813
v -0.00029960 -0.01119576 -0.06065119
v -0.00017418 -0.01119715 -0.06070141
v -0.00004152 -0.01119861 -0.06072700
v 0.00009358 -0.01120011 -0.06072702
v 0.00022624 -0.01120159 -0.06070146
v 0.00035167 -0.01120299 -0.06065126
v 0.00046533 -0.01120426 -0.06057822
v 0.00056311 -0.01120537 -0.06048499
v 0.00064149 -0.01120626 -0.06037494
v 0.00069762 -0.01120690 -0.06025205
v 0.00072949 -0.01120728 -0.06012075
v 0.00073593 -0.01120738 -0.05998580
v 0.00071671 -0.01120719 -0.05985206
v 0.00067254 -0.01120673 -0.05972438
v 0.00060500 -0.01120600 -0.05960736
v 0.00051654 -0.01120504 -0.05950525
v 0.00041035 -0.01120388 -0.05942171
v 0.00029027 -0.01120256 -0.05935979
v 0.00016065 -0.01120112 -0.05932172
v 0.00005563 -0.00856970 -0.05617320
v -0.00067216 -0.00856161 -0.05624263
v -0.00137366 -0.00855379 -0.05644855
v -0.00202352 -0.00854652 -0.05678352
v -0.00259824 -0.00854005 -0.05723542
v -0.00307705 -0.00853463 -0.05778793
v -0.00344266 -0.00853046 -0.05842108
v -0.00368184 -0.00852767 -0.05911199
v -0.00378595 -0.00852638 -0.05983568
v -0.00375123 -0.00852662 -0.06056599
v -0.00357894 -0.00852839 -0.06127654
v -0.00327529 -0.00853164 -0.06194164
v -0.00285127 -0.00853622 -0.06253725
v -0.00232220 -0.00854200 -0.06304184
v -0.00170720 -0.00854874 -0.06343718
v -0.00102850 -0.00855622 -0.06370899
v -0.00031063 -0.00856416 -0.06384743
v 0.00042047 -0.00857227 -0.06384750
v 0.00113836 -0.00858026 -0.06370919
v 0.00181711 -0.00858784 -0.06343751
v 0.00243219 -0.00859474 -0.06304229
v 0.00296135 -0.00860071 -0.06253780
v 0.00338548 -0.00860553 -0.06194227
v 0.00368925 -0.00860902 -0.06127723
v 0.00386168 -0.00861107 -0.06056671
v 0.00389653 -0.00861160 -0.05983641
v 0.00379255 -0.00861059 -0.05911270
v 0.00355350 -0.00860807 -0.05842174
v 0.00318801 -0.00860414 -0.05778852
v 0.00270930 -0.00859893 -0.05723592
v 0.00213466 -0.00859264 -0.05678391
v 0.00148487 -0.00858550 -0.05644882
v 0.00078341 -0.00857776 -0.05624276
v 0.00004843 -0.00921616 -0.05647482
v -0.00062231 -0.00920870 -0.05653881
v -0.00126881 -0.00920149 -0.05672858
v -0.00186772 -0.00919479 -0.05703729
v -0.00239739 -0.00918884 -0.05745377
v -0.00283867 -0.00918384 -0.05796297
v -0.00317561 -0.00917999 -0.05854648
v -0.00339604 -0.00917742 -0.05918322
v -0.00349199 -0.00917623 -0.05985018
v -0.00345999 -0.00917646 -0.06052324
v -0.00330120 -0.00917809 -0.06117808
v -0.00302136 -0.00918108 -0.06179104
v -0.00263058 -0.00918531 -0.06233996
v -0.00214299 -0.00919063 -0.06280499
v -0.00157620 -0.00919684 -0.06316934
v -0.00095071 -0.00920373 -0.06341983
v -0.00028911 -0.00921105 -0.06354742
v 0.00038467 -0.00921852 -0.06354748
v 0.00104628 -0.00922589 -0.06342003
v 0.00167182 -0.00923288 -0.06316965
v 0.00223868 -0.00923923 -0.06280541
v 0.00272636 -0.00924473 -0.06234046
v 0.00311724 -0.00924918 -0.06179162
v 0.00339719 -0.00925240 -0.06117872
v 0.00355610 -0.00925429 -0.06052390
v 0.00358823 -0.00925477 -0.05985085
v 0.00349240 -0.00925384 -0.05918387
v 0.00327208 -0.00925152 -0.05854709
v 0.00293525 -0.00924789 -0.05796351
v 0.00249406 -0.00924310 -0.05745423
v 0.00196447 -0.00923730 -0.05703765
v 0.00136562 -0.00923072 -0.05672883
v 0.00071915 -0.00922358 -0.05653894
v 0.00004191 -0.00980042 -0.05688411
v -0.00055139 -0.00979383 -0.05694071
v -0.00112326 -0.00978745 -0.05710858
v -0.00165303 -0.00978152 -0.05738165
v -0.00212154 -0.00977626 -0.05775005
v -0.00251188 -0.00977184 -0.05820046
v -0.00280992 -0.00976843 -0.05871661
v -0.00300490 -0.00976616 -0.05927984
v -0.00308978 -0.00976511 -0.05986980
v -0.00306147 -0.00976531 -0.06046516
v -0.00292102 -0.00976675 -0.06104440
v -0.00267348 -0.00976939 -0.06158660
v -0.00232782 -0.00977314 -0.06207214
v -0.00189651 -0.00977784 -0.06248349
v -0.00139516 -0.00978334 -0.06280577
v -0.00084188 -0.00978944 -0.06302734
v -0.00025667 -0.00979591 -0.06314020
v 0.00033933 -0.00980252 -0.06314026
v 0.00092456 -0.00980903 -0.06302751
v 0.00147788 -0.00981521 -0.06280604
v 0.00197930 -0.00982084 -0.06248385
v 0.00241067 -0.00982570 -0.06207259
v 0.00275643 -0.00982963 -0.06158711
v 0.00300406 -0.00983248 -0.06104496
v 0.00314463 -0.00983415 -0.06046575
v 0.00317304 -0.00983458 -0.05987039
v 0.00308828 -0.00983375 -0.05928042
v 0.00289340 -0.00983170 -0.05871715
v 0.00259545 -0.00982850 -0.05820094
v 0.00220520 -0.00982425 -0.05775046
v 0.00173675 -0.00981913 -0.05738197
v 0.00120703 -0.00981330 -0.05710880
v 0.00063520 -0.00980699 -0.05694082
v 0.00003627 -0.01030474 -0.05738866
v -0.00046157 -0.01029921 -0.05743615
v -0.00094143 -0.01029386 -0.05757701
v -0.00138595 -0.01028888 -0.05780614
v -0.00177908 -0.01028446 -0.05811526
v -0.00210661 -0.01028075 -0.05849321
v -0.00235670 -0.01027790 -0.05892631
v -0.00252031 -0.01027599 -0.05939892
v -0.00259153 -0.01027510 -0.05989395
v -0.00256778 -0.01027527 -0.06039351
v -0.00244992 -0.01027649 -0.06087955
v -0.00224222 -0.01027870 -0.06133451
v -0.00195217 -0.01028184 -0.06174193
v -0.00159026 -0.01028579 -0.06208710
v -0.00116958 -0.01029040 -0.06235752
v -0.00070532 -0.01029552 -0.06254345
v -0.00021427 -0.01030095 -0.06263814
v 0.00028583 -0.01030650 -0.06263819
v 0.00077690 -0.01031196 -0.06254359
v 0.00124119 -0.01031715 -0.06235775
v 0.00166193 -0.01032187 -0.06208740
v 0.00202390 -0.01032595 -0.06174231
v 0.00231402 -0.01032925 -0.06133494
v 0.00252181 -0.01033164 -0.06088002
v 0.00263976 -0.01033304 -0.06039400
v 0.00266360 -0.01033340 -0.05989444
v 0.00259247 -0.01033271 -0.05939940
v 0.00242895 -0.01033098 -0.05892676
v 0.00217894 -0.01032830 -0.05849361
v 0.00185148 -0.01032474 -0.05811561
v 0.00145841 -0.01032043 -0.05780641
v 0.00101392 -0.01031555 -0.05757720
v 0.00053410 -0.01031025 -0.05743625
v 0.00003167 -0.01071379 -0.05797312
v -0.00035558 -0.01070948 -0.05801006
v -0.00072884 -0.01070532 -0.05811963
v -0.00107462 -0.01070145 -0.05829786
v -0.00138042 -0.01069801 -0.05853832
v -0.00163519 -0.01069513 -0.05883231
v -0.00182973 -0.01069291 -0.05916919
v -0.00195699 -0.01069142 -0.05953682
v -0.00201239 -0.01069074 -0.05992189
v -0.00199392 -0.01069087 -0.06031048
v -0.00190224 -0.01069181 -0.06068855
v -0.00174067 -0.01069353 -0.06104245
v -0.00151505 -0.01069598 -0.06135936
v -0.00123354 -0.01069905 -0.06162785
v -0.00090631 -0.01070264 -0.06183821
v -0.00054518 -0.01070662 -0.06198284
v -0.00016321 -0.01071084 -0.06205649
v 0.00022580 -0.01071515 -0.06205653
v 0.00060778 -0.01071941 -0.06198294
v 0.00096894 -0.01072344 -0.06183838
v 0.00129621 -0.01072711 -0.06162809
v 0.00157778 -0.01073029 -0.06135966
v 0.00180345 -0.01073285 -0.06104278
v 0.00196508 -0.01073471 -0.06068892
v 0.00205683 -0.01073580 -0.06031086
v 0.00207538 -0.01073608 -0.05992227
v 0.00202005 -0.01073554 -0.05953720
v 0.00189285 -0.01073420 -0.05916955
v 0.00169838 -0.01073211 -0.05883262
v 0.00144366 -0.01072934 -0.05853858
v 0.00113790 -0.01072600 -0.05829807
v 0.00079216 -0.01072219 -0.05811977
v 0.00041892 -0.01071808 -0.05801013
v 0.00002827 -0.01101514 -0.05861974
v -0.00023663 -0.01101219 -0.05864500
v -0.00049195 -0.01100935 -0.05871996
v -0.00072848 -0.01100670 -0.05884187
v -0.00093766 -0.01100435 -0.05900635
v -0.00111193 -0.01100237 -0.05920745
v -0.00124500 -0.01100085 -0.05943790
v -0.00133206 -0.01099984 -0.05968937
v -0.00136995 -0.01099937 -0.05995277
v -0.00135732 -0.01099946 -0.06021859
v -0.00129460 -0.01100010 -0.06047720
v -0.00118409 -0.01100128 -0.06071927
v -0.00102976 -0.01100295 -0.06093606
v -0.00083719 -0.01100506 -0.06111972
v -0.00061335 -0.01100751 -0.06126361
v -0.00036632 -0.01101023 -0.06136254
v -0.00010504 -0.01101312 -0.06141293
v 0.00016106 -0.01101607 -0.06141295
v 0.00042235 -0.01101898 -0.06136262
v 0.00066940 -0.01102174 -0.06126373
v 0.00089327 -0.01102425 -0.06111988
v 0.00108587 -0.01102642 -0.06093626
v 0.00124024 -0.01102818 -0.06071950
v 0.00135080 -0.01102945 -0.06047746
v 0.00141356 -0.01103020 -0.06021885
v 0.00142624 -0.01103039 -0.05995303
v 0.00138840 -0.01103002 -0.05968962
v 0.00130139 -0.01102910 -0.05943814
v 0.00116836 -0.01102767 -0.05920767
v 0.00099413 -0.01102578 -0.05900653
v 0.00078497 -0.01102349 -0.05884201
v 0.00054847 -0.01102089 -0.05872005
v 0.00029316 -0.01101807 -0.05864505
v 0.00098609 -0.00717828 -0.06594855
v 0.00007025 -0.00716811 -0.06601877
v -0.00084559 -0.00715796 -0.06594837
v 0.00188049 -0.00718824 -0.06573933
v 0.00273246 -0.00719776 -0.06539601
v 0.00352205 -0.00720661 -0.06492668
v 0.00423074 -0.00721459 -0.06434229
v 0.00484193 -0.00722150 -0.06365657
v 0.00534128 -0.00722719 -0.06288558
v 0.00571711 -0.00723152 -0.06204740
v 0.00596058 -0.00723439 -0.06116167
v 0.00606601 -0.00723573 -0.06024915
v 0.00603091 -0.00723552 -0.05933122
v 0.00585611 -0.00723375 -0.05842942
v 0.00554571 -0.00723048 -0.05756487
v 0.00510698 -0.00722577 -0.05675783
v 0.00455021 -0.00721973 -0.05602723
v 0.00388845 -0.00721251 -0.05539019
v 0.00313720 -0.00720428 -0.05486163
v 0.00231408 -0.00719523 -0.05445397
v 0.00143838 -0.00718556 -0.05417672
v 0.00053062 -0.00717552 -0.05403642
v -0.00038791 -0.00716533 -0.05403633
v -0.00129570 -0.00715523 -0.05417646
v -0.00217145 -0.00714547 -0.05445354
v -0.00299465 -0.00713626 -0.05486106
v -0.00374599 -0.00712782 -0.05538947
v -0.00440788 -0.00712035 -0.05602639
v -0.00496478 -0.00711404 -0.05675688
v -0.00540366 -0.00710901 -0.05756383
v -0.00571422 -0.00710540 -0.05842833
v -0.00588918 -0.00710329 -0.05933010
v -0.00592445 -0.00710272 -0.06024802
v -0.00581919 -0.00710371 -0.06116056
v -0.00557588 -0.00710624 -0.06204633
v -0.00520021 -0.00711024 -0.06288458
v -0.00470100 -0.00711563 -0.06365567
v -0.00408994 -0.00712228 -0.06434150
v -0.00338135 -0.00713003 -0.06492602
v -0.00259185 -0.00713870 -0.06539550
v -0.00173994 -0.00714808 -0.06573898
v 0.00098387 -0.00737827 -0.06594858
v 0.00006803 -0.00736810 -0.06601880
v -0.00084780 -0.00735795 -0.06594841
v -0.00174216 -0.00734807 -0.06573902
v 0.00187827 -0.00738823 -0.06573936
v 0.00273024 -0.00739775 -0.06539605
v 0.00351983 -0.00740660 -0.06492671
v 0.00422852 -0.00741457 -0.06434233
v 0.00483971 -0.00742149 -0.06365661
v 0.00533907 -0.00742717 -0.06288562
v 0.00571489 -0.00743150 -0.06204744
v 0.00595836 -0.00743438 -0.06116171
v 0.00606379 -0.00743572 -0.06024919
v 0.00602869 -0.00743551 -0.05933126
v 0.00585389 -0.00743374 -0.05842946
v 0.00554349 -0.00743047 -0.05756490
v 0.00510476 -0.00742575 -0.05675787
v 0.00454799 -0.00741972 -0.05602727
v 0.00388623 -0.00741250 -0.05539022
v 0.00313498 -0.00740427 -0.05486167
v 0.00231186 -0.00739521 -0.05445401
v 0.00143616 -0.00738555 -0.05417676
v 0.00052840 -0.00737551 -0.05403645
v -0.00039013 -0.00736532 -0.05403637
v -0.00129792 -0.00735522 -0.05417650
v -0.00217367 -0.00734546 -0.05445358
v -0.00299687 -0.00733624 -0.05486109
v -0.00374821 -0.00732781 -0.05538950
v -0.00441009 -0.00732034 -0.05602643
v -0.00496700 -0.00731402 -0.05675692
v -0.00540588 -0.00730900 -0.05756387
v -0.00571644 -0.00730539 -0.05842837
v -0.00589140 -0.00730327 -0.05933014
v -0.00592667 -0.00730271 -0.06024806
v -0.00582141 -0.00730370 -0.06116060
v -0.00557810 -0.00730623 -0.06204637
v -0.00520243 -0.00731023 -0.06288463
v -0.00470322 -0.00731562 -0.06365570
v -0.00409216 -0.00732227 -0.06434155
v -0.00338357 -0.00733002 -0.06492607
v -0.00259407 -0.00733868 -0.06539555
v 0.00006819 -0.00736843 -0.06430680
v 0.00085606 -0.00737718 -0.06423386
v 0.00161712 -0.00738567 -0.06401739
v 0.00232544 -0.00739359 -0.06366474
v 0.00295691 -0.00740069 -0.06318794
v 0.00349002 -0.00740672 -0.06260322
v 0.00390662 -0.00741147 -0.06193049
v 0.00419252 -0.00741478 -0.06119265
v 0.00433798 -0.00741654 -0.06041485
v 0.00433805 -0.00741670 -0.05962356
v 0.00419274 -0.00741524 -0.05884573
v 0.00390697 -0.00741221 -0.05810784
v 0.00349050 -0.00740772 -0.05743503
v 0.00295750 -0.00740192 -0.05685021
v 0.00232612 -0.00739500 -0.05637329
v 0.00161786 -0.00738721 -0.05602052
v 0.00085684 -0.00737881 -0.05580389
v 0.00006898 -0.00737009 -0.05573082
v -0.00071890 -0.00736133 -0.05580375
v -0.00147995 -0.00735285 -0.05602023
v -0.00218828 -0.00734492 -0.05637287
v -0.00281975 -0.00733783 -0.05684967
v -0.00335286 -0.00733180 -0.05743439
v -0.00376946 -0.00732705 -0.05810712
v -0.00405536 -0.00732374 -0.05884495
v -0.00420082 -0.00732197 -0.05962276
v -0.00420089 -0.00732182 -0.06041405
v -0.00405557 -0.00732328 -0.06119188
v -0.00376981 -0.00732631 -0.06192977
v -0.00335334 -0.00733080 -0.06260257
v -0.00282033 -0.00733660 -0.06318740
v -0.00218895 -0.00734351 -0.06366432
v -0.00148069 -0.00735130 -0.06401710
v -0.00071967 -0.00735970 -0.06423371
v 0.00083062 -0.00809682 -0.06414057
v 0.00006021 -0.00808826 -0.06421189
v -0.00071019 -0.00807973 -0.06414042
v -0.00145433 -0.00807152 -0.06392860
v -0.00214689 -0.00806390 -0.06358365
v -0.00276428 -0.00805714 -0.06311730
v -0.00328547 -0.00805147 -0.06254544
v -0.00369271 -0.00804708 -0.06188755
v -0.00397214 -0.00804412 -0.06116602
v -0.00411423 -0.00804269 -0.06040543
v -0.00411416 -0.00804284 -0.05963168
v -0.00397192 -0.00804456 -0.05887111
v -0.00369236 -0.00804780 -0.05814964
v -0.00328500 -0.00805245 -0.05749181
v -0.00276371 -0.00805834 -0.05692006
v -0.00214623 -0.00806528 -0.05645383
v -0.00145361 -0.00807303 -0.05610900
v -0.00070943 -0.00808133 -0.05589732
v 0.00006098 -0.00808989 -0.05582601
v 0.00083138 -0.00809842 -0.05589747
v 0.00157553 -0.00810663 -0.05610928
v 0.00226809 -0.00811425 -0.05645425
v 0.00288547 -0.00812101 -0.05692059
v 0.00340666 -0.00812668 -0.05749245
v 0.00381390 -0.00813107 -0.05815034
v 0.00409333 -0.00813403 -0.05887187
v 0.00423543 -0.00813546 -0.05963247
v 0.00423535 -0.00813531 -0.06040622
v 0.00409312 -0.00813359 -0.06116678
v 0.00381356 -0.00813035 -0.06188826
v 0.00340619 -0.00812570 -0.06254607
v 0.00288490 -0.00811981 -0.06311783
v 0.00226743 -0.00811287 -0.06358407
v 0.00157481 -0.00810512 -0.06392889
v 0.00002393 -0.01140039 -0.05929607
v 0.00002318 -0.01146166 -0.06001959
v 0.00015687 -0.01140186 -0.05930840
v 0.00028527 -0.01140328 -0.05934495
v 0.00040478 -0.01140459 -0.05940448
v 0.00051131 -0.01140576 -0.05948495
v 0.00060124 -0.01140674 -0.05958362
v 0.00067151 -0.01140750 -0.05969715
v 0.00071973 -0.01140801 -0.05982165
v 0.00074425 -0.01140825 -0.05995289
v 0.00074424 -0.01140823 -0.06008641
v 0.00071969 -0.01140793 -0.06021765
v 0.00067145 -0.01140737 -0.06034214
v 0.00060116 -0.01140657 -0.06045565
v 0.00051121 -0.01140555 -0.06055431
v 0.00040466 -0.01140436 -0.06063476
v 0.00028515 -0.01140302 -0.06069426
v 0.00015674 -0.01140159 -0.06073078
v 0.00002380 -0.01140011 -0.06074309
v -0.00010914 -0.01139864 -0.06073076
v -0.00023754 -0.01139722 -0.06069421
v -0.00035705 -0.01139591 -0.06063469
v -0.00046358 -0.01139474 -0.06055422
v -0.00055351 -0.01139376 -0.06045554
v -0.00062378 -0.01139300 -0.06034201
v -0.00067200 -0.01139249 -0.06021751
v -0.00069652 -0.01139225 -0.06008627
v -0.00069651 -0.01139227 -0.05995276
v -0.00067196 -0.01139257 -0.05982152
v -0.00062372 -0.01139313 -0.05969702
v -0.00055343 -0.01139393 -0.05958351
v -0.00046348 -0.01139495 -0.05948486
v -0.00035693 -0.01139614 -0.05940441
v -0.00023742 -0.01139748 -0.05934490
v -0.00010901 -0.01139891 -0.05930838
v 0.00005327 -0.00878334 -0.05604116
v 0.00078416 -0.00879144 -0.05610896
v 0.00149015 -0.00879923 -0.05630992
v 0.00214719 -0.00880646 -0.05663718
v 0.00273291 -0.00881287 -0.05707962
v 0.00322737 -0.00881825 -0.05762215
v 0.00361373 -0.00882242 -0.05824630
v 0.00387883 -0.00882523 -0.05893083
v 0.00401364 -0.00882658 -0.05965241
v 0.00401357 -0.00882644 -0.06038649
v 0.00387863 -0.00882480 -0.06110805
v 0.00361340 -0.00882173 -0.06179252
v 0.00322693 -0.00881732 -0.06241661
v 0.00273237 -0.00881173 -0.06295905
v 0.00214656 -0.00880515 -0.06340136
v 0.00148946 -0.00879780 -0.06372851
v 0.00078344 -0.00878993 -0.06392933
v 0.00005254 -0.00878180 -0.06399699
v -0.00067835 -0.00877371 -0.06392919
v -0.00138434 -0.00876592 -0.06372824
v -0.00204138 -0.00875869 -0.06340096
v -0.00262710 -0.00875228 -0.06295854
v -0.00312157 -0.00874690 -0.06241601
v -0.00350792 -0.00874273 -0.06179185
v -0.00377302 -0.00873992 -0.06110733
v -0.00390783 -0.00873857 -0.06038574
v -0.00390776 -0.00873871 -0.05965167
v -0.00377282 -0.00874034 -0.05893011
v -0.00350760 -0.00874342 -0.05824563
v -0.00312112 -0.00874783 -0.05762155
v -0.00262656 -0.00875342 -0.05707911
v -0.00204076 -0.00876000 -0.05663679
v -0.00138365 -0.00876735 -0.05630965
v -0.00067763 -0.00877522 -0.05610882
v 0.00004606 -0.00943062 -0.05637013
v 0.00071653 -0.00943805 -0.05643233
v 0.00136415 -0.00944520 -0.05661667
v 0.00196688 -0.00945183 -0.05691688
v 0.00250418 -0.00945771 -0.05732273
v 0.00295777 -0.00946264 -0.05782041
v 0.00331219 -0.00946646 -0.05839297
v 0.00355537 -0.00946904 -0.05902092
v 0.00367903 -0.00947029 -0.05968285
v 0.00367897 -0.00947016 -0.06035624
v 0.00355518 -0.00946866 -0.06101815
v 0.00331189 -0.00946584 -0.06164604
v 0.00295736 -0.00946179 -0.06221854
v 0.00250369 -0.00945666 -0.06271613
v 0.00196631 -0.00945062 -0.06312189
v 0.00136352 -0.00944388 -0.06342198
v 0.00071587 -0.00943666 -0.06360620
v 0.00004539 -0.00942921 -0.06366827
v -0.00062508 -0.00942178 -0.06360608
v -0.00127271 -0.00941463 -0.06342173
v -0.00187543 -0.00940801 -0.06312152
v -0.00241274 -0.00940212 -0.06271566
v -0.00286632 -0.00939719 -0.06221798
v -0.00322074 -0.00939337 -0.06164543
v -0.00346392 -0.00939079 -0.06101749
v -0.00358759 -0.00938954 -0.06035555
v -0.00358753 -0.00938967 -0.05968216
v -0.00346374 -0.00939117 -0.05902025
v -0.00322044 -0.00939400 -0.05839235
v -0.00286592 -0.00939804 -0.05781986
v -0.00241224 -0.00940317 -0.05732227
v -0.00187486 -0.00940921 -0.05691651
v -0.00127208 -0.00941595 -0.05661642
v -0.00062442 -0.00942317 -0.05643220
v 0.00003956 -0.01001319 -0.05680349
v 0.00063042 -0.01001974 -0.05685830
v 0.00120115 -0.01002604 -0.05702076
v 0.00173232 -0.01003188 -0.05728532
v 0.00220583 -0.01003706 -0.05764300
v 0.00260556 -0.01004141 -0.05808159
v 0.00291790 -0.01004478 -0.05858617
v 0.00313221 -0.01004705 -0.05913955
v 0.00324119 -0.01004815 -0.05972290
v 0.00324114 -0.01004803 -0.06031634
v 0.00313205 -0.01004671 -0.06089966
v 0.00291763 -0.01004423 -0.06145300
v 0.00260520 -0.01004066 -0.06195752
v 0.00220539 -0.01003614 -0.06239603
v 0.00173181 -0.01003082 -0.06275362
v 0.00120060 -0.01002488 -0.06301808
v 0.00062984 -0.01001851 -0.06318043
v 0.00003896 -0.01001195 -0.06323513
v -0.00055190 -0.01000540 -0.06318032
v -0.00112263 -0.00999910 -0.06301787
v -0.00165380 -0.00999326 -0.06275330
v -0.00212731 -0.00998808 -0.06239562
v -0.00252704 -0.00998373 -0.06195704
v -0.00283938 -0.00998036 -0.06145246
v -0.00305369 -0.00997809 -0.06089907
v -0.00316268 -0.00997699 -0.06031573
v -0.00316262 -0.00997711 -0.05972230
v -0.00305353 -0.00997843 -0.05913897
v -0.00283912 -0.00998092 -0.05858563
v -0.00252669 -0.00998448 -0.05808110
v -0.00212687 -0.00998900 -0.05764259
v -0.00165330 -0.00999432 -0.05728500
v -0.00112208 -0.01000027 -0.05702054
v -0.00055132 -0.01000663 -0.05685819
v 0.00003395 -0.01051440 -0.05732885
v 0.00052830 -0.01051987 -0.05737471
v 0.00100581 -0.01052514 -0.05751063
v 0.00145022 -0.01053003 -0.05773198
v 0.00184639 -0.01053437 -0.05803123
v 0.00218083 -0.01053801 -0.05839819
v 0.00244215 -0.01054082 -0.05882034
v 0.00262145 -0.01054272 -0.05928335
v 0.00271264 -0.01054364 -0.05977141
v 0.00271259 -0.01054355 -0.06026792
v 0.00262132 -0.01054244 -0.06075596
v 0.00244193 -0.01054036 -0.06121892
v 0.00218053 -0.01053738 -0.06164104
v 0.00184602 -0.01053360 -0.06200793
v 0.00144980 -0.01052914 -0.06230710
v 0.00100535 -0.01052417 -0.06252838
v 0.00052781 -0.01051885 -0.06266420
v 0.00003345 -0.01051336 -0.06270997
v -0.00046091 -0.01050788 -0.06266411
v -0.00093842 -0.01050261 -0.06252819
v -0.00138282 -0.01049772 -0.06230684
v -0.00177899 -0.01049338 -0.06200759
v -0.00211343 -0.01048974 -0.06164063
v -0.00237475 -0.01048693 -0.06121847
v -0.00255406 -0.01048503 -0.06075547
v -0.00264524 -0.01048411 -0.06026741
v -0.00264520 -0.01048420 -0.05977090
v -0.00255392 -0.01048531 -0.05928286
v -0.00237453 -0.01048739 -0.05881989
v -0.00211313 -0.01049037 -0.05839778
v -0.00177863 -0.01049415 -0.05803089
v -0.00138240 -0.01049861 -0.05773171
v -0.00093795 -0.01050358 -0.05751044
v -0.00046042 -0.01050890 -0.05737462
v 0.00002939 -0.01091988 -0.05793117
v 0.00041309 -0.01092413 -0.05796677
v 0.00078372 -0.01092822 -0.05807226
v 0.00112865 -0.01093202 -0.05824407
v 0.00143614 -0.01093538 -0.05847634
v 0.00169572 -0.01093821 -0.05876115
v 0.00189855 -0.01094040 -0.05908882
v 0.00203772 -0.01094187 -0.05944818
v 0.00210849 -0.01094258 -0.05982700
v 0.00210846 -0.01094251 -0.06021237
v 0.00203761 -0.01094165 -0.06059117
v 0.00189838 -0.01094003 -0.06095050
v 0.00169549 -0.01093772 -0.06127813
v 0.00143586 -0.01093479 -0.06156290
v 0.00112832 -0.01093133 -0.06179511
v 0.00078336 -0.01092747 -0.06196686
v 0.00041271 -0.01092334 -0.06207228
v 0.00002901 -0.01091907 -0.06210781
v -0.00035469 -0.01091482 -0.06207221
v -0.00072532 -0.01091073 -0.06196671
v -0.00107025 -0.01090694 -0.06179490
v -0.00137775 -0.01090357 -0.06156264
v -0.00163733 -0.01090075 -0.06127782
v -0.00184015 -0.01089856 -0.06095015
v -0.00197932 -0.01089709 -0.06059079
v -0.00205010 -0.01089637 -0.06021198
v -0.00205006 -0.01089645 -0.05982661
v -0.00197922 -0.01089731 -0.05944780
v -0.00183998 -0.01089892 -0.05908847
v -0.00163709 -0.01090124 -0.05876084
v -0.00137746 -0.01090417 -0.05847607
v -0.00106993 -0.01090763 -0.05824386
v -0.00072496 -0.01091149 -0.05807212
v -0.00035432 -0.01091562 -0.05796669
v 0.00002602 -0.01121806 -0.05859322
v 0.00028809 -0.01122096 -0.05861754
v 0.00054122 -0.01122376 -0.05868959
v 0.00077681 -0.01122635 -0.05880694
v 0.00098683 -0.01122865 -0.05896557
v 0.00116412 -0.01123058 -0.05916011
v 0.00130265 -0.01123207 -0.05938390
v 0.00139771 -0.01123308 -0.05962935
v 0.00144605 -0.01123356 -0.05988808
v 0.00144602 -0.01123351 -0.06015129
v 0.00139764 -0.01123293 -0.06041000
v 0.00130254 -0.01123182 -0.06065543
v 0.00116396 -0.01123024 -0.06087920
v 0.00098664 -0.01122824 -0.06107370
v 0.00077659 -0.01122588 -0.06123229
v 0.00054098 -0.01122324 -0.06134960
v 0.00028783 -0.01122042 -0.06142160
v 0.00002576 -0.01121751 -0.06144586
v -0.00023631 -0.01121461 -0.06142155
v -0.00048945 -0.01121181 -0.06134950
v -0.00072504 -0.01120922 -0.06123215
v -0.00093505 -0.01120692 -0.06107352
v -0.00111235 -0.01120499 -0.06087899
v -0.00125088 -0.01120350 -0.06065519
v -0.00134593 -0.01120249 -0.06040974
v -0.00139427 -0.01120200 -0.06015102
v -0.00139424 -0.01120206 -0.05988781
v -0.00134586 -0.01120264 -0.05962909
v -0.00125076 -0.01120374 -0.05938366
v -0.00111219 -0.01120532 -0.05915989
v -0.00093486 -0.01120733 -0.05896539
v -0.00072481 -0.01120969 -0.05880679
v -0.00048920 -0.01121233 -0.05868949
v -0.00023605 -0.01121515 -0.05861749
v -0.00019141 -0.00677740 -0.06101308
v -0.00018529 -0.00704394 -0.06097924
v 0.00007502 -0.00678035 -0.06104817
v 0.00007207 -0.00704679 -0.06101315
v 0.00034145 -0.00678332 -0.06101312
v 0.00032942 -0.00704965 -0.06097929
v 0.00058974 -0.00678609 -0.06091030
v 0.00056925 -0.00705233 -0.06087998
v 0.00080295 -0.00678849 -0.06074671
v 0.00077520 -0.00705465 -0.06072196
v 0.00096657 -0.00679034 -0.06053352
v 0.00093324 -0.00705644 -0.06051603
v 0.00106943 -0.00679153 -0.06028523
v 0.00103259 -0.00705759 -0.06027620
v 0.00110453 -0.00679197 -0.06001879
v 0.00106650 -0.00705802 -0.06001884
v 0.00106948 -0.00679163 -0.05975233
v 0.00103264 -0.00705769 -0.05976146
v 0.00096666 -0.00679054 -0.05950404
v 0.00093333 -0.00705663 -0.05952163
v 0.00080309 -0.00678877 -0.05929081
v 0.00077533 -0.00705492 -0.05931566
v 0.00058990 -0.00678643 -0.05912718
v 0.00056941 -0.00705267 -0.05915761
v 0.00034164 -0.00678370 -0.05902431
v 0.00032960 -0.00705003 -0.05905825
v 0.00007521 -0.00678075 -0.05898921
v 0.00007225 -0.00704718 -0.05902434
v -0.00019123 -0.00677779 -0.05902426
v -0.00018511 -0.00704432 -0.05905820
v -0.00043951 -0.00677502 -0.05912708
v -0.00042493 -0.00704164 -0.05915752
v -0.00065273 -0.00677262 -0.05929067
v -0.00063088 -0.00703932 -0.05931553
v -0.00081634 -0.00677076 -0.05950387
v -0.00078892 -0.00703753 -0.05952146
v -0.00091920 -0.00676957 -0.05975215
v -0.00088828 -0.00703638 -0.05976128
v -0.00095431 -0.00676913 -0.06001860
v -0.00092218 -0.00703595 -0.06001865
v -0.00091925 -0.00676947 -0.06028505
v -0.00088833 -0.00703628 -0.06027602
v -0.00081644 -0.00677056 -0.06053335
v -0.00078901 -0.00703734 -0.06051586
v -0.00065286 -0.00677234 -0.06074658
v -0.00063101 -0.00703905 -0.06072182
v -0.00043968 -0.00677467 -0.06091020
v -0.00042509 -0.00704130 -0.06087988
v 0.00006411 -0.00777494 -0.05975243
v 0.00006369 -0.00780997 -0.06001889
v -0.00000485 -0.00777418 -0.05976151
v -0.00006911 -0.00777346 -0.05978812
v -0.00012430 -0.00777284 -0.05983046
v -0.00016664 -0.00777236 -0.05988564
v -0.00019327 -0.00777205 -0.05994990
v -0.00020235 -0.00777194 -0.06001886
v -0.00019328 -0.00777202 -0.06008782
v -0.00016667 -0.00777231 -0.06015209
v -0.00012433 -0.00777277 -0.06020727
v -0.00006916 -0.00777337 -0.06024962
v -0.00000490 -0.00777408 -0.06027625
v 0.00006406 -0.00777484 -0.06028533
v 0.00013302 -0.00777561 -0.06027626
v 0.00019728 -0.00777632 -0.06024965
v 0.00025246 -0.00777695 -0.06020731
v 0.00029481 -0.00777743 -0.06015213
v 0.00032143 -0.00777773 -0.06008787
v 0.00033052 -0.00777785 -0.06001891
v 0.00032144 -0.00777776 -0.05994995
v 0.00029483 -0.00777748 -0.05988568
v 0.00025250 -0.00777702 -0.05983049
v 0.00019732 -0.00777641 -0.05978815
v 0.00013306 -0.00777571 -0.05976152
v 0.00006949 -0.00729543 -0.05912723
v -0.00016126 -0.00729287 -0.05915759
v -0.00037628 -0.00729047 -0.05924664
v -0.00056093 -0.00728839 -0.05938831
v -0.00070262 -0.00728678 -0.05957294
v -0.00079170 -0.00728575 -0.05978796
v -0.00082210 -0.00728537 -0.06001871
v -0.00079174 -0.00728566 -0.06024946
v -0.00070270 -0.00728661 -0.06046449
v -0.00056104 -0.00728815 -0.06064916
v -0.00037642 -0.00729017 -0.06079086
v -0.00016141 -0.00729254 -0.06087995
v 0.00006932 -0.00729509 -0.06091035
v 0.00030006 -0.00729765 -0.06088000
v 0.00051508 -0.00730006 -0.06079094
v 0.00069973 -0.00730213 -0.06064928
v 0.00084143 -0.00730374 -0.06046464
v 0.00093051 -0.00730477 -0.06024962
v 0.00096091 -0.00730515 -0.06001887
v 0.00093055 -0.00730486 -0.05978812
v 0.00084151 -0.00730391 -0.05957308
v 0.00069985 -0.00730238 -0.05938843
v 0.00051523 -0.00730036 -0.05924672
v 0.00030022 -0.00729799 -0.05915764
v 0.00006711 -0.00750860 -0.05929088
v -0.00012129 -0.00750651 -0.05931567
v -0.00029686 -0.00750454 -0.05938837
v -0.00044762 -0.00750285 -0.05950404
v -0.00056332 -0.00750154 -0.05965480
v -0.00063605 -0.00750070 -0.05983036
v -0.00066087 -0.00750038 -0.06001876
v -0.00063609 -0.00750062 -0.06020717
v -0.00056338 -0.00750140 -0.06038275
v -0.00044772 -0.00750265 -0.06053352
v -0.00029697 -0.00750430 -0.06064922
v -0.00012142 -0.00750623 -0.06072196
v 0.00006697 -0.00750832 -0.06074679
v 0.00025537 -0.00751041 -0.06072200
v 0.00043093 -0.00751237 -0.06064929
v 0.00058170 -0.00751407 -0.06053362
v 0.00069739 -0.00751538 -0.06038287
v 0.00077013 -0.00751622 -0.06020731
v 0.00079495 -0.00751653 -0.06001890
v 0.00077016 -0.00751630 -0.05983049
v 0.00069746 -0.00751552 -0.05965492
v 0.00058179 -0.00751427 -0.05950414
v 0.00043105 -0.00751262 -0.05938844
v 0.00025550 -0.00751068 -0.05931570
v 0.00006527 -0.00767215 -0.05950412
v -0.00006795 -0.00767067 -0.05952165
v -0.00019209 -0.00766928 -0.05957306
v -0.00029870 -0.00766809 -0.05965485
v -0.00038050 -0.00766716 -0.05976145
v -0.00043194 -0.00766656 -0.05988559
v -0.00044949 -0.00766634 -0.06001882
v -0.00043196 -0.00766651 -0.06015204
v -0.00038055 -0.00766706 -0.06027619
v -0.00029876 -0.00766795 -0.06038281
v -0.00019217 -0.00766911 -0.06046462
v -0.00006804 -0.00767048 -0.06051605
v 0.00006518 -0.00767195 -0.06053360
v 0.00019839 -0.00767343 -0.06051608
v 0.00032254 -0.00767482 -0.06046467
v 0.00042914 -0.00767602 -0.06038288
v 0.00051095 -0.00767695 -0.06027628
v 0.00056238 -0.00767754 -0.06015214
v 0.00057993 -0.00767776 -0.06001891
v 0.00056241 -0.00767759 -0.05988568
v 0.00051100 -0.00767705 -0.05976154
v 0.00042921 -0.00767616 -0.05965493
v 0.00032262 -0.00767499 -0.05957311
v 0.00019849 -0.00767363 -0.05952168
v 0.00099041 -0.00678957 -0.06594847
v 0.00007456 -0.00677939 -0.06601869
v -0.00084127 -0.00676925 -0.06594830
v 0.00273677 -0.00680904 -0.06539594
v 0.00188480 -0.00679953 -0.06573925
v 0.00352636 -0.00681789 -0.06492660
v 0.00423505 -0.00682587 -0.06434222
v 0.00484624 -0.00683278 -0.06365649
v 0.00534560 -0.00683847 -0.06288551
v 0.00572142 -0.00684280 -0.06204732
v 0.00596490 -0.00684567 -0.06116160
v 0.00607032 -0.00684702 -0.06024908
v 0.00603522 -0.00684680 -0.05933115
v 0.00586042 -0.00684504 -0.05842935
v 0.00555002 -0.00684176 -0.05756479
v 0.00511130 -0.00683705 -0.05675776
v 0.00455452 -0.00683101 -0.05602716
v 0.00389276 -0.00682379 -0.05539011
v 0.00314151 -0.00681556 -0.05486156
v 0.00231839 -0.00680651 -0.05445389
v 0.00144269 -0.00679685 -0.05417665
v 0.00053493 -0.00678681 -0.05403634
v -0.00038360 -0.00677662 -0.05403626
v -0.00129139 -0.00676652 -0.05417639
v -0.00216714 -0.00675675 -0.05445347
v -0.00299033 -0.00674754 -0.05486098
v -0.00374168 -0.00673910 -0.05538939
v -0.00440356 -0.00673164 -0.05602631
v -0.00496047 -0.00672532 -0.05675681
v -0.00539935 -0.00672029 -0.05756376
v -0.00570991 -0.00671668 -0.05842825
v -0.00588487 -0.00671457 -0.05933002
v -0.00592014 -0.00671400 -0.06024795
v -0.00581488 -0.00671499 -0.06116049
v -0.00557157 -0.00671752 -0.06204626
v -0.00519590 -0.00672153 -0.06288451
v -0.00469669 -0.00672692 -0.06365559
v -0.00408562 -0.00673356 -0.06434143
v -0.00337704 -0.00674131 -0.06492595
v -0.00258754 -0.00674998 -0.06539543
v -0.00173563 -0.00675936 -0.06573891
v 0.00098819 -0.00698955 -0.06594851
v 0.00007234 -0.00697938 -0.06601873
v -0.00084349 -0.00696923 -0.06594834
v -0.00173785 -0.00695935 -0.06573895
v 0.00188258 -0.00699951 -0.06573929
v 0.00273455 -0.00700903 -0.06539597
v 0.00352414 -0.00701788 -0.06492664
v 0.00423283 -0.00702585 -0.06434225
v 0.00484402 -0.00703277 -0.06365653
v 0.00534338 -0.00703845 -0.06288555
v 0.00571920 -0.00704278 -0.06204736
v 0.00596268 -0.00704566 -0.06116164
v 0.00606810 -0.00704700 -0.06024912
v 0.00603300 -0.00704679 -0.05933119
v 0.00585821 -0.00704502 -0.05842938
v 0.00554781 -0.00704175 -0.05756483
v 0.00510908 -0.00703703 -0.05675780
v 0.00455231 -0.00703100 -0.05602720
v 0.00389054 -0.00702378 -0.05539015
v 0.00313929 -0.00701555 -0.05486160
v 0.00231617 -0.00700649 -0.05445393
v 0.00144047 -0.00699683 -0.05417668
v 0.00053271 -0.00698679 -0.05403638
v -0.00038582 -0.00697660 -0.05403629
v -0.00129360 -0.00696650 -0.05417643
v -0.00216936 -0.00695673 -0.05445351
v -0.00299255 -0.00694752 -0.05486102
v -0.00374390 -0.00693909 -0.05538943
v -0.00440578 -0.00693162 -0.05602635
v -0.00496269 -0.00692530 -0.05675685
v -0.00540156 -0.00692028 -0.05756380
v -0.00571212 -0.00691667 -0.05842829
v -0.00588709 -0.00691455 -0.05933006
v -0.00592236 -0.00691399 -0.06024799
v -0.00581710 -0.00691498 -0.06116052
v -0.00557379 -0.00691751 -0.06204630
v -0.00519812 -0.00692151 -0.06288455
v -0.00469890 -0.00692690 -0.06365563
v -0.00408784 -0.00693355 -0.06434147
v -0.00337926 -0.00694130 -0.06492599
v -0.00258976 -0.00694996 -0.06539547
v 0.00007278 -0.00698030 -0.06123184
v 0.00038674 -0.00698379 -0.06119053
v 0.00067931 -0.00698706 -0.06106937
v 0.00093056 -0.00698989 -0.06087660
v 0.00112335 -0.00699207 -0.06062538
v 0.00124456 -0.00699348 -0.06033281
v 0.00128593 -0.00699399 -0.06001884
v 0.00124462 -0.00699360 -0.05970487
v 0.00112347 -0.00699231 -0.05941228
v 0.00093072 -0.00699022 -0.05916101
v 0.00067951 -0.00698747 -0.05896820
v 0.00038696 -0.00698425 -0.05884699
v 0.00007301 -0.00698077 -0.05880562
v -0.00024095 -0.00697728 -0.05884693
v -0.00053352 -0.00697401 -0.05896809
v -0.00078477 -0.00697119 -0.05916085
v -0.00097757 -0.00696900 -0.05941208
v -0.00109877 -0.00696760 -0.05970465
v -0.00114014 -0.00696708 -0.06001862
v -0.00109883 -0.00696748 -0.06033259
v -0.00097768 -0.00696877 -0.06062518
v -0.00078493 -0.00697086 -0.06087644
v -0.00053372 -0.00697361 -0.06106925
v -0.00024117 -0.00697683 -0.06119047
v 0.00036305 -0.00726004 -0.06111359
v 0.00006972 -0.00725678 -0.06115218
v -0.00022360 -0.00725353 -0.06111353
v -0.00049693 -0.00725052 -0.06100028
v -0.00073163 -0.00724795 -0.06082015
v -0.00091172 -0.00724600 -0.06058539
v -0.00102491 -0.00724480 -0.06031203
v -0.00106350 -0.00724443 -0.06001868
v -0.00102486 -0.00724491 -0.05972534
v -0.00091161 -0.00724622 -0.05945199
v -0.00073148 -0.00724826 -0.05921727
v -0.00049675 -0.00725090 -0.05903718
v -0.00022340 -0.00725396 -0.05892397
v 0.00006993 -0.00725722 -0.05888538
v 0.00036326 -0.00726046 -0.05892403
v 0.00063658 -0.00726347 -0.05903728
v 0.00087129 -0.00726604 -0.05921742
v 0.00105137 -0.00726800 -0.05945218
v 0.00116457 -0.00726920 -0.05972555
v 0.00120316 -0.00726957 -0.06001889
v 0.00116451 -0.00726909 -0.06031224
v 0.00105127 -0.00726778 -0.06058558
v 0.00087114 -0.00726573 -0.06082030
v 0.00063640 -0.00726309 -0.06100039
v 0.00006187 -0.00797635 -0.05973316
v 0.00006147 -0.00800996 -0.06001893
v 0.00013583 -0.00797716 -0.05974291
v 0.00020474 -0.00797792 -0.05977146
v 0.00026392 -0.00797857 -0.05981688
v 0.00030932 -0.00797906 -0.05987607
v 0.00033786 -0.00797937 -0.05994499
v 0.00034759 -0.00797946 -0.06001895
v 0.00033785 -0.00797934 -0.06009291
v 0.00030929 -0.00797901 -0.06016183
v 0.00026388 -0.00797849 -0.06022101
v 0.00020470 -0.00797783 -0.06026641
v 0.00013578 -0.00797706 -0.06029495
v 0.00006182 -0.00797624 -0.06030468
v -0.00001213 -0.00797542 -0.06029494
v -0.00008105 -0.00797466 -0.06026638
v -0.00014022 -0.00797401 -0.06022097
v -0.00018562 -0.00797352 -0.06016178
v -0.00021416 -0.00797321 -0.06009286
v -0.00022389 -0.00797312 -0.06001890
v -0.00021415 -0.00797324 -0.05994494
v -0.00018560 -0.00797357 -0.05987602
v -0.00014018 -0.00797409 -0.05981684
v -0.00008100 -0.00797475 -0.05977143
v -0.00001208 -0.00797552 -0.05974290
v 0.00006714 -0.00750755 -0.05902721
v 0.00032377 -0.00751039 -0.05906102
v 0.00056291 -0.00751303 -0.05916011
v 0.00076825 -0.00751527 -0.05931772
v 0.00092581 -0.00751698 -0.05952310
v 0.00102485 -0.00751804 -0.05976228
v 0.00105861 -0.00751836 -0.06001893
v 0.00102480 -0.00751794 -0.06027557
v 0.00092572 -0.00751679 -0.06051473
v 0.00076812 -0.00751500 -0.06072008
v 0.00056275 -0.00751269 -0.06087765
v 0.00032360 -0.00751002 -0.06097669
v 0.00006696 -0.00750717 -0.06101045
v -0.00018967 -0.00750433 -0.06097664
v -0.00042881 -0.00750169 -0.06087756
v -0.00063415 -0.00749945 -0.06071994
v -0.00079171 -0.00749774 -0.06051456
v -0.00089075 -0.00749669 -0.06027539
v -0.00092451 -0.00749636 -0.06001874
v -0.00089070 -0.00749679 -0.05976210
v -0.00079162 -0.00749793 -0.05952294
v -0.00063402 -0.00749972 -0.05931759
v -0.00042865 -0.00750203 -0.05916002
v -0.00018950 -0.00750470 -0.05906097
v 0.00006479 -0.00771807 -0.05922335
v 0.00027067 -0.00772035 -0.05925047
v 0.00046252 -0.00772246 -0.05932996
v 0.00062725 -0.00772426 -0.05945640
v 0.00075366 -0.00772563 -0.05962117
v 0.00083311 -0.00772648 -0.05981305
v 0.00086019 -0.00772674 -0.06001895
v 0.00083307 -0.00772640 -0.06022485
v 0.00075358 -0.00772548 -0.06041670
v 0.00062715 -0.00772405 -0.06058145
v 0.00046239 -0.00772219 -0.06070786
v 0.00027053 -0.00772005 -0.06078732
v 0.00006464 -0.00771776 -0.06081441
v -0.00014124 -0.00771548 -0.06078728
v -0.00033309 -0.00771337 -0.06070779
v -0.00049783 -0.00771157 -0.06058134
v -0.00062423 -0.00771020 -0.06041657
v -0.00070368 -0.00770935 -0.06022470
v -0.00073076 -0.00770909 -0.06001880
v -0.00070364 -0.00770943 -0.05981290
v -0.00062415 -0.00771035 -0.05962104
v -0.00049772 -0.00771178 -0.05945630
v -0.00033296 -0.00771364 -0.05932989
v -0.00014110 -0.00771578 -0.05925043
v 0.00006300 -0.00787724 -0.05946304
v 0.00020686 -0.00787883 -0.05948199
v 0.00034091 -0.00788031 -0.05953754
v 0.00045602 -0.00788157 -0.05962589
v 0.00054434 -0.00788253 -0.05974102
v 0.00059985 -0.00788312 -0.05987509
v 0.00061878 -0.00788330 -0.06001896
v 0.00059983 -0.00788306 -0.06016282
v 0.00054429 -0.00788242 -0.06029688
v 0.00045594 -0.00788142 -0.06041200
v 0.00034082 -0.00788012 -0.06050032
v 0.00020676 -0.00787863 -0.06055585
v 0.00006290 -0.00787703 -0.06057477
v -0.00008096 -0.00787544 -0.06055582
v -0.00021501 -0.00787396 -0.06050027
v -0.00033012 -0.00787270 -0.06041193
v -0.00041844 -0.00787174 -0.06029679
v -0.00047396 -0.00787115 -0.06016272
v -0.00049288 -0.00787097 -0.06001885
v -0.00047393 -0.00787121 -0.05987499
v -0.00041839 -0.00787185 -0.05974093
v -0.00033005 -0.00787285 -0.05962582
v -0.00021492 -0.00787414 -0.05953749
v -0.00008086 -0.00787564 -0.05948196
v -0.00114967 -0.01566583 -0.06874806
v -0.00002442 -0.01567830 -0.06882041
v -0.00001880 -0.01517849 -0.06802031
v 0.00110083 -0.01569080 -0.06874827
v 0.00104743 -0.01519033 -0.06794903
v 0.00220762 -0.01570312 -0.06853282
v 0.00209466 -0.01520199 -0.06773627
v 0.00327778 -0.01571506 -0.06817759
v 0.00310418 -0.01521325 -0.06738582
v 0.00429373 -0.01572642 -0.06768842
v 0.00405798 -0.01522393 -0.06690392
v 0.00523879 -0.01573702 -0.06707335
v 0.00493905 -0.01523382 -0.06629918
v 0.00609743 -0.01574669 -0.06634247
v 0.00573166 -0.01524275 -0.06558239
v 0.00685557 -0.01575526 -0.06550777
v 0.00642166 -0.01525056 -0.06476636
v 0.00750076 -0.01576260 -0.06458297
v 0.00699675 -0.01525711 -0.06386563
v 0.00802239 -0.01576857 -0.06358326
v 0.00744665 -0.01526229 -0.06289628
v 0.00841191 -0.01577310 -0.06252505
v 0.00776335 -0.01526600 -0.06187560
v 0.00866292 -0.01577610 -0.06142570
v 0.00794119 -0.01526817 -0.06082183
v 0.00877130 -0.01577751 -0.06030329
v 0.00797700 -0.01526878 -0.05975375
v 0.00873526 -0.01577733 -0.05917623
v 0.00787013 -0.01526780 -0.05869041
v 0.00855541 -0.01577555 -0.05806303
v 0.00762250 -0.01526525 -0.05765083
v 0.00823468 -0.01577220 -0.05698197
v 0.00723853 -0.01526118 -0.05665351
v 0.00777836 -0.01576734 -0.05595080
v 0.00672505 -0.01525567 -0.05571628
v 0.00719392 -0.01576104 -0.05498646
v 0.00609125 -0.01524880 -0.05485586
v 0.00649098 -0.01575341 -0.05410477
v 0.00534843 -0.01524071 -0.05408760
v 0.00568106 -0.01574458 -0.05332022
v 0.00450984 -0.01523153 -0.05342520
v 0.00477748 -0.01573468 -0.05264568
v 0.00359045 -0.01522144 -0.05288050
v 0.00379506 -0.01572389 -0.05209224
v 0.00260667 -0.01521061 -0.05246320
v 0.00274994 -0.01571238 -0.05166897
v 0.00157605 -0.01519923 -0.05218076
v 0.00165928 -0.01570033 -0.05138284
v 0.00051698 -0.01518751 -0.05203822
v 0.00054098 -0.01568796 -0.05123853
v -0.00058659 -0.01567545 -0.05123843
v -0.00055164 -0.01517565 -0.05203812
v -0.00170491 -0.01566301 -0.05138252
v -0.00161073 -0.01516388 -0.05218046
v -0.00279562 -0.01565086 -0.05166845
v -0.00264141 -0.01515239 -0.05246271
v -0.00384082 -0.01563918 -0.05209151
v -0.00362527 -0.01514139 -0.05287981
v -0.00482334 -0.01562818 -0.05264477
v -0.00454476 -0.01513109 -0.05342435
v -0.00572705 -0.01561802 -0.05331914
v -0.00538347 -0.01512166 -0.05408658
v -0.00653711 -0.01560888 -0.05410354
v -0.00612643 -0.01511327 -0.05485470
v -0.00724022 -0.01560091 -0.05498509
v -0.00676039 -0.01510607 -0.05571501
v -0.00782483 -0.01559424 -0.05594933
v -0.00727404 -0.01510019 -0.05665214
v -0.00828135 -0.01558898 -0.05698042
v -0.00765820 -0.01509573 -0.05764939
v -0.00860227 -0.01558521 -0.05806141
v -0.00790602 -0.01509279 -0.05868892
v -0.00878233 -0.01558300 -0.05917457
v -0.00801308 -0.01509139 -0.05975224
v -0.00881858 -0.01558238 -0.06030163
v -0.00797747 -0.01509158 -0.06082032
v -0.00871041 -0.01558337 -0.06142407
v -0.00779983 -0.01509335 -0.06187414
v -0.00845960 -0.01558594 -0.06252345
v -0.00748332 -0.01509667 -0.06289487
v -0.00807028 -0.01559005 -0.06358174
v -0.00703359 -0.01510147 -0.06386431
v -0.00754883 -0.01559564 -0.06458156
v -0.00645867 -0.01510767 -0.06476514
v -0.00690381 -0.01560262 -0.06550647
v -0.00576882 -0.01511517 -0.06558131
v -0.00614583 -0.01561087 -0.06634130
v -0.00497634 -0.01512382 -0.06629824
v -0.00528731 -0.01562025 -0.06707235
v -0.00409538 -0.01513348 -0.06690314
v -0.00434237 -0.01563062 -0.06768760
v -0.00314167 -0.01514397 -0.06738522
v -0.00332651 -0.01564179 -0.06817696
v -0.00213221 -0.01515510 -0.06773587
v -0.00225642 -0.01565360 -0.06853240
v -0.00108503 -0.01516667 -0.06794883
v -0.00115237 -0.01566576 -0.06894933
v -0.00002444 -0.01567826 -0.06902041
v 0.00110349 -0.01569079 -0.06894954
v 0.00221365 -0.01570314 -0.06873786
v 0.00328853 -0.01571514 -0.06838871
v 0.00431118 -0.01572657 -0.06790759
v 0.00526546 -0.01573727 -0.06730206
v 0.00613633 -0.01574707 -0.06658171
v 0.00691005 -0.01575582 -0.06575788
v 0.00757443 -0.01576336 -0.06484357
v 0.00811898 -0.01576959 -0.06385319
v 0.00853511 -0.01577441 -0.06280236
v 0.00881627 -0.01577774 -0.06170767
v 0.00895802 -0.01577953 -0.06058637
v 0.00895813 -0.01577975 -0.05945614
v 0.00881658 -0.01577839 -0.05833480
v 0.00853563 -0.01577549 -0.05724006
v 0.00811968 -0.01577108 -0.05618915
v 0.00757532 -0.01576523 -0.05519867
v 0.00691111 -0.01575804 -0.05428424
v 0.00613754 -0.01574961 -0.05346027
v 0.00526680 -0.01574009 -0.05273975
v 0.00431263 -0.01572962 -0.05213405
v 0.00329008 -0.01571837 -0.05165273
v 0.00221526 -0.01570652 -0.05130336
v 0.00110514 -0.01569424 -0.05109148
v -0.00002278 -0.01568175 -0.05102040
v -0.00115072 -0.01566922 -0.05109126
v -0.00226088 -0.01565686 -0.05130294
v -0.00333576 -0.01564487 -0.05165210
v -0.00435840 -0.01563343 -0.05213323
v -0.00531268 -0.01562273 -0.05273875
v -0.00618355 -0.01561293 -0.05345910
v -0.00695728 -0.01560419 -0.05428293
v -0.00762165 -0.01559664 -0.05519724
v -0.00816620 -0.01559041 -0.05618762
v -0.00858234 -0.01558559 -0.05723844
v -0.00886350 -0.01558226 -0.05833313
v -0.00900525 -0.01558047 -0.05945444
v -0.00900535 -0.01558025 -0.06058467
v -0.00886381 -0.01558161 -0.06170600
v -0.00858285 -0.01558452 -0.06280075
v -0.00816691 -0.01558893 -0.06385165
v -0.00762254 -0.01559478 -0.06484213
v -0.00695834 -0.01560197 -0.06575657
v -0.00618476 -0.01561039 -0.06658055
v -0.00531403 -0.01561991 -0.06730106
v -0.00435986 -0.01563038 -0.06790677
v -0.00333730 -0.01564163 -0.06838808
v -0.00226249 -0.01565349 -0.06873745
v -0.00103511 -0.01066695 -0.06794796
v 0.00003111 -0.01067876 -0.06801945
v 0.00109735 -0.01069061 -0.06794816
v 0.00214457 -0.01070226 -0.06773540
v 0.00315409 -0.01071353 -0.06738494
v 0.00410790 -0.01072420 -0.06690305
v 0.00498897 -0.01073410 -0.06629831
v 0.00578157 -0.01074303 -0.06558153
v 0.00647158 -0.01075084 -0.06476549
v 0.00704666 -0.01075739 -0.06386477
v 0.00749657 -0.01076257 -0.06289541
v 0.00781327 -0.01076628 -0.06187474
v 0.00799111 -0.01076845 -0.06082096
v 0.00802692 -0.01076906 -0.05975288
v 0.00792005 -0.01076807 -0.05868955
v 0.00767242 -0.01076553 -0.05764996
v 0.00728844 -0.01076146 -0.05665265
v 0.00677497 -0.01075594 -0.05571542
v 0.00614117 -0.01074908 -0.05485499
v 0.00539835 -0.01074099 -0.05408673
v 0.00455976 -0.01073181 -0.05342434
v 0.00364037 -0.01072172 -0.05287963
v 0.00265659 -0.01071088 -0.05246234
v 0.00162596 -0.01069950 -0.05217990
v 0.00056690 -0.01068778 -0.05203735
v -0.00050172 -0.01067593 -0.05203725
v -0.00156082 -0.01066415 -0.05217959
v -0.00259149 -0.01065267 -0.05246184
v -0.00357535 -0.01064167 -0.05287895
v -0.00449484 -0.01063136 -0.05342348
v -0.00533355 -0.01062193 -0.05408572
v -0.00607651 -0.01061354 -0.05485384
v -0.00671048 -0.01060635 -0.05571415
v -0.00722412 -0.01060047 -0.05665128
v -0.00760828 -0.01059601 -0.05764852
v -0.00785610 -0.01059306 -0.05868806
v -0.00796317 -0.01059167 -0.05975137
v -0.00792756 -0.01059186 -0.06081946
v -0.00774991 -0.01059363 -0.06187327
v -0.00743340 -0.01059694 -0.06289400
v -0.00698367 -0.01060175 -0.06386344
v -0.00640875 -0.01060795 -0.06476428
v -0.00571890 -0.01061545 -0.06558044
v -0.00492642 -0.01062410 -0.06629737
v -0.00404547 -0.01063376 -0.06690228
v -0.00309175 -0.01064424 -0.06738435
v -0.00208229 -0.01065537 -0.06773500
v 0.00003130 -0.01067915 -0.06601945
v 0.00094714 -0.01068932 -0.06594922
v 0.00184154 -0.01069929 -0.06574000
v 0.00269351 -0.01070880 -0.06539669
v 0.00348310 -0.01071765 -0.06492735
v 0.00419179 -0.01072563 -0.06434297
v 0.00480298 -0.01073254 -0.06365724
v 0.00530234 -0.01073823 -0.06288626
v 0.00567816 -0.01074256 -0.06204807
v 0.00592163 -0.01074543 -0.06116235
v 0.00602706 -0.01074678 -0.06024983
v 0.00599196 -0.01074656 -0.05933190
v 0.00581716 -0.01074480 -0.05843009
v 0.00550676 -0.01074152 -0.05756554
v 0.00506803 -0.01073681 -0.05675851
v 0.00451126 -0.01073077 -0.05602791
v 0.00384950 -0.01072355 -0.05539086
v 0.00309825 -0.01071532 -0.05486231
v 0.00227513 -0.01070627 -0.05445464
v 0.00139943 -0.01069661 -0.05417740
v 0.00049167 -0.01068656 -0.05403709
v -0.00042686 -0.01067637 -0.05403700
v -0.00133465 -0.01066628 -0.05417714
v -0.00221040 -0.01065651 -0.05445422
v -0.00303360 -0.01064730 -0.05486173
v -0.00378494 -0.01063886 -0.05539014
v -0.00444682 -0.01063140 -0.05602706
v -0.00500373 -0.01062508 -0.05675756
v -0.00544261 -0.01062005 -0.05756451
v -0.00575317 -0.01061644 -0.05842900
v -0.00592813 -0.01061433 -0.05933078
v -0.00596340 -0.01061376 -0.06024870
v -0.00585814 -0.01061475 -0.06116123
v -0.00561483 -0.01061728 -0.06204701
v -0.00523916 -0.01062129 -0.06288526
v -0.00473995 -0.01062668 -0.06365634
v -0.00412889 -0.01063332 -0.06434218
v -0.00342030 -0.01064107 -0.06492670
v -0.00263080 -0.01064974 -0.06539618
v -0.00177889 -0.01065912 -0.06573966
v -0.00088454 -0.01066901 -0.06594905
v 0.00104698 -0.00168988 -0.06594749
v 0.00013113 -0.00167970 -0.06601771
v -0.00078470 -0.00166956 -0.06594732
v -0.00167905 -0.00165968 -0.06573793
v 0.00194137 -0.00169984 -0.06573827
v 0.00279334 -0.00170936 -0.06539495
v 0.00358293 -0.00171821 -0.06492562
v 0.00429163 -0.00172618 -0.06434123
v 0.00490281 -0.00173309 -0.06365551
v 0.00540217 -0.00173878 -0.06288452
v 0.00577799 -0.00174311 -0.06204634
v 0.00602147 -0.00174598 -0.06116062
v 0.00612689 -0.00174733 -0.06024810
v 0.00609180 -0.00174711 -0.05933017
v 0.00591700 -0.00174535 -0.05842836
v 0.00560660 -0.00174207 -0.05756381
v 0.00516787 -0.00173736 -0.05675678
v 0.00461110 -0.00173132 -0.05602618
v 0.00394933 -0.00172411 -0.05538913
v 0.00319809 -0.00171587 -0.05486058
v 0.00237496 -0.00170682 -0.05445291
v 0.00149926 -0.00169716 -0.05417567
v 0.00059150 -0.00168712 -0.05403536
v -0.00032703 -0.00167693 -0.05403527
v -0.00123481 -0.00166683 -0.05417541
v -0.00211057 -0.00165706 -0.05445249
v -0.00293376 -0.00164785 -0.05486000
v -0.00368511 -0.00163941 -0.05538841
v -0.00434699 -0.00163195 -0.05602533
v -0.00490390 -0.00162563 -0.05675583
v -0.00534277 -0.00162061 -0.05756278
v -0.00565333 -0.00161699 -0.05842727
v -0.00582830 -0.00161488 -0.05932904
v -0.00586356 -0.00161431 -0.06024697
v -0.00575831 -0.00161530 -0.06115951
v -0.00551499 -0.00161783 -0.06204528
v -0.00513933 -0.00162184 -0.06288353
v -0.00464011 -0.00162723 -0.06365461
v -0.00402905 -0.00163388 -0.06434045
v -0.00332047 -0.00164162 -0.06492497
v -0.00253097 -0.00165029 -0.06539445
v -0.00085400 -0.00066853 -0.06694618
v -0.00085273 -0.00067122 -0.05308867
v 0.00014213 -0.00067957 -0.06701753
v 0.00014342 -0.00068228 -0.05301751
v 0.00113828 -0.00069064 -0.06694636
v 0.00113956 -0.00069332 -0.05308886
v 0.00211417 -0.00070150 -0.06673416
v 0.00211540 -0.00070410 -0.05330125
v 0.00304992 -0.00071195 -0.06638522
v 0.00305109 -0.00071441 -0.05365036
v 0.00392649 -0.00072177 -0.06590666
v 0.00392757 -0.00072405 -0.05412910
v 0.00472603 -0.00073075 -0.06530821
v 0.00472701 -0.00073280 -0.05472770
v 0.00543228 -0.00073872 -0.06460205
v 0.00543312 -0.00074050 -0.05543399
v 0.00603084 -0.00074552 -0.06380256
v 0.00603154 -0.00074698 -0.05623358
v 0.00650954 -0.00075100 -0.06292602
v 0.00651008 -0.00075212 -0.05711021
v 0.00685863 -0.00075505 -0.06199028
v 0.00685900 -0.00075581 -0.05804602
v 0.00707101 -0.00075759 -0.06101438
v 0.00707119 -0.00075798 -0.05902197
v 0.00714235 -0.00075857 -0.06001818
v -0.00182861 -0.00066035 -0.05330088
v -0.00182985 -0.00065775 -0.06673379
v -0.00276436 -0.00064990 -0.05364982
v -0.00276553 -0.00064744 -0.06638467
v -0.00364093 -0.00064009 -0.05412839
v -0.00364202 -0.00063781 -0.06590594
v -0.00444048 -0.00063110 -0.05472684
v -0.00444145 -0.00062905 -0.06530734
v -0.00514672 -0.00062313 -0.05543299
v -0.00514757 -0.00062136 -0.06460106
v -0.00574528 -0.00061634 -0.05623247
v -0.00574598 -0.00061487 -0.06380145
v -0.00622399 -0.00061086 -0.05710901
v -0.00622452 -0.00060973 -0.06292482
v -0.00657308 -0.00060680 -0.05804475
v -0.00657344 -0.00060604 -0.06198901
v -0.00678545 -0.00060426 -0.05902066
v -0.00678564 -0.00060387 -0.06101307
v -0.00685679 -0.00060328 -0.06001686
v 0.00103845 -0.00969008 -0.06694810
v 0.00004230 -0.00967902 -0.06701925
v -0.00095384 -0.00966798 -0.06694791
v -0.00192968 -0.00965720 -0.06673552
v -0.00286537 -0.00964689 -0.06638640
v -0.00374185 -0.00963725 -0.06590767
v -0.00454129 -0.00962850 -0.06530907
v -0.00524740 -0.00962080 -0.06460278
v -0.00584582 -0.00961432 -0.06380317
v -0.00632436 -0.00960918 -0.06292655
v -0.00667328 -0.00960549 -0.06199075
v -0.00688547 -0.00960332 -0.06101480
v -0.00695663 -0.00960272 -0.06001859
v -0.00688529 -0.00960371 -0.05902239
v -0.00667291 -0.00960625 -0.05804648
v -0.00632382 -0.00961030 -0.05711074
v -0.00584512 -0.00961578 -0.05623421
v -0.00524655 -0.00962258 -0.05543472
v -0.00454031 -0.00963055 -0.05472857
v -0.00374077 -0.00963953 -0.05413012
v -0.00286420 -0.00964935 -0.05365155
v -0.00192844 -0.00965980 -0.05330261
v -0.00095256 -0.00967066 -0.05309040
v 0.00004359 -0.00968173 -0.05301924
v 0.00103973 -0.00969276 -0.05309059
v 0.00201557 -0.00970355 -0.05330298
v 0.00295126 -0.00971386 -0.05365210
v 0.00382774 -0.00972349 -0.05413083
v 0.00462718 -0.00973225 -0.05472943
v 0.00533329 -0.00973994 -0.05543572
v 0.00593171 -0.00974643 -0.05623532
v 0.00641024 -0.00975157 -0.05711194
v 0.00675916 -0.00975526 -0.05804775
v 0.00697136 -0.00975742 -0.05902370
v 0.00704251 -0.00975802 -0.06001991
v 0.00697118 -0.00975704 -0.06101611
v 0.00675880 -0.00975450 -0.06199201
v 0.00640971 -0.00975044 -0.06292776
v 0.00593101 -0.00974496 -0.06380429
v 0.00533244 -0.00973817 -0.06460378
v 0.00462620 -0.00973020 -0.06530993
v 0.00382665 -0.00972121 -0.06590839
v 0.00295008 -0.00971140 -0.06638695
v 0.00201433 -0.00970095 -0.06673589
v 0.00117005 -0.00969116 -0.06894839
v 0.00004211 -0.00967863 -0.06901925
v -0.00108581 -0.00966613 -0.06894818
v 0.00228021 -0.00970352 -0.06873671
v 0.00335509 -0.00971551 -0.06838755
v 0.00437773 -0.00972694 -0.06790643
v 0.00533201 -0.00973765 -0.06730090
v 0.00620288 -0.00974745 -0.06658056
v 0.00697661 -0.00975619 -0.06575672
v 0.00764098 -0.00976373 -0.06484241
v 0.00818553 -0.00976996 -0.06385203
v 0.00860167 -0.00977478 -0.06280120
v 0.00888283 -0.00977811 -0.06170652
v 0.00902458 -0.00977990 -0.06058522
v 0.00902468 -0.00978012 -0.05945498
v 0.00888314 -0.00977877 -0.05833365
v 0.00860218 -0.00977586 -0.05723890
v 0.00818624 -0.00977145 -0.05618800
v 0.00764187 -0.00976560 -0.05519752
v 0.00697767 -0.00975841 -0.05428309
v 0.00620409 -0.00974998 -0.05345911
v 0.00533336 -0.00974046 -0.05273859
v 0.00437919 -0.00973000 -0.05213290
v 0.00335663 -0.00971874 -0.05165157
v 0.00228182 -0.00970689 -0.05130221
v 0.00117170 -0.00969461 -0.05109032
v 0.00004377 -0.00968212 -0.05101924
v -0.00108416 -0.00966959 -0.05109011
v -0.00219432 -0.00965723 -0.05130178
v -0.00326920 -0.00964524 -0.05165095
v -0.00429185 -0.00963380 -0.05213208
v -0.00524613 -0.00962310 -0.05273759
v -0.00611700 -0.00961330 -0.05345795
v -0.00689072 -0.00960456 -0.05428177
v -0.00755510 -0.00959701 -0.05519609
v -0.00809965 -0.00959078 -0.05618646
v -0.00851578 -0.00958596 -0.05723729
v -0.00879694 -0.00958263 -0.05833198
v -0.00893869 -0.00958085 -0.05945328
v -0.00893880 -0.00958063 -0.06058352
v -0.00879725 -0.00958198 -0.06170485
v -0.00851630 -0.00958489 -0.06279960
v -0.00810035 -0.00958930 -0.06385050
v -0.00755599 -0.00959515 -0.06484098
v -0.00689178 -0.00960234 -0.06575541
v -0.00611821 -0.00961076 -0.06657939
v -0.00524747 -0.00962028 -0.06729990
v -0.00429330 -0.00963075 -0.06790561
v -0.00327075 -0.00964200 -0.06838693
v -0.00219593 -0.00965386 -0.06873629
v 0.00031558 0.01379310 0.06961027
v -0.00086715 0.01380623 0.06953742
v 0.00149830 0.01377999 0.06953720
v 0.00266308 0.01376711 0.06931935
v -0.00203197 0.01381919 0.06931979
v 0.00379226 0.01375465 0.06895998
v 0.00486872 0.01374281 0.06846459
v 0.00587615 0.01373175 0.06784065
v 0.00679927 0.01372165 0.06709763
v 0.00762409 0.01371267 0.06624679
v 0.00833811 0.01370493 0.06530104
v 0.00893051 0.01369855 0.06427469
v 0.00939229 0.01369364 0.06318333
v 0.00971647 0.01369026 0.06204350
v 0.00989813 0.01368847 0.06087246
v 0.00993451 0.01368830 0.05968797
v 0.00982506 0.01368974 0.05850799
v 0.00957145 0.01369278 0.05735040
v 0.00917752 0.01369736 0.05623275
v 0.00864923 0.01370343 0.05517199
v 0.00799460 0.01371088 0.05418419
v 0.00722355 0.01371961 0.05328434
v 0.00634777 0.01372948 0.05248606
v 0.00538053 0.01374034 0.05180146
v 0.00433651 0.01375203 0.05124092
v 0.00323151 0.01376437 0.05081294
v 0.00208230 0.01377717 0.05052399
v 0.00090629 0.01379025 0.05037848
v -0.00027868 0.01380339 0.05037859
v -0.00145466 0.01381641 0.05052432
v -0.00260382 0.01382910 0.05081349
v -0.00316122 0.01383179 0.06896064
v -0.00370873 0.01384128 0.05124168
v -0.00423777 0.01384383 0.06846545
v -0.00475266 0.01385275 0.05180241
v -0.00524531 0.01385513 0.06784170
v -0.00571977 0.01386335 0.05248720
v -0.00616857 0.01386551 0.06709886
v -0.00659540 0.01387291 0.05328564
v -0.00699355 0.01387483 0.06624817
v -0.00736629 0.01388128 0.05418564
v -0.00770775 0.01388293 0.06530255
v -0.00802073 0.01388835 0.05517356
v -0.00830033 0.01388970 0.06427632
v -0.00854883 0.01389401 0.05623443
v -0.00876232 0.01389504 0.06318504
v -0.00894255 0.01389816 0.05735215
v -0.00908671 0.01389886 0.06204527
v -0.00919595 0.01390075 0.05850978
v -0.00926858 0.01390110 0.06087427
v -0.00930518 0.01390173 0.05968979
v 0.00030451 0.01381632 -0.05038972
v -0.00087822 0.01382945 -0.05046257
v 0.00148723 0.01380321 -0.05046279
v 0.00265201 0.01379033 -0.05068065
v -0.00204304 0.01384242 -0.05068021
v 0.00378119 0.01377788 -0.05104001
v 0.00485765 0.01376603 -0.05153541
v 0.00586508 0.01375497 -0.05215935
v 0.00678820 0.01374488 -0.05290238
v 0.00761302 0.01373589 -0.05375322
v 0.00832704 0.01372815 -0.05469897
v 0.00891944 0.01372178 -0.05572531
v 0.00938122 0.01371686 -0.05681667
v 0.00970540 0.01371349 -0.05795651
v 0.00988706 0.01371170 -0.05912754
v 0.00992344 0.01371152 -0.06031204
v 0.00981400 0.01371296 -0.06149202
v 0.00956038 0.01371600 -0.06264961
v 0.00916645 0.01372058 -0.06376725
v 0.00863816 0.01372665 -0.06482802
v 0.00798353 0.01373410 -0.06581581
v 0.00721248 0.01374283 -0.06671567
v 0.00633670 0.01375270 -0.06751396
v 0.00536947 0.01376356 -0.06819855
v 0.00432544 0.01377525 -0.06875909
v 0.00322044 0.01378759 -0.06918707
v 0.00207123 0.01380039 -0.06947602
v 0.00089522 0.01381347 -0.06962153
v -0.00028975 0.01382661 -0.06962142
v -0.00146573 0.01383963 -0.06947569
v -0.00261489 0.01385232 -0.06918652
v -0.00317229 0.01385501 -0.05103935
v -0.00371980 0.01386450 -0.06875833
v -0.00424884 0.01386705 -0.05153455
v -0.00476373 0.01387597 -0.06819759
v -0.00525638 0.01387835 -0.05215831
v -0.00573084 0.01388657 -0.06751282
v -0.00617964 0.01388873 -0.05290115
v -0.00660647 0.01389613 -0.06671437
v -0.00700462 0.01389805 -0.05375183
v -0.00737736 0.01390451 -0.06581437
v -0.00771882 0.01390615 -0.05469745
v -0.00803180 0.01391158 -0.06482645
v -0.00831140 0.01391293 -0.05572368
v -0.00855989 0.01391723 -0.06376559
v -0.00877339 0.01391826 -0.05681495
v -0.00895362 0.01392138 -0.06264786
v -0.00909777 0.01392208 -0.05795473
v -0.00920702 0.01392397 -0.06149022
v -0.00927965 0.01392432 -0.05912574
v -0.00931625 0.01392496 -0.06031022
v -0.01499417 -0.00218823 0.00296988
v -0.01499072 -0.00199017 0.01627926
v -0.01498687 -0.00153095 0.00304150
v -0.01498566 -0.00153350 0.01621922
v -0.01498058 -0.00107685 0.01627943
v -0.01499542 -0.00241574 0.01645545
v -0.01500114 -0.00281475 0.00275864
v -0.01499945 -0.00278121 0.01673579
v -0.01500746 -0.00338120 0.00241764
v -0.01500253 -0.00306168 0.01710117
v -0.01501282 -0.00386112 0.00196283
v -0.01500444 -0.00323803 0.01752670
v -0.01501699 -0.00423205 0.00141549
v -0.01501976 -0.00447666 0.00080119
v -0.01502101 -0.00458350 0.00014868
v -0.01509252 -0.01137696 0.04094964
v -0.01500507 -0.00329823 0.01798338
v -0.01510008 -0.01136111 -0.04098599
v -0.01502067 -0.00454758 -0.00051156
v -0.01500839 -0.00329127 -0.01801662
v -0.01501877 -0.00437057 -0.00114863
v -0.01500768 -0.00323124 -0.01755993
v -0.01501539 -0.00406076 -0.00173275
v -0.01501068 -0.00363263 -0.00223662
v -0.01500568 -0.00305505 -0.01713433
v -0.01500488 -0.00310621 -0.00263667
v -0.01500254 -0.00277473 -0.01676883
v -0.01499825 -0.00250609 -0.00291418
v -0.01499846 -0.00240937 -0.01648835
v -0.01499372 -0.00198386 -0.01631199
v -0.01499110 -0.00186036 -0.00305620
v -0.01498865 -0.00152722 -0.01625178
v -0.01498377 -0.00119919 -0.00305607
v -0.01498359 -0.00107055 -0.01631182
v -0.01497659 -0.00055350 -0.00291381
v -0.01497889 -0.00064497 -0.01648801
v -0.01497486 -0.00027950 -0.01676835
v -0.01496991 0.00004650 -0.00263606
v -0.01497178 0.00000096 -0.01713374
v -0.01496403 0.00057277 -0.00223581
v -0.01496987 0.00017731 -0.01755927
v -0.01495924 0.00100071 -0.00173178
v -0.01495575 0.00131029 -0.00114754
v -0.01496924 0.00023751 -0.01801594
v -0.01495373 0.00148705 -0.00051039
v -0.01481825 0.01416538 -0.05528359
v -0.01495327 0.00152272 0.00014985
v -0.01480467 0.01539308 -0.05573500
v -0.01479439 0.01537151 0.05570895
v -0.01479234 0.01650858 -0.05615391
v -0.01478198 0.01648685 0.05612829
v -0.01478139 0.01749896 -0.05653562
v -0.01477096 0.01747709 0.05651039
v -0.01474009 0.02026105 0.05636058
v -0.01476602 0.01792126 0.05668598
v -0.01476147 0.01832932 0.05685051
v -0.01495440 0.00141562 0.00080233
v -0.01496592 0.00023055 0.01798406
v -0.01480805 0.01414399 0.05525707
v -0.01496663 0.00017052 0.01752736
v -0.01495705 0.00117078 0.00141653
v -0.01496112 0.00079964 0.00196373
v -0.01496862 -0.00000566 0.01710176
v -0.01496640 0.00031955 0.00241835
v -0.01497177 -0.00028599 0.01673627
v -0.01497266 -0.00024705 0.00275913
v -0.01497585 -0.00065135 0.01645579
v -0.01497959 -0.00087364 0.00297014
v -0.01506051 -0.00774117 -0.04723557
v -0.01500776 -0.00323106 -0.01847330
v -0.01505031 -0.00681846 -0.04763997
v -0.01500585 -0.00305471 -0.01889883
v -0.01500277 -0.00277425 -0.01926421
v -0.01506972 -0.00857565 -0.04672747
v -0.01507783 -0.00931239 -0.04612149
v -0.01508476 -0.00994300 -0.04542449
v -0.01508833 -0.01026867 -0.04496405
v -0.01509146 -0.01055482 -0.04447165
v -0.01509413 -0.01079969 -0.04394958
v -0.01509632 -0.01100149 -0.04340015
v -0.01509801 -0.01115873 -0.04282584
v -0.01509920 -0.01127108 -0.04222988
v -0.01509989 -0.01133854 -0.04161551
v -0.01509226 -0.01135862 0.04152156
v -0.01509159 -0.01130292 0.04208422
v -0.01509050 -0.01120925 0.04263483
v -0.01508898 -0.01107693 0.04317060
v -0.01508708 -0.01090979 0.04367748
v -0.01508477 -0.01070574 0.04416519
v -0.01508206 -0.01046542 0.04463155
v -0.01507896 -0.01018946 0.04507439
v -0.01507547 -0.00987873 0.04549163
v -0.01507162 -0.00953482 0.04588174
v -0.01506742 -0.00915951 0.04624338
v -0.01506290 -0.00875455 0.04657520
v -0.01500436 -0.00323820 0.01844008
v -0.01505796 -0.00831181 0.04688246
v -0.01505273 -0.00784279 0.04715677
v -0.01504724 -0.00735024 0.04739783
v -0.01504153 -0.00683689 0.04760538
v -0.01500236 -0.00306202 0.01886567
v -0.01499922 -0.00278170 0.01923117
v -0.01499514 -0.00241633 0.01951165
v -0.01499040 -0.00199083 0.01968801
v -0.01498533 -0.00153418 0.01974822
v -0.01498027 -0.00107751 0.01968818
v -0.01497557 -0.00065194 0.01951199
v -0.01497154 -0.00028647 0.01923165
v -0.01496846 -0.00000600 0.01886626
v -0.01496654 0.00017034 0.01844073
v -0.01475500 0.01891072 0.05709236
v -0.01474967 0.01938970 0.05730189
v -0.01474549 0.01976487 0.05747823
v -0.01474009 0.02026105 0.05638528
v -0.01474250 0.02003482 0.05762049
v -0.01474228 0.02005333 0.05760764
v -0.01474205 0.02007371 0.05758806
v -0.01474154 0.02012013 0.05752867
v -0.01474147 0.02012689 0.05751871
v -0.01474073 0.02019447 0.05739929
v -0.01474002 0.02026090 0.05713452
v -0.01474019 0.02024428 0.05726317
v -0.01475049 0.02028287 -0.05638495
v -0.01477648 0.01794321 -0.05671106
v -0.01477196 0.01835133 -0.05687542
v -0.01476554 0.01893282 -0.05711704
v -0.01476024 0.01941188 -0.05732640
v -0.01475610 0.01978712 -0.05750259
v -0.01475049 0.02028288 -0.05640965
v -0.01475312 0.02005713 -0.05764474
v -0.01475289 0.02007717 -0.05763066
v -0.01475264 0.02009919 -0.05760898
v -0.01475208 0.02014920 -0.05754286
v -0.01475132 0.02021654 -0.05742381
v -0.01475056 0.02028302 -0.05715869
v -0.01475115 0.02023213 -0.05738877
v -0.01475071 0.02027031 -0.05727039
v -0.01497194 0.00000130 -0.01889824
v -0.01496995 0.00017748 -0.01847264
v -0.01499874 -0.00240877 -0.01954455
v -0.01499404 -0.00198320 -0.01972075
v -0.01498898 -0.00152653 -0.01978078
v -0.01498391 -0.00106989 -0.01972057
v -0.01497917 -0.00064438 -0.01954421
v -0.01497509 -0.00027902 -0.01926374
v -0.00388589 0.01795688 -0.00791124
v -0.00388614 0.01795740 -0.01061583
v -0.00424821 0.01796089 -0.00786350
v -0.00424847 0.01796143 -0.01066350
v -0.00461054 0.01796492 -0.00791117
v -0.00461079 0.01796544 -0.01061576
v -0.00494818 0.01796869 -0.00805100
v -0.00494841 0.01796916 -0.01047587
v -0.00523813 0.01797195 -0.00827346
v -0.00523832 0.01797233 -0.01025336
v -0.00546063 0.01797448 -0.00856339
v -0.00546076 0.01797475 -0.00996339
v -0.00560052 0.01797609 -0.00890103
v -0.00560058 0.01797623 -0.00962572
v -0.00564825 0.01797669 -0.00926337
v -0.00354849 0.01795363 -0.01047600
v -0.00354827 0.01795316 -0.00805113
v -0.00325854 0.01795037 -0.01025354
v -0.00325836 0.01794999 -0.00827364
v -0.00303604 0.01794785 -0.00996361
v -0.00303591 0.01794758 -0.00856361
v -0.00289616 0.01794623 -0.00962597
v -0.00289609 0.01794609 -0.00890128
v -0.00284842 0.01794563 -0.00926363
v -0.00388418 0.01795330 0.01058876
v -0.00388443 0.01795382 0.00788417
v -0.00424650 0.01795731 0.01063650
v -0.00424676 0.01795785 0.00783650
v -0.00460883 0.01796134 0.01058883
v -0.00460908 0.01796186 0.00788424
v -0.00494647 0.01796511 0.01044900
v -0.00494670 0.01796558 0.00802413
v -0.00523643 0.01796837 0.01022654
v -0.00523661 0.01796876 0.00824664
v -0.00545893 0.01797090 0.00993661
v -0.00545906 0.01797117 0.00853661
v -0.00559881 0.01797251 0.00959897
v -0.00559888 0.01797265 0.00887428
v -0.00564654 0.01797311 0.00923663
v -0.00354679 0.01795005 0.00802400
v -0.00354656 0.01794958 0.01044887
v -0.00325683 0.01794679 0.00824646
v -0.00325665 0.01794641 0.01022636
v -0.00303433 0.01794427 0.00853639
v -0.00303420 0.01794400 0.00993639
v -0.00289445 0.01794265 0.00887402
v -0.00289438 0.01794251 0.00959872
v -0.00284672 0.01794205 0.00923637
v -0.00157111 0.02343087 -0.00442151
v -0.00167103 0.02343202 -0.00466268
v -0.00153702 0.02343044 -0.00416269
v -0.00182996 0.02343383 -0.00486977
v -0.00203707 0.02343615 -0.00502867
v -0.00227824 0.02343885 -0.00512855
v -0.00253705 0.02344173 -0.00516260
v -0.00253610 0.02343973 0.00513740
v -0.00583590 0.02347634 0.00513771
v -0.00583685 0.02347833 -0.00516229
v -0.00683593 0.02348763 0.00413781
v -0.00683669 0.02348923 -0.00416219
v -0.00609565 0.02348120 -0.00512819
v -0.00633680 0.02348385 -0.00502827
v -0.00654388 0.02348612 -0.00486933
v -0.00670277 0.02348784 -0.00466221
v -0.00680265 0.02348890 -0.00442101
v -0.00680183 0.02348720 0.00439662
v -0.00670192 0.02348604 0.00463780
v -0.00654299 0.02348424 0.00484489
v -0.00633588 0.02348191 0.00500379
v -0.00609470 0.02347922 0.00510366
v -0.00153625 0.02342883 0.00413731
v -0.00227730 0.02343687 0.00510330
v -0.00203614 0.02343421 0.00500338
v -0.00182906 0.02343195 0.00484444
v -0.00167017 0.02343022 0.00463732
v -0.00157030 0.02342916 0.00439613
v 0.00072506 -0.00168930 -0.05041102
v -0.00045992 -0.00167615 -0.05041091
v -0.00163592 -0.00166308 -0.05055643
v -0.00278513 -0.00165027 -0.05084537
v -0.00389013 -0.00163793 -0.05127335
v -0.00493416 -0.00162624 -0.05183389
v -0.00590139 -0.00161538 -0.05251849
v -0.00677717 -0.00160551 -0.05331677
v -0.00754822 -0.00159678 -0.05421663
v -0.00820285 -0.00158933 -0.05520442
v -0.00873114 -0.00158327 -0.05626518
v -0.00912508 -0.00157868 -0.05738283
v -0.00937869 -0.00157565 -0.05854042
v -0.00948813 -0.00157420 -0.05972040
v -0.00945175 -0.00157438 -0.06090489
v -0.00927009 -0.00157617 -0.06207593
v -0.00894591 -0.00157955 -0.06321576
v -0.00848413 -0.00158446 -0.06430713
v -0.00789174 -0.00159083 -0.06533347
v -0.00717772 -0.00159857 -0.06627923
v -0.00635289 -0.00160756 -0.06713006
v -0.00542977 -0.00161766 -0.06787308
v -0.00442234 -0.00162871 -0.06849703
v -0.00334588 -0.00164056 -0.06899243
v -0.00221670 -0.00165302 -0.06935179
v -0.00105192 -0.00166590 -0.06956965
v 0.00013080 -0.00167900 -0.06964272
v 0.00131353 -0.00169214 -0.06956987
v 0.00247835 -0.00170510 -0.06935223
v 0.00360760 -0.00171770 -0.06899308
v 0.00468415 -0.00172973 -0.06849789
v 0.00569169 -0.00174103 -0.06787413
v 0.00661495 -0.00175142 -0.06713129
v 0.00743993 -0.00176073 -0.06628060
v 0.00815412 -0.00176884 -0.06533498
v 0.00874671 -0.00177561 -0.06430876
v 0.00920869 -0.00178094 -0.06321748
v 0.00953308 -0.00178476 -0.06207770
v 0.00971496 -0.00178700 -0.06090670
v 0.00975156 -0.00178764 -0.05972222
v 0.00964233 -0.00178665 -0.05854221
v 0.00938893 -0.00178407 -0.05738458
v 0.00899520 -0.00177991 -0.05626686
v 0.00846711 -0.00177426 -0.05520599
v 0.00781266 -0.00176719 -0.05421808
v 0.00704178 -0.00175881 -0.05331807
v 0.00616615 -0.00174925 -0.05251963
v 0.00519904 -0.00173865 -0.05183484
v 0.00415511 -0.00172718 -0.05127411
v 0.00305020 -0.00171501 -0.05084592
v 0.00190104 -0.00170231 -0.05055676
v 0.00114159 -0.01719118 -0.06957286
v -0.00004114 -0.01717805 -0.06964570
v -0.00122386 -0.01716494 -0.06957263
v -0.00238864 -0.01715206 -0.06935477
v -0.00351782 -0.01713960 -0.06899542
v -0.00459428 -0.01712776 -0.06850001
v -0.00560171 -0.01711670 -0.06787606
v -0.00652483 -0.01710660 -0.06713305
v -0.00734965 -0.01709762 -0.06628221
v -0.00806367 -0.01708988 -0.06533645
v -0.00865606 -0.01708351 -0.06431012
v -0.00911785 -0.01707859 -0.06321875
v -0.00944203 -0.01707521 -0.06207891
v -0.00962369 -0.01707342 -0.06090787
v -0.00966007 -0.01707325 -0.05972338
v -0.00955062 -0.01707469 -0.05854340
v -0.00929701 -0.01707773 -0.05738581
v -0.00890308 -0.01708231 -0.05626817
v -0.00837479 -0.01708838 -0.05520740
v -0.00772016 -0.01709583 -0.05421961
v -0.00694911 -0.01710455 -0.05331975
v -0.00607333 -0.01711443 -0.05252147
v -0.00510609 -0.01712529 -0.05183687
v -0.00406207 -0.01713698 -0.05127633
v -0.00295707 -0.01714932 -0.05084835
v -0.00180786 -0.01716212 -0.05055941
v -0.00063185 -0.01717520 -0.05041389
v 0.00055312 -0.01718834 -0.05041400
v 0.00172910 -0.01720136 -0.05055974
v 0.00287826 -0.01721405 -0.05084890
v 0.00398318 -0.01722623 -0.05127709
v 0.00502710 -0.01723770 -0.05183782
v 0.00599421 -0.01724830 -0.05252261
v 0.00686984 -0.01725785 -0.05332106
v 0.00764073 -0.01726623 -0.05422106
v 0.00829517 -0.01727330 -0.05520898
v 0.00882326 -0.01727896 -0.05626984
v 0.00921699 -0.01728311 -0.05738756
v 0.00947039 -0.01728570 -0.05854519
v 0.00957962 -0.01728668 -0.05972520
v 0.00954302 -0.01728605 -0.06090968
v 0.00936114 -0.01728381 -0.06208069
v 0.00903676 -0.01727999 -0.06322046
v 0.00857477 -0.01727465 -0.06431174
v 0.00798219 -0.01726788 -0.06533796
v 0.00726799 -0.01725978 -0.06628358
v 0.00644301 -0.01725046 -0.06713427
v 0.00551975 -0.01724008 -0.06787711
v 0.00451221 -0.01722878 -0.06850087
v 0.00343566 -0.01721674 -0.06899607
v 0.00230641 -0.01720414 -0.06935521
v 0.00073613 -0.00171252 0.06958898
v -0.00044885 -0.00169937 0.06958909
v -0.00162485 -0.00168630 0.06944357
v -0.00277406 -0.00167349 0.06915463
v -0.00387906 -0.00166115 0.06872665
v -0.00492309 -0.00164946 0.06816611
v -0.00589032 -0.00163860 0.06748152
v -0.00676610 -0.00162873 0.06668324
v -0.00753715 -0.00162001 0.06578338
v -0.00819178 -0.00161255 0.06479558
v -0.00872007 -0.00160649 0.06373481
v -0.00911401 -0.00160190 0.06261718
v -0.00936762 -0.00159887 0.06145959
v -0.00947706 -0.00159743 0.06027960
v -0.00944068 -0.00159760 0.05909511
v -0.00925902 -0.00159939 0.05792408
v -0.00893484 -0.00160277 0.05678424
v -0.00847306 -0.00160768 0.05569288
v -0.00788067 -0.00161406 0.05466654
v -0.00716665 -0.00162179 0.05372079
v -0.00634182 -0.00163078 0.05286995
v -0.00541870 -0.00164088 0.05212692
v -0.00441127 -0.00165193 0.05150298
v -0.00333481 -0.00166378 0.05100758
v -0.00220563 -0.00167624 0.05064822
v -0.00104085 -0.00168912 0.05043036
v 0.00014187 -0.00170222 0.05035729
v 0.00132460 -0.00171536 0.05043013
v 0.00248942 -0.00172832 0.05064778
v 0.00361866 -0.00174092 0.05100692
v 0.00469522 -0.00175296 0.05150212
v 0.00570276 -0.00176425 0.05212587
v 0.00662602 -0.00177464 0.05286872
v 0.00745100 -0.00178395 0.05371941
v 0.00816519 -0.00179206 0.05466503
v 0.00875778 -0.00179883 0.05569125
v 0.00921976 -0.00180417 0.05678253
v 0.00954415 -0.00180798 0.05792230
v 0.00972603 -0.00181023 0.05909331
v 0.00976263 -0.00181086 0.06027779
v 0.00965340 -0.00180988 0.06145779
v 0.00940000 -0.00180729 0.06261543
v 0.00900627 -0.00180313 0.06373315
v 0.00847818 -0.00179748 0.06479401
v 0.00782373 -0.00179041 0.06578194
v 0.00705285 -0.00178203 0.06668194
v 0.00617722 -0.00177247 0.06748038
v 0.00521011 -0.00176188 0.06816516
v 0.00416618 -0.00175040 0.06872589
v 0.00306127 -0.00173823 0.06915408
v 0.00191211 -0.00172554 0.06944323
v 0.00115266 -0.01721440 0.05042715
v -0.00003007 -0.01720127 0.05035431
v -0.00121279 -0.01718816 0.05042738
v -0.00237757 -0.01717528 0.05064524
v -0.00350675 -0.01716282 0.05100460
v -0.00458321 -0.01715098 0.05150000
v -0.00559064 -0.01713992 0.05212394
v -0.00651376 -0.01712983 0.05286697
v -0.00733858 -0.01712084 0.05371780
v -0.00805260 -0.01711310 0.05466356
v -0.00864500 -0.01710673 0.05568990
v -0.00910678 -0.01710181 0.05678126
v -0.00943096 -0.01709844 0.05792110
v -0.00961262 -0.01709665 0.05909213
v -0.00964900 -0.01709647 0.06027662
v -0.00953956 -0.01709791 0.06145661
v -0.00928594 -0.01710095 0.06261420
v -0.00889201 -0.01710553 0.06373183
v -0.00836372 -0.01711160 0.06479260
v -0.00770909 -0.01711905 0.06578040
v -0.00693804 -0.01712778 0.06668025
v -0.00606226 -0.01713765 0.06747853
v -0.00509503 -0.01714851 0.06816313
v -0.00405100 -0.01716020 0.06872367
v -0.00294600 -0.01717254 0.06915165
v -0.00179679 -0.01718534 0.06944058
v -0.00062078 -0.01719842 0.06958611
v 0.00056419 -0.01721156 0.06958599
v 0.00174017 -0.01722458 0.06944025
v 0.00288933 -0.01723727 0.06915110
v 0.00399424 -0.01724945 0.06872291
v 0.00503817 -0.01726092 0.06816218
v 0.00600528 -0.01727152 0.06747739
v 0.00688091 -0.01728108 0.06667895
v 0.00765180 -0.01728946 0.06577896
v 0.00830624 -0.01729653 0.06479102
v 0.00883433 -0.01730218 0.06373017
v 0.00922806 -0.01730633 0.06261245
v 0.00948146 -0.01730892 0.06145481
v 0.00959069 -0.01730991 0.06027481
v 0.00955409 -0.01730927 0.05909032
v 0.00937221 -0.01730703 0.05791932
v 0.00904782 -0.01730321 0.05677954
v 0.00858584 -0.01729788 0.05568827
v 0.00799326 -0.01729110 0.05466205
v 0.00727906 -0.01728300 0.05371642
v 0.00645408 -0.01727368 0.05286574
v 0.00553082 -0.01726330 0.05212289
v 0.00452328 -0.01725200 0.05149914
v 0.00344673 -0.01723996 0.05100394
v 0.00231748 -0.01722737 0.05064479
v -0.01448904 -0.00186688 0.01920502
v -0.01448541 -0.00153963 0.01924817
v -0.01448178 -0.00121237 0.01920515
v -0.01447841 -0.00090739 0.01907888
v -0.01447552 -0.00064548 0.01887798
v -0.01447332 -0.00044449 0.01861613
v -0.01447194 -0.00031811 0.01831119
v -0.01447150 -0.00027497 0.01798392
v -0.01447200 -0.00031799 0.01765663
v -0.01447343 -0.00044425 0.01735163
v -0.01447569 -0.00064513 0.01708971
v -0.01447861 -0.00090696 0.01688870
v -0.01448201 -0.00121189 0.01676232
v -0.01448564 -0.00153914 0.01671917
v -0.01448927 -0.00186641 0.01676220
v -0.01449264 -0.00217139 0.01688846
v -0.01449552 -0.00243330 0.01708936
v -0.01449773 -0.00263429 0.01735121
v -0.01449910 -0.00276066 0.01765616
v -0.01449955 -0.00280381 0.01798343
v -0.01449904 -0.00276079 0.01831072
v -0.01449761 -0.00263453 0.01861571
v -0.01449536 -0.00243364 0.01887763
v -0.01449244 -0.00217181 0.01907864
v -0.00498962 -0.00197226 0.01920413
v -0.00973933 -0.00191957 0.01920457
v -0.00498599 -0.00164501 0.01924727
v -0.00973570 -0.00159232 0.01924772
v -0.00498236 -0.00131775 0.01920425
v -0.00973207 -0.00126506 0.01920470
v -0.00497899 -0.00101277 0.01907799
v -0.00972870 -0.00096008 0.01907843
v -0.00497611 -0.00075086 0.01887708
v -0.00972582 -0.00069817 0.01887753
v -0.00497390 -0.00054987 0.01861523
v -0.00972361 -0.00049718 0.01861568
v -0.00497253 -0.00042350 0.01831029
v -0.00972224 -0.00037081 0.01831074
v -0.00497208 -0.00038035 0.01798302
v -0.00972179 -0.00032766 0.01798347
v -0.00497259 -0.00042337 0.01765573
v -0.00972230 -0.00037068 0.01765618
v -0.00497402 -0.00054963 0.01735073
v -0.00972373 -0.00049694 0.01735118
v -0.00497627 -0.00075051 0.01708881
v -0.00972598 -0.00069782 0.01708926
v -0.00497919 -0.00101235 0.01688781
v -0.00972890 -0.00095965 0.01688826
v -0.00498259 -0.00131728 0.01676143
v -0.00973230 -0.00126459 0.01676187
v -0.00498622 -0.00164453 0.01671828
v -0.00973593 -0.00159183 0.01671872
v -0.00498985 -0.00197179 0.01676130
v -0.00973956 -0.00191910 0.01676175
v -0.00499322 -0.00227677 0.01688756
v -0.00974293 -0.00222408 0.01688801
v -0.00499611 -0.00253868 0.01708847
v -0.00974582 -0.00248599 0.01708891
v -0.00499831 -0.00273967 0.01735031
v -0.00974802 -0.00268698 0.01735076
v -0.00499969 -0.00286604 0.01765526
v -0.00974940 -0.00281335 0.01765571
v -0.00500013 -0.00290919 0.01798253
v -0.00974984 -0.00285650 0.01798298
v -0.00499963 -0.00286617 0.01830982
v -0.00974934 -0.00281348 0.01831027
v -0.00499820 -0.00273991 0.01861481
v -0.00974791 -0.00268722 0.01861526
v -0.00499594 -0.00253902 0.01887674
v -0.00974565 -0.00248633 0.01887719
v -0.00499302 -0.00227719 0.01907774
v -0.00974273 -0.00222450 0.01907819
v -0.01449350 -0.00212621 0.00247239
v -0.01448695 -0.00153640 0.00254145
v -0.01449971 -0.00268421 0.00226917
v -0.01450524 -0.00318029 0.00194273
v -0.01450980 -0.00358773 0.00151068
v -0.01451314 -0.00388455 0.00099630
v -0.01451509 -0.00405476 0.00042734
v -0.01451552 -0.00408917 -0.00016554
v -0.01451443 -0.00398594 -0.00075038
v -0.01451187 -0.00375063 -0.00129564
v -0.01450798 -0.00339591 -0.00177194
v -0.01450297 -0.00294093 -0.00215359
v -0.01449711 -0.00241020 -0.00242002
v -0.01449071 -0.00183234 -0.00255687
v -0.01448412 -0.00123849 -0.00255676
v -0.01447770 -0.00066068 -0.00241969
v -0.01447179 -0.00013005 -0.00215305
v -0.01446671 0.00032478 -0.00177123
v -0.01446273 0.00067931 -0.00129479
v -0.01446007 0.00091441 -0.00074944
v -0.01445887 0.00101742 -0.00016456
v -0.01445920 0.00098277 0.00042831
v -0.01446104 0.00081235 0.00099721
v -0.01446429 0.00051533 0.00151147
v -0.01446877 0.00010773 0.00194336
v -0.01447424 -0.00038849 0.00226961
v -0.01448041 -0.00094656 0.00247262
v -0.00799390 -0.00219832 0.00247178
v -0.00798735 -0.00160850 0.00254084
v -0.00798081 -0.00101866 0.00247201
v -0.00797464 -0.00046059 0.00226899
v -0.00796917 0.00003562 0.00194275
v -0.00796469 0.00044322 0.00151085
v -0.00796144 0.00074025 0.00099659
v -0.00795960 0.00091067 0.00042770
v -0.00795927 0.00094532 -0.00016517
v -0.00796047 0.00084231 -0.00075005
v -0.00796313 0.00060721 -0.00129541
v -0.00796711 0.00025268 -0.00177184
v -0.00797219 -0.00020216 -0.00215367
v -0.00797810 -0.00073278 -0.00242030
v -0.00798453 -0.00131060 -0.00255737
v -0.00799111 -0.00190444 -0.00255748
v -0.00799751 -0.00248230 -0.00242064
v -0.00800337 -0.00301303 -0.00215421
v -0.00800838 -0.00346802 -0.00177256
v -0.00801227 -0.00382273 -0.00129626
v -0.00801483 -0.00405804 -0.00075099
v -0.00801592 -0.00416127 -0.00016615
v -0.00801549 -0.00412686 0.00042673
v -0.00801354 -0.00395666 0.00099569
v -0.00801020 -0.00365983 0.00151006
v -0.00800564 -0.00325239 0.00194211
v -0.00800011 -0.00275631 0.00226855
v -0.01449236 -0.00185991 -0.01679498
v -0.01448873 -0.00153267 -0.01675183
v -0.01448510 -0.00120540 -0.01679485
v -0.01448173 -0.00090042 -0.01692112
v -0.01447884 -0.00063851 -0.01712202
v -0.01447664 -0.00043752 -0.01738387
v -0.01447527 -0.00031115 -0.01768882
v -0.01447482 -0.00026800 -0.01801609
v -0.01447533 -0.00031102 -0.01834337
v -0.01447676 -0.00043728 -0.01864837
v -0.01447901 -0.00063817 -0.01891029
v -0.01448193 -0.00090000 -0.01911130
v -0.01448533 -0.00120493 -0.01923768
v -0.01448896 -0.00153218 -0.01928083
v -0.01449259 -0.00185944 -0.01923781
v -0.01449596 -0.00216442 -0.01911154
v -0.01449885 -0.00242633 -0.01891064
v -0.01450105 -0.00262732 -0.01864879
v -0.01450242 -0.00275370 -0.01834384
v -0.01450287 -0.00279684 -0.01801657
v -0.01450236 -0.00275382 -0.01768929
v -0.01450093 -0.00262757 -0.01738429
v -0.01449868 -0.00242668 -0.01712237
v -0.01449576 -0.00216484 -0.01692136
v -0.00499295 -0.00196529 -0.01679588
v -0.00974265 -0.00191260 -0.01679543
v -0.00498931 -0.00163805 -0.01675273
v -0.00973902 -0.00158536 -0.01675228
v -0.00498568 -0.00131078 -0.01679575
v -0.00973539 -0.00125809 -0.01679530
v -0.00498231 -0.00100580 -0.01692201
v -0.00973202 -0.00095311 -0.01692156
v -0.00497943 -0.00074389 -0.01712292
v -0.00972914 -0.00069120 -0.01712247
v -0.00497722 -0.00054290 -0.01738477
v -0.00972693 -0.00049021 -0.01738432
v -0.00497585 -0.00041653 -0.01768972
v -0.00972556 -0.00036384 -0.01768927
v -0.00497540 -0.00037338 -0.01801698
v -0.00972511 -0.00032069 -0.01801653
v -0.00497591 -0.00041640 -0.01834427
v -0.00972562 -0.00036371 -0.01834382
v -0.00497734 -0.00054266 -0.01864927
v -0.00972705 -0.00048997 -0.01864882
v -0.00497959 -0.00074355 -0.01891119
v -0.00972930 -0.00069086 -0.01891074
v -0.00498252 -0.00100538 -0.01911219
v -0.00973222 -0.00095269 -0.01911174
v -0.00498591 -0.00131031 -0.01923857
v -0.00973562 -0.00125762 -0.01923813
v -0.00498954 -0.00163756 -0.01928172
v -0.00973925 -0.00158487 -0.01928128
v -0.00499317 -0.00196482 -0.01923870
v -0.00974288 -0.00191213 -0.01923825
v -0.00499654 -0.00226980 -0.01911244
v -0.00974625 -0.00221711 -0.01911199
v -0.00499943 -0.00253171 -0.01891154
v -0.00974914 -0.00247902 -0.01891109
v -0.00500163 -0.00273270 -0.01864969
v -0.00975134 -0.00268001 -0.01864924
v -0.00500301 -0.00285908 -0.01834474
v -0.00975272 -0.00280639 -0.01834429
v -0.00500345 -0.00290223 -0.01801747
v -0.00975316 -0.00284954 -0.01801702
v -0.00500295 -0.00285920 -0.01769019
v -0.00975266 -0.00280651 -0.01768974
v -0.00500152 -0.00273295 -0.01738519
v -0.00975123 -0.00268026 -0.01738474
v -0.00499926 -0.00253206 -0.01712326
v -0.00974897 -0.00247937 -0.01712281
v -0.00499634 -0.00227022 -0.01692226
v -0.00974605 -0.00221753 -0.01692181
v 0.01261772 -0.01734641 0.07547811
v 0.01384692 -0.01621346 0.07547822
v 0.01259857 -0.01734630 0.07600117
v 0.01319560 -0.01677968 0.07623391
v 0.01254175 -0.01734577 0.07652164
v 0.01308728 -0.01677862 0.07698143
v 0.01231935 -0.01734350 0.07754774
v 0.01291034 -0.01677680 0.07771643
v 0.01266776 -0.01677424 0.07843459
v 0.01331289 -0.01620811 0.07846394
v 0.01308651 -0.01620571 0.07902990
v 0.01382464 -0.01621333 0.07608999
v 0.01375866 -0.01621272 0.07669630
v 0.01365041 -0.01621163 0.07729528
v 0.01350134 -0.01621009 0.07788512
v 0.01236250 -0.01677099 0.07913160
v 0.01282362 -0.01620290 0.07958117
v 0.01199755 -0.01676707 0.07980316
v 0.01252568 -0.01619970 0.08011588
v 0.01134805 -0.01676005 0.08075187
v 0.01183535 -0.01619223 0.08112472
v 0.01059129 -0.01675182 0.08162352
v 0.01103521 -0.01618353 0.08204667
v 0.00974271 -0.01674256 0.08241481
v 0.01014158 -0.01617378 0.08287983
v 0.00881772 -0.01673244 0.08312240
v 0.00917076 -0.01616315 0.08362231
v 0.00783085 -0.01672161 0.08374327
v 0.00813815 -0.01615182 0.08427206
v 0.00679234 -0.01671019 0.08427756
v 0.00705442 -0.01613991 0.08482969
v 0.00571121 -0.01669828 0.08472662
v 0.00592881 -0.01612751 0.08529721
v 0.00459649 -0.01668599 0.08509184
v 0.00477055 -0.01611473 0.08567665
v 0.00383889 -0.01667762 0.08528939
v 0.00358796 -0.01610167 0.08596993
v 0.00307223 -0.01666915 0.08545050
v 0.00238790 -0.01608840 0.08617815
v 0.00229864 -0.01666059 0.08557536
v 0.00152028 -0.01665197 0.08566410
v 0.00220938 -0.01723278 0.08497258
v 0.00108254 -0.01722030 0.08508795
v 0.00073928 -0.01664332 0.08571691
v -0.00004794 -0.01720776 0.08512554
v -0.00004221 -0.01663465 0.08573393
v -0.00117588 -0.01719524 0.08508552
v -0.00121208 -0.01662167 0.08569242
v -0.00229977 -0.01718275 0.08496742
v -0.00237790 -0.01660871 0.08556990
v -0.00341625 -0.01717033 0.08477107
v -0.00353607 -0.01659582 0.08536623
v -0.00451083 -0.01715813 0.08449792
v -0.00467305 -0.01658315 0.08508247
v -0.00556990 -0.01714632 0.08414868
v -0.00577606 -0.01657085 0.08471872
v -0.00659486 -0.01713487 0.08371990
v -0.00684520 -0.01655890 0.08427147
v -0.00758684 -0.01712376 0.08320846
v -0.00788121 -0.01654731 0.08373734
v -0.00852944 -0.01711319 0.08261678
v -0.00886926 -0.01653623 0.08311704
v -0.00940357 -0.01710337 0.08194822
v -0.00978974 -0.01652588 0.08241297
v -0.01020083 -0.01709438 0.08120295
v -0.01063197 -0.01651638 0.08162563
v -0.01091394 -0.01708631 0.08038138
v -0.01138812 -0.01650783 0.08075447
v -0.01152549 -0.01707935 0.07949046
v -0.01204058 -0.01650041 0.07980371
v -0.01232083 -0.01649720 0.07930163
v -0.01255568 -0.01592146 0.08011695
v -0.01285478 -0.01591804 0.07958111
v 0.00117740 -0.01607499 0.08630202
v -0.00003648 -0.01606154 0.08634232
v -0.00124827 -0.01604808 0.08629931
v -0.00245604 -0.01603466 0.08617239
v -0.00365588 -0.01602131 0.08596142
v -0.00483527 -0.01600817 0.08566704
v -0.00598222 -0.01599538 0.08528875
v -0.00709554 -0.01598294 0.08482303
v -0.00817558 -0.01597085 0.08426622
v -0.00920907 -0.01595926 0.08361730
v -0.01017591 -0.01594839 0.08287773
v -0.01106312 -0.01593839 0.08204832
v -0.01186230 -0.01592935 0.08112756
v -0.01256731 -0.01649437 0.07878512
v -0.01311820 -0.01591501 0.07902914
v -0.01277892 -0.01649192 0.07825589
v -0.01334464 -0.01591239 0.07846288
v -0.01295455 -0.01648987 0.07771573
v -0.01353280 -0.01591019 0.07788412
v -0.01309309 -0.01648822 0.07716636
v -0.01368141 -0.01590843 0.07729472
v -0.01319344 -0.01648700 0.07660957
v -0.01378917 -0.01590712 0.07669649
v -0.01325448 -0.01648622 0.07604708
v -0.01385479 -0.01590627 0.07609125
v -0.01387699 -0.01590591 0.07548083
v -0.01267323 -0.01706585 0.07548050
v -0.01265417 -0.01706616 0.07600292
v -0.01259771 -0.01706689 0.07652265
v -0.01237631 -0.01706954 0.07754733
v -0.01201643 -0.01707372 0.07854109
v 0.00332515 -0.01724512 0.08477905
v 0.00442242 -0.01725724 0.08450703
v 0.00549361 -0.01726905 0.08415605
v 0.00653026 -0.01728047 0.08372544
v 0.00752355 -0.01729139 0.08321448
v 0.00846468 -0.01730172 0.08262248
v 0.00934383 -0.01731134 0.08194979
v 0.01014737 -0.01732011 0.08120037
v 0.01086075 -0.01732787 0.08037901
v 0.01146941 -0.01733445 0.07949045
v 0.01195905 -0.01733970 0.07854211
v -0.01021681 -0.01706293 -0.08124176
v 0.01084450 -0.01729673 -0.08042277
v 0.01260379 -0.01731719 -0.07552189
v 0.01145605 -0.01730369 -0.07953183
v 0.01194699 -0.01730932 -0.07858249
v -0.01093018 -0.01705518 -0.08042040
v -0.01153885 -0.01704859 -0.07953184
v -0.01202849 -0.01704334 -0.07858350
v -0.01268715 -0.01703663 -0.07551950
v -0.01238878 -0.01703954 -0.07758912
v -0.01261119 -0.01703727 -0.07656302
v -0.01266801 -0.01703674 -0.07604256
v 0.01013140 -0.01728866 -0.08124433
v -0.00941327 -0.01707170 -0.08199117
v 0.00933413 -0.01727968 -0.08198960
v 0.00846000 -0.01726985 -0.08265816
v -0.00853412 -0.01708132 -0.08266388
v 0.00751741 -0.01725928 -0.08324984
v -0.00759299 -0.01709165 -0.08325588
v 0.00652542 -0.01724818 -0.08376129
v -0.00659970 -0.01710257 -0.08376683
v 0.00550047 -0.01723672 -0.08419008
v -0.00556305 -0.01711399 -0.08419744
v 0.00444139 -0.01722491 -0.08453931
v -0.00449185 -0.01712580 -0.08454842
v 0.00334682 -0.01721271 -0.08481245
v -0.00339459 -0.01713792 -0.08482044
v 0.00223033 -0.01720029 -0.08500880
v -0.00227882 -0.01715026 -0.08501396
v 0.00110645 -0.01718780 -0.08512691
v -0.00115197 -0.01716274 -0.08512934
v -0.00002150 -0.01717528 -0.08516693
v 0.01230687 -0.01731350 -0.07758873
v 0.01252828 -0.01731615 -0.07656404
v 0.01258473 -0.01731688 -0.07604431
v -0.01389091 -0.01587669 -0.07551917
v -0.01325232 -0.01645692 -0.07627507
v -0.01314400 -0.01645798 -0.07702260
v -0.01296706 -0.01645980 -0.07775760
v -0.01272448 -0.01646235 -0.07847576
v -0.01335689 -0.01588204 -0.07850488
v -0.01313051 -0.01588444 -0.07907085
v -0.01386864 -0.01587681 -0.07613094
v -0.01380266 -0.01587743 -0.07673724
v -0.01369441 -0.01587852 -0.07733624
v -0.01354534 -0.01588006 -0.07792606
v -0.01241922 -0.01646560 -0.07917277
v -0.01286762 -0.01588725 -0.07962211
v -0.01205426 -0.01646952 -0.07984434
v -0.01256968 -0.01589045 -0.08015683
v -0.01140477 -0.01647655 -0.08079303
v -0.01187935 -0.01589791 -0.08116567
v -0.01064801 -0.01648477 -0.08166469
v -0.01107921 -0.01590661 -0.08208761
v -0.00979943 -0.01649404 -0.08245598
v -0.01018558 -0.01591637 -0.08292077
v -0.00887444 -0.01650416 -0.08316357
v -0.00921476 -0.01592699 -0.08366325
v -0.00788757 -0.01651499 -0.08378444
v -0.00818215 -0.01593832 -0.08431301
v -0.00684906 -0.01652641 -0.08431873
v -0.00709842 -0.01595024 -0.08487063
v -0.00576793 -0.01653831 -0.08476780
v -0.00597281 -0.01596264 -0.08533816
v -0.00465320 -0.01655061 -0.08513300
v -0.00481455 -0.01597541 -0.08571760
v -0.00389561 -0.01655898 -0.08533055
v -0.00363196 -0.01598847 -0.08601087
v -0.00312894 -0.01656745 -0.08549168
v -0.00243190 -0.01600175 -0.08621909
v -0.00235536 -0.01657601 -0.08561653
v -0.00157699 -0.01658463 -0.08570527
v -0.00079599 -0.01659328 -0.08575808
v -0.00001451 -0.01660194 -0.08577510
v 0.00115536 -0.01661493 -0.08573359
v 0.00232119 -0.01662789 -0.08561108
v 0.00347935 -0.01664077 -0.08540741
v 0.00461633 -0.01665344 -0.08512364
v 0.00571935 -0.01666575 -0.08475988
v 0.00678848 -0.01667769 -0.08431263
v 0.00782450 -0.01668929 -0.08377851
v 0.00881254 -0.01670037 -0.08315821
v 0.00973302 -0.01671072 -0.08245414
v 0.01057526 -0.01672021 -0.08166680
v 0.01133140 -0.01672877 -0.08079564
v 0.01198386 -0.01673619 -0.07984486
v 0.01226411 -0.01673939 -0.07934281
v 0.01251168 -0.01616869 -0.08015789
v 0.01281078 -0.01617211 -0.07962206
v -0.00122140 -0.01601515 -0.08634298
v -0.00000752 -0.01602861 -0.08638326
v 0.00120427 -0.01604206 -0.08634026
v 0.00241204 -0.01605548 -0.08621334
v 0.00361188 -0.01606883 -0.08600236
v 0.00479127 -0.01608197 -0.08570798
v 0.00593822 -0.01609477 -0.08532969
v 0.00705154 -0.01610721 -0.08486398
v 0.00813158 -0.01611930 -0.08430716
v 0.00916507 -0.01613089 -0.08365825
v 0.01013191 -0.01614176 -0.08291867
v 0.01101912 -0.01615176 -0.08208926
v 0.01181830 -0.01616080 -0.08116850
v 0.01251060 -0.01674223 -0.07882629
v 0.01307420 -0.01617514 -0.07907009
v 0.01272221 -0.01674468 -0.07829706
v 0.01330064 -0.01617776 -0.07850382
v 0.01289784 -0.01674673 -0.07775690
v 0.01348880 -0.01617996 -0.07792507
v 0.01303638 -0.01674837 -0.07720754
v 0.01363741 -0.01618172 -0.07733567
v 0.01313672 -0.01674959 -0.07665074
v 0.01374516 -0.01618303 -0.07673744
v 0.01319776 -0.01675038 -0.07608825
v 0.01381079 -0.01618387 -0.07613220
v 0.01383299 -0.01618424 -0.07552179
v 0.01387012 -0.01570933 0.07547832
v 0.01386719 -0.01570935 0.07575286
v 0.01381899 -0.01596111 0.07629369
v 0.01370255 -0.01595998 0.07709826
v 0.01351261 -0.01595802 0.07788761
v 0.01325259 -0.01595529 0.07865734
v 0.01292592 -0.01595180 0.07940308
v 0.01253603 -0.01594762 0.08012046
v 0.01184511 -0.01594015 0.08113016
v 0.01104435 -0.01593144 0.08205284
v 0.01015006 -0.01592168 0.08288661
v 0.00917858 -0.01591105 0.08362959
v 0.00814530 -0.01589971 0.08427977
v 0.00706092 -0.01588779 0.08483773
v 0.00593467 -0.01587538 0.08530552
v 0.00477578 -0.01586260 0.08568516
v 0.00398926 -0.01585392 0.08589028
v 0.00468756 -0.01560935 0.08572027
v 0.00352771 -0.01559618 0.08600176
v 0.01385363 -0.01570926 0.07602701
v 0.01377570 -0.01570852 0.07674941
v 0.01365968 -0.01570735 0.07737163
v 0.01349910 -0.01570566 0.07798469
v 0.01329463 -0.01570350 0.07858767
v 0.01305071 -0.01570093 0.07917097
v 0.01277059 -0.01569795 0.07973228
v 0.01245616 -0.01569438 0.08027251
v 0.01210949 -0.01569029 0.08079160
v 0.01133336 -0.01568162 0.08175848
v 0.01091208 -0.01567723 0.08220246
v 0.01000871 -0.01566789 0.08301851
v 0.00928063 -0.01565988 0.08357126
v 0.00851807 -0.01565116 0.08407122
v 0.00799758 -0.01564524 0.08437318
v 0.00692939 -0.01563360 0.08490760
v 0.00582589 -0.01562187 0.08535525
v 0.00319394 -0.01584513 0.08605745
v 0.00236003 -0.01558324 0.08620053
v 0.00239190 -0.01583625 0.08618692
v 0.00158522 -0.01582732 0.08627888
v 0.00077599 -0.01581835 0.08633356
v -0.00003369 -0.01580938 0.08635117
v -0.00124609 -0.01579592 0.08630815
v -0.00245447 -0.01578249 0.08618116
v -0.00365491 -0.01576913 0.08597007
v -0.00483491 -0.01575598 0.08567555
v -0.00598250 -0.01574318 0.08529705
v -0.00709646 -0.01573073 0.08483106
v -0.00817714 -0.01571864 0.08427391
v -0.00921129 -0.01570704 0.08362459
v -0.01017879 -0.01569616 0.08288450
v -0.01106665 -0.01568616 0.08205448
v -0.01186646 -0.01567711 0.08113301
v -0.01256043 -0.01566921 0.08012153
v -0.01285981 -0.01566579 0.07958521
v -0.01312347 -0.01566276 0.07903273
v -0.01335012 -0.01566013 0.07846592
v -0.01353847 -0.01565793 0.07788661
v -0.01368722 -0.01565617 0.07729662
v -0.01379508 -0.01565486 0.07669780
v -0.01386077 -0.01565401 0.07609193
v -0.01388861 -0.01540140 0.07554958
v -0.01388900 -0.01540138 0.07548093
v 0.00118350 -0.01557049 0.08631974
v -0.00000318 -0.01555752 0.08636004
v -0.00119321 -0.01554413 0.08632044
v -0.00236897 -0.01553077 0.08620206
v -0.00353104 -0.01551786 0.08600523
v -0.00468046 -0.01550542 0.08572790
v -0.00525030 -0.01549915 0.08555780
v -0.00637990 -0.01548623 0.08515091
v -0.00747326 -0.01547365 0.08465892
v -0.00800363 -0.01546775 0.08438084
v -0.00903092 -0.01545667 0.08375645
v -0.00952720 -0.01545127 0.08340776
v -0.01047757 -0.01544058 0.08263294
v -0.01092205 -0.01543558 0.08221132
v -0.01148100 -0.01542931 0.08161233
v -0.01211743 -0.01542208 0.08080679
v -0.01246615 -0.01541811 0.08028719
v -0.01278376 -0.01541447 0.07974378
v -0.01306466 -0.01541126 0.07918251
v -0.01330794 -0.01540846 0.07860312
v -0.01361021 -0.01540488 0.07765575
v -0.01381880 -0.01540237 0.07657591
v -0.01387138 -0.01540168 0.07602956
v -0.01388456 -0.01540149 0.07575543
v -0.01390293 -0.01537216 -0.07551907
v -0.01390254 -0.01537215 -0.07558813
v -0.01389849 -0.01537216 -0.07579521
v -0.01385740 -0.01562471 -0.07633454
v -0.01374095 -0.01562584 -0.07713912
v -0.01355101 -0.01562780 -0.07792845
v -0.01329099 -0.01563054 -0.07869819
v -0.01296433 -0.01563402 -0.07944394
v -0.01257443 -0.01563820 -0.08016130
v -0.01188351 -0.01564567 -0.08117101
v -0.01108275 -0.01565438 -0.08209369
v -0.01018847 -0.01566414 -0.08292746
v -0.00921698 -0.01567477 -0.08367044
v -0.00818371 -0.01568611 -0.08432061
v -0.00709933 -0.01569803 -0.08487858
v -0.00597307 -0.01571044 -0.08534636
v -0.00481418 -0.01572322 -0.08572601
v -0.00402766 -0.01573191 -0.08593113
v -0.00472036 -0.01547200 -0.08576099
v -0.00356050 -0.01548448 -0.08604246
v -0.01388520 -0.01537226 -0.07607098
v -0.01380851 -0.01537296 -0.07679015
v -0.01369249 -0.01537412 -0.07741240
v -0.01353190 -0.01537578 -0.07802545
v -0.01332744 -0.01537795 -0.07862843
v -0.01308351 -0.01538058 -0.07921173
v -0.01280339 -0.01538356 -0.07977302
v -0.01248894 -0.01538675 -0.08031325
v -0.01214226 -0.01539018 -0.08083232
v -0.01176586 -0.01539403 -0.08132937
v -0.01094489 -0.01540310 -0.08224323
v -0.01004152 -0.01541349 -0.08305928
v -0.00931342 -0.01542145 -0.08361199
v -0.00855085 -0.01542947 -0.08411193
v -0.00803036 -0.01543498 -0.08441390
v -0.00696219 -0.01544681 -0.08494836
v -0.00585871 -0.01545937 -0.08539603
v -0.00323234 -0.01574070 -0.08609831
v -0.00239283 -0.01549734 -0.08624126
v -0.00243030 -0.01574957 -0.08622777
v -0.00162362 -0.01575850 -0.08631973
v -0.00081440 -0.01576747 -0.08637441
v -0.00000471 -0.01577645 -0.08639203
v 0.00120768 -0.01578990 -0.08634899
v 0.00241606 -0.01580333 -0.08622201
v 0.00361650 -0.01581669 -0.08601093
v 0.00479651 -0.01582984 -0.08571640
v 0.00594410 -0.01584264 -0.08533789
v 0.00705805 -0.01585509 -0.08487191
v 0.00813874 -0.01586718 -0.08431477
v 0.00917288 -0.01587878 -0.08366544
v 0.01014039 -0.01588966 -0.08292535
v 0.01102825 -0.01589967 -0.08209533
v 0.01182806 -0.01590872 -0.08117386
v 0.01252202 -0.01591661 -0.08016237
v 0.01282140 -0.01592003 -0.07962605
v 0.01308507 -0.01592306 -0.07907358
v 0.01331171 -0.01592569 -0.07850678
v 0.01350006 -0.01592789 -0.07792746
v 0.01364881 -0.01592965 -0.07733748
v 0.01375668 -0.01593096 -0.07673865
v 0.01382237 -0.01593181 -0.07613279
v 0.01385619 -0.01568010 -0.07552169
v 0.01383208 -0.01567971 -0.07616358
v 0.01376054 -0.01567880 -0.07679942
v 0.01364227 -0.01567736 -0.07742886
v 0.01347925 -0.01567545 -0.07804591
v 0.01327512 -0.01567309 -0.07864387
v 0.01303189 -0.01567026 -0.07922328
v 0.01275093 -0.01566705 -0.07978453
v 0.01243328 -0.01566348 -0.08032791
v 0.01171005 -0.01565521 -0.08134023
v 0.01088924 -0.01564587 -0.08225208
v 0.00997820 -0.01563562 -0.08307347
v 0.00899812 -0.01562433 -0.08379721
v 0.00797080 -0.01561251 -0.08442152
v 0.00689914 -0.01560067 -0.08495606
v 0.00578484 -0.01558856 -0.08540613
v 0.00464765 -0.01557579 -0.08576865
v 0.00349824 -0.01556273 -0.08604597
v 0.00233616 -0.01554982 -0.08624273
v 0.00116039 -0.01553704 -0.08636111
v -0.00002963 -0.01552397 -0.08640080
v -0.00121631 -0.01551061 -0.08636051
v -0.01400421 -0.01101351 -0.04658305
v -0.01399600 -0.01135668 -0.04616276
v -0.01401231 -0.01096832 -0.04650809
v -0.01401072 -0.01126776 -0.04609586
v -0.01403507 -0.01090701 -0.04645365
v -0.01404988 -0.01118393 -0.04603233
v -0.01407139 -0.01084968 -0.04640243
v -0.01411152 -0.01110939 -0.04597537
v -0.01411985 -0.01078299 -0.04637419
v -0.01408048 -0.01050429 -0.04676242
v -0.01413005 -0.01042171 -0.04674623
v -0.01409084 -0.01012870 -0.04709643
v -0.01414209 -0.01002673 -0.04709027
v -0.01410244 -0.00972391 -0.04740391
v -0.01415593 -0.00959930 -0.04740520
v -0.01411663 -0.00924531 -0.04771113
v -0.01417152 -0.00914083 -0.04769001
v -0.01413226 -0.00873367 -0.04798449
v -0.01418881 -0.00865278 -0.04794378
v -0.01414930 -0.00819019 -0.04822307
v -0.01420775 -0.00813672 -0.04816570
v -0.01422828 -0.00759434 -0.04835503
v -0.01415021 -0.00762443 -0.04845275
v -0.01410572 -0.00822094 -0.04830110
v -0.01409079 -0.00876933 -0.04805829
v -0.01406506 -0.00880820 -0.04813768
v -0.01405223 -0.00932971 -0.04785489
v -0.01404505 -0.00930403 -0.04797271
v -0.01403369 -0.00977969 -0.04767056
v -0.01410081 -0.00766027 -0.04856599
v -0.01407871 -0.00825461 -0.04838528
v -0.01405713 -0.00879804 -0.04824338
v -0.01408333 -0.00769950 -0.04868724
v -0.01406989 -0.00826283 -0.04848182
v -0.01404027 -0.00981791 -0.04753788
v -0.01402308 -0.01022390 -0.04733772
v -0.01403018 -0.01023117 -0.04722123
v -0.01401325 -0.01063554 -0.04697496
v -0.01402085 -0.01061498 -0.04687777
v -0.01404380 -0.01055769 -0.04681826
v -0.01405350 -0.01017804 -0.04715677
v -0.01406414 -0.00976908 -0.04746858
v -0.01407692 -0.00928577 -0.04778045
v -0.01403514 -0.01250981 -0.04164932
v -0.01411705 -0.01240817 -0.04164929
v -0.01404877 -0.01246549 -0.04230127
v -0.01410891 -0.01239512 -0.04226546
v -0.01410287 -0.01233862 -0.04286420
v -0.01404579 -0.01240110 -0.04293219
v -0.01409896 -0.01223886 -0.04344338
v -0.01404467 -0.01228923 -0.04354040
v -0.01409719 -0.01209623 -0.04400088
v -0.01404540 -0.01213048 -0.04412420
v -0.01409756 -0.01191122 -0.04453472
v -0.01404767 -0.01194560 -0.04463322
v -0.01410009 -0.01168451 -0.04504294
v -0.01405146 -0.01172266 -0.04511927
v -0.01410474 -0.01141691 -0.04552374
v -0.01405677 -0.01146199 -0.04558099
v -0.01402025 -0.01152682 -0.04562217
v -0.01399729 -0.01159613 -0.04566593
v -0.01398823 -0.01168110 -0.04568752
v -0.01398145 -0.01196385 -0.04518379
v -0.01399097 -0.01186427 -0.04519320
v -0.01401434 -0.01179100 -0.04515505
v -0.01397568 -0.01220443 -0.04465311
v -0.01398562 -0.01209430 -0.04469597
v -0.01400961 -0.01201724 -0.04466353
v -0.01397091 -0.01240238 -0.04409703
v -0.01398125 -0.01228591 -0.04417558
v -0.01400608 -0.01220524 -0.04414897
v -0.01396718 -0.01255721 -0.04351707
v -0.01397760 -0.01245158 -0.04357914
v -0.01400357 -0.01236722 -0.04355903
v -0.01396447 -0.01266843 -0.04291479
v -0.01397515 -0.01256990 -0.04295814
v -0.01400251 -0.01248210 -0.04294465
v -0.01396282 -0.01273557 -0.04229171
v -0.01397393 -0.01264021 -0.04231432
v -0.01400293 -0.01254921 -0.04230753
v -0.01396223 -0.01275814 -0.04164937
v -0.01398234 -0.01262917 -0.04164935
v -0.01403489 -0.01251034 -0.03887393
v -0.01403463 -0.01251088 -0.03609854
v -0.01403438 -0.01251142 -0.03332315
v -0.01398157 -0.01263078 -0.03332318
v -0.01398132 -0.01263132 -0.03054780
v -0.01398106 -0.01263186 -0.02777241
v -0.01398080 -0.01263240 -0.02499702
v -0.01403387 -0.01251249 -0.02777238
v -0.01403361 -0.01251303 -0.02499699
v -0.01403335 -0.01251356 -0.02222160
v -0.01403310 -0.01251410 -0.01944622
v -0.01398029 -0.01263347 -0.01944624
v -0.01398003 -0.01263401 -0.01667085
v -0.01397978 -0.01263454 -0.01389546
v -0.01397952 -0.01263508 -0.01112008
v -0.01403258 -0.01251518 -0.01389544
v -0.01403233 -0.01251571 -0.01112005
v -0.01403207 -0.01251625 -0.00834466
v -0.01403182 -0.01251679 -0.00556927
v -0.01397901 -0.01263615 -0.00556930
v -0.01397876 -0.01263669 -0.00279391
v -0.01397850 -0.01263723 -0.00001852
v -0.01395454 -0.01277425 0.04161228
v -0.01397824 -0.01263777 0.00275686
v -0.01397799 -0.01263830 0.00553225
v -0.01403105 -0.01251840 0.00275689
v -0.01403079 -0.01251894 0.00553228
v -0.01410937 -0.01242429 0.04161236
v -0.01403054 -0.01251947 0.00830767
v -0.01403028 -0.01252001 0.01108306
v -0.01397748 -0.01263938 0.01108303
v -0.01397722 -0.01263991 0.01385842
v -0.01397696 -0.01264045 0.01663380
v -0.01397671 -0.01264099 0.01940919
v -0.01402977 -0.01252108 0.01663383
v -0.01402951 -0.01252162 0.01940922
v -0.01402926 -0.01252216 0.02218461
v -0.01402900 -0.01252269 0.02496000
v -0.01397619 -0.01264206 0.02495997
v -0.01397594 -0.01264260 0.02773536
v -0.01397568 -0.01264314 0.03051075
v -0.01397543 -0.01264367 0.03328614
v -0.01402849 -0.01252377 0.03051078
v -0.01402823 -0.01252431 0.03328617
v -0.01402798 -0.01252484 0.03606155
v -0.01402772 -0.01252538 0.03883694
v -0.01397492 -0.01264475 0.03883691
v -0.01397466 -0.01264529 0.04161230
v -0.01397517 -0.01264421 0.03606152
v -0.01398208 -0.01262971 -0.03887396
v -0.01402746 -0.01252592 0.04161233
v -0.01403130 -0.01251786 -0.00001850
v -0.01403156 -0.01251732 -0.00279388
v -0.01398183 -0.01263025 -0.03609857
v -0.01403412 -0.01251195 -0.03054777
v -0.01398055 -0.01263293 -0.02222163
v -0.01403284 -0.01251464 -0.01667082
v -0.01397927 -0.01263562 -0.00834469
v -0.01397773 -0.01263884 0.00830764
v -0.01403002 -0.01252055 0.01385844
v -0.01397645 -0.01264153 0.02218458
v -0.01402874 -0.01252323 0.02773538
v -0.01410134 -0.01241257 0.04221115
v -0.01404127 -0.01248485 0.04221766
v -0.01399522 -0.01256879 0.04222343
v -0.01396609 -0.01265999 0.04222968
v -0.01395499 -0.01275334 0.04223605
v -0.01395643 -0.01269053 0.04284231
v -0.01396698 -0.01260036 0.04282963
v -0.01399456 -0.01251219 0.04281718
v -0.01403819 -0.01243066 0.04280561
v -0.01409533 -0.01236057 0.04278918
v -0.01403671 -0.01233545 0.04337456
v -0.01408952 -0.01217541 0.04374706
v -0.01403685 -0.01219939 0.04392288
v -0.01408918 -0.01213940 0.04387803
v -0.01408911 -0.01196432 0.04440740
v -0.01403860 -0.01202276 0.04444892
v -0.01409112 -0.01174895 0.04491137
v -0.01404195 -0.01180619 0.04495123
v -0.01404687 -0.01155039 0.04542843
v -0.01401022 -0.01161621 0.04546822
v -0.01401707 -0.01131804 0.04592425
v -0.01399427 -0.01138427 0.04597221
v -0.01400236 -0.01104381 0.04640575
v -0.01399383 -0.01110707 0.04646007
v -0.01400289 -0.01072508 0.04686986
v -0.01395887 -0.01258604 0.04342938
v -0.01396892 -0.01249927 0.04341049
v -0.01399517 -0.01241431 0.04339191
v -0.01396229 -0.01244012 0.04399561
v -0.01397193 -0.01235690 0.04397058
v -0.01399705 -0.01227536 0.04394595
v -0.01396670 -0.01225308 0.04453935
v -0.01397598 -0.01217353 0.04450825
v -0.01400020 -0.01209556 0.04447765
v -0.01397207 -0.01202555 0.04505908
v -0.01398106 -0.01194983 0.04502203
v -0.01400459 -0.01187560 0.04498553
v -0.01397840 -0.01175823 0.04555340
v -0.01398717 -0.01168652 0.04551050
v -0.01398566 -0.01145181 0.04602086
v -0.01401141 -0.01066624 0.04680998
v -0.01401282 -0.01030697 0.04724911
v -0.01402139 -0.01025271 0.04718382
v -0.01402358 -0.00985387 0.04759671
v -0.01403228 -0.00980434 0.04752614
v -0.01403515 -0.00936699 0.04791159
v -0.01404404 -0.00932228 0.04783581
v -0.01404749 -0.00884778 0.04819296
v -0.01405664 -0.00880804 0.04811210
v -0.01406057 -0.00829773 0.04844004
v -0.01407005 -0.00826309 0.04835428
v -0.01407435 -0.00771834 0.04865213
v -0.01409185 -0.00767906 0.04853088
v -0.01409709 -0.00822950 0.04827006
v -0.01414128 -0.00764317 0.04841768
v -0.01414073 -0.00819879 0.04819194
v -0.01421937 -0.00761305 0.04831998
v -0.01419830 -0.00817072 0.04812455
v -0.01417905 -0.00869681 0.04789657
v -0.01412398 -0.00873378 0.04795862
v -0.01408243 -0.00876937 0.04803263
v -0.01416163 -0.00919040 0.04763726
v -0.01410860 -0.00923833 0.04769158
v -0.01406879 -0.00927868 0.04776126
v -0.01414608 -0.00965059 0.04734783
v -0.01409461 -0.00971093 0.04739150
v -0.01405621 -0.00975593 0.04745664
v -0.01414235 -0.00976453 0.04726789
v -0.01408206 -0.01015013 0.04705912
v -0.01404472 -0.01019963 0.04711952
v -0.01411973 -0.01049956 0.04665315
v -0.01407099 -0.01055478 0.04669553
v -0.01403434 -0.01060862 0.04675101
v -0.01410952 -0.01086908 0.04626022
v -0.01406141 -0.01092379 0.04630183
v -0.01402512 -0.01098181 0.04635222
v -0.01410133 -0.01120073 0.04583858
v -0.01405337 -0.01125602 0.04587910
v -0.01409520 -0.01149414 0.04538880
v -0.01473380 0.02000198 0.05772776
v -0.01473439 0.01999813 0.05769951
v -0.01473631 0.01999422 0.05767133
v -0.01415180 -0.00515903 0.04935595
v -0.01420123 -0.00512314 0.04924273
v -0.01426118 -0.00260312 0.05006779
v -0.01432113 -0.00008309 0.05089285
v -0.01427170 -0.00011898 0.05100606
v -0.01433165 0.00240105 0.05183111
v -0.01439160 0.00492108 0.05265617
v -0.01445155 0.00744111 0.05348123
v -0.01444103 0.00495697 0.05254296
v -0.01450098 0.00747700 0.05336801
v -0.01473549 0.01408262 0.05542314
v -0.01456093 0.00999703 0.05419308
v -0.01462088 0.01251706 0.05501813
v -0.01457145 0.01248117 0.05513135
v -0.01463140 0.01500120 0.05595640
v -0.01469135 0.01752123 0.05678146
v -0.01473957 0.01999025 0.05764328
v -0.01473919 0.01971352 0.05751773
v -0.01473888 0.01933774 0.05736007
v -0.01473853 0.01886288 0.05717045
v -0.01473812 0.01828890 0.05694902
v -0.01473790 0.01795041 0.05682105
v -0.01473738 0.01716715 0.05653001
v -0.01468083 0.01503709 0.05584319
v -0.01473681 0.01626148 0.05619984
v -0.01473618 0.01523334 0.05583078
v -0.01438108 0.00243695 0.05171790
v -0.01451150 0.00996114 0.05430628
v -0.01421175 -0.00263900 0.05018100
v -0.01496896 -0.00689827 0.04777144
v -0.01497840 -0.00742644 0.04755387
v -0.01498699 -0.00792588 0.04730559
v -0.01499474 -0.00839563 0.04702784
v -0.01500163 -0.00883478 0.04672176
v -0.01500193 -0.00885456 0.04670677
v -0.01500807 -0.00927137 0.04636285
v -0.01501331 -0.00965599 0.04599023
v -0.01501765 -0.01000719 0.04559056
v -0.01502107 -0.01032372 0.04516554
v -0.01502359 -0.01060852 0.04471002
v -0.01502517 -0.01085791 0.04422859
v -0.01502580 -0.01107093 0.04372245
v -0.01502547 -0.01124661 0.04319287
v -0.01502424 -0.01137944 0.04266291
v -0.01502210 -0.01147670 0.04211156
v -0.01501904 -0.01153743 0.04154005
v -0.01501505 -0.01156067 0.04094960
v -0.01502261 -0.01154482 -0.04098604
v -0.01502710 -0.01151655 -0.04163884
v -0.01503045 -0.01144241 -0.04226841
v -0.01503265 -0.01132370 -0.04287303
v -0.01503374 -0.01116169 -0.04345111
v -0.01503372 -0.01095289 -0.04401263
v -0.01503258 -0.01070074 -0.04454627
v -0.01503033 -0.01040644 -0.04505046
v -0.01502698 -0.01007121 -0.04552364
v -0.01501899 -0.00942527 -0.04623915
v -0.01500804 -0.00867214 -0.04686260
v -0.01499425 -0.00782040 -0.04738691
v -0.01497778 -0.00687977 -0.04780608
v -0.01474572 0.01410407 -0.05544971
v -0.01439062 0.00245697 -0.05174903
v -0.01433052 -0.00006338 -0.05092496
v -0.01427042 -0.00258373 -0.05010090
v -0.01422101 -0.00261958 -0.05021413
v -0.01416091 -0.00513992 -0.04939006
v -0.01474646 0.01522422 -0.05584595
v -0.01463103 0.01253836 -0.05504532
v -0.01457093 0.01001801 -0.05422125
v -0.01451083 0.00749766 -0.05339718
v -0.01446142 0.00746182 -0.05351041
v -0.01440132 0.00494147 -0.05268634
v -0.01434121 0.00242112 -0.05186227
v -0.01428111 -0.00009923 -0.05103821
v -0.01469113 0.01505871 -0.05586940
v -0.01474716 0.01624687 -0.05621240
v -0.01474780 0.01716537 -0.05654668
v -0.01474838 0.01797376 -0.05684661
v -0.01464173 0.01502286 -0.05598263
v -0.01458162 0.01250251 -0.05515856
v -0.01475008 0.02001257 -0.05766753
v -0.01452152 0.00998217 -0.05433449
v -0.01470183 0.01754321 -0.05680669
v -0.01474891 0.01866679 -0.05711026
v -0.01474937 0.01923995 -0.05733589
v -0.01474976 0.01968952 -0.05752206
v -0.01474696 0.02001654 -0.05769560
v -0.01474504 0.02002047 -0.05772379
v -0.01474445 0.02002433 -0.05775203
v -0.01421032 -0.00510408 -0.04927682
v -0.01445073 0.00497732 -0.05257310
v -0.01474716 0.02028658 -0.07582889
v -0.01464686 0.01591384 -0.07566893
v -0.01475225 0.02028657 -0.07551210
v -0.01464780 0.01591383 -0.07559096
v -0.01464609 0.01582923 -0.07551297
v -0.01453993 0.01137189 -0.07551384
v -0.01443376 0.00691455 -0.07551471
v -0.01390983 -0.01507099 -0.07558815
v -0.01432759 0.00245720 -0.07551558
v -0.01422143 -0.00200014 -0.07551645
v -0.01411526 -0.00645748 -0.07551733
v -0.01400910 -0.01091482 -0.07551820
v -0.01390900 -0.01507099 -0.07565729
v -0.01390567 -0.01507100 -0.07579549
v -0.01389235 -0.01507109 -0.07607161
v -0.01383918 -0.01507157 -0.07662188
v -0.01462803 0.01591372 -0.07613588
v -0.01456805 0.01591318 -0.07675514
v -0.01473185 0.02028647 -0.07614495
v -0.01465872 0.02028580 -0.07686496
v -0.01464309 0.01591383 -0.07582477
v -0.01446879 0.01591220 -0.07736898
v -0.01443011 0.02028348 -0.07801341
v -0.01433092 0.01591079 -0.07797581
v -0.01438307 0.02028299 -0.07818773
v -0.01415517 0.01590895 -0.07857401
v -0.01400064 0.02027897 -0.07930536
v -0.01394230 0.01590670 -0.07916214
v -0.01369312 0.01590404 -0.07973879
v -0.01305740 -0.01507973 -0.07928581
v -0.01280137 -0.01508248 -0.07979263
v -0.01340842 0.01590099 -0.08030256
v -0.01297618 0.01589634 -0.08103081
v -0.01334262 0.02027193 -0.08064459
v -0.01298613 0.02026808 -0.08121935
v -0.01349409 0.02027355 -0.08037452
v -0.01248720 0.01589105 -0.08172926
v -0.01259719 0.02026387 -0.08177168
v -0.01194437 0.01588515 -0.08239599
v -0.01173640 0.02025452 -0.08279919
v -0.01135055 0.01587869 -0.08302905
v -0.01077080 0.02024399 -0.08373171
v -0.01070862 0.01587168 -0.08362654
v -0.01002146 0.01586417 -0.08418646
v -0.00970919 -0.01511610 -0.08333231
v -0.00891471 0.01585203 -0.08495078
v -0.00971159 0.02023240 -0.08456835
v -0.00859196 0.02022012 -0.08529475
v -0.00772780 0.01583900 -0.08562022
v -0.00741988 0.02020724 -0.08591758
v -0.00647104 0.01582517 -0.08619177
v -0.00630589 0.02019497 -0.08640184
v -0.00515474 0.01581065 -0.08666244
v -0.00515175 0.02018225 -0.08680732
v -0.00492974 0.02017980 -0.08687503
v -0.00379136 0.01579560 -0.08702896
v -0.00362639 0.02016540 -0.08721042
v -0.00239385 0.01578015 -0.08728926
v -0.00231165 0.02015086 -0.08744758
v -0.00097325 0.01576442 -0.08744216
v -0.00098637 0.02013619 -0.08759011
v 0.00034938 0.02012138 -0.08763874
v 0.00169480 0.02010645 -0.08759258
v 0.00141482 0.01573792 -0.08745527
v 0.00045942 0.01574853 -0.08748646
v -0.00124229 -0.01520944 -0.08636897
v 0.00236550 0.01572737 -0.08737577
v 0.00302993 0.02009161 -0.08745143
v 0.00330816 0.01571688 -0.08724832
v 0.00434642 0.02007696 -0.08721610
v 0.00423952 0.01570652 -0.08707324
v 0.00515630 0.01569631 -0.08685090
v 0.00453002 -0.01527358 -0.08581276
v 0.00366844 -0.01526398 -0.08602165
v 0.00564385 0.02006250 -0.08688434
v 0.00605521 0.01568628 -0.08658160
v 0.00537349 -0.01528299 -0.08556011
v 0.00693225 0.01567649 -0.08626614
v 0.00692023 0.02004826 -0.08645238
v 0.00778351 0.01566698 -0.08590569
v 0.00815443 0.02003446 -0.08592261
v 0.00860587 0.01565778 -0.08550113
v 0.00933760 0.02002122 -0.08529448
v 0.00939619 0.01564892 -0.08505341
v 0.01015134 0.01564045 -0.08456343
v 0.00919129 -0.01532570 -0.08368056
v 0.00985324 -0.01533314 -0.08318996
v 0.01086821 0.01563240 -0.08403207
v 0.01046636 0.02000855 -0.08456147
v 0.01101145 0.02000243 -0.08415090
v 0.01177476 0.01999384 -0.08349965
v 0.01186272 0.01562119 -0.08316185
v 0.01248576 0.01998581 -0.08279377
v 0.01275039 0.01561115 -0.08221073
v 0.01335080 0.01997602 -0.08175921
v 0.01352230 0.01560240 -0.08118489
v 0.01373779 0.01997162 -0.08120868
v 0.01386148 0.01559854 -0.08064616
v 0.01409055 0.01996760 -0.08063888
v 0.01416753 0.01559504 -0.08009157
v 0.01435178 0.01996461 -0.08016052
v 0.01443888 0.01559192 -0.07952277
v 0.01468934 0.01996072 -0.07943924
v 0.01467439 0.01558920 -0.07894161
v 0.01493238 0.01995791 -0.07880892
v 0.01487304 0.01558689 -0.07835032
v 0.01513365 0.01995555 -0.07816547
v 0.01503478 0.01558498 -0.07774789
v 0.01523181 0.01995439 -0.07778201
v 0.01535665 0.01995288 -0.07716759
v 0.01515743 0.01558350 -0.07714216
v 0.01544284 0.01995181 -0.07653725
v 0.01524256 0.01558243 -0.07652211
v 0.01528749 0.01558181 -0.07590126
v 0.01386320 -0.01537904 -0.07586348
v 0.01406121 -0.01122622 -0.07552085
v 0.01426624 -0.00677232 -0.07552001
v 0.01447126 -0.00231844 -0.07551917
v 0.01467628 0.00213545 -0.07551832
v 0.01488130 0.00658934 -0.07551748
v 0.01508632 0.01104323 -0.07551663
v 0.01529134 0.01549712 -0.07551579
v 0.01549637 0.01995101 -0.07551495
v 0.01548849 0.01995118 -0.07590660
v 0.01382341 -0.01537848 -0.07641482
v 0.01374839 -0.01537754 -0.07696292
v 0.01363858 -0.01537622 -0.07750612
v 0.01349268 -0.01537449 -0.07804886
v 0.01331652 -0.01537244 -0.07857238
v 0.01310549 -0.01537000 -0.07909281
v 0.01286195 -0.01536721 -0.07960311
v 0.01258637 -0.01536406 -0.08010224
v 0.01227967 -0.01536057 -0.08058909
v 0.01157825 -0.01535262 -0.08152091
v 0.01076714 -0.01534345 -0.08239008
v 0.00849149 -0.01531785 -0.08413450
v 0.00775682 -0.01530962 -0.08455062
v 0.00699028 -0.01530105 -0.08492772
v 0.00619484 -0.01529216 -0.08526461
v 0.00279210 -0.01525423 -0.08618632
v 0.00190436 -0.01524436 -0.08630636
v 0.00100856 -0.01523441 -0.08638132
v 0.00010806 -0.01522441 -0.08641078
v -0.00258059 -0.01519462 -0.08622485
v -0.00389557 -0.01518008 -0.08597998
v -0.00517593 -0.01516594 -0.08563591
v -0.00640864 -0.01515235 -0.08519509
v -0.00758163 -0.01513944 -0.08466160
v -0.00868508 -0.01512732 -0.08403935
v -0.01034207 -0.01510918 -0.08281665
v -0.01093098 -0.01510275 -0.08226854
v -0.01147364 -0.01509684 -0.08169001
v -0.01196778 -0.01509148 -0.08108316
v -0.01241111 -0.01508668 -0.08045001
v -0.01328080 -0.01507735 -0.07876910
v -0.01347115 -0.01507533 -0.07824335
v -0.01362804 -0.01507369 -0.07770934
v -0.01375092 -0.01507244 -0.07716829
v 0.01407514 -0.01125544 0.07547916
v 0.01428017 -0.00680155 0.07548000
v 0.01448519 -0.00234766 0.07548084
v 0.01469021 0.00210623 0.07548168
v 0.01489523 0.00656012 0.07548252
v 0.01510025 0.01101401 0.07548337
v 0.01530527 0.01546790 0.07548421
v 0.01551029 0.01992179 0.07548505
v 0.01530886 0.01555242 0.07556177
v 0.01550526 0.01992179 0.07579996
v 0.01530421 0.01555242 0.07579419
v 0.01549013 0.01992190 0.07611415
v 0.01528933 0.01555253 0.07610346
v 0.01523006 0.01555308 0.07671905
v 0.01381389 -0.01540778 0.07657471
v 0.01542992 0.01992244 0.07673942
v 0.01513196 0.01555405 0.07732934
v 0.01372668 -0.01540691 0.07711792
v 0.01499571 0.01555545 0.07793270
v 0.01519194 0.01992485 0.07797177
v 0.01514165 0.01992537 0.07815877
v 0.01482202 0.01555726 0.07852758
v 0.01476447 0.01992934 0.07926406
v 0.01461163 0.01555948 0.07911253
v 0.01436532 0.01556209 0.07968619
v 0.01304127 -0.01539972 0.07922373
v 0.01278819 -0.01539701 0.07972804
v 0.01408386 0.01556510 0.08024725
v 0.01365647 0.01556970 0.08097225
v 0.01410408 0.01993641 0.08061165
v 0.01343800 0.01994360 0.08163292
v 0.01426671 0.01993466 0.08032053
v 0.01267046 0.01995193 0.08258004
v 0.01263600 0.01558076 0.08233222
v 0.01317292 0.01557493 0.08166787
v 0.01240239 -0.01539286 0.08038238
v 0.01204853 0.01558716 0.08296345
v 0.01181239 0.01996128 0.08345026
v 0.01141331 0.01559409 0.08355965
v 0.01087474 0.01997153 0.08424075
v 0.01073314 0.01560153 0.08411894
v 0.00963738 0.01561354 0.08488341
v 0.00871610 -0.01535266 0.08396290
v 0.00846188 0.01562645 0.08555423
v 0.00762352 -0.01534066 0.08458625
v 0.00974303 0.01998393 0.08502994
v 0.00855015 0.01999704 0.08570830
v 0.00721667 0.01564015 0.08612853
v 0.00646158 -0.01532787 0.08512217
v 0.00591178 0.01565454 0.08660344
v 0.00730253 0.02001077 0.08628011
v 0.00600661 0.02002505 0.08674973
v 0.00455958 0.01566947 0.08697563
v 0.00462735 0.02004028 0.08713009
v 0.00317287 0.01568480 0.08724290
v 0.00323105 0.02005572 0.08739907
v 0.00175812 0.01570046 0.08740446
v 0.00181765 0.02007137 0.08755887
v 0.00033928 0.01571619 0.08745823
v 0.00038710 0.02008723 0.08761173
v -0.00061149 0.01572674 0.08743431
v -0.00104152 0.02010309 0.08755893
v -0.00155731 0.01573725 0.08736260
v -0.00245629 0.02011881 0.08739906
v -0.00249571 0.01574768 0.08724344
v -0.00342352 0.01575801 0.08707714
v -0.00354884 -0.01521699 0.08601166
v -0.00440807 -0.01520742 0.08581144
v -0.00433759 0.01576819 0.08686405
v -0.00523474 0.01577819 0.08660450
v -0.00523256 0.02014973 0.08675079
v -0.00611086 0.01578797 0.08629924
v -0.00641785 0.02016296 0.08632568
v -0.00696195 0.01579748 0.08594938
v -0.00756494 0.02017579 0.08581471
v -0.00778503 0.01580668 0.08555577
v -0.00866726 0.02018813 0.08521591
v -0.00857715 0.01581555 0.08511925
v -0.00933531 0.01582406 0.08464069
v -0.00907403 -0.01515526 0.08373795
v -0.00385429 0.02013437 0.08713029
v -0.00971820 0.02019992 0.08452732
v -0.01005656 0.01583216 0.08412091
v -0.00974054 -0.01514777 0.08325773
v -0.01105994 0.01584344 0.08326818
v -0.01094796 0.02021376 0.08353548
v -0.01173431 0.02022263 0.08275966
v -0.01010116 0.02020423 0.08424273
v -0.01195903 0.01585359 0.08233453
v -0.01259864 0.02023242 0.08172434
v -0.01274511 0.01586251 0.08132631
v -0.01298353 0.02023679 0.08117597
v -0.01333514 0.02024080 0.08060732
v -0.01340800 0.01587008 0.08024985
v -0.01349385 0.02024261 0.08032315
v -0.01368955 0.01587332 0.07968886
v -0.01393381 0.02024767 0.07940628
v -0.01393597 0.01587617 0.07911523
v -0.01417646 0.02025049 0.07877593
v -0.01414646 0.01587862 0.07853032
v -0.01437670 0.02025283 0.07813453
v -0.01432027 0.01588066 0.07793547
v -0.01441952 0.02025334 0.07797457
v -0.01445697 0.01588229 0.07733040
v -0.01455897 0.02025500 0.07736011
v -0.01455484 0.01588349 0.07672187
v -0.01465772 0.02025622 0.07674226
v -0.01461422 0.01588426 0.07610628
v -0.01471805 0.02025701 0.07611699
v -0.01462916 0.01588449 0.07579701
v -0.01473833 0.02025735 0.07548791
v -0.01463292 0.01588456 0.07564211
v -0.01463216 0.01580001 0.07548704
v -0.01452600 0.01134267 0.07548617
v -0.01441983 0.00688533 0.07548530
v -0.01431367 0.00242798 0.07548442
v -0.01389506 -0.01510021 0.07561845
v -0.01420750 -0.00202936 0.07548355
v -0.01410133 -0.00648670 0.07548267
v -0.01399517 -0.01094404 0.07548180
v -0.01389175 -0.01510028 0.07575583
v -0.01387854 -0.01510047 0.07603030
v -0.01382589 -0.01510116 0.07657731
v -0.01373858 -0.01510223 0.07712050
v -0.01361704 -0.01510368 0.07765844
v -0.01346178 -0.01510550 0.07818963
v -0.01327337 -0.01510770 0.07871283
v -0.01305244 -0.01511025 0.07922684
v -0.01279961 -0.01511316 0.07973045
v -0.01220077 -0.01512000 0.08070231
v -0.01148561 -0.01512812 0.08161929
v -0.01066336 -0.01513739 0.08247328
v -0.00837097 -0.01516314 0.08418162
v -0.00763421 -0.01517139 0.08458758
v -0.00686659 -0.01517998 0.08495470
v -0.00607095 -0.01518887 0.08528184
v -0.00525015 -0.01519803 0.08556787
v -0.00267570 -0.01522671 0.08616812
v -0.00179187 -0.01523653 0.08628039
v -0.00090060 -0.01524643 0.08634803
v 0.00000012 -0.01525643 0.08637061
v 0.00133674 -0.01527125 0.08631956
v 0.00266551 -0.01528596 0.08616760
v 0.00397017 -0.01530038 0.08591623
v 0.00523981 -0.01531440 0.08556688
v 0.00972977 -0.01536376 0.08325589
v 0.01035604 -0.01537061 0.08274091
v 0.01093866 -0.01537697 0.08219409
v 0.01196406 -0.01538812 0.08101284
v 0.01147541 -0.01538282 0.08161740
v 0.01326207 -0.01540207 0.07870975
v 0.01345020 -0.01540405 0.07818688
v 0.01360525 -0.01540566 0.07765587
v 0.01386643 -0.01540826 0.07602768
v 0.01387960 -0.01540836 0.07575320
v 0.01388371 -0.01540836 0.07554710
v -0.01473981 0.02025235 0.05722569
v -0.01473933 0.02023278 0.05730436
v -0.01473806 0.02017967 0.05743495
v -0.01473635 0.02010818 0.05756334
v -0.01473382 0.02000299 0.05772625
v -0.01474448 0.02002534 -0.05775052
v -0.01474697 0.02013047 -0.05758756
v -0.01474866 0.02020192 -0.05745914
v -0.01474991 0.02025497 -0.05732851
v -0.01475037 0.02027451 -0.05724983
v -0.01474009 0.02026082 0.05636398
v -0.01474008 0.02026076 0.05638161
v -0.01474007 0.02026008 0.05636730
v -0.01474006 0.02025983 0.05637805
v -0.01474004 0.02025873 0.05637040
v -0.01474002 0.02025824 0.05637496
v -0.01474001 0.02025780 0.05637180
v -0.01473999 0.02025669 0.05637309
v -0.01475039 0.02027851 -0.05639745
v -0.01475042 0.02027962 -0.05639617
v -0.01475044 0.02028053 -0.05640007
v -0.01475044 0.02028055 -0.05639476
v -0.01475047 0.02028189 -0.05640309
v -0.01475047 0.02028190 -0.05639166
v -0.01475049 0.02028264 -0.05640633
v -0.01475049 0.02028264 -0.05638835
v -0.01474227 0.01996382 0.05760620
v -0.01474109 0.01995848 0.05761594
v -0.01474175 0.01980475 0.05754324
v -0.01474351 0.01981075 0.05753123
v -0.01474506 0.01962004 0.05744341
v -0.01474651 0.01962703 0.05742906
v -0.01474890 0.01939661 0.05732510
v -0.01475175 0.01912273 0.05720644
v -0.01475452 0.01885581 0.05709430
v -0.01476009 0.01831900 0.05687579
v -0.01474296 0.01996920 0.05759643
v -0.01474454 0.01981693 0.05751921
v -0.01476532 0.01781439 0.05667634
v -0.01477132 0.01723606 0.05645271
v -0.01477811 0.01658130 0.05620427
v -0.01476445 0.01722351 0.05648399
v -0.01476973 0.01656767 0.05623873
v -0.01475302 0.01721191 0.05651426
v -0.01475584 0.01655528 0.05627181
v -0.01475897 0.01581927 0.05600386
v -0.01476126 0.01527547 0.05580797
v -0.01477998 0.01528945 0.05577037
v -0.01478453 0.01471944 0.05556472
v -0.01479723 0.01473520 0.05552246
v -0.01479978 0.01412173 0.05531786
v -0.01479134 0.01530463 0.05573037
v -0.01478572 0.01584717 0.05593031
v -0.01477503 0.01410080 0.05537450
v -0.01476365 0.01470482 0.05560401
v -0.01475051 0.01779213 0.05673194
v -0.01475977 0.01780301 0.05670454
v -0.01474831 0.01829860 0.05692552
v -0.01475568 0.01830869 0.05690096
v -0.01474596 0.01883771 0.05713676
v -0.01475132 0.01884662 0.05711570
v -0.01474479 0.01910597 0.05724473
v -0.01474359 0.01938140 0.05735853
v -0.01474258 0.01961335 0.05745773
v -0.01474693 0.01938882 0.05734185
v -0.01474916 0.01911417 0.05722568
v -0.01477564 0.01583258 0.05596805
v -0.01478962 0.01278949 0.05489627
v -0.01480421 0.01147819 0.05441804
v -0.01481880 0.01016688 0.05393980
v -0.01484355 0.01018781 0.05388317
v -0.01485815 0.00887651 0.05340493
v -0.01487274 0.00756520 0.05292670
v -0.01488733 0.00625390 0.05244847
v -0.01484799 0.00754427 0.05298335
v -0.01486258 0.00623297 0.05250511
v -0.01487717 0.00492166 0.05202689
v -0.01489176 0.00361035 0.05154865
v -0.01491651 0.00363129 0.05149201
v -0.01493111 0.00231998 0.05101378
v -0.01494570 0.00100868 0.05053555
v -0.01496029 -0.00030263 0.05005731
v -0.01492095 0.00098774 0.05059219
v -0.01493554 -0.00032356 0.05011396
v -0.01495013 -0.00163487 0.04963573
v -0.01496472 -0.00294617 0.04915750
v -0.01498947 -0.00292524 0.04910086
v -0.01500406 -0.00423654 0.04862262
v -0.01501866 -0.00554785 0.04814440
v -0.01503325 -0.00685916 0.04766616
v -0.01499391 -0.00556878 0.04820104
v -0.01500850 -0.00688009 0.04772281
v -0.01481437 0.01281042 0.05483962
v -0.01490192 0.00494259 0.05197024
v -0.01490636 0.00229905 0.05107042
v -0.01482896 0.01149912 0.05436139
v -0.01483340 0.00885558 0.05346157
v -0.01497488 -0.00161393 0.04957908
v -0.01497931 -0.00425748 0.04867926
v -0.01500765 -0.00741307 0.04751907
v -0.01502967 -0.00739539 0.04748002
v -0.01504305 -0.00737641 0.04743782
v -0.01504879 -0.00787291 0.04719300
v -0.01503605 -0.00789444 0.04723282
v -0.01501505 -0.00791455 0.04726981
v -0.01502183 -0.00838818 0.04698924
v -0.01502798 -0.00883258 0.04667805
v -0.01503348 -0.00924642 0.04633700
v -0.01503831 -0.00962862 0.04596717
v -0.01504246 -0.00997819 0.04556965
v -0.01504593 -0.01029407 0.04514549
v -0.01504869 -0.01057526 0.04469581
v -0.01505075 -0.01082109 0.04422194
v -0.01505209 -0.01103094 0.04372525
v -0.01505272 -0.01120416 0.04320711
v -0.01505262 -0.01134013 0.04266890
v -0.01505180 -0.01143860 0.04211220
v -0.01505025 -0.01149937 0.04153859
v -0.01504828 -0.01152175 0.04094961
v -0.01507289 -0.01147688 0.04094962
v -0.01507377 -0.01145512 0.04153570
v -0.01508785 -0.01142793 0.04094963
v -0.01508796 -0.01140708 0.04153256
v -0.01508751 -0.01134905 0.04210017
v -0.01508662 -0.01125355 0.04265090
v -0.01508528 -0.01112075 0.04318320
v -0.01507306 -0.01116391 0.04319559
v -0.01507171 -0.01099227 0.04371091
v -0.01505418 -0.00834167 0.04691704
v -0.01504198 -0.00836570 0.04695441
v -0.01505922 -0.00878135 0.04661064
v -0.01504745 -0.00880779 0.04664550
v -0.01506389 -0.00919059 0.04627456
v -0.01505244 -0.00921938 0.04630682
v -0.01506817 -0.00956834 0.04590986
v -0.01505695 -0.00959941 0.04593945
v -0.01507207 -0.00991361 0.04551760
v -0.01506095 -0.00994690 0.04554448
v -0.01507555 -0.01022536 0.04509886
v -0.01506443 -0.01026079 0.04512294
v -0.01507863 -0.01050259 0.04465469
v -0.01508128 -0.01074465 0.04418647
v -0.01508350 -0.01095092 0.04369552
v -0.01506739 -0.01054007 0.04467593
v -0.01506982 -0.01078410 0.04420479
v -0.01507385 -0.01129842 0.04266024
v -0.01507409 -0.01139555 0.04210642
v -0.01504838 -0.01152154 0.03985713
v -0.01504848 -0.01152133 0.03876466
v -0.01504858 -0.01152111 0.03767219
v -0.01507319 -0.01147624 0.03767220
v -0.01507329 -0.01147603 0.03657972
v -0.01508825 -0.01142708 0.03657974
v -0.01508835 -0.01142687 0.03548726
v -0.01508845 -0.01142666 0.03439479
v -0.01508855 -0.01142645 0.03330231
v -0.01507350 -0.01147561 0.03439477
v -0.01507360 -0.01147540 0.03330230
v -0.01504889 -0.01152048 0.03439476
v -0.01504899 -0.01152027 0.03330228
v -0.01504909 -0.01152006 0.03220981
v -0.01504919 -0.01151985 0.03111733
v -0.01507380 -0.01147497 0.03111734
v -0.01507390 -0.01147476 0.03002487
v -0.01508885 -0.01142581 0.03002488
v -0.01508895 -0.01142560 0.02893240
v -0.01508906 -0.01142539 0.02783993
v -0.01508916 -0.01142518 0.02674745
v -0.01507410 -0.01147434 0.02783992
v -0.01507420 -0.01147413 0.02674744
v -0.01504949 -0.01151921 0.02783991
v -0.01504959 -0.01151900 0.02674743
v -0.01504969 -0.01151879 0.02565496
v -0.01504979 -0.01151858 0.02456248
v -0.01507440 -0.01147370 0.02456249
v -0.01507450 -0.01147349 0.02347002
v -0.01508946 -0.01142455 0.02347003
v -0.01508956 -0.01142433 0.02237755
v -0.01508966 -0.01142412 0.02128508
v -0.01508976 -0.01142391 0.02019260
v -0.01507471 -0.01147307 0.02128507
v -0.01507481 -0.01147286 0.02019259
v -0.01505010 -0.01151794 0.02128506
v -0.01505020 -0.01151773 0.02019258
v -0.01505030 -0.01151752 0.01910011
v -0.01505040 -0.01151731 0.01800763
v -0.01507501 -0.01147244 0.01800764
v -0.01507511 -0.01147223 0.01691516
v -0.01509006 -0.01142328 0.01691517
v -0.01509016 -0.01142307 0.01582270
v -0.01509027 -0.01142285 0.01473023
v -0.01509037 -0.01142264 0.01363775
v -0.01507531 -0.01147180 0.01473022
v -0.01507541 -0.01147159 0.01363774
v -0.01505070 -0.01151667 0.01473021
v -0.01505080 -0.01151646 0.01363773
v -0.01505090 -0.01151625 0.01254526
v -0.01505100 -0.01151604 0.01145278
v -0.01507561 -0.01147117 0.01145279
v -0.01507571 -0.01147096 0.01036032
v -0.01509067 -0.01142201 0.01036033
v -0.01509077 -0.01142180 0.00926785
v -0.01509087 -0.01142159 0.00817538
v -0.01509097 -0.01142137 0.00708290
v -0.01507591 -0.01147053 0.00817537
v -0.01507602 -0.01147032 0.00708289
v -0.01505131 -0.01151541 0.00817536
v -0.01505141 -0.01151520 0.00708288
v -0.01505151 -0.01151498 0.00599041
v -0.01505161 -0.01151477 0.00489793
v -0.01507622 -0.01146990 0.00489794
v -0.01507632 -0.01146969 0.00380547
v -0.01509127 -0.01142074 0.00380548
v -0.01509137 -0.01142053 0.00271300
v -0.01509147 -0.01142032 0.00162053
v -0.01509157 -0.01142011 0.00052805
v -0.01507652 -0.01146926 0.00162052
v -0.01507662 -0.01146905 0.00052804
v -0.01505191 -0.01151414 0.00162050
v -0.01505201 -0.01151393 0.00052803
v -0.01505211 -0.01151371 -0.00056444
v -0.01505221 -0.01151350 -0.00165692
v -0.01505231 -0.01151329 -0.00274940
v -0.01507692 -0.01146842 -0.00274938
v -0.01507702 -0.01146821 -0.00384186
v -0.01509198 -0.01141926 -0.00384185
v -0.01509208 -0.01141905 -0.00493432
v -0.01509218 -0.01141884 -0.00602680
v -0.01509228 -0.01141863 -0.00711927
v -0.01507722 -0.01146778 -0.00602681
v -0.01507733 -0.01146757 -0.00711928
v -0.01505262 -0.01151266 -0.00602682
v -0.01505272 -0.01151245 -0.00711930
v -0.01505282 -0.01151223 -0.00821177
v -0.01505292 -0.01151202 -0.00930425
v -0.01507753 -0.01146715 -0.00930423
v -0.01507763 -0.01146694 -0.01039671
v -0.01509258 -0.01141799 -0.01039670
v -0.01509268 -0.01141778 -0.01148917
v -0.01509278 -0.01141757 -0.01258165
v -0.01509289 -0.01141736 -0.01367412
v -0.01507783 -0.01146652 -0.01258166
v -0.01507793 -0.01146630 -0.01367413
v -0.01505322 -0.01151139 -0.01258167
v -0.01505332 -0.01151118 -0.01367415
v -0.01505342 -0.01151097 -0.01476662
v -0.01505352 -0.01151076 -0.01585910
v -0.01507813 -0.01146588 -0.01585908
v -0.01507823 -0.01146567 -0.01695156
v -0.01509319 -0.01141672 -0.01695155
v -0.01509329 -0.01141651 -0.01804403
v -0.01509339 -0.01141630 -0.01913650
v -0.01509349 -0.01141609 -0.02022897
v -0.01507843 -0.01146525 -0.01913651
v -0.01507853 -0.01146504 -0.02022899
v -0.01505383 -0.01151012 -0.01913653
v -0.01505393 -0.01150991 -0.02022900
v -0.01505403 -0.01150970 -0.02132147
v -0.01505413 -0.01150949 -0.02241395
v -0.01507874 -0.01146461 -0.02241394
v -0.01507884 -0.01146440 -0.02350641
v -0.01509379 -0.01141546 -0.02350640
v -0.01509389 -0.01141524 -0.02459887
v -0.01509399 -0.01141503 -0.02569135
v -0.01509409 -0.01141482 -0.02678383
v -0.01507904 -0.01146398 -0.02569136
v -0.01507914 -0.01146377 -0.02678384
v -0.01505443 -0.01150885 -0.02569137
v -0.01505453 -0.01150864 -0.02678385
v -0.01505463 -0.01150843 -0.02787632
v -0.01505473 -0.01150822 -0.02896880
v -0.01507934 -0.01146335 -0.02896878
v -0.01507944 -0.01146313 -0.03006126
v -0.01509440 -0.01141419 -0.03006125
v -0.01509450 -0.01141398 -0.03115373
v -0.01509460 -0.01141376 -0.03224620
v -0.01509470 -0.01141355 -0.03333867
v -0.01507964 -0.01146271 -0.03224621
v -0.01507974 -0.01146250 -0.03333868
v -0.01505503 -0.01150758 -0.03224622
v -0.01505514 -0.01150737 -0.03333870
v -0.01505524 -0.01150716 -0.03443117
v -0.01505534 -0.01150695 -0.03552365
v -0.01507995 -0.01146208 -0.03552363
v -0.01508005 -0.01146187 -0.03661611
v -0.01509500 -0.01141292 -0.03661610
v -0.01509510 -0.01141271 -0.03770857
v -0.01509520 -0.01141249 -0.03880105
v -0.01509530 -0.01141228 -0.03989353
v -0.01508025 -0.01146144 -0.03880106
v -0.01508035 -0.01146123 -0.03989354
v -0.01505564 -0.01150632 -0.03880107
v -0.01505574 -0.01150610 -0.03989355
v -0.01505584 -0.01150589 -0.04098602
v -0.01508045 -0.01146102 -0.04098601
v -0.01509540 -0.01141207 -0.04098600
v -0.01507299 -0.01147666 0.03985715
v -0.01508795 -0.01142772 0.03985715
v -0.01509168 -0.01141990 -0.00056442
v -0.01507672 -0.01146884 -0.00056443
v -0.01507309 -0.01147645 0.03876467
v -0.01508805 -0.01142751 0.03876468
v -0.01504869 -0.01152090 0.03657971
v -0.01504879 -0.01152069 0.03548724
v -0.01507340 -0.01147582 0.03548725
v -0.01507370 -0.01147518 0.03220982
v -0.01508865 -0.01142624 0.03220983
v -0.01504929 -0.01151963 0.03002486
v -0.01504939 -0.01151942 0.02893238
v -0.01507400 -0.01147455 0.02893239
v -0.01507430 -0.01147392 0.02565497
v -0.01508926 -0.01142497 0.02565498
v -0.01504990 -0.01151837 0.02347001
v -0.01505000 -0.01151815 0.02237753
v -0.01507460 -0.01147328 0.02237754
v -0.01507491 -0.01147265 0.01910011
v -0.01508986 -0.01142370 0.01910013
v -0.01505050 -0.01151710 0.01691515
v -0.01505060 -0.01151689 0.01582268
v -0.01507521 -0.01147201 0.01582269
v -0.01507551 -0.01147138 0.01254527
v -0.01509047 -0.01142243 0.01254528
v -0.01505110 -0.01151583 0.01036031
v -0.01505121 -0.01151562 0.00926783
v -0.01507581 -0.01147074 0.00926784
v -0.01507612 -0.01147011 0.00599042
v -0.01509107 -0.01142116 0.00599043
v -0.01505171 -0.01151456 0.00380546
v -0.01505181 -0.01151435 0.00271298
v -0.01507642 -0.01146948 0.00271299
v -0.01507682 -0.01146863 -0.00165691
v -0.01509178 -0.01141968 -0.00165690
v -0.01505241 -0.01151308 -0.00384187
v -0.01505252 -0.01151287 -0.00493435
v -0.01507712 -0.01146800 -0.00493434
v -0.01507743 -0.01146736 -0.00821176
v -0.01509238 -0.01141842 -0.00821175
v -0.01505302 -0.01151181 -0.01039672
v -0.01505312 -0.01151160 -0.01148920
v -0.01507773 -0.01146673 -0.01148918
v -0.01507803 -0.01146609 -0.01476661
v -0.01509299 -0.01141715 -0.01476660
v -0.01505362 -0.01151054 -0.01695157
v -0.01505372 -0.01151033 -0.01804405
v -0.01507833 -0.01146546 -0.01804404
v -0.01507863 -0.01146482 -0.02132146
v -0.01509359 -0.01141588 -0.02132145
v -0.01505423 -0.01150928 -0.02350643
v -0.01505433 -0.01150906 -0.02459890
v -0.01507894 -0.01146419 -0.02459889
v -0.01507924 -0.01146356 -0.02787631
v -0.01509420 -0.01141461 -0.02787630
v -0.01505483 -0.01150801 -0.03006127
v -0.01505493 -0.01150780 -0.03115375
v -0.01507954 -0.01146292 -0.03115374
v -0.01507984 -0.01146229 -0.03443116
v -0.01509480 -0.01141334 -0.03443115
v -0.01505544 -0.01150674 -0.03661612
v -0.01505554 -0.01150653 -0.03770860
v -0.01508015 -0.01146165 -0.03770858
v -0.01508815 -0.01142729 0.03767221
v -0.01508875 -0.01142603 0.03111735
v -0.01508936 -0.01142476 0.02456250
v -0.01508996 -0.01142349 0.01800765
v -0.01509057 -0.01142222 0.01145280
v -0.01509117 -0.01142095 0.00489795
v -0.01509188 -0.01141947 -0.00274937
v -0.01509248 -0.01141820 -0.00930422
v -0.01509309 -0.01141694 -0.01585907
v -0.01509369 -0.01141567 -0.02241393
v -0.01509430 -0.01141440 -0.02896877
v -0.01509490 -0.01141313 -0.03552362
v -0.01508459 -0.01027380 -0.04503620
v -0.01507845 -0.00998888 -0.04546010
v -0.01507346 -0.01030968 -0.04505966
v -0.01505883 -0.01003241 -0.04549376
v -0.01505493 -0.01034340 -0.04508163
v -0.01505740 -0.01061077 -0.04463742
v -0.01505919 -0.01084438 -0.04417044
v -0.01506029 -0.01104356 -0.04368193
v -0.01506058 -0.01112677 -0.04344004
v -0.01506062 -0.01128905 -0.04285847
v -0.01505979 -0.01140661 -0.04225425
v -0.01505810 -0.01147916 -0.04162942
v -0.01508150 -0.01143501 -0.04162624
v -0.01509561 -0.01138712 -0.04162279
v -0.01509517 -0.01131761 -0.04224105
v -0.01508187 -0.01136380 -0.04224791
v -0.01509419 -0.01120335 -0.04283876
v -0.01508158 -0.01124775 -0.04284899
v -0.01509267 -0.01104462 -0.04341391
v -0.01508062 -0.01108710 -0.04342745
v -0.01509186 -0.01096301 -0.04365306
v -0.01508985 -0.01076729 -0.04413597
v -0.01508742 -0.01053734 -0.04459741
v -0.01507616 -0.01057521 -0.04461807
v -0.01507834 -0.01080708 -0.04415378
v -0.01508001 -0.01100464 -0.04366799
v -0.01501731 -0.00686161 -0.04775743
v -0.01501594 -0.00736267 -0.04756815
v -0.01502289 -0.00783512 -0.04733715
v -0.01502929 -0.00828308 -0.04707859
v -0.01504399 -0.00781528 -0.04729983
v -0.01504957 -0.00826098 -0.04704325
v -0.01505680 -0.00779412 -0.04725974
v -0.01506186 -0.00823751 -0.04700549
v -0.01506660 -0.00865561 -0.04672457
v -0.01507458 -0.00936521 -0.04613110
v -0.01506326 -0.00939510 -0.04616200
v -0.01504449 -0.00942326 -0.04619103
v -0.01503513 -0.00870565 -0.04679320
v -0.01505144 -0.00732635 -0.04748661
v -0.01504205 -0.00684070 -0.04770077
v -0.01503802 -0.00734514 -0.04752895
v -0.01505474 -0.00868136 -0.04675996
v -0.01500280 -0.00555012 -0.04823515
v -0.01498830 -0.00423863 -0.04871288
v -0.01497380 -0.00292714 -0.04919060
v -0.01499853 -0.00290623 -0.04913395
v -0.01498403 -0.00159474 -0.04961168
v -0.01496953 -0.00028325 -0.05008940
v -0.01495502 0.00102824 -0.05056713
v -0.01494479 -0.00030416 -0.05014606
v -0.01493028 0.00100733 -0.05062378
v -0.01491578 0.00231882 -0.05110151
v -0.01490128 0.00363031 -0.05157923
v -0.01492602 0.00365122 -0.05152258
v -0.01491151 0.00496271 -0.05200031
v -0.01489701 0.00627420 -0.05247803
v -0.01488250 0.00758569 -0.05295576
v -0.01487227 0.00625329 -0.05253469
v -0.01485776 0.00756478 -0.05301242
v -0.01484326 0.00887627 -0.05349014
v -0.01482876 0.01018776 -0.05396787
v -0.01485350 0.01020867 -0.05391121
v -0.01483899 0.01152016 -0.05438894
v -0.01482449 0.01283165 -0.05486667
v -0.01480998 0.01414314 -0.05534439
v -0.01479975 0.01281074 -0.05492333
v -0.01478525 0.01412223 -0.05540105
v -0.01502754 -0.00552921 -0.04817850
v -0.01494052 0.00233973 -0.05104486
v -0.01488677 0.00494180 -0.05205696
v -0.01501304 -0.00421772 -0.04865623
v -0.01495929 -0.00161565 -0.04966833
v -0.01486800 0.00889718 -0.05343349
v -0.01481425 0.01149925 -0.05444559
v -0.01475376 0.01987973 -0.05757789
v -0.01475468 0.01988567 -0.05756650
v -0.01475791 0.01957123 -0.05741777
v -0.01476230 0.01914487 -0.05723105
v -0.01476775 0.01861598 -0.05701152
v -0.01477058 0.01834102 -0.05690070
v -0.01477441 0.01796932 -0.05675351
v -0.01476917 0.01795823 -0.05678095
v -0.01477248 0.01754455 -0.05662254
v -0.01476217 0.01753332 -0.05665138
v -0.01476411 0.01707689 -0.05648141
v -0.01476622 0.01657706 -0.05629741
v -0.01476850 0.01603259 -0.05609909
v -0.01477096 0.01544212 -0.05588610
v -0.01477359 0.01480420 -0.05565803
v -0.01478913 0.01545591 -0.05584896
v -0.01479417 0.01481872 -0.05561895
v -0.01480013 0.01547092 -0.05580953
v -0.01480668 0.01483438 -0.05557698
v -0.01475217 0.01987392 -0.05758925
v -0.01475352 0.01955702 -0.05744815
v -0.01475535 0.01912813 -0.05726935
v -0.01475763 0.01859673 -0.05705770
v -0.01475881 0.01832063 -0.05695045
v -0.01476397 0.01860624 -0.05703485
v -0.01476618 0.01833072 -0.05692589
v -0.01476040 0.01794754 -0.05680764
v -0.01479407 0.01606000 -0.05602704
v -0.01478848 0.01660306 -0.05622986
v -0.01478335 0.01710147 -0.05641834
v -0.01478011 0.01658944 -0.05626432
v -0.01477613 0.01708866 -0.05645042
v -0.01477866 0.01755650 -0.05659280
v -0.01475628 0.01956395 -0.05743297
v -0.01475971 0.01913632 -0.05725029
v -0.01478444 0.01604565 -0.05606395
v 0.00704104 0.01974479 -0.07549279
v 0.00696676 0.02004558 -0.07520295
v 0.00736830 0.01974115 -0.07544974
v 0.00737166 0.02004107 -0.07514968
v 0.00769556 0.01973753 -0.07549285
v 0.00777655 0.02003659 -0.07520302
v 0.00800050 0.01973417 -0.07561921
v 0.00815384 0.02003244 -0.07535935
v 0.00826235 0.01973130 -0.07582019
v 0.00847782 0.02002889 -0.07560802
v 0.00846327 0.01972912 -0.07608210
v 0.00872640 0.02002620 -0.07593206
v 0.00858955 0.01972778 -0.07638708
v 0.00888265 0.02002454 -0.07630940
v 0.00863261 0.01972737 -0.07671436
v 0.00893592 0.02002402 -0.07671433
v 0.00858949 0.01972791 -0.07704163
v 0.00888257 0.02002469 -0.07711924
v 0.00846315 0.01972937 -0.07734660
v 0.00872626 0.02002650 -0.07749655
v 0.00826219 0.01973165 -0.07760846
v 0.00847761 0.02002932 -0.07782055
v 0.00800030 0.01973459 -0.07780939
v 0.00815359 0.02003296 -0.07806915
v 0.00769533 0.01973800 -0.07793568
v 0.00777627 0.02003718 -0.07822540
v 0.00736807 0.01974164 -0.07797874
v 0.00737137 0.02004168 -0.07827868
v 0.00704082 0.01974526 -0.07793562
v 0.00696648 0.02004616 -0.07822533
v 0.00673587 0.01974862 -0.07780927
v 0.00658919 0.02005032 -0.07806900
v 0.00647402 0.01975149 -0.07760829
v 0.00626521 0.02005386 -0.07782035
v 0.00627311 0.01975366 -0.07734639
v 0.00601663 0.02005656 -0.07749630
v 0.00614682 0.01975501 -0.07704140
v 0.00586038 0.02005822 -0.07711896
v 0.00610376 0.01975542 -0.07671412
v 0.00580711 0.02005873 -0.07671403
v 0.00614688 0.01975488 -0.07638685
v 0.00586045 0.02005806 -0.07630911
v 0.00627322 0.01975342 -0.07608189
v 0.00601677 0.02005626 -0.07593180
v 0.00647419 0.01975114 -0.07582002
v 0.00626542 0.02005344 -0.07560781
v 0.00673608 0.01974820 -0.07561909
v 0.00658944 0.02004979 -0.07535920
v -0.00848036 0.02019166 0.05610016
v -0.00848018 0.02019128 0.05805834
v -0.00847991 0.02019071 0.06103386
v -0.00838638 0.02019016 0.05850827
v -0.00735244 0.02017829 0.06057281
v -0.00735259 0.02017861 0.05892605
v -0.00851294 0.02019027 0.06521551
v -0.00847973 0.02019034 0.06292176
v -0.00849901 0.02019015 0.06501572
v -0.00846600 0.02019016 0.06309396
v -0.00845793 0.02018974 0.06481820
v -0.00842229 0.02018964 0.06326024
v -0.00839080 0.02018903 0.06462973
v -0.00834634 0.02018877 0.06341472
v -0.00829674 0.02018802 0.06445384
v -0.00824021 0.02018757 0.06354958
v -0.00817450 0.02018669 0.06429707
v -0.00810814 0.02018608 0.06366062
v -0.00802450 0.02018505 0.06416895
v -0.00795726 0.02018439 0.06374469
v -0.00784921 0.02018313 0.06407895
v -0.00779326 0.02018256 0.06380143
v -0.00765803 0.02018101 0.06403480
v -0.00762222 0.02018066 0.06383049
v -0.00758706 0.02018023 0.06402480
v -0.00746697 0.02017893 0.06383279
v -0.00756776 0.02017999 0.06417811
v -0.00736363 0.02017732 0.06626167
v -0.00753395 0.02017920 0.06628013
v -0.00763907 0.02018077 0.06418810
v -0.00769607 0.02018101 0.06626260
v -0.00780386 0.02018259 0.06422700
v -0.00784702 0.02018269 0.06620941
v -0.00795400 0.02018424 0.06430709
v -0.00798407 0.02018423 0.06612152
v -0.00808130 0.02018563 0.06442062
v -0.00807507 0.02018525 0.06603513
v -0.00815310 0.02018614 0.06593648
v -0.00818407 0.02018675 0.06455845
v -0.00826254 0.02018759 0.06471202
v -0.00848547 0.02018991 0.06550515
v -0.00817788 0.02018434 0.07668728
v -0.00796822 0.02018187 0.07746953
v -0.00812454 0.02018367 0.07709221
v -0.00701823 0.02017119 0.07819837
v -0.00739555 0.02017540 0.07804212
v -0.00771957 0.02017905 0.07779352
v -0.00583115 0.02015805 0.07804197
v -0.00620844 0.02016221 0.07819830
v -0.00661333 0.02016669 0.07825165
v -0.00510234 0.02015015 0.07709192
v -0.00525859 0.02015181 0.07746927
v -0.00550717 0.02015450 0.07779331
v -0.00504907 0.02014964 0.07668699
v -0.00500261 0.02015133 0.06522724
v -0.00499622 0.02015230 0.05981879
v -0.00499623 0.02015232 0.05968478
v -0.00504927 0.02015360 0.05609984
v -0.00504925 0.02015357 0.05625382
v -0.00378162 0.02014375 0.03421901
v -0.00504468 0.02015404 0.05353186
v -0.00507793 0.02015435 0.05386569
v -0.00517700 0.02015539 0.05418633
v 0.00582126 0.02002905 0.07668597
v 0.00587453 0.02002853 0.07628103
v 0.00022978 0.02010342 0.01256932
v -0.00033063 0.02010951 0.01322564
v 0.00587460 0.02002838 0.07709088
v 0.00603092 0.02002657 0.07746820
v 0.00627957 0.02002375 0.07779219
v 0.00660359 0.02002011 0.07804079
v 0.00698091 0.02001589 0.07819705
v 0.00738581 0.02001139 0.07825033
v 0.00779070 0.02000691 0.07819697
v 0.00816799 0.02000275 0.07804064
v 0.00849197 0.01999921 0.07779198
v 0.00874055 0.01999651 0.07746795
v 0.00889680 0.01999485 0.07709060
v 0.00895007 0.01999434 0.07668567
v 0.00889673 0.01999501 0.07628075
v 0.00975532 0.02000045 -0.00148742
v 0.00975559 0.01999988 0.00148212
v 0.00975568 0.01999969 0.00244569
v 0.00974934 0.01999977 0.00237729
v 0.00973035 0.02000000 0.00231390
v 0.00969987 0.02000035 0.00225712
v 0.00965934 0.02000081 0.00220873
v 0.00960989 0.02000136 0.00216909
v 0.00955282 0.02000200 0.00213897
v 0.00949004 0.02000270 0.00211996
v 0.00942349 0.02000344 0.00211362
v 0.00909630 0.02000719 0.00148218
v 0.00826964 0.02001642 0.00118552
v 0.00909606 0.02000770 -0.00116025
v 0.00826945 0.02001682 -0.00089645
v 0.00704466 0.02003046 -0.00116006
v 0.00760508 0.02002419 -0.00089638
v 0.00760527 0.02002379 0.00118558
v 0.00677862 0.02003290 0.00148240
v 0.00645167 0.02003641 0.00211390
v 0.00611937 0.02004022 0.00148247
v 0.00638319 0.02003717 0.00212025
v 0.00631980 0.02003787 0.00213928
v 0.00626304 0.02003849 0.00216940
v 0.00621456 0.02003902 0.00220906
v 0.00617495 0.02003945 0.00225748
v 0.00614484 0.02003977 0.00231423
v 0.00612583 0.02003997 0.00237765
v 0.00611950 0.02004003 0.00244608
v 0.00127983 0.02009239 0.00933640
v 0.00611966 0.02003969 0.00422626
v 0.00614821 0.02003931 0.00454135
v 0.00121220 0.02009298 0.01019680
v 0.00623381 0.02003830 0.00483232
v 0.00636978 0.02003674 0.00509223
v 0.00101081 0.02009505 0.01103602
v 0.00603078 0.02002687 0.07590369
v 0.00068063 0.02009856 0.01183341
v 0.00975493 0.02000126 -0.00567671
v -0.00033307 0.02011463 -0.01325253
v -0.00098935 0.02012202 -0.01381298
v -0.00511649 0.02017983 -0.07630808
v -0.00506322 0.02017932 -0.07671301
v -0.00511656 0.02017999 -0.07711792
v -0.00527288 0.02018180 -0.07749523
v -0.00552153 0.02018462 -0.07781924
v -0.00584555 0.02018826 -0.07806783
v -0.00622287 0.02019248 -0.07822409
v -0.00662777 0.02019698 -0.07827736
v -0.00703266 0.02020146 -0.07822401
v -0.00740995 0.02020562 -0.07806768
v -0.00773393 0.02020916 -0.07781903
v -0.00798251 0.02021186 -0.07749498
v -0.00813876 0.02021352 -0.07711764
v -0.00819203 0.02021403 -0.07671271
v -0.00813869 0.02021336 -0.07630780
v -0.00798237 0.02021156 -0.07593048
v -0.00867118 0.02020700 -0.01259548
v -0.00811077 0.02020091 -0.01325180
v -0.00972122 0.02021803 -0.00936256
v -0.00965359 0.02021744 -0.01022295
v -0.00945221 0.02021537 -0.01106218
v -0.00703238 0.02020088 -0.07520163
v -0.00671881 0.02018567 -0.01426338
v -0.00662748 0.02019637 -0.07514836
v -0.00592153 0.02017689 -0.01459373
v -0.00622259 0.02019189 -0.07520171
v -0.00508240 0.02016762 -0.01479528
v -0.00584530 0.02018774 -0.07535803
v -0.00552132 0.02018419 -0.07560670
v -0.00422207 0.02015808 -0.01486308
v -0.00527274 0.02018150 -0.07593074
v -0.00336172 0.02014853 -0.01479545
v -0.00252255 0.02013918 -0.01459405
v -0.00172522 0.02013027 -0.01426385
v -0.00740970 0.02020509 -0.07535788
v -0.00745459 0.02019374 -0.01381237
v -0.00773372 0.02020873 -0.07560649
v -0.00812461 0.02018383 0.07628236
v -0.00840333 0.02018894 0.06578340
v -0.00826548 0.02018737 0.06603755
v -0.00817484 0.02018634 0.06615005
v -0.00796836 0.02018217 0.07590502
v -0.00806949 0.02018515 0.06624865
v -0.00790586 0.02018332 0.06635327
v -0.00771978 0.02017947 0.07558098
v -0.00772636 0.02018131 0.06641629
v -0.00739580 0.02017593 0.07533232
v -0.00753431 0.02017918 0.06643651
v -0.00733330 0.02017695 0.06641360
v -0.00701851 0.02017177 0.07517599
v -0.00716771 0.02017513 0.06635998
v -0.00709094 0.02017428 0.06631903
v -0.00702007 0.02017351 0.06626791
v -0.00695767 0.02017283 0.06620818
v -0.00661362 0.02016729 0.07512265
v -0.00690342 0.02017224 0.06614022
v -0.00681935 0.02017133 0.06598601
v -0.00620872 0.02016279 0.07517592
v -0.00584168 0.02016042 0.06634145
v -0.00583140 0.02015857 0.07533217
v -0.00576520 0.02015957 0.06633180
v -0.00559228 0.02015767 0.06628031
v -0.00550738 0.02015493 0.07558078
v -0.00543445 0.02015593 0.06619246
v -0.00529916 0.02015445 0.06607243
v -0.00525873 0.02015211 0.07590476
v -0.00518965 0.02015327 0.06592721
v -0.00510647 0.02015238 0.06576449
v -0.00510241 0.02015030 0.07628208
v -0.00504852 0.02015177 0.06559105
v -0.00673428 0.02017399 0.04729676
v -0.00557475 0.02016116 0.04712026
v -0.00696295 0.02017652 0.04729678
v -0.00842814 0.02019281 0.04712053
v -0.00842801 0.02019254 0.04851407
v -0.00971121 0.02020951 0.03434039
v -0.00842795 0.02019242 0.04913901
v -0.00842792 0.02019236 0.04947662
v -0.00717308 0.02017871 0.04808435
v -0.00712829 0.02017817 0.04826157
v -0.00705599 0.02017734 0.04842836
v -0.00695487 0.02017619 0.04858024
v -0.00682796 0.02017475 0.04870975
v -0.00667801 0.02017307 0.04881372
v -0.00651165 0.02017121 0.04888847
v -0.00633432 0.02016924 0.04893320
v -0.00509294 0.02015536 0.04947631
v -0.00615194 0.02016721 0.04894794
v -0.00593930 0.02016485 0.04892824
v -0.00573416 0.02016259 0.04886923
v -0.00554522 0.02016051 0.04877155
v -0.00538089 0.02015872 0.04863686
v -0.00525006 0.02015730 0.04847041
v -0.00515758 0.02015631 0.04827917
v -0.00510473 0.02015576 0.04807298
v -0.00508827 0.02015562 0.04785988
v -0.00382760 0.02014421 0.03446602
v -0.00508838 0.02015585 0.04664307
v -0.00509326 0.02015603 0.04601917
v -0.00557485 0.02016137 0.04601922
v -0.00673423 0.02017388 0.04785969
v -0.00669710 0.02017342 0.04809179
v -0.00664723 0.02017285 0.04819820
v -0.00657626 0.02017204 0.04829110
v -0.00672541 0.02017376 0.04797758
v -0.00648638 0.02017103 0.04836666
v -0.00638254 0.02016987 0.04842151
v -0.00626941 0.02016861 0.04845461
v -0.00615199 0.02016730 0.04846562
v -0.00603515 0.02016601 0.04845437
v -0.00592274 0.02016477 0.04842079
v -0.00581971 0.02016364 0.04836544
v -0.00573071 0.02016266 0.04828956
v -0.00566060 0.02016190 0.04819671
v -0.00561132 0.02016138 0.04809055
v -0.00558338 0.02016109 0.04797690
v -0.00557468 0.02016102 0.04785958
v -0.00842818 0.02019290 0.04664339
v -0.00842824 0.02019303 0.04602396
v -0.00962513 0.02020850 0.03457822
v -0.00842843 0.02019342 0.04398654
v -0.00844268 0.02019385 0.04257027
v -0.00553728 0.02016162 0.04256999
v -0.00553718 0.02016142 0.04357665
v -0.00509345 0.02015642 0.04398623
v -0.00508832 0.02015644 0.04357661
v -0.00393005 0.02014530 0.03469861
v -0.00424347 0.02014870 0.03510692
v -0.00700172 0.02017721 0.04598558
v -0.00794630 0.02018768 0.04602392
v -0.00832620 0.02018958 0.05805833
v -0.00838639 0.02019019 0.05834349
v -0.00847989 0.02019068 0.06119819
v -0.00504878 0.02015258 0.06139080
v -0.00504865 0.02015231 0.06278744
v -0.00503044 0.02015169 0.06493235
v -0.00505691 0.02015237 0.06291243
v -0.00508167 0.02015263 0.06303063
v -0.00847987 0.02019064 0.06139112
v -0.00842773 0.02019196 0.05151404
v -0.00847026 0.02019204 0.05353218
v -0.00843740 0.02019175 0.05319909
v -0.00509275 0.02015497 0.05150891
v -0.00557435 0.02016031 0.05150896
v -0.00533657 0.02015747 0.05258665
v -0.00517676 0.02015563 0.05288069
v -0.00507810 0.02015448 0.05319962
v -0.00557449 0.02016061 0.04996280
v -0.00581107 0.02016282 0.05212053
v -0.00555084 0.02015989 0.05232957
v -0.00610586 0.02016612 0.05196371
v -0.00651459 0.02017104 0.04996289
v -0.00642540 0.02016968 0.05186639
v -0.00651445 0.02017075 0.05147563
v -0.00675763 0.02017337 0.05183359
v -0.00700122 0.02017615 0.05147567
v -0.00708967 0.02017705 0.05186641
v -0.00700135 0.02017644 0.04996294
v -0.00740883 0.02018057 0.05196347
v -0.00794594 0.02018692 0.04996303
v -0.00770409 0.02018382 0.05212040
v -0.00794580 0.02018662 0.05151400
v -0.00796467 0.02018667 0.05232980
v -0.00817969 0.02018901 0.05258538
v -0.00833930 0.02019072 0.05287902
v -0.00654008 0.02016875 0.06331035
v -0.00661362 0.02016959 0.06320994
v -0.00660096 0.02016923 0.06435367
v -0.00667354 0.02017022 0.06335939
v -0.00665148 0.02016977 0.06443524
v -0.00676139 0.02017117 0.06349457
v -0.00672596 0.02017056 0.06461483
v -0.00687409 0.02017240 0.06360955
v -0.00677473 0.02017106 0.06481345
v -0.00700684 0.02017385 0.06370144
v -0.00682977 0.02017159 0.06524084
v -0.00687077 0.02017198 0.06558504
v -0.00694737 0.02017277 0.06588943
v -0.00701227 0.02017347 0.06602037
v -0.00715351 0.02017547 0.06376898
v -0.00705486 0.02017393 0.06607955
v -0.00710513 0.02017448 0.06613281
v -0.00716205 0.02017510 0.06617792
v -0.00722534 0.02017579 0.06621458
v -0.00730894 0.02017718 0.06381261
v -0.00511096 0.02015264 0.06466338
v -0.00512265 0.02015306 0.06314068
v -0.00517936 0.02015367 0.06324133
v -0.00524393 0.02015416 0.06442487
v -0.00525117 0.02015445 0.06333140
v -0.00533137 0.02015515 0.06432013
v -0.00533725 0.02015539 0.06340986
v -0.00543262 0.02015629 0.06422889
v -0.00543660 0.02015648 0.06347582
v -0.00554809 0.02015770 0.06352852
v -0.00556535 0.02015778 0.06414562
v -0.00571027 0.02015949 0.06357305
v -0.00570926 0.02015938 0.06408966
v -0.00586173 0.02016108 0.06406203
v -0.00588360 0.02016141 0.06358832
v -0.00601999 0.02016284 0.06406324
v -0.00605799 0.02016335 0.06357344
v -0.00621084 0.02016495 0.06409299
v -0.00622328 0.02016519 0.06352927
v -0.00634340 0.02016654 0.06347126
v -0.00638993 0.02016692 0.06416338
v -0.00644954 0.02016773 0.06339792
v -0.00646914 0.02016779 0.06421564
v -0.00653976 0.02016856 0.06427933
v -0.00675732 0.02017272 0.05523527
v -0.00708961 0.02017641 0.05520246
v -0.00740923 0.02017997 0.05510518
v -0.00832636 0.02018992 0.05625413
v -0.00533706 0.02015710 0.05448079
v -0.00555062 0.02015942 0.05473907
v -0.00581118 0.02016227 0.05494845
v -0.00610631 0.02016552 0.05510549
v -0.00642537 0.02016904 0.05520260
v -0.00770417 0.02018327 0.05494840
v -0.00796445 0.02018620 0.05473929
v -0.00817984 0.02018864 0.05448115
v -0.00834004 0.02019047 0.05418568
v -0.00843770 0.02019162 0.05386557
v -0.00827106 0.02018749 0.06571405
v -0.00831830 0.02018818 0.06487588
v -0.00834066 0.02018831 0.06547152
v -0.00836377 0.02018861 0.06521998
v -0.00587132 0.02016078 0.06619366
v -0.00672588 0.02017036 0.06564072
v -0.00638594 0.02016684 0.06435004
v -0.00644376 0.02016747 0.06440751
v -0.00579174 0.02015990 0.06618401
v -0.00587275 0.02016117 0.06421244
v -0.00600964 0.02016269 0.06421172
v -0.00617121 0.02016448 0.06423882
v -0.00574551 0.02015976 0.06423626
v -0.00560793 0.02015787 0.06612106
v -0.00562857 0.02015845 0.06428304
v -0.00552252 0.02015726 0.06435258
v -0.00552429 0.02015695 0.06607159
v -0.00544830 0.02015612 0.06601103
v -0.00532397 0.02015477 0.06586078
v -0.00537169 0.02015556 0.06450573
v -0.00544325 0.02015637 0.06442258
v -0.00525582 0.02015424 0.06470635
v -0.00523088 0.02015377 0.06567338
v -0.00518174 0.02015337 0.06494255
v -0.00517330 0.02015318 0.06545743
v -0.00515384 0.02015300 0.06522277
v -0.00515384 0.02015301 0.06520037
v -0.00624855 0.02016533 0.06426577
v -0.00632056 0.02016613 0.06430274
v -0.00668026 0.02016993 0.06526426
v -0.00653223 0.02016843 0.06454309
v -0.00659219 0.02016906 0.06470047
v -0.00663240 0.02016947 0.06487668
v -0.00758192 0.02018498 0.03905616
v -0.00756074 0.02018447 0.04049245
v -0.00751754 0.02018427 0.03904103
v -0.00749939 0.02018378 0.04050616
v -0.00745536 0.02018358 0.03903655
v -0.00743628 0.02018308 0.04051070
v -0.00732191 0.02018182 0.04049622
v -0.00761992 0.02018513 0.04046949
v -0.00763480 0.02018556 0.03907664
v -0.00767504 0.02018574 0.04043825
v -0.00773060 0.02018661 0.03913870
v -0.00777135 0.02018683 0.04035535
v -0.00780966 0.02018747 0.03922191
v -0.00784814 0.02018770 0.04025286
v -0.00787247 0.02018815 0.03931949
v -0.00790616 0.02018837 0.04013848
v -0.00794717 0.02018884 0.04001641
v -0.00795332 0.02018900 0.03953629
v -0.00798030 0.02018926 0.03976179
v -0.00727758 0.02018133 0.04048249
v -0.00723611 0.02018087 0.04046170
v -0.00719860 0.02018046 0.04043425
v -0.00716576 0.02018010 0.04040125
v -0.00711239 0.02017953 0.04032116
v -0.00699265 0.02017830 0.03976135
v -0.00707281 0.02017910 0.04022653
v -0.00692508 0.02017764 0.03932803
v -0.00718065 0.02018092 0.03699837
v -0.00746505 0.02018378 0.03854976
v -0.00695253 0.02017838 0.03707287
v -0.00686105 0.02017697 0.03912099
v -0.00676541 0.02017594 0.03893228
v -0.00671516 0.02017574 0.03709324
v -0.00670244 0.02017526 0.03884749
v -0.00662881 0.02017446 0.03877218
v -0.00654603 0.02017355 0.03870896
v -0.00647810 0.02017312 0.03705757
v -0.00645420 0.02017254 0.03865793
v -0.00628136 0.02017064 0.03859873
v -0.00625242 0.02017063 0.03697345
v -0.00612913 0.02016895 0.03857788
v -0.00602941 0.02016785 0.03857434
v -0.00584707 0.02016618 0.03670476
v -0.00586464 0.02016602 0.03859256
v -0.00567320 0.02016388 0.03865438
v -0.00535204 0.02016079 0.03621114
v -0.00549939 0.02016193 0.03875903
v -0.00539399 0.02016074 0.03885389
v -0.00530315 0.02015972 0.03896292
v -0.00511071 0.02015816 0.03597257
v -0.00516520 0.02015814 0.03921143
v -0.00497963 0.02015673 0.03584462
v -0.00508311 0.02015717 0.03948563
v -0.00488155 0.02015566 0.03575171
v -0.00505560 0.02015681 0.03977082
v -0.00508855 0.02015693 0.04107616
v -0.00506887 0.02015692 0.03996862
v -0.00510946 0.02015734 0.04016273
v -0.00517861 0.02015807 0.04034752
v -0.00527797 0.02015914 0.04051741
v -0.00540763 0.02016055 0.04066452
v -0.00553741 0.02016191 0.04107621
v -0.00556475 0.02016227 0.04078109
v -0.00574275 0.02016423 0.04086186
v -0.00553732 0.02016171 0.04208802
v -0.00593359 0.02016634 0.04090640
v -0.00678054 0.02017578 0.04067752
v -0.00668731 0.02017477 0.04051991
v -0.00657039 0.02017354 0.04017243
v -0.00651071 0.02017295 0.03981883
v -0.00595224 0.02016663 0.04042926
v -0.00629603 0.02017070 0.03913804
v -0.00625063 0.02017020 0.03910635
v -0.00619986 0.02016964 0.03908266
v -0.00614610 0.02016905 0.03906757
v -0.00609050 0.02016843 0.03906019
v -0.00600267 0.02016746 0.03905965
v -0.00592070 0.02016654 0.03907317
v -0.00585070 0.02016551 0.04039430
v -0.00584616 0.02016571 0.03910050
v -0.00578046 0.02016498 0.03914112
v -0.00575984 0.02016452 0.04033661
v -0.00571889 0.02016428 0.03919812
v -0.00568392 0.02016369 0.04025999
v -0.00566692 0.02016369 0.03926405
v -0.00562419 0.02016304 0.04016982
v -0.00558984 0.02016281 0.03941452
v -0.00557990 0.02016257 0.04007080
v -0.00554954 0.02016226 0.03996548
v -0.00552789 0.02016206 0.03974709
v -0.00554488 0.02016228 0.03957793
v -0.00633596 0.02017113 0.03917731
v -0.00636972 0.02017150 0.03922234
v -0.00642051 0.02017204 0.03932296
v -0.00648017 0.02017266 0.03955793
v -0.00690207 0.02017710 0.04081127
v -0.00705219 0.02017874 0.04091217
v -0.00722162 0.02018061 0.04097370
v -0.00844273 0.02019394 0.04208830
v -0.00744106 0.02018304 0.04099749
v -0.00766082 0.02018548 0.04097111
v -0.00786681 0.02018778 0.04089087
v -0.00804609 0.02018980 0.04076320
v -0.00819425 0.02019147 0.04059801
v -0.00830899 0.02019278 0.04040695
v -0.00839076 0.02019373 0.04019932
v -0.00844055 0.02019432 0.03998027
v -0.00845741 0.02019455 0.03975701
v -0.00932193 0.02020506 0.03498648
v -0.00948997 0.02020696 0.03479388
v -0.00843954 0.02019440 0.03953616
v -0.00888435 0.02020012 0.03542756
v -0.00899383 0.02020136 0.03531737
v -0.00910325 0.02020259 0.03520713
v -0.00845117 0.02019523 0.03586248
v -0.00834105 0.02019337 0.03919312
v -0.00826047 0.02019251 0.03903410
v -0.00815815 0.02019140 0.03888825
v -0.00801717 0.02019034 0.03629661
v -0.00803422 0.02019005 0.03876157
v -0.00788958 0.02018847 0.03866017
v -0.00772803 0.02018669 0.03859012
v -0.00758237 0.02018543 0.03672992
v -0.00755565 0.02018478 0.03855459
v -0.00739161 0.02018328 0.03687976
v -0.00921262 0.02020383 0.03509684
v -0.00973056 0.02020974 0.03421662
v -0.00973272 0.02020979 0.03409021
v -0.00968674 0.02020933 0.03384319
v -0.00965171 0.02021349 0.01019782
v -0.00971950 0.02021441 0.00933744
v -0.00945017 0.02021109 0.01103701
v -0.00958429 0.02020824 0.03361060
v -0.00911984 0.02020728 0.01183433
v -0.00927086 0.02020484 0.03320230
v -0.00866886 0.02020213 0.01257016
v -0.00863320 0.02019789 0.03255751
v -0.00853501 0.02019682 0.03246484
v -0.00763430 0.02018662 0.03355586
v -0.00680006 0.02017695 0.03567319
v -0.00671468 0.02017659 0.03263602
v -0.00588004 0.02016693 0.03475335
v -0.00840390 0.02019539 0.03233705
v -0.00810833 0.02019579 0.01322638
v -0.00816245 0.02019276 0.03209853
v -0.00766727 0.02018736 0.03160486
v -0.00745204 0.02018840 0.01378682
v -0.00726197 0.02018292 0.03133604
v -0.00703630 0.02018043 0.03125183
v -0.00671618 0.02018015 0.01423769
v -0.00679925 0.02017780 0.03121608
v -0.00656186 0.02017517 0.03123640
v -0.00591884 0.02017124 0.01456789
v -0.00633372 0.02017262 0.03131086
v -0.00612274 0.02017026 0.03142945
v -0.00593197 0.02016811 0.03157929
v -0.00507967 0.02016189 0.01476929
v -0.00549145 0.02016314 0.03201832
v -0.00505174 0.02015818 0.03245818
v -0.00421933 0.02015234 0.01483692
v -0.00462165 0.02015332 0.03289004
v -0.00419241 0.02014848 0.03332273
v -0.00402437 0.02014658 0.03351534
v -0.00335900 0.02014280 0.01476913
v -0.00388921 0.02014504 0.03373099
v -0.00380312 0.02014404 0.03396882
v -0.00251986 0.02013353 0.01456757
v -0.00378378 0.02014380 0.03409259
v -0.00172259 0.02012475 0.01423722
v -0.00098680 0.02011668 0.01378621
v -0.00651496 0.02017181 0.04598554
v -0.00557499 0.02016167 0.04447306
v -0.00651510 0.02017210 0.04447315
v -0.00700186 0.02017750 0.04447319
v -0.00794645 0.02018798 0.04447328
v -0.00912202 0.02021186 -0.01185956
v 0.00022746 0.02010829 -0.01259632
v 0.00067844 0.02010314 -0.01186049
v 0.00100877 0.02009933 -0.01106317
v 0.00121031 0.02009693 -0.01022398
v 0.00617325 0.02004097 -0.00555334
v 0.00127810 0.02009601 -0.00936360
v 0.00612214 0.02004151 -0.00542194
v 0.00613236 0.02004141 -0.00546753
v 0.00614940 0.02004123 -0.00551133
v 0.00611915 0.02004068 -0.00089624
v 0.00611901 0.02004097 -0.00240254
v 0.00611874 0.02004154 -0.00537458
v 0.00677046 0.02003222 0.00549514
v 0.00660334 0.02002063 0.07533100
v 0.00703009 0.02002931 0.00563238
v 0.00698063 0.02001647 0.07517467
v 0.00732234 0.02002606 0.00571885
v 0.00738552 0.02001199 0.07512132
v 0.00764121 0.02002251 0.00574764
v 0.00779042 0.02000749 0.07517459
v 0.00823454 0.02001593 0.00574756
v 0.00816774 0.02000328 0.07533085
v 0.00855186 0.02001242 0.00571870
v 0.00884437 0.02000919 0.00563217
v 0.00849176 0.01999963 0.07557945
v 0.00910491 0.02000632 0.00549485
v 0.00874041 0.01999681 0.07590344
v 0.00932616 0.02000390 0.00531383
v 0.00950586 0.02000195 0.00509187
v 0.00964181 0.02000050 0.00483196
v 0.00972736 0.01999960 0.00454098
v 0.00975585 0.01999935 0.00422588
v 0.00654955 0.02003471 0.00531413
v 0.00627936 0.02002418 0.07557966
v 0.00975180 0.02000071 -0.00265229
v 0.00975521 0.02000069 -0.00269959
v 0.00974898 0.02000054 -0.00155588
v 0.00974158 0.02000082 -0.00260672
v 0.00972999 0.02000076 -0.00161930
v 0.00972454 0.02000100 -0.00256289
v 0.00969955 0.02000111 -0.00167607
v 0.00970069 0.02000126 -0.00252079
v 0.00967130 0.02000158 -0.00248221
v 0.00965898 0.02000157 -0.00172454
v 0.00963763 0.02000194 -0.00244884
v 0.00960951 0.02000212 -0.00176418
v 0.00959968 0.02000236 -0.00242070
v 0.00955246 0.02000276 -0.00179426
v 0.00955744 0.02000282 -0.00239779
v 0.00951250 0.02000332 -0.00238209
v 0.00948968 0.02000346 -0.00181329
v 0.00946645 0.02000383 -0.00237305
v 0.00942312 0.02000420 -0.00181961
v 0.00941931 0.02000435 -0.00237067
v 0.00937109 0.02000489 -0.00237495
v 0.00932415 0.02000541 -0.00238570
v 0.00928081 0.02000589 -0.00240281
v 0.00924109 0.02000634 -0.00242626
v 0.00920500 0.02000674 -0.00245606
v 0.00704464 0.02003059 -0.00181938
v 0.00677809 0.02003408 -0.00463166
v 0.00677830 0.02003365 -0.00240261
v 0.00645254 0.02003712 -0.00162284
v 0.00661228 0.02003537 -0.00172679
v 0.00670537 0.02003434 -0.00176731
v 0.00620264 0.02004065 -0.00559195
v 0.00623631 0.02004029 -0.00562532
v 0.00627427 0.02003987 -0.00565345
v 0.00631650 0.02003941 -0.00567635
v 0.00636135 0.02003891 -0.00569420
v 0.00640714 0.02003841 -0.00570458
v 0.00645390 0.02003789 -0.00570751
v 0.00650163 0.02003736 -0.00570299
v 0.00654821 0.02003684 -0.00569184
v 0.00659164 0.02003635 -0.00567481
v 0.00663190 0.02003590 -0.00565190
v 0.00666899 0.02003548 -0.00562312
v 0.00909589 0.02000814 -0.00344248
v 0.00909568 0.02000858 -0.00567665
v 0.00688491 0.02003223 -0.00112153
v 0.00677840 0.02003336 -0.00089123
v 0.00684688 0.02003264 -0.00109158
v 0.00681692 0.02003296 -0.00105337
v 0.00613118 0.02004057 -0.00103961
v 0.00616730 0.02004020 -0.00119549
v 0.00623100 0.02003952 -0.00135178
v 0.00632577 0.02003850 -0.00149602
v 0.00680846 0.02003320 -0.00179624
v 0.00698379 0.02003113 -0.00115577
v 0.00693054 0.02003172 -0.00114293
v 0.00679552 0.02003319 -0.00100723
v 0.00678267 0.02003333 -0.00095318
v 0.00695563 0.01204526 -0.07549427
v 0.00728289 0.01204162 -0.07545123
v 0.00761014 0.01203800 -0.07549433
v 0.00791509 0.01203464 -0.07562070
v 0.00817694 0.01203178 -0.07582167
v 0.00837785 0.01202960 -0.07608358
v 0.00850414 0.01202825 -0.07638856
v 0.00854719 0.01202784 -0.07671584
v 0.00850408 0.01202838 -0.07704311
v 0.00837774 0.01202984 -0.07734808
v 0.00817677 0.01203212 -0.07760994
v 0.00791488 0.01203507 -0.07781087
v 0.00760992 0.01203847 -0.07793716
v 0.00728266 0.01204211 -0.07798022
v 0.00695540 0.01204573 -0.07793710
v 0.00665046 0.01204909 -0.07781075
v 0.00638861 0.01205196 -0.07760977
v 0.00618769 0.01205414 -0.07734787
v 0.00606140 0.01205548 -0.07704288
v 0.00601835 0.01205589 -0.07671560
v 0.00606146 0.01205535 -0.07638833
v 0.00618781 0.01205389 -0.07608337
v 0.00638877 0.01205161 -0.07582150
v 0.00665066 0.01204867 -0.07562058
v -0.00695810 0.01990009 -0.07549147
v -0.00663084 0.01989645 -0.07544842
v -0.00630358 0.01989283 -0.07549153
v -0.00599864 0.01988947 -0.07561789
v -0.00573679 0.01988660 -0.07581887
v -0.00553587 0.01988442 -0.07608077
v -0.00540958 0.01988308 -0.07638576
v -0.00536653 0.01988267 -0.07671304
v -0.00540964 0.01988321 -0.07704031
v -0.00553599 0.01988467 -0.07734527
v -0.00573695 0.01988695 -0.07760714
v -0.00599884 0.01988989 -0.07780807
v -0.00630381 0.01989330 -0.07793436
v -0.00663107 0.01989694 -0.07797742
v -0.00695832 0.01990056 -0.07793429
v -0.00726327 0.01990392 -0.07780795
v -0.00752512 0.01990679 -0.07760697
v -0.00772603 0.01990896 -0.07734507
v -0.00785232 0.01991031 -0.07704008
v -0.00789538 0.01991072 -0.07671280
v -0.00785226 0.01991018 -0.07638553
v -0.00772592 0.01990872 -0.07608057
v -0.00752495 0.01990644 -0.07581870
v -0.00726306 0.01990349 -0.07561778
v -0.00704351 0.01220056 -0.07549295
v -0.00671625 0.01219692 -0.07544990
v -0.00638900 0.01219330 -0.07549302
v -0.00608405 0.01218994 -0.07561937
v -0.00582220 0.01218707 -0.07582035
v -0.00562129 0.01218490 -0.07608225
v -0.00549500 0.01218355 -0.07638724
v -0.00545194 0.01218314 -0.07671452
v -0.00549506 0.01218368 -0.07704179
v -0.00562140 0.01218514 -0.07734676
v -0.00582237 0.01218742 -0.07760862
v -0.00608426 0.01219036 -0.07780954
v -0.00638922 0.01219377 -0.07793584
v -0.00671648 0.01219741 -0.07797889
v -0.00704374 0.01220103 -0.07793578
v -0.00734868 0.01220439 -0.07780942
v -0.00761053 0.01220726 -0.07760845
v -0.00781145 0.01220943 -0.07734656
v -0.00793774 0.01221078 -0.07704156
v -0.00798079 0.01221119 -0.07671428
v -0.00793768 0.01221065 -0.07638701
v -0.00781133 0.01220919 -0.07608205
v -0.00761037 0.01220691 -0.07582018
v -0.00734848 0.01220397 -0.07561925
v 0.00705519 0.01971510 0.07790721
v 0.00738245 0.01971146 0.07795027
v 0.00770971 0.01970784 0.07790715
v 0.00801465 0.01970448 0.07778080
v 0.00827650 0.01970162 0.07757982
v 0.00847742 0.01969944 0.07731792
v 0.00860370 0.01969810 0.07701293
v 0.00864676 0.01969768 0.07668564
v 0.00860364 0.01969822 0.07635838
v 0.00847730 0.01969968 0.07605341
v 0.00827634 0.01970196 0.07579154
v 0.00801445 0.01970491 0.07559062
v 0.00770948 0.01970831 0.07546432
v 0.00738222 0.01971195 0.07542127
v 0.00705497 0.01971558 0.07546438
v 0.00675002 0.01971893 0.07559074
v 0.00648817 0.01972180 0.07579171
v 0.00628726 0.01972398 0.07605361
v 0.00616097 0.01972532 0.07635861
v 0.00611791 0.01972573 0.07668588
v 0.00616103 0.01972519 0.07701316
v 0.00628737 0.01972373 0.07731812
v 0.00648834 0.01972145 0.07757999
v 0.00675023 0.01971851 0.07778092
v 0.00696978 0.01201558 0.07790573
v 0.00729704 0.01201194 0.07794879
v 0.00762429 0.01200832 0.07790567
v 0.00792924 0.01200496 0.07777932
v 0.00819109 0.01200209 0.07757834
v 0.00839200 0.01199991 0.07731643
v 0.00851829 0.01199857 0.07701144
v 0.00856134 0.01199816 0.07668416
v 0.00851823 0.01199870 0.07635690
v 0.00839189 0.01200016 0.07605193
v 0.00819092 0.01200244 0.07579006
v 0.00792903 0.01200538 0.07558914
v 0.00762407 0.01200879 0.07546284
v 0.00729681 0.01201243 0.07541978
v 0.00696955 0.01201605 0.07546290
v 0.00666461 0.01201941 0.07558925
v 0.00640276 0.01202227 0.07579023
v 0.00620184 0.01202445 0.07605214
v 0.00607555 0.01202579 0.07635713
v 0.00603250 0.01202621 0.07668440
v 0.00607561 0.01202567 0.07701167
v 0.00620196 0.01202421 0.07731664
v 0.00640292 0.01202193 0.07757851
v 0.00666481 0.01201898 0.07777943
v -0.00694395 0.01987040 0.07790853
v -0.00661669 0.01986676 0.07795159
v -0.00628943 0.01986314 0.07790847
v -0.00598449 0.01985978 0.07778212
v -0.00572264 0.01985691 0.07758114
v -0.00552172 0.01985474 0.07731923
v -0.00539543 0.01985339 0.07701425
v -0.00535238 0.01985298 0.07668696
v -0.00539549 0.01985352 0.07635970
v -0.00552184 0.01985498 0.07605473
v -0.00572280 0.01985726 0.07579286
v -0.00598469 0.01986020 0.07559194
v -0.00628966 0.01986361 0.07546564
v -0.00661692 0.01986725 0.07542259
v -0.00694417 0.01987087 0.07546570
v -0.00724912 0.01987423 0.07559206
v -0.00751097 0.01987710 0.07579303
v -0.00771188 0.01987928 0.07605494
v -0.00783817 0.01988062 0.07635993
v -0.00788123 0.01988103 0.07668720
v -0.00783811 0.01988049 0.07701448
v -0.00771177 0.01987903 0.07731944
v -0.00751080 0.01987675 0.07758131
v -0.00724891 0.01987381 0.07778224
v -0.00702936 0.01217087 0.07790705
v -0.00670210 0.01216724 0.07795011
v -0.00637485 0.01216361 0.07790699
v -0.00606990 0.01216026 0.07778063
v -0.00580805 0.01215739 0.07757966
v -0.00560714 0.01215521 0.07731775
v -0.00548085 0.01215387 0.07701277
v -0.00543779 0.01215345 0.07668548
v -0.00548091 0.01215400 0.07635822
v -0.00560725 0.01215546 0.07605325
v -0.00580822 0.01215774 0.07579138
v -0.00607011 0.01216068 0.07559045
v -0.00637507 0.01216409 0.07546416
v -0.00670233 0.01216772 0.07542110
v -0.00702959 0.01217135 0.07546422
v -0.00733453 0.01217471 0.07559057
v -0.00759638 0.01217757 0.07579155
v -0.00779730 0.01217975 0.07605346
v -0.00792359 0.01218109 0.07635845
v -0.00796664 0.01218151 0.07668572
v -0.00792352 0.01218097 0.07701300
v -0.00779718 0.01217951 0.07731796
v -0.00759622 0.01217723 0.07757983
v -0.00733433 0.01217428 0.07778075
v -0.00453673 0.02446094 0.01059008
v -0.00417440 0.02445691 0.01063775
v -0.00381208 0.02445290 0.01059001
v -0.00347446 0.02444918 0.01045012
v -0.00318455 0.02444601 0.01022761
v -0.00296210 0.02444360 0.00993764
v -0.00282228 0.02444211 0.00959997
v -0.00277461 0.02444165 0.00923762
v -0.00282235 0.02444225 0.00887528
v -0.00296223 0.02444387 0.00853764
v -0.00318473 0.02444639 0.00824771
v -0.00347468 0.02444965 0.00802525
v -0.00381233 0.02445342 0.00788542
v -0.00417466 0.02445745 0.00783775
v -0.00453698 0.02446146 0.00788549
v -0.00487460 0.02446518 0.00802538
v -0.00516451 0.02446835 0.00824790
v -0.00538695 0.02447077 0.00853787
v -0.00552677 0.02447225 0.00887553
v -0.00557444 0.02447271 0.00923788
v -0.00552671 0.02447211 0.00960022
v -0.00538682 0.02447050 0.00993786
v -0.00516432 0.02446797 0.01022779
v -0.00487437 0.02446471 0.01045025
v -0.00453843 0.02446452 -0.00790992
v -0.00417610 0.02446049 -0.00786225
v -0.00381379 0.02445648 -0.00790999
v -0.00347617 0.02445276 -0.00804988
v -0.00318625 0.02444959 -0.00827239
v -0.00296381 0.02444718 -0.00856236
v -0.00282399 0.02444569 -0.00890003
v -0.00277632 0.02444523 -0.00926238
v -0.00282405 0.02444583 -0.00962472
v -0.00296394 0.02444745 -0.00996236
v -0.00318644 0.02444997 -0.01025229
v -0.00347639 0.02445323 -0.01047475
v -0.00381403 0.02445700 -0.01061458
v -0.00417636 0.02446103 -0.01066225
v -0.00453868 0.02446504 -0.01061451
v -0.00487630 0.02446876 -0.01047462
v -0.00516621 0.02447193 -0.01025211
v -0.00538866 0.02447435 -0.00996213
v -0.00552848 0.02447583 -0.00962447
v -0.00557615 0.02447629 -0.00926212
v -0.00552841 0.02447569 -0.00889977
v -0.00538853 0.02447408 -0.00856213
v -0.00516603 0.02447155 -0.00827221
v -0.00487608 0.02446829 -0.00804975
v 0.00679447 0.02003216 0.00441046
v 0.00764119 0.02002264 0.00508829
v 0.00677891 0.02003237 0.00422620
v 0.00909656 0.02000666 0.00422598
v 0.00677878 0.02003265 0.00277320
v 0.00909642 0.02000694 0.00277298
v 0.00684109 0.02003161 0.00457743
v 0.00745510 0.02002471 0.00507279
v 0.00691591 0.02003076 0.00472486
v 0.00728743 0.02002658 0.00502625
v 0.00714033 0.02002822 0.00495113
v 0.00701609 0.02002962 0.00485002
v 0.00823452 0.02001606 0.00508823
v 0.00908105 0.02000680 0.00441014
v 0.00903448 0.02000728 0.00457722
v 0.00841902 0.02001401 0.00507270
v 0.00895961 0.02000808 0.00472471
v 0.00858696 0.02001216 0.00502613
v 0.00873497 0.02001053 0.00495098
v 0.00885954 0.02000917 0.00484985
v -0.00471720 0.02596287 0.01141741
v -0.00415768 0.02595665 0.01148804
v -0.00359817 0.02595046 0.01141730
v -0.00524159 0.02596873 0.01120983
v -0.00569787 0.02597386 0.01087836
v -0.00605740 0.02597793 0.01044383
v -0.00629757 0.02598069 0.00993353
v -0.00640330 0.02598197 0.00937953
v -0.00636794 0.02598169 0.00881664
v -0.00619371 0.02597986 0.00828023
v -0.00589157 0.02597660 0.00780400
v -0.00548049 0.02597211 0.00741788
v -0.00498631 0.02596668 0.00714612
v -0.00444008 0.02596065 0.00700581
v -0.00387611 0.02595439 0.00700575
v -0.00332985 0.02594831 0.00714596
v -0.00283562 0.02594277 0.00741763
v -0.00242447 0.02593814 0.00780367
v -0.00212224 0.02593469 0.00827984
v -0.00194792 0.02593265 0.00881622
v -0.00191245 0.02593215 0.00937911
v -0.00201808 0.02593322 0.00993313
v -0.00225816 0.02593578 0.01044347
v -0.00261760 0.02593968 0.01087807
v -0.00307383 0.02594468 0.01120963
v -0.00471891 0.02596645 -0.00708260
v -0.00415939 0.02596023 -0.00701196
v -0.00359988 0.02595404 -0.00708270
v -0.00524329 0.02597231 -0.00729017
v -0.00569958 0.02597744 -0.00762164
v -0.00605911 0.02598151 -0.00805617
v -0.00629928 0.02598427 -0.00856647
v -0.00640500 0.02598555 -0.00912047
v -0.00636964 0.02598527 -0.00968336
v -0.00619542 0.02598344 -0.01021977
v -0.00589328 0.02598018 -0.01069600
v -0.00548220 0.02597569 -0.01108212
v -0.00498802 0.02597026 -0.01135388
v -0.00444178 0.02596423 -0.01149419
v -0.00387782 0.02595797 -0.01149425
v -0.00333156 0.02595189 -0.01135403
v -0.00283733 0.02594635 -0.01108237
v -0.00242618 0.02594172 -0.01069633
v -0.00212395 0.02593827 -0.01022016
v -0.00194962 0.02593623 -0.00968378
v -0.00191416 0.02593573 -0.00912089
v -0.00201978 0.02593680 -0.00856687
v -0.00225986 0.02593936 -0.00805653
v -0.00261931 0.02594326 -0.00762193
v -0.00307553 0.02594826 -0.00729037
v -0.00150929 0.02593029 -0.00416221
v -0.00154338 0.02593071 -0.00442103
v -0.00164330 0.02593187 -0.00466220
v -0.00180223 0.02593367 -0.00486929
v -0.00200934 0.02593600 -0.00502819
v -0.00225051 0.02593869 -0.00512807
v -0.00250932 0.02594157 -0.00516212
v -0.00580912 0.02597818 -0.00516181
v -0.00606792 0.02598104 -0.00512771
v -0.00630907 0.02598370 -0.00502778
v -0.00651615 0.02598597 -0.00486885
v -0.00667504 0.02598769 -0.00466172
v -0.00677491 0.02598875 -0.00442053
v -0.00680896 0.02598908 -0.00416171
v -0.00680820 0.02598747 0.00413829
v -0.00677410 0.02598704 0.00439711
v -0.00667418 0.02598589 0.00463828
v -0.00651526 0.02598409 0.00484537
v -0.00630815 0.02598176 0.00500427
v -0.00606697 0.02597906 0.00510415
v -0.00580817 0.02597618 0.00513820
v -0.00250837 0.02593958 0.00513788
v -0.00150852 0.02592868 0.00413779
v -0.00154257 0.02592901 0.00439661
v -0.00164244 0.02593007 0.00463780
v -0.00180133 0.02593179 0.00484492
v -0.00200841 0.02593406 0.00500386
v -0.00224957 0.02593672 0.00510379
v -0.00777233 0.02018417 0.05421236
v -0.00762102 0.02018246 0.05439544
v -0.00762118 0.02018279 0.05267806
v -0.00744179 0.02018044 0.05454134
v -0.00723569 0.02017813 0.05465271
v -0.00700634 0.02017558 0.05472371
v -0.00675736 0.02017281 0.05474849
v -0.00744120 0.02018082 0.05252959
v -0.00723409 0.02017855 0.05241693
v -0.00700462 0.02017602 0.05234542
v -0.00675758 0.02017328 0.05232038
v -0.00651064 0.02017054 0.05234538
v -0.00650858 0.02017005 0.05472352
v -0.00627935 0.02016752 0.05465249
v -0.00607331 0.02016526 0.05454116
v -0.00589411 0.02016330 0.05439528
v -0.00628111 0.02016798 0.05241684
v -0.00607398 0.02016566 0.05252947
v -0.00589427 0.02016363 0.05267790
v -0.00574283 0.02016166 0.05421202
v -0.00574296 0.02016192 0.05285774
v -0.00562867 0.02016043 0.05400285
v -0.00562876 0.02016062 0.05306381
v -0.00555656 0.02015967 0.05377407
v -0.00555661 0.02015977 0.05329043
v -0.00553144 0.02015944 0.05353191
v -0.00777260 0.02018444 0.05285779
v -0.00788653 0.02018548 0.05400320
v -0.00788675 0.02018566 0.05306390
v -0.00795868 0.02018632 0.05377434
v -0.00795878 0.02018642 0.05329061
v -0.00798385 0.02018665 0.05353214
v -0.00520241 0.02015425 0.06154480
v -0.00656956 0.02016918 0.06278723
v -0.00520229 0.02015401 0.06278710
v -0.00588582 0.02016147 0.06344078
v -0.00574196 0.02015987 0.06342777
v -0.00656968 0.02016942 0.06154459
v -0.00656288 0.02016908 0.06288827
v -0.00650982 0.02016846 0.06307320
v -0.00646406 0.02016794 0.06315494
v -0.00640614 0.02016728 0.06322822
v -0.00654289 0.02016884 0.06298397
v -0.00633673 0.02016650 0.06329220
v -0.00625664 0.02016560 0.06334613
v -0.00616680 0.02016459 0.06338939
v -0.00602963 0.02016306 0.06342779
v -0.00560460 0.02015836 0.06338934
v -0.00551482 0.02015737 0.06334620
v -0.00543480 0.02015649 0.06329235
v -0.00536546 0.02015574 0.06322844
v -0.00530761 0.02015511 0.06315517
v -0.00526192 0.02015462 0.06307343
v -0.00522890 0.02015427 0.06298412
v -0.00520895 0.02015406 0.06288832
v -0.00672332 0.02017112 0.06154460
v -0.00833070 0.02018896 0.06154475
v -0.00672319 0.02017086 0.06292160
v -0.00833057 0.02018869 0.06292175
v -0.00752681 0.02017963 0.06368580
v -0.00768134 0.02018134 0.06367335
v -0.00782827 0.02018298 0.06363636
v -0.00796286 0.02018448 0.06357604
v -0.00808076 0.02018581 0.06349430
v -0.00818854 0.02018702 0.06338005
v -0.00826696 0.02018792 0.06324484
v -0.00831459 0.02018848 0.06309114
v -0.00738111 0.02017801 0.06367450
v -0.00723789 0.02017643 0.06364027
v -0.00710237 0.02017494 0.06358251
v -0.00697978 0.02017359 0.06350070
v -0.00687535 0.02017245 0.06339427
v -0.00679429 0.02017158 0.06326265
v -0.00674183 0.02017103 0.06310528
v -0.00720294 0.02017664 0.06051388
v -0.00524150 0.02015503 0.05974957
v -0.00720308 0.02017694 0.05899012
v 0.00858529 0.01986217 0.00502610
v 0.00873331 0.01986054 0.00495095
v 0.00885787 0.01985918 0.00484982
v 0.00895795 0.01985809 0.00472469
v 0.00903282 0.01985729 0.00457719
v 0.00907938 0.01985680 0.00441012
v 0.00909489 0.01985667 0.00422595
v 0.00909476 0.01985695 0.00277295
v 0.00677711 0.01988266 0.00277317
v 0.00677725 0.01988238 0.00422617
v 0.00679280 0.01988217 0.00441043
v 0.00683943 0.01988162 0.00457740
v 0.00691425 0.01988076 0.00472483
v 0.00701442 0.01987963 0.00484999
v 0.00713867 0.01987823 0.00495110
v 0.00728576 0.01987658 0.00502622
v 0.00745343 0.01987472 0.00507276
v 0.00763952 0.01987265 0.00508826
v 0.00823285 0.01986607 0.00508820
v 0.00841735 0.01986402 0.00507267
v 0.00059253 0.02590797 -0.00936241
v 0.00059426 0.02590435 0.00933759
v -0.00890516 0.02600973 0.00933849
v -0.00890689 0.02601335 -0.00936151
v 0.00052030 0.02590893 -0.01018723
v 0.00030594 0.02591146 -0.01098698
v -0.00004403 0.02591549 -0.01173735
v -0.00051897 0.02592089 -0.01241555
v -0.00110446 0.02592750 -0.01300096
v -0.00178270 0.02593511 -0.01347581
v -0.00253309 0.02594350 -0.01382565
v -0.00333283 0.02595242 -0.01403988
v -0.00415762 0.02596158 -0.01411196
v -0.00498239 0.02597072 -0.01403972
v -0.00578209 0.02597955 -0.01382535
v -0.00653241 0.02598780 -0.01347536
v -0.00721057 0.02599523 -0.01300038
v -0.00779595 0.02600162 -0.01241486
v -0.00827076 0.02600675 -0.01173657
v -0.00862059 0.02601049 -0.01098613
v -0.00883480 0.02601271 -0.01018635
v -0.00883293 0.02600877 0.01016331
v -0.00861857 0.02600624 0.01096306
v -0.00826860 0.02600221 0.01171343
v -0.00779366 0.02599681 0.01239162
v -0.00720817 0.02599021 0.01297704
v -0.00652993 0.02598259 0.01345188
v -0.00577954 0.02597420 0.01380173
v -0.00497980 0.02596529 0.01401595
v -0.00415501 0.02595612 0.01408804
v -0.00333024 0.02594699 0.01401580
v -0.00253054 0.02593816 0.01380143
v -0.00178022 0.02592990 0.01345144
v -0.00110206 0.02592247 0.01297646
v -0.00051668 0.02591609 0.01239094
v -0.00004187 0.02591095 0.01171265
v 0.00030796 0.02590721 0.01096221
v 0.00052217 0.02590499 0.01016243
v -0.00553272 0.02004394 0.05353189
v -0.00555789 0.02004426 0.05329041
v -0.00563004 0.02004511 0.05306379
v -0.00574424 0.02004642 0.05285772
v -0.00589555 0.02004813 0.05267788
v -0.00607526 0.02005015 0.05252944
v -0.00628239 0.02005247 0.05241682
v -0.00651193 0.02005503 0.05234536
v -0.00675887 0.02005778 0.05232036
v -0.00700590 0.02006051 0.05234540
v -0.00723537 0.02006304 0.05241691
v -0.00744248 0.02006532 0.05252957
v -0.00762246 0.02006729 0.05267804
v -0.00777388 0.02006893 0.05285777
v -0.00788803 0.02007016 0.05306388
v -0.00796006 0.02007091 0.05329059
v -0.00798513 0.02007114 0.05353212
v -0.00795996 0.02007082 0.05377432
v -0.00788781 0.02006997 0.05400318
v -0.00777361 0.02006867 0.05421234
v -0.00762231 0.02006695 0.05439542
v -0.00744307 0.02006494 0.05454132
v -0.00723697 0.02006263 0.05465269
v -0.00700762 0.02006007 0.05472368
v -0.00675864 0.02005730 0.05474846
v -0.00650987 0.02005455 0.05472349
v -0.00628063 0.02005202 0.05465247
v -0.00607459 0.02004975 0.05454114
v -0.00589539 0.02004780 0.05439525
v -0.00574412 0.02004615 0.05421200
v -0.00562995 0.02004493 0.05400284
v -0.00555784 0.02004417 0.05377405
v -0.00657084 0.02005367 0.06278721
v -0.00656416 0.02005358 0.06288825
v -0.00654417 0.02005334 0.06298395
v -0.00651110 0.02005296 0.06307318
v -0.00646534 0.02005243 0.06315491
v -0.00640742 0.02005178 0.06322820
v -0.00633801 0.02005099 0.06329218
v -0.00625792 0.02005010 0.06334611
v -0.00616808 0.02004909 0.06338937
v -0.00603091 0.02004756 0.06342777
v -0.00588711 0.02004596 0.06344077
v -0.00574324 0.02004437 0.06342775
v -0.00560588 0.02004285 0.06338932
v -0.00551610 0.02004187 0.06334618
v -0.00543608 0.02004099 0.06329233
v -0.00536675 0.02004023 0.06322841
v -0.00530889 0.02003960 0.06315514
v -0.00526320 0.02003911 0.06307340
v -0.00523018 0.02003876 0.06298410
v -0.00521023 0.02003856 0.06288829
v -0.00520357 0.02003851 0.06278708
v -0.00520369 0.02003875 0.06154478
v -0.00657096 0.02005391 0.06154456
v -0.00833185 0.02007318 0.06292173
v -0.00831587 0.02007297 0.06309112
v -0.00826824 0.02007242 0.06324482
v -0.00818982 0.02007152 0.06338003
v -0.00808204 0.02007030 0.06349428
v -0.00796414 0.02006898 0.06357602
v -0.00782955 0.02006747 0.06363634
v -0.00768262 0.02006584 0.06367333
v -0.00752809 0.02006412 0.06368577
v -0.00738239 0.02006251 0.06367448
v -0.00723917 0.02006092 0.06364024
v -0.00710365 0.02005943 0.06358249
v -0.00698106 0.02005809 0.06350068
v -0.00687663 0.02005695 0.06339425
v -0.00679557 0.02005607 0.06326263
v -0.00674311 0.02005552 0.06310526
v -0.00672447 0.02005535 0.06292158
v -0.00672460 0.02005562 0.06154458
v -0.00833198 0.02007345 0.06154473
v -0.00720422 0.02006114 0.06051385
v -0.00524278 0.02003952 0.05974955
v -0.00720436 0.02006143 0.05899009
v 0.00611770 0.01989022 0.00148244
v 0.00677674 0.01988337 -0.00089126
v 0.00611749 0.01989068 -0.00089627
v 0.00678101 0.01988333 -0.00095321
v 0.00612952 0.01989058 -0.00103963
v 0.00679385 0.01988320 -0.00100726
v 0.00616564 0.01989021 -0.00119552
v 0.00681525 0.01988297 -0.00105340
v 0.00622934 0.01988953 -0.00135181
v 0.00684521 0.01988265 -0.00109160
v 0.00632411 0.01988851 -0.00149605
v 0.00688324 0.01988223 -0.00112156
v 0.00645087 0.01988713 -0.00162286
v 0.00661062 0.01988537 -0.00172682
v 0.00692888 0.01988173 -0.00114296
v 0.00670371 0.01988435 -0.00176734
v 0.00680679 0.01988321 -0.00179627
v 0.00698213 0.01988114 -0.00115580
v 0.00704298 0.01988059 -0.00181941
v 0.00704300 0.01988047 -0.00116008
v 0.00909440 0.01985771 -0.00116028
v 0.00677695 0.01988291 0.00148237
v 0.00909464 0.01985720 0.00148216
v 0.00975393 0.01984989 0.00148209
v 0.00975365 0.01985046 -0.00148744
v 0.00942146 0.01985421 -0.00181964
v 0.00948802 0.01985347 -0.00181332
v 0.00955079 0.01985277 -0.00179429
v 0.00960784 0.01985213 -0.00176421
v 0.00965732 0.01985157 -0.00172457
v 0.00974732 0.01985054 -0.00155591
v 0.00972832 0.01985077 -0.00161932
v 0.00969788 0.01985112 -0.00167610
v 0.00760341 0.01987420 -0.00089641
v 0.00760361 0.01987380 0.00118555
v 0.00826778 0.01986683 -0.00089648
v 0.00826797 0.01986643 0.00118549
v 0.00932248 0.01985542 -0.00238573
v 0.00936942 0.01985489 -0.00237498
v 0.00975354 0.01985070 -0.00269962
v 0.00941765 0.01985436 -0.00237070
v 0.00946479 0.01985384 -0.00237308
v 0.00951084 0.01985333 -0.00238212
v 0.00955578 0.01985283 -0.00239782
v 0.00959801 0.01985237 -0.00242073
v 0.00963596 0.01985195 -0.00244887
v 0.00966964 0.01985158 -0.00248224
v 0.00969903 0.01985127 -0.00252082
v 0.00972288 0.01985101 -0.00256292
v 0.00975014 0.01985072 -0.00265232
v 0.00973992 0.01985083 -0.00260675
v 0.00975327 0.01985127 -0.00567674
v 0.00909423 0.01985815 -0.00344251
v 0.00920333 0.01985675 -0.00245609
v 0.00923943 0.01985634 -0.00242629
v 0.00909402 0.01985858 -0.00567668
v 0.00677643 0.01988409 -0.00463168
v 0.00666732 0.01988549 -0.00562315
v 0.00611707 0.01989155 -0.00537461
v 0.00612048 0.01989152 -0.00542197
v 0.00613070 0.01989142 -0.00546756
v 0.00614773 0.01989124 -0.00551136
v 0.00617158 0.01989098 -0.00555337
v 0.00620098 0.01989066 -0.00559198
v 0.00623465 0.01989030 -0.00562535
v 0.00627260 0.01988988 -0.00565348
v 0.00663023 0.01988591 -0.00565193
v 0.00631484 0.01988941 -0.00567637
v 0.00635968 0.01988892 -0.00569422
v 0.00640548 0.01988841 -0.00570461
v 0.00645224 0.01988790 -0.00570754
v 0.00649996 0.01988737 -0.00570302
v 0.00654655 0.01988685 -0.00569187
v 0.00658997 0.01988636 -0.00567484
v 0.00611735 0.01989098 -0.00240257
v 0.00677663 0.01988366 -0.00240264
v 0.00927915 0.01985590 -0.00240284
v 0.00636812 0.01988675 0.00509220
v 0.00654789 0.01988471 0.00531411
v 0.00676880 0.01988223 0.00549511
v 0.00702842 0.01987932 0.00563235
v 0.00732068 0.01987606 0.00571882
v 0.00763954 0.01987252 0.00574761
v 0.00823287 0.01986594 0.00574753
v 0.00855020 0.01986242 0.00571867
v 0.00884271 0.01985920 0.00563214
v 0.00910325 0.01985633 0.00549482
v 0.00932449 0.01985391 0.00531380
v 0.00950419 0.01985196 0.00509184
v 0.00964014 0.01985050 0.00483193
v 0.00972569 0.01984961 0.00454096
v 0.00975418 0.01984936 0.00422585
v 0.00975402 0.01984970 0.00244567
v 0.00942182 0.01985345 0.00211359
v 0.00948838 0.01985271 0.00211993
v 0.00955116 0.01985201 0.00213894
v 0.00960822 0.01985137 0.00216907
v 0.00965768 0.01985081 0.00220870
v 0.00969821 0.01985035 0.00225709
v 0.00974768 0.01984978 0.00237726
v 0.00972869 0.01985001 0.00231387
v 0.00645001 0.01988642 0.00211387
v 0.00638153 0.01988718 0.00212022
v 0.00631814 0.01988787 0.00213925
v 0.00626138 0.01988850 0.00216937
v 0.00621290 0.01988903 0.00220903
v 0.00617329 0.01988946 0.00225745
v 0.00614318 0.01988978 0.00231420
v 0.00612417 0.01988998 0.00237762
v 0.00611783 0.01989004 0.00244605
v 0.00611800 0.01988969 0.00422623
v 0.00614654 0.01988932 0.00454132
v 0.00623215 0.01988831 0.00483229
v 0.00133417 0.02514970 -0.00936262
v 0.00133589 0.02514608 0.00933738
v -0.00966516 0.02527172 -0.00936159
v -0.00959753 0.02527113 -0.01022198
v -0.00939614 0.02526906 -0.01106121
v -0.00906596 0.02526555 -0.01185859
v -0.00861512 0.02526069 -0.01259450
v -0.00805470 0.02525460 -0.01325082
v -0.00739853 0.02524743 -0.01381139
v -0.00666274 0.02523935 -0.01426240
v -0.00586547 0.02523057 -0.01459276
v -0.00502633 0.02522130 -0.01479431
v -0.00416600 0.02521177 -0.01486210
v -0.00330566 0.02520221 -0.01479447
v -0.00246649 0.02519287 -0.01459308
v -0.00166915 0.02518396 -0.01426288
v -0.00093329 0.02517571 -0.01381200
v -0.00027701 0.02516832 -0.01325156
v 0.00028352 0.02516198 -0.01259534
v 0.00073451 0.02515683 -0.01185952
v 0.00106484 0.02515301 -0.01106219
v 0.00126638 0.02515061 -0.01022301
v -0.00966343 0.02526810 0.00933841
v 0.00126826 0.02514667 0.01019777
v 0.00106687 0.02514873 0.01103700
v 0.00073669 0.02515224 0.01183438
v 0.00028585 0.02515711 0.01257029
v -0.00027456 0.02516319 0.01322662
v -0.00093074 0.02517037 0.01378718
v -0.00166653 0.02517844 0.01423819
v -0.00246380 0.02518722 0.01456854
v -0.00330293 0.02519649 0.01477010
v -0.00416326 0.02520602 0.01483789
v -0.00502361 0.02521558 0.01477026
v -0.00586278 0.02522493 0.01456887
v -0.00666011 0.02523384 0.01423867
v -0.00739598 0.02524209 0.01378779
v -0.00805226 0.02524948 0.01322735
v -0.00861279 0.02525582 0.01257113
v -0.00906378 0.02526096 0.01183531
v -0.00939411 0.02526478 0.01103798
v -0.00959565 0.02526718 0.01019880
v -0.00794758 0.02007217 0.04602390
v -0.00794773 0.02007247 0.04447326
v -0.00842952 0.02007752 0.04602394
v -0.00842971 0.02007791 0.04398652
v -0.00700314 0.02006200 0.04447317
v -0.00509473 0.02004092 0.04398621
v -0.00651638 0.02005660 0.04447313
v -0.00557628 0.02004617 0.04447304
v -0.00700300 0.02006170 0.04598556
v -0.00651624 0.02005630 0.04598552
v -0.00557613 0.02004587 0.04601919
v -0.00509454 0.02004053 0.04601915
v -0.00593325 0.02005261 0.03157926
v -0.00671597 0.02006109 0.03263599
v -0.00419369 0.02003297 0.03332271
v -0.00424476 0.02003320 0.03510690
v -0.00404709 0.02003105 0.03487619
v -0.00614148 0.02005495 0.03141776
v -0.00635219 0.02005731 0.03130330
v -0.00656539 0.02005969 0.03123592
v -0.00678106 0.02006208 0.03121559
v -0.00699921 0.02006450 0.03124231
v -0.00721984 0.02006693 0.03131609
v -0.00744296 0.02006938 0.03143694
v -0.00766855 0.02007185 0.03160484
v -0.00804243 0.02007593 0.03197797
v -0.00832804 0.02007904 0.03226111
v -0.00763558 0.02007111 0.03355584
v -0.00852539 0.02008119 0.03245429
v -0.00863448 0.02008238 0.03255749
v -0.00400880 0.02003088 0.03353805
v -0.00390409 0.02002951 0.03464768
v -0.00387855 0.02002939 0.03375558
v -0.00381573 0.02002857 0.03442136
v -0.00380296 0.02002851 0.03397531
v -0.00378202 0.02002824 0.03419724
v -0.00844401 0.02007844 0.04208827
v -0.00844396 0.02007834 0.04257025
v -0.00553860 0.02004621 0.04208800
v -0.00553856 0.02004611 0.04256997
v -0.00508960 0.02004094 0.04357658
v -0.00553846 0.02004592 0.04357662
v -0.00508983 0.02004142 0.04107614
v -0.00553870 0.02004640 0.04107618
v -0.00932321 0.02008956 0.03498646
v -0.00888563 0.02008462 0.03542753
v -0.00680134 0.02006145 0.03567317
v -0.00845245 0.02007973 0.03586246
v -0.00801845 0.02007483 0.03629658
v -0.00758365 0.02006993 0.03672990
v -0.00737542 0.02006758 0.03689142
v -0.00716471 0.02006522 0.03700589
v -0.00695151 0.02006285 0.03707331
v -0.00673584 0.02006045 0.03709369
v -0.00651769 0.02005803 0.03706702
v -0.00629706 0.02005560 0.03699331
v -0.00607394 0.02005315 0.03687254
v -0.00584835 0.02005068 0.03670474
v -0.00547450 0.02004660 0.03633159
v -0.00518896 0.02004349 0.03604836
v -0.00588132 0.02005142 0.03475333
v -0.00499174 0.02004134 0.03585506
v -0.00488283 0.02004015 0.03575169
v -0.00927215 0.02008933 0.03320228
v -0.00946981 0.02009148 0.03343298
v -0.00950810 0.02009165 0.03477112
v -0.00961282 0.02009303 0.03366150
v -0.00963835 0.02009314 0.03455359
v -0.00970117 0.02009396 0.03388781
v -0.00971394 0.02009402 0.03433385
v -0.00973488 0.02009429 0.03411194
v -0.00745664 0.02006807 0.03903652
v -0.00755693 0.02006928 0.03855457
v -0.00750935 0.02006866 0.03904101
v -0.00773917 0.02007129 0.03859327
v -0.00758206 0.02006946 0.03905579
v -0.00790112 0.02007307 0.03866601
v -0.00763286 0.02007002 0.03907512
v -0.00804269 0.02007462 0.03876775
v -0.00772436 0.02007102 0.03913246
v -0.00816375 0.02007594 0.03889349
v -0.00826421 0.02007703 0.03903821
v -0.00746633 0.02006827 0.03854974
v -0.00834394 0.02007788 0.03919691
v -0.00786636 0.02007256 0.03930601
v -0.00780226 0.02007187 0.03921093
v -0.00791652 0.02007310 0.03941316
v -0.00844082 0.02007889 0.03953614
v -0.00795256 0.02007348 0.03952786
v -0.00798158 0.02007376 0.03976177
v -0.00845869 0.02007905 0.03975698
v -0.00797228 0.02007363 0.03989662
v -0.00844143 0.02007881 0.03998289
v -0.00794486 0.02007330 0.04002965
v -0.00839045 0.02007821 0.04020444
v -0.00789999 0.02007277 0.04015588
v -0.00830694 0.02007724 0.04041369
v -0.00783835 0.02007207 0.04027033
v -0.00776061 0.02007119 0.04036802
v -0.00819207 0.02007593 0.04060268
v -0.00766745 0.02007014 0.04044396
v -0.00804700 0.02007429 0.04076351
v -0.00761530 0.02006956 0.04047222
v -0.00787290 0.02007233 0.04088821
v -0.00755954 0.02006893 0.04049317
v -0.00750027 0.02006827 0.04050620
v -0.00767096 0.02007008 0.04096884
v -0.00743756 0.02006758 0.04051068
v -0.00744234 0.02006754 0.04099746
v -0.00722290 0.02006511 0.04097367
v -0.00732319 0.02006631 0.04049620
v -0.00704122 0.02006310 0.04090584
v -0.00689436 0.02006149 0.04080329
v -0.00677818 0.02006023 0.04067245
v -0.00723772 0.02006537 0.04046189
v -0.00727814 0.02006581 0.04048218
v -0.00668852 0.02005927 0.04051973
v -0.00716963 0.02006462 0.04040418
v -0.00720165 0.02006497 0.04043574
v -0.00657214 0.02005804 0.04017444
v -0.00707613 0.02006362 0.04023249
v -0.00711655 0.02006405 0.04032656
v -0.00699393 0.02006280 0.03976133
v -0.00651199 0.02005744 0.03981881
v -0.00648059 0.02005715 0.03955261
v -0.00693483 0.02006222 0.03936482
v -0.00641829 0.02005650 0.03931419
v -0.00688142 0.02006166 0.03917282
v -0.00636702 0.02005595 0.03921629
v -0.00680401 0.02006084 0.03899507
v -0.00633486 0.02005560 0.03917458
v -0.00629779 0.02005520 0.03913841
v -0.00669652 0.02005968 0.03883917
v -0.00625537 0.02005473 0.03910835
v -0.00662959 0.02005895 0.03877175
v -0.00620718 0.02005420 0.03908492
v -0.00655287 0.02005811 0.03871264
v -0.00646559 0.02005715 0.03866277
v -0.00615279 0.02005360 0.03906868
v -0.00636699 0.02005606 0.03862308
v -0.00609178 0.02005293 0.03906017
v -0.00613282 0.02005347 0.03857786
v -0.00600395 0.02005195 0.03905963
v -0.00596584 0.02005162 0.03857802
v -0.00580246 0.02004980 0.03860778
v -0.00592199 0.02005104 0.03907315
v -0.00564622 0.02004806 0.03866781
v -0.00550067 0.02004643 0.03875901
v -0.00584745 0.02005021 0.03910048
v -0.00539802 0.02004527 0.03885100
v -0.00578174 0.02004947 0.03914110
v -0.00530852 0.02004426 0.03895730
v -0.00572181 0.02004880 0.03919631
v -0.00567053 0.02004821 0.03926063
v -0.00516962 0.02004267 0.03920392
v -0.00559280 0.02004732 0.03941011
v -0.00508530 0.02004168 0.03948103
v -0.00554641 0.02004678 0.03957656
v -0.00505688 0.02004131 0.03977079
v -0.00552917 0.02004655 0.03974707
v -0.00506954 0.02004141 0.03996404
v -0.00555119 0.02004676 0.03996712
v -0.00510815 0.02004180 0.04015358
v -0.00558210 0.02004708 0.04007329
v -0.00562688 0.02004755 0.04017238
v -0.00517362 0.02004250 0.04033395
v -0.00568597 0.02004819 0.04026092
v -0.00526682 0.02004350 0.04049966
v -0.00575981 0.02004900 0.04033552
v -0.00538865 0.02004482 0.04064523
v -0.00584884 0.02004997 0.04039276
v -0.00554001 0.02004648 0.04076520
v -0.00595352 0.02005113 0.04042923
v -0.00572179 0.02004848 0.04085407
v -0.00593487 0.02005083 0.04090637
v -0.00785548 0.02006768 0.06408077
v -0.00764035 0.02006527 0.06418808
v -0.00765931 0.02006551 0.06403477
v -0.00756904 0.02006448 0.06417809
v -0.00758835 0.02006472 0.06402478
v -0.00780669 0.02006711 0.06422757
v -0.00802717 0.02006956 0.06416988
v -0.00795225 0.02006871 0.06430496
v -0.00817385 0.02007117 0.06429502
v -0.00807660 0.02007006 0.06441406
v -0.00829502 0.02007248 0.06444919
v -0.00817931 0.02007118 0.06454875
v -0.00839016 0.02007350 0.06462535
v -0.00825994 0.02007204 0.06470284
v -0.00845875 0.02007423 0.06481649
v -0.00831806 0.02007266 0.06487017
v -0.00850027 0.02007465 0.06501555
v -0.00835324 0.02007301 0.06504460
v -0.00851422 0.02007477 0.06521549
v -0.00836505 0.02007311 0.06521995
v -0.00833865 0.02007277 0.06548858
v -0.00848338 0.02007436 0.06552206
v -0.00826304 0.02007188 0.06573676
v -0.00839506 0.02007333 0.06580622
v -0.00814350 0.02007051 0.06595191
v -0.00825545 0.02007173 0.06605330
v -0.00806892 0.02006967 0.06604318
v -0.00816836 0.02007075 0.06615835
v -0.00798535 0.02006872 0.06612150
v -0.00807077 0.02006965 0.06624863
v -0.00784830 0.02006719 0.06620939
v -0.00790714 0.02006781 0.06635325
v -0.00769735 0.02006550 0.06626258
v -0.00772764 0.02006581 0.06641626
v -0.00753524 0.02006370 0.06628011
v -0.00753559 0.02006367 0.06643649
v -0.00733458 0.02006145 0.06641358
v -0.00736491 0.02006182 0.06626165
v -0.00715034 0.02005942 0.06635117
v -0.00721732 0.02006019 0.06620990
v -0.00707395 0.02005858 0.06630723
v -0.00715598 0.02005951 0.06617280
v -0.00700709 0.02005785 0.06625563
v -0.00710215 0.02005892 0.06612882
v -0.00689899 0.02005667 0.06613192
v -0.00701475 0.02005798 0.06602224
v -0.00682022 0.02005582 0.06598500
v -0.00695044 0.02005729 0.06589399
v -0.00672727 0.02005486 0.06564133
v -0.00687250 0.02005648 0.06558776
v -0.00668154 0.02005443 0.06526424
v -0.00683105 0.02005609 0.06524082
v -0.00663539 0.02005399 0.06488647
v -0.00677895 0.02005559 0.06482928
v -0.00659732 0.02005360 0.06471390
v -0.00673399 0.02005513 0.06463681
v -0.00654105 0.02005300 0.06455880
v -0.00666646 0.02005441 0.06446174
v -0.00646043 0.02005213 0.06442609
v -0.00656889 0.02005336 0.06431045
v -0.00640907 0.02005157 0.06436967
v -0.00650651 0.02005268 0.06424573
v -0.00634930 0.02005092 0.06432071
v -0.00643381 0.02005188 0.06418934
v -0.00628038 0.02005016 0.06427981
v -0.00634988 0.02005096 0.06414211
v -0.00620152 0.02004930 0.06424760
v -0.00625376 0.02004990 0.06410480
v -0.00601092 0.02004719 0.06421170
v -0.00602127 0.02004733 0.06406321
v -0.00586301 0.02004558 0.06406201
v -0.00587403 0.02004567 0.06421242
v -0.00571054 0.02004388 0.06408964
v -0.00574679 0.02004425 0.06423624
v -0.00556663 0.02004227 0.06414559
v -0.00562985 0.02004295 0.06428302
v -0.00543390 0.02004078 0.06422887
v -0.00552380 0.02004176 0.06435256
v -0.00533010 0.02003961 0.06432279
v -0.00544454 0.02004086 0.06442256
v -0.00524086 0.02003860 0.06443086
v -0.00537298 0.02004005 0.06450571
v -0.00510662 0.02003707 0.06467706
v -0.00525710 0.02003873 0.06470633
v -0.00518302 0.02003786 0.06494253
v -0.00502896 0.02003615 0.06494710
v -0.00515512 0.02003750 0.06520035
v -0.00500389 0.02003582 0.06522722
v -0.00515512 0.02003750 0.06522275
v -0.00517458 0.02003767 0.06545740
v -0.00504896 0.02003625 0.06558777
v -0.00523216 0.02003827 0.06567336
v -0.00510628 0.02003685 0.06576092
v -0.00532525 0.02003926 0.06586076
v -0.00518765 0.02003773 0.06592185
v -0.00544958 0.02004061 0.06601101
v -0.00529372 0.02003887 0.06606499
v -0.00552543 0.02004145 0.06607147
v -0.00542511 0.02004031 0.06618476
v -0.00560761 0.02004235 0.06612024
v -0.00558249 0.02004204 0.06627554
v -0.00579302 0.02004439 0.06618398
v -0.00576648 0.02004407 0.06633178
v -0.00587260 0.02004527 0.06619364
v -0.00584296 0.02004492 0.06634143
v -0.00843677 0.02007609 0.05387644
v -0.00847155 0.02007654 0.05353216
v -0.00833670 0.02007492 0.05419658
v -0.00817760 0.02007310 0.05448629
v -0.00796573 0.02007070 0.05473927
v -0.00771282 0.02006785 0.05494350
v -0.00742300 0.02006461 0.05509992
v -0.00710276 0.02006103 0.05520002
v -0.00675860 0.02005721 0.05523525
v -0.00641440 0.02005340 0.05520010
v -0.00609439 0.02004987 0.05509992
v -0.00580482 0.02004668 0.05494336
v -0.00555190 0.02004392 0.05473904
v -0.00534191 0.02004164 0.05448602
v -0.00518253 0.02003993 0.05419628
v -0.00508135 0.02003887 0.05387612
v -0.00504596 0.02003854 0.05353184
v -0.00508142 0.02003900 0.05318968
v -0.00518266 0.02004018 0.05286983
v -0.00534209 0.02004201 0.05258042
v -0.00555213 0.02004439 0.05232955
v -0.00580508 0.02004723 0.05212533
v -0.00609468 0.02005048 0.05196889
v -0.00641470 0.02005404 0.05186881
v -0.00675891 0.02005787 0.05183357
v -0.00710321 0.02006168 0.05186887
v -0.00742341 0.02006521 0.05196903
v -0.00771312 0.02006840 0.05212551
v -0.00796595 0.02007116 0.05232978
v -0.00817777 0.02007347 0.05258069
v -0.00833683 0.02007517 0.05287013
v -0.00843684 0.02007622 0.05318999
v -0.00832748 0.02007407 0.05805830
v -0.00832764 0.02007442 0.05625411
v -0.00848146 0.02007578 0.05805832
v -0.00848164 0.02007616 0.05610014
v -0.00505055 0.02003809 0.05609981
v -0.00505053 0.02003806 0.05625380
v -0.00848101 0.02007484 0.06292174
v -0.00848116 0.02007513 0.06139110
v -0.00505006 0.02003707 0.06139078
v -0.00846166 0.02007459 0.06312474
v -0.00840703 0.02007394 0.06330161
v -0.00832221 0.02007297 0.06345266
v -0.00821230 0.02007173 0.06357818
v -0.00808238 0.02007027 0.06367844
v -0.00793755 0.02006865 0.06375372
v -0.00778289 0.02006692 0.06380431
v -0.00762350 0.02006515 0.06383048
v -0.00747319 0.02006348 0.06383303
v -0.00732004 0.02006179 0.06381451
v -0.00716893 0.02006012 0.06377401
v -0.00702475 0.02005853 0.06371062
v -0.00689238 0.02005708 0.06362343
v -0.00677669 0.02005582 0.06351153
v -0.00668257 0.02005480 0.06337399
v -0.00661490 0.02005408 0.06320992
v -0.00654136 0.02005325 0.06331033
v -0.00645082 0.02005222 0.06339790
v -0.00634468 0.02005103 0.06347124
v -0.00622457 0.02004969 0.06352925
v -0.00605927 0.02004785 0.06357342
v -0.00588488 0.02004591 0.06358830
v -0.00571155 0.02004399 0.06357303
v -0.00554937 0.02004220 0.06352849
v -0.00543788 0.02004097 0.06347580
v -0.00533853 0.02003988 0.06340984
v -0.00525245 0.02003894 0.06333137
v -0.00518064 0.02003817 0.06324131
v -0.00512393 0.02003755 0.06314066
v -0.00508295 0.02003712 0.06303061
v -0.00505819 0.02003687 0.06291240
v -0.00504993 0.02003680 0.06278741
v -0.00794708 0.02007111 0.05151398
v -0.00794722 0.02007141 0.04996300
v -0.00842902 0.02007646 0.05151402
v -0.00842920 0.02007685 0.04947660
v -0.00700264 0.02006093 0.04996292
v -0.00509422 0.02003986 0.04947629
v -0.00651588 0.02005553 0.04996287
v -0.00557577 0.02004510 0.04996278
v -0.00700250 0.02006064 0.05147565
v -0.00651574 0.02005524 0.05147561
v -0.00557563 0.02004481 0.05150893
v -0.00509403 0.02003946 0.05150889
v -0.00838766 0.02007465 0.05850824
v -0.00735387 0.02006310 0.05892603
v -0.00838767 0.02007468 0.05834347
v -0.00499751 0.02003682 0.05968476
v -0.00499750 0.02003679 0.05981877
v -0.00848117 0.02007517 0.06119817
v -0.00735372 0.02006279 0.06057278
v -0.00848119 0.02007520 0.06103384
v -0.00626186 0.02005300 0.04845620
v -0.00632859 0.02005365 0.04893430
v -0.00615327 0.02005180 0.04846560
v -0.00615322 0.02005170 0.04894792
v -0.00595540 0.02004951 0.04893089
v -0.00649792 0.02005554 0.04889352
v -0.00636704 0.02005418 0.04842795
v -0.00665742 0.02005732 0.04882566
v -0.00680329 0.02005896 0.04873085
v -0.00646540 0.02005528 0.04838081
v -0.00693172 0.02006041 0.04860920
v -0.00655353 0.02005627 0.04831470
v -0.00703891 0.02006163 0.04846082
v -0.00662802 0.02005711 0.04822958
v -0.00712106 0.02006257 0.04828583
v -0.00668545 0.02005777 0.04812541
v -0.00717436 0.02006320 0.04808433
v -0.00672242 0.02005820 0.04800212
v -0.00673551 0.02005837 0.04785967
v -0.00673556 0.02005848 0.04729674
v -0.00696423 0.02006102 0.04729676
v -0.00842929 0.02007704 0.04851405
v -0.00842923 0.02007692 0.04913899
v -0.00604627 0.02005061 0.04845618
v -0.00576350 0.02004739 0.04887986
v -0.00594229 0.02004947 0.04842791
v -0.00558382 0.02004542 0.04879484
v -0.00584479 0.02004839 0.04838075
v -0.00542268 0.02004365 0.04867581
v -0.00575725 0.02004744 0.04831462
v -0.00528637 0.02004217 0.04852280
v -0.00568313 0.02004663 0.04822949
v -0.00518121 0.02004104 0.04833579
v -0.00562589 0.02004601 0.04812531
v -0.00511350 0.02004033 0.04811481
v -0.00558902 0.02004563 0.04800202
v -0.00508955 0.02004012 0.04785985
v -0.00557596 0.02004551 0.04785956
v -0.00557603 0.02004565 0.04712024
v -0.00508966 0.02004035 0.04664305
v -0.00842946 0.02007740 0.04664337
v -0.00842942 0.02007731 0.04712051
v 0.00816690 0.01903116 -0.06979001
v 0.00816911 0.01923115 -0.06978997
v 0.00836100 0.01902900 -0.06976447
v 0.00836322 0.01922899 -0.06976444
v 0.00855510 0.01902685 -0.06979004
v 0.00855732 0.01922684 -0.06979001
v 0.00873597 0.01902486 -0.06986498
v 0.00873819 0.01922485 -0.06986494
v 0.00889128 0.01902316 -0.06998419
v 0.00889350 0.01922315 -0.06998415
v 0.00901045 0.01902187 -0.07013953
v 0.00901266 0.01922186 -0.07013949
v 0.00908535 0.01902107 -0.07032042
v 0.00908757 0.01922106 -0.07032038
v 0.00911089 0.01902083 -0.07051454
v 0.00911310 0.01922081 -0.07051450
v 0.00908531 0.01902115 -0.07070865
v 0.00908753 0.01922113 -0.07070862
v 0.00901038 0.01902201 -0.07088953
v 0.00901259 0.01922200 -0.07088950
v 0.00889118 0.01902336 -0.07104485
v 0.00889340 0.01922335 -0.07104481
v 0.00873585 0.01902511 -0.07116402
v 0.00873807 0.01922510 -0.07116398
v 0.00855497 0.01902713 -0.07123893
v 0.00855719 0.01922712 -0.07123890
v 0.00836086 0.01902929 -0.07126447
v 0.00836308 0.01922928 -0.07126443
v 0.00816676 0.01903144 -0.07123890
v 0.00816898 0.01923143 -0.07123886
v 0.00798590 0.01903343 -0.07116395
v 0.00798811 0.01923342 -0.07116392
v 0.00783059 0.01903513 -0.07104475
v 0.00783280 0.01923512 -0.07104471
v 0.00771142 0.01903642 -0.07088941
v 0.00771364 0.01923641 -0.07088937
v 0.00763651 0.01903722 -0.07070852
v 0.00763873 0.01923721 -0.07070848
v 0.00761098 0.01903746 -0.07051440
v 0.00761320 0.01923745 -0.07051436
v 0.00763655 0.01903714 -0.07032029
v 0.00763877 0.01923713 -0.07032024
v 0.00771149 0.01903628 -0.07013940
v 0.00771371 0.01923626 -0.07013936
v 0.00783068 0.01903493 -0.06998409
v 0.00783290 0.01923491 -0.06998406
v 0.00798602 0.01903318 -0.06986491
v 0.00798823 0.01923317 -0.06986488
v 0.00115443 -0.01721810 0.06953124
v -0.00001720 -0.01620505 0.06960450
v -0.00002829 -0.01720499 0.06960431
v -0.00119994 -0.01619192 0.06953166
v -0.00121103 -0.01719186 0.06953146
v -0.00236475 -0.01617896 0.06931402
v -0.00237585 -0.01717889 0.06931383
v -0.00349400 -0.01616636 0.06895487
v -0.00350509 -0.01716630 0.06895468
v -0.00457055 -0.01615432 0.06845967
v -0.00458165 -0.01715426 0.06845949
v -0.00557810 -0.01614302 0.06783593
v -0.00558919 -0.01714296 0.06783573
v -0.00650136 -0.01613264 0.06709308
v -0.00651245 -0.01713258 0.06709289
v -0.00732634 -0.01612332 0.06624240
v -0.00733743 -0.01712326 0.06624221
v -0.00804053 -0.01611522 0.06529678
v -0.00805162 -0.01711516 0.06529659
v -0.00863311 -0.01610845 0.06427055
v -0.00864420 -0.01710839 0.06427035
v -0.00909510 -0.01610311 0.06317928
v -0.00910619 -0.01710305 0.06317908
v -0.00941949 -0.01609929 0.06203950
v -0.00943058 -0.01709923 0.06203930
v -0.00960136 -0.01609705 0.06086849
v -0.00961245 -0.01709699 0.06086830
v -0.00963796 -0.01609642 0.05968401
v -0.00964906 -0.01709636 0.05968382
v -0.00952873 -0.01609740 0.05850401
v -0.00953983 -0.01709734 0.05850382
v -0.00927534 -0.01609999 0.05734638
v -0.00928643 -0.01709993 0.05734618
v -0.00888161 -0.01610414 0.05622866
v -0.00889270 -0.01710408 0.05622846
v -0.00835352 -0.01610980 0.05516779
v -0.00836461 -0.01710974 0.05516760
v -0.00769907 -0.01611687 0.05417987
v -0.00771016 -0.01711681 0.05417968
v -0.00692819 -0.01612525 0.05327987
v -0.00693928 -0.01712519 0.05327968
v -0.00605255 -0.01613481 0.05248142
v -0.00606365 -0.01713474 0.05248123
v -0.00508544 -0.01614540 0.05179664
v -0.00509654 -0.01714534 0.05179645
v -0.00404152 -0.01615687 0.05123590
v -0.00405261 -0.01715681 0.05123571
v -0.00293660 -0.01616905 0.05080771
v -0.00294769 -0.01716899 0.05080752
v -0.00178744 -0.01618174 0.05051855
v -0.00179854 -0.01718168 0.05051836
v -0.00061146 -0.01619476 0.05037282
v -0.00062256 -0.01719470 0.05037263
v 0.00057351 -0.01620791 0.05037271
v 0.00056242 -0.01720784 0.05037251
v 0.00174952 -0.01622098 0.05051822
v 0.00173843 -0.01722092 0.05051802
v 0.00289873 -0.01623378 0.05080717
v 0.00288764 -0.01723372 0.05080697
v 0.00400372 -0.01624613 0.05123515
v 0.00399263 -0.01724606 0.05123495
v 0.00504775 -0.01625781 0.05179568
v 0.00503666 -0.01725775 0.05179549
v 0.00601499 -0.01626868 0.05248029
v 0.00600390 -0.01726861 0.05248009
v 0.00689077 -0.01627855 0.05327857
v 0.00687968 -0.01727849 0.05327838
v 0.00766182 -0.01628727 0.05417842
v 0.00765073 -0.01728721 0.05417823
v 0.00831645 -0.01629473 0.05516622
v 0.00830535 -0.01729466 0.05516603
v 0.00884473 -0.01630079 0.05622698
v 0.00883364 -0.01730073 0.05622679
v 0.00923867 -0.01630538 0.05734463
v 0.00922758 -0.01730531 0.05734444
v 0.00949228 -0.01630841 0.05850222
v 0.00948119 -0.01730835 0.05850202
v 0.00960173 -0.01630985 0.05968220
v 0.00959063 -0.01730979 0.05968200
v 0.00956534 -0.01630968 0.06086669
v 0.00955425 -0.01730962 0.06086649
v 0.00938369 -0.01630789 0.06203772
v 0.00937259 -0.01730783 0.06203753
v 0.00905951 -0.01630451 0.06317756
v 0.00904842 -0.01730445 0.06317737
v 0.00859772 -0.01629960 0.06426892
v 0.00858663 -0.01729954 0.06426873
v 0.00800533 -0.01629322 0.06529526
v 0.00799424 -0.01729316 0.06529507
v 0.00729131 -0.01628548 0.06624102
v 0.00728022 -0.01728542 0.06624082
v 0.00646649 -0.01627650 0.06709186
v 0.00645540 -0.01727644 0.06709167
v 0.00554337 -0.01626640 0.06783488
v 0.00553227 -0.01726634 0.06783468
v 0.00453594 -0.01625534 0.06845882
v 0.00452484 -0.01725528 0.06845862
v 0.00345948 -0.01624350 0.06895421
v 0.00344838 -0.01724344 0.06895402
v 0.00233030 -0.01623104 0.06931358
v 0.00231920 -0.01723098 0.06931338
v 0.00116552 -0.01621816 0.06953143
v 0.00114336 -0.01719488 -0.05046875
v -0.00002827 -0.01618183 -0.05039550
v -0.00003936 -0.01718177 -0.05039569
v -0.00121101 -0.01616870 -0.05046834
v -0.00122210 -0.01716864 -0.05046853
v -0.00237582 -0.01615574 -0.05068598
v -0.00238692 -0.01715568 -0.05068617
v -0.00350507 -0.01614314 -0.05104512
v -0.00351616 -0.01714308 -0.05104531
v -0.00458162 -0.01613110 -0.05154032
v -0.00459272 -0.01713104 -0.05154052
v -0.00558917 -0.01611980 -0.05216408
v -0.00560026 -0.01711974 -0.05216427
v -0.00651242 -0.01610942 -0.05290693
v -0.00652352 -0.01710936 -0.05290712
v -0.00733740 -0.01610010 -0.05375761
v -0.00734850 -0.01710004 -0.05375780
v -0.00805160 -0.01609200 -0.05470323
v -0.00806269 -0.01709194 -0.05470342
v -0.00864418 -0.01608523 -0.05572945
v -0.00865527 -0.01708516 -0.05572965
v -0.00910617 -0.01607989 -0.05682073
v -0.00911726 -0.01707983 -0.05682092
v -0.00943056 -0.01607607 -0.05796051
v -0.00944165 -0.01707601 -0.05796070
v -0.00961243 -0.01607383 -0.05913151
v -0.00962352 -0.01707377 -0.05913170
v -0.00964903 -0.01607320 -0.06031599
v -0.00966012 -0.01707313 -0.06031619
v -0.00953980 -0.01607418 -0.06149600
v -0.00955090 -0.01707412 -0.06149619
v -0.00928641 -0.01607677 -0.06265364
v -0.00929750 -0.01707671 -0.06265382
v -0.00889268 -0.01608092 -0.06377136
v -0.00890377 -0.01708086 -0.06377155
v -0.00836459 -0.01608658 -0.06483222
v -0.00837568 -0.01708652 -0.06483241
v -0.00771014 -0.01609365 -0.06582014
v -0.00772123 -0.01709358 -0.06582033
v -0.00693925 -0.01610203 -0.06672014
v -0.00695035 -0.01710196 -0.06672033
v -0.00606362 -0.01611158 -0.06751858
v -0.00607471 -0.01711152 -0.06751878
v -0.00509651 -0.01612218 -0.06820337
v -0.00510760 -0.01712212 -0.06820355
v -0.00405259 -0.01613365 -0.06876411
v -0.00406368 -0.01713359 -0.06876430
v -0.00294767 -0.01614583 -0.06919230
v -0.00295876 -0.01714577 -0.06919249
v -0.00179851 -0.01615852 -0.06948145
v -0.00180960 -0.01715846 -0.06948165
v -0.00062253 -0.01617154 -0.06962719
v -0.00063363 -0.01717148 -0.06962738
v 0.00056244 -0.01618469 -0.06962730
v 0.00055135 -0.01718462 -0.06962749
v 0.00173845 -0.01619776 -0.06948179
v 0.00172736 -0.01719770 -0.06948198
v 0.00288766 -0.01621056 -0.06919285
v 0.00287657 -0.01721050 -0.06919304
v 0.00399265 -0.01622290 -0.06876487
v 0.00398156 -0.01722284 -0.06876506
v 0.00503668 -0.01623459 -0.06820432
v 0.00502559 -0.01723453 -0.06820451
v 0.00600392 -0.01624545 -0.06751972
v 0.00599283 -0.01724539 -0.06751992
v 0.00687970 -0.01625532 -0.06672144
v 0.00686861 -0.01725526 -0.06672163
v 0.00765075 -0.01626405 -0.06582159
v 0.00763966 -0.01726399 -0.06582178
v 0.00830538 -0.01627150 -0.06483379
v 0.00829429 -0.01727144 -0.06483398
v 0.00883367 -0.01627757 -0.06377303
v 0.00882257 -0.01727751 -0.06377322
v 0.00922760 -0.01628215 -0.06265538
v 0.00921651 -0.01728209 -0.06265558
v 0.00948121 -0.01628519 -0.06149779
v 0.00947012 -0.01728513 -0.06149798
v 0.00959066 -0.01628663 -0.06031781
v 0.00957956 -0.01728657 -0.06031800
v 0.00955428 -0.01628646 -0.05913332
v 0.00954318 -0.01728639 -0.05913351
v 0.00937262 -0.01628467 -0.05796228
v 0.00936152 -0.01728460 -0.05796247
v 0.00904844 -0.01628129 -0.05682244
v 0.00903735 -0.01728123 -0.05682263
v 0.00858665 -0.01627637 -0.05573108
v 0.00857556 -0.01727631 -0.05573127
v 0.00799426 -0.01627000 -0.05470474
v 0.00798317 -0.01726994 -0.05470493
v 0.00728024 -0.01626226 -0.05375899
v 0.00726915 -0.01726220 -0.05375918
v 0.00645542 -0.01625328 -0.05290815
v 0.00644433 -0.01725322 -0.05290834
v 0.00553230 -0.01624318 -0.05216513
v 0.00552120 -0.01724312 -0.05216532
v 0.00452487 -0.01623212 -0.05154118
v 0.00451378 -0.01723206 -0.05154138
v 0.00344841 -0.01622028 -0.05104578
v 0.00343731 -0.01722022 -0.05104597
v 0.00231923 -0.01620782 -0.05068642
v 0.00230813 -0.01720776 -0.05068661
v 0.00115445 -0.01619494 -0.05046856
f 1 2 3
f 3 2 4
f 3 4 5
f 5 4 6
f 5 6 7
f 7 6 8
f 7 8 9
f 7 9 10
f 10 9 11
f 10 11 12
f 12 11 13
f 9 14 11
f 11 14 15
f 11 15 13
f 14 9 16
f 16 9 8
f 16 8 6
f 16 6 17
f 17 6 4
f 17 4 18
f 18 4 2
f 18 2 19
f 18 19 20
f 20 19 21
f 20 21 22
f 22 21 23
f 22 23 24
f 24 23 25
f 24 25 26
f 26 25 27
f 26 27 28
f 28 27 29
f 28 29 30
f 30 29 31
f 30 31 13
f 21 32 23
f 23 32 33
f 23 33 25
f 25 33 34
f 25 34 27
f 27 34 35
f 27 35 29
f 29 35 36
f 29 36 31
f 31 36 37
f 31 37 13
f 33 32 38
f 38 32 39
f 38 39 40
f 40 39 41
f 40 41 42
f 42 41 43
f 42 43 44
f 44 43 45
f 44 45 46
f 46 45 47
f 46 47 48
f 48 47 49
f 48 49 50
f 50 49 51
f 50 51 13
f 41 52 43
f 43 52 53
f 43 53 45
f 45 53 54
f 45 54 47
f 47 54 55
f 47 55 49
f 49 55 56
f 49 56 51
f 51 56 57
f 51 57 13
f 53 52 58
f 58 52 59
f 58 59 60
f 60 59 61
f 60 61 62
f 62 61 63
f 62 63 64
f 64 63 65
f 64 65 66
f 66 65 67
f 66 67 68
f 68 67 69
f 68 69 70
f 70 69 71
f 70 71 13
f 61 72 63
f 63 72 73
f 63 73 65
f 65 73 74
f 65 74 67
f 67 74 75
f 67 75 69
f 69 75 76
f 69 76 71
f 71 76 77
f 71 77 13
f 73 72 78
f 78 72 79
f 78 79 80
f 80 79 81
f 80 81 82
f 82 81 83
f 82 83 84
f 84 83 85
f 84 85 86
f 86 85 87
f 86 87 88
f 88 87 89
f 88 89 90
f 90 89 91
f 90 91 13
f 81 92 83
f 83 92 93
f 83 93 85
f 85 93 94
f 85 94 87
f 87 94 95
f 87 95 89
f 89 95 96
f 89 96 91
f 91 96 97
f 91 97 13
f 92 98 93
f 93 98 99
f 93 99 94
f 94 99 100
f 94 100 95
f 95 100 101
f 95 101 96
f 96 101 102
f 96 102 97
f 97 102 103
f 97 103 13
f 99 98 104
f 104 98 105
f 104 105 106
f 106 105 107
f 106 107 108
f 108 107 109
f 108 109 110
f 110 109 111
f 110 111 112
f 112 111 113
f 112 113 114
f 114 113 115
f 114 115 13
f 105 116 107
f 107 116 117
f 107 117 109
f 109 117 118
f 109 118 111
f 111 118 119
f 111 119 113
f 113 119 120
f 113 120 115
f 115 120 121
f 115 121 13
f 116 122 117
f 117 122 123
f 117 123 118
f 118 123 124
f 118 124 119
f 119 124 125
f 119 125 120
f 120 125 126
f 120 126 121
f 121 126 127
f 121 127 13
f 123 122 128
f 128 122 129
f 128 129 130
f 130 129 131
f 130 131 132
f 132 131 133
f 132 133 134
f 134 133 135
f 134 135 136
f 136 135 137
f 136 137 138
f 138 137 139
f 138 139 13
f 129 140 131
f 131 140 141
f 131 141 133
f 133 141 142
f 133 142 135
f 135 142 143
f 135 143 137
f 137 143 144
f 137 144 139
f 139 144 145
f 139 145 13
f 140 146 141
f 141 146 147
f 141 147 142
f 142 147 148
f 142 148 143
f 143 148 149
f 143 149 144
f 144 149 150
f 144 150 145
f 145 150 151
f 145 151 13
f 147 146 152
f 152 146 153
f 152 153 154
f 154 153 155
f 154 155 156
f 156 155 157
f 156 157 158
f 158 157 159
f 158 159 160
f 160 159 161
f 160 161 162
f 162 161 163
f 162 163 164
f 164 163 165
f 164 165 13
f 155 166 157
f 157 166 167
f 157 167 159
f 159 167 168
f 159 168 161
f 161 168 169
f 161 169 163
f 163 169 170
f 163 170 165
f 165 170 171
f 165 171 13
f 167 166 172
f 172 166 173
f 172 173 174
f 174 173 175
f 174 175 176
f 176 175 177
f 176 177 178
f 178 177 179
f 178 179 180
f 180 179 181
f 180 181 182
f 182 181 183
f 182 183 184
f 184 183 185
f 184 185 13
f 175 186 177
f 177 186 187
f 177 187 179
f 179 187 188
f 179 188 181
f 181 188 189
f 181 189 183
f 183 189 190
f 183 190 185
f 185 190 191
f 185 191 13
f 187 186 192
f 192 186 193
f 192 193 194
f 194 193 195
f 194 195 196
f 196 195 197
f 196 197 198
f 198 197 199
f 198 199 200
f 200 199 201
f 200 201 202
f 202 201 203
f 202 203 204
f 204 203 205
f 204 205 13
f 195 206 197
f 197 206 207
f 197 207 199
f 199 207 208
f 199 208 201
f 201 208 209
f 201 209 203
f 203 209 210
f 203 210 205
f 205 210 211
f 205 211 13
f 207 206 212
f 212 206 213
f 212 213 214
f 214 213 215
f 214 215 216
f 216 215 217
f 216 217 218
f 218 217 219
f 218 219 220
f 220 219 221
f 220 221 222
f 222 221 223
f 222 223 224
f 224 223 225
f 224 225 13
f 215 226 217
f 217 226 227
f 217 227 219
f 219 227 228
f 219 228 221
f 221 228 229
f 221 229 223
f 223 229 230
f 223 230 225
f 225 230 231
f 225 231 13
f 227 226 232
f 232 226 233
f 232 233 234
f 234 233 235
f 234 235 236
f 236 235 237
f 236 237 238
f 238 237 239
f 238 239 240
f 240 239 241
f 240 241 242
f 242 241 243
f 242 243 13
f 233 244 235
f 235 244 245
f 235 245 237
f 237 245 246
f 237 246 239
f 239 246 247
f 239 247 241
f 241 247 248
f 241 248 243
f 243 248 249
f 243 249 13
f 244 250 245
f 245 250 251
f 245 251 246
f 246 251 252
f 246 252 247
f 247 252 253
f 247 253 248
f 248 253 254
f 248 254 249
f 249 254 255
f 249 255 13
f 251 250 256
f 256 250 257
f 256 257 258
f 258 257 259
f 258 259 260
f 260 259 261
f 260 261 262
f 262 261 263
f 262 263 264
f 264 263 265
f 264 265 266
f 266 265 267
f 266 267 13
f 257 268 259
f 259 268 269
f 259 269 261
f 261 269 270
f 261 270 263
f 263 270 271
f 263 271 265
f 265 271 272
f 265 272 267
f 267 272 273
f 267 273 13
f 269 268 274
f 274 268 275
f 274 275 276
f 276 275 277
f 276 277 278
f 278 277 279
f 278 279 280
f 280 279 281
f 280 281 282
f 282 281 283
f 282 283 284
f 284 283 285
f 284 285 13
f 275 286 277
f 277 286 287
f 277 287 279
f 279 287 288
f 279 288 281
f 281 288 289
f 281 289 283
f 283 289 290
f 283 290 285
f 285 290 291
f 285 291 13
f 287 286 292
f 292 286 293
f 292 293 294
f 294 293 295
f 294 295 296
f 296 295 297
f 296 297 298
f 298 297 299
f 298 299 300
f 300 299 301
f 300 301 302
f 302 301 303
f 302 303 304
f 304 303 305
f 304 305 13
f 295 306 297
f 297 306 307
f 297 307 299
f 299 307 308
f 299 308 301
f 301 308 309
f 301 309 303
f 303 309 310
f 303 310 305
f 305 310 311
f 305 311 13
f 307 306 312
f 312 306 313
f 312 313 314
f 314 313 315
f 314 315 316
f 316 315 317
f 316 317 318
f 318 317 319
f 318 319 320
f 320 319 321
f 320 321 322
f 322 321 323
f 322 323 13
f 313 324 315
f 315 324 325
f 315 325 317
f 317 325 326
f 317 326 319
f 319 326 327
f 319 327 321
f 321 327 328
f 321 328 323
f 323 328 329
f 323 329 13
f 325 324 330
f 330 324 331
f 330 331 332
f 332 331 333
f 332 333 334
f 334 333 335
f 334 335 336
f 336 335 337
f 336 337 338
f 338 337 7
f 338 7 10
f 333 1 335
f 335 1 339
f 335 339 337
f 337 339 5
f 337 5 7
f 339 1 3
f 12 13 340
f 340 13 329
f 322 13 341
f 341 13 311
f 304 13 342
f 342 13 343
f 343 13 291
f 284 13 344
f 344 13 273
f 266 13 345
f 345 13 255
f 242 13 346
f 346 13 231
f 224 13 347
f 348 13 211
f 204 13 349
f 349 13 350
f 350 13 191
f 184 13 351
f 351 13 352
f 352 13 171
f 164 13 353
f 353 13 354
f 354 13 151
f 138 13 355
f 355 13 127
f 114 13 356
f 90 13 357
f 357 13 358
f 358 13 77
f 70 13 359
f 359 13 360
f 360 13 57
f 50 13 361
f 361 13 362
f 362 13 37
f 30 13 363
f 363 13 364
f 364 13 365
f 365 13 366
f 366 13 367
f 367 13 15
f 347 13 348
f 356 13 103
f 10 12 368
f 368 12 340
f 368 340 369
f 369 340 329
f 369 329 328
f 339 3 5
f 17 18 370
f 370 18 20
f 370 20 371
f 371 20 22
f 371 22 24
f 16 17 372
f 372 17 370
f 372 370 373
f 373 370 371
f 373 371 374
f 374 371 24
f 374 24 26
f 367 15 14
f 14 16 375
f 375 16 372
f 375 372 376
f 376 372 373
f 376 373 377
f 377 373 374
f 377 374 378
f 378 374 26
f 378 26 28
f 366 367 375
f 375 367 14
f 366 375 376
f 366 376 365
f 365 376 377
f 365 377 364
f 364 377 378
f 364 378 363
f 363 378 28
f 363 28 30
f 40 379 38
f 38 379 34
f 38 34 33
f 34 379 35
f 35 379 380
f 35 380 36
f 36 380 381
f 36 381 37
f 37 381 362
f 379 40 382
f 382 40 42
f 382 42 44
f 44 383 382
f 382 383 380
f 382 380 379
f 380 383 381
f 381 383 384
f 381 384 362
f 362 384 361
f 384 383 46
f 46 383 44
f 361 384 48
f 48 384 46
f 60 385 58
f 58 385 54
f 58 54 53
f 54 385 55
f 55 385 386
f 55 386 56
f 56 386 387
f 56 387 57
f 57 387 360
f 385 60 388
f 388 60 62
f 388 62 64
f 361 48 50
f 64 389 388
f 388 389 386
f 388 386 385
f 386 389 387
f 387 389 390
f 387 390 360
f 360 390 359
f 390 389 66
f 66 389 64
f 359 390 68
f 68 390 66
f 80 391 78
f 78 391 74
f 78 74 73
f 74 391 75
f 75 391 392
f 75 392 76
f 76 392 393
f 76 393 77
f 77 393 358
f 391 80 394
f 394 80 82
f 394 82 84
f 359 68 70
f 391 394 392
f 392 394 395
f 392 395 393
f 393 395 396
f 393 396 358
f 358 396 357
f 395 394 84
f 395 84 86
f 395 86 396
f 396 86 88
f 396 88 357
f 357 88 90
f 99 104 100
f 100 104 397
f 100 397 101
f 101 397 398
f 101 398 102
f 102 398 399
f 102 399 103
f 103 399 356
f 104 106 397
f 397 106 108
f 397 108 398
f 398 108 110
f 398 110 399
f 399 110 112
f 399 112 356
f 356 112 114
f 123 128 124
f 124 128 400
f 124 400 125
f 125 400 401
f 125 401 126
f 126 401 402
f 126 402 127
f 127 402 355
f 128 130 400
f 400 130 132
f 400 132 401
f 401 132 134
f 401 134 402
f 402 134 136
f 402 136 355
f 355 136 138
f 147 152 148
f 148 152 403
f 148 403 149
f 149 403 404
f 149 404 150
f 150 404 405
f 150 405 151
f 151 405 354
f 152 154 403
f 403 154 406
f 403 406 404
f 404 406 407
f 404 407 405
f 405 407 408
f 405 408 354
f 354 408 353
f 156 158 406
f 406 158 407
f 408 407 160
f 160 407 158
f 154 156 406
f 353 408 162
f 162 408 160
f 174 409 172
f 172 409 168
f 172 168 167
f 168 409 169
f 169 409 410
f 169 410 170
f 170 410 411
f 170 411 171
f 171 411 352
f 409 174 412
f 412 174 176
f 412 176 178
f 353 162 164
f 178 413 412
f 412 413 410
f 412 410 409
f 410 413 411
f 411 413 414
f 411 414 352
f 352 414 351
f 414 413 180
f 180 413 178
f 351 414 182
f 182 414 180
f 194 415 192
f 192 415 188
f 192 188 187
f 188 415 189
f 189 415 416
f 189 416 190
f 190 416 417
f 190 417 191
f 191 417 350
f 415 194 418
f 418 194 196
f 418 196 198
f 351 182 184
f 198 419 418
f 418 419 416
f 418 416 415
f 416 419 417
f 417 419 420
f 417 420 350
f 350 420 349
f 420 419 200
f 200 419 198
f 349 420 202
f 202 420 200
f 214 421 212
f 212 421 208
f 212 208 207
f 208 421 209
f 209 421 422
f 209 422 210
f 210 422 423
f 210 423 211
f 211 423 348
f 421 214 424
f 424 214 216
f 424 216 218
f 349 202 204
f 218 425 424
f 424 425 422
f 424 422 421
f 422 425 423
f 423 425 426
f 423 426 348
f 348 426 347
f 426 425 220
f 220 425 218
f 347 426 222
f 222 426 220
f 234 427 232
f 232 427 228
f 232 228 227
f 228 427 229
f 229 427 428
f 229 428 230
f 230 428 429
f 230 429 231
f 231 429 346
f 428 427 236
f 236 427 234
f 347 222 224
f 428 236 238
f 428 238 429
f 429 238 240
f 429 240 346
f 346 240 242
f 251 256 252
f 252 256 430
f 252 430 253
f 253 430 431
f 253 431 254
f 254 431 432
f 254 432 255
f 255 432 345
f 258 260 430
f 430 260 431
f 432 431 262
f 262 431 260
f 256 258 430
f 269 274 270
f 270 274 433
f 270 433 271
f 271 433 434
f 271 434 272
f 272 434 435
f 272 435 273
f 273 435 344
f 432 262 264
f 266 345 264
f 264 345 432
f 274 276 433
f 433 276 278
f 433 278 434
f 434 278 280
f 434 280 435
f 435 280 282
f 435 282 344
f 344 282 284
f 294 436 292
f 292 436 288
f 292 288 287
f 288 436 289
f 289 436 437
f 289 437 290
f 290 437 438
f 290 438 291
f 291 438 343
f 436 294 439
f 439 294 296
f 439 296 298
f 298 440 439
f 439 440 437
f 439 437 436
f 437 440 438
f 438 440 441
f 438 441 343
f 343 441 342
f 441 440 300
f 300 440 298
f 307 312 308
f 308 312 442
f 308 442 309
f 309 442 443
f 309 443 310
f 310 443 444
f 310 444 311
f 311 444 341
f 441 300 302
f 304 342 302
f 302 342 441
f 312 314 442
f 442 314 316
f 442 316 443
f 443 316 318
f 443 318 444
f 444 318 320
f 444 320 341
f 341 320 322
f 332 445 330
f 330 445 326
f 330 326 325
f 326 445 327
f 327 445 446
f 327 446 328
f 328 446 369
f 445 332 447
f 447 332 334
f 447 334 336
f 336 448 447
f 447 448 446
f 447 446 445
f 368 369 448
f 448 369 446
f 368 448 338
f 338 448 336
f 368 338 10
f 1 449 2
f 2 449 450
f 2 450 19
f 19 450 451
f 19 451 21
f 21 451 452
f 21 452 32
f 32 452 453
f 32 453 39
f 39 453 454
f 39 454 41
f 41 454 455
f 41 455 52
f 52 455 456
f 52 456 59
f 59 456 457
f 59 457 61
f 61 457 458
f 61 458 72
f 72 458 459
f 72 459 79
f 79 459 460
f 79 460 81
f 81 460 461
f 81 461 92
f 92 461 462
f 92 462 98
f 98 462 463
f 98 463 105
f 105 463 464
f 105 464 116
f 116 464 465
f 116 465 122
f 122 465 466
f 122 466 129
f 129 466 467
f 129 467 140
f 140 467 468
f 140 468 146
f 146 468 469
f 146 469 153
f 153 469 470
f 153 470 155
f 155 470 471
f 155 471 166
f 166 471 472
f 166 472 173
f 173 472 473
f 173 473 175
f 175 473 474
f 175 474 186
f 186 474 475
f 186 475 193
f 193 475 476
f 193 476 195
f 195 476 477
f 195 477 206
f 206 477 478
f 206 478 213
f 213 478 479
f 213 479 215
f 215 479 480
f 215 480 226
f 226 480 481
f 226 481 233
f 233 481 482
f 233 482 244
f 244 482 483
f 244 483 250
f 250 483 484
f 250 484 257
f 257 484 485
f 257 485 268
f 268 485 486
f 268 486 275
f 275 486 487
f 275 487 286
f 286 487 488
f 286 488 293
f 293 488 489
f 293 489 295
f 295 489 490
f 295 490 306
f 306 490 491
f 306 491 313
f 313 491 492
f 313 492 324
f 324 492 493
f 324 493 331
f 331 493 494
f 331 494 333
f 333 494 495
f 333 495 1
f 1 495 449
f 496 497 498
f 498 497 499
f 498 499 500
f 500 499 501
f 500 501 502
f 502 501 503
f 502 503 504
f 504 503 505
f 504 505 506
f 506 505 507
f 506 507 508
f 508 507 509
f 508 509 510
f 510 509 511
f 510 511 512
f 512 511 513
f 512 513 514
f 514 513 515
f 514 515 516
f 516 515 517
f 516 517 518
f 518 517 519
f 518 519 520
f 520 519 521
f 520 521 522
f 522 521 523
f 522 523 524
f 524 523 525
f 524 525 526
f 526 525 527
f 526 527 528
f 528 527 529
f 528 529 530
f 530 529 531
f 530 531 532
f 532 531 533
f 532 533 534
f 534 533 535
f 534 535 536
f 536 535 537
f 536 537 538
f 538 537 539
f 538 539 540
f 540 539 541
f 540 541 542
f 542 541 543
f 542 543 544
f 544 543 545
f 544 545 546
f 546 545 547
f 546 547 548
f 548 547 549
f 548 549 550
f 550 549 551
f 550 551 552
f 552 551 553
f 552 553 554
f 554 553 555
f 554 555 556
f 556 555 557
f 556 557 558
f 558 557 559
f 558 559 560
f 560 559 561
f 560 561 562
f 562 561 563
f 562 563 564
f 564 563 565
f 564 565 566
f 566 565 567
f 566 567 568
f 568 567 569
f 568 569 570
f 570 569 571
f 570 571 572
f 572 571 573
f 572 573 574
f 574 573 575
f 574 575 576
f 576 575 577
f 576 577 578
f 578 577 579
f 578 579 580
f 580 579 581
f 580 581 582
f 582 581 583
f 582 583 584
f 584 583 585
f 584 585 586
f 586 585 587
f 586 587 588
f 588 587 589
f 588 589 590
f 590 589 591
f 590 591 592
f 592 591 593
f 592 593 594
f 594 593 595
f 594 595 596
f 596 595 597
f 596 597 598
f 598 597 599
f 598 599 600
f 600 599 601
f 600 601 602
f 602 601 603
f 602 603 604
f 604 603 605
f 604 605 606
f 606 605 607
f 606 607 608
f 608 607 609
f 608 609 610
f 610 609 611
f 610 611 612
f 612 611 613
f 612 613 614
f 614 613 615
f 614 615 616
f 616 615 617
f 616 617 618
f 618 617 619
f 618 619 620
f 620 619 621
f 620 621 622
f 622 621 623
f 622 623 624
f 624 623 625
f 624 625 626
f 626 625 627
f 626 627 628
f 628 627 629
f 628 629 630
f 630 629 631
f 630 631 632
f 632 631 633
f 632 633 634
f 634 633 635
f 634 635 636
f 636 635 637
f 636 637 638
f 638 637 639
f 638 639 640
f 640 639 641
f 640 641 642
f 642 641 643
f 642 643 644
f 644 643 645
f 644 645 646
f 646 645 647
f 646 647 648
f 648 647 649
f 648 649 650
f 650 649 651
f 650 651 652
f 652 651 653
f 652 653 654
f 654 653 655
f 654 655 656
f 656 655 657
f 656 657 499
f 499 657 658
f 658 657 659
f 658 659 660
f 660 659 661
f 661 659 662
f 661 662 663
f 663 662 664
f 663 664 665
f 665 664 666
f 665 666 667
f 667 666 668
f 667 668 669
f 669 668 670
f 669 670 671
f 671 670 672
f 671 672 673
f 673 672 674
f 673 674 675
f 675 674 676
f 675 676 677
f 677 676 678
f 677 678 452
f 452 678 453
f 453 678 679
f 453 679 454
f 454 679 680
f 454 680 681
f 681 680 682
f 681 682 683
f 683 682 684
f 683 684 685
f 685 684 686
f 685 686 687
f 687 686 688
f 687 688 689
f 689 688 690
f 689 690 691
f 691 690 692
f 691 692 693
f 693 692 694
f 693 694 695
f 695 694 696
f 695 696 697
f 697 696 698
f 697 698 699
f 699 698 643
f 699 643 641
f 499 658 501
f 501 658 700
f 501 700 503
f 503 700 701
f 503 701 505
f 505 701 702
f 505 702 507
f 507 702 703
f 507 703 509
f 509 703 704
f 509 704 511
f 511 704 705
f 511 705 513
f 513 705 706
f 513 706 515
f 515 706 707
f 515 707 517
f 517 707 708
f 517 708 519
f 519 708 709
f 519 709 521
f 521 709 710
f 521 710 523
f 523 710 711
f 523 711 525
f 525 711 712
f 525 712 527
f 527 712 713
f 527 713 529
f 529 713 714
f 529 714 531
f 531 714 715
f 531 715 533
f 533 715 716
f 533 716 535
f 535 716 717
f 535 717 537
f 537 717 718
f 537 718 539
f 539 718 719
f 539 719 541
f 541 719 720
f 541 720 543
f 543 720 721
f 543 721 545
f 545 721 722
f 545 722 547
f 547 722 723
f 547 723 549
f 549 723 724
f 549 724 551
f 551 724 725
f 551 725 553
f 553 725 726
f 553 726 555
f 555 726 727
f 555 727 557
f 557 727 728
f 557 728 559
f 559 728 729
f 559 729 561
f 561 729 730
f 561 730 563
f 563 730 731
f 563 731 565
f 565 731 732
f 565 732 567
f 567 732 733
f 567 733 569
f 569 733 734
f 569 734 571
f 571 734 735
f 571 735 573
f 573 735 736
f 573 736 575
f 575 736 737
f 575 737 577
f 577 737 738
f 577 738 579
f 579 738 739
f 579 739 581
f 581 739 740
f 581 740 583
f 583 740 741
f 583 741 585
f 585 741 742
f 585 742 587
f 587 742 743
f 587 743 589
f 589 743 744
f 589 744 591
f 591 744 745
f 591 745 593
f 593 745 746
f 593 746 595
f 595 746 747
f 595 747 597
f 597 747 748
f 597 748 599
f 599 748 749
f 599 749 601
f 601 749 750
f 601 750 603
f 603 750 751
f 603 751 605
f 605 751 752
f 605 752 607
f 607 752 753
f 607 753 609
f 609 753 754
f 609 754 611
f 611 754 755
f 611 755 613
f 613 755 756
f 613 756 615
f 615 756 757
f 615 757 617
f 617 757 758
f 617 758 619
f 619 758 759
f 619 759 621
f 621 759 760
f 621 760 623
f 623 760 761
f 623 761 625
f 625 761 762
f 625 762 627
f 627 762 763
f 627 763 629
f 629 763 764
f 629 764 631
f 631 764 765
f 631 765 633
f 633 765 766
f 633 766 635
f 635 766 767
f 635 767 637
f 637 767 768
f 637 768 639
f 639 768 769
f 639 769 641
f 641 769 699
f 658 660 700
f 700 660 661
f 700 661 770
f 770 661 663
f 770 663 771
f 771 663 665
f 771 665 772
f 772 665 667
f 772 667 773
f 773 667 774
f 773 774 775
f 775 774 776
f 775 776 777
f 777 776 778
f 777 778 779
f 779 778 780
f 779 780 781
f 781 780 782
f 781 782 783
f 783 782 784
f 783 784 785
f 785 784 786
f 785 786 787
f 787 786 788
f 787 788 789
f 789 788 790
f 789 790 791
f 791 790 792
f 791 792 793
f 793 792 794
f 793 794 795
f 795 794 796
f 795 796 797
f 797 796 798
f 797 798 799
f 799 798 800
f 799 800 801
f 801 800 802
f 801 802 803
f 803 802 804
f 803 804 805
f 805 804 806
f 805 806 807
f 807 806 808
f 807 808 809
f 809 808 810
f 809 810 811
f 811 810 812
f 811 812 813
f 813 812 814
f 813 814 815
f 815 814 816
f 815 816 817
f 817 816 818
f 817 818 819
f 819 818 820
f 819 820 821
f 821 820 822
f 821 822 823
f 823 822 824
f 823 824 825
f 825 824 826
f 825 826 827
f 827 826 828
f 827 828 829
f 829 828 830
f 829 830 831
f 831 830 832
f 831 832 833
f 833 832 834
f 833 834 835
f 835 834 836
f 835 836 837
f 837 836 838
f 837 838 839
f 839 838 840
f 839 840 841
f 841 840 842
f 841 842 843
f 843 842 844
f 843 844 845
f 845 844 846
f 845 846 847
f 847 846 848
f 847 848 849
f 849 848 850
f 849 850 851
f 851 850 852
f 851 852 853
f 853 852 854
f 853 854 855
f 855 854 856
f 855 856 857
f 857 856 858
f 857 858 859
f 859 858 860
f 859 860 861
f 861 860 862
f 861 862 863
f 863 862 864
f 863 864 865
f 865 864 866
f 865 866 867
f 867 866 868
f 867 868 869
f 869 868 870
f 869 870 871
f 871 870 872
f 871 872 873
f 873 872 874
f 873 874 875
f 875 874 876
f 875 876 877
f 877 876 878
f 877 878 879
f 879 878 880
f 879 880 881
f 881 880 882
f 881 882 883
f 883 882 884
f 883 884 885
f 885 884 886
f 885 886 887
f 887 886 888
f 887 888 889
f 889 888 890
f 889 890 891
f 891 890 892
f 891 892 893
f 893 892 894
f 893 894 895
f 895 894 896
f 895 896 897
f 897 896 898
f 897 898 899
f 899 898 900
f 899 900 901
f 901 900 902
f 901 902 903
f 903 902 904
f 903 904 905
f 905 904 906
f 905 906 907
f 907 906 908
f 907 908 909
f 909 908 910
f 909 910 911
f 911 910 912
f 911 912 691
f 691 912 689
f 667 913 774
f 774 913 914
f 774 914 776
f 776 914 915
f 776 915 778
f 778 915 916
f 778 916 780
f 780 916 917
f 780 917 782
f 782 917 918
f 782 918 784
f 784 918 919
f 784 919 786
f 786 919 920
f 786 920 788
f 788 920 921
f 788 921 790
f 790 921 922
f 790 922 792
f 792 922 923
f 792 923 794
f 794 923 924
f 794 924 796
f 796 924 925
f 796 925 798
f 798 925 926
f 798 926 800
f 800 926 927
f 800 927 802
f 802 927 928
f 802 928 804
f 804 928 929
f 804 929 806
f 806 929 930
f 806 930 808
f 808 930 931
f 808 931 810
f 810 931 932
f 810 932 812
f 812 932 933
f 812 933 814
f 814 933 934
f 814 934 816
f 816 934 935
f 816 935 818
f 818 935 936
f 818 936 820
f 820 936 937
f 820 937 822
f 822 937 938
f 822 938 824
f 824 938 939
f 824 939 826
f 826 939 940
f 826 940 828
f 828 940 941
f 828 941 830
f 830 941 942
f 830 942 832
f 832 942 943
f 832 943 834
f 834 943 944
f 834 944 836
f 836 944 945
f 836 945 838
f 838 945 946
f 838 946 840
f 840 946 947
f 840 947 842
f 842 947 948
f 842 948 844
f 844 948 949
f 844 949 846
f 846 949 950
f 846 950 848
f 848 950 951
f 848 951 850
f 850 951 952
f 850 952 852
f 852 952 953
f 852 953 854
f 854 953 954
f 854 954 856
f 856 954 955
f 856 955 858
f 858 955 956
f 858 956 860
f 860 956 957
f 860 957 862
f 862 957 958
f 862 958 864
f 864 958 959
f 864 959 866
f 866 959 960
f 866 960 868
f 868 960 961
f 868 961 870
f 870 961 962
f 870 962 872
f 872 962 963
f 872 963 874
f 874 963 964
f 874 964 876
f 876 964 965
f 876 965 878
f 878 965 966
f 878 966 880
f 880 966 967
f 880 967 882
f 882 967 968
f 882 968 884
f 884 968 969
f 884 969 886
f 886 969 970
f 886 970 888
f 888 970 971
f 888 971 890
f 890 971 972
f 890 972 892
f 892 972 973
f 892 973 894
f 894 973 974
f 894 974 896
f 896 974 975
f 896 975 898
f 898 975 976
f 898 976 900
f 900 976 977
f 900 977 902
f 902 977 978
f 902 978 904
f 904 978 979
f 904 979 906
f 906 979 980
f 906 980 908
f 908 980 981
f 908 981 910
f 910 981 982
f 910 982 912
f 912 982 983
f 912 983 689
f 689 983 687
f 913 984 914
f 914 984 985
f 914 985 915
f 915 985 986
f 915 986 916
f 916 986 987
f 916 987 917
f 917 987 988
f 917 988 918
f 918 988 989
f 918 989 919
f 919 989 990
f 919 990 920
f 920 990 991
f 920 991 921
f 921 991 992
f 921 992 922
f 922 992 993
f 922 993 923
f 923 993 994
f 923 994 924
f 924 994 995
f 924 995 925
f 925 995 996
f 925 996 926
f 926 996 997
f 926 997 927
f 927 997 998
f 927 998 928
f 928 998 999
f 928 999 929
f 929 999 1000
f 929 1000 930
f 930 1000 1001
f 930 1001 931
f 931 1001 1002
f 931 1002 932
f 932 1002 1003
f 932 1003 933
f 933 1003 1004
f 933 1004 934
f 934 1004 1005
f 934 1005 935
f 935 1005 1006
f 935 1006 936
f 936 1006 1007
f 936 1007 937
f 937 1007 1008
f 937 1008 938
f 938 1008 1009
f 938 1009 939
f 939 1009 1010
f 939 1010 940
f 940 1010 1011
f 940 1011 941
f 941 1011 1012
f 941 1012 942
f 942 1012 1013
f 942 1013 943
f 943 1013 1014
f 943 1014 944
f 944 1014 1015
f 944 1015 945
f 945 1015 1016
f 945 1016 946
f 946 1016 1017
f 946 1017 947
f 947 1017 1018
f 947 1018 948
f 948 1018 1019
f 948 1019 949
f 949 1019 1020
f 949 1020 950
f 950 1020 1021
f 950 1021 951
f 951 1021 1022
f 951 1022 952
f 952 1022 1023
f 952 1023 953
f 953 1023 1024
f 953 1024 954
f 954 1024 1025
f 954 1025 955
f 955 1025 1026
f 955 1026 956
f 956 1026 1027
f 956 1027 957
f 957 1027 1028
f 957 1028 958
f 958 1028 1029
f 958 1029 959
f 959 1029 1030
f 959 1030 960
f 960 1030 1031
f 960 1031 961
f 961 1031 1032
f 961 1032 962
f 962 1032 1033
f 962 1033 963
f 963 1033 1034
f 963 1034 964
f 964 1034 1035
f 964 1035 965
f 965 1035 1036
f 965 1036 966
f 966 1036 1037
f 966 1037 967
f 967 1037 1038
f 967 1038 968
f 968 1038 1039
f 968 1039 969
f 969 1039 1040
f 969 1040 970
f 970 1040 1041
f 970 1041 971
f 971 1041 1042
f 971 1042 972
f 972 1042 1043
f 972 1043 973
f 973 1043 1044
f 973 1044 974
f 974 1044 1045
f 974 1045 975
f 975 1045 1046
f 975 1046 976
f 976 1046 1047
f 976 1047 977
f 977 1047 1048
f 977 1048 978
f 978 1048 1049
f 978 1049 979
f 979 1049 1050
f 979 1050 980
f 980 1050 1051
f 980 1051 981
f 981 1051 1052
f 981 1052 982
f 982 1052 1053
f 982 1053 983
f 983 1053 1054
f 983 1054 687
f 687 1054 685
f 985 984 1055
f 1055 984 1056
f 1055 1056 1057
f 1057 1056 449
f 1057 449 495
f 494 1058 495
f 495 1058 1059
f 495 1059 1057
f 1057 1059 1060
f 1057 1060 1055
f 1055 1060 986
f 1055 986 985
f 493 1061 494
f 494 1061 1062
f 494 1062 1058
f 1058 1062 1063
f 1058 1063 1064
f 1064 1063 988
f 1064 988 987
f 1061 493 1065
f 1065 493 492
f 1065 492 1066
f 1066 492 1067
f 1066 1067 1068
f 1068 1067 1069
f 1068 1069 993
f 993 1069 994
f 492 491 1067
f 1067 491 1070
f 1067 1070 1069
f 1069 1070 1071
f 1069 1071 994
f 994 1071 995
f 1070 491 1072
f 1072 491 490
f 1072 490 1073
f 1073 490 1074
f 1073 1074 1075
f 1075 1074 1076
f 1075 1076 997
f 997 1076 998
f 490 489 1074
f 1074 489 1077
f 1074 1077 1076
f 1076 1077 1078
f 1076 1078 998
f 998 1078 999
f 1077 489 1079
f 1079 489 488
f 1079 488 1080
f 1080 488 487
f 1080 487 1081
f 1081 487 1082
f 1081 1082 1083
f 1083 1082 1084
f 1083 1084 1002
f 1002 1084 1003
f 487 486 1082
f 1082 486 1085
f 1082 1085 1084
f 1084 1085 1086
f 1084 1086 1003
f 1003 1086 1004
f 1085 486 1087
f 1087 486 485
f 1087 485 1088
f 1088 485 1089
f 1088 1089 1090
f 1090 1089 1091
f 1090 1091 1006
f 1006 1091 1007
f 485 484 1089
f 1089 484 1092
f 1089 1092 1091
f 1091 1092 1093
f 1091 1093 1007
f 1007 1093 1008
f 1092 484 1094
f 1094 484 483
f 1094 483 1095
f 1095 483 1096
f 1095 1096 1097
f 1097 1096 1098
f 1097 1098 1010
f 1010 1098 1011
f 483 482 1096
f 1096 482 1099
f 1096 1099 1098
f 1098 1099 1100
f 1098 1100 1011
f 1011 1100 1012
f 482 481 1099
f 1099 481 1101
f 1099 1101 1100
f 1100 1101 1102
f 1100 1102 1012
f 1012 1102 1013
f 1101 481 1103
f 1103 481 480
f 1103 480 1104
f 1104 480 1105
f 1104 1105 1106
f 1106 1105 1107
f 1106 1107 1015
f 1015 1107 1016
f 480 479 1105
f 1105 479 1108
f 1105 1108 1107
f 1107 1108 1109
f 1107 1109 1016
f 1016 1109 1017
f 1108 479 1110
f 1110 479 478
f 1110 478 1111
f 1111 478 477
f 1111 477 1112
f 1112 477 1113
f 1112 1113 1114
f 1114 1113 1115
f 1114 1115 1020
f 1020 1115 1021
f 477 476 1113
f 1113 476 1116
f 1113 1116 1115
f 1115 1116 1117
f 1115 1117 1021
f 1021 1117 1022
f 1116 476 1118
f 1118 476 475
f 1118 475 1119
f 1119 475 474
f 1119 474 1120
f 1120 474 1121
f 1120 1121 1122
f 1122 1121 1123
f 1122 1123 1025
f 1025 1123 1026
f 474 473 1121
f 1121 473 1124
f 1121 1124 1123
f 1123 1124 1125
f 1123 1125 1026
f 1026 1125 1027
f 1124 473 1126
f 1126 473 472
f 1126 472 1127
f 1127 472 471
f 1127 471 1128
f 1128 471 1129
f 1128 1129 1130
f 1130 1129 1131
f 1130 1131 1030
f 1030 1131 1031
f 471 470 1129
f 1129 470 1132
f 1129 1132 1131
f 1131 1132 1133
f 1131 1133 1031
f 1031 1133 1032
f 1132 470 1134
f 1134 470 469
f 1134 469 1135
f 1135 469 468
f 1135 468 1136
f 1136 468 1137
f 1136 1137 1138
f 1138 1137 1139
f 1138 1139 1035
f 1035 1139 1036
f 468 467 1137
f 1137 467 1140
f 1137 1140 1139
f 1139 1140 1141
f 1139 1141 1036
f 1036 1141 1037
f 467 466 1140
f 1140 466 1142
f 1140 1142 1141
f 1141 1142 1143
f 1141 1143 1037
f 1037 1143 1038
f 1142 466 1144
f 1144 466 465
f 1144 465 1145
f 1145 465 1146
f 1145 1146 1147
f 1147 1146 1148
f 1147 1148 1040
f 1040 1148 1041
f 465 464 1146
f 1146 464 1149
f 1146 1149 1148
f 1148 1149 1150
f 1148 1150 1041
f 1041 1150 1042
f 464 463 1149
f 1149 463 1151
f 1149 1151 1150
f 1150 1151 1152
f 1150 1152 1042
f 1042 1152 1043
f 1151 463 1153
f 1153 463 462
f 1153 462 1154
f 1154 462 1155
f 1154 1155 1156
f 1156 1155 1157
f 1156 1157 1045
f 1045 1157 1046
f 462 461 1155
f 1155 461 1158
f 1155 1158 1157
f 1157 1158 1159
f 1157 1159 1046
f 1046 1159 1047
f 461 460 1158
f 1158 460 1160
f 1158 1160 1159
f 1159 1160 1161
f 1159 1161 1047
f 1047 1161 1048
f 1160 460 1162
f 1162 460 459
f 1162 459 1163
f 1163 459 458
f 1163 458 1164
f 1164 458 1165
f 1164 1165 1166
f 1166 1165 1167
f 1166 1167 1051
f 1051 1167 1052
f 458 457 1165
f 1165 457 1168
f 1165 1168 1167
f 1167 1168 1169
f 1167 1169 1052
f 1052 1169 1053
f 1168 457 1170
f 1170 457 456
f 1170 456 1171
f 1171 456 455
f 1171 455 1172
f 1172 455 681
f 1172 681 683
f 455 454 681
f 677 452 1173
f 1173 452 451
f 1173 451 1174
f 1174 451 1175
f 1174 1175 1176
f 1176 1175 1177
f 1176 1177 1178
f 1178 1177 984
f 1178 984 1179
f 1179 984 913
f 1179 913 669
f 669 913 667
f 451 450 1175
f 1175 450 1180
f 1175 1180 1177
f 1177 1180 1056
f 1177 1056 984
f 450 449 1180
f 1180 449 1056
f 656 499 1181
f 1181 499 497
f 1181 497 496
f 1181 496 1182
f 1182 496 1183
f 1183 496 1184
f 1184 496 1185
f 1185 496 1186
f 1186 496 1187
f 1187 496 1188
f 1188 496 1189
f 1189 496 1190
f 1190 496 1191
f 1191 496 1192
f 1192 496 1193
f 1193 496 1194
f 1194 496 1195
f 1195 496 1196
f 1196 496 1197
f 1197 496 1198
f 1198 496 1199
f 1199 496 1200
f 1200 496 1201
f 1201 496 1202
f 1202 496 1203
f 1203 496 1204
f 1204 496 1205
f 1205 496 1206
f 1207 496 1208
f 1208 496 1209
f 1209 496 1210
f 1210 496 1211
f 1211 496 1212
f 1212 496 1213
f 1213 496 1214
f 1214 496 1215
f 1215 496 1216
f 1216 496 1217
f 1217 496 1218
f 1218 496 1219
f 1219 496 1220
f 1220 496 1221
f 1221 496 1222
f 1222 496 1223
f 1223 496 1224
f 1224 496 1225
f 1225 496 1226
f 1226 496 1227
f 1227 496 1228
f 1228 496 1229
f 1229 496 1230
f 1230 496 1231
f 1231 496 1232
f 1233 496 1234
f 1234 496 1235
f 1235 496 1236
f 1236 496 1237
f 1237 496 1238
f 1238 496 1239
f 1239 496 1240
f 1240 496 1241
f 1241 496 1242
f 1242 496 1243
f 1243 496 1244
f 1244 496 1245
f 1245 496 1246
f 1246 496 1247
f 1247 496 1248
f 1248 496 1249
f 1249 496 1250
f 1250 496 1251
f 1251 496 1252
f 1252 496 1253
f 1253 496 1254
f 1254 496 1255
f 1255 496 1256
f 1256 496 1257
f 1257 496 1258
f 1258 496 498
f 772 773 1259
f 1259 773 775
f 1259 775 1260
f 1260 775 777
f 1260 777 1261
f 1261 777 779
f 1261 779 1262
f 1262 779 781
f 1262 781 1263
f 1263 781 783
f 1263 783 1264
f 1264 783 785
f 1264 785 1265
f 1265 785 787
f 1265 787 1266
f 1266 787 789
f 1266 789 1267
f 1267 789 791
f 1267 791 1268
f 1268 791 793
f 1268 793 1269
f 1269 793 795
f 1269 795 1270
f 1270 795 797
f 1270 797 1271
f 1271 797 799
f 1271 799 1272
f 1272 799 801
f 1272 801 1273
f 1273 801 803
f 1273 803 1274
f 1274 803 805
f 1274 805 1275
f 1275 805 807
f 1275 807 1276
f 1276 807 809
f 1276 809 1277
f 1277 809 811
f 1277 811 1278
f 1278 811 813
f 1278 813 1279
f 1279 813 815
f 1279 815 1280
f 1280 815 817
f 1280 817 1281
f 1281 817 819
f 1281 819 1282
f 1282 819 821
f 1282 821 1283
f 1283 821 823
f 1283 823 1284
f 1284 823 825
f 1284 825 1285
f 1285 825 827
f 1285 827 1286
f 1286 827 829
f 1286 829 1287
f 1287 829 831
f 1287 831 1288
f 1288 831 833
f 1288 833 1289
f 1289 833 835
f 1289 835 1290
f 1290 835 837
f 1290 837 1291
f 1291 837 839
f 1291 839 1292
f 1292 839 841
f 1292 841 1293
f 1293 841 843
f 1293 843 1294
f 1294 843 845
f 1294 845 1295
f 1295 845 847
f 1295 847 1296
f 1296 847 849
f 1296 849 1297
f 1297 849 851
f 1297 851 1298
f 1298 851 853
f 1298 853 1299
f 1299 853 855
f 1299 855 1300
f 1300 855 857
f 1300 857 1301
f 1301 857 859
f 1301 859 1302
f 1302 859 861
f 1302 861 1303
f 1303 861 863
f 1303 863 1304
f 1304 863 865
f 1304 865 1305
f 1305 865 867
f 1305 867 1306
f 1306 867 869
f 1306 869 1307
f 1307 869 871
f 1307 871 1308
f 1308 871 873
f 1308 873 1309
f 1309 873 875
f 1309 875 1310
f 1310 875 877
f 1310 877 1311
f 1311 877 879
f 1311 879 1312
f 1312 879 881
f 1312 881 1313
f 1313 881 883
f 1313 883 1314
f 1314 883 885
f 1314 885 1315
f 1315 885 887
f 1315 887 1316
f 1316 887 889
f 1316 889 1317
f 1317 889 891
f 1317 891 1318
f 1318 891 893
f 1318 893 1319
f 1319 893 895
f 1319 895 1320
f 1320 895 897
f 1320 897 1321
f 1321 897 899
f 1321 899 1322
f 1322 899 901
f 1322 901 1323
f 1323 901 903
f 1323 903 1324
f 1324 903 905
f 1324 905 1325
f 1325 905 907
f 1325 907 1326
f 1326 907 909
f 1326 909 1327
f 1327 909 911
f 1327 911 693
f 693 911 691
f 771 772 1328
f 1328 772 1259
f 1328 1259 1329
f 1329 1259 1260
f 1329 1260 1330
f 1330 1260 1261
f 1330 1261 1331
f 1331 1261 1262
f 1331 1262 1332
f 1332 1262 1263
f 1332 1263 1333
f 1333 1263 1264
f 1333 1264 1334
f 1334 1264 1265
f 1334 1265 1335
f 1335 1265 1266
f 1335 1266 1336
f 1336 1266 1267
f 1336 1267 1337
f 1337 1267 1268
f 1337 1268 1338
f 1338 1268 1269
f 1338 1269 1339
f 1339 1269 1270
f 1339 1270 1340
f 1340 1270 1271
f 1340 1271 1341
f 1341 1271 1272
f 1341 1272 1342
f 1342 1272 1273
f 1342 1273 1343
f 1343 1273 1274
f 1343 1274 1344
f 1344 1274 1275
f 1344 1275 1345
f 1345 1275 1276
f 1345 1276 1346
f 1346 1276 1277
f 1346 1277 1347
f 1347 1277 1278
f 1347 1278 1348
f 1348 1278 1279
f 1348 1279 1349
f 1349 1279 1280
f 1349 1280 1350
f 1350 1280 1281
f 1350 1281 1351
f 1351 1281 1282
f 1351 1282 1352
f 1352 1282 1283
f 1352 1283 1353
f 1353 1283 1284
f 1353 1284 1354
f 1354 1284 1285
f 1354 1285 1355
f 1355 1285 1286
f 1355 1286 1356
f 1356 1286 1287
f 1356 1287 1357
f 1357 1287 1288
f 1357 1288 1358
f 1358 1288 1289
f 1358 1289 1359
f 1359 1289 1290
f 1359 1290 1360
f 1360 1290 1291
f 1360 1291 1361
f 1361 1291 1292
f 1361 1292 1362
f 1362 1292 1293
f 1362 1293 1363
f 1363 1293 1294
f 1363 1294 1364
f 1364 1294 1295
f 1364 1295 1365
f 1365 1295 1296
f 1365 1296 1366
f 1366 1296 1297
f 1366 1297 1367
f 1367 1297 1298
f 1367 1298 1368
f 1368 1298 1299
f 1368 1299 1369
f 1369 1299 1300
f 1369 1300 1370
f 1370 1300 1301
f 1370 1301 1371
f 1371 1301 1302
f 1371 1302 1372
f 1372 1302 1303
f 1372 1303 1373
f 1373 1303 1304
f 1373 1304 1374
f 1374 1304 1305
f 1374 1305 1375
f 1375 1305 1306
f 1375 1306 1376
f 1376 1306 1307
f 1376 1307 1377
f 1377 1307 1308
f 1377 1308 1378
f 1378 1308 1309
f 1378 1309 1379
f 1379 1309 1310
f 1379 1310 1380
f 1380 1310 1311
f 1380 1311 1381
f 1381 1311 1312
f 1381 1312 1382
f 1382 1312 1313
f 1382 1313 1383
f 1383 1313 1314
f 1383 1314 1384
f 1384 1314 1315
f 1384 1315 1385
f 1385 1315 1316
f 1385 1316 1386
f 1386 1316 1317
f 1386 1317 1387
f 1387 1317 1318
f 1387 1318 1388
f 1388 1318 1319
f 1388 1319 1389
f 1389 1319 1320
f 1389 1320 1390
f 1390 1320 1321
f 1390 1321 1391
f 1391 1321 1322
f 1391 1322 1392
f 1392 1322 1323
f 1392 1323 1393
f 1393 1323 1324
f 1393 1324 1394
f 1394 1324 1325
f 1394 1325 1395
f 1395 1325 1326
f 1395 1326 1396
f 1396 1326 1327
f 1396 1327 695
f 695 1327 693
f 701 700 770
f 770 771 1397
f 1397 771 1328
f 1397 1328 1398
f 1398 1328 1329
f 1398 1329 1399
f 1399 1329 1330
f 1399 1330 1400
f 1400 1330 1331
f 1400 1331 1401
f 1401 1331 1332
f 1401 1332 1402
f 1402 1332 1333
f 1402 1333 1403
f 1403 1333 1334
f 1403 1334 1404
f 1404 1334 1335
f 1404 1335 1405
f 1405 1335 1336
f 1405 1336 1406
f 1406 1336 1337
f 1406 1337 1407
f 1407 1337 1338
f 1407 1338 1408
f 1408 1338 1339
f 1408 1339 1409
f 1409 1339 1340
f 1409 1340 1410
f 1410 1340 1341
f 1410 1341 1411
f 1411 1341 1342
f 1411 1342 1412
f 1412 1342 1343
f 1412 1343 1413
f 1413 1343 1344
f 1413 1344 1414
f 1414 1344 1345
f 1414 1345 1415
f 1415 1345 1346
f 1415 1346 1416
f 1416 1346 1347
f 1416 1347 1417
f 1417 1347 1348
f 1417 1348 1418
f 1418 1348 1349
f 1418 1349 1419
f 1419 1349 1350
f 1419 1350 1420
f 1420 1350 1351
f 1420 1351 1421
f 1421 1351 1352
f 1421 1352 1422
f 1422 1352 1353
f 1422 1353 1423
f 1423 1353 1354
f 1423 1354 1424
f 1424 1354 1355
f 1424 1355 1425
f 1425 1355 1356
f 1425 1356 1426
f 1426 1356 1357
f 1426 1357 1427
f 1427 1357 1358
f 1427 1358 1428
f 1428 1358 1359
f 1428 1359 1429
f 1429 1359 1360
f 1429 1360 1430
f 1430 1360 1361
f 1430 1361 1431
f 1431 1361 1362
f 1431 1362 1432
f 1432 1362 1363
f 1432 1363 1433
f 1433 1363 1364
f 1433 1364 1434
f 1434 1364 1365
f 1434 1365 1435
f 1435 1365 1366
f 1435 1366 1436
f 1436 1366 1367
f 1436 1367 1437
f 1437 1367 1368
f 1437 1368 1438
f 1438 1368 1369
f 1438 1369 1439
f 1439 1369 1370
f 1439 1370 1440
f 1440 1370 1371
f 1440 1371 1441
f 1441 1371 1372
f 1441 1372 1442
f 1442 1372 1373
f 1442 1373 1443
f 1443 1373 1374
f 1443 1374 1444
f 1444 1374 1375
f 1444 1375 1445
f 1445 1375 1376
f 1445 1376 1446
f 1446 1376 1377
f 1446 1377 1447
f 1447 1377 1378
f 1447 1378 1448
f 1448 1378 1379
f 1448 1379 1449
f 1449 1379 1380
f 1449 1380 1450
f 1450 1380 1381
f 1450 1381 1451
f 1451 1381 1382
f 1451 1382 1452
f 1452 1382 1383
f 1452 1383 1453
f 1453 1383 1384
f 1453 1384 1454
f 1454 1384 1385
f 1454 1385 1455
f 1455 1385 1386
f 1455 1386 1456
f 1456 1386 1387
f 1456 1387 1457
f 1457 1387 1388
f 1457 1388 1458
f 1458 1388 1389
f 1458 1389 1459
f 1459 1389 1390
f 1459 1390 1460
f 1460 1390 1391
f 1460 1391 1461
f 1461 1391 1392
f 1461 1392 1462
f 1462 1392 1393
f 1462 1393 1463
f 1463 1393 1394
f 1463 1394 1464
f 1464 1394 1395
f 1464 1395 1465
f 1465 1395 1396
f 1465 1396 697
f 697 1396 695
f 1258 498 500
f 1258 500 502
f 987 986 1060
f 1058 1064 1059
f 1059 1064 1060
f 1064 987 1060
f 702 701 1397
f 1397 701 770
f 702 1397 1398
f 1257 1258 502
f 1257 502 504
f 989 988 1063
f 1063 1062 1466
f 1466 1062 1061
f 1466 1061 1467
f 1467 1061 1065
f 1467 1065 1468
f 1468 1065 1066
f 1468 1066 1068
f 702 1398 703
f 703 1398 1399
f 703 1399 704
f 704 1399 1400
f 704 1400 705
f 705 1400 1401
f 705 1401 706
f 706 1401 1402
f 706 1402 707
f 707 1402 1403
f 707 1403 708
f 708 1403 1404
f 708 1404 709
f 709 1404 1405
f 709 1405 710
f 710 1405 1406
f 710 1406 711
f 711 1406 1407
f 711 1407 712
f 712 1407 1408
f 712 1408 713
f 713 1408 1409
f 713 1409 714
f 714 1409 1410
f 714 1410 715
f 715 1410 1411
f 715 1411 716
f 716 1411 1412
f 716 1412 717
f 717 1412 1413
f 717 1413 718
f 718 1413 1414
f 718 1414 719
f 719 1414 1415
f 719 1415 720
f 720 1415 1416
f 720 1416 721
f 721 1416 1417
f 721 1417 722
f 722 1417 1418
f 722 1418 723
f 723 1418 1419
f 723 1419 724
f 724 1419 1420
f 724 1420 725
f 725 1420 1421
f 725 1421 726
f 726 1421 1422
f 726 1422 727
f 727 1422 1423
f 727 1423 728
f 728 1423 1424
f 728 1424 729
f 729 1424 1425
f 729 1425 730
f 730 1425 1426
f 730 1426 731
f 731 1426 1427
f 731 1427 732
f 732 1427 1428
f 732 1428 733
f 733 1428 1429
f 733 1429 734
f 734 1429 1430
f 734 1430 735
f 735 1430 1431
f 735 1431 736
f 736 1431 1432
f 736 1432 737
f 737 1432 1433
f 737 1433 738
f 738 1433 1434
f 738 1434 739
f 739 1434 1435
f 739 1435 740
f 740 1435 1436
f 740 1436 741
f 741 1436 1437
f 741 1437 742
f 742 1437 1438
f 742 1438 743
f 743 1438 1439
f 743 1439 744
f 744 1439 1440
f 744 1440 745
f 745 1440 1441
f 745 1441 746
f 746 1441 1442
f 746 1442 747
f 747 1442 1443
f 747 1443 748
f 748 1443 1444
f 748 1444 749
f 749 1444 1445
f 749 1445 750
f 750 1445 1446
f 750 1446 751
f 751 1446 1447
f 751 1447 752
f 752 1447 1448
f 752 1448 753
f 753 1448 1449
f 753 1449 754
f 754 1449 1450
f 754 1450 755
f 755 1450 1451
f 755 1451 756
f 756 1451 1452
f 756 1452 757
f 757 1452 1453
f 757 1453 758
f 758 1453 1454
f 758 1454 759
f 759 1454 1455
f 759 1455 760
f 760 1455 1456
f 760 1456 761
f 761 1456 1457
f 761 1457 762
f 762 1457 1458
f 762 1458 763
f 763 1458 1459
f 763 1459 764
f 764 1459 1460
f 764 1460 765
f 765 1460 1461
f 765 1461 766
f 766 1461 1462
f 766 1462 767
f 767 1462 1463
f 767 1463 768
f 768 1463 1464
f 768 1464 769
f 769 1464 1465
f 769 1465 699
f 699 1465 697
f 1257 504 1256
f 1256 504 506
f 1256 506 1255
f 1255 506 508
f 1255 508 1254
f 1254 508 510
f 1254 510 1253
f 1253 510 512
f 1253 512 1252
f 1252 512 514
f 1252 514 1251
f 1251 514 516
f 1251 516 1250
f 1250 516 518
f 1250 518 1249
f 1249 518 520
f 1249 520 1248
f 1248 520 522
f 1248 522 1247
f 1247 522 524
f 1247 524 1246
f 1246 524 526
f 1246 526 1245
f 1245 526 528
f 1245 528 1244
f 1244 528 530
f 1244 530 1243
f 1243 530 532
f 1243 532 1242
f 1242 532 534
f 1242 534 1241
f 1241 534 536
f 1241 536 1240
f 1240 536 538
f 1240 538 1239
f 1239 538 540
f 1239 540 1238
f 1238 540 542
f 1238 542 1237
f 1237 542 544
f 1237 544 1236
f 1236 544 546
f 1236 546 1235
f 1235 546 548
f 1235 548 1234
f 1234 548 550
f 1234 550 1233
f 1233 550 552
f 1233 552 1232
f 1232 552 554
f 1232 554 1231
f 1231 554 556
f 1231 556 1230
f 1230 556 558
f 1230 558 1229
f 1229 558 560
f 1229 560 1228
f 1228 560 562
f 1228 562 1227
f 1227 562 564
f 1227 564 1226
f 1226 564 566
f 1226 566 1225
f 1225 566 568
f 1225 568 1224
f 1224 568 570
f 1224 570 1223
f 1223 570 572
f 1223 572 1222
f 1222 572 574
f 1222 574 1221
f 1221 574 576
f 1221 576 1220
f 1220 576 578
f 1220 578 1219
f 1219 578 580
f 1219 580 1218
f 1218 580 582
f 1218 582 1217
f 1217 582 584
f 1217 584 1216
f 1216 584 586
f 1216 586 1215
f 1215 586 588
f 1215 588 1214
f 1214 588 590
f 1214 590 1213
f 1213 590 592
f 1213 592 1212
f 1212 592 594
f 1212 594 1211
f 1211 594 596
f 1211 596 1210
f 1210 596 598
f 1210 598 1209
f 1209 598 600
f 1209 600 1208
f 1208 600 602
f 1208 602 1207
f 1207 602 604
f 1207 604 1206
f 1206 604 606
f 1206 606 1205
f 1205 606 608
f 1205 608 1204
f 1204 608 610
f 1204 610 1203
f 1203 610 612
f 1203 612 1202
f 1202 612 614
f 1202 614 1201
f 1201 614 616
f 1201 616 1200
f 1200 616 618
f 1200 618 1199
f 1199 618 620
f 1199 620 1198
f 1198 620 622
f 1198 622 1197
f 1197 622 624
f 1197 624 1196
f 1196 624 626
f 1196 626 1195
f 1195 626 628
f 1195 628 1194
f 1194 628 630
f 1194 630 1193
f 1193 630 632
f 1193 632 1192
f 1192 632 634
f 1192 634 1191
f 1191 634 636
f 1191 636 1190
f 1190 636 638
f 1190 638 1189
f 1189 638 640
f 1189 640 1188
f 1188 640 642
f 1188 642 1187
f 1187 642 644
f 1187 644 1186
f 1186 644 646
f 1186 646 1185
f 1185 646 648
f 1185 648 1184
f 1184 648 650
f 1184 650 1183
f 1183 650 652
f 1183 652 1182
f 1182 652 654
f 1182 654 1181
f 1181 654 656
f 1467 990 1466
f 1466 990 989
f 1466 989 1063
f 990 1467 991
f 991 1467 1468
f 991 1468 992
f 992 1468 1068
f 992 1068 993
f 1070 1072 1071
f 1071 1072 1469
f 1071 1469 995
f 995 1469 996
f 1072 1073 1469
f 1469 1073 1075
f 1469 1075 996
f 996 1075 997
f 1080 1470 1079
f 1079 1470 1078
f 1079 1078 1077
f 1000 999 1470
f 1470 999 1078
f 1470 1080 1471
f 1471 1080 1081
f 1471 1081 1083
f 1083 1001 1471
f 1471 1001 1000
f 1471 1000 1470
f 1001 1083 1002
f 1085 1087 1086
f 1086 1087 1472
f 1086 1472 1004
f 1004 1472 1005
f 1087 1088 1472
f 1472 1088 1090
f 1472 1090 1005
f 1005 1090 1006
f 1095 1473 1094
f 1094 1473 1093
f 1094 1093 1092
f 1009 1008 1473
f 1473 1008 1093
f 1009 1473 1097
f 1097 1473 1095
f 1009 1097 1010
f 1101 1103 1102
f 1102 1103 1474
f 1102 1474 1013
f 1013 1474 1014
f 1232 496 1233
f 1104 1106 1474
f 1474 1106 1014
f 1014 1106 1015
f 1103 1104 1474
f 1111 1475 1110
f 1110 1475 1109
f 1110 1109 1108
f 1018 1017 1475
f 1475 1017 1109
f 1475 1111 1476
f 1476 1111 1112
f 1476 1112 1114
f 1114 1019 1476
f 1476 1019 1018
f 1476 1018 1475
f 1019 1114 1020
f 1119 1477 1118
f 1118 1477 1117
f 1118 1117 1116
f 1023 1022 1477
f 1477 1022 1117
f 1477 1119 1478
f 1478 1119 1120
f 1478 1120 1122
f 1122 1024 1478
f 1478 1024 1023
f 1478 1023 1477
f 1024 1122 1025
f 1127 1479 1126
f 1126 1479 1125
f 1126 1125 1124
f 1028 1027 1479
f 1479 1027 1125
f 1479 1127 1480
f 1480 1127 1128
f 1480 1128 1130
f 1130 1029 1480
f 1480 1029 1028
f 1480 1028 1479
f 1029 1130 1030
f 1135 1481 1134
f 1134 1481 1133
f 1134 1133 1132
f 1033 1032 1481
f 1481 1032 1133
f 1481 1135 1482
f 1482 1135 1136
f 1482 1136 1138
f 1034 1033 1482
f 1482 1033 1481
f 1034 1482 1138
f 1034 1138 1035
f 1142 1144 1143
f 1143 1144 1483
f 1143 1483 1038
f 1038 1483 1039
f 496 1207 1206
f 1144 1145 1483
f 1483 1145 1147
f 1483 1147 1039
f 1039 1147 1040
f 1151 1153 1152
f 1152 1153 1484
f 1152 1484 1043
f 1043 1484 1044
f 1153 1154 1484
f 1484 1154 1156
f 1484 1156 1044
f 1044 1156 1045
f 1160 1162 1161
f 1161 1162 1485
f 1161 1485 1048
f 1048 1485 1049
f 1162 1163 1485
f 1485 1163 1486
f 1485 1486 1049
f 1049 1486 1050
f 1164 1166 1486
f 1486 1166 1050
f 1050 1166 1051
f 1163 1164 1486
f 1171 1487 1170
f 1170 1487 1169
f 1170 1169 1168
f 1054 1053 1487
f 1487 1053 1169
f 1487 1171 1488
f 1488 1171 1172
f 1488 1172 683
f 683 685 1488
f 1488 685 1054
f 1488 1054 1487
f 682 680 1489
f 1489 680 679
f 1489 679 1490
f 1490 679 678
f 1490 678 676
f 684 682 1491
f 1491 682 1489
f 1491 1489 1492
f 1492 1489 1490
f 1492 1490 1493
f 1493 1490 676
f 1493 676 674
f 686 684 1494
f 1494 684 1491
f 1494 1491 1495
f 1495 1491 1492
f 1495 1492 1496
f 1496 1492 1493
f 1496 1493 1497
f 1497 1493 674
f 1497 674 672
f 688 686 1498
f 1498 686 1494
f 1498 1494 1499
f 1499 1494 1495
f 1499 1495 1500
f 1500 1495 1496
f 1500 1496 1501
f 1501 1496 1497
f 1501 1497 1502
f 1502 1497 672
f 1502 672 670
f 690 688 1503
f 1503 688 1498
f 1503 1498 1504
f 1504 1498 1499
f 1504 1499 1505
f 1505 1499 1500
f 1505 1500 1506
f 1506 1500 1501
f 1506 1501 1507
f 1507 1501 1502
f 1507 1502 1508
f 1508 1502 670
f 1508 670 668
f 692 690 1509
f 1509 690 1503
f 1509 1503 1510
f 1510 1503 1504
f 1510 1504 1511
f 1511 1504 1505
f 1511 1505 1512
f 1512 1505 1506
f 1512 1506 1513
f 1513 1506 1507
f 1513 1507 1514
f 1514 1507 1508
f 1514 1508 666
f 666 1508 668
f 694 692 1515
f 1515 692 1509
f 1515 1509 1516
f 1516 1509 1510
f 1516 1510 1517
f 1517 1510 1511
f 1517 1511 1518
f 1518 1511 1512
f 1518 1512 1519
f 1519 1512 1513
f 1519 1513 1520
f 1520 1513 1514
f 1520 1514 664
f 664 1514 666
f 696 694 1521
f 1521 694 1515
f 1521 1515 1522
f 1522 1515 1516
f 1522 1516 1523
f 1523 1516 1517
f 1523 1517 1524
f 1524 1517 1518
f 1524 1518 1525
f 1525 1518 1519
f 1525 1519 1526
f 1526 1519 1520
f 1526 1520 662
f 662 1520 664
f 645 643 698
f 698 696 1527
f 1527 696 1521
f 1527 1521 1528
f 1528 1521 1522
f 1528 1522 1529
f 1529 1522 1523
f 1529 1523 1530
f 1530 1523 1524
f 1530 1524 1531
f 1531 1524 1525
f 1531 1525 1532
f 1532 1525 1526
f 1532 1526 659
f 659 1526 662
f 1528 647 1527
f 1527 647 645
f 1527 645 698
f 647 1528 649
f 649 1528 1529
f 649 1529 651
f 651 1529 1530
f 651 1530 653
f 653 1530 1531
f 653 1531 655
f 655 1531 1532
f 655 1532 657
f 657 1532 659
f 677 1173 675
f 675 1173 1533
f 675 1533 673
f 673 1533 1534
f 673 1534 671
f 671 1534 1179
f 671 1179 669
f 1173 1174 1533
f 1533 1174 1176
f 1533 1176 1534
f 1534 1176 1178
f 1534 1178 1179
f 1535 1536 1537
f 1537 1536 1538
f 1537 1538 1539
f 1539 1538 1540
f 1539 1540 1541
f 1541 1540 1542
f 1541 1542 1543
f 1543 1542 1544
f 1543 1544 1545
f 1545 1544 1546
f 1545 1546 1547
f 1547 1546 1548
f 1547 1548 1549
f 1549 1548 1550
f 1549 1550 1551
f 1551 1550 1552
f 1551 1552 1553
f 1553 1552 1554
f 1553 1554 1555
f 1555 1554 1556
f 1555 1556 1557
f 1557 1556 1558
f 1557 1558 1559
f 1559 1558 1560
f 1559 1560 1561
f 1561 1560 1562
f 1561 1562 1563
f 1563 1562 1564
f 1563 1564 1565
f 1565 1564 1566
f 1565 1566 1567
f 1567 1566 1568
f 1567 1568 1569
f 1569 1568 1570
f 1569 1570 1571
f 1571 1570 1572
f 1572 1570 1573
f 1572 1573 1574
f 1574 1573 1575
f 1574 1575 1576
f 1576 1575 1577
f 1576 1577 1578
f 1578 1577 1579
f 1578 1579 1580
f 1580 1579 1581
f 1580 1581 1582
f 1582 1581 1583
f 1582 1583 1584
f 1584 1583 1585
f 1584 1585 1586
f 1586 1585 1587
f 1586 1587 1588
f 1588 1587 1589
f 1588 1589 1590
f 1590 1589 1591
f 1590 1591 1592
f 1592 1591 1593
f 1592 1593 1594
f 1594 1593 1595
f 1594 1595 1596
f 1596 1595 1597
f 1596 1597 1598
f 1598 1597 1599
f 1598 1599 1600
f 1600 1599 1601
f 1600 1601 1535
f 1535 1601 1536
f 1602 1603 1604
f 1604 1603 1605
f 1605 1603 1606
f 1606 1603 1607
f 1607 1603 1608
f 1608 1603 1609
f 1609 1603 1610
f 1610 1603 1611
f 1611 1603 1612
f 1612 1603 1613
f 1613 1603 1614
f 1615 1603 1616
f 1616 1603 1617
f 1617 1603 1618
f 1618 1603 1619
f 1619 1603 1620
f 1620 1603 1621
f 1621 1603 1622
f 1622 1603 1623
f 1623 1603 1624
f 1624 1603 1625
f 1626 1603 1627
f 1627 1603 1628
f 1628 1603 1629
f 1629 1603 1630
f 1630 1603 1631
f 1631 1603 1632
f 1632 1603 1633
f 1633 1603 1634
f 1634 1603 1635
f 1635 1603 1602
f 1570 1636 1573
f 1573 1636 1637
f 1573 1637 1575
f 1575 1637 1638
f 1575 1638 1577
f 1577 1638 1639
f 1577 1639 1579
f 1579 1639 1640
f 1579 1640 1581
f 1581 1640 1641
f 1581 1641 1583
f 1583 1641 1642
f 1583 1642 1585
f 1585 1642 1643
f 1585 1643 1587
f 1587 1643 1644
f 1587 1644 1589
f 1589 1644 1645
f 1589 1645 1591
f 1591 1645 1646
f 1591 1646 1593
f 1593 1646 1647
f 1593 1647 1595
f 1595 1647 1648
f 1595 1648 1597
f 1597 1648 1649
f 1597 1649 1599
f 1599 1649 1650
f 1599 1650 1601
f 1601 1650 1651
f 1601 1651 1536
f 1536 1651 1652
f 1536 1652 1538
f 1538 1652 1653
f 1538 1653 1540
f 1540 1653 1654
f 1540 1654 1542
f 1542 1654 1655
f 1542 1655 1544
f 1544 1655 1656
f 1544 1656 1546
f 1546 1656 1657
f 1546 1657 1548
f 1548 1657 1658
f 1548 1658 1550
f 1550 1658 1659
f 1550 1659 1552
f 1552 1659 1660
f 1552 1660 1554
f 1554 1660 1661
f 1554 1661 1556
f 1556 1661 1662
f 1556 1662 1558
f 1558 1662 1663
f 1558 1663 1560
f 1560 1663 1664
f 1560 1664 1562
f 1562 1664 1665
f 1562 1665 1564
f 1564 1665 1666
f 1564 1666 1566
f 1566 1666 1667
f 1566 1667 1568
f 1568 1667 1668
f 1568 1668 1570
f 1570 1668 1636
f 1636 1669 1637
f 1637 1669 1670
f 1637 1670 1638
f 1638 1670 1671
f 1638 1671 1639
f 1639 1671 1672
f 1639 1672 1640
f 1640 1672 1673
f 1640 1673 1641
f 1641 1673 1674
f 1641 1674 1642
f 1642 1674 1675
f 1642 1675 1643
f 1643 1675 1676
f 1643 1676 1644
f 1644 1676 1677
f 1644 1677 1645
f 1645 1677 1678
f 1645 1678 1646
f 1646 1678 1679
f 1646 1679 1647
f 1647 1679 1680
f 1647 1680 1648
f 1648 1680 1681
f 1648 1681 1649
f 1649 1681 1682
f 1649 1682 1650
f 1650 1682 1683
f 1650 1683 1651
f 1651 1683 1684
f 1651 1684 1652
f 1652 1684 1685
f 1652 1685 1653
f 1653 1685 1686
f 1653 1686 1654
f 1654 1686 1687
f 1654 1687 1655
f 1655 1687 1688
f 1655 1688 1656
f 1656 1688 1689
f 1656 1689 1657
f 1657 1689 1690
f 1657 1690 1658
f 1658 1690 1691
f 1658 1691 1659
f 1659 1691 1692
f 1659 1692 1660
f 1660 1692 1693
f 1660 1693 1661
f 1661 1693 1694
f 1661 1694 1662
f 1662 1694 1695
f 1662 1695 1663
f 1663 1695 1696
f 1663 1696 1664
f 1664 1696 1697
f 1664 1697 1665
f 1665 1697 1698
f 1665 1698 1666
f 1666 1698 1699
f 1666 1699 1667
f 1667 1699 1700
f 1667 1700 1668
f 1668 1700 1701
f 1668 1701 1636
f 1636 1701 1669
f 1669 1702 1670
f 1670 1702 1703
f 1670 1703 1671
f 1671 1703 1704
f 1671 1704 1672
f 1672 1704 1705
f 1672 1705 1673
f 1673 1705 1706
f 1673 1706 1674
f 1674 1706 1707
f 1674 1707 1675
f 1675 1707 1708
f 1675 1708 1676
f 1676 1708 1709
f 1676 1709 1677
f 1677 1709 1710
f 1677 1710 1678
f 1678 1710 1711
f 1678 1711 1679
f 1679 1711 1712
f 1679 1712 1680
f 1680 1712 1713
f 1680 1713 1681
f 1681 1713 1714
f 1681 1714 1682
f 1682 1714 1715
f 1682 1715 1683
f 1683 1715 1716
f 1683 1716 1684
f 1684 1716 1717
f 1684 1717 1685
f 1685 1717 1718
f 1685 1718 1686
f 1686 1718 1719
f 1686 1719 1687
f 1687 1719 1720
f 1687 1720 1688
f 1688 1720 1721
f 1688 1721 1689
f 1689 1721 1722
f 1689 1722 1690
f 1690 1722 1723
f 1690 1723 1691
f 1691 1723 1724
f 1691 1724 1692
f 1692 1724 1725
f 1692 1725 1693
f 1693 1725 1726
f 1693 1726 1694
f 1694 1726 1727
f 1694 1727 1695
f 1695 1727 1728
f 1695 1728 1696
f 1696 1728 1729
f 1696 1729 1697
f 1697 1729 1730
f 1697 1730 1698
f 1698 1730 1731
f 1698 1731 1699
f 1699 1731 1732
f 1699 1732 1700
f 1700 1732 1733
f 1700 1733 1701
f 1701 1733 1734
f 1701 1734 1669
f 1669 1734 1702
f 1702 1735 1703
f 1703 1735 1736
f 1703 1736 1704
f 1704 1736 1737
f 1704 1737 1705
f 1705 1737 1738
f 1705 1738 1706
f 1706 1738 1739
f 1706 1739 1707
f 1707 1739 1740
f 1707 1740 1708
f 1708 1740 1741
f 1708 1741 1709
f 1709 1741 1742
f 1709 1742 1710
f 1710 1742 1743
f 1710 1743 1711
f 1711 1743 1744
f 1711 1744 1712
f 1712 1744 1745
f 1712 1745 1713
f 1713 1745 1746
f 1713 1746 1714
f 1714 1746 1747
f 1714 1747 1715
f 1715 1747 1748
f 1715 1748 1716
f 1716 1748 1749
f 1716 1749 1717
f 1717 1749 1750
f 1717 1750 1718
f 1718 1750 1751
f 1718 1751 1719
f 1719 1751 1752
f 1719 1752 1720
f 1720 1752 1753
f 1720 1753 1721
f 1721 1753 1754
f 1721 1754 1722
f 1722 1754 1755
f 1722 1755 1723
f 1723 1755 1756
f 1723 1756 1724
f 1724 1756 1757
f 1724 1757 1725
f 1725 1757 1758
f 1725 1758 1726
f 1726 1758 1759
f 1726 1759 1727
f 1727 1759 1760
f 1727 1760 1728
f 1728 1760 1761
f 1728 1761 1729
f 1729 1761 1762
f 1729 1762 1730
f 1730 1762 1763
f 1730 1763 1731
f 1731 1763 1764
f 1731 1764 1732
f 1732 1764 1765
f 1732 1765 1733
f 1733 1765 1766
f 1733 1766 1734
f 1734 1766 1767
f 1734 1767 1702
f 1702 1767 1735
f 1735 1768 1736
f 1736 1768 1769
f 1736 1769 1737
f 1737 1769 1770
f 1737 1770 1738
f 1738 1770 1771
f 1738 1771 1739
f 1739 1771 1772
f 1739 1772 1740
f 1740 1772 1773
f 1740 1773 1741
f 1741 1773 1774
f 1741 1774 1742
f 1742 1774 1775
f 1742 1775 1743
f 1743 1775 1776
f 1743 1776 1744
f 1744 1776 1777
f 1744 1777 1745
f 1745 1777 1778
f 1745 1778 1746
f 1746 1778 1779
f 1746 1779 1747
f 1747 1779 1780
f 1747 1780 1748
f 1748 1780 1781
f 1748 1781 1749
f 1749 1781 1782
f 1749 1782 1750
f 1750 1782 1783
f 1750 1783 1751
f 1751 1783 1784
f 1751 1784 1752
f 1752 1784 1785
f 1752 1785 1753
f 1753 1785 1786
f 1753 1786 1754
f 1754 1786 1787
f 1754 1787 1755
f 1755 1787 1788
f 1755 1788 1756
f 1756 1788 1789
f 1756 1789 1757
f 1757 1789 1790
f 1757 1790 1758
f 1758 1790 1791
f 1758 1791 1759
f 1759 1791 1792
f 1759 1792 1760
f 1760 1792 1793
f 1760 1793 1761
f 1761 1793 1794
f 1761 1794 1762
f 1762 1794 1795
f 1762 1795 1763
f 1763 1795 1796
f 1763 1796 1764
f 1764 1796 1797
f 1764 1797 1765
f 1765 1797 1798
f 1765 1798 1766
f 1766 1798 1799
f 1766 1799 1767
f 1767 1799 1800
f 1767 1800 1735
f 1735 1800 1768
f 1768 1801 1769
f 1769 1801 1802
f 1769 1802 1770
f 1770 1802 1803
f 1770 1803 1771
f 1771 1803 1804
f 1771 1804 1772
f 1772 1804 1805
f 1772 1805 1773
f 1773 1805 1806
f 1773 1806 1774
f 1774 1806 1807
f 1774 1807 1775
f 1775 1807 1808
f 1775 1808 1776
f 1776 1808 1809
f 1776 1809 1777
f 1777 1809 1810
f 1777 1810 1778
f 1778 1810 1811
f 1778 1811 1779
f 1779 1811 1812
f 1779 1812 1780
f 1780 1812 1813
f 1780 1813 1781
f 1781 1813 1814
f 1781 1814 1782
f 1782 1814 1815
f 1782 1815 1783
f 1783 1815 1816
f 1783 1816 1784
f 1784 1816 1817
f 1784 1817 1785
f 1785 1817 1818
f 1785 1818 1786
f 1786 1818 1819
f 1786 1819 1787
f 1787 1819 1820
f 1787 1820 1788
f 1788 1820 1821
f 1788 1821 1789
f 1789 1821 1822
f 1789 1822 1790
f 1790 1822 1823
f 1790 1823 1791
f 1791 1823 1824
f 1791 1824 1792
f 1792 1824 1825
f 1792 1825 1793
f 1793 1825 1826
f 1793 1826 1794
f 1794 1826 1827
f 1794 1827 1795
f 1795 1827 1828
f 1795 1828 1796
f 1796 1828 1829
f 1796 1829 1797
f 1797 1829 1830
f 1797 1830 1798
f 1798 1830 1831
f 1798 1831 1799
f 1799 1831 1832
f 1799 1832 1800
f 1800 1832 1833
f 1800 1833 1768
f 1768 1833 1801
f 1801 1602 1802
f 1802 1602 1604
f 1802 1604 1803
f 1803 1604 1605
f 1803 1605 1804
f 1804 1605 1606
f 1804 1606 1805
f 1805 1606 1607
f 1805 1607 1806
f 1806 1607 1608
f 1806 1608 1807
f 1807 1608 1609
f 1807 1609 1808
f 1808 1609 1610
f 1808 1610 1809
f 1809 1610 1611
f 1809 1611 1810
f 1810 1611 1612
f 1810 1612 1811
f 1811 1612 1613
f 1811 1613 1812
f 1812 1613 1614
f 1812 1614 1813
f 1813 1614 1615
f 1813 1615 1814
f 1814 1615 1616
f 1814 1616 1815
f 1815 1616 1617
f 1815 1617 1816
f 1816 1617 1618
f 1816 1618 1817
f 1817 1618 1619
f 1817 1619 1818
f 1818 1619 1620
f 1818 1620 1819
f 1819 1620 1621
f 1819 1621 1820
f 1820 1621 1622
f 1820 1622 1821
f 1821 1622 1623
f 1821 1623 1822
f 1822 1623 1624
f 1822 1624 1823
f 1823 1624 1625
f 1823 1625 1824
f 1824 1625 1626
f 1824 1626 1825
f 1825 1626 1627
f 1825 1627 1826
f 1826 1627 1628
f 1826 1628 1827
f 1827 1628 1629
f 1827 1629 1828
f 1828 1629 1630
f 1828 1630 1829
f 1829 1630 1631
f 1829 1631 1830
f 1830 1631 1632
f 1830 1632 1831
f 1831 1632 1633
f 1831 1633 1832
f 1832 1633 1634
f 1832 1634 1833
f 1833 1634 1635
f 1833 1635 1801
f 1801 1635 1602
f 1614 1603 1615
f 1625 1603 1626
f 1539 1834 1537
f 1537 1834 1835
f 1537 1835 1836
f 1834 1539 1837
f 1837 1539 1541
f 1837 1541 1838
f 1838 1541 1543
f 1838 1543 1839
f 1839 1543 1545
f 1839 1545 1840
f 1840 1545 1547
f 1840 1547 1841
f 1841 1547 1842
f 1842 1547 1549
f 1842 1549 1843
f 1843 1549 1551
f 1843 1551 1844
f 1844 1551 1553
f 1844 1553 1845
f 1845 1553 1555
f 1845 1555 1846
f 1846 1555 1557
f 1846 1557 1847
f 1847 1557 1848
f 1848 1557 1559
f 1848 1559 1849
f 1849 1559 1561
f 1849 1561 1850
f 1850 1561 1563
f 1850 1563 1851
f 1851 1563 1565
f 1851 1565 1852
f 1852 1565 1567
f 1852 1567 1853
f 1853 1567 1854
f 1854 1567 1569
f 1854 1569 1855
f 1855 1569 1571
f 1855 1571 1856
f 1856 1571 1572
f 1856 1572 1857
f 1857 1572 1574
f 1857 1574 1858
f 1858 1574 1859
f 1859 1574 1576
f 1859 1576 1860
f 1860 1576 1578
f 1860 1578 1861
f 1861 1578 1580
f 1861 1580 1862
f 1862 1580 1582
f 1862 1582 1863
f 1863 1582 1584
f 1863 1584 1864
f 1864 1584 1865
f 1865 1584 1586
f 1865 1586 1866
f 1866 1586 1588
f 1866 1588 1867
f 1867 1588 1590
f 1867 1590 1868
f 1868 1590 1592
f 1868 1592 1869
f 1869 1592 1594
f 1869 1594 1870
f 1870 1594 1871
f 1871 1594 1596
f 1871 1596 1872
f 1872 1596 1598
f 1872 1598 1873
f 1873 1598 1600
f 1873 1600 1874
f 1874 1600 1535
f 1874 1535 1836
f 1836 1535 1537
f 1834 1875 1835
f 1835 1875 1876
f 1835 1876 1836
f 1836 1876 1877
f 1836 1877 1878
f 1834 1837 1875
f 1875 1837 1879
f 1879 1837 1838
f 1879 1838 1880
f 1880 1838 1839
f 1880 1839 1881
f 1881 1839 1840
f 1881 1840 1882
f 1882 1840 1841
f 1882 1841 1883
f 1883 1841 1842
f 1883 1842 1884
f 1884 1842 1843
f 1884 1843 1885
f 1885 1843 1844
f 1885 1844 1886
f 1886 1844 1845
f 1886 1845 1887
f 1887 1845 1846
f 1887 1846 1888
f 1888 1846 1847
f 1888 1847 1889
f 1889 1847 1848
f 1889 1848 1890
f 1890 1848 1849
f 1890 1849 1891
f 1891 1849 1850
f 1891 1850 1892
f 1892 1850 1851
f 1892 1851 1893
f 1893 1851 1852
f 1893 1852 1894
f 1894 1852 1853
f 1894 1853 1895
f 1895 1853 1854
f 1895 1854 1896
f 1896 1854 1855
f 1896 1855 1897
f 1897 1855 1856
f 1897 1856 1898
f 1898 1856 1857
f 1898 1857 1899
f 1899 1857 1858
f 1899 1858 1900
f 1900 1858 1859
f 1900 1859 1901
f 1901 1859 1860
f 1901 1860 1902
f 1902 1860 1861
f 1902 1861 1903
f 1903 1861 1862
f 1903 1862 1904
f 1904 1862 1863
f 1904 1863 1905
f 1905 1863 1864
f 1905 1864 1906
f 1906 1864 1865
f 1906 1865 1907
f 1907 1865 1866
f 1907 1866 1908
f 1908 1866 1867
f 1908 1867 1909
f 1909 1867 1868
f 1909 1868 1910
f 1910 1868 1869
f 1910 1869 1911
f 1911 1869 1870
f 1911 1870 1912
f 1912 1870 1871
f 1912 1871 1913
f 1913 1871 1872
f 1913 1872 1914
f 1914 1872 1873
f 1914 1873 1915
f 1915 1873 1874
f 1915 1874 1878
f 1878 1874 1836
f 1877 1876 1916
f 1916 1876 1875
f 1916 1875 1917
f 1917 1875 1879
f 1917 1879 1918
f 1918 1879 1880
f 1918 1880 1919
f 1919 1880 1881
f 1919 1881 1920
f 1920 1881 1882
f 1920 1882 1921
f 1921 1882 1883
f 1921 1883 1884
f 1921 1884 1922
f 1922 1884 1885
f 1922 1885 1923
f 1923 1885 1886
f 1923 1886 1924
f 1924 1886 1887
f 1924 1887 1925
f 1925 1887 1888
f 1925 1888 1926
f 1926 1888 1889
f 1926 1889 1890
f 1926 1890 1927
f 1927 1890 1891
f 1927 1891 1928
f 1928 1891 1892
f 1928 1892 1929
f 1929 1892 1893
f 1929 1893 1930
f 1930 1893 1894
f 1930 1894 1931
f 1931 1894 1895
f 1931 1895 1896
f 1931 1896 1932
f 1932 1896 1897
f 1932 1897 1933
f 1933 1897 1898
f 1933 1898 1934
f 1934 1898 1899
f 1934 1899 1935
f 1935 1899 1900
f 1935 1900 1901
f 1935 1901 1936
f 1936 1901 1902
f 1936 1902 1937
f 1937 1902 1903
f 1937 1903 1938
f 1938 1903 1904
f 1938 1904 1939
f 1939 1904 1905
f 1939 1905 1940
f 1940 1905 1906
f 1940 1906 1907
f 1940 1907 1941
f 1941 1907 1908
f 1941 1908 1942
f 1942 1908 1909
f 1942 1909 1943
f 1943 1909 1910
f 1943 1910 1944
f 1944 1910 1911
f 1944 1911 1945
f 1945 1911 1912
f 1945 1912 1913
f 1945 1913 1946
f 1946 1913 1914
f 1946 1914 1947
f 1947 1914 1915
f 1947 1915 1948
f 1948 1915 1878
f 1948 1878 1949
f 1949 1878 1877
f 1949 1877 1916
f 1917 1950 1916
f 1916 1950 1951
f 1916 1951 1949
f 1949 1951 1952
f 1949 1952 1948
f 1948 1952 1953
f 1948 1953 1947
f 1947 1953 1954
f 1947 1954 1946
f 1946 1954 1955
f 1946 1955 1945
f 1945 1955 1956
f 1945 1956 1944
f 1944 1956 1957
f 1944 1957 1943
f 1943 1957 1958
f 1943 1958 1942
f 1942 1958 1959
f 1942 1959 1941
f 1941 1959 1960
f 1941 1960 1940
f 1940 1960 1961
f 1940 1961 1939
f 1939 1961 1962
f 1939 1962 1938
f 1938 1962 1963
f 1938 1963 1937
f 1937 1963 1964
f 1937 1964 1936
f 1936 1964 1965
f 1936 1965 1935
f 1935 1965 1966
f 1935 1966 1934
f 1934 1966 1967
f 1934 1967 1933
f 1933 1967 1968
f 1933 1968 1932
f 1932 1968 1969
f 1932 1969 1931
f 1931 1969 1970
f 1931 1970 1930
f 1930 1970 1971
f 1930 1971 1929
f 1929 1971 1972
f 1929 1972 1928
f 1928 1972 1973
f 1928 1973 1927
f 1927 1973 1974
f 1927 1974 1926
f 1926 1974 1975
f 1926 1975 1925
f 1925 1975 1976
f 1925 1976 1924
f 1924 1976 1977
f 1924 1977 1923
f 1923 1977 1978
f 1923 1978 1922
f 1922 1978 1979
f 1922 1979 1921
f 1921 1979 1980
f 1921 1980 1920
f 1920 1980 1981
f 1920 1981 1919
f 1919 1981 1982
f 1919 1982 1918
f 1918 1982 1983
f 1918 1983 1917
f 1917 1983 1950
f 1984 1985 1986
f 1986 1985 1987
f 1987 1985 1988
f 1988 1985 1989
f 1989 1985 1990
f 1990 1985 1991
f 1991 1985 1992
f 1992 1985 1993
f 1993 1985 1994
f 1994 1985 1995
f 1995 1985 1996
f 1996 1985 1997
f 1998 1985 1999
f 1999 1985 2000
f 2000 1985 2001
f 2001 1985 2002
f 2002 1985 2003
f 2003 1985 2004
f 2004 1985 2005
f 2005 1985 2006
f 2006 1985 2007
f 2007 1985 2008
f 2009 1985 2010
f 2010 1985 2011
f 2011 1985 2012
f 2012 1985 2013
f 2013 1985 2014
f 2014 1985 2015
f 2015 1985 2016
f 2016 1985 2017
f 2017 1985 2018
f 2018 1985 1984
f 1968 2019 1969
f 1969 2019 2020
f 1969 2020 1970
f 1970 2020 2021
f 1970 2021 1971
f 1971 2021 2022
f 1971 2022 1972
f 1972 2022 2023
f 1972 2023 1973
f 1973 2023 2024
f 1973 2024 1974
f 1974 2024 2025
f 1974 2025 1975
f 1975 2025 2026
f 1975 2026 1976
f 1976 2026 2027
f 1976 2027 1977
f 1977 2027 2028
f 1977 2028 1978
f 1978 2028 2029
f 1978 2029 1979
f 1979 2029 2030
f 1979 2030 1980
f 1980 2030 2031
f 1980 2031 1981
f 1981 2031 2032
f 1981 2032 1982
f 1982 2032 2033
f 1982 2033 1983
f 1983 2033 2034
f 1983 2034 1950
f 1950 2034 2035
f 1950 2035 1951
f 1951 2035 2036
f 1951 2036 1952
f 1952 2036 2037
f 1952 2037 1953
f 1953 2037 2038
f 1953 2038 1954
f 1954 2038 2039
f 1954 2039 1955
f 1955 2039 2040
f 1955 2040 1956
f 1956 2040 2041
f 1956 2041 1957
f 1957 2041 2042
f 1957 2042 1958
f 1958 2042 2043
f 1958 2043 1959
f 1959 2043 2044
f 1959 2044 1960
f 1960 2044 2045
f 1960 2045 1961
f 1961 2045 2046
f 1961 2046 1962
f 1962 2046 2047
f 1962 2047 1963
f 1963 2047 2048
f 1963 2048 1964
f 1964 2048 2049
f 1964 2049 1965
f 1965 2049 2050
f 1965 2050 1966
f 1966 2050 2051
f 1966 2051 1967
f 1967 2051 2052
f 1967 2052 1968
f 1968 2052 2019
f 2019 2053 2020
f 2020 2053 2054
f 2020 2054 2021
f 2021 2054 2055
f 2021 2055 2022
f 2022 2055 2056
f 2022 2056 2023
f 2023 2056 2057
f 2023 2057 2024
f 2024 2057 2058
f 2024 2058 2025
f 2025 2058 2059
f 2025 2059 2026
f 2026 2059 2060
f 2026 2060 2027
f 2027 2060 2061
f 2027 2061 2028
f 2028 2061 2062
f 2028 2062 2029
f 2029 2062 2063
f 2029 2063 2030
f 2030 2063 2064
f 2030 2064 2031
f 2031 2064 2065
f 2031 2065 2032
f 2032 2065 2066
f 2032 2066 2033
f 2033 2066 2067
f 2033 2067 2034
f 2034 2067 2068
f 2034 2068 2035
f 2035 2068 2069
f 2035 2069 2036
f 2036 2069 2070
f 2036 2070 2037
f 2037 2070 2071
f 2037 2071 2038
f 2038 2071 2072
f 2038 2072 2039
f 2039 2072 2073
f 2039 2073 2040
f 2040 2073 2074
f 2040 2074 2041
f 2041 2074 2075
f 2041 2075 2042
f 2042 2075 2076
f 2042 2076 2043
f 2043 2076 2077
f 2043 2077 2044
f 2044 2077 2078
f 2044 2078 2045
f 2045 2078 2079
f 2045 2079 2046
f 2046 2079 2080
f 2046 2080 2047
f 2047 2080 2081
f 2047 2081 2048
f 2048 2081 2082
f 2048 2082 2049
f 2049 2082 2083
f 2049 2083 2050
f 2050 2083 2084
f 2050 2084 2051
f 2051 2084 2085
f 2051 2085 2052
f 2052 2085 2086
f 2052 2086 2019
f 2019 2086 2053
f 2053 2087 2054
f 2054 2087 2088
f 2054 2088 2055
f 2055 2088 2089
f 2055 2089 2056
f 2056 2089 2090
f 2056 2090 2057
f 2057 2090 2091
f 2057 2091 2058
f 2058 2091 2092
f 2058 2092 2059
f 2059 2092 2093
f 2059 2093 2060
f 2060 2093 2094
f 2060 2094 2061
f 2061 2094 2095
f 2061 2095 2062
f 2062 2095 2096
f 2062 2096 2063
f 2063 2096 2097
f 2063 2097 2064
f 2064 2097 2098
f 2064 2098 2065
f 2065 2098 2099
f 2065 2099 2066
f 2066 2099 2100
f 2066 2100 2067
f 2067 2100 2101
f 2067 2101 2068
f 2068 2101 2102
f 2068 2102 2069
f 2069 2102 2103
f 2069 2103 2070
f 2070 2103 2104
f 2070 2104 2071
f 2071 2104 2105
f 2071 2105 2072
f 2072 2105 2106
f 2072 2106 2073
f 2073 2106 2107
f 2073 2107 2074
f 2074 2107 2108
f 2074 2108 2075
f 2075 2108 2109
f 2075 2109 2076
f 2076 2109 2110
f 2076 2110 2077
f 2077 2110 2111
f 2077 2111 2078
f 2078 2111 2112
f 2078 2112 2079
f 2079 2112 2113
f 2079 2113 2080
f 2080 2113 2114
f 2080 2114 2081
f 2081 2114 2115
f 2081 2115 2082
f 2082 2115 2116
f 2082 2116 2083
f 2083 2116 2117
f 2083 2117 2084
f 2084 2117 2118
f 2084 2118 2085
f 2085 2118 2119
f 2085 2119 2086
f 2086 2119 2120
f 2086 2120 2053
f 2053 2120 2087
f 2087 2121 2088
f 2088 2121 2122
f 2088 2122 2089
f 2089 2122 2123
f 2089 2123 2090
f 2090 2123 2124
f 2090 2124 2091
f 2091 2124 2125
f 2091 2125 2092
f 2092 2125 2126
f 2092 2126 2093
f 2093 2126 2127
f 2093 2127 2094
f 2094 2127 2128
f 2094 2128 2095
f 2095 2128 2129
f 2095 2129 2096
f 2096 2129 2130
f 2096 2130 2097
f 2097 2130 2131
f 2097 2131 2098
f 2098 2131 2132
f 2098 2132 2099
f 2099 2132 2133
f 2099 2133 2100
f 2100 2133 2134
f 2100 2134 2101
f 2101 2134 2135
f 2101 2135 2102
f 2102 2135 2136
f 2102 2136 2103
f 2103 2136 2137
f 2103 2137 2104
f 2104 2137 2138
f 2104 2138 2105
f 2105 2138 2139
f 2105 2139 2106
f 2106 2139 2140
f 2106 2140 2107
f 2107 2140 2141
f 2107 2141 2108
f 2108 2141 2142
f 2108 2142 2109
f 2109 2142 2143
f 2109 2143 2110
f 2110 2143 2144
f 2110 2144 2111
f 2111 2144 2145
f 2111 2145 2112
f 2112 2145 2146
f 2112 2146 2113
f 2113 2146 2147
f 2113 2147 2114
f 2114 2147 2148
f 2114 2148 2115
f 2115 2148 2149
f 2115 2149 2116
f 2116 2149 2150
f 2116 2150 2117
f 2117 2150 2151
f 2117 2151 2118
f 2118 2151 2152
f 2118 2152 2119
f 2119 2152 2153
f 2119 2153 2120
f 2120 2153 2154
f 2120 2154 2087
f 2087 2154 2121
f 2121 2155 2122
f 2122 2155 2156
f 2122 2156 2123
f 2123 2156 2157
f 2123 2157 2124
f 2124 2157 2158
f 2124 2158 2125
f 2125 2158 2159
f 2125 2159 2126
f 2126 2159 2160
f 2126 2160 2127
f 2127 2160 2161
f 2127 2161 2128
f 2128 2161 2162
f 2128 2162 2129
f 2129 2162 2163
f 2129 2163 2130
f 2130 2163 2164
f 2130 2164 2131
f 2131 2164 2165
f 2131 2165 2132
f 2132 2165 2166
f 2132 2166 2133
f 2133 2166 2167
f 2133 2167 2134
f 2134 2167 2168
f 2134 2168 2135
f 2135 2168 2169
f 2135 2169 2136
f 2136 2169 2170
f 2136 2170 2137
f 2137 2170 2171
f 2137 2171 2138
f 2138 2171 2172
f 2138 2172 2139
f 2139 2172 2173
f 2139 2173 2140
f 2140 2173 2174
f 2140 2174 2141
f 2141 2174 2175
f 2141 2175 2142
f 2142 2175 2176
f 2142 2176 2143
f 2143 2176 2177
f 2143 2177 2144
f 2144 2177 2178
f 2144 2178 2145
f 2145 2178 2179
f 2145 2179 2146
f 2146 2179 2180
f 2146 2180 2147
f 2147 2180 2181
f 2147 2181 2148
f 2148 2181 2182
f 2148 2182 2149
f 2149 2182 2183
f 2149 2183 2150
f 2150 2183 2184
f 2150 2184 2151
f 2151 2184 2185
f 2151 2185 2152
f 2152 2185 2186
f 2152 2186 2153
f 2153 2186 2187
f 2153 2187 2154
f 2154 2187 2188
f 2154 2188 2121
f 2121 2188 2155
f 2155 2189 2156
f 2156 2189 2190
f 2156 2190 2157
f 2157 2190 2191
f 2157 2191 2158
f 2158 2191 2192
f 2158 2192 2159
f 2159 2192 2193
f 2159 2193 2160
f 2160 2193 2194
f 2160 2194 2161
f 2161 2194 2195
f 2161 2195 2162
f 2162 2195 2196
f 2162 2196 2163
f 2163 2196 2197
f 2163 2197 2164
f 2164 2197 2198
f 2164 2198 2165
f 2165 2198 2199
f 2165 2199 2166
f 2166 2199 2200
f 2166 2200 2167
f 2167 2200 2201
f 2167 2201 2168
f 2168 2201 2202
f 2168 2202 2169
f 2169 2202 2203
f 2169 2203 2170
f 2170 2203 2204
f 2170 2204 2171
f 2171 2204 2205
f 2171 2205 2172
f 2172 2205 2206
f 2172 2206 2173
f 2173 2206 2207
f 2173 2207 2174
f 2174 2207 2208
f 2174 2208 2175
f 2175 2208 2209
f 2175 2209 2176
f 2176 2209 2210
f 2176 2210 2177
f 2177 2210 2211
f 2177 2211 2178
f 2178 2211 2212
f 2178 2212 2179
f 2179 2212 2213
f 2179 2213 2180
f 2180 2213 2214
f 2180 2214 2181
f 2181 2214 2215
f 2181 2215 2182
f 2182 2215 2216
f 2182 2216 2183
f 2183 2216 2217
f 2183 2217 2184
f 2184 2217 2218
f 2184 2218 2185
f 2185 2218 2219
f 2185 2219 2186
f 2186 2219 2220
f 2186 2220 2187
f 2187 2220 2221
f 2187 2221 2188
f 2188 2221 2222
f 2188 2222 2155
f 2155 2222 2189
f 2189 1984 2190
f 2190 1984 1986
f 2190 1986 2191
f 2191 1986 1987
f 2191 1987 2192
f 2192 1987 1988
f 2192 1988 2193
f 2193 1988 1989
f 2193 1989 2194
f 2194 1989 1990
f 2194 1990 2195
f 2195 1990 1991
f 2195 1991 2196
f 2196 1991 1992
f 2196 1992 2197
f 2197 1992 1993
f 2197 1993 2198
f 2198 1993 1994
f 2198 1994 2199
f 2199 1994 1995
f 2199 1995 2200
f 2200 1995 1996
f 2200 1996 2201
f 2201 1996 1997
f 2201 1997 2202
f 2202 1997 1998
f 2202 1998 2203
f 2203 1998 1999
f 2203 1999 2204
f 2204 1999 2000
f 2204 2000 2205
f 2205 2000 2001
f 2205 2001 2206
f 2206 2001 2002
f 2206 2002 2207
f 2207 2002 2003
f 2207 2003 2208
f 2208 2003 2004
f 2208 2004 2209
f 2209 2004 2005
f 2209 2005 2210
f 2210 2005 2006
f 2210 2006 2211
f 2211 2006 2007
f 2211 2007 2212
f 2212 2007 2008
f 2212 2008 2213
f 2213 2008 2009
f 2213 2009 2214
f 2214 2009 2010
f 2214 2010 2215
f 2215 2010 2011
f 2215 2011 2216
f 2216 2011 2012
f 2216 2012 2217
f 2217 2012 2013
f 2217 2013 2218
f 2218 2013 2014
f 2218 2014 2219
f 2219 2014 2015
f 2219 2015 2220
f 2220 2015 2016
f 2220 2016 2221
f 2221 2016 2017
f 2221 2017 2222
f 2222 2017 2018
f 2222 2018 2189
f 2189 2018 1984
f 1985 1998 1997
f 1985 2009 2008
f 2223 2224 2225
f 2225 2224 2226
f 2225 2226 2227
f 2227 2226 2228
f 2227 2228 2229
f 2229 2228 2230
f 2229 2230 2231
f 2231 2230 2232
f 2231 2232 2233
f 2233 2232 2234
f 2233 2234 2235
f 2235 2234 2236
f 2235 2236 2237
f 2237 2236 2238
f 2237 2238 2239
f 2239 2238 2240
f 2239 2240 2241
f 2241 2240 2242
f 2241 2242 2243
f 2243 2242 2244
f 2243 2244 2245
f 2245 2244 2246
f 2245 2246 2247
f 2247 2246 2248
f 2247 2248 2249
f 2249 2248 2250
f 2249 2250 2251
f 2251 2250 2252
f 2251 2252 2253
f 2253 2252 2254
f 2253 2254 2255
f 2255 2254 2256
f 2255 2256 2257
f 2257 2256 2258
f 2257 2258 2259
f 2259 2258 2260
f 2259 2260 2261
f 2261 2260 2262
f 2261 2262 2263
f 2263 2262 2264
f 2263 2264 2265
f 2265 2264 2266
f 2265 2266 2267
f 2267 2266 2268
f 2267 2268 2269
f 2269 2268 2270
f 2269 2270 2223
f 2223 2270 2224
f 2271 2272 2273
f 2273 2272 2274
f 2274 2272 2275
f 2275 2272 2276
f 2276 2272 2277
f 2277 2272 2278
f 2278 2272 2279
f 2279 2272 2280
f 2281 2272 2282
f 2282 2272 2283
f 2283 2272 2284
f 2284 2272 2285
f 2285 2272 2286
f 2286 2272 2287
f 2287 2272 2288
f 2289 2272 2290
f 2290 2272 2291
f 2291 2272 2292
f 2292 2272 2293
f 2293 2272 2294
f 2294 2272 2295
f 2295 2272 2271
f 2250 2296 2252
f 2252 2296 2297
f 2252 2297 2254
f 2254 2297 2298
f 2254 2298 2256
f 2256 2298 2299
f 2256 2299 2258
f 2258 2299 2300
f 2258 2300 2260
f 2260 2300 2301
f 2260 2301 2262
f 2262 2301 2302
f 2262 2302 2264
f 2264 2302 2303
f 2264 2303 2266
f 2266 2303 2304
f 2266 2304 2268
f 2268 2304 2305
f 2268 2305 2270
f 2270 2305 2306
f 2270 2306 2224
f 2224 2306 2307
f 2224 2307 2226
f 2226 2307 2308
f 2226 2308 2228
f 2228 2308 2309
f 2228 2309 2230
f 2230 2309 2310
f 2230 2310 2232
f 2232 2310 2311
f 2232 2311 2234
f 2234 2311 2312
f 2234 2312 2236
f 2236 2312 2313
f 2236 2313 2238
f 2238 2313 2314
f 2238 2314 2240
f 2240 2314 2315
f 2240 2315 2242
f 2242 2315 2316
f 2242 2316 2244
f 2244 2316 2317
f 2244 2317 2246
f 2246 2317 2318
f 2246 2318 2248
f 2248 2318 2319
f 2248 2319 2250
f 2250 2319 2296
f 2296 2320 2297
f 2297 2320 2321
f 2297 2321 2298
f 2298 2321 2322
f 2298 2322 2299
f 2299 2322 2323
f 2299 2323 2300
f 2300 2323 2324
f 2300 2324 2301
f 2301 2324 2325
f 2301 2325 2302
f 2302 2325 2326
f 2302 2326 2303
f 2303 2326 2327
f 2303 2327 2304
f 2304 2327 2328
f 2304 2328 2305
f 2305 2328 2329
f 2305 2329 2306
f 2306 2329 2330
f 2306 2330 2307
f 2307 2330 2331
f 2307 2331 2308
f 2308 2331 2332
f 2308 2332 2309
f 2309 2332 2333
f 2309 2333 2310
f 2310 2333 2334
f 2310 2334 2311
f 2311 2334 2335
f 2311 2335 2312
f 2312 2335 2336
f 2312 2336 2313
f 2313 2336 2337
f 2313 2337 2314
f 2314 2337 2338
f 2314 2338 2315
f 2315 2338 2339
f 2315 2339 2316
f 2316 2339 2340
f 2316 2340 2317
f 2317 2340 2341
f 2317 2341 2318
f 2318 2341 2342
f 2318 2342 2319
f 2319 2342 2343
f 2319 2343 2296
f 2296 2343 2320
f 2320 2344 2321
f 2321 2344 2345
f 2321 2345 2322
f 2322 2345 2346
f 2322 2346 2323
f 2323 2346 2347
f 2323 2347 2324
f 2324 2347 2348
f 2324 2348 2325
f 2325 2348 2349
f 2325 2349 2326
f 2326 2349 2350
f 2326 2350 2327
f 2327 2350 2351
f 2327 2351 2328
f 2328 2351 2352
f 2328 2352 2329
f 2329 2352 2353
f 2329 2353 2330
f 2330 2353 2354
f 2330 2354 2331
f 2331 2354 2355
f 2331 2355 2332
f 2332 2355 2356
f 2332 2356 2333
f 2333 2356 2357
f 2333 2357 2334
f 2334 2357 2358
f 2334 2358 2335
f 2335 2358 2359
f 2335 2359 2336
f 2336 2359 2360
f 2336 2360 2337
f 2337 2360 2361
f 2337 2361 2338
f 2338 2361 2362
f 2338 2362 2339
f 2339 2362 2363
f 2339 2363 2340
f 2340 2363 2364
f 2340 2364 2341
f 2341 2364 2365
f 2341 2365 2342
f 2342 2365 2366
f 2342 2366 2343
f 2343 2366 2367
f 2343 2367 2320
f 2320 2367 2344
f 2344 2271 2345
f 2345 2271 2273
f 2345 2273 2346
f 2346 2273 2274
f 2346 2274 2347
f 2347 2274 2275
f 2347 2275 2348
f 2348 2275 2276
f 2348 2276 2349
f 2349 2276 2277
f 2349 2277 2350
f 2350 2277 2278
f 2350 2278 2351
f 2351 2278 2279
f 2351 2279 2352
f 2352 2279 2280
f 2352 2280 2353
f 2353 2280 2281
f 2353 2281 2354
f 2354 2281 2282
f 2354 2282 2355
f 2355 2282 2283
f 2355 2283 2356
f 2356 2283 2284
f 2356 2284 2357
f 2357 2284 2285
f 2357 2285 2358
f 2358 2285 2286
f 2358 2286 2359
f 2359 2286 2287
f 2359 2287 2360
f 2360 2287 2288
f 2360 2288 2361
f 2361 2288 2289
f 2361 2289 2362
f 2362 2289 2290
f 2362 2290 2363
f 2363 2290 2291
f 2363 2291 2364
f 2364 2291 2292
f 2364 2292 2365
f 2365 2292 2293
f 2365 2293 2366
f 2366 2293 2294
f 2366 2294 2367
f 2367 2294 2295
f 2367 2295 2344
f 2344 2295 2271
f 2280 2272 2281
f 2288 2272 2289
f 2227 2368 2225
f 2225 2368 2369
f 2225 2369 2370
f 2229 2371 2227
f 2227 2371 2372
f 2227 2372 2368
f 2371 2229 2373
f 2373 2229 2231
f 2373 2231 2374
f 2374 2231 2375
f 2375 2231 2233
f 2375 2233 2376
f 2376 2233 2377
f 2377 2233 2235
f 2377 2235 2378
f 2378 2235 2237
f 2378 2237 2379
f 2379 2237 2380
f 2380 2237 2239
f 2380 2239 2381
f 2381 2239 2382
f 2382 2239 2241
f 2382 2241 2383
f 2383 2241 2384
f 2384 2241 2243
f 2384 2243 2385
f 2385 2243 2245
f 2385 2245 2386
f 2386 2245 2387
f 2387 2245 2247
f 2387 2247 2388
f 2388 2247 2389
f 2389 2247 2249
f 2389 2249 2390
f 2390 2249 2251
f 2390 2251 2391
f 2391 2251 2392
f 2392 2251 2253
f 2392 2253 2393
f 2393 2253 2394
f 2394 2253 2255
f 2394 2255 2395
f 2395 2255 2257
f 2395 2257 2396
f 2396 2257 2397
f 2397 2257 2259
f 2397 2259 2398
f 2398 2259 2399
f 2399 2259 2261
f 2399 2261 2400
f 2400 2261 2401
f 2401 2261 2263
f 2401 2263 2402
f 2402 2263 2265
f 2402 2265 2403
f 2403 2265 2404
f 2404 2265 2267
f 2404 2267 2405
f 2405 2267 2406
f 2406 2267 2269
f 2406 2269 2407
f 2407 2269 2223
f 2407 2223 2408
f 2408 2223 2370
f 2370 2223 2225
f 2368 2409 2369
f 2369 2409 2410
f 2369 2410 2370
f 2370 2410 2411
f 2370 2411 2412
f 2368 2372 2409
f 2409 2372 2413
f 2413 2372 2371
f 2413 2371 2414
f 2414 2371 2373
f 2414 2373 2415
f 2415 2373 2374
f 2415 2374 2416
f 2416 2374 2375
f 2416 2375 2417
f 2417 2375 2376
f 2417 2376 2418
f 2418 2376 2377
f 2418 2377 2419
f 2419 2377 2378
f 2419 2378 2420
f 2420 2378 2379
f 2420 2379 2421
f 2421 2379 2380
f 2421 2380 2422
f 2422 2380 2381
f 2422 2381 2423
f 2423 2381 2382
f 2423 2382 2424
f 2424 2382 2383
f 2424 2383 2425
f 2425 2383 2384
f 2425 2384 2426
f 2426 2384 2385
f 2426 2385 2427
f 2427 2385 2386
f 2427 2386 2428
f 2428 2386 2387
f 2428 2387 2429
f 2429 2387 2388
f 2429 2388 2430
f 2430 2388 2389
f 2430 2389 2431
f 2431 2389 2390
f 2431 2390 2432
f 2432 2390 2391
f 2432 2391 2433
f 2433 2391 2392
f 2433 2392 2434
f 2434 2392 2393
f 2434 2393 2435
f 2435 2393 2394
f 2435 2394 2436
f 2436 2394 2395
f 2436 2395 2437
f 2437 2395 2396
f 2437 2396 2438
f 2438 2396 2397
f 2438 2397 2439
f 2439 2397 2398
f 2439 2398 2440
f 2440 2398 2399
f 2440 2399 2441
f 2441 2399 2400
f 2441 2400 2442
f 2442 2400 2401
f 2442 2401 2443
f 2443 2401 2402
f 2443 2402 2444
f 2444 2402 2403
f 2444 2403 2445
f 2445 2403 2404
f 2445 2404 2446
f 2446 2404 2405
f 2446 2405 2447
f 2447 2405 2406
f 2447 2406 2448
f 2448 2406 2407
f 2448 2407 2449
f 2449 2407 2408
f 2449 2408 2412
f 2412 2408 2370
f 2411 2410 2450
f 2450 2410 2409
f 2450 2409 2451
f 2451 2409 2413
f 2451 2413 2414
f 2451 2414 2452
f 2452 2414 2415
f 2452 2415 2453
f 2453 2415 2416
f 2453 2416 2417
f 2453 2417 2454
f 2454 2417 2418
f 2454 2418 2419
f 2454 2419 2455
f 2455 2419 2420
f 2455 2420 2456
f 2456 2420 2421
f 2456 2421 2422
f 2456 2422 2457
f 2457 2422 2423
f 2457 2423 2424
f 2457 2424 2458
f 2458 2424 2425
f 2458 2425 2426
f 2458 2426 2459
f 2459 2426 2427
f 2459 2427 2460
f 2460 2427 2428
f 2460 2428 2429
f 2460 2429 2461
f 2461 2429 2430
f 2461 2430 2431
f 2461 2431 2462
f 2462 2431 2432
f 2462 2432 2463
f 2463 2432 2433
f 2463 2433 2434
f 2463 2434 2464
f 2464 2434 2435
f 2464 2435 2436
f 2464 2436 2465
f 2465 2436 2437
f 2465 2437 2466
f 2466 2437 2438
f 2466 2438 2439
f 2466 2439 2467
f 2467 2439 2440
f 2467 2440 2441
f 2467 2441 2468
f 2468 2441 2442
f 2468 2442 2443
f 2468 2443 2469
f 2469 2443 2444
f 2469 2444 2470
f 2470 2444 2445
f 2470 2445 2446
f 2470 2446 2471
f 2471 2446 2447
f 2471 2447 2448
f 2471 2448 2472
f 2472 2448 2449
f 2472 2449 2473
f 2473 2449 2412
f 2473 2412 2411
f 2473 2411 2450
f 2451 2474 2450
f 2450 2474 2475
f 2450 2475 2473
f 2473 2475 2476
f 2473 2476 2472
f 2472 2476 2477
f 2472 2477 2471
f 2471 2477 2478
f 2471 2478 2470
f 2470 2478 2479
f 2470 2479 2469
f 2469 2479 2480
f 2469 2480 2468
f 2468 2480 2481
f 2468 2481 2467
f 2467 2481 2482
f 2467 2482 2466
f 2466 2482 2483
f 2466 2483 2465
f 2465 2483 2484
f 2465 2484 2464
f 2464 2484 2485
f 2464 2485 2463
f 2463 2485 2486
f 2463 2486 2462
f 2462 2486 2487
f 2462 2487 2461
f 2461 2487 2488
f 2461 2488 2460
f 2460 2488 2489
f 2460 2489 2459
f 2459 2489 2490
f 2459 2490 2458
f 2458 2490 2491
f 2458 2491 2457
f 2457 2491 2492
f 2457 2492 2456
f 2456 2492 2493
f 2456 2493 2455
f 2455 2493 2494
f 2455 2494 2454
f 2454 2494 2495
f 2454 2495 2453
f 2453 2495 2496
f 2453 2496 2452
f 2452 2496 2497
f 2452 2497 2451
f 2451 2497 2474
f 2498 2499 2500
f 2500 2499 2501
f 2501 2499 2502
f 2502 2499 2503
f 2503 2499 2504
f 2504 2499 2505
f 2505 2499 2506
f 2506 2499 2507
f 2508 2499 2509
f 2509 2499 2510
f 2510 2499 2511
f 2511 2499 2512
f 2512 2499 2513
f 2513 2499 2514
f 2514 2499 2515
f 2516 2499 2517
f 2517 2499 2518
f 2518 2499 2519
f 2519 2499 2520
f 2520 2499 2521
f 2521 2499 2522
f 2522 2499 2498
f 2487 2523 2488
f 2488 2523 2524
f 2488 2524 2489
f 2489 2524 2525
f 2489 2525 2490
f 2490 2525 2526
f 2490 2526 2491
f 2491 2526 2527
f 2491 2527 2492
f 2492 2527 2528
f 2492 2528 2493
f 2493 2528 2529
f 2493 2529 2494
f 2494 2529 2530
f 2494 2530 2495
f 2495 2530 2531
f 2495 2531 2496
f 2496 2531 2532
f 2496 2532 2497
f 2497 2532 2533
f 2497 2533 2474
f 2474 2533 2534
f 2474 2534 2475
f 2475 2534 2535
f 2475 2535 2476
f 2476 2535 2536
f 2476 2536 2477
f 2477 2536 2537
f 2477 2537 2478
f 2478 2537 2538
f 2478 2538 2479
f 2479 2538 2539
f 2479 2539 2480
f 2480 2539 2540
f 2480 2540 2481
f 2481 2540 2541
f 2481 2541 2482
f 2482 2541 2542
f 2482 2542 2483
f 2483 2542 2543
f 2483 2543 2484
f 2484 2543 2544
f 2484 2544 2485
f 2485 2544 2545
f 2485 2545 2486
f 2486 2545 2546
f 2486 2546 2487
f 2487 2546 2523
f 2523 2547 2524
f 2524 2547 2548
f 2524 2548 2525
f 2525 2548 2549
f 2525 2549 2526
f 2526 2549 2550
f 2526 2550 2527
f 2527 2550 2551
f 2527 2551 2528
f 2528 2551 2552
f 2528 2552 2529
f 2529 2552 2553
f 2529 2553 2530
f 2530 2553 2554
f 2530 2554 2531
f 2531 2554 2555
f 2531 2555 2532
f 2532 2555 2556
f 2532 2556 2533
f 2533 2556 2557
f 2533 2557 2534
f 2534 2557 2558
f 2534 2558 2535
f 2535 2558 2559
f 2535 2559 2536
f 2536 2559 2560
f 2536 2560 2537
f 2537 2560 2561
f 2537 2561 2538
f 2538 2561 2562
f 2538 2562 2539
f 2539 2562 2563
f 2539 2563 2540
f 2540 2563 2564
f 2540 2564 2541
f 2541 2564 2565
f 2541 2565 2542
f 2542 2565 2566
f 2542 2566 2543
f 2543 2566 2567
f 2543 2567 2544
f 2544 2567 2568
f 2544 2568 2545
f 2545 2568 2569
f 2545 2569 2546
f 2546 2569 2570
f 2546 2570 2523
f 2523 2570 2547
f 2547 2571 2548
f 2548 2571 2572
f 2548 2572 2549
f 2549 2572 2573
f 2549 2573 2550
f 2550 2573 2574
f 2550 2574 2551
f 2551 2574 2575
f 2551 2575 2552
f 2552 2575 2576
f 2552 2576 2553
f 2553 2576 2577
f 2553 2577 2554
f 2554 2577 2578
f 2554 2578 2555
f 2555 2578 2579
f 2555 2579 2556
f 2556 2579 2580
f 2556 2580 2557
f 2557 2580 2581
f 2557 2581 2558
f 2558 2581 2582
f 2558 2582 2559
f 2559 2582 2583
f 2559 2583 2560
f 2560 2583 2584
f 2560 2584 2561
f 2561 2584 2585
f 2561 2585 2562
f 2562 2585 2586
f 2562 2586 2563
f 2563 2586 2587
f 2563 2587 2564
f 2564 2587 2588
f 2564 2588 2565
f 2565 2588 2589
f 2565 2589 2566
f 2566 2589 2590
f 2566 2590 2567
f 2567 2590 2591
f 2567 2591 2568
f 2568 2591 2592
f 2568 2592 2569
f 2569 2592 2593
f 2569 2593 2570
f 2570 2593 2594
f 2570 2594 2547
f 2547 2594 2571
f 2571 2498 2572
f 2572 2498 2500
f 2572 2500 2573
f 2573 2500 2501
f 2573 2501 2574
f 2574 2501 2502
f 2574 2502 2575
f 2575 2502 2503
f 2575 2503 2576
f 2576 2503 2504
f 2576 2504 2577
f 2577 2504 2505
f 2577 2505 2578
f 2578 2505 2506
f 2578 2506 2579
f 2579 2506 2507
f 2579 2507 2580
f 2580 2507 2508
f 2580 2508 2581
f 2581 2508 2509
f 2581 2509 2582
f 2582 2509 2510
f 2582 2510 2583
f 2583 2510 2511
f 2583 2511 2584
f 2584 2511 2512
f 2584 2512 2585
f 2585 2512 2513
f 2585 2513 2586
f 2586 2513 2514
f 2586 2514 2587
f 2587 2514 2515
f 2587 2515 2588
f 2588 2515 2516
f 2588 2516 2589
f 2589 2516 2517
f 2589 2517 2590
f 2590 2517 2518
f 2590 2518 2591
f 2591 2518 2519
f 2591 2519 2592
f 2592 2519 2520
f 2592 2520 2593
f 2593 2520 2521
f 2593 2521 2594
f 2594 2521 2522
f 2594 2522 2571
f 2571 2522 2498
f 2515 2499 2516
f 2507 2499 2508
f 2595 2596 2597
f 2597 2596 2598
f 2597 2598 2599
f 2599 2598 2600
f 2599 2600 2601
f 2601 2600 2602
f 2601 2602 2603
f 2603 2602 2604
f 2603 2604 2605
f 2605 2604 2606
f 2605 2606 2607
f 2607 2606 2608
f 2607 2608 2609
f 2609 2608 2610
f 2609 2610 2611
f 2611 2610 2612
f 2611 2612 2613
f 2613 2612 2614
f 2613 2614 2615
f 2615 2614 2616
f 2615 2616 2617
f 2617 2616 2618
f 2617 2618 2619
f 2619 2618 2620
f 2619 2620 2621
f 2621 2620 2622
f 2621 2622 2623
f 2623 2622 2624
f 2623 2624 2625
f 2625 2624 2626
f 2625 2626 2627
f 2627 2626 2628
f 2627 2628 2629
f 2629 2628 2630
f 2629 2630 2631
f 2631 2630 2632
f 2631 2632 2633
f 2633 2632 2634
f 2633 2634 2635
f 2635 2634 2636
f 2635 2636 2637
f 2637 2636 2638
f 2637 2638 2639
f 2639 2638 2640
f 2639 2640 2641
f 2641 2640 2642
f 2641 2642 2643
f 2643 2642 2644
f 2643 2644 2645
f 2643 2645 2646
f 2646 2645 2647
f 2646 2647 2648
f 2648 2647 2649
f 2648 2649 2650
f 2650 2649 2651
f 2650 2651 2652
f 2652 2651 2653
f 2652 2653 2654
f 2654 2653 2655
f 2654 2655 2656
f 2656 2655 2657
f 2656 2657 2658
f 2658 2657 2659
f 2658 2659 2660
f 2660 2659 2661
f 2660 2661 2662
f 2662 2661 2663
f 2662 2663 2664
f 2664 2663 2665
f 2664 2665 2666
f 2666 2665 2667
f 2666 2667 2668
f 2668 2667 2669
f 2668 2669 2670
f 2670 2669 2671
f 2670 2671 2672
f 2672 2671 2673
f 2672 2673 2674
f 2674 2673 2675
f 2674 2675 2676
f 2676 2675 2677
f 2676 2677 2678
f 2678 2677 2679
f 2678 2679 2680
f 2680 2679 2681
f 2680 2681 2682
f 2682 2681 2683
f 2682 2683 2684
f 2684 2683 2685
f 2684 2685 2686
f 2686 2685 2687
f 2686 2687 2688
f 2688 2687 2689
f 2688 2689 2690
f 2690 2689 2595
f 2690 2595 2597
f 2691 2692 2596
f 2596 2692 2693
f 2596 2693 2598
f 2598 2693 2694
f 2598 2694 2600
f 2600 2694 2695
f 2600 2695 2602
f 2602 2695 2696
f 2602 2696 2604
f 2604 2696 2697
f 2604 2697 2606
f 2606 2697 2698
f 2606 2698 2608
f 2608 2698 2699
f 2608 2699 2610
f 2610 2699 2700
f 2610 2700 2612
f 2612 2700 2701
f 2612 2701 2614
f 2614 2701 2702
f 2614 2702 2616
f 2616 2702 2703
f 2616 2703 2618
f 2618 2703 2704
f 2618 2704 2620
f 2620 2704 2705
f 2620 2705 2622
f 2622 2705 2706
f 2622 2706 2624
f 2624 2706 2707
f 2624 2707 2626
f 2626 2707 2708
f 2626 2708 2628
f 2628 2708 2709
f 2628 2709 2630
f 2630 2709 2710
f 2630 2710 2632
f 2632 2710 2711
f 2632 2711 2634
f 2634 2711 2712
f 2634 2712 2636
f 2636 2712 2713
f 2636 2713 2638
f 2638 2713 2714
f 2638 2714 2640
f 2640 2714 2715
f 2640 2715 2642
f 2642 2715 2716
f 2642 2716 2644
f 2644 2716 2717
f 2644 2717 2645
f 2645 2717 2718
f 2645 2718 2647
f 2647 2718 2719
f 2647 2719 2649
f 2649 2719 2720
f 2649 2720 2651
f 2651 2720 2721
f 2651 2721 2653
f 2653 2721 2722
f 2653 2722 2655
f 2655 2722 2723
f 2655 2723 2657
f 2657 2723 2724
f 2657 2724 2659
f 2659 2724 2725
f 2659 2725 2661
f 2661 2725 2726
f 2661 2726 2663
f 2663 2726 2727
f 2663 2727 2665
f 2665 2727 2728
f 2665 2728 2667
f 2667 2728 2729
f 2667 2729 2669
f 2669 2729 2730
f 2669 2730 2671
f 2671 2730 2731
f 2671 2731 2673
f 2673 2731 2732
f 2673 2732 2675
f 2675 2732 2733
f 2675 2733 2677
f 2677 2733 2734
f 2677 2734 2679
f 2679 2734 2735
f 2679 2735 2681
f 2681 2735 2736
f 2681 2736 2683
f 2683 2736 2737
f 2683 2737 2685
f 2685 2737 2738
f 2685 2738 2687
f 2687 2738 2739
f 2687 2739 2689
f 2689 2739 2740
f 2689 2740 2595
f 2595 2740 2691
f 2595 2691 2596
f 2741 2597 2742
f 2742 2597 2599
f 2742 2599 2743
f 2743 2599 2601
f 2743 2601 2744
f 2744 2601 2603
f 2744 2603 2745
f 2745 2603 2605
f 2745 2605 2746
f 2746 2605 2607
f 2746 2607 2747
f 2747 2607 2609
f 2747 2609 2748
f 2748 2609 2611
f 2748 2611 2749
f 2749 2611 2613
f 2749 2613 2750
f 2750 2613 2615
f 2750 2615 2751
f 2751 2615 2617
f 2751 2617 2752
f 2752 2617 2619
f 2752 2619 2753
f 2753 2619 2621
f 2753 2621 2754
f 2754 2621 2623
f 2754 2623 2755
f 2755 2623 2625
f 2755 2625 2756
f 2756 2625 2627
f 2756 2627 2757
f 2757 2627 2629
f 2757 2629 2758
f 2758 2629 2631
f 2758 2631 2759
f 2759 2631 2633
f 2759 2633 2760
f 2760 2633 2635
f 2760 2635 2761
f 2761 2635 2637
f 2761 2637 2762
f 2762 2637 2639
f 2762 2639 2763
f 2763 2639 2641
f 2763 2641 2764
f 2764 2641 2643
f 2764 2643 2765
f 2765 2643 2646
f 2765 2646 2766
f 2766 2646 2648
f 2766 2648 2767
f 2767 2648 2650
f 2767 2650 2768
f 2768 2650 2652
f 2768 2652 2769
f 2769 2652 2654
f 2769 2654 2770
f 2770 2654 2656
f 2770 2656 2771
f 2771 2656 2658
f 2771 2658 2772
f 2772 2658 2660
f 2772 2660 2773
f 2773 2660 2662
f 2773 2662 2774
f 2774 2662 2664
f 2774 2664 2775
f 2775 2664 2666
f 2775 2666 2776
f 2776 2666 2668
f 2776 2668 2777
f 2777 2668 2670
f 2777 2670 2778
f 2778 2670 2672
f 2778 2672 2779
f 2779 2672 2674
f 2779 2674 2780
f 2780 2674 2676
f 2780 2676 2781
f 2781 2676 2678
f 2781 2678 2782
f 2782 2678 2680
f 2782 2680 2783
f 2783 2680 2682
f 2783 2682 2784
f 2784 2682 2684
f 2784 2684 2785
f 2785 2684 2686
f 2785 2686 2786
f 2786 2686 2688
f 2786 2688 2787
f 2787 2688 2690
f 2787 2690 2741
f 2741 2690 2597
f 2741 2742 2788
f 2788 2742 2743
f 2788 2743 2789
f 2789 2743 2744
f 2789 2744 2790
f 2790 2744 2745
f 2790 2745 2791
f 2791 2745 2746
f 2791 2746 2792
f 2792 2746 2747
f 2792 2747 2793
f 2793 2747 2748
f 2793 2748 2794
f 2794 2748 2749
f 2794 2749 2795
f 2795 2749 2750
f 2795 2750 2751
f 2795 2751 2796
f 2796 2751 2752
f 2796 2752 2797
f 2797 2752 2753
f 2797 2753 2798
f 2798 2753 2754
f 2798 2754 2799
f 2799 2754 2755
f 2799 2755 2800
f 2800 2755 2756
f 2800 2756 2801
f 2801 2756 2757
f 2801 2757 2802
f 2802 2757 2758
f 2802 2758 2759
f 2802 2759 2803
f 2803 2759 2760
f 2803 2760 2804
f 2804 2760 2761
f 2804 2761 2805
f 2805 2761 2762
f 2805 2762 2806
f 2806 2762 2763
f 2806 2763 2807
f 2807 2763 2764
f 2807 2764 2808
f 2808 2764 2765
f 2808 2765 2766
f 2808 2766 2809
f 2809 2766 2767
f 2809 2767 2810
f 2810 2767 2768
f 2810 2768 2811
f 2811 2768 2769
f 2811 2769 2812
f 2812 2769 2770
f 2812 2770 2813
f 2813 2770 2771
f 2813 2771 2814
f 2814 2771 2772
f 2814 2772 2815
f 2815 2772 2773
f 2815 2773 2774
f 2815 2774 2816
f 2816 2774 2775
f 2816 2775 2817
f 2817 2775 2776
f 2817 2776 2818
f 2818 2776 2777
f 2818 2777 2819
f 2819 2777 2778
f 2819 2778 2820
f 2820 2778 2779
f 2820 2779 2821
f 2821 2779 2780
f 2821 2780 2822
f 2822 2780 2781
f 2822 2781 2782
f 2822 2782 2823
f 2823 2782 2783
f 2823 2783 2824
f 2824 2783 2784
f 2824 2784 2825
f 2825 2784 2785
f 2825 2785 2826
f 2826 2785 2786
f 2826 2786 2827
f 2827 2786 2787
f 2827 2787 2828
f 2828 2787 2741
f 2828 2741 2788
f 2789 2829 2788
f 2788 2829 2830
f 2788 2830 2828
f 2828 2830 2831
f 2828 2831 2832
f 2789 2790 2829
f 2829 2790 2833
f 2833 2790 2791
f 2833 2791 2834
f 2834 2791 2792
f 2834 2792 2835
f 2835 2792 2793
f 2835 2793 2836
f 2836 2793 2794
f 2836 2794 2837
f 2837 2794 2795
f 2837 2795 2838
f 2838 2795 2796
f 2838 2796 2839
f 2839 2796 2797
f 2839 2797 2840
f 2840 2797 2798
f 2840 2798 2841
f 2841 2798 2799
f 2841 2799 2842
f 2842 2799 2800
f 2842 2800 2843
f 2843 2800 2801
f 2843 2801 2844
f 2844 2801 2802
f 2844 2802 2845
f 2845 2802 2803
f 2845 2803 2846
f 2846 2803 2804
f 2846 2804 2847
f 2847 2804 2805
f 2847 2805 2848
f 2848 2805 2806
f 2848 2806 2849
f 2849 2806 2807
f 2849 2807 2850
f 2850 2807 2808
f 2850 2808 2851
f 2851 2808 2809
f 2851 2809 2852
f 2852 2809 2810
f 2852 2810 2853
f 2853 2810 2811
f 2853 2811 2854
f 2854 2811 2812
f 2854 2812 2855
f 2855 2812 2813
f 2855 2813 2856
f 2856 2813 2814
f 2856 2814 2857
f 2857 2814 2815
f 2857 2815 2858
f 2858 2815 2816
f 2858 2816 2859
f 2859 2816 2817
f 2859 2817 2860
f 2860 2817 2818
f 2860 2818 2861
f 2861 2818 2819
f 2861 2819 2862
f 2862 2819 2820
f 2862 2820 2863
f 2863 2820 2821
f 2863 2821 2864
f 2864 2821 2822
f 2864 2822 2865
f 2865 2822 2823
f 2865 2823 2866
f 2866 2823 2824
f 2866 2824 2867
f 2867 2824 2825
f 2867 2825 2868
f 2868 2825 2826
f 2868 2826 2869
f 2869 2826 2827
f 2869 2827 2832
f 2832 2827 2828
f 2831 2830 2855
f 2855 2830 2829
f 2855 2829 2833
f 2833 2834 2855
f 2855 2834 2835
f 2855 2835 2836
f 2836 2837 2855
f 2855 2837 2838
f 2855 2838 2839
f 2839 2840 2855
f 2855 2840 2841
f 2855 2841 2842
f 2855 2842 2854
f 2854 2842 2843
f 2854 2843 2844
f 2844 2845 2854
f 2854 2845 2846
f 2854 2846 2847
f 2847 2848 2854
f 2854 2848 2849
f 2854 2849 2853
f 2853 2849 2850
f 2853 2850 2852
f 2852 2850 2851
f 2856 2868 2855
f 2855 2868 2869
f 2855 2869 2832
f 2868 2856 2867
f 2867 2856 2857
f 2867 2857 2866
f 2866 2857 2858
f 2866 2858 2865
f 2865 2858 2859
f 2865 2859 2864
f 2864 2859 2860
f 2864 2860 2863
f 2863 2860 2861
f 2863 2861 2862
f 2832 2831 2855
f 2870 2871 2872
f 2872 2871 2873
f 2872 2873 2874
f 2874 2873 2875
f 2874 2875 2876
f 2876 2875 2877
f 2876 2877 2878
f 2878 2877 2879
f 2878 2879 2880
f 2880 2879 2881
f 2880 2881 2882
f 2882 2881 2883
f 2882 2883 2884
f 2884 2883 2885
f 2884 2885 2886
f 2886 2885 2887
f 2886 2887 2888
f 2888 2887 2889
f 2888 2889 2890
f 2890 2889 2891
f 2890 2891 2892
f 2892 2891 2893
f 2892 2893 2894
f 2871 2870 2895
f 2895 2870 2896
f 2895 2896 2897
f 2897 2896 2898
f 2897 2898 2899
f 2899 2898 2900
f 2899 2900 2901
f 2901 2900 2902
f 2901 2902 2903
f 2903 2902 2904
f 2903 2904 2905
f 2905 2904 2906
f 2905 2906 2907
f 2907 2906 2908
f 2907 2908 2909
f 2909 2908 2910
f 2909 2910 2911
f 2911 2910 2912
f 2911 2912 2913
f 2874 2914 2872
f 2872 2914 2915
f 2872 2915 2870
f 2870 2915 2916
f 2870 2916 2896
f 2896 2916 2917
f 2896 2917 2898
f 2898 2917 2918
f 2898 2918 2900
f 2900 2918 2919
f 2900 2919 2902
f 2902 2919 2920
f 2902 2920 2904
f 2904 2920 2921
f 2904 2921 2906
f 2906 2921 2922
f 2906 2922 2908
f 2908 2922 2923
f 2908 2923 2910
f 2910 2923 2924
f 2910 2924 2912
f 2912 2924 2925
f 2912 2925 2913
f 2913 2925 2926
f 2913 2926 2911
f 2911 2926 2927
f 2911 2927 2909
f 2909 2927 2928
f 2909 2928 2907
f 2907 2928 2929
f 2907 2929 2905
f 2905 2929 2930
f 2905 2930 2903
f 2903 2930 2931
f 2903 2931 2901
f 2901 2931 2932
f 2901 2932 2899
f 2899 2932 2933
f 2899 2933 2897
f 2897 2933 2934
f 2897 2934 2895
f 2895 2934 2935
f 2895 2935 2871
f 2871 2935 2936
f 2871 2936 2873
f 2873 2936 2937
f 2873 2937 2875
f 2875 2937 2938
f 2875 2938 2877
f 2877 2938 2939
f 2877 2939 2879
f 2879 2939 2940
f 2879 2940 2881
f 2881 2940 2941
f 2881 2941 2883
f 2883 2941 2942
f 2883 2942 2885
f 2885 2942 2943
f 2885 2943 2887
f 2887 2943 2944
f 2887 2944 2889
f 2889 2944 2945
f 2889 2945 2891
f 2891 2945 2946
f 2891 2946 2893
f 2893 2946 2947
f 2893 2947 2894
f 2894 2947 2948
f 2894 2948 2892
f 2892 2948 2949
f 2892 2949 2890
f 2890 2949 2950
f 2890 2950 2888
f 2888 2950 2951
f 2888 2951 2886
f 2886 2951 2952
f 2886 2952 2884
f 2884 2952 2953
f 2884 2953 2882
f 2882 2953 2954
f 2882 2954 2880
f 2880 2954 2955
f 2880 2955 2878
f 2878 2955 2956
f 2878 2956 2876
f 2876 2956 2957
f 2876 2957 2874
f 2874 2957 2914
f 2914 2958 2915
f 2915 2958 2959
f 2915 2959 2960
f 2958 2914 2961
f 2961 2914 2957
f 2961 2957 2962
f 2962 2957 2956
f 2962 2956 2963
f 2963 2956 2955
f 2963 2955 2964
f 2964 2955 2954
f 2964 2954 2965
f 2965 2954 2953
f 2965 2953 2966
f 2966 2953 2952
f 2966 2952 2967
f 2967 2952 2968
f 2968 2952 2951
f 2968 2951 2969
f 2969 2951 2950
f 2969 2950 2970
f 2970 2950 2949
f 2970 2949 2971
f 2971 2949 2948
f 2971 2948 2972
f 2972 2948 2947
f 2972 2947 2973
f 2973 2947 2946
f 2973 2946 2974
f 2974 2946 2945
f 2974 2945 2975
f 2975 2945 2944
f 2975 2944 2976
f 2976 2944 2977
f 2977 2944 2943
f 2977 2943 2978
f 2978 2943 2942
f 2978 2942 2979
f 2979 2942 2941
f 2979 2941 2980
f 2980 2941 2940
f 2980 2940 2981
f 2981 2940 2939
f 2981 2939 2982
f 2982 2939 2938
f 2982 2938 2983
f 2983 2938 2937
f 2983 2937 2984
f 2984 2937 2985
f 2985 2937 2936
f 2985 2936 2986
f 2986 2936 2935
f 2986 2935 2987
f 2987 2935 2934
f 2987 2934 2988
f 2988 2934 2933
f 2988 2933 2989
f 2989 2933 2932
f 2989 2932 2990
f 2990 2932 2931
f 2990 2931 2991
f 2991 2931 2930
f 2991 2930 2992
f 2992 2930 2993
f 2993 2930 2929
f 2993 2929 2994
f 2994 2929 2928
f 2994 2928 2995
f 2995 2928 2927
f 2995 2927 2996
f 2996 2927 2926
f 2996 2926 2997
f 2997 2926 2925
f 2997 2925 2998
f 2998 2925 2924
f 2998 2924 2999
f 2999 2924 2923
f 2999 2923 3000
f 3000 2923 2922
f 3000 2922 3001
f 3001 2922 3002
f 3002 2922 2921
f 3002 2921 3003
f 3003 2921 2920
f 3003 2920 3004
f 3004 2920 2919
f 3004 2919 3005
f 3005 2919 2918
f 3005 2918 3006
f 3006 2918 2917
f 3006 2917 3007
f 3007 2917 2916
f 3007 2916 2960
f 2960 2916 2915
f 2958 2692 2959
f 2959 2692 2691
f 2959 2691 2960
f 2960 2691 2740
f 2960 2740 3007
f 3007 2740 2739
f 3007 2739 3006
f 3006 2739 2738
f 3006 2738 3005
f 3005 2738 2737
f 3005 2737 3004
f 3004 2737 2736
f 3004 2736 3003
f 3003 2736 2735
f 3003 2735 3002
f 3002 2735 2734
f 3002 2734 3001
f 3001 2734 2733
f 3001 2733 3000
f 3000 2733 2732
f 3000 2732 2999
f 2999 2732 2731
f 2999 2731 2998
f 2998 2731 2730
f 2998 2730 2997
f 2997 2730 2729
f 2997 2729 2996
f 2996 2729 2728
f 2996 2728 2995
f 2995 2728 2727
f 2995 2727 2994
f 2994 2727 2726
f 2994 2726 2993
f 2993 2726 2725
f 2993 2725 2992
f 2992 2725 2724
f 2992 2724 2991
f 2991 2724 2723
f 2991 2723 2990
f 2990 2723 2722
f 2990 2722 2989
f 2989 2722 2721
f 2989 2721 2988
f 2988 2721 2720
f 2988 2720 2987
f 2987 2720 2719
f 2987 2719 2986
f 2986 2719 2718
f 2986 2718 2985
f 2985 2718 2984
f 2984 2718 2717
f 2984 2717 2983
f 2983 2717 2716
f 2983 2716 2715
f 2692 2958 2693
f 2693 2958 2961
f 2693 2961 2694
f 2694 2961 2962
f 2694 2962 2695
f 2695 2962 2963
f 2695 2963 2696
f 2696 2963 2964
f 2696 2964 2697
f 2697 2964 2965
f 2697 2965 2698
f 2698 2965 2966
f 2698 2966 2699
f 2699 2966 2967
f 2699 2967 2700
f 2700 2967 2968
f 2700 2968 2701
f 2701 2968 2969
f 2701 2969 2702
f 2702 2969 2970
f 2702 2970 2703
f 2703 2970 2971
f 2703 2971 2704
f 2704 2971 2972
f 2704 2972 2705
f 2705 2972 2973
f 2705 2973 2706
f 2706 2973 2974
f 2706 2974 2707
f 2707 2974 2975
f 2707 2975 2708
f 2708 2975 2976
f 2708 2976 2709
f 2709 2976 2977
f 2709 2977 2710
f 2710 2977 2978
f 2710 2978 2711
f 2711 2978 2979
f 2711 2979 2712
f 2712 2979 2980
f 2712 2980 2713
f 2713 2980 2981
f 2713 2981 2714
f 2714 2981 2982
f 2714 2982 2715
f 2715 2982 2983
f 3008 3009 3010
f 3010 3009 3011
f 3010 3011 3012
f 3012 3011 3013
f 3012 3013 3014
f 3014 3013 3015
f 3014 3015 3016
f 3014 3016 3017
f 3017 3016 3018
f 3017 3018 3019
f 3019 3018 3020
f 3016 3021 3018
f 3018 3021 3022
f 3018 3022 3020
f 3021 3016 3023
f 3023 3016 3015
f 3023 3015 3013
f 3023 3013 3024
f 3024 3013 3011
f 3024 3011 3025
f 3025 3011 3009
f 3025 3009 3026
f 3025 3026 3027
f 3027 3026 3028
f 3027 3028 3029
f 3029 3028 3030
f 3029 3030 3031
f 3031 3030 3032
f 3031 3032 3033
f 3033 3032 3034
f 3033 3034 3035
f 3035 3034 3036
f 3035 3036 3037
f 3037 3036 3038
f 3037 3038 3020
f 3028 3039 3030
f 3030 3039 3040
f 3030 3040 3032
f 3032 3040 3041
f 3032 3041 3034
f 3034 3041 3042
f 3034 3042 3036
f 3036 3042 3043
f 3036 3043 3038
f 3038 3043 3044
f 3038 3044 3020
f 3040 3039 3045
f 3045 3039 3046
f 3045 3046 3047
f 3047 3046 3048
f 3047 3048 3049
f 3049 3048 3050
f 3049 3050 3051
f 3051 3050 3052
f 3051 3052 3053
f 3053 3052 3054
f 3053 3054 3055
f 3055 3054 3056
f 3055 3056 3057
f 3057 3056 3058
f 3057 3058 3020
f 3048 3059 3050
f 3050 3059 3060
f 3050 3060 3052
f 3052 3060 3061
f 3052 3061 3054
f 3054 3061 3062
f 3054 3062 3056
f 3056 3062 3063
f 3056 3063 3058
f 3058 3063 3064
f 3058 3064 3020
f 3060 3059 3065
f 3065 3059 3066
f 3065 3066 3067
f 3067 3066 3068
f 3067 3068 3069
f 3069 3068 3070
f 3069 3070 3071
f 3071 3070 3072
f 3071 3072 3073
f 3073 3072 3074
f 3073 3074 3075
f 3075 3074 3076
f 3075 3076 3077
f 3077 3076 3078
f 3077 3078 3020
f 3068 3079 3070
f 3070 3079 3080
f 3070 3080 3072
f 3072 3080 3081
f 3072 3081 3074
f 3074 3081 3082
f 3074 3082 3076
f 3076 3082 3083
f 3076 3083 3078
f 3078 3083 3084
f 3078 3084 3020
f 3080 3079 3085
f 3085 3079 3086
f 3085 3086 3087
f 3087 3086 3088
f 3087 3088 3089
f 3089 3088 3090
f 3089 3090 3091
f 3091 3090 3092
f 3091 3092 3093
f 3093 3092 3094
f 3093 3094 3095
f 3095 3094 3096
f 3095 3096 3097
f 3097 3096 3098
f 3097 3098 3020
f 3088 3099 3090
f 3090 3099 3100
f 3090 3100 3092
f 3092 3100 3101
f 3092 3101 3094
f 3094 3101 3102
f 3094 3102 3096
f 3096 3102 3103
f 3096 3103 3098
f 3098 3103 3104
f 3098 3104 3020
f 3099 3105 3100
f 3100 3105 3106
f 3100 3106 3101
f 3101 3106 3107
f 3101 3107 3102
f 3102 3107 3108
f 3102 3108 3103
f 3103 3108 3109
f 3103 3109 3104
f 3104 3109 3110
f 3104 3110 3020
f 3106 3105 3111
f 3111 3105 3112
f 3111 3112 3113
f 3113 3112 3114
f 3113 3114 3115
f 3115 3114 3116
f 3115 3116 3117
f 3117 3116 3118
f 3117 3118 3119
f 3119 3118 3120
f 3119 3120 3121
f 3121 3120 3122
f 3121 3122 3020
f 3112 3123 3114
f 3114 3123 3124
f 3114 3124 3116
f 3116 3124 3125
f 3116 3125 3118
f 3118 3125 3126
f 3118 3126 3120
f 3120 3126 3127
f 3120 3127 3122
f 3122 3127 3128
f 3122 3128 3020
f 3123 3129 3124
f 3124 3129 3130
f 3124 3130 3125
f 3125 3130 3131
f 3125 3131 3126
f 3126 3131 3132
f 3126 3132 3127
f 3127 3132 3133
f 3127 3133 3128
f 3128 3133 3134
f 3128 3134 3020
f 3130 3129 3135
f 3135 3129 3136
f 3135 3136 3137
f 3137 3136 3138
f 3137 3138 3139
f 3139 3138 3140
f 3139 3140 3141
f 3141 3140 3142
f 3141 3142 3143
f 3143 3142 3144
f 3143 3144 3145
f 3145 3144 3146
f 3145 3146 3020
f 3136 3147 3138
f 3138 3147 3148
f 3138 3148 3140
f 3140 3148 3149
f 3140 3149 3142
f 3142 3149 3150
f 3142 3150 3144
f 3144 3150 3151
f 3144 3151 3146
f 3146 3151 3152
f 3146 3152 3020
f 3147 3153 3148
f 3148 3153 3154
f 3148 3154 3149
f 3149 3154 3155
f 3149 3155 3150
f 3150 3155 3156
f 3150 3156 3151
f 3151 3156 3157
f 3151 3157 3152
f 3152 3157 3158
f 3152 3158 3020
f 3154 3153 3159
f 3159 3153 3160
f 3159 3160 3161
f 3161 3160 3162
f 3161 3162 3163
f 3163 3162 3164
f 3163 3164 3165
f 3165 3164 3166
f 3165 3166 3167
f 3167 3166 3168
f 3167 3168 3169
f 3169 3168 3170
f 3169 3170 3171
f 3171 3170 3172
f 3171 3172 3020
f 3162 3173 3164
f 3164 3173 3174
f 3164 3174 3166
f 3166 3174 3175
f 3166 3175 3168
f 3168 3175 3176
f 3168 3176 3170
f 3170 3176 3177
f 3170 3177 3172
f 3172 3177 3178
f 3172 3178 3020
f 3174 3173 3179
f 3179 3173 3180
f 3179 3180 3181
f 3181 3180 3182
f 3181 3182 3183
f 3183 3182 3184
f 3183 3184 3185
f 3185 3184 3186
f 3185 3186 3187
f 3187 3186 3188
f 3187 3188 3189
f 3189 3188 3190
f 3189 3190 3191
f 3191 3190 3192
f 3191 3192 3020
f 3182 3193 3184
f 3184 3193 3194
f 3184 3194 3186
f 3186 3194 3195
f 3186 3195 3188
f 3188 3195 3196
f 3188 3196 3190
f 3190 3196 3197
f 3190 3197 3192
f 3192 3197 3198
f 3192 3198 3020
f 3194 3193 3199
f 3199 3193 3200
f 3199 3200 3201
f 3201 3200 3202
f 3201 3202 3203
f 3203 3202 3204
f 3203 3204 3205
f 3205 3204 3206
f 3205 3206 3207
f 3207 3206 3208
f 3207 3208 3209
f 3209 3208 3210
f 3209 3210 3211
f 3211 3210 3212
f 3211 3212 3020
f 3202 3213 3204
f 3204 3213 3214
f 3204 3214 3206
f 3206 3214 3215
f 3206 3215 3208
f 3208 3215 3216
f 3208 3216 3210
f 3210 3216 3217
f 3210 3217 3212
f 3212 3217 3218
f 3212 3218 3020
f 3214 3213 3219
f 3219 3213 3220
f 3219 3220 3221
f 3221 3220 3222
f 3221 3222 3223
f 3223 3222 3224
f 3223 3224 3225
f 3225 3224 3226
f 3225 3226 3227
f 3227 3226 3228
f 3227 3228 3229
f 3229 3228 3230
f 3229 3230 3231
f 3231 3230 3232
f 3231 3232 3020
f 3222 3233 3224
f 3224 3233 3234
f 3224 3234 3226
f 3226 3234 3235
f 3226 3235 3228
f 3228 3235 3236
f 3228 3236 3230
f 3230 3236 3237
f 3230 3237 3232
f 3232 3237 3238
f 3232 3238 3020
f 3234 3233 3239
f 3239 3233 3240
f 3239 3240 3241
f 3241 3240 3242
f 3241 3242 3243
f 3243 3242 3244
f 3243 3244 3245
f 3245 3244 3246
f 3245 3246 3247
f 3247 3246 3248
f 3247 3248 3249
f 3249 3248 3250
f 3249 3250 3020
f 3240 3251 3242
f 3242 3251 3252
f 3242 3252 3244
f 3244 3252 3253
f 3244 3253 3246
f 3246 3253 3254
f 3246 3254 3248
f 3248 3254 3255
f 3248 3255 3250
f 3250 3255 3256
f 3250 3256 3020
f 3251 3257 3252
f 3252 3257 3258
f 3252 3258 3253
f 3253 3258 3259
f 3253 3259 3254
f 3254 3259 3260
f 3254 3260 3255
f 3255 3260 3261
f 3255 3261 3256
f 3256 3261 3262
f 3256 3262 3020
f 3258 3257 3263
f 3263 3257 3264
f 3263 3264 3265
f 3265 3264 3266
f 3265 3266 3267
f 3267 3266 3268
f 3267 3268 3269
f 3269 3268 3270
f 3269 3270 3271
f 3271 3270 3272
f 3271 3272 3273
f 3273 3272 3274
f 3273 3274 3020
f 3264 3275 3266
f 3266 3275 3276
f 3266 3276 3268
f 3268 3276 3277
f 3268 3277 3270
f 3270 3277 3278
f 3270 3278 3272
f 3272 3278 3279
f 3272 3279 3274
f 3274 3279 3280
f 3274 3280 3020
f 3276 3275 3281
f 3281 3275 3282
f 3281 3282 3283
f 3283 3282 3284
f 3283 3284 3285
f 3285 3284 3286
f 3285 3286 3287
f 3287 3286 3288
f 3287 3288 3289
f 3289 3288 3290
f 3289 3290 3291
f 3291 3290 3292
f 3291 3292 3020
f 3282 3293 3284
f 3284 3293 3294
f 3284 3294 3286
f 3286 3294 3295
f 3286 3295 3288
f 3288 3295 3296
f 3288 3296 3290
f 3290 3296 3297
f 3290 3297 3292
f 3292 3297 3298
f 3292 3298 3020
f 3294 3293 3299
f 3299 3293 3300
f 3299 3300 3301
f 3301 3300 3302
f 3301 3302 3303
f 3303 3302 3304
f 3303 3304 3305
f 3305 3304 3306
f 3305 3306 3307
f 3307 3306 3308
f 3307 3308 3309
f 3309 3308 3310
f 3309 3310 3311
f 3311 3310 3312
f 3311 3312 3020
f 3302 3313 3304
f 3304 3313 3314
f 3304 3314 3306
f 3306 3314 3315
f 3306 3315 3308
f 3308 3315 3316
f 3308 3316 3310
f 3310 3316 3317
f 3310 3317 3312
f 3312 3317 3318
f 3312 3318 3020
f 3314 3313 3319
f 3319 3313 3320
f 3319 3320 3321
f 3321 3320 3322
f 3321 3322 3323
f 3323 3322 3324
f 3323 3324 3325
f 3325 3324 3326
f 3325 3326 3327
f 3327 3326 3328
f 3327 3328 3329
f 3329 3328 3330
f 3329 3330 3020
f 3320 3331 3322
f 3322 3331 3332
f 3322 3332 3324
f 3324 3332 3333
f 3324 3333 3326
f 3326 3333 3334
f 3326 3334 3328
f 3328 3334 3335
f 3328 3335 3330
f 3330 3335 3336
f 3330 3336 3020
f 3332 3331 3337
f 3337 3331 3338
f 3337 3338 3339
f 3339 3338 3340
f 3339 3340 3341
f 3341 3340 3342
f 3341 3342 3343
f 3343 3342 3344
f 3343 3344 3345
f 3345 3344 3014
f 3345 3014 3017
f 3340 3008 3342
f 3342 3008 3346
f 3342 3346 3344
f 3344 3346 3012
f 3344 3012 3014
f 3346 3008 3010
f 3019 3020 3347
f 3347 3020 3336
f 3329 3020 3348
f 3348 3020 3318
f 3311 3020 3349
f 3349 3020 3350
f 3350 3020 3298
f 3291 3020 3351
f 3351 3020 3280
f 3273 3020 3352
f 3352 3020 3262
f 3249 3020 3353
f 3353 3020 3238
f 3231 3020 3354
f 3355 3020 3218
f 3211 3020 3356
f 3356 3020 3357
f 3357 3020 3198
f 3191 3020 3358
f 3358 3020 3359
f 3359 3020 3178
f 3171 3020 3360
f 3360 3020 3361
f 3361 3020 3158
f 3145 3020 3362
f 3362 3020 3134
f 3121 3020 3363
f 3097 3020 3364
f 3364 3020 3365
f 3365 3020 3084
f 3077 3020 3366
f 3366 3020 3367
f 3367 3020 3064
f 3057 3020 3368
f 3368 3020 3369
f 3369 3020 3044
f 3037 3020 3370
f 3370 3020 3371
f 3371 3020 3372
f 3372 3020 3373
f 3373 3020 3374
f 3374 3020 3022
f 3354 3020 3355
f 3363 3020 3110
f 3017 3019 3375
f 3375 3019 3347
f 3375 3347 3376
f 3376 3347 3336
f 3376 3336 3335
f 3346 3010 3012
f 3024 3025 3377
f 3377 3025 3027
f 3377 3027 3378
f 3378 3027 3029
f 3378 3029 3031
f 3023 3024 3379
f 3379 3024 3377
f 3379 3377 3380
f 3380 3377 3378
f 3380 3378 3381
f 3381 3378 3031
f 3381 3031 3033
f 3374 3022 3021
f 3021 3023 3382
f 3382 3023 3379
f 3382 3379 3383
f 3383 3379 3380
f 3383 3380 3384
f 3384 3380 3381
f 3384 3381 3385
f 3385 3381 3033
f 3385 3033 3035
f 3373 3374 3382
f 3382 3374 3021
f 3373 3382 3383
f 3373 3383 3372
f 3372 3383 3384
f 3372 3384 3371
f 3371 3384 3385
f 3371 3385 3370
f 3370 3385 3035
f 3370 3035 3037
f 3047 3386 3045
f 3045 3386 3041
f 3045 3041 3040
f 3041 3386 3042
f 3042 3386 3387
f 3042 3387 3043
f 3043 3387 3388
f 3043 3388 3044
f 3044 3388 3369
f 3386 3047 3389
f 3389 3047 3049
f 3389 3049 3051
f 3051 3390 3389
f 3389 3390 3387
f 3389 3387 3386
f 3387 3390 3388
f 3388 3390 3391
f 3388 3391 3369
f 3369 3391 3368
f 3391 3390 3053
f 3053 3390 3051
f 3368 3391 3055
f 3055 3391 3053
f 3067 3392 3065
f 3065 3392 3061
f 3065 3061 3060
f 3061 3392 3062
f 3062 3392 3393
f 3062 3393 3063
f 3063 3393 3394
f 3063 3394 3064
f 3064 3394 3367
f 3392 3067 3395
f 3395 3067 3069
f 3395 3069 3071
f 3368 3055 3057
f 3071 3396 3395
f 3395 3396 3393
f 3395 3393 3392
f 3393 3396 3394
f 3394 3396 3397
f 3394 3397 3367
f 3367 3397 3366
f 3397 3396 3073
f 3073 3396 3071
f 3366 3397 3075
f 3075 3397 3073
f 3087 3398 3085
f 3085 3398 3081
f 3085 3081 3080
f 3081 3398 3082
f 3082 3398 3399
f 3082 3399 3083
f 3083 3399 3400
f 3083 3400 3084
f 3084 3400 3365
f 3398 3087 3401
f 3401 3087 3089
f 3401 3089 3091
f 3366 3075 3077
f 3398 3401 3399
f 3399 3401 3402
f 3399 3402 3400
f 3400 3402 3403
f 3400 3403 3365
f 3365 3403 3364
f 3402 3401 3091
f 3402 3091 3093
f 3402 3093 3403
f 3403 3093 3095
f 3403 3095 3364
f 3364 3095 3097
f 3106 3111 3107
f 3107 3111 3404
f 3107 3404 3108
f 3108 3404 3405
f 3108 3405 3109
f 3109 3405 3406
f 3109 3406 3110
f 3110 3406 3363
f 3111 3113 3404
f 3404 3113 3115
f 3404 3115 3405
f 3405 3115 3117
f 3405 3117 3406
f 3406 3117 3119
f 3406 3119 3363
f 3363 3119 3121
f 3130 3135 3131
f 3131 3135 3407
f 3131 3407 3132
f 3132 3407 3408
f 3132 3408 3133
f 3133 3408 3409
f 3133 3409 3134
f 3134 3409 3362
f 3135 3137 3407
f 3407 3137 3139
f 3407 3139 3408
f 3408 3139 3141
f 3408 3141 3409
f 3409 3141 3143
f 3409 3143 3362
f 3362 3143 3145
f 3154 3159 3155
f 3155 3159 3410
f 3155 3410 3156
f 3156 3410 3411
f 3156 3411 3157
f 3157 3411 3412
f 3157 3412 3158
f 3158 3412 3361
f 3159 3161 3410
f 3410 3161 3413
f 3410 3413 3411
f 3411 3413 3414
f 3411 3414 3412
f 3412 3414 3415
f 3412 3415 3361
f 3361 3415 3360
f 3163 3165 3413
f 3413 3165 3414
f 3415 3414 3167
f 3167 3414 3165
f 3161 3163 3413
f 3360 3415 3169
f 3169 3415 3167
f 3181 3416 3179
f 3179 3416 3175
f 3179 3175 3174
f 3175 3416 3176
f 3176 3416 3417
f 3176 3417 3177
f 3177 3417 3418
f 3177 3418 3178
f 3178 3418 3359
f 3416 3181 3419
f 3419 3181 3183
f 3419 3183 3185
f 3360 3169 3171
f 3185 3420 3419
f 3419 3420 3417
f 3419 3417 3416
f 3417 3420 3418
f 3418 3420 3421
f 3418 3421 3359
f 3359 3421 3358
f 3421 3420 3187
f 3187 3420 3185
f 3358 3421 3189
f 3189 3421 3187
f 3201 3422 3199
f 3199 3422 3195
f 3199 3195 3194
f 3195 3422 3196
f 3196 3422 3423
f 3196 3423 3197
f 3197 3423 3424
f 3197 3424 3198
f 3198 3424 3357
f 3422 3201 3425
f 3425 3201 3203
f 3425 3203 3205
f 3358 3189 3191
f 3205 3426 3425
f 3425 3426 3423
f 3425 3423 3422
f 3423 3426 3424
f 3424 3426 3427
f 3424 3427 3357
f 3357 3427 3356
f 3427 3426 3207
f 3207 3426 3205
f 3356 3427 3209
f 3209 3427 3207
f 3221 3428 3219
f 3219 3428 3215
f 3219 3215 3214
f 3215 3428 3216
f 3216 3428 3429
f 3216 3429 3217
f 3217 3429 3430
f 3217 3430 3218
f 3218 3430 3355
f 3428 3221 3431
f 3431 3221 3223
f 3431 3223 3225
f 3356 3209 3211
f 3225 3432 3431
f 3431 3432 3429
f 3431 3429 3428
f 3429 3432 3430
f 3430 3432 3433
f 3430 3433 3355
f 3355 3433 3354
f 3433 3432 3227
f 3227 3432 3225
f 3354 3433 3229
f 3229 3433 3227
f 3241 3434 3239
f 3239 3434 3235
f 3239 3235 3234
f 3235 3434 3236
f 3236 3434 3435
f 3236 3435 3237
f 3237 3435 3436
f 3237 3436 3238
f 3238 3436 3353
f 3435 3434 3243
f 3243 3434 3241
f 3354 3229 3231
f 3435 3243 3245
f 3435 3245 3436
f 3436 3245 3247
f 3436 3247 3353
f 3353 3247 3249
f 3258 3263 3259
f 3259 3263 3437
f 3259 3437 3260
f 3260 3437 3438
f 3260 3438 3261
f 3261 3438 3439
f 3261 3439 3262
f 3262 3439 3352
f 3265 3267 3437
f 3437 3267 3438
f 3439 3438 3269
f 3269 3438 3267
f 3263 3265 3437
f 3276 3281 3277
f 3277 3281 3440
f 3277 3440 3278
f 3278 3440 3441
f 3278 3441 3279
f 3279 3441 3442
f 3279 3442 3280
f 3280 3442 3351
f 3439 3269 3271
f 3273 3352 3271
f 3271 3352 3439
f 3281 3283 3440
f 3440 3283 3285
f 3440 3285 3441
f 3441 3285 3287
f 3441 3287 3442
f 3442 3287 3289
f 3442 3289 3351
f 3351 3289 3291
f 3301 3443 3299
f 3299 3443 3295
f 3299 3295 3294
f 3295 3443 3296
f 3296 3443 3444
f 3296 3444 3297
f 3297 3444 3445
f 3297 3445 3298
f 3298 3445 3350
f 3443 3301 3446
f 3446 3301 3303
f 3446 3303 3305
f 3305 3447 3446
f 3446 3447 3444
f 3446 3444 3443
f 3444 3447 3445
f 3445 3447 3448
f 3445 3448 3350
f 3350 3448 3349
f 3448 3447 3307
f 3307 3447 3305
f 3314 3319 3315
f 3315 3319 3449
f 3315 3449 3316
f 3316 3449 3450
f 3316 3450 3317
f 3317 3450 3451
f 3317 3451 3318
f 3318 3451 3348
f 3448 3307 3309
f 3311 3349 3309
f 3309 3349 3448
f 3319 3321 3449
f 3449 3321 3323
f 3449 3323 3450
f 3450 3323 3325
f 3450 3325 3451
f 3451 3325 3327
f 3451 3327 3348
f 3348 3327 3329
f 3339 3452 3337
f 3337 3452 3333
f 3337 3333 3332
f 3333 3452 3334
f 3334 3452 3453
f 3334 3453 3335
f 3335 3453 3376
f 3452 3339 3454
f 3454 3339 3341
f 3454 3341 3343
f 3343 3455 3454
f 3454 3455 3453
f 3454 3453 3452
f 3375 3376 3455
f 3455 3376 3453
f 3375 3455 3345
f 3345 3455 3343
f 3375 3345 3017
f 3008 3456 3009
f 3009 3456 3457
f 3009 3457 3026
f 3026 3457 3458
f 3026 3458 3028
f 3028 3458 3459
f 3028 3459 3039
f 3039 3459 3460
f 3039 3460 3046
f 3046 3460 3461
f 3046 3461 3048
f 3048 3461 3462
f 3048 3462 3059
f 3059 3462 3463
f 3059 3463 3066
f 3066 3463 3464
f 3066 3464 3068
f 3068 3464 3465
f 3068 3465 3079
f 3079 3465 3466
f 3079 3466 3086
f 3086 3466 3467
f 3086 3467 3088
f 3088 3467 3468
f 3088 3468 3099
f 3099 3468 3469
f 3099 3469 3105
f 3105 3469 3470
f 3105 3470 3112
f 3112 3470 3471
f 3112 3471 3123
f 3123 3471 3472
f 3123 3472 3129
f 3129 3472 3473
f 3129 3473 3136
f 3136 3473 3474
f 3136 3474 3147
f 3147 3474 3475
f 3147 3475 3153
f 3153 3475 3476
f 3153 3476 3160
f 3160 3476 3477
f 3160 3477 3162
f 3162 3477 3478
f 3162 3478 3173
f 3173 3478 3479
f 3173 3479 3180
f 3180 3479 3480
f 3180 3480 3182
f 3182 3480 3481
f 3182 3481 3193
f 3193 3481 3482
f 3193 3482 3200
f 3200 3482 3483
f 3200 3483 3202
f 3202 3483 3484
f 3202 3484 3213
f 3213 3484 3485
f 3213 3485 3220
f 3220 3485 3486
f 3220 3486 3222
f 3222 3486 3487
f 3222 3487 3233
f 3233 3487 3488
f 3233 3488 3240
f 3240 3488 3489
f 3240 3489 3251
f 3251 3489 3490
f 3251 3490 3257
f 3257 3490 3491
f 3257 3491 3264
f 3264 3491 3492
f 3264 3492 3275
f 3275 3492 3493
f 3275 3493 3282
f 3282 3493 3494
f 3282 3494 3293
f 3293 3494 3495
f 3293 3495 3300
f 3300 3495 3496
f 3300 3496 3302
f 3302 3496 3497
f 3302 3497 3313
f 3313 3497 3498
f 3313 3498 3320
f 3320 3498 3499
f 3320 3499 3331
f 3331 3499 3500
f 3331 3500 3338
f 3338 3500 3501
f 3338 3501 3340
f 3340 3501 3502
f 3340 3502 3008
f 3008 3502 3456
f 3503 3504 3505
f 3505 3504 3506
f 3505 3506 3507
f 3507 3506 3508
f 3507 3508 3509
f 3509 3508 3510
f 3509 3510 3511
f 3511 3510 3512
f 3511 3512 3513
f 3513 3512 3514
f 3513 3514 3515
f 3515 3514 3516
f 3515 3516 3517
f 3517 3516 3518
f 3517 3518 3519
f 3519 3518 3520
f 3519 3520 3521
f 3521 3520 3522
f 3521 3522 3523
f 3523 3522 3524
f 3523 3524 3525
f 3525 3524 3526
f 3525 3526 3527
f 3527 3526 3528
f 3527 3528 3529
f 3529 3528 3530
f 3529 3530 3531
f 3531 3530 3532
f 3531 3532 3533
f 3533 3532 3534
f 3533 3534 3535
f 3535 3534 3536
f 3535 3536 3537
f 3537 3536 3538
f 3537 3538 3539
f 3539 3538 3540
f 3539 3540 3541
f 3541 3540 3542
f 3541 3542 3543
f 3543 3542 3544
f 3543 3544 3545
f 3545 3544 3546
f 3545 3546 3547
f 3547 3546 3548
f 3547 3548 3549
f 3549 3548 3550
f 3549 3550 3551
f 3551 3550 3552
f 3551 3552 3553
f 3553 3552 3554
f 3553 3554 3555
f 3555 3554 3556
f 3555 3556 3557
f 3557 3556 3558
f 3557 3558 3559
f 3559 3558 3560
f 3559 3560 3561
f 3561 3560 3562
f 3561 3562 3563
f 3563 3562 3564
f 3563 3564 3565
f 3565 3564 3566
f 3565 3566 3567
f 3567 3566 3568
f 3567 3568 3569
f 3569 3568 3570
f 3569 3570 3571
f 3571 3570 3572
f 3571 3572 3573
f 3573 3572 3574
f 3573 3574 3575
f 3575 3574 3576
f 3575 3576 3577
f 3577 3576 3578
f 3577 3578 3579
f 3579 3578 3580
f 3579 3580 3581
f 3581 3580 3582
f 3581 3582 3583
f 3583 3582 3584
f 3583 3584 3585
f 3585 3584 3586
f 3585 3586 3587
f 3587 3586 3588
f 3587 3588 3589
f 3589 3588 3590
f 3589 3590 3591
f 3591 3590 3592
f 3591 3592 3593
f 3593 3592 3594
f 3593 3594 3595
f 3595 3594 3596
f 3595 3596 3597
f 3597 3596 3598
f 3597 3598 3599
f 3599 3598 3600
f 3599 3600 3601
f 3601 3600 3602
f 3601 3602 3603
f 3603 3602 3604
f 3603 3604 3605
f 3605 3604 3606
f 3605 3606 3607
f 3607 3606 3608
f 3607 3608 3609
f 3609 3608 3610
f 3609 3610 3611
f 3611 3610 3612
f 3611 3612 3613
f 3613 3612 3614
f 3613 3614 3615
f 3615 3614 3616
f 3615 3616 3617
f 3617 3616 3618
f 3617 3618 3619
f 3619 3618 3620
f 3619 3620 3621
f 3621 3620 3622
f 3621 3622 3623
f 3623 3622 3624
f 3623 3624 3625
f 3625 3624 3626
f 3625 3626 3627
f 3627 3626 3628
f 3627 3628 3629
f 3629 3628 3630
f 3629 3630 3631
f 3631 3630 3632
f 3631 3632 3633
f 3633 3632 3634
f 3633 3634 3635
f 3635 3634 3636
f 3635 3636 3637
f 3637 3636 3638
f 3637 3638 3639
f 3639 3638 3640
f 3639 3640 3641
f 3641 3640 3642
f 3641 3642 3643
f 3643 3642 3644
f 3643 3644 3645
f 3645 3644 3646
f 3645 3646 3647
f 3647 3646 3648
f 3647 3648 3649
f 3649 3648 3650
f 3649 3650 3651
f 3651 3650 3652
f 3651 3652 3653
f 3653 3652 3654
f 3653 3654 3655
f 3655 3654 3656
f 3655 3656 3657
f 3657 3656 3658
f 3657 3658 3659
f 3659 3658 3660
f 3659 3660 3661
f 3661 3660 3662
f 3661 3662 3663
f 3663 3662 3664
f 3663 3664 3506
f 3506 3664 3665
f 3665 3664 3666
f 3665 3666 3667
f 3667 3666 3668
f 3668 3666 3669
f 3668 3669 3670
f 3670 3669 3671
f 3670 3671 3672
f 3672 3671 3673
f 3672 3673 3674
f 3674 3673 3675
f 3674 3675 3676
f 3676 3675 3677
f 3676 3677 3678
f 3678 3677 3679
f 3678 3679 3680
f 3680 3679 3681
f 3680 3681 3682
f 3682 3681 3683
f 3682 3683 3684
f 3684 3683 3685
f 3684 3685 3459
f 3459 3685 3460
f 3460 3685 3686
f 3460 3686 3461
f 3461 3686 3687
f 3461 3687 3688
f 3688 3687 3689
f 3688 3689 3690
f 3690 3689 3691
f 3690 3691 3692
f 3692 3691 3693
f 3692 3693 3694
f 3694 3693 3695
f 3694 3695 3696
f 3696 3695 3697
f 3696 3697 3698
f 3698 3697 3699
f 3698 3699 3700
f 3700 3699 3701
f 3700 3701 3702
f 3702 3701 3703
f 3702 3703 3704
f 3704 3703 3705
f 3704 3705 3706
f 3706 3705 3650
f 3706 3650 3648
f 3506 3665 3508
f 3508 3665 3707
f 3508 3707 3510
f 3510 3707 3708
f 3510 3708 3512
f 3512 3708 3709
f 3512 3709 3514
f 3514 3709 3710
f 3514 3710 3516
f 3516 3710 3711
f 3516 3711 3518
f 3518 3711 3712
f 3518 3712 3520
f 3520 3712 3713
f 3520 3713 3522
f 3522 3713 3714
f 3522 3714 3524
f 3524 3714 3715
f 3524 3715 3526
f 3526 3715 3716
f 3526 3716 3528
f 3528 3716 3717
f 3528 3717 3530
f 3530 3717 3718
f 3530 3718 3532
f 3532 3718 3719
f 3532 3719 3534
f 3534 3719 3720
f 3534 3720 3536
f 3536 3720 3721
f 3536 3721 3538
f 3538 3721 3722
f 3538 3722 3540
f 3540 3722 3723
f 3540 3723 3542
f 3542 3723 3724
f 3542 3724 3544
f 3544 3724 3725
f 3544 3725 3546
f 3546 3725 3726
f 3546 3726 3548
f 3548 3726 3727
f 3548 3727 3550
f 3550 3727 3728
f 3550 3728 3552
f 3552 3728 3729
f 3552 3729 3554
f 3554 3729 3730
f 3554 3730 3556
f 3556 3730 3731
f 3556 3731 3558
f 3558 3731 3732
f 3558 3732 3560
f 3560 3732 3733
f 3560 3733 3562
f 3562 3733 3734
f 3562 3734 3564
f 3564 3734 3735
f 3564 3735 3566
f 3566 3735 3736
f 3566 3736 3568
f 3568 3736 3737
f 3568 3737 3570
f 3570 3737 3738
f 3570 3738 3572
f 3572 3738 3739
f 3572 3739 3574
f 3574 3739 3740
f 3574 3740 3576
f 3576 3740 3741
f 3576 3741 3578
f 3578 3741 3742
f 3578 3742 3580
f 3580 3742 3743
f 3580 3743 3582
f 3582 3743 3744
f 3582 3744 3584
f 3584 3744 3745
f 3584 3745 3586
f 3586 3745 3746
f 3586 3746 3588
f 3588 3746 3747
f 3588 3747 3590
f 3590 3747 3748
f 3590 3748 3592
f 3592 3748 3749
f 3592 3749 3594
f 3594 3749 3750
f 3594 3750 3596
f 3596 3750 3751
f 3596 3751 3598
f 3598 3751 3752
f 3598 3752 3600
f 3600 3752 3753
f 3600 3753 3602
f 3602 3753 3754
f 3602 3754 3604
f 3604 3754 3755
f 3604 3755 3606
f 3606 3755 3756
f 3606 3756 3608
f 3608 3756 3757
f 3608 3757 3610
f 3610 3757 3758
f 3610 3758 3612
f 3612 3758 3759
f 3612 3759 3614
f 3614 3759 3760
f 3614 3760 3616
f 3616 3760 3761
f 3616 3761 3618
f 3618 3761 3762
f 3618 3762 3620
f 3620 3762 3763
f 3620 3763 3622
f 3622 3763 3764
f 3622 3764 3624
f 3624 3764 3765
f 3624 3765 3626
f 3626 3765 3766
f 3626 3766 3628
f 3628 3766 3767
f 3628 3767 3630
f 3630 3767 3768
f 3630 3768 3632
f 3632 3768 3769
f 3632 3769 3634
f 3634 3769 3770
f 3634 3770 3636
f 3636 3770 3771
f 3636 3771 3638
f 3638 3771 3772
f 3638 3772 3640
f 3640 3772 3773
f 3640 3773 3642
f 3642 3773 3774
f 3642 3774 3644
f 3644 3774 3775
f 3644 3775 3646
f 3646 3775 3776
f 3646 3776 3648
f 3648 3776 3706
f 3665 3667 3707
f 3707 3667 3668
f 3707 3668 3777
f 3777 3668 3670
f 3777 3670 3778
f 3778 3670 3672
f 3778 3672 3779
f 3779 3672 3674
f 3779 3674 3780
f 3780 3674 3781
f 3780 3781 3782
f 3782 3781 3783
f 3782 3783 3784
f 3784 3783 3785
f 3784 3785 3786
f 3786 3785 3787
f 3786 3787 3788
f 3788 3787 3789
f 3788 3789 3790
f 3790 3789 3791
f 3790 3791 3792
f 3792 3791 3793
f 3792 3793 3794
f 3794 3793 3795
f 3794 3795 3796
f 3796 3795 3797
f 3796 3797 3798
f 3798 3797 3799
f 3798 3799 3800
f 3800 3799 3801
f 3800 3801 3802
f 3802 3801 3803
f 3802 3803 3804
f 3804 3803 3805
f 3804 3805 3806
f 3806 3805 3807
f 3806 3807 3808
f 3808 3807 3809
f 3808 3809 3810
f 3810 3809 3811
f 3810 3811 3812
f 3812 3811 3813
f 3812 3813 3814
f 3814 3813 3815
f 3814 3815 3816
f 3816 3815 3817
f 3816 3817 3818
f 3818 3817 3819
f 3818 3819 3820
f 3820 3819 3821
f 3820 3821 3822
f 3822 3821 3823
f 3822 3823 3824
f 3824 3823 3825
f 3824 3825 3826
f 3826 3825 3827
f 3826 3827 3828
f 3828 3827 3829
f 3828 3829 3830
f 3830 3829 3831
f 3830 3831 3832
f 3832 3831 3833
f 3832 3833 3834
f 3834 3833 3835
f 3834 3835 3836
f 3836 3835 3837
f 3836 3837 3838
f 3838 3837 3839
f 3838 3839 3840
f 3840 3839 3841
f 3840 3841 3842
f 3842 3841 3843
f 3842 3843 3844
f 3844 3843 3845
f 3844 3845 3846
f 3846 3845 3847
f 3846 3847 3848
f 3848 3847 3849
f 3848 3849 3850
f 3850 3849 3851
f 3850 3851 3852
f 3852 3851 3853
f 3852 3853 3854
f 3854 3853 3855
f 3854 3855 3856
f 3856 3855 3857
f 3856 3857 3858
f 3858 3857 3859
f 3858 3859 3860
f 3860 3859 3861
f 3860 3861 3862
f 3862 3861 3863
f 3862 3863 3864
f 3864 3863 3865
f 3864 3865 3866
f 3866 3865 3867
f 3866 3867 3868
f 3868 3867 3869
f 3868 3869 3870
f 3870 3869 3871
f 3870 3871 3872
f 3872 3871 3873
f 3872 3873 3874
f 3874 3873 3875
f 3874 3875 3876
f 3876 3875 3877
f 3876 3877 3878
f 3878 3877 3879
f 3878 3879 3880
f 3880 3879 3881
f 3880 3881 3882
f 3882 3881 3883
f 3882 3883 3884
f 3884 3883 3885
f 3884 3885 3886
f 3886 3885 3887
f 3886 3887 3888
f 3888 3887 3889
f 3888 3889 3890
f 3890 3889 3891
f 3890 3891 3892
f 3892 3891 3893
f 3892 3893 3894
f 3894 3893 3895
f 3894 3895 3896
f 3896 3895 3897
f 3896 3897 3898
f 3898 3897 3899
f 3898 3899 3900
f 3900 3899 3901
f 3900 3901 3902
f 3902 3901 3903
f 3902 3903 3904
f 3904 3903 3905
f 3904 3905 3906
f 3906 3905 3907
f 3906 3907 3908
f 3908 3907 3909
f 3908 3909 3910
f 3910 3909 3911
f 3910 3911 3912
f 3912 3911 3913
f 3912 3913 3914
f 3914 3913 3915
f 3914 3915 3916
f 3916 3915 3917
f 3916 3917 3918
f 3918 3917 3919
f 3918 3919 3698
f 3698 3919 3696
f 3674 3920 3781
f 3781 3920 3921
f 3781 3921 3783
f 3783 3921 3922
f 3783 3922 3785
f 3785 3922 3923
f 3785 3923 3787
f 3787 3923 3924
f 3787 3924 3789
f 3789 3924 3925
f 3789 3925 3791
f 3791 3925 3926
f 3791 3926 3793
f 3793 3926 3927
f 3793 3927 3795
f 3795 3927 3928
f 3795 3928 3797
f 3797 3928 3929
f 3797 3929 3799
f 3799 3929 3930
f 3799 3930 3801
f 3801 3930 3931
f 3801 3931 3803
f 3803 3931 3932
f 3803 3932 3805
f 3805 3932 3933
f 3805 3933 3807
f 3807 3933 3934
f 3807 3934 3809
f 3809 3934 3935
f 3809 3935 3811
f 3811 3935 3936
f 3811 3936 3813
f 3813 3936 3937
f 3813 3937 3815
f 3815 3937 3938
f 3815 3938 3817
f 3817 3938 3939
f 3817 3939 3819
f 3819 3939 3940
f 3819 3940 3821
f 3821 3940 3941
f 3821 3941 3823
f 3823 3941 3942
f 3823 3942 3825
f 3825 3942 3943
f 3825 3943 3827
f 3827 3943 3944
f 3827 3944 3829
f 3829 3944 3945
f 3829 3945 3831
f 3831 3945 3946
f 3831 3946 3833
f 3833 3946 3947
f 3833 3947 3835
f 3835 3947 3948
f 3835 3948 3837
f 3837 3948 3949
f 3837 3949 3839
f 3839 3949 3950
f 3839 3950 3841
f 3841 3950 3951
f 3841 3951 3843
f 3843 3951 3952
f 3843 3952 3845
f 3845 3952 3953
f 3845 3953 3847
f 3847 3953 3954
f 3847 3954 3849
f 3849 3954 3955
f 3849 3955 3851
f 3851 3955 3956
f 3851 3956 3853
f 3853 3956 3957
f 3853 3957 3855
f 3855 3957 3958
f 3855 3958 3857
f 3857 3958 3959
f 3857 3959 3859
f 3859 3959 3960
f 3859 3960 3861
f 3861 3960 3961
f 3861 3961 3863
f 3863 3961 3962
f 3863 3962 3865
f 3865 3962 3963
f 3865 3963 3867
f 3867 3963 3964
f 3867 3964 3869
f 3869 3964 3965
f 3869 3965 3871
f 3871 3965 3966
f 3871 3966 3873
f 3873 3966 3967
f 3873 3967 3875
f 3875 3967 3968
f 3875 3968 3877
f 3877 3968 3969
f 3877 3969 3879
f 3879 3969 3970
f 3879 3970 3881
f 3881 3970 3971
f 3881 3971 3883
f 3883 3971 3972
f 3883 3972 3885
f 3885 3972 3973
f 3885 3973 3887
f 3887 3973 3974
f 3887 3974 3889
f 3889 3974 3975
f 3889 3975 3891
f 3891 3975 3976
f 3891 3976 3893
f 3893 3976 3977
f 3893 3977 3895
f 3895 3977 3978
f 3895 3978 3897
f 3897 3978 3979
f 3897 3979 3899
f 3899 3979 3980
f 3899 3980 3901
f 3901 3980 3981
f 3901 3981 3903
f 3903 3981 3982
f 3903 3982 3905
f 3905 3982 3983
f 3905 3983 3907
f 3907 3983 3984
f 3907 3984 3909
f 3909 3984 3985
f 3909 3985 3911
f 3911 3985 3986
f 3911 3986 3913
f 3913 3986 3987
f 3913 3987 3915
f 3915 3987 3988
f 3915 3988 3917
f 3917 3988 3989
f 3917 3989 3919
f 3919 3989 3990
f 3919 3990 3696
f 3696 3990 3694
f 3920 3991 3921
f 3921 3991 3992
f 3921 3992 3922
f 3922 3992 3993
f 3922 3993 3923
f 3923 3993 3994
f 3923 3994 3924
f 3924 3994 3995
f 3924 3995 3925
f 3925 3995 3996
f 3925 3996 3926
f 3926 3996 3997
f 3926 3997 3927
f 3927 3997 3998
f 3927 3998 3928
f 3928 3998 3999
f 3928 3999 3929
f 3929 3999 4000
f 3929 4000 3930
f 3930 4000 4001
f 3930 4001 3931
f 3931 4001 4002
f 3931 4002 3932
f 3932 4002 4003
f 3932 4003 3933
f 3933 4003 4004
f 3933 4004 3934
f 3934 4004 4005
f 3934 4005 3935
f 3935 4005 4006
f 3935 4006 3936
f 3936 4006 4007
f 3936 4007 3937
f 3937 4007 4008
f 3937 4008 3938
f 3938 4008 4009
f 3938 4009 3939
f 3939 4009 4010
f 3939 4010 3940
f 3940 4010 4011
f 3940 4011 3941
f 3941 4011 4012
f 3941 4012 3942
f 3942 4012 4013
f 3942 4013 3943
f 3943 4013 4014
f 3943 4014 3944
f 3944 4014 4015
f 3944 4015 3945
f 3945 4015 4016
f 3945 4016 3946
f 3946 4016 4017
f 3946 4017 3947
f 3947 4017 4018
f 3947 4018 3948
f 3948 4018 4019
f 3948 4019 3949
f 3949 4019 4020
f 3949 4020 3950
f 3950 4020 4021
f 3950 4021 3951
f 3951 4021 4022
f 3951 4022 3952
f 3952 4022 4023
f 3952 4023 3953
f 3953 4023 4024
f 3953 4024 3954
f 3954 4024 4025
f 3954 4025 3955
f 3955 4025 4026
f 3955 4026 3956
f 3956 4026 4027
f 3956 4027 3957
f 3957 4027 4028
f 3957 4028 3958
f 3958 4028 4029
f 3958 4029 3959
f 3959 4029 4030
f 3959 4030 3960
f 3960 4030 4031
f 3960 4031 3961
f 3961 4031 4032
f 3961 4032 3962
f 3962 4032 4033
f 3962 4033 3963
f 3963 4033 4034
f 3963 4034 3964
f 3964 4034 4035
f 3964 4035 3965
f 3965 4035 4036
f 3965 4036 3966
f 3966 4036 4037
f 3966 4037 3967
f 3967 4037 4038
f 3967 4038 3968
f 3968 4038 4039
f 3968 4039 3969
f 3969 4039 4040
f 3969 4040 3970
f 3970 4040 4041
f 3970 4041 3971
f 3971 4041 4042
f 3971 4042 3972
f 3972 4042 4043
f 3972 4043 3973
f 3973 4043 4044
f 3973 4044 3974
f 3974 4044 4045
f 3974 4045 3975
f 3975 4045 4046
f 3975 4046 3976
f 3976 4046 4047
f 3976 4047 3977
f 3977 4047 4048
f 3977 4048 3978
f 3978 4048 4049
f 3978 4049 3979
f 3979 4049 4050
f 3979 4050 3980
f 3980 4050 4051
f 3980 4051 3981
f 3981 4051 4052
f 3981 4052 3982
f 3982 4052 4053
f 3982 4053 3983
f 3983 4053 4054
f 3983 4054 3984
f 3984 4054 4055
f 3984 4055 3985
f 3985 4055 4056
f 3985 4056 3986
f 3986 4056 4057
f 3986 4057 3987
f 3987 4057 4058
f 3987 4058 3988
f 3988 4058 4059
f 3988 4059 3989
f 3989 4059 4060
f 3989 4060 3990
f 3990 4060 4061
f 3990 4061 3694
f 3694 4061 3692
f 3992 3991 4062
f 4062 3991 4063
f 4062 4063 4064
f 4064 4063 3456
f 4064 3456 3502
f 3501 4065 3502
f 3502 4065 4066
f 3502 4066 4064
f 4064 4066 4067
f 4064 4067 4062
f 4062 4067 3993
f 4062 3993 3992
f 3500 4068 3501
f 3501 4068 4069
f 3501 4069 4065
f 4065 4069 4070
f 4065 4070 4071
f 4071 4070 3995
f 4071 3995 3994
f 4068 3500 4072
f 4072 3500 3499
f 4072 3499 4073
f 4073 3499 4074
f 4073 4074 4075
f 4075 4074 4076
f 4075 4076 4000
f 4000 4076 4001
f 3499 3498 4074
f 4074 3498 4077
f 4074 4077 4076
f 4076 4077 4078
f 4076 4078 4001
f 4001 4078 4002
f 4077 3498 4079
f 4079 3498 3497
f 4079 3497 4080
f 4080 3497 4081
f 4080 4081 4082
f 4082 4081 4083
f 4082 4083 4004
f 4004 4083 4005
f 3497 3496 4081
f 4081 3496 4084
f 4081 4084 4083
f 4083 4084 4085
f 4083 4085 4005
f 4005 4085 4006
f 4084 3496 4086
f 4086 3496 3495
f 4086 3495 4087
f 4087 3495 3494
f 4087 3494 4088
f 4088 3494 4089
f 4088 4089 4090
f 4090 4089 4091
f 4090 4091 4009
f 4009 4091 4010
f 3494 3493 4089
f 4089 3493 4092
f 4089 4092 4091
f 4091 4092 4093
f 4091 4093 4010
f 4010 4093 4011
f 4092 3493 4094
f 4094 3493 3492
f 4094 3492 4095
f 4095 3492 4096
f 4095 4096 4097
f 4097 4096 4098
f 4097 4098 4013
f 4013 4098 4014
f 3492 3491 4096
f 4096 3491 4099
f 4096 4099 4098
f 4098 4099 4100
f 4098 4100 4014
f 4014 4100 4015
f 4099 3491 4101
f 4101 3491 3490
f 4101 3490 4102
f 4102 3490 4103
f 4102 4103 4104
f 4104 4103 4105
f 4104 4105 4017
f 4017 4105 4018
f 3490 3489 4103
f 4103 3489 4106
f 4103 4106 4105
f 4105 4106 4107
f 4105 4107 4018
f 4018 4107 4019
f 3489 3488 4106
f 4106 3488 4108
f 4106 4108 4107
f 4107 4108 4109
f 4107 4109 4019
f 4019 4109 4020
f 4108 3488 4110
f 4110 3488 3487
f 4110 3487 4111
f 4111 3487 4112
f 4111 4112 4113
f 4113 4112 4114
f 4113 4114 4022
f 4022 4114 4023
f 3487 3486 4112
f 4112 3486 4115
f 4112 4115 4114
f 4114 4115 4116
f 4114 4116 4023
f 4023 4116 4024
f 4115 3486 4117
f 4117 3486 3485
f 4117 3485 4118
f 4118 3485 3484
f 4118 3484 4119
f 4119 3484 4120
f 4119 4120 4121
f 4121 4120 4122
f 4121 4122 4027
f 4027 4122 4028
f 3484 3483 4120
f 4120 3483 4123
f 4120 4123 4122
f 4122 4123 4124
f 4122 4124 4028
f 4028 4124 4029
f 4123 3483 4125
f 4125 3483 3482
f 4125 3482 4126
f 4126 3482 3481
f 4126 3481 4127
f 4127 3481 4128
f 4127 4128 4129
f 4129 4128 4130
f 4129 4130 4032
f 4032 4130 4033
f 3481 3480 4128
f 4128 3480 4131
f 4128 4131 4130
f 4130 4131 4132
f 4130 4132 4033
f 4033 4132 4034
f 4131 3480 4133
f 4133 3480 3479
f 4133 3479 4134
f 4134 3479 3478
f 4134 3478 4135
f 4135 3478 4136
f 4135 4136 4137
f 4137 4136 4138
f 4137 4138 4037
f 4037 4138 4038
f 3478 3477 4136
f 4136 3477 4139
f 4136 4139 4138
f 4138 4139 4140
f 4138 4140 4038
f 4038 4140 4039
f 4139 3477 4141
f 4141 3477 3476
f 4141 3476 4142
f 4142 3476 3475
f 4142 3475 4143
f 4143 3475 4144
f 4143 4144 4145
f 4145 4144 4146
f 4145 4146 4042
f 4042 4146 4043
f 3475 3474 4144
f 4144 3474 4147
f 4144 4147 4146
f 4146 4147 4148
f 4146 4148 4043
f 4043 4148 4044
f 3474 3473 4147
f 4147 3473 4149
f 4147 4149 4148
f 4148 4149 4150
f 4148 4150 4044
f 4044 4150 4045
f 4149 3473 4151
f 4151 3473 3472
f 4151 3472 4152
f 4152 3472 4153
f 4152 4153 4154
f 4154 4153 4155
f 4154 4155 4047
f 4047 4155 4048
f 3472 3471 4153
f 4153 3471 4156
f 4153 4156 4155
f 4155 4156 4157
f 4155 4157 4048
f 4048 4157 4049
f 3471 3470 4156
f 4156 3470 4158
f 4156 4158 4157
f 4157 4158 4159
f 4157 4159 4049
f 4049 4159 4050
f 4158 3470 4160
f 4160 3470 3469
f 4160 3469 4161
f 4161 3469 4162
f 4161 4162 4163
f 4163 4162 4164
f 4163 4164 4052
f 4052 4164 4053
f 3469 3468 4162
f 4162 3468 4165
f 4162 4165 4164
f 4164 4165 4166
f 4164 4166 4053
f 4053 4166 4054
f 3468 3467 4165
f 4165 3467 4167
f 4165 4167 4166
f 4166 4167 4168
f 4166 4168 4054
f 4054 4168 4055
f 4167 3467 4169
f 4169 3467 3466
f 4169 3466 4170
f 4170 3466 3465
f 4170 3465 4171
f 4171 3465 4172
f 4171 4172 4173
f 4173 4172 4174
f 4173 4174 4058
f 4058 4174 4059
f 3465 3464 4172
f 4172 3464 4175
f 4172 4175 4174
f 4174 4175 4176
f 4174 4176 4059
f 4059 4176 4060
f 4175 3464 4177
f 4177 3464 3463
f 4177 3463 4178
f 4178 3463 3462
f 4178 3462 4179
f 4179 3462 3688
f 4179 3688 3690
f 3462 3461 3688
f 3684 3459 4180
f 4180 3459 3458
f 4180 3458 4181
f 4181 3458 4182
f 4181 4182 4183
f 4183 4182 4184
f 4183 4184 4185
f 4185 4184 3991
f 4185 3991 4186
f 4186 3991 3920
f 4186 3920 3676
f 3676 3920 3674
f 3458 3457 4182
f 4182 3457 4187
f 4182 4187 4184
f 4184 4187 4063
f 4184 4063 3991
f 3457 3456 4187
f 4187 3456 4063
f 3663 3506 4188
f 4188 3506 3504
f 4188 3504 3503
f 4188 3503 4189
f 4189 3503 4190
f 4190 3503 4191
f 4191 3503 4192
f 4192 3503 4193
f 4193 3503 4194
f 4194 3503 4195
f 4195 3503 4196
f 4196 3503 4197
f 4197 3503 4198
f 4198 3503 4199
f 4199 3503 4200
f 4200 3503 4201
f 4201 3503 4202
f 4202 3503 4203
f 4203 3503 4204
f 4204 3503 4205
f 4205 3503 4206
f 4206 3503 4207
f 4207 3503 4208
f 4208 3503 4209
f 4209 3503 4210
f 4210 3503 4211
f 4211 3503 4212
f 4212 3503 4213
f 4214 3503 4215
f 4215 3503 4216
f 4216 3503 4217
f 4217 3503 4218
f 4218 3503 4219
f 4219 3503 4220
f 4220 3503 4221
f 4221 3503 4222
f 4222 3503 4223
f 4223 3503 4224
f 4224 3503 4225
f 4225 3503 4226
f 4226 3503 4227
f 4227 3503 4228
f 4228 3503 4229
f 4229 3503 4230
f 4230 3503 4231
f 4231 3503 4232
f 4232 3503 4233
f 4233 3503 4234
f 4234 3503 4235
f 4235 3503 4236
f 4236 3503 4237
f 4237 3503 4238
f 4238 3503 4239
f 4240 3503 4241
f 4241 3503 4242
f 4242 3503 4243
f 4243 3503 4244
f 4244 3503 4245
f 4245 3503 4246
f 4246 3503 4247
f 4247 3503 4248
f 4248 3503 4249
f 4249 3503 4250
f 4250 3503 4251
f 4251 3503 4252
f 4252 3503 4253
f 4253 3503 4254
f 4254 3503 4255
f 4255 3503 4256
f 4256 3503 4257
f 4257 3503 4258
f 4258 3503 4259
f 4259 3503 4260
f 4260 3503 4261
f 4261 3503 4262
f 4262 3503 4263
f 4263 3503 4264
f 4264 3503 4265
f 4265 3503 3505
f 3779 3780 4266
f 4266 3780 3782
f 4266 3782 4267
f 4267 3782 3784
f 4267 3784 4268
f 4268 3784 3786
f 4268 3786 4269
f 4269 3786 3788
f 4269 3788 4270
f 4270 3788 3790
f 4270 3790 4271
f 4271 3790 3792
f 4271 3792 4272
f 4272 3792 3794
f 4272 3794 4273
f 4273 3794 3796
f 4273 3796 4274
f 4274 3796 3798
f 4274 3798 4275
f 4275 3798 3800
f 4275 3800 4276
f 4276 3800 3802
f 4276 3802 4277
f 4277 3802 3804
f 4277 3804 4278
f 4278 3804 3806
f 4278 3806 4279
f 4279 3806 3808
f 4279 3808 4280
f 4280 3808 3810
f 4280 3810 4281
f 4281 3810 3812
f 4281 3812 4282
f 4282 3812 3814
f 4282 3814 4283
f 4283 3814 3816
f 4283 3816 4284
f 4284 3816 3818
f 4284 3818 4285
f 4285 3818 3820
f 4285 3820 4286
f 4286 3820 3822
f 4286 3822 4287
f 4287 3822 3824
f 4287 3824 4288
f 4288 3824 3826
f 4288 3826 4289
f 4289 3826 3828
f 4289 3828 4290
f 4290 3828 3830
f 4290 3830 4291
f 4291 3830 3832
f 4291 3832 4292
f 4292 3832 3834
f 4292 3834 4293
f 4293 3834 3836
f 4293 3836 4294
f 4294 3836 3838
f 4294 3838 4295
f 4295 3838 3840
f 4295 3840 4296
f 4296 3840 3842
f 4296 3842 4297
f 4297 3842 3844
f 4297 3844 4298
f 4298 3844 3846
f 4298 3846 4299
f 4299 3846 3848
f 4299 3848 4300
f 4300 3848 3850
f 4300 3850 4301
f 4301 3850 3852
f 4301 3852 4302
f 4302 3852 3854
f 4302 3854 4303
f 4303 3854 3856
f 4303 3856 4304
f 4304 3856 3858
f 4304 3858 4305
f 4305 3858 3860
f 4305 3860 4306
f 4306 3860 3862
f 4306 3862 4307
f 4307 3862 3864
f 4307 3864 4308
f 4308 3864 3866
f 4308 3866 4309
f 4309 3866 3868
f 4309 3868 4310
f 4310 3868 3870
f 4310 3870 4311
f 4311 3870 3872
f 4311 3872 4312
f 4312 3872 3874
f 4312 3874 4313
f 4313 3874 3876
f 4313 3876 4314
f 4314 3876 3878
f 4314 3878 4315
f 4315 3878 3880
f 4315 3880 4316
f 4316 3880 3882
f 4316 3882 4317
f 4317 3882 3884
f 4317 3884 4318
f 4318 3884 3886
f 4318 3886 4319
f 4319 3886 3888
f 4319 3888 4320
f 4320 3888 3890
f 4320 3890 4321
f 4321 3890 3892
f 4321 3892 4322
f 4322 3892 3894
f 4322 3894 4323
f 4323 3894 3896
f 4323 3896 4324
f 4324 3896 3898
f 4324 3898 4325
f 4325 3898 3900
f 4325 3900 4326
f 4326 3900 3902
f 4326 3902 4327
f 4327 3902 3904
f 4327 3904 4328
f 4328 3904 3906
f 4328 3906 4329
f 4329 3906 3908
f 4329 3908 4330
f 4330 3908 3910
f 4330 3910 4331
f 4331 3910 3912
f 4331 3912 4332
f 4332 3912 3914
f 4332 3914 4333
f 4333 3914 3916
f 4333 3916 4334
f 4334 3916 3918
f 4334 3918 3700
f 3700 3918 3698
f 3778 3779 4335
f 4335 3779 4266
f 4335 4266 4336
f 4336 4266 4267
f 4336 4267 4337
f 4337 4267 4268
f 4337 4268 4338
f 4338 4268 4269
f 4338 4269 4339
f 4339 4269 4270
f 4339 4270 4340
f 4340 4270 4271
f 4340 4271 4341
f 4341 4271 4272
f 4341 4272 4342
f 4342 4272 4273
f 4342 4273 4343
f 4343 4273 4274
f 4343 4274 4344
f 4344 4274 4275
f 4344 4275 4345
f 4345 4275 4276
f 4345 4276 4346
f 4346 4276 4277
f 4346 4277 4347
f 4347 4277 4278
f 4347 4278 4348
f 4348 4278 4279
f 4348 4279 4349
f 4349 4279 4280
f 4349 4280 4350
f 4350 4280 4281
f 4350 4281 4351
f 4351 4281 4282
f 4351 4282 4352
f 4352 4282 4283
f 4352 4283 4353
f 4353 4283 4284
f 4353 4284 4354
f 4354 4284 4285
f 4354 4285 4355
f 4355 4285 4286
f 4355 4286 4356
f 4356 4286 4287
f 4356 4287 4357
f 4357 4287 4288
f 4357 4288 4358
f 4358 4288 4289
f 4358 4289 4359
f 4359 4289 4290
f 4359 4290 4360
f 4360 4290 4291
f 4360 4291 4361
f 4361 4291 4292
f 4361 4292 4362
f 4362 4292 4293
f 4362 4293 4363
f 4363 4293 4294
f 4363 4294 4364
f 4364 4294 4295
f 4364 4295 4365
f 4365 4295 4296
f 4365 4296 4366
f 4366 4296 4297
f 4366 4297 4367
f 4367 4297 4298
f 4367 4298 4368
f 4368 4298 4299
f 4368 4299 4369
f 4369 4299 4300
f 4369 4300 4370
f 4370 4300 4301
f 4370 4301 4371
f 4371 4301 4302
f 4371 4302 4372
f 4372 4302 4303
f 4372 4303 4373
f 4373 4303 4304
f 4373 4304 4374
f 4374 4304 4305
f 4374 4305 4375
f 4375 4305 4306
f 4375 4306 4376
f 4376 4306 4307
f 4376 4307 4377
f 4377 4307 4308
f 4377 4308 4378
f 4378 4308 4309
f 4378 4309 4379
f 4379 4309 4310
f 4379 4310 4380
f 4380 4310 4311
f 4380 4311 4381
f 4381 4311 4312
f 4381 4312 4382
f 4382 4312 4313
f 4382 4313 4383
f 4383 4313 4314
f 4383 4314 4384
f 4384 4314 4315
f 4384 4315 4385
f 4385 4315 4316
f 4385 4316 4386
f 4386 4316 4317
f 4386 4317 4387
f 4387 4317 4318
f 4387 4318 4388
f 4388 4318 4319
f 4388 4319 4389
f 4389 4319 4320
f 4389 4320 4390
f 4390 4320 4321
f 4390 4321 4391
f 4391 4321 4322
f 4391 4322 4392
f 4392 4322 4323
f 4392 4323 4393
f 4393 4323 4324
f 4393 4324 4394
f 4394 4324 4325
f 4394 4325 4395
f 4395 4325 4326
f 4395 4326 4396
f 4396 4326 4327
f 4396 4327 4397
f 4397 4327 4328
f 4397 4328 4398
f 4398 4328 4329
f 4398 4329 4399
f 4399 4329 4330
f 4399 4330 4400
f 4400 4330 4331
f 4400 4331 4401
f 4401 4331 4332
f 4401 4332 4402
f 4402 4332 4333
f 4402 4333 4403
f 4403 4333 4334
f 4403 4334 3702
f 3702 4334 3700
f 3708 3707 3777
f 3777 3778 4404
f 4404 3778 4335
f 4404 4335 4405
f 4405 4335 4336
f 4405 4336 4406
f 4406 4336 4337
f 4406 4337 4407
f 4407 4337 4338
f 4407 4338 4408
f 4408 4338 4339
f 4408 4339 4409
f 4409 4339 4340
f 4409 4340 4410
f 4410 4340 4341
f 4410 4341 4411
f 4411 4341 4342
f 4411 4342 4412
f 4412 4342 4343
f 4412 4343 4413
f 4413 4343 4344
f 4413 4344 4414
f 4414 4344 4345
f 4414 4345 4415
f 4415 4345 4346
f 4415 4346 4416
f 4416 4346 4347
f 4416 4347 4417
f 4417 4347 4348
f 4417 4348 4418
f 4418 4348 4349
f 4418 4349 4419
f 4419 4349 4350
f 4419 4350 4420
f 4420 4350 4351
f 4420 4351 4421
f 4421 4351 4352
f 4421 4352 4422
f 4422 4352 4353
f 4422 4353 4423
f 4423 4353 4354
f 4423 4354 4424
f 4424 4354 4355
f 4424 4355 4425
f 4425 4355 4356
f 4425 4356 4426
f 4426 4356 4357
f 4426 4357 4427
f 4427 4357 4358
f 4427 4358 4428
f 4428 4358 4359
f 4428 4359 4429
f 4429 4359 4360
f 4429 4360 4430
f 4430 4360 4361
f 4430 4361 4431
f 4431 4361 4362
f 4431 4362 4432
f 4432 4362 4363
f 4432 4363 4433
f 4433 4363 4364
f 4433 4364 4434
f 4434 4364 4365
f 4434 4365 4435
f 4435 4365 4366
f 4435 4366 4436
f 4436 4366 4367
f 4436 4367 4437
f 4437 4367 4368
f 4437 4368 4438
f 4438 4368 4369
f 4438 4369 4439
f 4439 4369 4370
f 4439 4370 4440
f 4440 4370 4371
f 4440 4371 4441
f 4441 4371 4372
f 4441 4372 4442
f 4442 4372 4373
f 4442 4373 4443
f 4443 4373 4374
f 4443 4374 4444
f 4444 4374 4375
f 4444 4375 4445
f 4445 4375 4376
f 4445 4376 4446
f 4446 4376 4377
f 4446 4377 4447
f 4447 4377 4378
f 4447 4378 4448
f 4448 4378 4379
f 4448 4379 4449
f 4449 4379 4380
f 4449 4380 4450
f 4450 4380 4381
f 4450 4381 4451
f 4451 4381 4382
f 4451 4382 4452
f 4452 4382 4383
f 4452 4383 4453
f 4453 4383 4384
f 4453 4384 4454
f 4454 4384 4385
f 4454 4385 4455
f 4455 4385 4386
f 4455 4386 4456
f 4456 4386 4387
f 4456 4387 4457
f 4457 4387 4388
f 4457 4388 4458
f 4458 4388 4389
f 4458 4389 4459
f 4459 4389 4390
f 4459 4390 4460
f 4460 4390 4391
f 4460 4391 4461
f 4461 4391 4392
f 4461 4392 4462
f 4462 4392 4393
f 4462 4393 4463
f 4463 4393 4394
f 4463 4394 4464
f 4464 4394 4395
f 4464 4395 4465
f 4465 4395 4396
f 4465 4396 4466
f 4466 4396 4397
f 4466 4397 4467
f 4467 4397 4398
f 4467 4398 4468
f 4468 4398 4399
f 4468 4399 4469
f 4469 4399 4400
f 4469 4400 4470
f 4470 4400 4401
f 4470 4401 4471
f 4471 4401 4402
f 4471 4402 4472
f 4472 4402 4403
f 4472 4403 3704
f 3704 4403 3702
f 4265 3505 3507
f 4265 3507 3509
f 3994 3993 4067
f 4065 4071 4066
f 4066 4071 4067
f 4071 3994 4067
f 3709 3708 4404
f 4404 3708 3777
f 3709 4404 4405
f 4264 4265 3509
f 4264 3509 3511
f 3996 3995 4070
f 4070 4069 4473
f 4473 4069 4068
f 4473 4068 4474
f 4474 4068 4072
f 4474 4072 4475
f 4475 4072 4073
f 4475 4073 4075
f 3709 4405 3710
f 3710 4405 4406
f 3710 4406 3711
f 3711 4406 4407
f 3711 4407 3712
f 3712 4407 4408
f 3712 4408 3713
f 3713 4408 4409
f 3713 4409 3714
f 3714 4409 4410
f 3714 4410 3715
f 3715 4410 4411
f 3715 4411 3716
f 3716 4411 4412
f 3716 4412 3717
f 3717 4412 4413
f 3717 4413 3718
f 3718 4413 4414
f 3718 4414 3719
f 3719 4414 4415
f 3719 4415 3720
f 3720 4415 4416
f 3720 4416 3721
f 3721 4416 4417
f 3721 4417 3722
f 3722 4417 4418
f 3722 4418 3723
f 3723 4418 4419
f 3723 4419 3724
f 3724 4419 4420
f 3724 4420 3725
f 3725 4420 4421
f 3725 4421 3726
f 3726 4421 4422
f 3726 4422 3727
f 3727 4422 4423
f 3727 4423 3728
f 3728 4423 4424
f 3728 4424 3729
f 3729 4424 4425
f 3729 4425 3730
f 3730 4425 4426
f 3730 4426 3731
f 3731 4426 4427
f 3731 4427 3732
f 3732 4427 4428
f 3732 4428 3733
f 3733 4428 4429
f 3733 4429 3734
f 3734 4429 4430
f 3734 4430 3735
f 3735 4430 4431
f 3735 4431 3736
f 3736 4431 4432
f 3736 4432 3737
f 3737 4432 4433
f 3737 4433 3738
f 3738 4433 4434
f 3738 4434 3739
f 3739 4434 4435
f 3739 4435 3740
f 3740 4435 4436
f 3740 4436 3741
f 3741 4436 4437
f 3741 4437 3742
f 3742 4437 4438
f 3742 4438 3743
f 3743 4438 4439
f 3743 4439 3744
f 3744 4439 4440
f 3744 4440 3745
f 3745 4440 4441
f 3745 4441 3746
f 3746 4441 4442
f 3746 4442 3747
f 3747 4442 4443
f 3747 4443 3748
f 3748 4443 4444
f 3748 4444 3749
f 3749 4444 4445
f 3749 4445 3750
f 3750 4445 4446
f 3750 4446 3751
f 3751 4446 4447
f 3751 4447 3752
f 3752 4447 4448
f 3752 4448 3753
f 3753 4448 4449
f 3753 4449 3754
f 3754 4449 4450
f 3754 4450 3755
f 3755 4450 4451
f 3755 4451 3756
f 3756 4451 4452
f 3756 4452 3757
f 3757 4452 4453
f 3757 4453 3758
f 3758 4453 4454
f 3758 4454 3759
f 3759 4454 4455
f 3759 4455 3760
f 3760 4455 4456
f 3760 4456 3761
f 3761 4456 4457
f 3761 4457 3762
f 3762 4457 4458
f 3762 4458 3763
f 3763 4458 4459
f 3763 4459 3764
f 3764 4459 4460
f 3764 4460 3765
f 3765 4460 4461
f 3765 4461 3766
f 3766 4461 4462
f 3766 4462 3767
f 3767 4462 4463
f 3767 4463 3768
f 3768 4463 4464
f 3768 4464 3769
f 3769 4464 4465
f 3769 4465 3770
f 3770 4465 4466
f 3770 4466 3771
f 3771 4466 4467
f 3771 4467 3772
f 3772 4467 4468
f 3772 4468 3773
f 3773 4468 4469
f 3773 4469 3774
f 3774 4469 4470
f 3774 4470 3775
f 3775 4470 4471
f 3775 4471 3776
f 3776 4471 4472
f 3776 4472 3706
f 3706 4472 3704
f 4264 3511 4263
f 4263 3511 3513
f 4263 3513 4262
f 4262 3513 3515
f 4262 3515 4261
f 4261 3515 3517
f 4261 3517 4260
f 4260 3517 3519
f 4260 3519 4259
f 4259 3519 3521
f 4259 3521 4258
f 4258 3521 3523
f 4258 3523 4257
f 4257 3523 3525
f 4257 3525 4256
f 4256 3525 3527
f 4256 3527 4255
f 4255 3527 3529
f 4255 3529 4254
f 4254 3529 3531
f 4254 3531 4253
f 4253 3531 3533
f 4253 3533 4252
f 4252 3533 3535
f 4252 3535 4251
f 4251 3535 3537
f 4251 3537 4250
f 4250 3537 3539
f 4250 3539 4249
f 4249 3539 3541
f 4249 3541 4248
f 4248 3541 3543
f 4248 3543 4247
f 4247 3543 3545
f 4247 3545 4246
f 4246 3545 3547
f 4246 3547 4245
f 4245 3547 3549
f 4245 3549 4244
f 4244 3549 3551
f 4244 3551 4243
f 4243 3551 3553
f 4243 3553 4242
f 4242 3553 3555
f 4242 3555 4241
f 4241 3555 3557
f 4241 3557 4240
f 4240 3557 3559
f 4240 3559 4239
f 4239 3559 3561
f 4239 3561 4238
f 4238 3561 3563
f 4238 3563 4237
f 4237 3563 3565
f 4237 3565 4236
f 4236 3565 3567
f 4236 3567 4235
f 4235 3567 3569
f 4235 3569 4234
f 4234 3569 3571
f 4234 3571 4233
f 4233 3571 3573
f 4233 3573 4232
f 4232 3573 3575
f 4232 3575 4231
f 4231 3575 3577
f 4231 3577 4230
f 4230 3577 3579
f 4230 3579 4229
f 4229 3579 3581
f 4229 3581 4228
f 4228 3581 3583
f 4228 3583 4227
f 4227 3583 3585
f 4227 3585 4226
f 4226 3585 3587
f 4226 3587 4225
f 4225 3587 3589
f 4225 3589 4224
f 4224 3589 3591
f 4224 3591 4223
f 4223 3591 3593
f 4223 3593 4222
f 4222 3593 3595
f 4222 3595 4221
f 4221 3595 3597
f 4221 3597 4220
f 4220 3597 3599
f 4220 3599 4219
f 4219 3599 3601
f 4219 3601 4218
f 4218 3601 3603
f 4218 3603 4217
f 4217 3603 3605
f 4217 3605 4216
f 4216 3605 3607
f 4216 3607 4215
f 4215 3607 3609
f 4215 3609 4214
f 4214 3609 3611
f 4214 3611 4213
f 4213 3611 3613
f 4213 3613 4212
f 4212 3613 3615
f 4212 3615 4211
f 4211 3615 3617
f 4211 3617 4210
f 4210 3617 3619
f 4210 3619 4209
f 4209 3619 3621
f 4209 3621 4208
f 4208 3621 3623
f 4208 3623 4207
f 4207 3623 3625
f 4207 3625 4206
f 4206 3625 3627
f 4206 3627 4205
f 4205 3627 3629
f 4205 3629 4204
f 4204 3629 3631
f 4204 3631 4203
f 4203 3631 3633
f 4203 3633 4202
f 4202 3633 3635
f 4202 3635 4201
f 4201 3635 3637
f 4201 3637 4200
f 4200 3637 3639
f 4200 3639 4199
f 4199 3639 3641
f 4199 3641 4198
f 4198 3641 3643
f 4198 3643 4197
f 4197 3643 3645
f 4197 3645 4196
f 4196 3645 3647
f 4196 3647 4195
f 4195 3647 3649
f 4195 3649 4194
f 4194 3649 3651
f 4194 3651 4193
f 4193 3651 3653
f 4193 3653 4192
f 4192 3653 3655
f 4192 3655 4191
f 4191 3655 3657
f 4191 3657 4190
f 4190 3657 3659
f 4190 3659 4189
f 4189 3659 3661
f 4189 3661 4188
f 4188 3661 3663
f 4474 3997 4473
f 4473 3997 3996
f 4473 3996 4070
f 3997 4474 3998
f 3998 4474 4475
f 3998 4475 3999
f 3999 4475 4075
f 3999 4075 4000
f 4077 4079 4078
f 4078 4079 4476
f 4078 4476 4002
f 4002 4476 4003
f 4079 4080 4476
f 4476 4080 4082
f 4476 4082 4003
f 4003 4082 4004
f 4087 4477 4086
f 4086 4477 4085
f 4086 4085 4084
f 4007 4006 4477
f 4477 4006 4085
f 4477 4087 4478
f 4478 4087 4088
f 4478 4088 4090
f 4090 4008 4478
f 4478 4008 4007
f 4478 4007 4477
f 4008 4090 4009
f 4092 4094 4093
f 4093 4094 4479
f 4093 4479 4011
f 4011 4479 4012
f 4094 4095 4479
f 4479 4095 4097
f 4479 4097 4012
f 4012 4097 4013
f 4102 4480 4101
f 4101 4480 4100
f 4101 4100 4099
f 4016 4015 4480
f 4480 4015 4100
f 4016 4480 4104
f 4104 4480 4102
f 4016 4104 4017
f 4108 4110 4109
f 4109 4110 4481
f 4109 4481 4020
f 4020 4481 4021
f 4239 3503 4240
f 4111 4113 4481
f 4481 4113 4021
f 4021 4113 4022
f 4110 4111 4481
f 4118 4482 4117
f 4117 4482 4116
f 4117 4116 4115
f 4025 4024 4482
f 4482 4024 4116
f 4482 4118 4483
f 4483 4118 4119
f 4483 4119 4121
f 4121 4026 4483
f 4483 4026 4025
f 4483 4025 4482
f 4026 4121 4027
f 4126 4484 4125
f 4125 4484 4124
f 4125 4124 4123
f 4030 4029 4484
f 4484 4029 4124
f 4484 4126 4485
f 4485 4126 4127
f 4485 4127 4129
f 4129 4031 4485
f 4485 4031 4030
f 4485 4030 4484
f 4031 4129 4032
f 4134 4486 4133
f 4133 4486 4132
f 4133 4132 4131
f 4035 4034 4486
f 4486 4034 4132
f 4486 4134 4487
f 4487 4134 4135
f 4487 4135 4137
f 4137 4036 4487
f 4487 4036 4035
f 4487 4035 4486
f 4036 4137 4037
f 4142 4488 4141
f 4141 4488 4140
f 4141 4140 4139
f 4040 4039 4488
f 4488 4039 4140
f 4488 4142 4489
f 4489 4142 4143
f 4489 4143 4145
f 4041 4040 4489
f 4489 4040 4488
f 4041 4489 4145
f 4041 4145 4042
f 4149 4151 4150
f 4150 4151 4490
f 4150 4490 4045
f 4045 4490 4046
f 3503 4214 4213
f 4151 4152 4490
f 4490 4152 4154
f 4490 4154 4046
f 4046 4154 4047
f 4158 4160 4159
f 4159 4160 4491
f 4159 4491 4050
f 4050 4491 4051
f 4160 4161 4491
f 4491 4161 4163
f 4491 4163 4051
f 4051 4163 4052
f 4167 4169 4168
f 4168 4169 4492
f 4168 4492 4055
f 4055 4492 4056
f 4169 4170 4492
f 4492 4170 4493
f 4492 4493 4056
f 4056 4493 4057
f 4171 4173 4493
f 4493 4173 4057
f 4057 4173 4058
f 4170 4171 4493
f 4178 4494 4177
f 4177 4494 4176
f 4177 4176 4175
f 4061 4060 4494
f 4494 4060 4176
f 4494 4178 4495
f 4495 4178 4179
f 4495 4179 3690
f 3690 3692 4495
f 4495 3692 4061
f 4495 4061 4494
f 3689 3687 4496
f 4496 3687 3686
f 4496 3686 4497
f 4497 3686 3685
f 4497 3685 3683
f 3691 3689 4498
f 4498 3689 4496
f 4498 4496 4499
f 4499 4496 4497
f 4499 4497 4500
f 4500 4497 3683
f 4500 3683 3681
f 3693 3691 4501
f 4501 3691 4498
f 4501 4498 4502
f 4502 4498 4499
f 4502 4499 4503
f 4503 4499 4500
f 4503 4500 4504
f 4504 4500 3681
f 4504 3681 3679
f 3695 3693 4505
f 4505 3693 4501
f 4505 4501 4506
f 4506 4501 4502
f 4506 4502 4507
f 4507 4502 4503
f 4507 4503 4508
f 4508 4503 4504
f 4508 4504 4509
f 4509 4504 3679
f 4509 3679 3677
f 3697 3695 4510
f 4510 3695 4505
f 4510 4505 4511
f 4511 4505 4506
f 4511 4506 4512
f 4512 4506 4507
f 4512 4507 4513
f 4513 4507 4508
f 4513 4508 4514
f 4514 4508 4509
f 4514 4509 4515
f 4515 4509 3677
f 4515 3677 3675
f 3699 3697 4516
f 4516 3697 4510
f 4516 4510 4517
f 4517 4510 4511
f 4517 4511 4518
f 4518 4511 4512
f 4518 4512 4519
f 4519 4512 4513
f 4519 4513 4520
f 4520 4513 4514
f 4520 4514 4521
f 4521 4514 4515
f 4521 4515 3673
f 3673 4515 3675
f 3701 3699 4522
f 4522 3699 4516
f 4522 4516 4523
f 4523 4516 4517
f 4523 4517 4524
f 4524 4517 4518
f 4524 4518 4525
f 4525 4518 4519
f 4525 4519 4526
f 4526 4519 4520
f 4526 4520 4527
f 4527 4520 4521
f 4527 4521 3671
f 3671 4521 3673
f 3703 3701 4528
f 4528 3701 4522
f 4528 4522 4529
f 4529 4522 4523
f 4529 4523 4530
f 4530 4523 4524
f 4530 4524 4531
f 4531 4524 4525
f 4531 4525 4532
f 4532 4525 4526
f 4532 4526 4533
f 4533 4526 4527
f 4533 4527 3669
f 3669 4527 3671
f 3652 3650 3705
f 3705 3703 4534
f 4534 3703 4528
f 4534 4528 4535
f 4535 4528 4529
f 4535 4529 4536
f 4536 4529 4530
f 4536 4530 4537
f 4537 4530 4531
f 4537 4531 4538
f 4538 4531 4532
f 4538 4532 4539
f 4539 4532 4533
f 4539 4533 3666
f 3666 4533 3669
f 4535 3654 4534
f 4534 3654 3652
f 4534 3652 3705
f 3654 4535 3656
f 3656 4535 4536
f 3656 4536 3658
f 3658 4536 4537
f 3658 4537 3660
f 3660 4537 4538
f 3660 4538 3662
f 3662 4538 4539
f 3662 4539 3664
f 3664 4539 3666
f 3684 4180 3682
f 3682 4180 4540
f 3682 4540 3680
f 3680 4540 4541
f 3680 4541 3678
f 3678 4541 4186
f 3678 4186 3676
f 4180 4181 4540
f 4540 4181 4183
f 4540 4183 4541
f 4541 4183 4185
f 4541 4185 4186
f 4542 4543 4544
f 4544 4543 4545
f 4544 4545 4546
f 4546 4545 4547
f 4546 4547 4548
f 4548 4547 4549
f 4548 4549 4550
f 4550 4549 4551
f 4550 4551 4552
f 4552 4551 4553
f 4552 4553 4554
f 4554 4553 4555
f 4554 4555 4556
f 4556 4555 4557
f 4556 4557 4558
f 4558 4557 4559
f 4558 4559 4560
f 4560 4559 4561
f 4560 4561 4562
f 4562 4561 4563
f 4562 4563 4564
f 4564 4563 4565
f 4564 4565 4566
f 4566 4565 4567
f 4566 4567 4568
f 4568 4567 4569
f 4568 4569 4570
f 4570 4569 4571
f 4570 4571 4572
f 4572 4571 4573
f 4572 4573 4574
f 4574 4573 4575
f 4574 4575 4576
f 4576 4575 4577
f 4576 4577 4578
f 4578 4577 4579
f 4579 4577 4580
f 4579 4580 4581
f 4581 4580 4582
f 4581 4582 4583
f 4583 4582 4584
f 4583 4584 4585
f 4585 4584 4586
f 4585 4586 4587
f 4587 4586 4588
f 4587 4588 4589
f 4589 4588 4590
f 4589 4590 4591
f 4591 4590 4592
f 4591 4592 4593
f 4593 4592 4594
f 4593 4594 4595
f 4595 4594 4596
f 4595 4596 4597
f 4597 4596 4598
f 4597 4598 4599
f 4599 4598 4600
f 4599 4600 4601
f 4601 4600 4602
f 4601 4602 4603
f 4603 4602 4604
f 4603 4604 4605
f 4605 4604 4606
f 4605 4606 4607
f 4607 4606 4608
f 4607 4608 4542
f 4542 4608 4543
f 4609 4610 4611
f 4611 4610 4612
f 4612 4610 4613
f 4613 4610 4614
f 4614 4610 4615
f 4615 4610 4616
f 4616 4610 4617
f 4617 4610 4618
f 4618 4610 4619
f 4619 4610 4620
f 4620 4610 4621
f 4622 4610 4623
f 4623 4610 4624
f 4624 4610 4625
f 4625 4610 4626
f 4626 4610 4627
f 4627 4610 4628
f 4628 4610 4629
f 4629 4610 4630
f 4630 4610 4631
f 4631 4610 4632
f 4633 4610 4634
f 4634 4610 4635
f 4635 4610 4636
f 4636 4610 4637
f 4637 4610 4638
f 4638 4610 4639
f 4639 4610 4640
f 4640 4610 4641
f 4641 4610 4642
f 4642 4610 4609
f 4577 4643 4580
f 4580 4643 4644
f 4580 4644 4582
f 4582 4644 4645
f 4582 4645 4584
f 4584 4645 4646
f 4584 4646 4586
f 4586 4646 4647
f 4586 4647 4588
f 4588 4647 4648
f 4588 4648 4590
f 4590 4648 4649
f 4590 4649 4592
f 4592 4649 4650
f 4592 4650 4594
f 4594 4650 4651
f 4594 4651 4596
f 4596 4651 4652
f 4596 4652 4598
f 4598 4652 4653
f 4598 4653 4600
f 4600 4653 4654
f 4600 4654 4602
f 4602 4654 4655
f 4602 4655 4604
f 4604 4655 4656
f 4604 4656 4606
f 4606 4656 4657
f 4606 4657 4608
f 4608 4657 4658
f 4608 4658 4543
f 4543 4658 4659
f 4543 4659 4545
f 4545 4659 4660
f 4545 4660 4547
f 4547 4660 4661
f 4547 4661 4549
f 4549 4661 4662
f 4549 4662 4551
f 4551 4662 4663
f 4551 4663 4553
f 4553 4663 4664
f 4553 4664 4555
f 4555 4664 4665
f 4555 4665 4557
f 4557 4665 4666
f 4557 4666 4559
f 4559 4666 4667
f 4559 4667 4561
f 4561 4667 4668
f 4561 4668 4563
f 4563 4668 4669
f 4563 4669 4565
f 4565 4669 4670
f 4565 4670 4567
f 4567 4670 4671
f 4567 4671 4569
f 4569 4671 4672
f 4569 4672 4571
f 4571 4672 4673
f 4571 4673 4573
f 4573 4673 4674
f 4573 4674 4575
f 4575 4674 4675
f 4575 4675 4577
f 4577 4675 4643
f 4643 4676 4644
f 4644 4676 4677
f 4644 4677 4645
f 4645 4677 4678
f 4645 4678 4646
f 4646 4678 4679
f 4646 4679 4647
f 4647 4679 4680
f 4647 4680 4648
f 4648 4680 4681
f 4648 4681 4649
f 4649 4681 4682
f 4649 4682 4650
f 4650 4682 4683
f 4650 4683 4651
f 4651 4683 4684
f 4651 4684 4652
f 4652 4684 4685
f 4652 4685 4653
f 4653 4685 4686
f 4653 4686 4654
f 4654 4686 4687
f 4654 4687 4655
f 4655 4687 4688
f 4655 4688 4656
f 4656 4688 4689
f 4656 4689 4657
f 4657 4689 4690
f 4657 4690 4658
f 4658 4690 4691
f 4658 4691 4659
f 4659 4691 4692
f 4659 4692 4660
f 4660 4692 4693
f 4660 4693 4661
f 4661 4693 4694
f 4661 4694 4662
f 4662 4694 4695
f 4662 4695 4663
f 4663 4695 4696
f 4663 4696 4664
f 4664 4696 4697
f 4664 4697 4665
f 4665 4697 4698
f 4665 4698 4666
f 4666 4698 4699
f 4666 4699 4667
f 4667 4699 4700
f 4667 4700 4668
f 4668 4700 4701
f 4668 4701 4669
f 4669 4701 4702
f 4669 4702 4670
f 4670 4702 4703
f 4670 4703 4671
f 4671 4703 4704
f 4671 4704 4672
f 4672 4704 4705
f 4672 4705 4673
f 4673 4705 4706
f 4673 4706 4674
f 4674 4706 4707
f 4674 4707 4675
f 4675 4707 4708
f 4675 4708 4643
f 4643 4708 4676
f 4676 4709 4677
f 4677 4709 4710
f 4677 4710 4678
f 4678 4710 4711
f 4678 4711 4679
f 4679 4711 4712
f 4679 4712 4680
f 4680 4712 4713
f 4680 4713 4681
f 4681 4713 4714
f 4681 4714 4682
f 4682 4714 4715
f 4682 4715 4683
f 4683 4715 4716
f 4683 4716 4684
f 4684 4716 4717
f 4684 4717 4685
f 4685 4717 4718
f 4685 4718 4686
f 4686 4718 4719
f 4686 4719 4687
f 4687 4719 4720
f 4687 4720 4688
f 4688 4720 4721
f 4688 4721 4689
f 4689 4721 4722
f 4689 4722 4690
f 4690 4722 4723
f 4690 4723 4691
f 4691 4723 4724
f 4691 4724 4692
f 4692 4724 4725
f 4692 4725 4693
f 4693 4725 4726
f 4693 4726 4694
f 4694 4726 4727
f 4694 4727 4695
f 4695 4727 4728
f 4695 4728 4696
f 4696 4728 4729
f 4696 4729 4697
f 4697 4729 4730
f 4697 4730 4698
f 4698 4730 4731
f 4698 4731 4699
f 4699 4731 4732
f 4699 4732 4700
f 4700 4732 4733
f 4700 4733 4701
f 4701 4733 4734
f 4701 4734 4702
f 4702 4734 4735
f 4702 4735 4703
f 4703 4735 4736
f 4703 4736 4704
f 4704 4736 4737
f 4704 4737 4705
f 4705 4737 4738
f 4705 4738 4706
f 4706 4738 4739
f 4706 4739 4707
f 4707 4739 4740
f 4707 4740 4708
f 4708 4740 4741
f 4708 4741 4676
f 4676 4741 4709
f 4709 4742 4710
f 4710 4742 4743
f 4710 4743 4711
f 4711 4743 4744
f 4711 4744 4712
f 4712 4744 4745
f 4712 4745 4713
f 4713 4745 4746
f 4713 4746 4714
f 4714 4746 4747
f 4714 4747 4715
f 4715 4747 4748
f 4715 4748 4716
f 4716 4748 4749
f 4716 4749 4717
f 4717 4749 4750
f 4717 4750 4718
f 4718 4750 4751
f 4718 4751 4719
f 4719 4751 4752
f 4719 4752 4720
f 4720 4752 4753
f 4720 4753 4721
f 4721 4753 4754
f 4721 4754 4722
f 4722 4754 4755
f 4722 4755 4723
f 4723 4755 4756
f 4723 4756 4724
f 4724 4756 4757
f 4724 4757 4725
f 4725 4757 4758
f 4725 4758 4726
f 4726 4758 4759
f 4726 4759 4727
f 4727 4759 4760
f 4727 4760 4728
f 4728 4760 4761
f 4728 4761 4729
f 4729 4761 4762
f 4729 4762 4730
f 4730 4762 4763
f 4730 4763 4731
f 4731 4763 4764
f 4731 4764 4732
f 4732 4764 4765
f 4732 4765 4733
f 4733 4765 4766
f 4733 4766 4734
f 4734 4766 4767
f 4734 4767 4735
f 4735 4767 4768
f 4735 4768 4736
f 4736 4768 4769
f 4736 4769 4737
f 4737 4769 4770
f 4737 4770 4738
f 4738 4770 4771
f 4738 4771 4739
f 4739 4771 4772
f 4739 4772 4740
f 4740 4772 4773
f 4740 4773 4741
f 4741 4773 4774
f 4741 4774 4709
f 4709 4774 4742
f 4742 4775 4743
f 4743 4775 4776
f 4743 4776 4744
f 4744 4776 4777
f 4744 4777 4745
f 4745 4777 4778
f 4745 4778 4746
f 4746 4778 4779
f 4746 4779 4747
f 4747 4779 4780
f 4747 4780 4748
f 4748 4780 4781
f 4748 4781 4749
f 4749 4781 4782
f 4749 4782 4750
f 4750 4782 4783
f 4750 4783 4751
f 4751 4783 4784
f 4751 4784 4752
f 4752 4784 4785
f 4752 4785 4753
f 4753 4785 4786
f 4753 4786 4754
f 4754 4786 4787
f 4754 4787 4755
f 4755 4787 4788
f 4755 4788 4756
f 4756 4788 4789
f 4756 4789 4757
f 4757 4789 4790
f 4757 4790 4758
f 4758 4790 4791
f 4758 4791 4759
f 4759 4791 4792
f 4759 4792 4760
f 4760 4792 4793
f 4760 4793 4761
f 4761 4793 4794
f 4761 4794 4762
f 4762 4794 4795
f 4762 4795 4763
f 4763 4795 4796
f 4763 4796 4764
f 4764 4796 4797
f 4764 4797 4765
f 4765 4797 4798
f 4765 4798 4766
f 4766 4798 4799
f 4766 4799 4767
f 4767 4799 4800
f 4767 4800 4768
f 4768 4800 4801
f 4768 4801 4769
f 4769 4801 4802
f 4769 4802 4770
f 4770 4802 4803
f 4770 4803 4771
f 4771 4803 4804
f 4771 4804 4772
f 4772 4804 4805
f 4772 4805 4773
f 4773 4805 4806
f 4773 4806 4774
f 4774 4806 4807
f 4774 4807 4742
f 4742 4807 4775
f 4775 4808 4776
f 4776 4808 4809
f 4776 4809 4777
f 4777 4809 4810
f 4777 4810 4778
f 4778 4810 4811
f 4778 4811 4779
f 4779 4811 4812
f 4779 4812 4780
f 4780 4812 4813
f 4780 4813 4781
f 4781 4813 4814
f 4781 4814 4782
f 4782 4814 4815
f 4782 4815 4783
f 4783 4815 4816
f 4783 4816 4784
f 4784 4816 4817
f 4784 4817 4785
f 4785 4817 4818
f 4785 4818 4786
f 4786 4818 4819
f 4786 4819 4787
f 4787 4819 4820
f 4787 4820 4788
f 4788 4820 4821
f 4788 4821 4789
f 4789 4821 4822
f 4789 4822 4790
f 4790 4822 4823
f 4790 4823 4791
f 4791 4823 4824
f 4791 4824 4792
f 4792 4824 4825
f 4792 4825 4793
f 4793 4825 4826
f 4793 4826 4794
f 4794 4826 4827
f 4794 4827 4795
f 4795 4827 4828
f 4795 4828 4796
f 4796 4828 4829
f 4796 4829 4797
f 4797 4829 4830
f 4797 4830 4798
f 4798 4830 4831
f 4798 4831 4799
f 4799 4831 4832
f 4799 4832 4800
f 4800 4832 4833
f 4800 4833 4801
f 4801 4833 4834
f 4801 4834 4802
f 4802 4834 4835
f 4802 4835 4803
f 4803 4835 4836
f 4803 4836 4804
f 4804 4836 4837
f 4804 4837 4805
f 4805 4837 4838
f 4805 4838 4806
f 4806 4838 4839
f 4806 4839 4807
f 4807 4839 4840
f 4807 4840 4775
f 4775 4840 4808
f 4808 4609 4809
f 4809 4609 4611
f 4809 4611 4810
f 4810 4611 4612
f 4810 4612 4811
f 4811 4612 4613
f 4811 4613 4812
f 4812 4613 4614
f 4812 4614 4813
f 4813 4614 4615
f 4813 4615 4814
f 4814 4615 4616
f 4814 4616 4815
f 4815 4616 4617
f 4815 4617 4816
f 4816 4617 4618
f 4816 4618 4817
f 4817 4618 4619
f 4817 4619 4818
f 4818 4619 4620
f 4818 4620 4819
f 4819 4620 4621
f 4819 4621 4820
f 4820 4621 4622
f 4820 4622 4821
f 4821 4622 4623
f 4821 4623 4822
f 4822 4623 4624
f 4822 4624 4823
f 4823 4624 4625
f 4823 4625 4824
f 4824 4625 4626
f 4824 4626 4825
f 4825 4626 4627
f 4825 4627 4826
f 4826 4627 4628
f 4826 4628 4827
f 4827 4628 4629
f 4827 4629 4828
f 4828 4629 4630
f 4828 4630 4829
f 4829 4630 4631
f 4829 4631 4830
f 4830 4631 4632
f 4830 4632 4831
f 4831 4632 4633
f 4831 4633 4832
f 4832 4633 4634
f 4832 4634 4833
f 4833 4634 4635
f 4833 4635 4834
f 4834 4635 4636
f 4834 4636 4835
f 4835 4636 4637
f 4835 4637 4836
f 4836 4637 4638
f 4836 4638 4837
f 4837 4638 4639
f 4837 4639 4838
f 4838 4639 4640
f 4838 4640 4839
f 4839 4640 4641
f 4839 4641 4840
f 4840 4641 4642
f 4840 4642 4808
f 4808 4642 4609
f 4621 4610 4622
f 4632 4610 4633
f 4546 4841 4544
f 4544 4841 4842
f 4544 4842 4843
f 4841 4546 4844
f 4844 4546 4548
f 4844 4548 4845
f 4845 4548 4550
f 4845 4550 4846
f 4846 4550 4552
f 4846 4552 4847
f 4847 4552 4554
f 4847 4554 4848
f 4848 4554 4849
f 4849 4554 4556
f 4849 4556 4850
f 4850 4556 4558
f 4850 4558 4851
f 4851 4558 4560
f 4851 4560 4852
f 4852 4560 4562
f 4852 4562 4853
f 4853 4562 4564
f 4853 4564 4854
f 4854 4564 4855
f 4855 4564 4566
f 4855 4566 4856
f 4856 4566 4568
f 4856 4568 4857
f 4857 4568 4570
f 4857 4570 4858
f 4858 4570 4572
f 4858 4572 4859
f 4859 4572 4574
f 4859 4574 4860
f 4860 4574 4861
f 4861 4574 4576
f 4861 4576 4862
f 4862 4576 4578
f 4862 4578 4863
f 4863 4578 4579
f 4863 4579 4864
f 4864 4579 4581
f 4864 4581 4865
f 4865 4581 4866
f 4866 4581 4583
f 4866 4583 4867
f 4867 4583 4585
f 4867 4585 4868
f 4868 4585 4587
f 4868 4587 4869
f 4869 4587 4589
f 4869 4589 4870
f 4870 4589 4591
f 4870 4591 4871
f 4871 4591 4872
f 4872 4591 4593
f 4872 4593 4873
f 4873 4593 4595
f 4873 4595 4874
f 4874 4595 4597
f 4874 4597 4875
f 4875 4597 4599
f 4875 4599 4876
f 4876 4599 4601
f 4876 4601 4877
f 4877 4601 4878
f 4878 4601 4603
f 4878 4603 4879
f 4879 4603 4605
f 4879 4605 4880
f 4880 4605 4607
f 4880 4607 4881
f 4881 4607 4542
f 4881 4542 4843
f 4843 4542 4544
f 4841 4882 4842
f 4842 4882 4883
f 4842 4883 4843
f 4843 4883 4884
f 4843 4884 4885
f 4841 4844 4882
f 4882 4844 4886
f 4886 4844 4845
f 4886 4845 4887
f 4887 4845 4846
f 4887 4846 4888
f 4888 4846 4847
f 4888 4847 4889
f 4889 4847 4848
f 4889 4848 4890
f 4890 4848 4849
f 4890 4849 4891
f 4891 4849 4850
f 4891 4850 4892
f 4892 4850 4851
f 4892 4851 4893
f 4893 4851 4852
f 4893 4852 4894
f 4894 4852 4853
f 4894 4853 4895
f 4895 4853 4854
f 4895 4854 4896
f 4896 4854 4855
f 4896 4855 4897
f 4897 4855 4856
f 4897 4856 4898
f 4898 4856 4857
f 4898 4857 4899
f 4899 4857 4858
f 4899 4858 4900
f 4900 4858 4859
f 4900 4859 4901
f 4901 4859 4860
f 4901 4860 4902
f 4902 4860 4861
f 4902 4861 4903
f 4903 4861 4862
f 4903 4862 4904
f 4904 4862 4863
f 4904 4863 4905
f 4905 4863 4864
f 4905 4864 4906
f 4906 4864 4865
f 4906 4865 4907
f 4907 4865 4866
f 4907 4866 4908
f 4908 4866 4867
f 4908 4867 4909
f 4909 4867 4868
f 4909 4868 4910
f 4910 4868 4869
f 4910 4869 4911
f 4911 4869 4870
f 4911 4870 4912
f 4912 4870 4871
f 4912 4871 4913
f 4913 4871 4872
f 4913 4872 4914
f 4914 4872 4873
f 4914 4873 4915
f 4915 4873 4874
f 4915 4874 4916
f 4916 4874 4875
f 4916 4875 4917
f 4917 4875 4876
f 4917 4876 4918
f 4918 4876 4877
f 4918 4877 4919
f 4919 4877 4878
f 4919 4878 4920
f 4920 4878 4879
f 4920 4879 4921
f 4921 4879 4880
f 4921 4880 4922
f 4922 4880 4881
f 4922 4881 4885
f 4885 4881 4843
f 4884 4883 4923
f 4923 4883 4882
f 4923 4882 4924
f 4924 4882 4886
f 4924 4886 4925
f 4925 4886 4887
f 4925 4887 4926
f 4926 4887 4888
f 4926 4888 4927
f 4927 4888 4889
f 4927 4889 4928
f 4928 4889 4890
f 4928 4890 4891
f 4928 4891 4929
f 4929 4891 4892
f 4929 4892 4930
f 4930 4892 4893
f 4930 4893 4931
f 4931 4893 4894
f 4931 4894 4932
f 4932 4894 4895
f 4932 4895 4933
f 4933 4895 4896
f 4933 4896 4897
f 4933 4897 4934
f 4934 4897 4898
f 4934 4898 4935
f 4935 4898 4899
f 4935 4899 4936
f 4936 4899 4900
f 4936 4900 4937
f 4937 4900 4901
f 4937 4901 4938
f 4938 4901 4902
f 4938 4902 4903
f 4938 4903 4939
f 4939 4903 4904
f 4939 4904 4940
f 4940 4904 4905
f 4940 4905 4941
f 4941 4905 4906
f 4941 4906 4942
f 4942 4906 4907
f 4942 4907 4908
f 4942 4908 4943
f 4943 4908 4909
f 4943 4909 4944
f 4944 4909 4910
f 4944 4910 4945
f 4945 4910 4911
f 4945 4911 4946
f 4946 4911 4912
f 4946 4912 4947
f 4947 4912 4913
f 4947 4913 4914
f 4947 4914 4948
f 4948 4914 4915
f 4948 4915 4949
f 4949 4915 4916
f 4949 4916 4950
f 4950 4916 4917
f 4950 4917 4951
f 4951 4917 4918
f 4951 4918 4952
f 4952 4918 4919
f 4952 4919 4920
f 4952 4920 4953
f 4953 4920 4921
f 4953 4921 4954
f 4954 4921 4922
f 4954 4922 4955
f 4955 4922 4885
f 4955 4885 4956
f 4956 4885 4884
f 4956 4884 4923
f 4924 4957 4923
f 4923 4957 4958
f 4923 4958 4956
f 4956 4958 4959
f 4956 4959 4955
f 4955 4959 4960
f 4955 4960 4954
f 4954 4960 4961
f 4954 4961 4953
f 4953 4961 4962
f 4953 4962 4952
f 4952 4962 4963
f 4952 4963 4951
f 4951 4963 4964
f 4951 4964 4950
f 4950 4964 4965
f 4950 4965 4949
f 4949 4965 4966
f 4949 4966 4948
f 4948 4966 4967
f 4948 4967 4947
f 4947 4967 4968
f 4947 4968 4946
f 4946 4968 4969
f 4946 4969 4945
f 4945 4969 4970
f 4945 4970 4944
f 4944 4970 4971
f 4944 4971 4943
f 4943 4971 4972
f 4943 4972 4942
f 4942 4972 4973
f 4942 4973 4941
f 4941 4973 4974
f 4941 4974 4940
f 4940 4974 4975
f 4940 4975 4939
f 4939 4975 4976
f 4939 4976 4938
f 4938 4976 4977
f 4938 4977 4937
f 4937 4977 4978
f 4937 4978 4936
f 4936 4978 4979
f 4936 4979 4935
f 4935 4979 4980
f 4935 4980 4934
f 4934 4980 4981
f 4934 4981 4933
f 4933 4981 4982
f 4933 4982 4932
f 4932 4982 4983
f 4932 4983 4931
f 4931 4983 4984
f 4931 4984 4930
f 4930 4984 4985
f 4930 4985 4929
f 4929 4985 4986
f 4929 4986 4928
f 4928 4986 4987
f 4928 4987 4927
f 4927 4987 4988
f 4927 4988 4926
f 4926 4988 4989
f 4926 4989 4925
f 4925 4989 4990
f 4925 4990 4924
f 4924 4990 4957
f 4991 4992 4993
f 4993 4992 4994
f 4994 4992 4995
f 4995 4992 4996
f 4996 4992 4997
f 4997 4992 4998
f 4998 4992 4999
f 4999 4992 5000
f 5000 4992 5001
f 5001 4992 5002
f 5002 4992 5003
f 5003 4992 5004
f 5005 4992 5006
f 5006 4992 5007
f 5007 4992 5008
f 5008 4992 5009
f 5009 4992 5010
f 5010 4992 5011
f 5011 4992 5012
f 5012 4992 5013
f 5013 4992 5014
f 5014 4992 5015
f 5016 4992 5017
f 5017 4992 5018
f 5018 4992 5019
f 5019 4992 5020
f 5020 4992 5021
f 5021 4992 5022
f 5022 4992 5023
f 5023 4992 5024
f 5024 4992 5025
f 5025 4992 4991
f 4975 5026 4976
f 4976 5026 5027
f 4976 5027 4977
f 4977 5027 5028
f 4977 5028 4978
f 4978 5028 5029
f 4978 5029 4979
f 4979 5029 5030
f 4979 5030 4980
f 4980 5030 5031
f 4980 5031 4981
f 4981 5031 5032
f 4981 5032 4982
f 4982 5032 5033
f 4982 5033 4983
f 4983 5033 5034
f 4983 5034 4984
f 4984 5034 5035
f 4984 5035 4985
f 4985 5035 5036
f 4985 5036 4986
f 4986 5036 5037
f 4986 5037 4987
f 4987 5037 5038
f 4987 5038 4988
f 4988 5038 5039
f 4988 5039 4989
f 4989 5039 5040
f 4989 5040 4990
f 4990 5040 5041
f 4990 5041 4957
f 4957 5041 5042
f 4957 5042 4958
f 4958 5042 5043
f 4958 5043 4959
f 4959 5043 5044
f 4959 5044 4960
f 4960 5044 5045
f 4960 5045 4961
f 4961 5045 5046
f 4961 5046 4962
f 4962 5046 5047
f 4962 5047 4963
f 4963 5047 5048
f 4963 5048 4964
f 4964 5048 5049
f 4964 5049 4965
f 4965 5049 5050
f 4965 5050 4966
f 4966 5050 5051
f 4966 5051 4967
f 4967 5051 5052
f 4967 5052 4968
f 4968 5052 5053
f 4968 5053 4969
f 4969 5053 5054
f 4969 5054 4970
f 4970 5054 5055
f 4970 5055 4971
f 4971 5055 5056
f 4971 5056 4972
f 4972 5056 5057
f 4972 5057 4973
f 4973 5057 5058
f 4973 5058 4974
f 4974 5058 5059
f 4974 5059 4975
f 4975 5059 5026
f 5026 5060 5027
f 5027 5060 5061
f 5027 5061 5028
f 5028 5061 5062
f 5028 5062 5029
f 5029 5062 5063
f 5029 5063 5030
f 5030 5063 5064
f 5030 5064 5031
f 5031 5064 5065
f 5031 5065 5032
f 5032 5065 5066
f 5032 5066 5033
f 5033 5066 5067
f 5033 5067 5034
f 5034 5067 5068
f 5034 5068 5035
f 5035 5068 5069
f 5035 5069 5036
f 5036 5069 5070
f 5036 5070 5037
f 5037 5070 5071
f 5037 5071 5038
f 5038 5071 5072
f 5038 5072 5039
f 5039 5072 5073
f 5039 5073 5040
f 5040 5073 5074
f 5040 5074 5041
f 5041 5074 5075
f 5041 5075 5042
f 5042 5075 5076
f 5042 5076 5043
f 5043 5076 5077
f 5043 5077 5044
f 5044 5077 5078
f 5044 5078 5045
f 5045 5078 5079
f 5045 5079 5046
f 5046 5079 5080
f 5046 5080 5047
f 5047 5080 5081
f 5047 5081 5048
f 5048 5081 5082
f 5048 5082 5049
f 5049 5082 5083
f 5049 5083 5050
f 5050 5083 5084
f 5050 5084 5051
f 5051 5084 5085
f 5051 5085 5052
f 5052 5085 5086
f 5052 5086 5053
f 5053 5086 5087
f 5053 5087 5054
f 5054 5087 5088
f 5054 5088 5055
f 5055 5088 5089
f 5055 5089 5056
f 5056 5089 5090
f 5056 5090 5057
f 5057 5090 5091
f 5057 5091 5058
f 5058 5091 5092
f 5058 5092 5059
f 5059 5092 5093
f 5059 5093 5026
f 5026 5093 5060
f 5060 5094 5061
f 5061 5094 5095
f 5061 5095 5062
f 5062 5095 5096
f 5062 5096 5063
f 5063 5096 5097
f 5063 5097 5064
f 5064 5097 5098
f 5064 5098 5065
f 5065 5098 5099
f 5065 5099 5066
f 5066 5099 5100
f 5066 5100 5067
f 5067 5100 5101
f 5067 5101 5068
f 5068 5101 5102
f 5068 5102 5069
f 5069 5102 5103
f 5069 5103 5070
f 5070 5103 5104
f 5070 5104 5071
f 5071 5104 5105
f 5071 5105 5072
f 5072 5105 5106
f 5072 5106 5073
f 5073 5106 5107
f 5073 5107 5074
f 5074 5107 5108
f 5074 5108 5075
f 5075 5108 5109
f 5075 5109 5076
f 5076 5109 5110
f 5076 5110 5077
f 5077 5110 5111
f 5077 5111 5078
f 5078 5111 5112
f 5078 5112 5079
f 5079 5112 5113
f 5079 5113 5080
f 5080 5113 5114
f 5080 5114 5081
f 5081 5114 5115
f 5081 5115 5082
f 5082 5115 5116
f 5082 5116 5083
f 5083 5116 5117
f 5083 5117 5084
f 5084 5117 5118
f 5084 5118 5085
f 5085 5118 5119
f 5085 5119 5086
f 5086 5119 5120
f 5086 5120 5087
f 5087 5120 5121
f 5087 5121 5088
f 5088 5121 5122
f 5088 5122 5089
f 5089 5122 5123
f 5089 5123 5090
f 5090 5123 5124
f 5090 5124 5091
f 5091 5124 5125
f 5091 5125 5092
f 5092 5125 5126
f 5092 5126 5093
f 5093 5126 5127
f 5093 5127 5060
f 5060 5127 5094
f 5094 5128 5095
f 5095 5128 5129
f 5095 5129 5096
f 5096 5129 5130
f 5096 5130 5097
f 5097 5130 5131
f 5097 5131 5098
f 5098 5131 5132
f 5098 5132 5099
f 5099 5132 5133
f 5099 5133 5100
f 5100 5133 5134
f 5100 5134 5101
f 5101 5134 5135
f 5101 5135 5102
f 5102 5135 5136
f 5102 5136 5103
f 5103 5136 5137
f 5103 5137 5104
f 5104 5137 5138
f 5104 5138 5105
f 5105 5138 5139
f 5105 5139 5106
f 5106 5139 5140
f 5106 5140 5107
f 5107 5140 5141
f 5107 5141 5108
f 5108 5141 5142
f 5108 5142 5109
f 5109 5142 5143
f 5109 5143 5110
f 5110 5143 5144
f 5110 5144 5111
f 5111 5144 5145
f 5111 5145 5112
f 5112 5145 5146
f 5112 5146 5113
f 5113 5146 5147
f 5113 5147 5114
f 5114 5147 5148
f 5114 5148 5115
f 5115 5148 5149
f 5115 5149 5116
f 5116 5149 5150
f 5116 5150 5117
f 5117 5150 5151
f 5117 5151 5118
f 5118 5151 5152
f 5118 5152 5119
f 5119 5152 5153
f 5119 5153 5120
f 5120 5153 5154
f 5120 5154 5121
f 5121 5154 5155
f 5121 5155 5122
f 5122 5155 5156
f 5122 5156 5123
f 5123 5156 5157
f 5123 5157 5124
f 5124 5157 5158
f 5124 5158 5125
f 5125 5158 5159
f 5125 5159 5126
f 5126 5159 5160
f 5126 5160 5127
f 5127 5160 5161
f 5127 5161 5094
f 5094 5161 5128
f 5128 5162 5129
f 5129 5162 5163
f 5129 5163 5130
f 5130 5163 5164
f 5130 5164 5131
f 5131 5164 5165
f 5131 5165 5132
f 5132 5165 5166
f 5132 5166 5133
f 5133 5166 5167
f 5133 5167 5134
f 5134 5167 5168
f 5134 5168 5135
f 5135 5168 5169
f 5135 5169 5136
f 5136 5169 5170
f 5136 5170 5137
f 5137 5170 5171
f 5137 5171 5138
f 5138 5171 5172
f 5138 5172 5139
f 5139 5172 5173
f 5139 5173 5140
f 5140 5173 5174
f 5140 5174 5141
f 5141 5174 5175
f 5141 5175 5142
f 5142 5175 5176
f 5142 5176 5143
f 5143 5176 5177
f 5143 5177 5144
f 5144 5177 5178
f 5144 5178 5145
f 5145 5178 5179
f 5145 5179 5146
f 5146 5179 5180
f 5146 5180 5147
f 5147 5180 5181
f 5147 5181 5148
f 5148 5181 5182
f 5148 5182 5149
f 5149 5182 5183
f 5149 5183 5150
f 5150 5183 5184
f 5150 5184 5151
f 5151 5184 5185
f 5151 5185 5152
f 5152 5185 5186
f 5152 5186 5153
f 5153 5186 5187
f 5153 5187 5154
f 5154 5187 5188
f 5154 5188 5155
f 5155 5188 5189
f 5155 5189 5156
f 5156 5189 5190
f 5156 5190 5157
f 5157 5190 5191
f 5157 5191 5158
f 5158 5191 5192
f 5158 5192 5159
f 5159 5192 5193
f 5159 5193 5160
f 5160 5193 5194
f 5160 5194 5161
f 5161 5194 5195
f 5161 5195 5128
f 5128 5195 5162
f 5162 5196 5163
f 5163 5196 5197
f 5163 5197 5164
f 5164 5197 5198
f 5164 5198 5165
f 5165 5198 5199
f 5165 5199 5166
f 5166 5199 5200
f 5166 5200 5167
f 5167 5200 5201
f 5167 5201 5168
f 5168 5201 5202
f 5168 5202 5169
f 5169 5202 5203
f 5169 5203 5170
f 5170 5203 5204
f 5170 5204 5171
f 5171 5204 5205
f 5171 5205 5172
f 5172 5205 5206
f 5172 5206 5173
f 5173 5206 5207
f 5173 5207 5174
f 5174 5207 5208
f 5174 5208 5175
f 5175 5208 5209
f 5175 5209 5176
f 5176 5209 5210
f 5176 5210 5177
f 5177 5210 5211
f 5177 5211 5178
f 5178 5211 5212
f 5178 5212 5179
f 5179 5212 5213
f 5179 5213 5180
f 5180 5213 5214
f 5180 5214 5181
f 5181 5214 5215
f 5181 5215 5182
f 5182 5215 5216
f 5182 5216 5183
f 5183 5216 5217
f 5183 5217 5184
f 5184 5217 5218
f 5184 5218 5185
f 5185 5218 5219
f 5185 5219 5186
f 5186 5219 5220
f 5186 5220 5187
f 5187 5220 5221
f 5187 5221 5188
f 5188 5221 5222
f 5188 5222 5189
f 5189 5222 5223
f 5189 5223 5190
f 5190 5223 5224
f 5190 5224 5191
f 5191 5224 5225
f 5191 5225 5192
f 5192 5225 5226
f 5192 5226 5193
f 5193 5226 5227
f 5193 5227 5194
f 5194 5227 5228
f 5194 5228 5195
f 5195 5228 5229
f 5195 5229 5162
f 5162 5229 5196
f 5196 4991 5197
f 5197 4991 4993
f 5197 4993 5198
f 5198 4993 4994
f 5198 4994 5199
f 5199 4994 4995
f 5199 4995 5200
f 5200 4995 4996
f 5200 4996 5201
f 5201 4996 4997
f 5201 4997 5202
f 5202 4997 4998
f 5202 4998 5203
f 5203 4998 4999
f 5203 4999 5204
f 5204 4999 5000
f 5204 5000 5205
f 5205 5000 5001
f 5205 5001 5206
f 5206 5001 5002
f 5206 5002 5207
f 5207 5002 5003
f 5207 5003 5208
f 5208 5003 5004
f 5208 5004 5209
f 5209 5004 5005
f 5209 5005 5210
f 5210 5005 5006
f 5210 5006 5211
f 5211 5006 5007
f 5211 5007 5212
f 5212 5007 5008
f 5212 5008 5213
f 5213 5008 5009
f 5213 5009 5214
f 5214 5009 5010
f 5214 5010 5215
f 5215 5010 5011
f 5215 5011 5216
f 5216 5011 5012
f 5216 5012 5217
f 5217 5012 5013
f 5217 5013 5218
f 5218 5013 5014
f 5218 5014 5219
f 5219 5014 5015
f 5219 5015 5220
f 5220 5015 5016
f 5220 5016 5221
f 5221 5016 5017
f 5221 5017 5222
f 5222 5017 5018
f 5222 5018 5223
f 5223 5018 5019
f 5223 5019 5224
f 5224 5019 5020
f 5224 5020 5225
f 5225 5020 5021
f 5225 5021 5226
f 5226 5021 5022
f 5226 5022 5227
f 5227 5022 5023
f 5227 5023 5228
f 5228 5023 5024
f 5228 5024 5229
f 5229 5024 5025
f 5229 5025 5196
f 5196 5025 4991
f 4992 5005 5004
f 4992 5016 5015
f 5230 5231 5232
f 5232 5231 5233
f 5232 5233 5234
f 5234 5233 5235
f 5234 5235 5236
f 5236 5235 5237
f 5236 5237 5238
f 5238 5237 5239
f 5238 5239 5240
f 5240 5239 5241
f 5240 5241 5242
f 5242 5241 5243
f 5242 5243 5244
f 5244 5243 5245
f 5244 5245 5246
f 5246 5245 5247
f 5246 5247 5248
f 5248 5247 5249
f 5248 5249 5250
f 5250 5249 5251
f 5250 5251 5252
f 5252 5251 5253
f 5252 5253 5254
f 5254 5253 5255
f 5254 5255 5256
f 5256 5255 5257
f 5256 5257 5258
f 5258 5257 5259
f 5258 5259 5260
f 5260 5259 5261
f 5260 5261 5262
f 5262 5261 5263
f 5262 5263 5264
f 5264 5263 5265
f 5264 5265 5266
f 5266 5265 5267
f 5266 5267 5268
f 5268 5267 5269
f 5268 5269 5270
f 5270 5269 5271
f 5270 5271 5272
f 5272 5271 5273
f 5272 5273 5274
f 5274 5273 5275
f 5274 5275 5276
f 5276 5275 5277
f 5276 5277 5230
f 5230 5277 5231
f 5278 5279 5280
f 5280 5279 5281
f 5281 5279 5282
f 5282 5279 5283
f 5283 5279 5284
f 5284 5279 5285
f 5285 5279 5286
f 5286 5279 5287
f 5288 5279 5289
f 5289 5279 5290
f 5290 5279 5291
f 5291 5279 5292
f 5292 5279 5293
f 5293 5279 5294
f 5294 5279 5295
f 5296 5279 5297
f 5297 5279 5298
f 5298 5279 5299
f 5299 5279 5300
f 5300 5279 5301
f 5301 5279 5302
f 5302 5279 5278
f 5257 5303 5259
f 5259 5303 5304
f 5259 5304 5261
f 5261 5304 5305
f 5261 5305 5263
f 5263 5305 5306
f 5263 5306 5265
f 5265 5306 5307
f 5265 5307 5267
f 5267 5307 5308
f 5267 5308 5269
f 5269 5308 5309
f 5269 5309 5271
f 5271 5309 5310
f 5271 5310 5273
f 5273 5310 5311
f 5273 5311 5275
f 5275 5311 5312
f 5275 5312 5277
f 5277 5312 5313
f 5277 5313 5231
f 5231 5313 5314
f 5231 5314 5233
f 5233 5314 5315
f 5233 5315 5235
f 5235 5315 5316
f 5235 5316 5237
f 5237 5316 5317
f 5237 5317 5239
f 5239 5317 5318
f 5239 5318 5241
f 5241 5318 5319
f 5241 5319 5243
f 5243 5319 5320
f 5243 5320 5245
f 5245 5320 5321
f 5245 5321 5247
f 5247 5321 5322
f 5247 5322 5249
f 5249 5322 5323
f 5249 5323 5251
f 5251 5323 5324
f 5251 5324 5253
f 5253 5324 5325
f 5253 5325 5255
f 5255 5325 5326
f 5255 5326 5257
f 5257 5326 5303
f 5303 5327 5304
f 5304 5327 5328
f 5304 5328 5305
f 5305 5328 5329
f 5305 5329 5306
f 5306 5329 5330
f 5306 5330 5307
f 5307 5330 5331
f 5307 5331 5308
f 5308 5331 5332
f 5308 5332 5309
f 5309 5332 5333
f 5309 5333 5310
f 5310 5333 5334
f 5310 5334 5311
f 5311 5334 5335
f 5311 5335 5312
f 5312 5335 5336
f 5312 5336 5313
f 5313 5336 5337
f 5313 5337 5314
f 5314 5337 5338
f 5314 5338 5315
f 5315 5338 5339
f 5315 5339 5316
f 5316 5339 5340
f 5316 5340 5317
f 5317 5340 5341
f 5317 5341 5318
f 5318 5341 5342
f 5318 5342 5319
f 5319 5342 5343
f 5319 5343 5320
f 5320 5343 5344
f 5320 5344 5321
f 5321 5344 5345
f 5321 5345 5322
f 5322 5345 5346
f 5322 5346 5323
f 5323 5346 5347
f 5323 5347 5324
f 5324 5347 5348
f 5324 5348 5325
f 5325 5348 5349
f 5325 5349 5326
f 5326 5349 5350
f 5326 5350 5303
f 5303 5350 5327
f 5327 5351 5328
f 5328 5351 5352
f 5328 5352 5329
f 5329 5352 5353
f 5329 5353 5330
f 5330 5353 5354
f 5330 5354 5331
f 5331 5354 5355
f 5331 5355 5332
f 5332 5355 5356
f 5332 5356 5333
f 5333 5356 5357
f 5333 5357 5334
f 5334 5357 5358
f 5334 5358 5335
f 5335 5358 5359
f 5335 5359 5336
f 5336 5359 5360
f 5336 5360 5337
f 5337 5360 5361
f 5337 5361 5338
f 5338 5361 5362
f 5338 5362 5339
f 5339 5362 5363
f 5339 5363 5340
f 5340 5363 5364
f 5340 5364 5341
f 5341 5364 5365
f 5341 5365 5342
f 5342 5365 5366
f 5342 5366 5343
f 5343 5366 5367
f 5343 5367 5344
f 5344 5367 5368
f 5344 5368 5345
f 5345 5368 5369
f 5345 5369 5346
f 5346 5369 5370
f 5346 5370 5347
f 5347 5370 5371
f 5347 5371 5348
f 5348 5371 5372
f 5348 5372 5349
f 5349 5372 5373
f 5349 5373 5350
f 5350 5373 5374
f 5350 5374 5327
f 5327 5374 5351
f 5351 5278 5352
f 5352 5278 5280
f 5352 5280 5353
f 5353 5280 5281
f 5353 5281 5354
f 5354 5281 5282
f 5354 5282 5355
f 5355 5282 5283
f 5355 5283 5356
f 5356 5283 5284
f 5356 5284 5357
f 5357 5284 5285
f 5357 5285 5358
f 5358 5285 5286
f 5358 5286 5359
f 5359 5286 5287
f 5359 5287 5360
f 5360 5287 5288
f 5360 5288 5361
f 5361 5288 5289
f 5361 5289 5362
f 5362 5289 5290
f 5362 5290 5363
f 5363 5290 5291
f 5363 5291 5364
f 5364 5291 5292
f 5364 5292 5365
f 5365 5292 5293
f 5365 5293 5366
f 5366 5293 5294
f 5366 5294 5367
f 5367 5294 5295
f 5367 5295 5368
f 5368 5295 5296
f 5368 5296 5369
f 5369 5296 5297
f 5369 5297 5370
f 5370 5297 5298
f 5370 5298 5371
f 5371 5298 5299
f 5371 5299 5372
f 5372 5299 5300
f 5372 5300 5373
f 5373 5300 5301
f 5373 5301 5374
f 5374 5301 5302
f 5374 5302 5351
f 5351 5302 5278
f 5287 5279 5288
f 5295 5279 5296
f 5234 5375 5232
f 5232 5375 5376
f 5232 5376 5377
f 5236 5378 5234
f 5234 5378 5379
f 5234 5379 5375
f 5378 5236 5380
f 5380 5236 5238
f 5380 5238 5381
f 5381 5238 5382
f 5382 5238 5240
f 5382 5240 5383
f 5383 5240 5384
f 5384 5240 5242
f 5384 5242 5385
f 5385 5242 5244
f 5385 5244 5386
f 5386 5244 5387
f 5387 5244 5246
f 5387 5246 5388
f 5388 5246 5389
f 5389 5246 5248
f 5389 5248 5390
f 5390 5248 5391
f 5391 5248 5250
f 5391 5250 5392
f 5392 5250 5252
f 5392 5252 5393
f 5393 5252 5394
f 5394 5252 5254
f 5394 5254 5395
f 5395 5254 5396
f 5396 5254 5256
f 5396 5256 5397
f 5397 5256 5258
f 5397 5258 5398
f 5398 5258 5399
f 5399 5258 5260
f 5399 5260 5400
f 5400 5260 5401
f 5401 5260 5262
f 5401 5262 5402
f 5402 5262 5264
f 5402 5264 5403
f 5403 5264 5404
f 5404 5264 5266
f 5404 5266 5405
f 5405 5266 5406
f 5406 5266 5268
f 5406 5268 5407
f 5407 5268 5408
f 5408 5268 5270
f 5408 5270 5409
f 5409 5270 5272
f 5409 5272 5410
f 5410 5272 5411
f 5411 5272 5274
f 5411 5274 5412
f 5412 5274 5413
f 5413 5274 5276
f 5413 5276 5414
f 5414 5276 5230
f 5414 5230 5415
f 5415 5230 5377
f 5377 5230 5232
f 5375 5416 5376
f 5376 5416 5417
f 5376 5417 5377
f 5377 5417 5418
f 5377 5418 5419
f 5375 5379 5416
f 5416 5379 5420
f 5420 5379 5378
f 5420 5378 5421
f 5421 5378 5380
f 5421 5380 5422
f 5422 5380 5381
f 5422 5381 5423
f 5423 5381 5382
f 5423 5382 5424
f 5424 5382 5383
f 5424 5383 5425
f 5425 5383 5384
f 5425 5384 5426
f 5426 5384 5385
f 5426 5385 5427
f 5427 5385 5386
f 5427 5386 5428
f 5428 5386 5387
f 5428 5387 5429
f 5429 5387 5388
f 5429 5388 5430
f 5430 5388 5389
f 5430 5389 5431
f 5431 5389 5390
f 5431 5390 5432
f 5432 5390 5391
f 5432 5391 5433
f 5433 5391 5392
f 5433 5392 5434
f 5434 5392 5393
f 5434 5393 5435
f 5435 5393 5394
f 5435 5394 5436
f 5436 5394 5395
f 5436 5395 5437
f 5437 5395 5396
f 5437 5396 5438
f 5438 5396 5397
f 5438 5397 5439
f 5439 5397 5398
f 5439 5398 5440
f 5440 5398 5399
f 5440 5399 5441
f 5441 5399 5400
f 5441 5400 5442
f 5442 5400 5401
f 5442 5401 5443
f 5443 5401 5402
f 5443 5402 5444
f 5444 5402 5403
f 5444 5403 5445
f 5445 5403 5404
f 5445 5404 5446
f 5446 5404 5405
f 5446 5405 5447
f 5447 5405 5406
f 5447 5406 5448
f 5448 5406 5407
f 5448 5407 5449
f 5449 5407 5408
f 5449 5408 5450
f 5450 5408 5409
f 5450 5409 5451
f 5451 5409 5410
f 5451 5410 5452
f 5452 5410 5411
f 5452 5411 5453
f 5453 5411 5412
f 5453 5412 5454
f 5454 5412 5413
f 5454 5413 5455
f 5455 5413 5414
f 5455 5414 5456
f 5456 5414 5415
f 5456 5415 5419
f 5419 5415 5377
f 5418 5417 5457
f 5457 5417 5416
f 5457 5416 5458
f 5458 5416 5420
f 5458 5420 5421
f 5458 5421 5459
f 5459 5421 5422
f 5459 5422 5460
f 5460 5422 5423
f 5460 5423 5424
f 5460 5424 5461
f 5461 5424 5425
f 5461 5425 5426
f 5461 5426 5462
f 5462 5426 5427
f 5462 5427 5463
f 5463 5427 5428
f 5463 5428 5429
f 5463 5429 5464
f 5464 5429 5430
f 5464 5430 5431
f 5464 5431 5465
f 5465 5431 5432
f 5465 5432 5433
f 5465 5433 5466
f 5466 5433 5434
f 5466 5434 5467
f 5467 5434 5435
f 5467 5435 5436
f 5467 5436 5468
f 5468 5436 5437
f 5468 5437 5438
f 5468 5438 5469
f 5469 5438 5439
f 5469 5439 5470
f 5470 5439 5440
f 5470 5440 5441
f 5470 5441 5471
f 5471 5441 5442
f 5471 5442 5443
f 5471 5443 5472
f 5472 5443 5444
f 5472 5444 5473
f 5473 5444 5445
f 5473 5445 5446
f 5473 5446 5474
f 5474 5446 5447
f 5474 5447 5448
f 5474 5448 5475
f 5475 5448 5449
f 5475 5449 5450
f 5475 5450 5476
f 5476 5450 5451
f 5476 5451 5477
f 5477 5451 5452
f 5477 5452 5453
f 5477 5453 5478
f 5478 5453 5454
f 5478 5454 5455
f 5478 5455 5479
f 5479 5455 5456
f 5479 5456 5480
f 5480 5456 5419
f 5480 5419 5418
f 5480 5418 5457
f 5458 5481 5457
f 5457 5481 5482
f 5457 5482 5480
f 5480 5482 5483
f 5480 5483 5479
f 5479 5483 5484
f 5479 5484 5478
f 5478 5484 5485
f 5478 5485 5477
f 5477 5485 5486
f 5477 5486 5476
f 5476 5486 5487
f 5476 5487 5475
f 5475 5487 5488
f 5475 5488 5474
f 5474 5488 5489
f 5474 5489 5473
f 5473 5489 5490
f 5473 5490 5472
f 5472 5490 5491
f 5472 5491 5471
f 5471 5491 5492
f 5471 5492 5470
f 5470 5492 5493
f 5470 5493 5469
f 5469 5493 5494
f 5469 5494 5468
f 5468 5494 5495
f 5468 5495 5467
f 5467 5495 5496
f 5467 5496 5466
f 5466 5496 5497
f 5466 5497 5465
f 5465 5497 5498
f 5465 5498 5464
f 5464 5498 5499
f 5464 5499 5463
f 5463 5499 5500
f 5463 5500 5462
f 5462 5500 5501
f 5462 5501 5461
f 5461 5501 5502
f 5461 5502 5460
f 5460 5502 5503
f 5460 5503 5459
f 5459 5503 5504
f 5459 5504 5458
f 5458 5504 5481
f 5505 5506 5507
f 5507 5506 5508
f 5508 5506 5509
f 5509 5506 5510
f 5510 5506 5511
f 5511 5506 5512
f 5512 5506 5513
f 5513 5506 5514
f 5515 5506 5516
f 5516 5506 5517
f 5517 5506 5518
f 5518 5506 5519
f 5519 5506 5520
f 5520 5506 5521
f 5521 5506 5522
f 5523 5506 5524
f 5524 5506 5525
f 5525 5506 5526
f 5526 5506 5527
f 5527 5506 5528
f 5528 5506 5529
f 5529 5506 5505
f 5494 5530 5495
f 5495 5530 5531
f 5495 5531 5496
f 5496 5531 5532
f 5496 5532 5497
f 5497 5532 5533
f 5497 5533 5498
f 5498 5533 5534
f 5498 5534 5499
f 5499 5534 5535
f 5499 5535 5500
f 5500 5535 5536
f 5500 5536 5501
f 5501 5536 5537
f 5501 5537 5502
f 5502 5537 5538
f 5502 5538 5503
f 5503 5538 5539
f 5503 5539 5504
f 5504 5539 5540
f 5504 5540 5481
f 5481 5540 5541
f 5481 5541 5482
f 5482 5541 5542
f 5482 5542 5483
f 5483 5542 5543
f 5483 5543 5484
f 5484 5543 5544
f 5484 5544 5485
f 5485 5544 5545
f 5485 5545 5486
f 5486 5545 5546
f 5486 5546 5487
f 5487 5546 5547
f 5487 5547 5488
f 5488 5547 5548
f 5488 5548 5489
f 5489 5548 5549
f 5489 5549 5490
f 5490 5549 5550
f 5490 5550 5491
f 5491 5550 5551
f 5491 5551 5492
f 5492 5551 5552
f 5492 5552 5493
f 5493 5552 5553
f 5493 5553 5494
f 5494 5553 5530
f 5530 5554 5531
f 5531 5554 5555
f 5531 5555 5532
f 5532 5555 5556
f 5532 5556 5533
f 5533 5556 5557
f 5533 5557 5534
f 5534 5557 5558
f 5534 5558 5535
f 5535 5558 5559
f 5535 5559 5536
f 5536 5559 5560
f 5536 5560 5537
f 5537 5560 5561
f 5537 5561 5538
f 5538 5561 5562
f 5538 5562 5539
f 5539 5562 5563
f 5539 5563 5540
f 5540 5563 5564
f 5540 5564 5541
f 5541 5564 5565
f 5541 5565 5542
f 5542 5565 5566
f 5542 5566 5543
f 5543 5566 5567
f 5543 5567 5544
f 5544 5567 5568
f 5544 5568 5545
f 5545 5568 5569
f 5545 5569 5546
f 5546 5569 5570
f 5546 5570 5547
f 5547 5570 5571
f 5547 5571 5548
f 5548 5571 5572
f 5548 5572 5549
f 5549 5572 5573
f 5549 5573 5550
f 5550 5573 5574
f 5550 5574 5551
f 5551 5574 5575
f 5551 5575 5552
f 5552 5575 5576
f 5552 5576 5553
f 5553 5576 5577
f 5553 5577 5530
f 5530 5577 5554
f 5554 5578 5555
f 5555 5578 5579
f 5555 5579 5556
f 5556 5579 5580
f 5556 5580 5557
f 5557 5580 5581
f 5557 5581 5558
f 5558 5581 5582
f 5558 5582 5559
f 5559 5582 5583
f 5559 5583 5560
f 5560 5583 5584
f 5560 5584 5561
f 5561 5584 5585
f 5561 5585 5562
f 5562 5585 5586
f 5562 5586 5563
f 5563 5586 5587
f 5563 5587 5564
f 5564 5587 5588
f 5564 5588 5565
f 5565 5588 5589
f 5565 5589 5566
f 5566 5589 5590
f 5566 5590 5567
f 5567 5590 5591
f 5567 5591 5568
f 5568 5591 5592
f 5568 5592 5569
f 5569 5592 5593
f 5569 5593 5570
f 5570 5593 5594
f 5570 5594 5571
f 5571 5594 5595
f 5571 5595 5572
f 5572 5595 5596
f 5572 5596 5573
f 5573 5596 5597
f 5573 5597 5574
f 5574 5597 5598
f 5574 5598 5575
f 5575 5598 5599
f 5575 5599 5576
f 5576 5599 5600
f 5576 5600 5577
f 5577 5600 5601
f 5577 5601 5554
f 5554 5601 5578
f 5578 5505 5579
f 5579 5505 5507
f 5579 5507 5580
f 5580 5507 5508
f 5580 5508 5581
f 5581 5508 5509
f 5581 5509 5582
f 5582 5509 5510
f 5582 5510 5583
f 5583 5510 5511
f 5583 5511 5584
f 5584 5511 5512
f 5584 5512 5585
f 5585 5512 5513
f 5585 5513 5586
f 5586 5513 5514
f 5586 5514 5587
f 5587 5514 5515
f 5587 5515 5588
f 5588 5515 5516
f 5588 5516 5589
f 5589 5516 5517
f 5589 5517 5590
f 5590 5517 5518
f 5590 5518 5591
f 5591 5518 5519
f 5591 5519 5592
f 5592 5519 5520
f 5592 5520 5593
f 5593 5520 5521
f 5593 5521 5594
f 5594 5521 5522
f 5594 5522 5595
f 5595 5522 5523
f 5595 5523 5596
f 5596 5523 5524
f 5596 5524 5597
f 5597 5524 5525
f 5597 5525 5598
f 5598 5525 5526
f 5598 5526 5599
f 5599 5526 5527
f 5599 5527 5600
f 5600 5527 5528
f 5600 5528 5601
f 5601 5528 5529
f 5601 5529 5578
f 5578 5529 5505
f 5522 5506 5523
f 5514 5506 5515
f 5602 5603 5604
f 5604 5603 5605
f 5604 5605 5606
f 5606 5605 5607
f 5606 5607 5608
f 5608 5607 5609
f 5608 5609 5610
f 5610 5609 5611
f 5610 5611 5612
f 5612 5611 5613
f 5612 5613 5614
f 5614 5613 5615
f 5614 5615 5616
f 5616 5615 5617
f 5616 5617 5618
f 5618 5617 5619
f 5618 5619 5620
f 5620 5619 5621
f 5620 5621 5622
f 5622 5621 5623
f 5622 5623 5624
f 5624 5623 5625
f 5624 5625 5626
f 5626 5625 5627
f 5626 5627 5628
f 5628 5627 5629
f 5628 5629 5630
f 5630 5629 5631
f 5630 5631 5632
f 5632 5631 5633
f 5632 5633 5634
f 5634 5633 5635
f 5634 5635 5636
f 5636 5635 5637
f 5636 5637 5638
f 5638 5637 5639
f 5638 5639 5640
f 5640 5639 5641
f 5640 5641 5642
f 5642 5641 5643
f 5642 5643 5644
f 5644 5643 5645
f 5644 5645 5646
f 5646 5645 5647
f 5646 5647 5648
f 5648 5647 5649
f 5648 5649 5650
f 5650 5649 5651
f 5650 5651 5652
f 5650 5652 5653
f 5653 5652 5654
f 5653 5654 5655
f 5655 5654 5656
f 5655 5656 5657
f 5657 5656 5658
f 5657 5658 5659
f 5659 5658 5660
f 5659 5660 5661
f 5661 5660 5662
f 5661 5662 5663
f 5663 5662 5664
f 5663 5664 5665
f 5665 5664 5666
f 5665 5666 5667
f 5667 5666 5668
f 5667 5668 5669
f 5669 5668 5670
f 5669 5670 5671
f 5671 5670 5672
f 5671 5672 5673
f 5673 5672 5674
f 5673 5674 5675
f 5675 5674 5676
f 5675 5676 5677
f 5677 5676 5678
f 5677 5678 5679
f 5679 5678 5680
f 5679 5680 5681
f 5681 5680 5682
f 5681 5682 5683
f 5683 5682 5684
f 5683 5684 5685
f 5685 5684 5686
f 5685 5686 5687
f 5687 5686 5688
f 5687 5688 5689
f 5689 5688 5690
f 5689 5690 5691
f 5691 5690 5692
f 5691 5692 5693
f 5693 5692 5694
f 5693 5694 5695
f 5695 5694 5696
f 5695 5696 5697
f 5697 5696 5602
f 5697 5602 5604
f 5698 5699 5603
f 5603 5699 5700
f 5603 5700 5605
f 5605 5700 5701
f 5605 5701 5607
f 5607 5701 5702
f 5607 5702 5609
f 5609 5702 5703
f 5609 5703 5611
f 5611 5703 5704
f 5611 5704 5613
f 5613 5704 5705
f 5613 5705 5615
f 5615 5705 5706
f 5615 5706 5617
f 5617 5706 5707
f 5617 5707 5619
f 5619 5707 5708
f 5619 5708 5621
f 5621 5708 5709
f 5621 5709 5623
f 5623 5709 5710
f 5623 5710 5625
f 5625 5710 5711
f 5625 5711 5627
f 5627 5711 5712
f 5627 5712 5629
f 5629 5712 5713
f 5629 5713 5631
f 5631 5713 5714
f 5631 5714 5633
f 5633 5714 5715
f 5633 5715 5635
f 5635 5715 5716
f 5635 5716 5637
f 5637 5716 5717
f 5637 5717 5639
f 5639 5717 5718
f 5639 5718 5641
f 5641 5718 5719
f 5641 5719 5643
f 5643 5719 5720
f 5643 5720 5645
f 5645 5720 5721
f 5645 5721 5647
f 5647 5721 5722
f 5647 5722 5649
f 5649 5722 5723
f 5649 5723 5651
f 5651 5723 5724
f 5651 5724 5652
f 5652 5724 5725
f 5652 5725 5654
f 5654 5725 5726
f 5654 5726 5656
f 5656 5726 5727
f 5656 5727 5658
f 5658 5727 5728
f 5658 5728 5660
f 5660 5728 5729
f 5660 5729 5662
f 5662 5729 5730
f 5662 5730 5664
f 5664 5730 5731
f 5664 5731 5666
f 5666 5731 5732
f 5666 5732 5668
f 5668 5732 5733
f 5668 5733 5670
f 5670 5733 5734
f 5670 5734 5672
f 5672 5734 5735
f 5672 5735 5674
f 5674 5735 5736
f 5674 5736 5676
f 5676 5736 5737
f 5676 5737 5678
f 5678 5737 5738
f 5678 5738 5680
f 5680 5738 5739
f 5680 5739 5682
f 5682 5739 5740
f 5682 5740 5684
f 5684 5740 5741
f 5684 5741 5686
f 5686 5741 5742
f 5686 5742 5688
f 5688 5742 5743
f 5688 5743 5690
f 5690 5743 5744
f 5690 5744 5692
f 5692 5744 5745
f 5692 5745 5694
f 5694 5745 5746
f 5694 5746 5696
f 5696 5746 5747
f 5696 5747 5602
f 5602 5747 5698
f 5602 5698 5603
f 5748 5604 5749
f 5749 5604 5606
f 5749 5606 5750
f 5750 5606 5608
f 5750 5608 5751
f 5751 5608 5610
f 5751 5610 5752
f 5752 5610 5612
f 5752 5612 5753
f 5753 5612 5614
f 5753 5614 5754
f 5754 5614 5616
f 5754 5616 5755
f 5755 5616 5618
f 5755 5618 5756
f 5756 5618 5620
f 5756 5620 5757
f 5757 5620 5622
f 5757 5622 5758
f 5758 5622 5624
f 5758 5624 5759
f 5759 5624 5626
f 5759 5626 5760
f 5760 5626 5628
f 5760 5628 5761
f 5761 5628 5630
f 5761 5630 5762
f 5762 5630 5632
f 5762 5632 5763
f 5763 5632 5634
f 5763 5634 5764
f 5764 5634 5636
f 5764 5636 5765
f 5765 5636 5638
f 5765 5638 5766
f 5766 5638 5640
f 5766 5640 5767
f 5767 5640 5642
f 5767 5642 5768
f 5768 5642 5644
f 5768 5644 5769
f 5769 5644 5646
f 5769 5646 5770
f 5770 5646 5648
f 5770 5648 5771
f 5771 5648 5650
f 5771 5650 5772
f 5772 5650 5653
f 5772 5653 5773
f 5773 5653 5655
f 5773 5655 5774
f 5774 5655 5657
f 5774 5657 5775
f 5775 5657 5659
f 5775 5659 5776
f 5776 5659 5661
f 5776 5661 5777
f 5777 5661 5663
f 5777 5663 5778
f 5778 5663 5665
f 5778 5665 5779
f 5779 5665 5667
f 5779 5667 5780
f 5780 5667 5669
f 5780 5669 5781
f 5781 5669 5671
f 5781 5671 5782
f 5782 5671 5673
f 5782 5673 5783
f 5783 5673 5675
f 5783 5675 5784
f 5784 5675 5677
f 5784 5677 5785
f 5785 5677 5679
f 5785 5679 5786
f 5786 5679 5681
f 5786 5681 5787
f 5787 5681 5683
f 5787 5683 5788
f 5788 5683 5685
f 5788 5685 5789
f 5789 5685 5687
f 5789 5687 5790
f 5790 5687 5689
f 5790 5689 5791
f 5791 5689 5691
f 5791 5691 5792
f 5792 5691 5693
f 5792 5693 5793
f 5793 5693 5695
f 5793 5695 5794
f 5794 5695 5697
f 5794 5697 5748
f 5748 5697 5604
f 5748 5749 5795
f 5795 5749 5750
f 5795 5750 5796
f 5796 5750 5751
f 5796 5751 5797
f 5797 5751 5752
f 5797 5752 5798
f 5798 5752 5753
f 5798 5753 5799
f 5799 5753 5754
f 5799 5754 5800
f 5800 5754 5755
f 5800 5755 5801
f 5801 5755 5756
f 5801 5756 5802
f 5802 5756 5757
f 5802 5757 5758
f 5802 5758 5803
f 5803 5758 5759
f 5803 5759 5804
f 5804 5759 5760
f 5804 5760 5805
f 5805 5760 5761
f 5805 5761 5806
f 5806 5761 5762
f 5806 5762 5807
f 5807 5762 5763
f 5807 5763 5808
f 5808 5763 5764
f 5808 5764 5809
f 5809 5764 5765
f 5809 5765 5766
f 5809 5766 5810
f 5810 5766 5767
f 5810 5767 5811
f 5811 5767 5768
f 5811 5768 5812
f 5812 5768 5769
f 5812 5769 5813
f 5813 5769 5770
f 5813 5770 5814
f 5814 5770 5771
f 5814 5771 5815
f 5815 5771 5772
f 5815 5772 5773
f 5815 5773 5816
f 5816 5773 5774
f 5816 5774 5817
f 5817 5774 5775
f 5817 5775 5818
f 5818 5775 5776
f 5818 5776 5819
f 5819 5776 5777
f 5819 5777 5820
f 5820 5777 5778
f 5820 5778 5821
f 5821 5778 5779
f 5821 5779 5822
f 5822 5779 5780
f 5822 5780 5781
f 5822 5781 5823
f 5823 5781 5782
f 5823 5782 5824
f 5824 5782 5783
f 5824 5783 5825
f 5825 5783 5784
f 5825 5784 5826
f 5826 5784 5785
f 5826 5785 5827
f 5827 5785 5786
f 5827 5786 5828
f 5828 5786 5787
f 5828 5787 5829
f 5829 5787 5788
f 5829 5788 5789
f 5829 5789 5830
f 5830 5789 5790
f 5830 5790 5831
f 5831 5790 5791
f 5831 5791 5832
f 5832 5791 5792
f 5832 5792 5833
f 5833 5792 5793
f 5833 5793 5834
f 5834 5793 5794
f 5834 5794 5835
f 5835 5794 5748
f 5835 5748 5795
f 5796 5836 5795
f 5795 5836 5837
f 5795 5837 5835
f 5835 5837 5838
f 5835 5838 5839
f 5796 5797 5836
f 5836 5797 5840
f 5840 5797 5798
f 5840 5798 5841
f 5841 5798 5799
f 5841 5799 5842
f 5842 5799 5800
f 5842 5800 5843
f 5843 5800 5801
f 5843 5801 5844
f 5844 5801 5802
f 5844 5802 5845
f 5845 5802 5803
f 5845 5803 5846
f 5846 5803 5804
f 5846 5804 5847
f 5847 5804 5805
f 5847 5805 5848
f 5848 5805 5806
f 5848 5806 5849
f 5849 5806 5807
f 5849 5807 5850
f 5850 5807 5808
f 5850 5808 5851
f 5851 5808 5809
f 5851 5809 5852
f 5852 5809 5810
f 5852 5810 5853
f 5853 5810 5811
f 5853 5811 5854
f 5854 5811 5812
f 5854 5812 5855
f 5855 5812 5813
f 5855 5813 5856
f 5856 5813 5814
f 5856 5814 5857
f 5857 5814 5815
f 5857 5815 5858
f 5858 5815 5816
f 5858 5816 5859
f 5859 5816 5817
f 5859 5817 5860
f 5860 5817 5818
f 5860 5818 5861
f 5861 5818 5819
f 5861 5819 5862
f 5862 5819 5820
f 5862 5820 5863
f 5863 5820 5821
f 5863 5821 5864
f 5864 5821 5822
f 5864 5822 5865
f 5865 5822 5823
f 5865 5823 5866
f 5866 5823 5824
f 5866 5824 5867
f 5867 5824 5825
f 5867 5825 5868
f 5868 5825 5826
f 5868 5826 5869
f 5869 5826 5827
f 5869 5827 5870
f 5870 5827 5828
f 5870 5828 5871
f 5871 5828 5829
f 5871 5829 5872
f 5872 5829 5830
f 5872 5830 5873
f 5873 5830 5831
f 5873 5831 5874
f 5874 5831 5832
f 5874 5832 5875
f 5875 5832 5833
f 5875 5833 5876
f 5876 5833 5834
f 5876 5834 5839
f 5839 5834 5835
f 5838 5837 5862
f 5862 5837 5836
f 5862 5836 5840
f 5840 5841 5862
f 5862 5841 5842
f 5862 5842 5843
f 5843 5844 5862
f 5862 5844 5845
f 5862 5845 5846
f 5846 5847 5862
f 5862 5847 5848
f 5862 5848 5849
f 5862 5849 5861
f 5861 5849 5850
f 5861 5850 5851
f 5851 5852 5861
f 5861 5852 5853
f 5861 5853 5854
f 5854 5855 5861
f 5861 5855 5856
f 5861 5856 5860
f 5860 5856 5857
f 5860 5857 5859
f 5859 5857 5858
f 5863 5875 5862
f 5862 5875 5876
f 5862 5876 5839
f 5875 5863 5874
f 5874 5863 5864
f 5874 5864 5873
f 5873 5864 5865
f 5873 5865 5872
f 5872 5865 5866
f 5872 5866 5871
f 5871 5866 5867
f 5871 5867 5870
f 5870 5867 5868
f 5870 5868 5869
f 5839 5838 5862
f 5877 5878 5879
f 5879 5878 5880
f 5879 5880 5881
f 5881 5880 5882
f 5881 5882 5883
f 5883 5882 5884
f 5883 5884 5885
f 5885 5884 5886
f 5885 5886 5887
f 5887 5886 5888
f 5887 5888 5889
f 5889 5888 5890
f 5889 5890 5891
f 5891 5890 5892
f 5891 5892 5893
f 5893 5892 5894
f 5893 5894 5895
f 5895 5894 5896
f 5895 5896 5897
f 5897 5896 5898
f 5897 5898 5899
f 5899 5898 5900
f 5899 5900 5901
f 5878 5877 5902
f 5902 5877 5903
f 5902 5903 5904
f 5904 5903 5905
f 5904 5905 5906
f 5906 5905 5907
f 5906 5907 5908
f 5908 5907 5909
f 5908 5909 5910
f 5910 5909 5911
f 5910 5911 5912
f 5912 5911 5913
f 5912 5913 5914
f 5914 5913 5915
f 5914 5915 5916
f 5916 5915 5917
f 5916 5917 5918
f 5918 5917 5919
f 5918 5919 5920
f 5881 5921 5879
f 5879 5921 5922
f 5879 5922 5877
f 5877 5922 5923
f 5877 5923 5903
f 5903 5923 5924
f 5903 5924 5905
f 5905 5924 5925
f 5905 5925 5907
f 5907 5925 5926
f 5907 5926 5909
f 5909 5926 5927
f 5909 5927 5911
f 5911 5927 5928
f 5911 5928 5913
f 5913 5928 5929
f 5913 5929 5915
f 5915 5929 5930
f 5915 5930 5917
f 5917 5930 5931
f 5917 5931 5919
f 5919 5931 5932
f 5919 5932 5920
f 5920 5932 5933
f 5920 5933 5918
f 5918 5933 5934
f 5918 5934 5916
f 5916 5934 5935
f 5916 5935 5914
f 5914 5935 5936
f 5914 5936 5912
f 5912 5936 5937
f 5912 5937 5910
f 5910 5937 5938
f 5910 5938 5908
f 5908 5938 5939
f 5908 5939 5906
f 5906 5939 5940
f 5906 5940 5904
f 5904 5940 5941
f 5904 5941 5902
f 5902 5941 5942
f 5902 5942 5878
f 5878 5942 5943
f 5878 5943 5880
f 5880 5943 5944
f 5880 5944 5882
f 5882 5944 5945
f 5882 5945 5884
f 5884 5945 5946
f 5884 5946 5886
f 5886 5946 5947
f 5886 5947 5888
f 5888 5947 5948
f 5888 5948 5890
f 5890 5948 5949
f 5890 5949 5892
f 5892 5949 5950
f 5892 5950 5894
f 5894 5950 5951
f 5894 5951 5896
f 5896 5951 5952
f 5896 5952 5898
f 5898 5952 5953
f 5898 5953 5900
f 5900 5953 5954
f 5900 5954 5901
f 5901 5954 5955
f 5901 5955 5899
f 5899 5955 5956
f 5899 5956 5897
f 5897 5956 5957
f 5897 5957 5895
f 5895 5957 5958
f 5895 5958 5893
f 5893 5958 5959
f 5893 5959 5891
f 5891 5959 5960
f 5891 5960 5889
f 5889 5960 5961
f 5889 5961 5887
f 5887 5961 5962
f 5887 5962 5885
f 5885 5962 5963
f 5885 5963 5883
f 5883 5963 5964
f 5883 5964 5881
f 5881 5964 5921
f 5921 5965 5922
f 5922 5965 5966
f 5922 5966 5967
f 5965 5921 5968
f 5968 5921 5964
f 5968 5964 5969
f 5969 5964 5963
f 5969 5963 5970
f 5970 5963 5962
f 5970 5962 5971
f 5971 5962 5961
f 5971 5961 5972
f 5972 5961 5960
f 5972 5960 5973
f 5973 5960 5959
f 5973 5959 5974
f 5974 5959 5975
f 5975 5959 5958
f 5975 5958 5976
f 5976 5958 5957
f 5976 5957 5977
f 5977 5957 5956
f 5977 5956 5978
f 5978 5956 5955
f 5978 5955 5979
f 5979 5955 5954
f 5979 5954 5980
f 5980 5954 5953
f 5980 5953 5981
f 5981 5953 5952
f 5981 5952 5982
f 5982 5952 5951
f 5982 5951 5983
f 5983 5951 5984
f 5984 5951 5950
f 5984 5950 5985
f 5985 5950 5949
f 5985 5949 5986
f 5986 5949 5948
f 5986 5948 5987
f 5987 5948 5947
f 5987 5947 5988
f 5988 5947 5946
f 5988 5946 5989
f 5989 5946 5945
f 5989 5945 5990
f 5990 5945 5944
f 5990 5944 5991
f 5991 5944 5992
f 5992 5944 5943
f 5992 5943 5993
f 5993 5943 5942
f 5993 5942 5994
f 5994 5942 5941
f 5994 5941 5995
f 5995 5941 5940
f 5995 5940 5996
f 5996 5940 5939
f 5996 5939 5997
f 5997 5939 5938
f 5997 5938 5998
f 5998 5938 5937
f 5998 5937 5999
f 5999 5937 6000
f 6000 5937 5936
f 6000 5936 6001
f 6001 5936 5935
f 6001 5935 6002
f 6002 5935 5934
f 6002 5934 6003
f 6003 5934 5933
f 6003 5933 6004
f 6004 5933 5932
f 6004 5932 6005
f 6005 5932 5931
f 6005 5931 6006
f 6006 5931 5930
f 6006 5930 6007
f 6007 5930 5929
f 6007 5929 6008
f 6008 5929 6009
f 6009 5929 5928
f 6009 5928 6010
f 6010 5928 5927
f 6010 5927 6011
f 6011 5927 5926
f 6011 5926 6012
f 6012 5926 5925
f 6012 5925 6013
f 6013 5925 5924
f 6013 5924 6014
f 6014 5924 5923
f 6014 5923 5967
f 5967 5923 5922
f 5965 5699 5966
f 5966 5699 5698
f 5966 5698 5967
f 5967 5698 5747
f 5967 5747 6014
f 6014 5747 5746
f 6014 5746 6013
f 6013 5746 5745
f 6013 5745 6012
f 6012 5745 5744
f 6012 5744 6011
f 6011 5744 5743
f 6011 5743 6010
f 6010 5743 5742
f 6010 5742 6009
f 6009 5742 5741
f 6009 5741 6008
f 6008 5741 5740
f 6008 5740 6007
f 6007 5740 5739
f 6007 5739 6006
f 6006 5739 5738
f 6006 5738 6005
f 6005 5738 5737
f 6005 5737 6004
f 6004 5737 5736
f 6004 5736 6003
f 6003 5736 5735
f 6003 5735 6002
f 6002 5735 5734
f 6002 5734 6001
f 6001 5734 5733
f 6001 5733 6000
f 6000 5733 5732
f 6000 5732 5999
f 5999 5732 5731
f 5999 5731 5998
f 5998 5731 5730
f 5998 5730 5997
f 5997 5730 5729
f 5997 5729 5996
f 5996 5729 5728
f 5996 5728 5995
f 5995 5728 5727
f 5995 5727 5994
f 5994 5727 5726
f 5994 5726 5993
f 5993 5726 5725
f 5993 5725 5992
f 5992 5725 5991
f 5991 5725 5724
f 5991 5724 5990
f 5990 5724 5723
f 5990 5723 5722
f 5699 5965 5700
f 5700 5965 5968
f 5700 5968 5701
f 5701 5968 5969
f 5701 5969 5702
f 5702 5969 5970
f 5702 5970 5703
f 5703 5970 5971
f 5703 5971 5704
f 5704 5971 5972
f 5704 5972 5705
f 5705 5972 5973
f 5705 5973 5706
f 5706 5973 5974
f 5706 5974 5707
f 5707 5974 5975
f 5707 5975 5708
f 5708 5975 5976
f 5708 5976 5709
f 5709 5976 5977
f 5709 5977 5710
f 5710 5977 5978
f 5710 5978 5711
f 5711 5978 5979
f 5711 5979 5712
f 5712 5979 5980
f 5712 5980 5713
f 5713 5980 5981
f 5713 5981 5714
f 5714 5981 5982
f 5714 5982 5715
f 5715 5982 5983
f 5715 5983 5716
f 5716 5983 5984
f 5716 5984 5717
f 5717 5984 5985
f 5717 5985 5718
f 5718 5985 5986
f 5718 5986 5719
f 5719 5986 5987
f 5719 5987 5720
f 5720 5987 5988
f 5720 5988 5721
f 5721 5988 5989
f 5721 5989 5722
f 5722 5989 5990
f 6015 6016 6017
f 6017 6016 6018
f 6018 6016 6019
f 6018 6019 6020
f 6020 6019 6021
f 6021 6019 6022
f 6022 6019 6023
f 6023 6019 6024
f 6024 6019 6025
f 6025 6019 6026
f 6026 6019 6027
f 6027 6019 6028
f 6028 6019 6029
f 6029 6019 6030
f 6030 6019 6031
f 6031 6019 6032
f 6032 6019 6033
f 6033 6019 6034
f 6034 6019 6035
f 6035 6019 6036
f 6036 6019 6037
f 6037 6019 6038
f 6038 6019 6039
f 6039 6019 6040
f 6040 6019 6041
f 6041 6019 6042
f 6042 6019 6043
f 6043 6019 6044
f 6044 6019 6045
f 6045 6019 6046
f 6045 6046 6047
f 6047 6046 6048
f 6047 6048 6049
f 6049 6048 6050
f 6049 6050 6051
f 6051 6050 6052
f 6051 6052 6053
f 6053 6052 6054
f 6053 6054 6055
f 6055 6054 6056
f 6055 6056 6057
f 6057 6056 6058
f 6057 6058 6059
f 6059 6058 6060
f 6059 6060 6061
f 6061 6060 6062
f 6061 6062 6063
f 6063 6062 6064
f 6063 6064 6065
f 6066 6067 6068
f 6068 6067 6069
f 6069 6067 6070
f 6069 6070 6071
f 6071 6070 6072
f 6072 6070 6073
f 6073 6070 6074
f 6074 6070 6075
f 6075 6070 6076
f 6076 6070 6077
f 6077 6070 6078
f 6078 6070 6079
f 6079 6070 6080
f 6080 6070 6081
f 6081 6070 6082
f 6082 6070 6083
f 6083 6070 6084
f 6084 6070 6085
f 6085 6070 6086
f 6086 6070 6087
f 6087 6070 6088
f 6088 6070 6089
f 6089 6070 6090
f 6090 6070 6091
f 6091 6070 6092
f 6092 6070 6093
f 6093 6070 6094
f 6094 6070 6095
f 6095 6070 6096
f 6096 6070 6097
f 6096 6097 6098
f 6098 6097 6099
f 6098 6099 6100
f 6100 6099 6101
f 6100 6101 6102
f 6102 6101 6103
f 6102 6103 6104
f 6104 6103 6105
f 6104 6105 6106
f 6106 6105 6107
f 6106 6107 6108
f 6108 6107 6109
f 6108 6109 6110
f 6110 6109 6111
f 6110 6111 6112
f 6112 6111 6113
f 6112 6113 6114
f 6114 6113 6115
f 6114 6115 6116
f 6117 6118 6119
f 6119 6118 6120
f 6119 6120 6121
f 6118 6117 6122
f 6122 6117 6123
f 6122 6123 6124
f 6124 6123 6125
f 6124 6125 6126
f 6126 6125 6127
f 6126 6127 6128
f 6128 6127 6129
f 6128 6129 6130
f 6131 6132 6130
f 6130 6132 6133
f 6130 6133 6128
f 6132 6131 6134
f 6134 6131 6135
f 6134 6135 6136
f 6136 6135 6137
f 6136 6137 6138
f 6138 6137 6139
f 6138 6139 6140
f 6138 6140 6141
f 6141 6140 6142
f 6141 6142 6143
f 6143 6142 6144
f 6143 6144 6145
f 6145 6144 6146
f 6146 6144 6147
f 6146 6147 6148
f 6148 6147 6149
f 6148 6149 6150
f 6150 6149 6151
f 6150 6151 6152
f 6152 6151 6153
f 6153 6151 6154
f 6153 6154 6155
f 6155 6154 6156
f 6155 6156 6157
f 6157 6156 6158
f 6157 6158 6159
f 6157 6159 6160
f 6160 6159 6161
f 6160 6161 6162
f 6162 6161 6163
f 6162 6163 6164
f 6164 6163 6165
f 6164 6165 6166
f 6166 6165 6167
f 6166 6167 6168
f 6168 6167 6169
f 6168 6169 6170
f 6170 6169 6171
f 6170 6171 6172
f 6173 6174 6163
f 6163 6174 6175
f 6163 6175 6165
f 6174 6173 6176
f 6176 6173 6177
f 6176 6177 6178
f 6176 6178 6179
f 6179 6178 6180
f 6179 6180 6181
f 6181 6180 6182
f 6181 6182 6183
f 6183 6182 6184
f 6183 6184 6121
f 6121 6184 6119
f 6185 6186 6187
f 6187 6186 6188
f 6187 6188 6189
f 6185 6190 6186
f 6186 6190 6134
f 6186 6134 6136
f 6190 6191 6134
f 6134 6191 6192
f 6134 6192 6193
f 6193 6194 6134
f 6134 6194 6195
f 6134 6195 6196
f 6196 6197 6134
f 6134 6197 6198
f 6134 6198 6199
f 6200 6201 6132
f 6132 6201 6202
f 6132 6202 6203
f 6203 6204 6132
f 6132 6204 6205
f 6132 6205 6206
f 6206 6207 6132
f 6132 6207 6208
f 6132 6208 6209
f 6209 6210 6132
f 6132 6210 6211
f 6132 6211 6212
f 6212 6211 6213
f 6212 6213 6214
f 6214 6215 6212
f 6212 6215 6216
f 6212 6216 6217
f 6217 6216 6218
f 6218 6216 6219
f 6219 6216 6220
f 6220 6216 6221
f 6221 6216 6222
f 6222 6216 6223
f 6223 6216 6224
f 6224 6216 6225
f 6225 6216 6175
f 6225 6175 6226
f 6226 6175 6174
f 6172 6227 6170
f 6170 6227 6228
f 6170 6228 6229
f 6170 6229 6230
f 6230 6229 6231
f 6230 6231 6232
f 6232 6233 6230
f 6230 6233 6234
f 6230 6234 6235
f 6235 6236 6230
f 6230 6236 6237
f 6237 6236 6238
f 6170 6239 6168
f 6168 6239 6240
f 6240 6239 6241
f 6241 6239 6242
f 6242 6239 6243
f 6243 6239 6244
f 6244 6239 6245
f 6244 6245 6246
f 6246 6245 6247
f 6247 6245 6248
f 6248 6245 6249
f 6249 6245 6250
f 6250 6245 6251
f 6250 6251 6252
f 6252 6251 6253
f 6187 6254 6162
f 6162 6254 6255
f 6162 6255 6160
f 6189 6256 6187
f 6187 6256 6257
f 6187 6257 6258
f 6258 6259 6187
f 6187 6259 6260
f 6187 6260 6261
f 6261 6254 6187
f 6212 6133 6132
f 6262 6263 6264
f 6264 6263 6265
f 6264 6265 6266
f 6266 6265 6267
f 6266 6267 6268
f 6268 6267 6269
f 6268 6269 6270
f 6270 6269 6271
f 6270 6271 6272
f 6272 6271 6273
f 6272 6273 6274
f 6274 6273 6275
f 6274 6275 6276
f 6263 6262 6277
f 6277 6262 6278
f 6277 6278 6279
f 6279 6278 6280
f 6279 6280 6281
f 6281 6280 6282
f 6281 6282 6283
f 6283 6282 6284
f 6283 6284 6285
f 6286 6287 6288
f 6288 6287 6289
f 6288 6289 6290
f 6290 6289 6291
f 6290 6291 6292
f 6292 6291 6293
f 6292 6293 6294
f 6294 6293 6295
f 6294 6295 6296
f 6296 6295 6297
f 6296 6297 6298
f 6298 6297 6299
f 6298 6299 6300
f 6287 6286 6301
f 6301 6286 6302
f 6301 6302 6303
f 6303 6302 6304
f 6303 6304 6305
f 6305 6304 6306
f 6305 6306 6307
f 6307 6306 6308
f 6307 6308 6309
f 6310 6311 6312
f 6312 6311 6313
f 6312 6313 6314
f 6314 6315 6312
f 6312 6315 6316
f 6312 6316 6317
f 6317 6316 6318
f 6318 6316 6319
f 6318 6319 6320
f 6320 6319 6321
f 6321 6319 6322
f 6321 6322 6323
f 6323 6324 6321
f 6321 6324 6325
f 6321 6325 6326
f 6327 6328 6320
f 6320 6328 6329
f 6320 6329 6330
f 6330 6331 6320
f 6320 6331 6318
f 6312 6317 6332
f 6332 6317 6333
f 6332 6333 6334
f 6334 6335 6332
f 6332 6335 6336
f 6332 6336 6337
f 6068 6338 6066
f 6066 6338 6339
f 6066 6339 6067
f 6067 6339 6340
f 6067 6340 6070
f 6070 6340 6341
f 6070 6341 6097
f 6097 6341 6342
f 6097 6342 6099
f 6099 6342 6343
f 6099 6343 6101
f 6101 6343 6344
f 6101 6344 6103
f 6103 6344 6345
f 6103 6345 6105
f 6105 6345 6346
f 6105 6346 6107
f 6107 6346 6347
f 6107 6347 6109
f 6109 6347 6348
f 6109 6348 6111
f 6111 6348 6349
f 6111 6349 6113
f 6113 6349 6350
f 6113 6350 6115
f 6115 6350 6351
f 6115 6351 6116
f 6116 6351 6352
f 6116 6352 6114
f 6114 6352 6353
f 6114 6353 6112
f 6112 6353 6354
f 6112 6354 6110
f 6110 6354 6355
f 6110 6355 6108
f 6108 6355 6356
f 6108 6356 6106
f 6106 6356 6357
f 6106 6357 6104
f 6104 6357 6358
f 6104 6358 6102
f 6102 6358 6359
f 6102 6359 6100
f 6100 6359 6360
f 6100 6360 6098
f 6098 6360 6361
f 6098 6361 6096
f 6096 6361 6362
f 6096 6362 6095
f 6095 6362 6363
f 6095 6363 6094
f 6094 6363 6364
f 6094 6364 6093
f 6093 6364 6365
f 6093 6365 6092
f 6092 6365 6366
f 6092 6366 6091
f 6091 6366 6367
f 6091 6367 6090
f 6090 6367 6368
f 6090 6368 6089
f 6089 6368 6369
f 6089 6369 6088
f 6088 6369 6370
f 6088 6370 6087
f 6087 6370 6371
f 6087 6371 6086
f 6086 6371 6372
f 6086 6372 6085
f 6085 6372 6373
f 6085 6373 6084
f 6084 6373 6374
f 6084 6374 6083
f 6083 6374 6375
f 6083 6375 6082
f 6082 6375 6376
f 6082 6376 6081
f 6081 6376 6377
f 6081 6377 6080
f 6080 6377 6378
f 6080 6378 6079
f 6079 6378 6379
f 6079 6379 6078
f 6078 6379 6380
f 6078 6380 6077
f 6077 6380 6381
f 6077 6381 6076
f 6076 6381 6382
f 6076 6382 6075
f 6075 6382 6383
f 6075 6383 6074
f 6074 6383 6384
f 6074 6384 6073
f 6073 6384 6385
f 6073 6385 6072
f 6072 6385 6386
f 6072 6386 6071
f 6071 6386 6387
f 6071 6387 6069
f 6069 6387 6388
f 6069 6388 6068
f 6068 6388 6338
f 6389 6365 6390
f 6390 6365 6364
f 6390 6364 6391
f 6391 6364 6363
f 6391 6363 6392
f 6392 6363 6362
f 6392 6362 6393
f 6393 6362 6361
f 6393 6361 6394
f 6394 6361 6360
f 6394 6360 6395
f 6395 6360 6359
f 6395 6359 6396
f 6396 6359 6358
f 6396 6358 6397
f 6397 6358 6357
f 6397 6357 6398
f 6398 6357 6356
f 6398 6356 6399
f 6399 6356 6355
f 6399 6355 6400
f 6400 6355 6354
f 6400 6354 6401
f 6401 6354 6353
f 6401 6353 6402
f 6402 6353 6352
f 6402 6352 6403
f 6403 6352 6351
f 6403 6351 6404
f 6404 6351 6350
f 6404 6350 6405
f 6405 6350 6349
f 6405 6349 6406
f 6406 6349 6348
f 6406 6348 6407
f 6407 6348 6347
f 6407 6347 6408
f 6408 6347 6346
f 6408 6346 6409
f 6409 6346 6345
f 6409 6345 6410
f 6410 6345 6344
f 6410 6344 6411
f 6411 6344 6343
f 6411 6343 6412
f 6412 6343 6342
f 6412 6342 6413
f 6413 6342 6341
f 6413 6341 6414
f 6414 6341 6340
f 6414 6340 6415
f 6415 6340 6339
f 6415 6339 6416
f 6416 6339 6338
f 6416 6338 6417
f 6417 6338 6388
f 6417 6388 6418
f 6418 6388 6387
f 6418 6387 6419
f 6419 6387 6386
f 6419 6386 6420
f 6420 6386 6385
f 6420 6385 6421
f 6421 6385 6384
f 6421 6384 6422
f 6422 6384 6383
f 6422 6383 6423
f 6423 6383 6382
f 6423 6382 6424
f 6424 6382 6381
f 6424 6381 6425
f 6425 6381 6380
f 6425 6380 6426
f 6426 6380 6379
f 6426 6379 6427
f 6427 6379 6378
f 6427 6378 6428
f 6428 6378 6377
f 6428 6377 6429
f 6429 6377 6376
f 6429 6376 6430
f 6430 6376 6375
f 6430 6375 6431
f 6431 6375 6374
f 6431 6374 6432
f 6432 6374 6373
f 6432 6373 6433
f 6433 6373 6372
f 6433 6372 6434
f 6434 6372 6371
f 6434 6371 6435
f 6435 6371 6370
f 6435 6370 6436
f 6436 6370 6369
f 6436 6369 6437
f 6437 6369 6368
f 6437 6368 6438
f 6438 6368 6367
f 6438 6367 6439
f 6439 6367 6366
f 6439 6366 6389
f 6389 6366 6365
f 6017 6440 6015
f 6015 6440 6441
f 6015 6441 6016
f 6016 6441 6442
f 6016 6442 6019
f 6019 6442 6443
f 6019 6443 6046
f 6046 6443 6444
f 6046 6444 6048
f 6048 6444 6445
f 6048 6445 6050
f 6050 6445 6446
f 6050 6446 6052
f 6052 6446 6447
f 6052 6447 6054
f 6054 6447 6448
f 6054 6448 6056
f 6056 6448 6449
f 6056 6449 6058
f 6058 6449 6450
f 6058 6450 6060
f 6060 6450 6451
f 6060 6451 6062
f 6062 6451 6452
f 6062 6452 6064
f 6064 6452 6453
f 6064 6453 6065
f 6065 6453 6454
f 6065 6454 6063
f 6063 6454 6455
f 6063 6455 6061
f 6061 6455 6456
f 6061 6456 6059
f 6059 6456 6457
f 6059 6457 6057
f 6057 6457 6458
f 6057 6458 6055
f 6055 6458 6459
f 6055 6459 6053
f 6053 6459 6460
f 6053 6460 6051
f 6051 6460 6461
f 6051 6461 6049
f 6049 6461 6462
f 6049 6462 6047
f 6047 6462 6463
f 6047 6463 6045
f 6045 6463 6464
f 6045 6464 6044
f 6044 6464 6465
f 6044 6465 6043
f 6043 6465 6466
f 6043 6466 6042
f 6042 6466 6467
f 6042 6467 6041
f 6041 6467 6468
f 6041 6468 6040
f 6040 6468 6469
f 6040 6469 6039
f 6039 6469 6470
f 6039 6470 6038
f 6038 6470 6471
f 6038 6471 6037
f 6037 6471 6472
f 6037 6472 6036
f 6036 6472 6473
f 6036 6473 6035
f 6035 6473 6474
f 6035 6474 6034
f 6034 6474 6475
f 6034 6475 6033
f 6033 6475 6476
f 6033 6476 6032
f 6032 6476 6477
f 6032 6477 6031
f 6031 6477 6478
f 6031 6478 6030
f 6030 6478 6479
f 6030 6479 6029
f 6029 6479 6480
f 6029 6480 6028
f 6028 6480 6481
f 6028 6481 6027
f 6027 6481 6482
f 6027 6482 6026
f 6026 6482 6483
f 6026 6483 6025
f 6025 6483 6484
f 6025 6484 6024
f 6024 6484 6485
f 6024 6485 6023
f 6023 6485 6486
f 6023 6486 6022
f 6022 6486 6487
f 6022 6487 6021
f 6021 6487 6488
f 6021 6488 6020
f 6020 6488 6489
f 6020 6489 6018
f 6018 6489 6490
f 6018 6490 6017
f 6017 6490 6440
f 6491 6467 6492
f 6492 6467 6466
f 6492 6466 6493
f 6493 6466 6465
f 6493 6465 6494
f 6494 6465 6464
f 6494 6464 6495
f 6495 6464 6463
f 6495 6463 6496
f 6496 6463 6462
f 6496 6462 6497
f 6497 6462 6461
f 6497 6461 6498
f 6498 6461 6460
f 6498 6460 6499
f 6499 6460 6459
f 6499 6459 6500
f 6500 6459 6458
f 6500 6458 6501
f 6501 6458 6457
f 6501 6457 6502
f 6502 6457 6456
f 6502 6456 6503
f 6503 6456 6455
f 6503 6455 6504
f 6504 6455 6454
f 6504 6454 6505
f 6505 6454 6453
f 6505 6453 6506
f 6506 6453 6452
f 6506 6452 6507
f 6507 6452 6451
f 6507 6451 6508
f 6508 6451 6450
f 6508 6450 6509
f 6509 6450 6449
f 6509 6449 6510
f 6510 6449 6448
f 6510 6448 6511
f 6511 6448 6447
f 6511 6447 6512
f 6512 6447 6446
f 6512 6446 6513
f 6513 6446 6445
f 6513 6445 6514
f 6514 6445 6444
f 6514 6444 6515
f 6515 6444 6443
f 6515 6443 6516
f 6516 6443 6442
f 6516 6442 6517
f 6517 6442 6441
f 6517 6441 6518
f 6518 6441 6440
f 6518 6440 6519
f 6519 6440 6490
f 6519 6490 6520
f 6520 6490 6489
f 6520 6489 6521
f 6521 6489 6488
f 6521 6488 6522
f 6522 6488 6487
f 6522 6487 6523
f 6523 6487 6486
f 6523 6486 6524
f 6524 6486 6485
f 6524 6485 6525
f 6525 6485 6484
f 6525 6484 6526
f 6526 6484 6483
f 6526 6483 6527
f 6527 6483 6482
f 6527 6482 6528
f 6528 6482 6481
f 6528 6481 6529
f 6529 6481 6480
f 6529 6480 6530
f 6530 6480 6479
f 6530 6479 6531
f 6531 6479 6478
f 6531 6478 6532
f 6532 6478 6477
f 6532 6477 6533
f 6533 6477 6476
f 6533 6476 6534
f 6534 6476 6475
f 6534 6475 6535
f 6535 6475 6474
f 6535 6474 6536
f 6536 6474 6473
f 6536 6473 6537
f 6537 6473 6472
f 6537 6472 6538
f 6538 6472 6471
f 6538 6471 6539
f 6539 6471 6470
f 6539 6470 6540
f 6540 6470 6469
f 6540 6469 6541
f 6541 6469 6468
f 6541 6468 6491
f 6491 6468 6467
f 6542 6220 6543
f 6543 6220 6221
f 6543 6221 6544
f 6544 6221 6222
f 6544 6222 6545
f 6545 6222 6223
f 6545 6223 6546
f 6546 6223 6224
f 6546 6224 6547
f 6547 6224 6225
f 6547 6225 6548
f 6548 6225 6226
f 6548 6226 6549
f 6549 6226 6174
f 6549 6174 6550
f 6550 6174 6176
f 6550 6176 6551
f 6551 6176 6179
f 6551 6179 6552
f 6552 6179 6181
f 6552 6181 6553
f 6553 6181 6183
f 6553 6183 6554
f 6554 6183 6121
f 6554 6121 6555
f 6555 6121 6120
f 6555 6120 6556
f 6556 6120 6118
f 6556 6118 6557
f 6557 6118 6122
f 6557 6122 6558
f 6558 6122 6124
f 6558 6124 6559
f 6559 6124 6126
f 6559 6126 6560
f 6560 6126 6128
f 6560 6128 6561
f 6561 6128 6133
f 6561 6133 6562
f 6562 6133 6212
f 6562 6212 6563
f 6563 6212 6217
f 6563 6217 6564
f 6564 6217 6218
f 6564 6218 6565
f 6565 6218 6219
f 6565 6219 6542
f 6542 6219 6220
f 6566 6567 6568
f 6568 6567 6569
f 6568 6569 6570
f 6570 6569 6571
f 6570 6571 6572
f 6572 6571 6573
f 6572 6573 6574
f 6574 6573 6575
f 6574 6575 6576
f 6576 6575 6577
f 6576 6577 6578
f 6578 6577 6579
f 6578 6579 6580
f 6580 6579 6581
f 6580 6581 6582
f 6582 6581 6583
f 6582 6583 6584
f 6584 6583 6585
f 6584 6585 6586
f 6586 6585 6587
f 6586 6587 6588
f 6588 6587 6589
f 6588 6589 6590
f 6590 6589 6591
f 6590 6591 6592
f 6592 6591 6593
f 6592 6593 6594
f 6594 6593 6595
f 6594 6595 6596
f 6596 6595 6597
f 6596 6597 6598
f 6598 6597 6599
f 6598 6599 6600
f 6600 6599 6601
f 6600 6601 6602
f 6602 6601 6603
f 6602 6603 6604
f 6604 6603 6605
f 6604 6605 6606
f 6606 6605 6607
f 6606 6607 6608
f 6608 6607 6609
f 6608 6609 6610
f 6610 6609 6611
f 6610 6611 6612
f 6612 6611 6613
f 6612 6613 6566
f 6566 6613 6567
f 6544 6571 6543
f 6543 6571 6569
f 6543 6569 6542
f 6542 6569 6567
f 6542 6567 6565
f 6565 6567 6613
f 6565 6613 6564
f 6564 6613 6611
f 6564 6611 6563
f 6563 6611 6609
f 6563 6609 6562
f 6562 6609 6607
f 6562 6607 6561
f 6561 6607 6605
f 6561 6605 6560
f 6560 6605 6603
f 6560 6603 6559
f 6559 6603 6601
f 6559 6601 6558
f 6558 6601 6599
f 6558 6599 6557
f 6557 6599 6597
f 6557 6597 6556
f 6556 6597 6595
f 6556 6595 6555
f 6555 6595 6593
f 6555 6593 6554
f 6554 6593 6591
f 6554 6591 6553
f 6553 6591 6589
f 6553 6589 6552
f 6552 6589 6587
f 6552 6587 6551
f 6551 6587 6585
f 6551 6585 6550
f 6550 6585 6583
f 6550 6583 6549
f 6549 6583 6581
f 6549 6581 6548
f 6548 6581 6579
f 6548 6579 6547
f 6547 6579 6577
f 6547 6577 6546
f 6546 6577 6575
f 6546 6575 6545
f 6545 6575 6573
f 6545 6573 6544
f 6544 6573 6571
f 6614 6117 6615
f 6615 6117 6119
f 6615 6119 6184
f 6117 6614 6123
f 6123 6614 6616
f 6123 6616 6125
f 6125 6616 6617
f 6125 6617 6127
f 6127 6617 6618
f 6127 6618 6129
f 6129 6618 6619
f 6129 6619 6130
f 6130 6619 6620
f 6130 6620 6131
f 6131 6620 6621
f 6131 6621 6135
f 6135 6621 6622
f 6135 6622 6137
f 6137 6622 6623
f 6137 6623 6139
f 6139 6623 6624
f 6139 6624 6140
f 6140 6624 6625
f 6140 6625 6142
f 6142 6625 6626
f 6142 6626 6144
f 6144 6626 6627
f 6144 6627 6147
f 6147 6627 6628
f 6147 6628 6149
f 6149 6628 6151
f 6151 6628 6629
f 6151 6629 6154
f 6154 6629 6630
f 6154 6630 6156
f 6156 6630 6631
f 6156 6631 6158
f 6158 6631 6632
f 6158 6632 6159
f 6159 6632 6633
f 6159 6633 6161
f 6161 6633 6634
f 6161 6634 6163
f 6163 6634 6635
f 6163 6635 6173
f 6173 6635 6636
f 6173 6636 6177
f 6177 6636 6637
f 6177 6637 6178
f 6178 6637 6638
f 6178 6638 6180
f 6180 6638 6639
f 6180 6639 6182
f 6182 6639 6640
f 6182 6640 6184
f 6184 6640 6615
f 6641 6614 6642
f 6642 6614 6615
f 6642 6615 6643
f 6643 6615 6640
f 6643 6640 6644
f 6644 6640 6639
f 6644 6639 6645
f 6645 6639 6638
f 6645 6638 6646
f 6646 6638 6637
f 6646 6637 6647
f 6647 6637 6636
f 6647 6636 6648
f 6648 6636 6635
f 6648 6635 6649
f 6649 6635 6634
f 6649 6634 6650
f 6650 6634 6633
f 6650 6633 6651
f 6651 6633 6632
f 6651 6632 6652
f 6652 6632 6631
f 6652 6631 6653
f 6653 6631 6630
f 6653 6630 6654
f 6654 6630 6629
f 6654 6629 6655
f 6655 6629 6628
f 6655 6628 6656
f 6656 6628 6627
f 6656 6627 6657
f 6657 6627 6626
f 6657 6626 6658
f 6658 6626 6625
f 6658 6625 6659
f 6659 6625 6624
f 6659 6624 6660
f 6660 6624 6623
f 6660 6623 6661
f 6661 6623 6622
f 6661 6622 6662
f 6662 6622 6621
f 6662 6621 6663
f 6663 6621 6620
f 6663 6620 6664
f 6664 6620 6619
f 6664 6619 6665
f 6665 6619 6618
f 6665 6618 6666
f 6666 6618 6617
f 6666 6617 6667
f 6667 6617 6616
f 6667 6616 6641
f 6641 6616 6614
f 6668 6146 6669
f 6669 6146 6148
f 6669 6148 6670
f 6670 6148 6150
f 6670 6150 6671
f 6671 6150 6152
f 6671 6152 6672
f 6672 6152 6153
f 6672 6153 6673
f 6673 6153 6155
f 6673 6155 6674
f 6674 6155 6157
f 6674 6157 6675
f 6675 6157 6160
f 6675 6160 6676
f 6676 6160 6255
f 6676 6255 6677
f 6677 6255 6254
f 6677 6254 6678
f 6678 6254 6261
f 6678 6261 6679
f 6679 6261 6260
f 6679 6260 6680
f 6680 6260 6259
f 6680 6259 6681
f 6681 6259 6258
f 6681 6258 6682
f 6682 6258 6257
f 6682 6257 6683
f 6683 6257 6256
f 6683 6256 6684
f 6684 6256 6189
f 6684 6189 6685
f 6685 6189 6188
f 6685 6188 6686
f 6686 6188 6186
f 6686 6186 6687
f 6687 6186 6136
f 6687 6136 6688
f 6688 6136 6138
f 6688 6138 6689
f 6689 6138 6141
f 6689 6141 6690
f 6690 6141 6143
f 6690 6143 6691
f 6691 6143 6145
f 6691 6145 6668
f 6668 6145 6146
f 6692 6693 6694
f 6694 6693 6695
f 6694 6695 6696
f 6696 6695 6697
f 6696 6697 6698
f 6698 6697 6699
f 6698 6699 6700
f 6700 6699 6701
f 6700 6701 6702
f 6702 6701 6703
f 6702 6703 6704
f 6704 6703 6705
f 6704 6705 6706
f 6706 6705 6707
f 6706 6707 6708
f 6708 6707 6709
f 6708 6709 6710
f 6710 6709 6711
f 6710 6711 6712
f 6712 6711 6713
f 6712 6713 6714
f 6714 6713 6715
f 6714 6715 6716
f 6716 6715 6717
f 6716 6717 6718
f 6718 6717 6719
f 6718 6719 6720
f 6720 6719 6721
f 6720 6721 6722
f 6722 6721 6723
f 6722 6723 6724
f 6724 6723 6725
f 6724 6725 6726
f 6726 6725 6727
f 6726 6727 6728
f 6728 6727 6729
f 6728 6729 6730
f 6730 6729 6731
f 6730 6731 6732
f 6732 6731 6733
f 6732 6733 6734
f 6734 6733 6735
f 6734 6735 6736
f 6736 6735 6737
f 6736 6737 6738
f 6738 6737 6739
f 6738 6739 6692
f 6692 6739 6693
f 6670 6697 6669
f 6669 6697 6695
f 6669 6695 6668
f 6668 6695 6693
f 6668 6693 6691
f 6691 6693 6739
f 6691 6739 6690
f 6690 6739 6737
f 6690 6737 6689
f 6689 6737 6735
f 6689 6735 6688
f 6688 6735 6733
f 6688 6733 6687
f 6687 6733 6731
f 6687 6731 6686
f 6686 6731 6729
f 6686 6729 6685
f 6685 6729 6727
f 6685 6727 6684
f 6684 6727 6725
f 6684 6725 6683
f 6683 6725 6723
f 6683 6723 6682
f 6682 6723 6721
f 6682 6721 6681
f 6681 6721 6719
f 6681 6719 6680
f 6680 6719 6717
f 6680 6717 6679
f 6679 6717 6715
f 6679 6715 6678
f 6678 6715 6713
f 6678 6713 6677
f 6677 6713 6711
f 6677 6711 6676
f 6676 6711 6709
f 6676 6709 6675
f 6675 6709 6707
f 6675 6707 6674
f 6674 6707 6705
f 6674 6705 6673
f 6673 6705 6703
f 6673 6703 6672
f 6672 6703 6701
f 6672 6701 6671
f 6671 6701 6699
f 6671 6699 6670
f 6670 6699 6697
f 6740 6741 6742
f 6742 6741 6743
f 6742 6743 6744
f 6744 6743 6745
f 6744 6745 6746
f 6746 6745 6747
f 6746 6747 6748
f 6748 6747 6749
f 6748 6749 6750
f 6741 6751 6743
f 6743 6751 6752
f 6743 6752 6745
f 6745 6752 6753
f 6745 6753 6747
f 6747 6753 6754
f 6747 6754 6749
f 6748 6750 6755
f 6755 6750 6756
f 6755 6756 6757
f 6757 6756 6758
f 6757 6758 6759
f 6759 6758 6760
f 6759 6760 6761
f 6761 6760 6762
f 6761 6762 6763
f 6763 6762 6764
f 6763 6764 6765
f 6765 6764 6766
f 6765 6766 6767
f 6767 6766 6768
f 6767 6768 6769
f 6769 6768 6770
f 6769 6770 6771
f 6771 6770 6772
f 6771 6772 6773
f 6773 6772 6774
f 6773 6774 6775
f 6775 6774 6776
f 6775 6776 6777
f 6777 6776 6778
f 6777 6778 6779
f 6779 6778 6780
f 6779 6780 6781
f 6781 6780 6782
f 6782 6780 6783
f 6782 6783 6784
f 6784 6783 6785
f 6784 6785 6786
f 6786 6785 6787
f 6786 6787 6788
f 6788 6787 6789
f 6788 6789 6790
f 6790 6789 6791
f 6790 6791 6792
f 6792 6791 6793
f 6792 6793 6794
f 6794 6793 6795
f 6794 6795 6796
f 6796 6795 6797
f 6796 6797 6798
f 6798 6797 6799
f 6798 6799 6800
f 6800 6799 6801
f 6800 6801 6802
f 6802 6801 6803
f 6802 6803 6804
f 6804 6803 6805
f 6804 6805 6806
f 6806 6805 6807
f 6806 6807 6808
f 6808 6807 6809
f 6808 6809 6810
f 6810 6809 6811
f 6810 6811 6812
f 6778 6813 6780
f 6780 6813 6783
f 6813 6814 6783
f 6783 6814 6785
f 6785 6814 6787
f 6787 6814 6815
f 6787 6815 6789
f 6789 6815 6816
f 6789 6816 6791
f 6791 6816 6817
f 6791 6817 6793
f 6793 6817 6818
f 6793 6818 6795
f 6795 6818 6819
f 6795 6819 6797
f 6797 6819 6820
f 6797 6820 6799
f 6799 6820 6821
f 6799 6821 6801
f 6801 6821 6822
f 6801 6822 6803
f 6803 6822 6823
f 6803 6823 6805
f 6805 6823 6824
f 6805 6824 6807
f 6807 6824 6825
f 6807 6825 6809
f 6809 6825 6811
f 6810 6812 6826
f 6826 6812 6827
f 6826 6827 6828
f 6828 6827 6829
f 6828 6829 6830
f 6830 6829 6831
f 6830 6831 6832
f 6832 6831 6833
f 6832 6833 6834
f 6834 6833 6835
f 6834 6835 6836
f 6836 6835 6837
f 6836 6837 6838
f 6838 6839 6836
f 6836 6839 6840
f 6836 6840 6834
f 6834 6840 6841
f 6834 6841 6832
f 6832 6841 6842
f 6832 6842 6830
f 6830 6842 6828
f 6842 6843 6828
f 6828 6843 6826
f 6826 6843 6810
f 6810 6843 6808
f 6779 6781 6777
f 6777 6781 6844
f 6777 6844 6775
f 6775 6844 6845
f 6775 6845 6773
f 6773 6845 6771
f 6845 6846 6771
f 6771 6846 6769
f 6846 6847 6769
f 6769 6847 6767
f 6847 6848 6767
f 6767 6848 6765
f 6848 6849 6765
f 6765 6849 6763
f 6849 6850 6763
f 6763 6850 6761
f 6850 6851 6761
f 6761 6851 6759
f 6851 6852 6759
f 6759 6852 6757
f 6852 6853 6757
f 6757 6853 6755
f 6853 6854 6755
f 6755 6854 6748
f 6854 6746 6748
f 6391 6855 6390
f 6390 6855 6856
f 6390 6856 6857
f 6857 6856 6858
f 6857 6858 6859
f 6391 6392 6855
f 6855 6392 6393
f 6855 6393 6394
f 6394 6395 6855
f 6855 6395 6396
f 6855 6396 6397
f 6397 6398 6855
f 6855 6398 6399
f 6855 6399 6400
f 6400 6401 6855
f 6855 6401 6860
f 6860 6401 6402
f 6860 6402 6861
f 6861 6402 6862
f 6862 6402 6863
f 6862 6863 6864
f 6864 6863 6865
f 6865 6863 6866
f 6402 6403 6863
f 6863 6403 6404
f 6863 6404 6504
f 6504 6404 6503
f 6503 6404 6405
f 6503 6405 6502
f 6502 6405 6406
f 6502 6406 6501
f 6501 6406 6407
f 6501 6407 6500
f 6500 6407 6408
f 6500 6408 6499
f 6499 6408 6409
f 6499 6409 6498
f 6498 6409 6410
f 6498 6410 6497
f 6497 6410 6411
f 6497 6411 6496
f 6496 6411 6412
f 6496 6412 6495
f 6495 6412 6413
f 6495 6413 6494
f 6494 6413 6414
f 6494 6414 6493
f 6493 6414 6415
f 6493 6415 6492
f 6492 6415 6416
f 6492 6416 6491
f 6491 6416 6417
f 6491 6417 6541
f 6541 6417 6418
f 6541 6418 6540
f 6540 6418 6419
f 6540 6419 6539
f 6539 6419 6420
f 6539 6420 6538
f 6538 6420 6421
f 6538 6421 6537
f 6537 6421 6422
f 6537 6422 6536
f 6536 6422 6423
f 6536 6423 6535
f 6535 6423 6424
f 6535 6424 6534
f 6534 6424 6425
f 6534 6425 6533
f 6533 6425 6426
f 6533 6426 6532
f 6532 6426 6427
f 6532 6427 6531
f 6531 6427 6857
f 6531 6857 6740
f 6427 6428 6857
f 6857 6428 6429
f 6857 6429 6430
f 6430 6431 6857
f 6857 6431 6432
f 6857 6432 6433
f 6433 6434 6857
f 6857 6434 6435
f 6857 6435 6436
f 6436 6437 6857
f 6857 6437 6438
f 6857 6438 6439
f 6439 6389 6857
f 6857 6389 6390
f 6863 6504 6839
f 6839 6504 6505
f 6839 6505 6506
f 6506 6507 6839
f 6839 6507 6508
f 6839 6508 6509
f 6509 6510 6839
f 6839 6510 6511
f 6839 6511 6512
f 6512 6513 6839
f 6839 6513 6514
f 6839 6514 6515
f 6515 6516 6839
f 6839 6516 6517
f 6839 6517 6518
f 6519 6782 6518
f 6518 6782 6784
f 6518 6784 6786
f 6782 6519 6781
f 6781 6519 6520
f 6781 6520 6844
f 6844 6520 6521
f 6844 6521 6845
f 6845 6521 6522
f 6845 6522 6846
f 6846 6522 6523
f 6846 6523 6847
f 6847 6523 6524
f 6847 6524 6848
f 6848 6524 6525
f 6848 6525 6849
f 6849 6525 6526
f 6849 6526 6850
f 6850 6526 6527
f 6850 6527 6851
f 6851 6527 6528
f 6851 6528 6529
f 6530 6853 6529
f 6529 6853 6852
f 6529 6852 6851
f 6531 6740 6530
f 6530 6740 6854
f 6530 6854 6853
f 6742 6744 6740
f 6740 6744 6746
f 6740 6746 6854
f 6786 6788 6518
f 6518 6788 6790
f 6518 6790 6792
f 6792 6794 6518
f 6518 6794 6796
f 6518 6796 6798
f 6798 6800 6518
f 6518 6800 6839
f 6800 6802 6839
f 6839 6802 6804
f 6839 6804 6806
f 6806 6808 6839
f 6839 6808 6843
f 6839 6843 6842
f 6842 6841 6839
f 6839 6841 6840
f 6856 6855 6867
f 6867 6855 6868
f 6867 6868 6869
f 6869 6868 6870
f 6870 6868 6871
f 6870 6871 6872
f 6872 6871 6873
f 6872 6873 6874
f 6874 6873 6875
f 6874 6875 6876
f 6876 6875 6877
f 6876 6877 6878
f 6878 6877 6879
f 6878 6879 6880
f 6880 6879 6881
f 6880 6881 6882
f 6882 6881 6883
f 6882 6883 6884
f 6884 6883 6885
f 6884 6885 6886
f 6859 6887 6857
f 6857 6887 6888
f 6857 6888 6889
f 6863 6890 6866
f 6866 6890 6891
f 6866 6891 6865
f 6865 6891 6892
f 6865 6892 6864
f 6864 6892 6893
f 6864 6893 6894
f 6894 6893 6895
f 6894 6895 6896
f 6890 6897 6891
f 6891 6897 6898
f 6891 6898 6892
f 6892 6898 6899
f 6892 6899 6893
f 6893 6899 6900
f 6893 6900 6895
f 6894 6896 6901
f 6901 6896 6902
f 6901 6902 6903
f 6903 6902 6904
f 6903 6904 6905
f 6905 6904 6906
f 6905 6906 6907
f 6907 6906 6908
f 6907 6908 6909
f 6909 6908 6910
f 6909 6910 6911
f 6911 6910 6912
f 6911 6912 6913
f 6913 6912 6914
f 6913 6914 6915
f 6915 6914 6916
f 6915 6916 6917
f 6917 6916 6918
f 6917 6918 6919
f 6919 6918 6920
f 6919 6920 6921
f 6921 6920 6922
f 6921 6922 6923
f 6923 6922 6924
f 6923 6924 6925
f 6925 6924 6926
f 6925 6926 6883
f 6883 6926 6885
f 6885 6926 6927
f 6885 6927 6886
f 6886 6927 6928
f 6886 6928 6884
f 6884 6928 6929
f 6884 6929 6882
f 6882 6929 6930
f 6882 6930 6880
f 6880 6930 6931
f 6880 6931 6878
f 6878 6931 6932
f 6878 6932 6876
f 6876 6932 6933
f 6876 6933 6874
f 6874 6933 6934
f 6874 6934 6872
f 6872 6934 6935
f 6872 6935 6870
f 6870 6935 6936
f 6870 6936 6869
f 6869 6936 6937
f 6869 6937 6867
f 6867 6937 6938
f 6867 6938 6856
f 6856 6938 6939
f 6856 6939 6858
f 6858 6939 6940
f 6858 6940 6941
f 6941 6940 6942
f 6941 6942 6943
f 6924 6944 6926
f 6926 6944 6927
f 6944 6945 6927
f 6927 6945 6928
f 6928 6945 6929
f 6929 6945 6946
f 6929 6946 6930
f 6930 6946 6947
f 6930 6947 6931
f 6931 6947 6948
f 6931 6948 6932
f 6932 6948 6949
f 6932 6949 6933
f 6933 6949 6950
f 6933 6950 6934
f 6934 6950 6951
f 6934 6951 6935
f 6935 6951 6952
f 6935 6952 6936
f 6936 6952 6953
f 6936 6953 6937
f 6937 6953 6954
f 6937 6954 6938
f 6938 6954 6955
f 6938 6955 6939
f 6939 6955 6956
f 6939 6956 6940
f 6940 6956 6942
f 6941 6943 6957
f 6957 6943 6958
f 6957 6958 6959
f 6959 6958 6960
f 6959 6960 6961
f 6961 6960 6962
f 6961 6962 6963
f 6963 6962 6964
f 6963 6964 6965
f 6965 6964 6966
f 6965 6966 6967
f 6967 6966 6968
f 6967 6968 6969
f 6969 6857 6967
f 6967 6857 6889
f 6967 6889 6965
f 6965 6889 6888
f 6965 6888 6963
f 6963 6888 6887
f 6963 6887 6961
f 6961 6887 6959
f 6887 6859 6959
f 6959 6859 6957
f 6957 6859 6941
f 6941 6859 6858
f 6925 6883 6923
f 6923 6883 6881
f 6923 6881 6921
f 6921 6881 6879
f 6921 6879 6919
f 6919 6879 6917
f 6879 6877 6917
f 6917 6877 6915
f 6877 6875 6915
f 6915 6875 6913
f 6875 6873 6913
f 6913 6873 6911
f 6873 6871 6911
f 6911 6871 6909
f 6871 6868 6909
f 6909 6868 6907
f 6868 6855 6907
f 6907 6855 6905
f 6855 6860 6905
f 6905 6860 6903
f 6860 6861 6903
f 6903 6861 6901
f 6861 6862 6901
f 6901 6862 6894
f 6862 6864 6894
f 6969 6741 6857
f 6857 6741 6740
f 6970 6971 6741
f 6741 6971 6751
f 6751 6971 6972
f 6751 6972 6752
f 6752 6972 6973
f 6752 6973 6753
f 6753 6973 6974
f 6753 6974 6754
f 6754 6974 6749
f 6749 6974 6975
f 6749 6975 6750
f 6750 6975 6976
f 6750 6976 6756
f 6756 6976 6977
f 6756 6977 6758
f 6758 6977 6760
f 6760 6977 6978
f 6760 6978 6762
f 6762 6978 6979
f 6762 6979 6764
f 6764 6979 6980
f 6764 6980 6766
f 6766 6980 6981
f 6766 6981 6768
f 6768 6981 6982
f 6768 6982 6770
f 6770 6982 6983
f 6770 6983 6772
f 6772 6983 6984
f 6772 6984 6774
f 6774 6984 6985
f 6774 6985 6986
f 6986 6985 6987
f 6986 6987 6988
f 6971 6989 6972
f 6972 6989 6990
f 6972 6990 6973
f 6973 6990 6991
f 6973 6991 6974
f 6974 6991 6992
f 6974 6992 6975
f 6975 6992 6993
f 6975 6993 6994
f 6975 6994 6976
f 6976 6994 6995
f 6976 6995 6977
f 6977 6995 6996
f 6977 6996 6997
f 6977 6997 6978
f 6978 6997 6998
f 6978 6998 6979
f 6979 6998 6999
f 6979 6999 6980
f 6980 6999 7000
f 6980 7000 6981
f 6981 7000 7001
f 6981 7001 7002
f 6981 7002 6982
f 6982 7002 7003
f 6982 7003 6983
f 6983 7003 7004
f 6983 7004 6984
f 6984 7004 7005
f 6984 7005 6985
f 6985 7005 6987
f 6986 6988 7006
f 7006 6988 7007
f 7006 7007 7008
f 7008 7007 7009
f 7008 7009 6778
f 6778 7009 6813
f 6813 7009 7010
f 6813 7010 6814
f 6814 7010 7011
f 6814 7011 6815
f 6815 7011 7012
f 6815 7012 6816
f 6816 7012 7013
f 6816 7013 6817
f 6817 7013 7014
f 6817 7014 6818
f 6818 7014 7015
f 6818 7015 6819
f 6819 7015 7016
f 6819 7016 6820
f 6820 7016 7017
f 6820 7017 6821
f 6821 7017 7018
f 6821 7018 6822
f 6822 7018 7019
f 6822 7019 6823
f 6823 7019 7020
f 6823 7020 6824
f 6824 7020 7021
f 6824 7021 6825
f 6825 7021 7022
f 6825 7022 6811
f 6811 7022 7023
f 6811 7023 6812
f 6812 7023 7024
f 6812 7024 6827
f 6827 7024 7025
f 6827 7025 6829
f 6829 7025 7026
f 6829 7026 6831
f 6831 7026 7027
f 6831 7027 6833
f 6833 7027 7028
f 6833 7028 6835
f 6835 7028 7029
f 6835 7029 6837
f 6837 7029 7030
f 6837 7030 6838
f 6838 7030 7031
f 6838 7031 7032
f 7007 7033 7009
f 7009 7033 7010
f 7033 7034 7010
f 7010 7034 7011
f 7034 7035 7011
f 7011 7035 7012
f 7035 7036 7012
f 7012 7036 7013
f 7036 7037 7013
f 7013 7037 7014
f 7037 7038 7014
f 7014 7038 7015
f 7038 7039 7015
f 7015 7039 7016
f 7039 7040 7016
f 7016 7040 7017
f 7040 7041 7017
f 7017 7041 7018
f 7041 7042 7018
f 7018 7042 7043
f 7018 7043 7019
f 7019 7043 7044
f 7019 7044 7020
f 7020 7044 7045
f 7020 7045 7021
f 7021 7045 7046
f 7021 7046 7047
f 7021 7047 7022
f 7022 7047 7048
f 7022 7048 7023
f 7023 7048 7049
f 7023 7049 7050
f 7023 7050 7024
f 7024 7050 7051
f 7024 7051 7025
f 7025 7051 7052
f 7025 7052 7026
f 7026 7052 7027
f 7052 7053 7027
f 7027 7053 7028
f 7053 7054 7028
f 7028 7054 7029
f 7029 7054 7030
f 7030 7054 7055
f 7030 7055 7056
f 7056 7031 7030
f 7008 6778 7006
f 7006 6778 6776
f 7006 6776 6986
f 6986 6776 6774
f 6838 6890 6839
f 6839 6890 6863
f 7057 7058 6890
f 6890 7058 7059
f 6890 7059 6897
f 6897 7059 7060
f 6897 7060 6898
f 6898 7060 7061
f 6898 7061 6899
f 6899 7061 7062
f 6899 7062 6900
f 6900 7062 6895
f 6895 7062 7063
f 6895 7063 6896
f 6896 7063 7064
f 6896 7064 6902
f 6902 7064 7065
f 6902 7065 6904
f 6904 7065 6906
f 6906 7065 7066
f 6906 7066 6908
f 6908 7066 7067
f 6908 7067 6910
f 6910 7067 7068
f 6910 7068 6912
f 6912 7068 7069
f 6912 7069 6914
f 6914 7069 7070
f 6914 7070 6916
f 6916 7070 7071
f 6916 7071 6918
f 6918 7071 7072
f 6918 7072 6920
f 6920 7072 7073
f 6920 7073 7074
f 7074 7073 7075
f 7074 7075 7076
f 7059 7077 7060
f 7060 7077 7078
f 7060 7078 7061
f 7061 7078 7079
f 7061 7079 7062
f 7062 7079 7080
f 7062 7080 7063
f 7063 7080 7081
f 7063 7081 7082
f 7063 7082 7064
f 7064 7082 7083
f 7064 7083 7065
f 7065 7083 7084
f 7065 7084 7085
f 7065 7085 7066
f 7066 7085 7086
f 7066 7086 7067
f 7067 7086 7087
f 7067 7087 7068
f 7068 7087 7088
f 7068 7088 7069
f 7069 7088 7089
f 7069 7089 7090
f 7069 7090 7070
f 7070 7090 7091
f 7070 7091 7071
f 7071 7091 7092
f 7071 7092 7072
f 7072 7092 7093
f 7072 7093 7073
f 7073 7093 7075
f 7074 7076 7094
f 7094 7076 7095
f 7094 7095 7096
f 7096 7095 7097
f 7096 7097 6924
f 6924 7097 6944
f 6944 7097 7098
f 6944 7098 6945
f 6945 7098 7099
f 6945 7099 6946
f 6946 7099 7100
f 6946 7100 6947
f 6947 7100 7101
f 6947 7101 6948
f 6948 7101 7102
f 6948 7102 6949
f 6949 7102 7103
f 6949 7103 6950
f 6950 7103 7104
f 6950 7104 6951
f 6951 7104 7105
f 6951 7105 6952
f 6952 7105 7106
f 6952 7106 6953
f 6953 7106 7107
f 6953 7107 6954
f 6954 7107 7108
f 6954 7108 6955
f 6955 7108 7109
f 6955 7109 6956
f 6956 7109 7110
f 6956 7110 6942
f 6942 7110 7111
f 6942 7111 6943
f 6943 7111 7112
f 6943 7112 6958
f 6958 7112 7113
f 6958 7113 6960
f 6960 7113 7114
f 6960 7114 6962
f 6962 7114 7115
f 6962 7115 6964
f 6964 7115 7116
f 6964 7116 6966
f 6966 7116 7117
f 6966 7117 6968
f 6968 7117 7118
f 6968 7118 6969
f 6969 7118 7119
f 7119 7118 7120
f 7120 7118 7117
f 7120 7117 7121
f 7121 7117 7116
f 7121 7116 7122
f 7122 7116 7115
f 7122 7115 7123
f 7123 7115 7114
f 7123 7114 7124
f 7124 7114 7113
f 7124 7113 7125
f 7125 7113 7112
f 7125 7112 7126
f 7126 7112 7111
f 7126 7111 7127
f 7127 7111 7110
f 7127 7110 7128
f 7128 7110 7109
f 7128 7109 7129
f 7129 7109 7108
f 7129 7108 7130
f 7130 7108 7107
f 7130 7107 7131
f 7131 7107 7106
f 7131 7106 7132
f 7132 7106 7105
f 7132 7105 7133
f 7133 7105 7104
f 7133 7104 7134
f 7134 7104 7103
f 7134 7103 7135
f 7135 7103 7102
f 7135 7102 7136
f 7136 7102 7101
f 7136 7101 7137
f 7137 7101 7100
f 7137 7100 7138
f 7138 7100 7099
f 7138 7099 7139
f 7139 7099 7098
f 7139 7098 7140
f 7140 7098 7097
f 7140 7097 7095
f 7096 6924 7094
f 7094 6924 6922
f 7094 6922 7074
f 7074 6922 6920
f 7141 7142 7143
f 7143 7142 7144
f 7143 7144 7145
f 7145 7144 7146
f 7145 7146 7147
f 7147 7146 7148
f 7147 7148 7149
f 7147 7149 7150
f 7150 7149 7151
f 7150 7151 7152
f 7152 7151 7153
f 7152 7153 7154
f 7154 7153 7155
f 7154 7155 7156
f 7156 7155 7157
f 7156 7157 7158
f 7158 7157 7159
f 7158 7159 7160
f 7160 7159 7161
f 7160 7161 7162
f 7162 7163 7160
f 7160 7163 7164
f 7160 7164 7165
f 7165 7164 7166
f 7165 7166 7167
f 7167 7166 7168
f 7167 7168 7169
f 7163 7170 7164
f 7164 7170 7171
f 7164 7171 7166
f 7166 7171 7172
f 7166 7172 7168
f 7170 7173 7171
f 7171 7173 7174
f 7171 7174 7172
f 7167 7169 7175
f 7175 7169 7176
f 7175 7176 7177
f 7177 7176 7178
f 7177 7178 7179
f 7179 7178 7141
f 7179 7141 7143
f 7179 7143 7180
f 7180 7143 7145
f 7180 7145 7150
f 7150 7145 7147
f 7177 7179 7181
f 7181 7179 7180
f 7181 7180 7152
f 7152 7180 7150
f 7175 7177 7182
f 7182 7177 7181
f 7182 7181 7154
f 7154 7181 7152
f 7167 7175 7183
f 7183 7175 7182
f 7183 7182 7156
f 7156 7182 7154
f 7167 7183 7165
f 7165 7183 7158
f 7165 7158 7160
f 7158 7183 7156
f 7184 7185 7186
f 7186 7185 7187
f 7186 7187 7188
f 7186 7188 7189
f 7189 7188 7190
f 7189 7190 7191
f 7191 7190 7192
f 7191 7192 7193
f 7193 7192 7194
f 7193 7194 7195
f 7195 7194 7196
f 7195 7196 7197
f 7197 7196 7198
f 7197 7198 7199
f 7199 7198 7148
f 7199 7148 7146
f 7199 7146 7200
f 7200 7146 7144
f 7200 7144 7201
f 7201 7144 7142
f 7201 7142 7202
f 7202 7203 7201
f 7201 7203 7204
f 7201 7204 7200
f 7200 7204 7205
f 7200 7205 7199
f 7199 7205 7197
f 7203 7206 7204
f 7204 7206 7207
f 7204 7207 7205
f 7205 7207 7208
f 7205 7208 7197
f 7197 7208 7195
f 7206 7209 7207
f 7207 7209 7210
f 7207 7210 7208
f 7208 7210 7211
f 7208 7211 7195
f 7195 7211 7193
f 7209 7212 7210
f 7210 7212 7213
f 7210 7213 7211
f 7211 7213 7214
f 7211 7214 7193
f 7193 7214 7191
f 7212 7215 7213
f 7213 7215 7216
f 7213 7216 7214
f 7214 7216 7217
f 7214 7217 7191
f 7191 7217 7189
f 7215 7218 7216
f 7216 7218 7219
f 7216 7219 7217
f 7217 7219 7220
f 7217 7220 7189
f 7189 7220 7186
f 7218 7221 7219
f 7219 7221 7222
f 7219 7222 7220
f 7220 7222 7184
f 7220 7184 7186
f 7184 7223 7185
f 7185 7223 7224
f 7185 7224 7225
f 7225 7224 7226
f 7225 7226 7227
f 7227 7226 7221
f 7227 7221 7228
f 7228 7221 7229
f 7228 7229 7230
f 7230 7229 7231
f 7230 7231 7185
f 7185 7231 7232
f 7185 7232 7233
f 7233 7232 7234
f 7233 7234 7235
f 7235 7234 7221
f 7235 7221 7236
f 7236 7221 7237
f 7236 7237 7238
f 7238 7237 7239
f 7238 7239 7185
f 7185 7239 7240
f 7185 7240 7241
f 7241 7240 7242
f 7241 7242 7243
f 7243 7242 7221
f 7243 7221 7244
f 7244 7221 7245
f 7244 7245 7246
f 7246 7245 7247
f 7246 7247 7248
f 7248 7247 7249
f 7248 7249 7250
f 7250 7249 7251
f 7250 7251 7252
f 7252 7251 7253
f 7252 7253 7254
f 7254 7253 7245
f 7254 7245 7255
f 7255 7245 7256
f 7255 7256 7257
f 7257 7256 7258
f 7257 7258 7250
f 7250 7258 7259
f 7250 7259 7260
f 7260 7259 7261
f 7260 7261 7262
f 7262 7261 7245
f 7262 7245 7263
f 7263 7245 7264
f 7263 7264 7265
f 7265 7264 7266
f 7265 7266 7250
f 7250 7266 7267
f 7250 7267 7268
f 7268 7267 7269
f 7268 7269 7270
f 7270 7269 7245
f 7245 7269 7271
f 7245 7271 7264
f 7264 7271 7266
f 7223 7184 7272
f 7272 7184 7222
f 7272 7222 7221
f 7270 7273 7268
f 7268 7273 7250
f 7248 7250 7274
f 7274 7250 7185
f 7274 7185 7275
f 7275 7185 7241
f 7275 7241 7243
f 7224 7223 7276
f 7276 7223 7272
f 7276 7272 7221
f 7230 7185 7277
f 7277 7185 7225
f 7277 7225 7227
f 7228 7230 7277
f 7228 7277 7227
f 7232 7231 7278
f 7278 7231 7229
f 7278 7229 7221
f 7238 7185 7279
f 7279 7185 7233
f 7279 7233 7235
f 7236 7238 7279
f 7236 7279 7235
f 7240 7239 7280
f 7280 7239 7237
f 7280 7237 7221
f 7246 7248 7274
f 7243 7244 7275
f 7275 7244 7274
f 7244 7246 7274
f 7251 7249 7281
f 7281 7249 7247
f 7281 7247 7245
f 7257 7250 7282
f 7282 7250 7252
f 7282 7252 7254
f 7255 7257 7282
f 7255 7282 7254
f 7259 7258 7283
f 7283 7258 7256
f 7283 7256 7245
f 7265 7250 7284
f 7284 7250 7260
f 7284 7260 7262
f 7263 7265 7284
f 7263 7284 7262
f 7269 7267 7271
f 7271 7267 7266
f 7221 7226 7276
f 7276 7226 7224
f 7221 7234 7278
f 7278 7234 7232
f 7221 7242 7280
f 7280 7242 7240
f 7245 7253 7281
f 7281 7253 7251
f 7245 7261 7283
f 7283 7261 7259
f 7285 7250 7286
f 7286 7250 7273
f 7286 7273 7287
f 7287 7273 7270
f 7287 7270 7288
f 7288 7270 7245
f 7288 7245 7289
f 7289 7290 7288
f 7288 7290 7291
f 7288 7291 7287
f 7287 7291 7292
f 7287 7292 7286
f 7286 7292 7293
f 7286 7293 7285
f 7285 7293 7294
f 7294 7293 7295
f 7294 7295 7296
f 7296 7295 7297
f 7296 7297 7298
f 7298 7297 7299
f 7299 7297 7300
f 7299 7300 7301
f 7301 7300 7302
f 7301 7302 7303
f 7303 7302 7304
f 7303 7304 7305
f 7305 7304 7306
f 7305 7306 7307
f 7307 7306 7308
f 7307 7308 7309
f 7290 7310 7291
f 7291 7310 7311
f 7291 7311 7292
f 7292 7311 7312
f 7292 7312 7293
f 7293 7312 7295
f 7310 7313 7311
f 7311 7313 7314
f 7311 7314 7312
f 7312 7314 7315
f 7312 7315 7295
f 7295 7315 7297
f 7313 7316 7314
f 7314 7316 7317
f 7314 7317 7315
f 7315 7317 7318
f 7315 7318 7297
f 7297 7318 7300
f 7316 7319 7317
f 7317 7319 7320
f 7317 7320 7318
f 7318 7320 7321
f 7318 7321 7300
f 7300 7321 7302
f 7319 7322 7320
f 7320 7322 7323
f 7320 7323 7321
f 7321 7323 7304
f 7321 7304 7302
f 7322 7324 7323
f 7323 7324 7306
f 7323 7306 7304
f 7324 7308 7306
f 7307 7309 7325
f 7325 7309 7326
f 7325 7326 7327
f 7327 7326 7328
f 7327 7328 7329
f 7329 7328 7330
f 7329 7330 7331
f 7331 7330 7332
f 7331 7332 7333
f 7333 7332 7334
f 7333 7334 7335
f 7335 7334 7336
f 7335 7336 7337
f 7335 7337 7338
f 7338 7337 7339
f 7338 7339 7340
f 7340 7339 7341
f 7340 7341 7342
f 7342 7343 7340
f 7340 7343 7344
f 7340 7344 7338
f 7338 7344 7345
f 7338 7345 7335
f 7335 7345 7333
f 7343 7346 7344
f 7344 7346 7347
f 7344 7347 7345
f 7345 7347 7348
f 7345 7348 7333
f 7333 7348 7331
f 7346 7349 7347
f 7347 7349 7350
f 7347 7350 7348
f 7348 7350 7351
f 7348 7351 7331
f 7331 7351 7329
f 7349 7352 7350
f 7350 7352 7353
f 7350 7353 7351
f 7351 7353 7354
f 7351 7354 7329
f 7329 7354 7327
f 7352 7355 7353
f 7353 7355 7356
f 7353 7356 7354
f 7354 7356 7357
f 7354 7357 7327
f 7327 7357 7325
f 7355 7358 7356
f 7356 7358 7359
f 7356 7359 7357
f 7357 7359 7360
f 7357 7360 7325
f 7325 7360 7307
f 7358 7361 7359
f 7359 7361 7362
f 7359 7362 7360
f 7360 7362 7305
f 7360 7305 7307
f 7361 7363 7362
f 7362 7363 7303
f 7362 7303 7305
f 7363 7301 7303
f 7364 7365 7336
f 7336 7365 7366
f 7336 7366 7337
f 7337 7366 7367
f 7337 7367 7339
f 7339 7367 7368
f 7339 7368 7341
f 7341 7368 7369
f 7341 7369 7370
f 7370 7369 7371
f 7370 7371 7372
f 7372 7371 7366
f 7372 7366 7373
f 7373 7366 7374
f 7373 7374 7375
f 7375 7374 7376
f 7375 7376 7377
f 7377 7376 7378
f 7377 7378 7379
f 7379 7378 7380
f 7379 7380 7381
f 7381 7380 7366
f 7381 7366 7382
f 7382 7366 7383
f 7382 7383 7384
f 7384 7385 7382
f 7382 7385 7386
f 7382 7386 7387
f 7387 7388 7382
f 7382 7388 7389
f 7382 7389 7390
f 7390 7389 7391
f 7390 7391 7392
f 7390 7392 7379
f 7379 7392 7377
f 7375 7377 7393
f 7393 7377 7341
f 7393 7341 7370
f 7379 7381 7390
f 7390 7381 7382
f 7374 7366 7394
f 7394 7366 7380
f 7394 7380 7378
f 7376 7374 7394
f 7376 7394 7378
f 7375 7393 7373
f 7373 7393 7372
f 7367 7366 7395
f 7395 7366 7371
f 7395 7371 7369
f 7393 7370 7372
f 7368 7367 7395
f 7368 7395 7369
f 7341 7377 7396
f 7396 7397 7341
f 7341 7397 7342
f 7342 7397 7398
f 7342 7398 7343
f 7343 7398 7399
f 7343 7399 7346
f 7346 7399 7400
f 7346 7400 7349
f 7349 7400 7401
f 7349 7401 7352
f 7352 7401 7402
f 7352 7402 7355
f 7355 7402 7403
f 7355 7403 7404
f 7405 7361 7404
f 7404 7361 7358
f 7404 7358 7355
f 7405 7406 7361
f 7361 7406 7363
f 7363 7406 7407
f 7363 7407 7301
f 7301 7407 7408
f 7301 7408 7299
f 7299 7408 7409
f 7299 7409 7298
f 7298 7409 7296
f 7296 7409 7410
f 7296 7410 7294
f 7294 7410 7411
f 7294 7411 7412
f 7294 7412 7285
f 7285 7412 7413
f 7285 7413 7250
f 7413 7414 7250
f 7250 7414 7185
f 7185 7414 7187
f 7187 7414 7415
f 7187 7415 7188
f 7188 7415 7416
f 7188 7416 7417
f 7418 7192 7417
f 7417 7192 7190
f 7417 7190 7188
f 7192 7418 7194
f 7194 7418 7419
f 7194 7419 7196
f 7196 7419 7420
f 7196 7420 7198
f 7198 7420 7421
f 7198 7421 7148
f 7148 7421 7422
f 7148 7422 7149
f 7149 7422 7423
f 7149 7423 7151
f 7151 7423 7153
f 7153 7423 7424
f 7153 7424 7155
f 7155 7424 7157
f 7157 7424 7425
f 7157 7425 7159
f 7159 7425 7161
f 7161 7425 7426
f 7161 7426 7162
f 7162 7426 7427
f 7427 7428 7162
f 7162 7428 7429
f 7162 7429 7430
f 7430 7429 7431
f 7430 7431 7432
f 7432 7431 7173
f 7432 7173 7170
f 7433 7434 7427
f 7427 7434 7435
f 7427 7435 7436
f 7436 7435 7437
f 7436 7437 7438
f 7438 7437 7173
f 7438 7173 7439
f 7439 7173 7440
f 7439 7440 7428
f 7428 7440 7429
f 7434 7433 7441
f 7441 7433 7442
f 7441 7442 7443
f 7443 7444 7441
f 7441 7444 7445
f 7441 7445 7446
f 7446 7445 7447
f 7446 7447 7448
f 7448 7447 7173
f 7448 7173 7437
f 7445 7444 7449
f 7449 7444 7450
f 7449 7450 7451
f 7451 7452 7449
f 7449 7452 7447
f 7449 7447 7445
f 7447 7453 7173
f 7173 7453 7454
f 7173 7454 7455
f 7432 7170 7456
f 7456 7170 7163
f 7456 7163 7162
f 7441 7446 7434
f 7434 7446 7448
f 7434 7448 7435
f 7435 7448 7437
f 7428 7427 7457
f 7457 7427 7436
f 7457 7436 7438
f 7439 7428 7457
f 7439 7457 7438
f 7456 7162 7430
f 7431 7429 7440
f 7432 7456 7430
f 7173 7431 7440
f 7458 7459 7460
f 7460 7459 7461
f 7460 7461 7462
f 7462 7461 7463
f 7463 7461 7464
f 7464 7461 7465
f 7464 7465 7466
f 7466 7465 7467
f 7467 7465 7468
f 7468 7465 7469
f 7469 7465 7057
f 7057 7465 7058
f 7058 7465 7470
f 7058 7470 7059
f 7059 7470 7471
f 7059 7471 7077
f 7077 7471 7472
f 7077 7472 7473
f 7473 7472 7474
f 7473 7474 7475
f 7475 7474 7476
f 7475 7476 7477
f 7476 7474 7458
f 7458 7474 7478
f 7458 7478 7459
f 7459 7478 7470
f 7459 7470 7461
f 7461 7470 7465
f 7475 7477 7479
f 7479 7477 7480
f 7479 7480 7481
f 7481 7480 7482
f 7481 7482 7483
f 7483 7482 7484
f 7483 7484 7485
f 7485 7484 7486
f 7485 7486 7082
f 7082 7486 7487
f 7082 7487 7083
f 7083 7487 7488
f 7083 7488 7084
f 7084 7488 7489
f 7084 7489 7490
f 7490 7489 7491
f 7490 7491 7492
f 7484 7493 7486
f 7486 7493 7489
f 7486 7489 7488
f 7493 7491 7489
f 7490 7492 7494
f 7494 7492 7495
f 7494 7495 7496
f 7496 7495 7497
f 7496 7497 7498
f 7498 7497 7499
f 7498 7499 7500
f 7500 7499 7501
f 7500 7501 7088
f 7088 7501 7502
f 7088 7502 7089
f 7089 7502 7501
f 7089 7501 7503
f 7503 7501 7504
f 7503 7504 7505
f 7499 7504 7501
f 7503 7505 7506
f 7506 7505 7507
f 7506 7507 7508
f 7508 7507 7509
f 7508 7509 7510
f 7510 7509 7511
f 7510 7511 7512
f 7510 7512 7513
f 7513 7512 7514
f 7513 7514 7515
f 7515 7514 7516
f 7515 7516 7517
f 7517 7516 7518
f 7517 7518 7519
f 7520 7521 7519
f 7519 7521 7522
f 7519 7522 7517
f 7517 7522 7139
f 7517 7139 7523
f 7523 7139 7140
f 7523 7140 7095
f 7521 7520 7524
f 7524 7520 7525
f 7524 7525 7526
f 7526 7525 7527
f 7526 7527 7528
f 7528 7527 7529
f 7528 7529 7530
f 7530 7529 7135
f 7530 7135 7531
f 7531 7135 7136
f 7531 7136 7528
f 7528 7136 7526
f 7527 7532 7529
f 7529 7532 7533
f 7529 7533 7135
f 7135 7533 7534
f 7135 7534 7134
f 7134 7534 7533
f 7134 7533 7535
f 7535 7533 7536
f 7535 7536 7537
f 7537 7536 7538
f 7537 7538 7539
f 7539 7538 7540
f 7539 7540 7541
f 7541 7540 7542
f 7541 7542 7131
f 7131 7542 7543
f 7131 7543 7130
f 7130 7543 7544
f 7130 7544 7545
f 7545 7544 7542
f 7545 7542 7546
f 7546 7542 7540
f 7532 7536 7533
f 7546 7547 7545
f 7545 7547 7548
f 7545 7548 7549
f 7549 7548 7550
f 7549 7550 7551
f 7551 7550 7552
f 7551 7552 7553
f 7553 7552 7554
f 7553 7554 7555
f 7555 7554 7556
f 7555 7556 7557
f 7557 7556 7558
f 7557 7558 7559
f 7559 7558 7560
f 7559 7560 7561
f 7561 7560 7562
f 7561 7562 7563
f 7563 7562 7564
f 7563 7564 7565
f 7565 7564 7566
f 7565 7566 7567
f 7565 7567 7568
f 7568 7567 7569
f 7568 7569 7570
f 7570 7569 7571
f 7570 7571 7120
f 7120 7571 7572
f 7120 7572 7119
f 7119 7572 7573
f 7573 7572 7574
f 7574 7572 7575
f 7575 7572 7576
f 7576 7572 7577
f 7577 7572 7578
f 7578 7572 7571
f 7578 7571 7579
f 7579 7571 7580
f 7580 7571 7581
f 7581 7571 7569
f 7570 7120 7582
f 7582 7120 7121
f 7582 7121 7570
f 7570 7121 7568
f 7568 7121 7583
f 7583 7121 7122
f 7583 7122 7568
f 7568 7122 7565
f 7565 7122 7584
f 7584 7122 7123
f 7584 7123 7585
f 7585 7123 7586
f 7585 7586 7561
f 7561 7586 7124
f 7561 7124 7559
f 7559 7124 7587
f 7559 7587 7125
f 7125 7587 7124
f 7123 7124 7586
f 7126 7588 7125
f 7125 7588 7557
f 7125 7557 7559
f 7127 7589 7126
f 7126 7589 7555
f 7126 7555 7557
f 7128 7590 7127
f 7127 7590 7553
f 7127 7553 7555
f 7129 7591 7128
f 7128 7591 7551
f 7128 7551 7553
f 7130 7592 7129
f 7129 7592 7549
f 7129 7549 7551
f 7541 7131 7593
f 7593 7131 7132
f 7593 7132 7541
f 7541 7132 7539
f 7539 7132 7594
f 7594 7132 7133
f 7594 7133 7595
f 7595 7133 7537
f 7595 7537 7594
f 7594 7537 7539
f 7134 7596 7133
f 7133 7596 7535
f 7133 7535 7537
f 7526 7136 7597
f 7597 7136 7137
f 7597 7137 7526
f 7526 7137 7524
f 7524 7137 7598
f 7598 7137 7138
f 7598 7138 7524
f 7524 7138 7521
f 7521 7138 7599
f 7599 7138 7139
f 7599 7139 7600
f 7600 7139 7522
f 7600 7522 7599
f 7599 7522 7521
f 7076 7601 7095
f 7095 7601 7515
f 7095 7515 7517
f 7075 7602 7076
f 7076 7602 7513
f 7076 7513 7515
f 7093 7603 7075
f 7075 7603 7510
f 7075 7510 7513
f 7092 7604 7093
f 7093 7604 7508
f 7093 7508 7510
f 7091 7605 7092
f 7092 7605 7506
f 7092 7506 7508
f 7090 7503 7091
f 7091 7503 7506
f 7091 7506 7605
f 7503 7090 7606
f 7606 7090 7089
f 7606 7089 7503
f 7500 7088 7607
f 7607 7088 7087
f 7607 7087 7608
f 7608 7087 7609
f 7608 7609 7496
f 7496 7609 7086
f 7496 7086 7494
f 7494 7086 7610
f 7494 7610 7085
f 7085 7610 7086
f 7087 7086 7609
f 7084 7611 7085
f 7085 7611 7490
f 7085 7490 7494
f 7485 7082 7612
f 7612 7082 7081
f 7612 7081 7485
f 7485 7081 7483
f 7483 7081 7613
f 7613 7081 7080
f 7613 7080 7483
f 7483 7080 7481
f 7481 7080 7614
f 7614 7080 7079
f 7614 7079 7481
f 7481 7079 7479
f 7479 7079 7615
f 7615 7079 7078
f 7615 7078 7479
f 7479 7078 7475
f 7475 7078 7473
f 7473 7078 7077
f 7474 7472 7478
f 7478 7472 7471
f 7478 7471 7470
f 7488 7487 7486
f 7490 7611 7084
f 7607 7608 7498
f 7498 7608 7496
f 7500 7607 7498
f 7508 7604 7092
f 7510 7603 7093
f 7513 7602 7075
f 7515 7601 7076
f 7517 7523 7095
f 7531 7528 7530
f 7535 7596 7134
f 7543 7542 7544
f 7545 7549 7130
f 7130 7549 7592
f 7551 7591 7129
f 7553 7590 7128
f 7555 7589 7127
f 7557 7588 7126
f 7584 7585 7563
f 7563 7585 7561
f 7565 7584 7563
f 6969 7119 6970
f 6970 7119 7573
f 6970 7573 7616
f 7616 7573 7574
f 7616 7574 7617
f 7617 7574 7575
f 7617 7575 7618
f 7618 7575 7576
f 7618 7576 7619
f 7619 7576 7577
f 7619 7577 7620
f 7620 7577 7578
f 7620 7578 7621
f 7621 7578 7622
f 7622 7578 7579
f 7622 7579 7623
f 7623 7579 7580
f 6970 6741 6969
f 7622 7623 7624
f 7624 7623 7625
f 7624 7625 7626
f 7626 7625 7627
f 7626 7627 7628
f 7628 7627 7629
f 7628 7629 7630
f 7630 7629 6990
f 7630 6990 6989
f 7627 7631 7629
f 7629 7631 7632
f 7629 7632 6990
f 6990 7632 7633
f 6990 7633 6991
f 6991 7633 7632
f 6991 7632 7634
f 7634 7632 7635
f 7634 7635 7636
f 7631 7635 7632
f 7634 7636 7637
f 7637 7636 7638
f 7637 7638 7639
f 7639 7638 7640
f 7639 7640 7641
f 7641 7640 7642
f 7641 7642 6995
f 6995 7642 6996
f 6996 7642 7643
f 6996 7643 7644
f 7644 7643 7645
f 7644 7645 7646
f 7638 7647 7640
f 7640 7647 7643
f 7640 7643 7642
f 7647 7645 7643
f 7648 7649 7646
f 7646 7649 7650
f 7646 7650 7644
f 7644 7650 6997
f 7644 6997 7651
f 7651 6997 6996
f 7651 6996 7644
f 7649 7648 7652
f 7652 7648 7653
f 7652 7653 7654
f 7654 7653 7655
f 7654 7655 7656
f 7656 7655 7657
f 7656 7657 7001
f 7001 7657 7658
f 7001 7658 7002
f 7002 7658 7657
f 7002 7657 7003
f 7003 7657 7659
f 7003 7659 7660
f 7660 7659 7004
f 7660 7004 7003
f 7655 7661 7657
f 7657 7661 7659
f 7661 7662 7659
f 7659 7662 7663
f 7659 7663 7004
f 7004 7663 7664
f 7004 7664 7005
f 7005 7664 7663
f 7005 7663 7665
f 7665 7663 7666
f 7665 7666 7667
f 7662 7666 7663
f 7665 7667 7668
f 7668 7667 7669
f 7668 7669 7670
f 7670 7669 7671
f 7670 7671 7672
f 7672 7671 7673
f 7672 7673 7674
f 7674 7673 7675
f 7674 7675 7676
f 7676 7675 7677
f 7676 7677 7678
f 7678 7677 7679
f 7678 7679 7680
f 7680 7679 7681
f 7680 7681 7682
f 7682 7681 7683
f 7682 7683 7037
f 7037 7683 7038
f 7038 7683 7684
f 7038 7684 7685
f 7685 7684 7686
f 7685 7686 7687
f 7687 7686 7688
f 7687 7688 7689
f 7689 7688 7690
f 7689 7690 7691
f 7691 7690 7692
f 7691 7692 7693
f 7693 7692 7694
f 7693 7694 7695
f 7695 7694 7044
f 7695 7044 7043
f 7679 7696 7681
f 7681 7696 7684
f 7681 7684 7683
f 7696 7686 7684
f 7692 7697 7694
f 7694 7697 7698
f 7694 7698 7044
f 7044 7698 7699
f 7044 7699 7045
f 7045 7699 7698
f 7045 7698 7700
f 7700 7698 7701
f 7700 7701 7702
f 7697 7703 7698
f 7698 7703 7701
f 7700 7702 7704
f 7704 7702 7705
f 7704 7705 7706
f 7706 7705 7707
f 7706 7707 7708
f 7706 7708 7709
f 7709 7708 7710
f 7709 7710 7711
f 7711 7710 7712
f 7711 7712 7713
f 7713 7712 7714
f 7713 7714 7715
f 7715 7714 7716
f 7715 7716 7717
f 7717 7716 7718
f 7717 7718 7719
f 7719 7718 7720
f 7719 7720 7721
f 7721 7720 7722
f 7721 7722 7723
f 7723 7722 7724
f 7723 7724 7725
f 7725 7724 7726
f 7725 7726 7727
f 7727 7726 7728
f 7727 7728 7729
f 7729 7730 7727
f 7727 7730 7731
f 7727 7731 7732
f 7732 7731 7733
f 7732 7733 7734
f 7734 7735 7732
f 7732 7735 7031
f 7732 7031 7056
f 7735 7032 7031
f 7732 7056 7736
f 7736 7056 7055
f 7736 7055 7737
f 7737 7055 7738
f 7737 7738 7721
f 7721 7738 7719
f 7055 7054 7738
f 7738 7054 7739
f 7738 7739 7719
f 7719 7739 7717
f 7054 7053 7739
f 7739 7053 7740
f 7739 7740 7717
f 7717 7740 7715
f 7740 7053 7741
f 7741 7053 7052
f 7741 7052 7715
f 7715 7052 7713
f 7713 7052 7742
f 7742 7052 7051
f 7742 7051 7743
f 7743 7051 7050
f 7743 7050 7744
f 7744 7050 7049
f 7744 7049 7709
f 7709 7049 7706
f 7706 7049 7745
f 7745 7049 7048
f 7745 7048 7706
f 7706 7048 7704
f 7704 7048 7746
f 7746 7048 7047
f 7746 7047 7046
f 7045 7747 7046
f 7046 7747 7700
f 7046 7700 7704
f 7695 7043 7748
f 7748 7043 7042
f 7748 7042 7693
f 7693 7042 7691
f 7691 7042 7749
f 7749 7042 7041
f 7749 7041 7691
f 7691 7041 7689
f 7689 7041 7750
f 7750 7041 7040
f 7750 7040 7689
f 7689 7040 7687
f 7687 7040 7751
f 7751 7040 7039
f 7751 7039 7752
f 7752 7039 7038
f 7752 7038 7685
f 7682 7037 7753
f 7753 7037 7036
f 7753 7036 7680
f 7680 7036 7678
f 7678 7036 7754
f 7754 7036 7035
f 7754 7035 7678
f 7678 7035 7676
f 7676 7035 7755
f 7755 7035 7034
f 7755 7034 7756
f 7756 7034 7033
f 7756 7033 7674
f 7674 7033 7672
f 7672 7033 7757
f 7757 7033 7007
f 7757 7007 7672
f 7672 7007 7670
f 7670 7007 7758
f 7758 7007 6988
f 7758 6988 7670
f 7670 6988 7668
f 7668 6988 7759
f 7759 6988 6987
f 7759 6987 7668
f 7668 6987 7665
f 7665 6987 7760
f 7760 6987 7005
f 7760 7005 7665
f 7656 7001 7761
f 7761 7001 7000
f 7761 7000 7656
f 7656 7000 7654
f 7654 7000 7762
f 7762 7000 6999
f 7762 6999 7763
f 7763 6999 6998
f 7763 6998 7652
f 7652 6998 7649
f 6997 7764 6998
f 6998 7764 7765
f 6998 7765 7649
f 7649 7765 7650
f 6995 6994 7641
f 7641 6994 7766
f 7641 7766 7639
f 7639 7766 6993
f 7639 6993 7637
f 7637 6993 7767
f 7637 7767 6992
f 6992 7767 6993
f 6994 6993 7766
f 6991 7768 6992
f 6992 7768 7634
f 6992 7634 7637
f 7630 6989 7769
f 7769 6989 6971
f 7769 6971 7770
f 7770 6971 7771
f 7770 7771 7624
f 7624 7771 7620
f 7624 7620 7621
f 6971 6970 7771
f 7771 6970 7616
f 7771 7616 7617
f 7617 7618 7771
f 7771 7618 7619
f 7771 7619 7620
f 7621 7622 7624
f 7770 7624 7626
f 7628 7630 7769
f 7770 7626 7769
f 7769 7626 7628
f 6991 7634 7768
f 7765 7764 7650
f 7650 7764 6997
f 7762 7763 7652
f 7654 7762 7652
f 7755 7756 7674
f 7755 7674 7676
f 7682 7753 7680
f 7752 7685 7751
f 7751 7685 7687
f 7748 7693 7695
f 7700 7747 7045
f 7704 7746 7046
f 7743 7744 7709
f 7743 7709 7711
f 7742 7743 7711
f 7713 7742 7711
f 7740 7741 7715
f 7737 7721 7723
f 7736 7737 7723
f 7736 7723 7725
f 7732 7736 7725
f 7727 7732 7725
f 6237 7772 7726
f 7726 7772 7773
f 7726 7773 7774
f 7774 7775 7726
f 7726 7775 7776
f 7726 7776 7364
f 7336 7730 7364
f 7364 7730 7729
f 7364 7729 7728
f 7334 7734 7336
f 7336 7734 7733
f 7336 7733 7731
f 7734 7334 7735
f 7735 7334 7332
f 7735 7332 7330
f 7330 7328 7735
f 7735 7328 7326
f 7735 7326 7309
f 7309 7308 7735
f 7735 7308 7324
f 7735 7324 7322
f 7735 7322 7032
f 7032 7322 7319
f 7032 7319 7316
f 7316 7313 7032
f 7032 7313 7310
f 7032 7310 6838
f 6838 7310 7290
f 6838 7290 7289
f 7289 7245 6838
f 6838 7245 6890
f 6890 7245 7221
f 6890 7221 7218
f 7218 7215 6890
f 6890 7215 7212
f 6890 7212 7057
f 7057 7212 7209
f 7057 7209 7206
f 7206 7203 7057
f 7057 7203 7202
f 7057 7202 7469
f 7469 7202 7142
f 7469 7142 7141
f 7141 7178 7469
f 7469 7178 7176
f 7469 7176 7169
f 7169 7168 7469
f 7469 7168 7172
f 7469 7172 7174
f 7469 7174 7468
f 7468 7174 7173
f 7468 7173 7467
f 7467 7173 7466
f 7466 7173 7464
f 7464 7173 7455
f 7464 7455 7463
f 7463 7455 7462
f 7462 7455 7460
f 7460 7455 7777
f 7460 7777 7778
f 7778 7779 7460
f 7460 7779 7780
f 7460 7780 7781
f 7781 6251 7460
f 7731 7730 7336
f 7728 7726 7364
f 6170 7782 6230
f 6230 7782 7783
f 7783 7782 7784
f 7783 7784 7785
f 7785 7784 7786
f 7785 7786 7787
f 7787 7786 7788
f 7787 7788 7789
f 7790 7791 7792
f 7792 7791 7793
f 7792 7793 7794
f 7794 7793 7795
f 7794 7795 7796
f 7796 7795 7797
f 7796 7797 6245
f 6245 7797 6239
f 7364 7776 7365
f 7365 7776 6231
f 7365 6231 7366
f 7366 6231 7383
f 6231 7776 6232
f 6232 7776 7775
f 6232 7775 6233
f 6233 7775 6234
f 6234 7775 6235
f 6235 7775 7774
f 6235 7774 6236
f 6236 7774 7773
f 6236 7773 6238
f 6238 7773 7772
f 6238 7772 6237
f 6231 7798 7383
f 7383 7798 7799
f 7383 7799 7800
f 7800 7799 7801
f 7800 7801 7802
f 7802 7801 7803
f 7802 7803 7804
f 7804 7803 6228
f 7804 6228 7805
f 7805 6228 6227
f 7805 6227 7806
f 7806 6227 6172
f 7806 6172 7807
f 7807 6172 6171
f 7807 6171 6169
f 7798 6231 7808
f 7808 6231 6229
f 7808 6229 7809
f 7809 6229 6228
f 7809 6228 7803
f 7807 6169 7810
f 7810 6169 6167
f 7810 6167 7811
f 7811 6167 7812
f 7811 7812 7813
f 7813 7812 7814
f 7813 7814 7815
f 7815 7814 7816
f 7815 7816 7389
f 7389 7816 7391
f 7391 7816 7817
f 7391 7817 7818
f 7818 7817 7819
f 7818 7819 7820
f 7820 7819 7821
f 7820 7821 7822
f 7822 7821 6175
f 6175 7821 7823
f 6175 7823 6165
f 6165 7823 7824
f 6165 7824 6167
f 6167 7824 7812
f 7822 7825 7820
f 7820 7825 7826
f 7820 7826 7818
f 7818 7826 7392
f 7818 7392 7391
f 7825 7377 7826
f 7826 7377 7392
f 7389 7388 7815
f 7815 7388 7827
f 7815 7827 7813
f 7813 7827 7828
f 7813 7828 7811
f 7811 7828 7810
f 7388 7387 7827
f 7827 7387 7829
f 7827 7829 7828
f 7828 7829 7830
f 7828 7830 7810
f 7810 7830 7807
f 7387 7386 7829
f 7829 7386 7831
f 7829 7831 7830
f 7830 7831 7832
f 7830 7832 7807
f 7807 7832 7806
f 7831 7386 7833
f 7833 7386 7385
f 7833 7385 7834
f 7834 7385 7835
f 7834 7835 7836
f 7836 7835 7802
f 7836 7802 7804
f 7385 7384 7835
f 7835 7384 7800
f 7835 7800 7802
f 7384 7383 7800
f 7832 7831 7833
f 7833 7834 7837
f 7837 7834 7836
f 7837 7836 7805
f 7805 7836 7804
f 7817 7816 7838
f 7838 7816 7814
f 7838 7814 7824
f 7824 7814 7812
f 7838 7824 7823
f 7838 7823 7819
f 7819 7823 7821
f 7837 7805 7806
f 7837 7806 7832
f 7798 7808 7809
f 7798 7809 7801
f 7801 7809 7803
f 7817 7838 7819
f 7833 7837 7832
f 7799 7798 7801
f 7825 7839 7377
f 7377 7839 7840
f 7377 7840 7841
f 7841 7840 7842
f 7841 7842 7843
f 7843 7842 6175
f 7843 6175 7844
f 7844 6175 7845
f 7844 7845 7846
f 7846 7845 7847
f 7846 7847 7377
f 7377 7847 7848
f 7377 7848 7849
f 7849 7848 7850
f 7849 7850 7851
f 7851 7850 6216
f 7851 6216 7852
f 7852 6216 7853
f 7852 7853 7854
f 7854 7853 7855
f 7854 7855 7396
f 7396 7855 7856
f 7396 7856 7857
f 7857 7856 7858
f 7857 7858 7859
f 7859 7858 6216
f 7859 6216 7860
f 7860 6216 7861
f 7860 7861 7862
f 7862 7861 7863
f 7862 7863 7396
f 7839 7825 7864
f 7864 7825 7822
f 7864 7822 6175
f 6216 7850 6175
f 6175 7850 7865
f 6175 7865 7845
f 7845 7865 7847
f 7377 7849 7396
f 7396 7849 7866
f 7396 7866 7854
f 7854 7866 7852
f 7840 7839 7867
f 7867 7839 7864
f 7867 7864 6175
f 7846 7377 7868
f 7868 7377 7841
f 7868 7841 7843
f 7844 7846 7868
f 7844 7868 7843
f 7850 7848 7865
f 7865 7848 7847
f 7852 7866 7851
f 7851 7866 7849
f 7856 7855 7869
f 7869 7855 7853
f 7869 7853 6216
f 7862 7396 7870
f 7870 7396 7857
f 7870 7857 7859
f 7860 7862 7870
f 7860 7870 7859
f 6175 7842 7867
f 7867 7842 7840
f 6216 7858 7869
f 7869 7858 7856
f 7397 7396 7871
f 7871 7396 7863
f 7871 7863 7872
f 7872 7863 7861
f 7872 7861 7873
f 7873 7861 6216
f 7873 6216 6215
f 6215 6214 7873
f 7873 6214 7874
f 7873 7874 7872
f 7872 7874 7875
f 7872 7875 7871
f 7871 7875 7876
f 7871 7876 7398
f 7398 7876 7399
f 7399 7876 7877
f 7399 7877 7400
f 7400 7877 7878
f 7400 7878 7401
f 7401 7878 7879
f 7401 7879 7402
f 7402 7879 7880
f 7402 7880 7403
f 7403 7880 7881
f 7403 7881 7404
f 7404 7881 7882
f 7404 7882 7405
f 7405 7882 7883
f 7405 7883 7406
f 7406 7883 7884
f 7406 7884 7407
f 7407 7884 7885
f 7407 7885 7408
f 7408 7885 7886
f 7408 7886 7409
f 7409 7886 7887
f 7409 7887 7410
f 7410 7887 7888
f 7410 7888 7411
f 7411 7888 7889
f 7411 7889 7412
f 7412 7889 7413
f 7413 7889 7890
f 7890 7889 7891
f 7891 7889 7892
f 7891 7892 7893
f 7893 7892 7894
f 7893 7894 6132
f 6132 7894 6200
f 6200 7894 7895
f 6200 7895 6201
f 6201 7895 6202
f 6202 7895 7896
f 6202 7896 7897
f 7897 7896 7898
f 7897 7898 7899
f 7899 7898 7885
f 7899 7885 7884
f 6214 6213 7874
f 7874 6213 7900
f 7874 7900 7875
f 7875 7900 7901
f 7875 7901 7876
f 7876 7901 7877
f 6213 6211 7900
f 7900 6211 7902
f 7900 7902 7901
f 7901 7902 7903
f 7901 7903 7877
f 7877 7903 7878
f 6211 6210 7902
f 7902 6210 7904
f 7902 7904 7903
f 7903 7904 7905
f 7903 7905 7878
f 7878 7905 7879
f 6210 6209 7904
f 7904 6209 7906
f 7904 7906 7905
f 7905 7906 7907
f 7905 7907 7879
f 7879 7907 7880
f 6209 6208 7906
f 7906 6208 7908
f 7906 7908 7907
f 7907 7908 7909
f 7907 7909 7880
f 7880 7909 7881
f 6208 6207 7908
f 7908 6207 7910
f 7908 7910 7909
f 7909 7910 7911
f 7909 7911 7881
f 7881 7911 7882
f 7910 6207 7912
f 7912 6207 6206
f 7912 6206 6205
f 7912 6205 7913
f 7913 6205 6204
f 7913 6204 7914
f 7914 6204 6203
f 7914 6203 7897
f 7897 6203 6202
f 7398 7397 7871
f 7883 7882 7915
f 7915 7882 7911
f 7915 7911 7912
f 7912 7911 7910
f 7884 7883 7916
f 7916 7883 7915
f 7916 7915 7913
f 7913 7915 7912
f 7885 7898 7886
f 7886 7898 7917
f 7886 7917 7887
f 7887 7917 7918
f 7887 7918 7888
f 7888 7918 7892
f 7888 7892 7889
f 7884 7916 7899
f 7899 7916 7914
f 7899 7914 7897
f 7914 7916 7913
f 7898 7896 7917
f 7917 7896 7895
f 7917 7895 7918
f 7918 7895 7894
f 7918 7894 7892
f 7890 7919 7413
f 7413 7919 7920
f 7413 7920 7921
f 7921 7920 7922
f 7921 7922 7923
f 7923 7922 7924
f 7923 7924 7925
f 7925 7924 6132
f 7925 6132 7926
f 7926 6132 7927
f 7926 7927 7928
f 7928 7927 7929
f 7928 7929 7930
f 7930 7929 7931
f 7930 7931 7413
f 7413 7931 7932
f 7413 7932 7933
f 7933 7932 7934
f 7933 7934 7935
f 7935 7934 7936
f 7935 7936 7937
f 7937 7936 6132
f 7937 6132 7938
f 7938 6132 7939
f 7938 7939 7940
f 7940 7939 7941
f 7940 7941 7942
f 7942 7941 7943
f 7942 7943 7413
f 7413 7943 7944
f 7413 7944 7945
f 7945 7944 7946
f 7945 7946 7947
f 7947 7946 7948
f 7947 7948 7949
f 7949 7948 6132
f 7949 6132 7950
f 7950 6132 7951
f 7950 7951 7952
f 7952 7951 7953
f 7952 7953 7954
f 7954 7953 7955
f 7954 7955 7413
f 7413 7955 7956
f 7413 7956 7957
f 7957 7956 7958
f 7957 7958 7959
f 7959 7958 7960
f 7959 7960 7961
f 7961 7960 6132
f 7961 6132 7962
f 7962 6132 7963
f 7962 7963 7964
f 7964 7963 7965
f 7964 7965 7966
f 7966 7965 7967
f 7966 7967 7413
f 7413 7967 7968
f 7413 7968 7969
f 7969 7968 7970
f 7969 7970 7971
f 7971 7970 7972
f 7971 7972 7973
f 7973 7972 6132
f 7973 6132 7974
f 7974 6132 7975
f 7974 7975 7976
f 7976 7975 7977
f 7976 7977 7978
f 7978 7977 7979
f 7978 7979 7413
f 7413 7979 7980
f 7413 7980 7981
f 7981 7980 7982
f 7981 7982 7983
f 7983 7982 7984
f 7983 7984 7985
f 7985 7984 6132
f 7985 6132 7986
f 7986 6132 7987
f 7986 7987 7988
f 7988 7987 7989
f 7988 7989 7990
f 7990 7989 7991
f 7990 7991 7413
f 7413 7991 7992
f 7413 7992 7414
f 7414 7992 7993
f 7414 7993 7994
f 7994 7993 7995
f 7994 7995 7996
f 7996 7995 7997
f 7996 7997 7998
f 7998 7997 6134
f 7998 6134 7999
f 7999 6134 8000
f 7999 8000 8001
f 8001 8000 8002
f 8001 8002 8003
f 8003 8002 8004
f 8003 8004 7414
f 7414 8004 8005
f 7414 8005 8006
f 8006 8005 8007
f 8006 8007 8008
f 8008 8007 8009
f 8008 8009 8010
f 8010 8009 6134
f 8010 6134 8011
f 8011 6134 8012
f 8011 8012 8013
f 8013 8012 8014
f 8013 8014 8015
f 8015 8014 8016
f 8015 8016 7414
f 7414 8016 8017
f 7414 8017 8018
f 8018 8017 8019
f 8018 8019 8020
f 8020 8019 8021
f 8020 8021 8022
f 8022 8021 6134
f 8022 6134 8023
f 8023 6134 8024
f 8023 8024 8025
f 8025 8024 8026
f 8025 8026 8027
f 8027 8026 8028
f 8027 8028 7414
f 7414 8028 8029
f 7414 8029 8030
f 8030 8029 8031
f 8030 8031 8032
f 8032 8031 8033
f 8032 8033 8034
f 8034 8033 6134
f 8034 6134 8035
f 8035 6134 8036
f 8035 8036 8037
f 8037 8036 8038
f 8037 8038 8039
f 8039 8038 8040
f 8039 8040 7414
f 7414 8040 8041
f 7414 8041 8042
f 8042 8041 8043
f 8042 8043 8044
f 8044 8043 8045
f 8044 8045 8046
f 8046 8045 6134
f 8046 6134 8047
f 8047 6134 8048
f 8047 8048 8049
f 8049 8048 8050
f 8049 8050 8051
f 8051 8050 8052
f 8051 8052 7414
f 7414 8052 8053
f 7414 8053 8054
f 8054 8053 8055
f 8054 8055 8056
f 8056 8055 8057
f 8056 8057 8058
f 8058 8057 6134
f 8058 6134 8059
f 8059 6134 8060
f 8059 8060 8061
f 8061 8060 8062
f 8061 8062 8063
f 8063 8062 8064
f 8063 8064 7414
f 7414 8064 8065
f 8065 8064 8066
f 8066 8064 8062
f 8066 8062 8067
f 8067 8062 8060
f 8067 8060 6134
f 7919 7890 8068
f 8068 7890 7891
f 8068 7891 8069
f 8069 7891 7893
f 8069 7893 6132
f 6132 6134 7987
f 7987 6134 8070
f 7987 8070 7989
f 7989 8070 8071
f 7989 8071 7991
f 7991 8071 7992
f 7920 7919 8072
f 8072 7919 8068
f 8072 8068 8073
f 8073 8068 8069
f 8073 8069 6132
f 7921 8074 7413
f 7413 8074 8075
f 7413 8075 7930
f 7930 8075 7928
f 7921 7923 8074
f 8074 7923 8076
f 8074 8076 8075
f 8075 8076 7928
f 7932 7931 8077
f 8077 7931 7929
f 8077 7929 8078
f 8078 7929 7927
f 8078 7927 6132
f 7933 8079 7413
f 7413 8079 8080
f 7413 8080 7942
f 7942 8080 7940
f 7933 7935 8079
f 8079 7935 8081
f 8079 8081 8080
f 8080 8081 7940
f 7944 7943 8082
f 8082 7943 7941
f 8082 7941 8083
f 8083 7941 7939
f 8083 7939 6132
f 7945 8084 7413
f 7413 8084 8085
f 7413 8085 7954
f 7954 8085 7952
f 7945 7947 8084
f 8084 7947 8086
f 8084 8086 8085
f 8085 8086 7952
f 7956 7955 8087
f 8087 7955 7953
f 8087 7953 8088
f 8088 7953 7951
f 8088 7951 6132
f 7957 8089 7413
f 7413 8089 8090
f 7413 8090 7966
f 7966 8090 7964
f 7957 7959 8089
f 8089 7959 8091
f 8089 8091 8090
f 8090 8091 7964
f 7968 7967 8092
f 8092 7967 7965
f 8092 7965 8093
f 8093 7965 7963
f 8093 7963 6132
f 7969 8094 7413
f 7413 8094 8095
f 7413 8095 7978
f 7978 8095 7976
f 7969 7971 8094
f 8094 7971 8096
f 8094 8096 8095
f 8095 8096 7976
f 7980 7979 8097
f 8097 7979 7977
f 8097 7977 8098
f 8098 7977 7975
f 8098 7975 6132
f 7981 8099 7413
f 7413 8099 8100
f 7413 8100 7990
f 7990 8100 7988
f 7981 7983 8099
f 8099 7983 8101
f 8099 8101 8100
f 8100 8101 7988
f 7993 7992 8102
f 8102 7992 8071
f 8102 8071 8103
f 8103 8071 8070
f 8103 8070 6134
f 7994 8104 7414
f 7414 8104 8105
f 7414 8105 8003
f 8003 8105 8001
f 7994 7996 8104
f 8104 7996 8106
f 8104 8106 8105
f 8105 8106 8001
f 8005 8004 8107
f 8107 8004 8002
f 8107 8002 8108
f 8108 8002 8000
f 8108 8000 6134
f 8006 8109 7414
f 7414 8109 8110
f 7414 8110 8015
f 8015 8110 8013
f 8006 8008 8109
f 8109 8008 8111
f 8109 8111 8110
f 8110 8111 8013
f 8017 8016 8112
f 8112 8016 8014
f 8112 8014 8113
f 8113 8014 8012
f 8113 8012 6134
f 8018 8114 7414
f 7414 8114 8115
f 7414 8115 8027
f 8027 8115 8025
f 8018 8020 8114
f 8114 8020 8116
f 8114 8116 8115
f 8115 8116 8025
f 8029 8028 8117
f 8117 8028 8026
f 8117 8026 8118
f 8118 8026 8024
f 8118 8024 6134
f 8030 8119 7414
f 7414 8119 8120
f 7414 8120 8039
f 8039 8120 8037
f 8030 8032 8119
f 8119 8032 8121
f 8119 8121 8120
f 8120 8121 8037
f 8041 8040 8122
f 8122 8040 8038
f 8122 8038 8123
f 8123 8038 8036
f 8123 8036 6134
f 8042 8124 7414
f 7414 8124 8125
f 7414 8125 8051
f 8051 8125 8049
f 8042 8044 8124
f 8124 8044 8126
f 8124 8126 8125
f 8125 8126 8049
f 8053 8052 8127
f 8127 8052 8050
f 8127 8050 8128
f 8128 8050 8048
f 8128 8048 6134
f 8054 8129 7414
f 7414 8129 8130
f 7414 8130 8063
f 8063 8130 8061
f 8054 8056 8129
f 8129 8056 8131
f 8129 8131 8130
f 8130 8131 8061
f 7920 8072 7922
f 7922 8072 8132
f 7922 8132 7924
f 7924 8132 6132
f 8132 8072 8073
f 7926 7928 8076
f 7926 8076 7925
f 7925 8076 7923
f 7932 8077 7934
f 7934 8077 8133
f 7934 8133 7936
f 7936 8133 6132
f 8133 8077 8078
f 7938 7940 8081
f 7938 8081 7937
f 7937 8081 7935
f 7944 8082 7946
f 7946 8082 8134
f 7946 8134 7948
f 7948 8134 6132
f 8134 8082 8083
f 7950 7952 8086
f 7950 8086 7949
f 7949 8086 7947
f 7956 8087 7958
f 7958 8087 8135
f 7958 8135 7960
f 7960 8135 6132
f 8135 8087 8088
f 7962 7964 8091
f 7962 8091 7961
f 7961 8091 7959
f 7968 8092 7970
f 7970 8092 8136
f 7970 8136 7972
f 7972 8136 6132
f 8136 8092 8093
f 7974 7976 8096
f 7974 8096 7973
f 7973 8096 7971
f 7980 8097 7982
f 7982 8097 8137
f 7982 8137 7984
f 7984 8137 6132
f 8137 8097 8098
f 7986 7988 8101
f 7986 8101 7985
f 7985 8101 7983
f 7993 8102 7995
f 7995 8102 8138
f 7995 8138 7997
f 7997 8138 6134
f 8138 8102 8103
f 7999 8001 8106
f 7999 8106 7998
f 7998 8106 7996
f 8005 8107 8007
f 8007 8107 8139
f 8007 8139 8009
f 8009 8139 6134
f 8139 8107 8108
f 8011 8013 8111
f 8011 8111 8010
f 8010 8111 8008
f 8017 8112 8019
f 8019 8112 8140
f 8019 8140 8021
f 8021 8140 6134
f 8140 8112 8113
f 8023 8025 8116
f 8023 8116 8022
f 8022 8116 8020
f 8029 8117 8031
f 8031 8117 8141
f 8031 8141 8033
f 8033 8141 6134
f 8141 8117 8118
f 8035 8037 8121
f 8035 8121 8034
f 8034 8121 8032
f 8041 8122 8043
f 8043 8122 8142
f 8043 8142 8045
f 8045 8142 6134
f 8142 8122 8123
f 8047 8049 8126
f 8047 8126 8046
f 8046 8126 8044
f 8053 8127 8055
f 8055 8127 8143
f 8055 8143 8057
f 8057 8143 6134
f 8143 8127 8128
f 8059 8061 8131
f 8059 8131 8058
f 8058 8131 8056
f 6132 8132 8073
f 6132 8133 8078
f 6132 8134 8083
f 6132 8135 8088
f 6132 8136 8093
f 6132 8137 8098
f 6134 8138 8103
f 6134 8139 8108
f 6134 8140 8113
f 6134 8141 8118
f 6134 8142 8123
f 6134 8143 8128
f 6193 6192 8144
f 8144 6192 8145
f 8144 8145 8146
f 8146 8145 8147
f 8146 8147 8148
f 8148 8147 7422
f 8148 7422 7421
f 8148 7421 8149
f 8149 7421 7420
f 8149 7420 8150
f 8150 7420 7419
f 8150 7419 8151
f 8151 7419 7418
f 8151 7418 8152
f 8152 7418 7417
f 8152 7417 8153
f 8153 7417 7416
f 8153 7416 8154
f 8154 7416 7415
f 8154 7415 8155
f 8155 7415 7414
f 8155 7414 8065
f 8155 8065 8156
f 8156 8065 8066
f 8156 8066 8067
f 8156 8067 8157
f 8157 8067 6134
f 8157 6134 6199
f 6199 6198 8157
f 8157 6198 8158
f 8157 8158 8156
f 8156 8158 8159
f 8156 8159 8155
f 8155 8159 8154
f 6198 6197 8158
f 8158 6197 8160
f 8158 8160 8159
f 8159 8160 8161
f 8159 8161 8154
f 8154 8161 8153
f 6197 6196 8160
f 8160 6196 8162
f 8160 8162 8161
f 8161 8162 8163
f 8161 8163 8153
f 8153 8163 8152
f 8162 6196 8164
f 8164 6196 6195
f 8164 6195 8165
f 8165 6195 6194
f 8165 6194 8166
f 8166 6194 6193
f 8166 6193 8144
f 8166 8144 8167
f 8167 8144 8146
f 8167 8146 8149
f 8149 8146 8148
f 8165 8166 8168
f 8168 8166 8167
f 8168 8167 8150
f 8150 8167 8149
f 8163 8162 8164
f 8164 8165 8169
f 8169 8165 8168
f 8169 8168 8151
f 8151 8168 8150
f 8152 8163 8169
f 8169 8163 8164
f 8152 8169 8151
f 8170 7426 8171
f 8171 7426 7425
f 8171 7425 8172
f 8172 7425 8173
f 8172 8173 8174
f 8174 8173 8175
f 8174 8175 8176
f 8176 8175 8177
f 8176 8177 6185
f 6185 8177 6190
f 6190 8177 8178
f 6190 8178 6191
f 6191 8178 8179
f 6191 8179 6192
f 6192 8179 8145
f 8145 8179 8180
f 8145 8180 8147
f 8147 8180 8181
f 8147 8181 7422
f 7422 8181 7423
f 7423 8181 8182
f 7423 8182 7424
f 7424 8182 8173
f 7424 8173 7425
f 8176 6185 8183
f 8183 6185 6187
f 8183 6187 8184
f 8183 8184 8185
f 8185 8184 8170
f 8185 8170 8171
f 8175 8173 8182
f 8182 8181 8186
f 8186 8181 8180
f 8186 8180 8178
f 8178 8180 8179
f 8185 8171 8172
f 8185 8172 8174
f 8177 8175 8186
f 8186 8175 8182
f 8177 8186 8178
f 8183 8185 8174
f 8183 8174 8176
f 8170 8187 7426
f 7426 8187 8188
f 7426 8188 8189
f 8189 8188 8190
f 8189 8190 8191
f 8191 8190 6187
f 8191 6187 8192
f 8192 6187 8193
f 8192 8193 8194
f 8194 8193 8195
f 8194 8195 7426
f 7426 8195 8196
f 7426 8196 8197
f 8197 8196 8198
f 8197 8198 8199
f 8199 8198 6162
f 8199 6162 8200
f 8200 6162 8201
f 8200 8201 8202
f 8202 8201 8203
f 8202 8203 7427
f 7427 8203 8204
f 7427 8204 8205
f 8205 8204 8206
f 8205 8206 8207
f 8207 8206 6162
f 8207 6162 8208
f 8208 6162 8209
f 8208 8209 8210
f 8210 8209 8211
f 8210 8211 7427
f 8187 8170 8212
f 8212 8170 8184
f 8212 8184 6187
f 6162 8198 6187
f 6187 8198 8213
f 6187 8213 8193
f 8193 8213 8195
f 7426 8197 7427
f 7427 8197 8214
f 7427 8214 8202
f 8202 8214 8200
f 8188 8187 8215
f 8215 8187 8212
f 8215 8212 6187
f 8194 7426 8216
f 8216 7426 8189
f 8216 8189 8191
f 8192 8194 8216
f 8192 8216 8191
f 8198 8196 8213
f 8213 8196 8195
f 8200 8214 8199
f 8199 8214 8197
f 8204 8203 8217
f 8217 8203 8201
f 8217 8201 6162
f 8210 7427 8218
f 8218 7427 8205
f 8218 8205 8207
f 8208 8210 8218
f 8208 8218 8207
f 6187 8190 8215
f 8215 8190 8188
f 6162 8206 8217
f 8217 8206 8204
f 7447 8219 6246
f 6246 8219 8220
f 6246 8220 6244
f 6244 8220 8221
f 6244 8221 6243
f 6243 8221 8222
f 6243 8222 6242
f 6242 8222 8223
f 6242 8223 6241
f 6241 8223 8224
f 6241 8224 8225
f 8225 8224 8226
f 8225 8226 8227
f 8227 8226 8228
f 8227 8228 8229
f 8229 8228 7443
f 8229 7443 8230
f 8230 7443 7442
f 8230 7442 8231
f 8231 7442 7433
f 8231 7433 8232
f 8232 7433 8233
f 8232 8233 8234
f 8234 8233 8235
f 8234 8235 8236
f 8236 8235 8237
f 8236 8237 6164
f 6164 8237 6162
f 6162 8237 8209
f 8209 8237 8235
f 8209 8235 8211
f 8211 8235 8233
f 8211 8233 7427
f 7427 8233 7433
f 8219 7447 8238
f 8238 7447 7452
f 8238 7452 8239
f 8239 7452 7451
f 8239 7451 8240
f 8240 7451 7450
f 8240 7450 8241
f 8241 7450 8242
f 8241 8242 8243
f 8243 8242 8244
f 8243 8244 8223
f 8223 8244 8224
f 7450 7444 8242
f 8242 7444 8245
f 8242 8245 8244
f 8244 8245 8226
f 8244 8226 8224
f 8245 7444 8228
f 8228 7444 7443
f 8236 6164 8246
f 8246 6164 6166
f 8246 6166 8247
f 8247 6166 8248
f 8247 8248 8249
f 8249 8248 8250
f 8249 8250 8230
f 8230 8250 8229
f 6166 6168 8248
f 8248 6168 8251
f 8248 8251 8250
f 8250 8251 8227
f 8250 8227 8229
f 6168 6240 8251
f 8251 6240 8225
f 8251 8225 8227
f 6240 6241 8225
f 8221 8220 8252
f 8252 8220 8219
f 8252 8219 8239
f 8239 8219 8238
f 8243 8223 8222
f 8222 8221 8253
f 8253 8221 8252
f 8253 8252 8240
f 8240 8252 8239
f 8234 8236 8246
f 8246 8247 8254
f 8254 8247 8249
f 8254 8249 8231
f 8231 8249 8230
f 8254 8231 8232
f 8254 8232 8234
f 8226 8245 8228
f 8253 8240 8241
f 8253 8241 8243
f 8246 8254 8234
f 8222 8253 8243
f 6251 7781 6253
f 6253 7781 7780
f 6253 7780 6252
f 6252 7780 7779
f 6252 7779 6250
f 6250 7779 6249
f 6249 7779 7778
f 6249 7778 6248
f 6248 7778 7777
f 6248 7777 6247
f 6247 7777 6246
f 6246 7777 7454
f 6246 7454 7453
f 7777 7455 7454
f 7453 7447 6246
f 6696 6716 6694
f 6694 6716 6718
f 6694 6718 6692
f 6692 6718 6720
f 6692 6720 6738
f 6738 6720 6722
f 6738 6722 6736
f 6736 6722 6724
f 6736 6724 6734
f 6734 6724 6726
f 6734 6726 6732
f 6732 6726 6728
f 6732 6728 6730
f 6716 6696 6714
f 6714 6696 6698
f 6714 6698 6712
f 6712 6698 6700
f 6712 6700 6710
f 6710 6700 6702
f 6710 6702 6708
f 6708 6702 6704
f 6708 6704 6706
f 6642 6643 6641
f 6641 6643 6667
f 6667 6643 6644
f 6667 6644 6666
f 6666 6644 6645
f 6666 6645 6665
f 6665 6645 6646
f 6665 6646 6664
f 6664 6646 6663
f 6663 6646 6662
f 6662 6646 6661
f 6661 6646 6660
f 6660 6646 6659
f 6659 6646 6658
f 6658 6646 6657
f 6657 6646 6656
f 6656 6646 6655
f 6655 6646 6654
f 6654 6646 6653
f 6653 6646 6652
f 6652 6646 6647
f 6652 6647 6651
f 6651 6647 6650
f 6650 6647 6648
f 6650 6648 6649
f 6570 6590 6568
f 6568 6590 6592
f 6568 6592 6566
f 6566 6592 6594
f 6566 6594 6612
f 6612 6594 6596
f 6612 6596 6610
f 6610 6596 6598
f 6610 6598 6608
f 6608 6598 6600
f 6608 6600 6606
f 6606 6600 6602
f 6606 6602 6604
f 6590 6570 6588
f 6588 6570 6572
f 6588 6572 6586
f 6586 6572 6574
f 6586 6574 6584
f 6584 6574 6576
f 6584 6576 6582
f 6582 6576 6578
f 6582 6578 6580
f 8255 8256 8257
f 8257 8256 8258
f 8257 8258 8259
f 8259 8258 8260
f 8259 8260 8261
f 8261 8260 8262
f 8261 8262 8263
f 8263 8262 8264
f 8263 8264 8265
f 8265 8264 8266
f 8265 8266 8267
f 8267 8266 8268
f 8267 8268 8269
f 8269 8268 8270
f 8269 8270 8271
f 8271 8270 8272
f 8271 8272 8273
f 8273 8272 8274
f 8273 8274 8275
f 8275 8274 8276
f 8275 8276 8277
f 8277 8276 8278
f 8277 8278 8279
f 8279 8278 8280
f 8279 8280 8281
f 8281 8280 8282
f 8281 8282 8283
f 8283 8282 8284
f 8283 8284 8285
f 8285 8284 8286
f 8285 8286 8287
f 8287 8286 8288
f 8287 8288 8289
f 8289 8288 8290
f 8289 8290 8291
f 8291 8290 8292
f 8291 8292 8293
f 8293 8292 8294
f 8293 8294 8295
f 8295 8294 8296
f 8295 8296 8297
f 8297 8296 8298
f 8297 8298 8299
f 8299 8298 8300
f 8299 8300 8301
f 8301 8300 8302
f 8301 8302 8255
f 8255 8302 8256
f 6170 6230 8303
f 8303 6230 6237
f 8303 6237 8304
f 8304 6237 8305
f 8304 8305 8306
f 8306 8305 8307
f 8306 8307 8308
f 7726 7710 6237
f 6237 7710 7708
f 6237 7708 7707
f 7724 7722 7726
f 7726 7722 7720
f 7726 7720 7718
f 7718 7716 7726
f 7726 7716 7714
f 7726 7714 7712
f 7712 7710 7726
f 7707 7705 6237
f 6237 7705 8309
f 6237 8309 8310
f 8310 8309 8311
f 8310 8311 8312
f 8312 8311 8313
f 8312 8313 8314
f 8314 8313 8315
f 8314 8315 8316
f 8316 8315 8317
f 8316 8317 8318
f 8318 8317 8319
f 8318 8319 8320
f 8320 8319 8321
f 8320 8321 8322
f 8322 8321 8323
f 8322 8323 8324
f 8324 8323 8325
f 8324 8325 8326
f 8326 8325 8327
f 8326 8327 8328
f 8328 8327 8329
f 8328 8329 8330
f 8330 8329 8331
f 8331 8329 8332
f 8331 8332 8333
f 8333 8332 8334
f 8333 8334 8335
f 8335 8334 8336
f 8335 8336 8337
f 8337 8336 8338
f 8337 8338 8339
f 8339 8338 8340
f 8340 8338 8341
f 8340 8341 8342
f 7705 7702 8309
f 8309 7702 7701
f 8309 7701 8343
f 8343 7701 7703
f 8343 7703 8344
f 8344 7703 7697
f 8344 7697 7692
f 7690 8345 7692
f 7692 8345 8346
f 7692 8346 8344
f 7688 8347 7690
f 7690 8347 8348
f 7690 8348 8349
f 7686 8350 7688
f 7688 8350 8351
f 7688 8351 8352
f 7696 8353 7686
f 7686 8353 8354
f 7686 8354 8355
f 8353 7696 8356
f 8356 7696 7679
f 8356 7679 8357
f 8357 7679 7677
f 8357 7677 8358
f 8358 7677 7675
f 8358 7675 8359
f 8359 7675 8360
f 8359 8360 8361
f 7673 8362 7675
f 7675 8362 8363
f 7675 8363 8360
f 8360 8363 8364
f 8360 8364 8365
f 7671 8366 7673
f 7673 8366 8367
f 7673 8367 8362
f 8362 8367 8368
f 8362 8368 8369
f 7671 7669 8366
f 8366 7669 8370
f 8370 7669 7667
f 8370 7667 8371
f 8371 7667 8372
f 8372 7667 8373
f 8373 7667 7666
f 8373 7666 8374
f 8374 7666 8375
f 8375 7666 8376
f 8376 7666 7662
f 8376 7662 8377
f 8377 7662 8378
f 8378 7662 8379
f 8379 7662 7661
f 8379 7661 8380
f 8380 7661 8381
f 8381 7661 7655
f 8381 7655 7653
f 8381 7653 8382
f 8382 7653 7648
f 8382 7648 7646
f 8382 7646 7623
f 7623 7646 7645
f 7623 7645 7647
f 7647 7638 7623
f 7623 7638 7636
f 7623 7636 7635
f 7635 7631 7623
f 7623 7631 7625
f 7625 7631 7627
f 7580 8383 7623
f 7623 8383 8384
f 7623 8384 8385
f 8385 8384 8386
f 8386 8384 8387
f 8387 8384 8388
f 8388 8384 8389
f 8389 8384 8390
f 8390 8384 8391
f 8391 8384 8392
f 8392 8384 8393
f 8393 8384 8394
f 8393 8394 8395
f 8395 8394 8396
f 8395 8396 8397
f 8397 8396 8398
f 8397 8398 8399
f 8399 8398 8400
f 8400 8398 8401
f 8400 8401 8402
f 8402 8401 8403
f 8402 8403 8404
f 8404 8403 8405
f 8405 8403 8406
f 8406 8403 8407
f 8407 8403 8408
f 8408 8403 8409
f 8409 8403 8410
f 8410 8403 8411
f 8411 8403 8412
f 8411 8412 8413
f 8413 8412 8414
f 8414 8412 8415
f 8414 8415 8416
f 8416 8415 8417
f 8417 8415 8418
f 8417 8418 8419
f 8419 8418 8367
f 8367 8418 8420
f 8367 8420 8368
f 7581 7569 7580
f 7580 7569 7567
f 7580 7567 7566
f 7566 7564 7580
f 7580 7564 7562
f 7580 7562 7560
f 7560 7558 7580
f 7580 7558 7556
f 7580 7556 7554
f 7554 7552 7580
f 7580 7552 8268
f 7580 8268 8421
f 8421 8268 8266
f 8421 8266 8264
f 7552 7550 8268
f 8268 7550 7548
f 8268 7548 8270
f 8270 7548 7547
f 8270 7547 7546
f 7546 7540 8270
f 8270 7540 8272
f 8272 7540 8274
f 8274 7540 8276
f 8276 7540 7538
f 8276 7538 8278
f 8278 7538 8280
f 8280 7538 8282
f 8282 7538 7536
f 8282 7536 8284
f 8284 7536 8286
f 8286 7536 8288
f 8288 7536 7532
f 8288 7532 8290
f 8290 7532 8292
f 8292 7532 7527
f 8292 7527 8294
f 8294 7527 7525
f 8294 7525 7520
f 7519 8422 7520
f 7520 8422 8296
f 7520 8296 8294
f 8422 7519 8423
f 8423 7519 7518
f 8423 7518 8424
f 8424 7518 8425
f 8425 7518 7516
f 8425 7516 7514
f 8425 7514 8426
f 8426 7514 7512
f 8426 7512 8427
f 8427 7512 7511
f 8427 7511 8428
f 8428 7511 8429
f 8429 7511 7509
f 8429 7509 8430
f 8430 7509 8431
f 8431 7509 7507
f 8431 7507 8432
f 8432 7507 8433
f 8433 7507 8434
f 8434 7507 7505
f 8434 7505 8435
f 8435 7505 8436
f 8436 7505 8437
f 8437 7505 7504
f 8437 7504 7499
f 8437 7499 8438
f 8438 7499 7497
f 8438 7497 6251
f 6251 7497 7495
f 6251 7495 7492
f 7492 7491 6251
f 6251 7491 7493
f 6251 7493 7484
f 6251 7484 7460
f 7460 7484 7482
f 7460 7482 7480
f 7480 7477 7460
f 7460 7477 7458
f 7458 7477 7476
f 6251 6245 8438
f 8438 6245 6239
f 8438 6239 8439
f 8439 6239 8440
f 8439 8440 8441
f 6170 8442 6239
f 6239 8442 8443
f 6239 8443 8444
f 8445 8446 8447
f 8447 8446 8448
f 8447 8448 8449
f 8449 8448 8450
f 8449 8450 8451
f 8451 8450 8452
f 8452 8450 8453
f 8452 8453 8454
f 8454 8453 8455
f 8454 8455 8424
f 8424 8455 8456
f 8424 8456 8457
f 8445 8458 8446
f 8446 8458 8459
f 8459 8458 8460
f 8459 8460 8441
f 8441 8460 8439
f 8352 8347 7688
f 8349 8345 7690
f 8344 8461 8343
f 8343 8461 8462
f 8462 8461 8463
f 8463 8461 8464
f 8464 8461 8465
f 8464 8465 8466
f 8466 8465 8467
f 8467 8465 8468
f 8467 8468 8469
f 8469 8468 8470
f 8469 8470 8471
f 8471 8470 8472
f 8472 8470 8473
f 8472 8473 8474
f 8474 8473 8475
f 8475 8473 8476
f 8476 8473 8477
f 8477 8473 8478
f 8477 8478 8479
f 8479 8478 8480
f 8480 8478 8481
f 8480 8481 8482
f 8482 8481 8483
f 8482 8483 8484
f 8484 8483 8485
f 8485 8483 8486
f 8485 8486 8487
f 8487 8486 8488
f 8488 8486 8489
f 8488 8489 8490
f 8490 8489 8491
f 8491 8489 8492
f 8491 8492 8493
f 8493 8492 8356
f 8493 8356 8357
f 8355 8350 7686
f 8494 8495 8496
f 8496 8495 8497
f 8496 8497 8498
f 8498 8497 8499
f 8498 8499 8500
f 8500 8499 8501
f 8500 8501 8502
f 8502 8501 8503
f 8503 8501 8504
f 8504 8501 8505
f 8505 8501 8506
f 8506 8501 8507
f 8507 8501 8508
f 8508 8501 8509
f 8509 8501 8510
f 8509 8510 8511
f 8511 8510 8512
f 8512 8510 8513
f 8513 8510 8514
f 8514 8510 8515
f 8515 8510 8516
f 8516 8510 8517
f 8517 8510 8518
f 8518 8510 8519
f 8519 8510 8520
f 8519 8520 8521
f 8521 8520 8522
f 8521 8522 8523
f 8524 8525 8494
f 8494 8525 8526
f 8494 8526 8527
f 8524 8528 8525
f 8527 8529 8494
f 8494 8529 8530
f 8494 8530 8531
f 8531 8532 8494
f 8494 8532 8495
f 8532 8533 8495
f 8495 8533 8534
f 8495 8534 8535
f 8535 8536 8495
f 8495 8536 8537
f 8495 8537 8538
f 8539 8540 8538
f 8538 8540 8495
f 8497 8541 8499
f 8499 8541 8542
f 8499 8542 8543
f 8543 8542 8544
f 8543 8544 8545
f 8545 8544 8546
f 8546 8544 8547
f 8547 8544 8548
f 8547 8548 8549
f 8549 8548 8550
f 8549 8550 8551
f 8521 8552 8541
f 8541 8552 8553
f 8541 8553 8542
f 8359 8554 8555
f 8555 8554 8304
f 8555 8304 8306
f 8556 8557 8358
f 8358 8557 8558
f 8358 8558 8357
f 8357 8558 8559
f 8559 8558 8560
f 8559 8560 8561
f 8305 6237 8556
f 8556 6237 8562
f 8556 8562 8557
f 8501 6170 8563
f 8563 6170 8564
f 8563 8564 8565
f 8510 8566 8520
f 8520 8566 8363
f 8520 8363 8362
f 8567 8568 8566
f 8566 8568 8569
f 8566 8569 8570
f 8571 8572 8567
f 8567 8572 8573
f 8567 8573 8568
f 8572 8571 8574
f 8574 8571 8575
f 8574 8575 8576
f 8576 8575 8577
f 8576 8577 8578
f 8578 8577 8579
f 8578 8579 8580
f 8580 8579 8581
f 8580 8581 8582
f 8582 8581 8583
f 8582 8583 8584
f 8584 8583 8585
f 8584 8585 8586
f 8586 8585 8587
f 8587 8585 8563
f 8587 8563 8588
f 8588 8563 8565
f 8589 8590 8591
f 8591 8590 8592
f 8591 8592 8593
f 8593 8592 8594
f 8593 8594 8595
f 8595 8594 8596
f 8595 8596 8597
f 8597 8596 8598
f 8597 8598 8599
f 8599 8598 8600
f 8600 8598 8601
f 8601 8598 8602
f 8602 8598 8603
f 8602 8603 8604
f 8604 8603 8605
f 8605 8603 8606
f 8606 8603 8607
f 8607 8603 8608
f 8607 8608 8330
f 8330 8608 8328
f 8310 8562 6237
f 8559 8561 8609
f 8609 8561 8610
f 8609 8610 8611
f 8609 8611 8612
f 8612 8611 8613
f 8612 8613 8614
f 8614 8613 8615
f 8614 8615 8616
f 8616 8615 8617
f 8616 8617 8618
f 8616 8618 8619
f 8619 8618 8620
f 8619 8620 8621
f 8621 8620 8622
f 8622 8620 8623
f 8622 8623 8624
f 8624 8623 8625
f 8624 8625 8626
f 8626 8625 8627
f 8626 8627 8628
f 8626 8628 8629
f 8629 8628 8630
f 8629 8630 8631
f 8631 8630 8589
f 8631 8589 8632
f 8632 8589 8591
f 8360 8633 8303
f 8303 8633 8634
f 8303 8634 8635
f 8636 8554 8361
f 8361 8554 8359
f 8637 8638 8360
f 8360 8638 8639
f 8360 8639 8640
f 8640 8641 8360
f 8360 8641 8633
f 8635 8642 8303
f 8303 8642 8643
f 8303 8643 8644
f 8644 8645 8303
f 8303 8645 8646
f 8303 8646 8564
f 8570 8363 8566
f 8365 8637 8360
f 8340 8342 8647
f 8647 8342 8648
f 8647 8648 8649
f 8649 8648 8650
f 8482 8651 8480
f 8480 8651 8652
f 8652 8651 8653
f 8652 8653 8654
f 8655 8656 8651
f 8651 8656 8657
f 8651 8657 8658
f 8656 8655 8659
f 8659 8655 8660
f 8659 8660 8661
f 8661 8660 8662
f 8662 8660 8663
f 8662 8663 8664
f 8665 8666 8664
f 8664 8666 8667
f 8664 8667 8662
f 8666 8665 8668
f 8668 8665 8669
f 8668 8669 8670
f 8670 8669 8671
f 8670 8671 8672
f 8672 8673 8670
f 8658 8674 8651
f 8651 8674 8675
f 8651 8675 8653
f 8652 8654 8676
f 8676 8654 8677
f 8676 8677 8678
f 8678 8679 8676
f 8680 8681 8682
f 8682 8681 8683
f 8682 8683 8684
f 8684 8683 8685
f 8684 8685 8686
f 8681 8680 8687
f 8687 8680 8688
f 8687 8688 8689
f 8689 8688 8690
f 8689 8690 8691
f 8691 8690 8692
f 8691 8692 8693
f 8693 8692 8694
f 8693 8694 8695
f 8695 8694 8696
f 8696 8694 8697
f 8696 8697 8698
f 8686 8699 8684
f 8684 8699 8700
f 8684 8700 8701
f 8701 8702 8684
f 8684 8702 8703
f 8684 8703 8704
f 8704 8703 8705
f 8706 8707 8704
f 8704 8707 8708
f 8704 8708 8684
f 8707 8706 8709
f 8709 8706 8710
f 8709 8710 8711
f 8709 8711 8712
f 8712 8711 8713
f 8712 8713 8714
f 8714 8715 8712
f 8712 8715 8716
f 8716 8715 8717
f 8716 8717 8718
f 8716 8718 8719
f 8719 8718 8720
f 8719 8720 8721
f 8719 8721 8722
f 8722 8721 8723
f 8722 8723 8724
f 8722 8724 8725
f 8725 8724 8726
f 8725 8726 8727
f 8727 8728 8725
f 8725 8728 8729
f 8729 8728 8730
f 8729 8730 8731
f 8731 8730 8732
f 8731 8732 8733
f 8733 8732 8734
f 8733 8734 8551
f 8551 8734 8735
f 8551 8735 8549
f 8734 8736 8735
f 8735 8736 8737
f 8735 8737 8738
f 8738 8739 8735
f 8735 8739 8740
f 8735 8740 8741
f 8741 8740 8742
f 8741 8742 8743
f 8741 8743 8744
f 8744 8743 8745
f 8744 8745 8746
f 8746 8745 8747
f 8747 8745 8748
f 8748 8745 8749
f 8749 8745 8750
f 8749 8750 8751
f 8751 8750 8752
f 8752 8750 8753
f 8753 8750 8754
f 8754 8750 8755
f 8755 8750 8756
f 8756 8750 8757
f 8757 8750 8758
f 8757 8758 8759
f 8759 8758 8760
f 8760 8758 8761
f 8760 8761 8762
f 8762 8761 8763
f 8762 8763 8764
f 8764 8763 8765
f 8764 8765 8766
f 8766 8765 8767
f 8766 8767 8768
f 8769 8770 8768
f 8768 8770 8766
f 8751 8771 8749
f 8749 8771 8772
f 8749 8772 8773
f 8773 8774 8749
f 8746 8775 8744
f 8744 8775 8776
f 8744 8776 8777
f 8744 8777 8778
f 8778 8777 8779
f 8778 8779 8780
f 8780 8781 8778
f 8778 8781 8782
f 8778 8782 8783
f 8783 8784 8778
f 8778 8784 8785
f 8778 8785 8786
f 8786 8787 8778
f 8778 8787 8788
f 8778 8788 8789
f 8790 8791 8787
f 8787 8791 8792
f 8787 8792 8793
f 8791 8790 8794
f 8794 8790 8795
f 8794 8795 8796
f 8796 8797 8794
f 8794 8797 8798
f 8798 8797 8799
f 8798 8799 8800
f 8800 8801 8798
f 8798 8801 8802
f 8802 8801 8803
f 8802 8803 8708
f 8707 8804 8708
f 8708 8804 8802
f 8793 8805 8787
f 8787 8805 8788
f 8778 8789 8545
f 8545 8789 8543
f 8501 8499 6170
f 6170 8499 8806
f 6170 8806 8807
f 8808 8809 8807
f 8807 8809 8810
f 8807 8810 6170
f 6170 8810 8442
f 8809 8808 8811
f 8811 8808 8812
f 8811 8812 8813
f 8813 8812 8814
f 8813 8814 8815
f 8815 8814 8816
f 8815 8816 8817
f 8816 8814 8818
f 8818 8814 8819
f 8818 8819 8820
f 8820 8819 8821
f 8820 8821 8551
f 8551 8821 8733
f 8817 8822 8815
f 8815 8822 8823
f 8823 8822 8824
f 8823 8824 8825
f 8823 8825 8826
f 8826 8825 8827
f 8826 8827 8828
f 8826 8828 8829
f 8829 8828 8830
f 8829 8830 8831
f 8829 8831 8832
f 8832 8831 8833
f 8832 8833 8834
f 8834 8835 8832
f 8832 8835 8836
f 8836 8835 8837
f 8836 8837 8838
f 8836 8838 8839
f 8839 8838 8840
f 8839 8840 8841
f 8841 8842 8839
f 8839 8842 8843
f 8843 8842 8844
f 8843 8844 8845
f 8843 8845 8846
f 8846 8845 8847
f 8846 8847 8848
f 8848 8847 8849
f 8849 8847 8362
f 8849 8362 8369
f 8522 8520 8548
f 8548 8520 8550
f 8521 8523 8850
f 8850 8523 8851
f 8850 8851 8852
f 8850 8552 8521
f 8853 8854 8552
f 8552 8854 8553
f 8444 8855 6239
f 6239 8855 8440
f 8457 8423 8424
f 8422 8856 8296
f 8296 8856 8857
f 8296 8857 8858
f 8859 8860 8858
f 8858 8860 8298
f 8858 8298 8296
f 8861 8862 8859
f 8859 8862 8863
f 8859 8863 8864
f 8412 8865 8861
f 8861 8865 8866
f 8861 8866 8867
f 8868 8869 8870
f 8870 8869 8871
f 8870 8871 8872
f 8872 8871 8873
f 8872 8873 8874
f 8874 8873 8875
f 8874 8875 8876
f 8876 8875 8877
f 8876 8877 8878
f 8878 8877 8879
f 8879 8877 8880
f 8879 8880 8881
f 8881 8880 8882
f 8881 8882 8883
f 8883 8882 8884
f 8884 8882 8382
f 8884 8382 8885
f 8885 8382 7623
f 8885 7623 8886
f 8886 7623 8887
f 8887 7623 8385
f 8868 8888 8869
f 8869 8888 8889
f 8889 8888 8417
f 8889 8417 8419
f 8400 8402 8395
f 8395 8402 8393
f 8890 8383 8891
f 8891 8383 7580
f 8891 7580 8421
f 8383 8890 8892
f 8892 8890 8893
f 8892 8893 8894
f 8894 8893 8895
f 8894 8895 8896
f 8896 8895 8897
f 8896 8897 8898
f 8896 8898 8899
f 8899 8898 8900
f 8899 8900 8901
f 8901 8900 8902
f 8901 8902 8903
f 8903 8902 8904
f 8903 8904 8905
f 8903 8905 8906
f 8906 8905 8907
f 8906 8907 8908
f 8908 8907 8909
f 8908 8909 8910
f 8910 8911 8908
f 8908 8911 8912
f 8908 8912 8913
f 8913 8914 8908
f 8908 8914 8915
f 8915 8914 8916
f 8915 8916 8917
f 8866 8918 8917
f 8917 8918 8919
f 8917 8919 8920
f 8867 8862 8861
f 8864 8860 8859
f 8298 8860 8300
f 8300 8860 8921
f 8300 8921 8922
f 8922 8923 8300
f 8300 8923 8302
f 8302 8923 8924
f 8302 8924 8925
f 8925 8926 8302
f 8302 8926 8256
f 8256 8926 8927
f 8256 8927 8928
f 8928 8929 8256
f 8256 8929 8930
f 8256 8930 8258
f 8258 8930 8931
f 8258 8931 8932
f 8933 8934 8932
f 8932 8934 8260
f 8932 8260 8258
f 8421 8264 8934
f 8934 8264 8262
f 8934 8262 8260
f 8401 8935 8936
f 8936 8935 8937
f 8936 8937 8938
f 8403 8865 8412
f 8865 8939 8866
f 8866 8939 8940
f 8866 8940 8941
f 8941 8942 8866
f 8866 8942 8918
f 8920 8943 8917
f 8917 8943 8915
f 8398 8944 8401
f 8401 8944 8945
f 8401 8945 8935
f 8938 8946 8936
f 8936 8946 8947
f 8303 8564 6170
f 8948 8255 8949
f 8949 8255 8257
f 8949 8257 8950
f 8950 8257 8259
f 8950 8259 8951
f 8951 8259 8261
f 8951 8261 8952
f 8952 8261 8263
f 8952 8263 8953
f 8953 8263 8265
f 8953 8265 8954
f 8954 8265 8267
f 8954 8267 8955
f 8955 8267 8269
f 8955 8269 8956
f 8956 8269 8271
f 8956 8271 8957
f 8957 8271 8273
f 8957 8273 8958
f 8958 8273 8275
f 8958 8275 8959
f 8959 8275 8277
f 8959 8277 8960
f 8960 8277 8279
f 8960 8279 8961
f 8961 8279 8281
f 8961 8281 8962
f 8962 8281 8283
f 8962 8283 8963
f 8963 8283 8285
f 8963 8285 8964
f 8964 8285 8287
f 8964 8287 8965
f 8965 8287 8289
f 8965 8289 8966
f 8966 8289 8291
f 8966 8291 8967
f 8967 8291 8293
f 8967 8293 8968
f 8968 8293 8295
f 8968 8295 8969
f 8969 8295 8297
f 8969 8297 8970
f 8970 8297 8299
f 8970 8299 8971
f 8971 8299 8301
f 8971 8301 8948
f 8948 8301 8255
f 8972 8445 8973
f 8973 8445 8447
f 8973 8447 8974
f 8974 8447 8449
f 8974 8449 8975
f 8975 8449 8451
f 8975 8451 8976
f 8976 8451 8452
f 8976 8452 8977
f 8977 8452 8454
f 8977 8454 8978
f 8978 8454 8424
f 8978 8424 8979
f 8979 8424 8425
f 8979 8425 8980
f 8980 8425 8426
f 8980 8426 8981
f 8981 8426 8427
f 8981 8427 8982
f 8982 8427 8428
f 8982 8428 8983
f 8983 8428 8429
f 8983 8429 8984
f 8984 8429 8430
f 8984 8430 8985
f 8985 8430 8431
f 8985 8431 8986
f 8986 8431 8432
f 8986 8432 8987
f 8987 8432 8433
f 8987 8433 8988
f 8988 8433 8434
f 8988 8434 8989
f 8989 8434 8435
f 8989 8435 8990
f 8990 8435 8436
f 8990 8436 8991
f 8991 8436 8437
f 8991 8437 8992
f 8992 8437 8438
f 8992 8438 8993
f 8993 8438 8439
f 8993 8439 8994
f 8994 8439 8460
f 8994 8460 8995
f 8995 8460 8458
f 8995 8458 8972
f 8972 8458 8445
f 8996 8972 8997
f 8997 8972 8973
f 8997 8973 8998
f 8998 8973 8974
f 8998 8974 8999
f 8999 8974 8975
f 8999 8975 9000
f 9000 8975 8976
f 9000 8976 9001
f 9001 8976 8977
f 9001 8977 9002
f 9002 8977 8978
f 9002 8978 9003
f 9003 8978 8979
f 9003 8979 9004
f 9004 8979 8980
f 9004 8980 9005
f 9005 8980 8981
f 9005 8981 9006
f 9006 8981 8982
f 9006 8982 9007
f 9007 8982 8983
f 9007 8983 9008
f 9008 8983 8984
f 9008 8984 9009
f 9009 8984 8985
f 9009 8985 9010
f 9010 8985 8986
f 9010 8986 9011
f 9011 8986 8987
f 9011 8987 9012
f 9012 8987 8988
f 9012 8988 9013
f 9013 8988 8989
f 9013 8989 9014
f 9014 8989 8990
f 9014 8990 9015
f 9015 8990 8991
f 9015 8991 9016
f 9016 8991 8992
f 9016 8992 9017
f 9017 8992 8993
f 9017 8993 9018
f 9018 8993 8994
f 9018 8994 9019
f 9019 8994 8995
f 9019 8995 8996
f 8996 8995 8972
f 9020 8374 9021
f 9021 8374 8375
f 9021 8375 9022
f 9022 8375 8376
f 9022 8376 9023
f 9023 8376 8377
f 9023 8377 9024
f 9024 8377 8378
f 9024 8378 9025
f 9025 8378 8379
f 9025 8379 9026
f 9026 8379 8380
f 9026 8380 9027
f 9027 8380 8381
f 9027 8381 9028
f 9028 8381 8382
f 9028 8382 9029
f 9029 8382 8882
f 9029 8882 9030
f 9030 8882 8880
f 9030 8880 9031
f 9031 8880 8877
f 9031 8877 9032
f 9032 8877 8875
f 9032 8875 9033
f 9033 8875 8873
f 9033 8873 9034
f 9034 8873 8871
f 9034 8871 9035
f 9035 8871 8869
f 9035 8869 9036
f 9036 8869 8889
f 9036 8889 9037
f 9037 8889 8419
f 9037 8419 9038
f 9038 8419 8367
f 9038 8367 9039
f 9039 8367 8366
f 9039 8366 9040
f 9040 8366 8370
f 9040 8370 9041
f 9041 8370 8371
f 9041 8371 9042
f 9042 8371 8372
f 9042 8372 9043
f 9043 8372 8373
f 9043 8373 9020
f 9020 8373 8374
f 9044 9020 9045
f 9045 9020 9021
f 9045 9021 9046
f 9046 9021 9022
f 9046 9022 9047
f 9047 9022 9023
f 9047 9023 9048
f 9048 9023 9024
f 9048 9024 9049
f 9049 9024 9025
f 9049 9025 9050
f 9050 9025 9026
f 9050 9026 9051
f 9051 9026 9027
f 9051 9027 9052
f 9052 9027 9028
f 9052 9028 9053
f 9053 9028 9029
f 9053 9029 9054
f 9054 9029 9030
f 9054 9030 9055
f 9055 9030 9031
f 9055 9031 9056
f 9056 9031 9032
f 9056 9032 9057
f 9057 9032 9033
f 9057 9033 9058
f 9058 9033 9034
f 9058 9034 9059
f 9059 9034 9035
f 9059 9035 9060
f 9060 9035 9036
f 9060 9036 9061
f 9061 9036 9037
f 9061 9037 9062
f 9062 9037 9038
f 9062 9038 9063
f 9063 9038 9039
f 9063 9039 9064
f 9064 9039 9040
f 9064 9040 9065
f 9065 9040 9041
f 9065 9041 9066
f 9066 9041 9042
f 9066 9042 9067
f 9067 9042 9043
f 9067 9043 9044
f 9044 9043 9020
f 9068 8347 9069
f 9069 8347 8352
f 9069 8352 9070
f 9070 8352 8351
f 9070 8351 9071
f 9071 8351 8350
f 9071 8350 9072
f 9072 8350 8355
f 9072 8355 9073
f 9073 8355 8354
f 9073 8354 9074
f 9074 8354 8353
f 9074 8353 9075
f 9075 8353 8356
f 9075 8356 9076
f 9076 8356 8492
f 9076 8492 9077
f 9077 8492 8489
f 9077 8489 9078
f 9078 8489 8486
f 9078 8486 9079
f 9079 8486 8483
f 9079 8483 9080
f 9080 8483 8481
f 9080 8481 9081
f 9081 8481 8478
f 9081 8478 9082
f 9082 8478 8473
f 9082 8473 9083
f 9083 8473 8470
f 9083 8470 9084
f 9084 8470 8468
f 9084 8468 9085
f 9085 8468 8465
f 9085 8465 9086
f 9086 8465 8461
f 9086 8461 9087
f 9087 8461 8344
f 9087 8344 9088
f 9088 8344 8346
f 9088 8346 9089
f 9089 8346 8345
f 9089 8345 9090
f 9090 8345 8349
f 9090 8349 9091
f 9091 8349 8348
f 9091 8348 9068
f 9068 8348 8347
f 9092 9068 9093
f 9093 9068 9069
f 9093 9069 9094
f 9094 9069 9070
f 9094 9070 9095
f 9095 9070 9071
f 9095 9071 9096
f 9096 9071 9072
f 9096 9072 9097
f 9097 9072 9073
f 9097 9073 9098
f 9098 9073 9074
f 9098 9074 9099
f 9099 9074 9075
f 9099 9075 9100
f 9100 9075 9076
f 9100 9076 9101
f 9101 9076 9077
f 9101 9077 9102
f 9102 9077 9078
f 9102 9078 9103
f 9103 9078 9079
f 9103 9079 9104
f 9104 9079 9080
f 9104 9080 9105
f 9105 9080 9081
f 9105 9081 9106
f 9106 9081 9082
f 9106 9082 9107
f 9107 9082 9083
f 9107 9083 9108
f 9108 9083 9084
f 9108 9084 9109
f 9109 9084 9085
f 9109 9085 9110
f 9110 9085 9086
f 9110 9086 9111
f 9111 9086 9087
f 9111 9087 9112
f 9112 9087 9088
f 9112 9088 9113
f 9113 9088 9089
f 9113 9089 9114
f 9114 9089 9090
f 9114 9090 9115
f 9115 9090 9091
f 9115 9091 9092
f 9092 9091 9068
f 8950 8960 8949
f 8949 8960 8961
f 8949 8961 8948
f 8948 8961 8962
f 8948 8962 8971
f 8971 8962 8963
f 8971 8963 8970
f 8970 8963 8964
f 8970 8964 8969
f 8969 8964 8965
f 8969 8965 8968
f 8968 8965 8966
f 8968 8966 8967
f 8960 8950 8959
f 8959 8950 8951
f 8959 8951 8958
f 8958 8951 8952
f 8958 8952 8957
f 8957 8952 8953
f 8957 8953 8956
f 8956 8953 8954
f 8956 8954 8955
f 9046 9056 9045
f 9045 9056 9057
f 9045 9057 9044
f 9044 9057 9058
f 9044 9058 9067
f 9067 9058 9059
f 9067 9059 9066
f 9066 9059 9060
f 9066 9060 9065
f 9065 9060 9061
f 9065 9061 9064
f 9064 9061 9062
f 9064 9062 9063
f 9056 9046 9055
f 9055 9046 9047
f 9055 9047 9054
f 9054 9047 9048
f 9054 9048 9053
f 9053 9048 9049
f 9053 9049 9052
f 9052 9049 9050
f 9052 9050 9051
f 8998 9008 8997
f 8997 9008 9009
f 8997 9009 8996
f 8996 9009 9010
f 8996 9010 9019
f 9019 9010 9011
f 9019 9011 9018
f 9018 9011 9012
f 9018 9012 9017
f 9017 9012 9013
f 9017 9013 9016
f 9016 9013 9014
f 9016 9014 9015
f 9008 8998 9007
f 9007 8998 8999
f 9007 8999 9006
f 9006 8999 9000
f 9006 9000 9005
f 9005 9000 9001
f 9005 9001 9004
f 9004 9001 9002
f 9004 9002 9003
f 9094 9104 9093
f 9093 9104 9105
f 9093 9105 9092
f 9092 9105 9106
f 9092 9106 9115
f 9115 9106 9107
f 9115 9107 9114
f 9114 9107 9108
f 9114 9108 9113
f 9113 9108 9109
f 9113 9109 9112
f 9112 9109 9110
f 9112 9110 9111
f 9104 9094 9103
f 9103 9094 9095
f 9103 9095 9102
f 9102 9095 9096
f 9102 9096 9101
f 9101 9096 9097
f 9101 9097 9100
f 9100 9097 9098
f 9100 9098 9099
f 6290 9116 6288
f 6288 9116 9117
f 6288 9117 6286
f 6286 9117 9118
f 6286 9118 6302
f 6302 9118 9119
f 6302 9119 6304
f 6304 9119 9120
f 6304 9120 6306
f 6306 9120 9121
f 6306 9121 6308
f 6308 9121 9122
f 6308 9122 6309
f 6309 9122 9123
f 6309 9123 6307
f 6307 9123 9124
f 6307 9124 6305
f 6305 9124 9125
f 6305 9125 6303
f 6303 9125 9126
f 6303 9126 6301
f 6301 9126 9127
f 6301 9127 6287
f 6287 9127 9128
f 6287 9128 6289
f 6289 9128 9129
f 6289 9129 6291
f 6291 9129 9130
f 6291 9130 6293
f 6293 9130 9131
f 6293 9131 6295
f 6295 9131 9132
f 6295 9132 6297
f 6297 9132 9133
f 6297 9133 6299
f 6299 9133 9134
f 6299 9134 6300
f 6300 9134 9135
f 6300 9135 6298
f 6298 9135 9136
f 6298 9136 6296
f 6296 9136 9137
f 6296 9137 6294
f 6294 9137 9138
f 6294 9138 6292
f 6292 9138 9139
f 6292 9139 6290
f 6290 9139 9116
f 6266 9140 6264
f 6264 9140 9141
f 6264 9141 6262
f 6262 9141 9142
f 6262 9142 6278
f 6278 9142 9143
f 6278 9143 6280
f 6280 9143 9144
f 6280 9144 6282
f 6282 9144 9145
f 6282 9145 6284
f 6284 9145 9146
f 6284 9146 6285
f 6285 9146 9147
f 6285 9147 6283
f 6283 9147 9148
f 6283 9148 6281
f 6281 9148 9149
f 6281 9149 6279
f 6279 9149 9150
f 6279 9150 6277
f 6277 9150 9151
f 6277 9151 6263
f 6263 9151 9152
f 6263 9152 6265
f 6265 9152 9153
f 6265 9153 6267
f 6267 9153 9154
f 6267 9154 6269
f 6269 9154 9155
f 6269 9155 6271
f 6271 9155 9156
f 6271 9156 6273
f 6273 9156 9157
f 6273 9157 6275
f 6275 9157 9158
f 6275 9158 6276
f 6276 9158 9159
f 6276 9159 6274
f 6274 9159 9160
f 6274 9160 6272
f 6272 9160 9161
f 6272 9161 6270
f 6270 9161 9162
f 6270 9162 6268
f 6268 9162 9163
f 6268 9163 6266
f 6266 9163 9140
f 9164 9165 9166
f 9166 9165 9167
f 9166 9167 9168
f 9168 9167 9169
f 9164 9170 9165
f 9165 9170 9171
f 9171 9170 9172
f 9171 9172 9173
f 9173 9172 9174
f 9174 9172 9175
f 9165 9176 9167
f 9167 9176 9177
f 9177 9176 9178
f 9178 9176 9179
f 9178 9179 9180
f 9180 9179 9181
f 9180 9181 9182
f 9182 9183 9180
f 9116 9184 9117
f 9117 9184 9185
f 9117 9185 9186
f 9184 9116 9187
f 9187 9116 9139
f 9187 9139 9188
f 9188 9139 9138
f 9188 9138 9189
f 9189 9138 9137
f 9189 9137 9190
f 9190 9137 9136
f 9190 9136 9191
f 9191 9136 9135
f 9191 9135 9192
f 9192 9135 9134
f 9192 9134 9193
f 9193 9134 9133
f 9193 9133 9194
f 9194 9133 9132
f 9194 9132 9195
f 9195 9132 9131
f 9195 9131 9196
f 9196 9131 9130
f 9196 9130 9197
f 9197 9130 9129
f 9197 9129 9198
f 9198 9129 9128
f 9198 9128 9199
f 9199 9128 9127
f 9199 9127 9200
f 9200 9127 9126
f 9200 9126 9201
f 9201 9126 9125
f 9201 9125 9202
f 9202 9125 9124
f 9202 9124 9203
f 9203 9124 9123
f 9203 9123 9204
f 9204 9123 9122
f 9204 9122 9205
f 9205 9122 9121
f 9205 9121 9206
f 9206 9121 9120
f 9206 9120 9207
f 9207 9120 9119
f 9207 9119 9208
f 9208 9119 9118
f 9208 9118 9186
f 9186 9118 9117
f 9140 9209 9141
f 9141 9209 9210
f 9141 9210 9211
f 9209 9140 9212
f 9212 9140 9163
f 9212 9163 9213
f 9213 9163 9162
f 9213 9162 9214
f 9214 9162 9161
f 9214 9161 9215
f 9215 9161 9160
f 9215 9160 9216
f 9216 9160 9159
f 9216 9159 9217
f 9217 9159 9158
f 9217 9158 9218
f 9218 9158 9157
f 9218 9157 9219
f 9219 9157 9156
f 9219 9156 9220
f 9220 9156 9155
f 9220 9155 9221
f 9221 9155 9154
f 9221 9154 9222
f 9222 9154 9153
f 9222 9153 9223
f 9223 9153 9152
f 9223 9152 9224
f 9224 9152 9151
f 9224 9151 9225
f 9225 9151 9150
f 9225 9150 9226
f 9226 9150 9149
f 9226 9149 9227
f 9227 9149 9148
f 9227 9148 9228
f 9228 9148 9147
f 9228 9147 9229
f 9229 9147 9146
f 9229 9146 9230
f 9230 9146 9145
f 9230 9145 9231
f 9231 9145 9144
f 9231 9144 9232
f 9232 9144 9143
f 9232 9143 9233
f 9233 9143 9142
f 9233 9142 9211
f 9211 9142 9141
f 6312 9234 6310
f 6310 9234 9235
f 6310 9235 6311
f 6311 9235 9236
f 6311 9236 6313
f 6313 9236 9237
f 6313 9237 6314
f 6314 9237 9238
f 6314 9238 6315
f 6315 9238 9239
f 6315 9239 6316
f 6316 9239 9240
f 9241 6319 9240
f 9240 6319 6316
f 6319 9241 6322
f 6322 9241 9242
f 6322 9242 6323
f 6323 9242 9243
f 6323 9243 6324
f 6324 9243 9244
f 6324 9244 6325
f 6325 9244 9245
f 6325 9245 6326
f 6326 9245 9246
f 6326 9246 6321
f 6321 9246 9247
f 9248 6320 9247
f 9247 6320 6321
f 6320 9248 6327
f 6327 9248 9249
f 6327 9249 6328
f 6328 9249 9250
f 6328 9250 6329
f 6329 9250 9251
f 6329 9251 6330
f 6330 9251 9252
f 6330 9252 6331
f 6331 9252 9253
f 6331 9253 6318
f 6318 9253 9254
f 9255 6317 9254
f 9254 6317 6318
f 9256 6332 9257
f 9257 6332 6337
f 9257 6337 9258
f 9258 6337 6336
f 9258 6336 9259
f 9259 6336 6335
f 9259 6335 9260
f 9260 6335 6334
f 9260 6334 9261
f 9261 6334 6333
f 9261 6333 9255
f 9255 6333 6317
f 6332 9256 6312
f 6312 9256 9234
f 9262 9263 9264
f 9264 9263 9265
f 9264 9265 9266
f 9266 9267 9264
f 9264 9267 9268
f 9264 9268 9269
f 9269 9268 9270
f 9270 9268 9271
f 9271 9268 9272
f 9272 9268 9273
f 9273 9268 9274
f 9273 9274 9275
f 9275 9276 9273
f 9273 9276 9277
f 9273 9277 9278
f 9278 9277 9279
f 9279 9277 9280
f 9280 9277 9281
f 9280 9281 9282
f 9282 9281 9283
f 9282 9283 9284
f 9284 9283 9285
f 9284 9285 9286
f 9286 9285 9287
f 9264 9288 9262
f 9262 9288 9289
f 9289 9288 9290
f 9289 9290 9291
f 9291 9290 9292
f 9291 9292 9293
f 9294 9295 9296
f 9296 9295 9297
f 9296 9297 9298
f 9294 9299 9295
f 9300 9301 9295
f 9295 9301 9302
f 9295 9302 9303
f 9300 9304 9301
f 9303 9305 9295
f 9295 9305 9306
f 9295 9306 9307
f 9307 9308 9295
f 9295 9308 9297
f 9298 9309 9296
f 9296 9309 9310
f 9296 9310 9311
f 9311 9312 9296
f 9296 9312 9313
f 9296 9313 9314
f 9315 9316 9314
f 9314 9316 9296
f 9317 9318 9319
f 9319 9318 9320
f 9319 9320 9321
f 9321 9320 9322
f 9322 9320 9323
f 9323 9320 9324
f 9324 9320 9325
f 9325 9320 9326
f 9326 9320 9327
f 9327 9320 9328
f 9321 9329 9319
f 9319 9329 9330
f 9319 9330 9331
f 9331 9332 9319
f 9319 9332 9333
f 9319 9333 9334
f 9334 9335 9319
f 9336 9337 9338
f 9339 9340 9181
f 9181 9340 9182
f 9182 9340 9341
f 9182 9341 9183
f 9341 9342 9183
f 9183 9342 9180
f 9180 9342 9343
f 9180 9343 9178
f 9343 9344 9178
f 9178 9344 9177
f 9177 9344 9345
f 9177 9345 9167
f 9167 9345 9169
f 9169 9345 9346
f 9169 9346 9168
f 9168 9346 9347
f 9168 9347 9166
f 9166 9347 9348
f 9348 9349 9166
f 9166 9349 9164
f 9164 9349 9350
f 9164 9350 9170
f 9350 9351 9170
f 9170 9351 9172
f 9172 9351 9352
f 9172 9352 9175
f 9352 9353 9175
f 9175 9353 9174
f 9174 9353 9354
f 9174 9354 9173
f 9354 9355 9173
f 9173 9355 9171
f 9171 9355 9356
f 9171 9356 9165
f 9165 9356 9176
f 9176 9356 9357
f 9357 9358 9176
f 9176 9358 9179
f 9179 9358 9339
f 9179 9339 9181
f 9235 9234 9359
f 9359 9234 9256
f 9359 9256 9360
f 9360 9256 9257
f 9360 9257 9203
f 9203 9257 9258
f 9203 9258 9259
f 9203 9259 9202
f 9202 9259 9260
f 9202 9260 9201
f 9201 9260 9261
f 9201 9261 9255
f 9254 9198 9255
f 9255 9198 9199
f 9255 9199 9200
f 9253 9194 9254
f 9254 9194 9195
f 9254 9195 9196
f 9253 9252 9194
f 9194 9252 9193
f 9193 9252 9251
f 9193 9251 9192
f 9192 9251 9250
f 9192 9250 9249
f 9192 9249 9361
f 9361 9249 9248
f 9361 9248 9247
f 9361 9247 9362
f 9362 9247 9246
f 9362 9246 9216
f 9216 9246 9245
f 9216 9245 9215
f 9215 9245 9244
f 9215 9244 9243
f 9215 9243 9214
f 9214 9243 9242
f 9214 9242 9213
f 9213 9242 9241
f 9213 9241 9212
f 9212 9241 9209
f 9209 9241 9210
f 9210 9241 9240
f 9210 9240 9211
f 9211 9240 9233
f 9233 9240 9232
f 9232 9240 9239
f 9232 9239 9231
f 9231 9239 9238
f 9231 9238 9230
f 9230 9238 9237
f 9230 9237 9236
f 9230 9236 9229
f 9229 9236 9235
f 9229 9235 9359
f 9363 9364 9359
f 9359 9364 9229
f 9364 9365 9229
f 9229 9365 9366
f 9229 9366 9228
f 9228 9366 9367
f 9228 9367 9227
f 9227 9367 9368
f 9227 9368 9226
f 9226 9368 9369
f 9226 9369 9225
f 9225 9369 9370
f 9225 9370 9224
f 9224 9370 9223
f 9223 9370 9371
f 9223 9371 9222
f 9222 9371 9372
f 9222 9372 9221
f 9221 9372 9220
f 9220 9372 9373
f 9220 9373 9219
f 9219 9373 9374
f 9219 9374 9218
f 9218 9374 9375
f 9218 9375 9217
f 9217 9375 9376
f 9217 9376 9216
f 9216 9376 9377
f 9216 9377 9378
f 9379 9362 9378
f 9378 9362 9216
f 9380 9381 9361
f 9361 9381 9191
f 9361 9191 9192
f 9381 9382 9191
f 9191 9382 9383
f 9191 9383 9384
f 9191 9384 9190
f 9190 9384 9385
f 9190 9385 9189
f 9189 9385 9188
f 9188 9385 9386
f 9188 9386 9187
f 9187 9386 9387
f 9187 9387 9184
f 9184 9387 9388
f 9184 9388 9185
f 9185 9388 9186
f 9186 9388 9389
f 9186 9389 9208
f 9208 9389 9390
f 9208 9390 9207
f 9207 9390 9391
f 9207 9391 9206
f 9206 9391 9205
f 9205 9391 9392
f 9205 9392 9204
f 9204 9392 9393
f 9204 9393 9394
f 9204 9394 9203
f 9203 9394 9395
f 9203 9395 9360
f 9360 9395 9396
f 9196 9197 9254
f 9254 9197 9198
f 9200 9201 9255
f 9397 9398 9287
f 9287 9398 9286
f 9286 9398 9399
f 9286 9399 9284
f 9284 9399 9400
f 9284 9400 9282
f 9282 9400 9401
f 9282 9401 9280
f 9401 9402 9280
f 9280 9402 9279
f 9279 9402 9403
f 9279 9403 9278
f 9278 9403 9404
f 9278 9404 9273
f 9273 9404 9405
f 9273 9405 9272
f 9405 9406 9272
f 9272 9406 9271
f 9271 9406 9407
f 9271 9407 9270
f 9270 9407 9408
f 9270 9408 9269
f 9269 9408 9409
f 9269 9409 9264
f 9409 9410 9264
f 9264 9410 9288
f 9288 9410 9411
f 9288 9411 9290
f 9290 9411 9412
f 9290 9412 9292
f 9292 9412 9413
f 9292 9413 9293
f 9413 9414 9293
f 9293 9414 9291
f 9291 9414 9415
f 9291 9415 9289
f 9289 9415 9416
f 9289 9416 9262
f 9262 9416 9417
f 9262 9417 9263
f 9417 9418 9263
f 9263 9418 9265
f 9265 9418 9419
f 9265 9419 9266
f 9266 9419 9420
f 9266 9420 9267
f 9267 9420 9421
f 9267 9421 9268
f 9421 9422 9268
f 9268 9422 9274
f 9274 9422 9423
f 9274 9423 9275
f 9275 9423 9424
f 9275 9424 9276
f 9276 9424 9425
f 9276 9425 9277
f 9425 9426 9277
f 9277 9426 9281
f 9281 9426 9427
f 9281 9427 9283
f 9283 9427 9428
f 9283 9428 9285
f 9285 9428 9397
f 9285 9397 9287
f 9429 9430 9295
f 9295 9430 9300
f 9300 9430 9431
f 9300 9431 9304
f 9304 9431 9432
f 9304 9432 9301
f 9301 9432 9433
f 9301 9433 9302
f 9302 9433 9434
f 9302 9434 9303
f 9303 9434 9435
f 9303 9435 9305
f 9305 9435 9436
f 9305 9436 9306
f 9306 9436 9437
f 9306 9437 9307
f 9437 9438 9307
f 9307 9438 9308
f 9308 9438 9439
f 9308 9439 9297
f 9297 9439 9440
f 9297 9440 9298
f 9298 9440 9441
f 9298 9441 9309
f 9441 9442 9309
f 9309 9442 9310
f 9310 9442 9443
f 9310 9443 9311
f 9311 9443 9444
f 9311 9444 9312
f 9312 9444 9445
f 9312 9445 9313
f 9313 9445 9446
f 9313 9446 9314
f 9314 9446 9447
f 9314 9447 9315
f 9315 9447 9448
f 9315 9448 9316
f 9316 9448 9449
f 9316 9449 9296
f 9449 9450 9296
f 9296 9450 9294
f 9450 9451 9294
f 9294 9451 9299
f 9451 9429 9299
f 9299 9429 9295
f 9452 9453 9320
f 9320 9453 9328
f 9328 9453 9454
f 9328 9454 9327
f 9327 9454 9455
f 9327 9455 9326
f 9326 9455 9456
f 9326 9456 9325
f 9456 9457 9325
f 9325 9457 9324
f 9324 9457 9458
f 9324 9458 9323
f 9323 9458 9459
f 9323 9459 9322
f 9322 9459 9460
f 9322 9460 9321
f 9460 9461 9321
f 9321 9461 9329
f 9329 9461 9462
f 9329 9462 9330
f 9330 9462 9463
f 9330 9463 9331
f 9331 9463 9464
f 9331 9464 9332
f 9332 9464 9465
f 9332 9465 9333
f 9333 9465 9466
f 9333 9466 9334
f 9334 9466 9467
f 9334 9467 9335
f 9335 9467 9468
f 9335 9468 9319
f 9468 9469 9319
f 9319 9469 9317
f 9317 9469 9318
f 9318 9469 9470
f 9470 9452 9318
f 9318 9452 9320
f 9471 9472 9336
f 9336 9472 9337
f 9472 9473 9337
f 9337 9473 9338
f 9473 9471 9338
f 9338 9471 9336
f 9474 9475 9476
f 9476 9475 9477
f 9476 9477 9478
f 9478 9477 9479
f 9478 9479 9480
f 9480 9479 9481
f 9480 9481 9482
f 9482 9481 9483
f 9482 9483 9484
f 9484 9483 9485
f 9484 9485 9486
f 9486 9485 9487
f 9487 9485 9488
f 9487 9488 9489
f 9489 9488 9490
f 9490 9488 9491
f 9490 9491 9492
f 9492 9491 9493
f 9492 9493 9494
f 9474 9495 9475
f 9496 9497 9494
f 9494 9497 9498
f 9494 9498 9499
f 9499 9498 9500
f 9500 9498 9501
f 9501 9498 9502
f 9502 9498 9503
f 9503 9498 9504
f 9503 9504 9505
f 9505 9506 9503
f 9499 9492 9494
f 9507 9508 9509
f 9509 9508 9510
f 9511 9512 9513
f 9513 9512 9514
f 9513 9514 9515
f 9515 9516 9513
f 9513 9516 9517
f 9513 9517 9518
f 9518 9519 9513
f 9513 9519 9520
f 9513 9520 9521
f 9521 9522 9513
f 9513 9522 9523
f 9523 9522 9524
f 9525 9526 9513
f 9513 9526 9527
f 9513 9527 9528
f 9525 9529 9526
f 9527 9526 9530
f 9530 9526 9531
f 9530 9531 9532
f 9532 9531 9533
f 9533 9531 9534
f 9534 9531 9535
f 9535 9531 9536
f 9536 9531 9537
f 9537 9531 9538
f 9538 9531 9539
f 9539 9531 9540
f 9539 9540 9541
f 9541 9540 9542
f 9542 9540 9543
f 9543 9540 9544
f 9544 9540 9545
f 9545 9540 9546
f 9546 9540 9547
f 9532 9548 9530
f 9530 9548 9549
f 9528 9550 9513
f 9513 9550 9511
f 9551 9552 9352
f 9352 9552 9553
f 9352 9553 9353
f 9353 9553 9554
f 9353 9554 9354
f 9354 9554 9555
f 9354 9555 9355
f 9355 9555 9556
f 9355 9556 9356
f 9356 9556 9557
f 9356 9557 9357
f 9357 9557 9358
f 9358 9557 9558
f 9358 9558 9339
f 9339 9558 9559
f 9339 9559 9340
f 9340 9559 9560
f 9340 9560 9341
f 9341 9560 9561
f 9341 9561 9562
f 9341 9562 9342
f 9342 9562 9563
f 9342 9563 9343
f 9343 9563 9564
f 9343 9564 9344
f 9344 9564 9565
f 9344 9565 9345
f 9345 9565 9346
f 9346 9565 9566
f 9346 9566 9567
f 9567 9566 9568
f 9568 9566 9569
f 9569 9566 9570
f 9570 9566 9571
f 9571 9566 9572
f 9572 9566 9573
f 9572 9573 9574
f 9567 9575 9346
f 9346 9575 9347
f 9347 9575 9576
f 9347 9576 9577
f 9577 9578 9347
f 9347 9578 9579
f 9347 9579 9580
f 9580 9581 9347
f 9347 9581 9582
f 9347 9582 9583
f 9583 9584 9347
f 9347 9584 9348
f 9348 9584 9349
f 9349 9584 9585
f 9349 9585 9350
f 9350 9585 9586
f 9350 9586 9351
f 9351 9586 9551
f 9351 9551 9352
f 9359 9360 9587
f 9587 9360 9588
f 9589 9362 9590
f 9590 9362 9379
f 9590 9379 9591
f 9591 9379 9378
f 9591 9378 9592
f 9592 9378 9377
f 9592 9377 9593
f 9593 9377 9376
f 9593 9376 9594
f 9594 9376 9375
f 9594 9375 9595
f 9595 9375 9374
f 9595 9374 9596
f 9596 9374 9373
f 9596 9373 9597
f 9597 9373 9372
f 9597 9372 9598
f 9598 9372 9371
f 9598 9371 9599
f 9599 9371 9600
f 9600 9371 9370
f 9600 9370 9601
f 9601 9370 9369
f 9601 9369 9602
f 9602 9369 9368
f 9602 9368 9603
f 9603 9368 9367
f 9603 9367 9604
f 9604 9367 9366
f 9604 9366 9605
f 9605 9366 9365
f 9605 9365 9606
f 9606 9365 9364
f 9606 9364 9607
f 9607 9364 9363
f 9607 9363 9608
f 9608 9363 9359
f 9608 9359 9587
f 9361 9362 9609
f 9609 9362 9589
f 9588 9360 9610
f 9610 9360 9396
f 9610 9396 9611
f 9611 9396 9395
f 9611 9395 9612
f 9612 9395 9394
f 9612 9394 9613
f 9613 9394 9393
f 9613 9393 9614
f 9614 9393 9392
f 9614 9392 9615
f 9615 9392 9391
f 9615 9391 9616
f 9616 9391 9390
f 9616 9390 9617
f 9617 9390 9389
f 9617 9389 9618
f 9618 9389 9388
f 9618 9388 9619
f 9619 9388 9620
f 9620 9388 9387
f 9620 9387 9621
f 9621 9387 9386
f 9621 9386 9622
f 9622 9386 9385
f 9622 9385 9623
f 9623 9385 9384
f 9623 9384 9624
f 9624 9384 9383
f 9624 9383 9625
f 9625 9383 9382
f 9625 9382 9626
f 9626 9382 9381
f 9626 9381 9627
f 9627 9381 9380
f 9627 9380 9628
f 9628 9380 9361
f 9628 9361 9609
f 9629 9630 9631
f 9631 9630 9632
f 9632 9630 9633
f 9632 9633 9634
f 9634 9633 9635
f 9634 9635 9636
f 9633 9637 9635
f 9635 9637 9638
f 9639 9640 9636
f 9636 9640 9634
f 9641 9642 9643
f 9643 9642 9644
f 9643 9644 9645
f 9641 9646 9642
f 9642 9646 9647
f 9642 9647 9648
f 9648 9649 9642
f 9642 9649 9650
f 9642 9650 9651
f 9651 9652 9642
f 9642 9652 9653
f 9642 9653 9654
f 9654 9655 9642
f 9642 9655 9656
f 9656 9655 9657
f 9656 9657 9658
f 9643 9645 9659
f 9659 9645 9660
f 9659 9660 9661
f 9661 9660 9662
f 9661 9662 9663
f 9663 9662 9664
f 9665 9666 9667
f 9667 9666 9668
f 9667 9668 9669
f 9669 9668 9670
f 9669 9671 9667
f 9667 9671 9672
f 9673 9674 9675
f 9675 9674 9676
f 9675 9676 9677
f 9677 9678 9675
f 9675 9678 9679
f 9675 9679 9680
f 9680 9681 9675
f 9675 9681 9682
f 9675 9682 9683
f 9683 9684 9675
f 9675 9684 9685
f 9675 9685 9686
f 9686 9687 9675
f 9675 9687 9688
f 9675 9688 9689
f 9689 9688 9690
f 9689 9690 9691
f 9675 9692 9673
f 9673 9692 9693
f 9673 9693 9694
f 9694 9693 9695
f 9694 9695 9696
f 9696 9695 9697
f 9696 9697 9698
f 9698 9697 9699
f 9700 9701 9702
f 9702 9701 9703
f 9702 9703 9704
f 9704 9703 9705
f 9704 9705 9706
f 9706 9705 9707
f 9706 9707 9708
f 9708 9707 9709
f 9708 9709 9710
f 9700 9711 9701
f 9712 9713 9710
f 9710 9713 9714
f 9710 9714 9708
f 9713 9712 9715
f 9715 9712 9716
f 9715 9716 9717
f 9717 9716 9718
f 9718 9716 9719
f 9718 9719 9720
f 9720 9719 9721
f 9720 9721 9722
f 9722 9721 9723
f 9722 9723 9724
f 9724 9723 9725
f 9724 9725 9726
f 9726 9725 9727
f 9727 9725 9728
f 9727 9728 9729
f 9729 9728 9730
f 9729 9730 9731
f 9731 9730 9732
f 9731 9732 9733
f 9733 9732 9734
f 9734 9732 9735
f 9734 9735 9736
f 9736 9735 9737
f 9736 9737 9738
f 9736 9738 9739
f 9739 9738 9740
f 9739 9740 9741
f 9742 9743 9741
f 9741 9743 9744
f 9741 9744 9739
f 9745 9746 9742
f 9742 9746 9747
f 9742 9747 9743
f 9748 9749 9745
f 9745 9749 9750
f 9745 9750 9746
f 9749 9748 9751
f 9751 9748 9752
f 9751 9752 9753
f 9751 9753 9754
f 9754 9753 9755
f 9754 9755 9756
f 9756 9755 9757
f 9756 9757 9758
f 9758 9757 9759
f 9758 9759 9760
f 9758 9760 9761
f 9761 9760 9762
f 9761 9762 9763
f 9763 9762 9764
f 9763 9764 9765
f 9765 9764 9766
f 9766 9764 9767
f 9766 9767 9768
f 9768 9767 9769
f 9768 9769 9770
f 9770 9769 9771
f 9770 9771 9772
f 9772 9771 9773
f 9773 9771 9774
f 9773 9774 9775
f 9775 9774 9776
f 9776 9774 9777
f 9776 9777 9778
f 9778 9777 9779
f 9778 9779 9780
f 9780 9779 9781
f 9780 9781 9782
f 9780 9782 9783
f 9783 9782 9784
f 9783 9784 9785
f 9785 9784 9786
f 9785 9786 9787
f 9787 9786 9788
f 9787 9788 9789
f 9789 9788 9790
f 9789 9790 9791
f 9791 9790 9792
f 9791 9792 9793
f 9791 9793 9794
f 9794 9793 9795
f 9794 9795 9796
f 9796 9795 9797
f 9796 9797 9798
f 9798 9797 9799
f 9798 9799 9800
f 9800 9799 9801
f 9800 9801 9802
f 9802 9801 9803
f 9804 9805 9806
f 9806 9805 9807
f 9806 9807 9808
f 9805 9804 9809
f 9809 9804 9810
f 9809 9810 9811
f 9811 9810 9812
f 9811 9812 9813
f 9813 9812 9814
f 9813 9814 9815
f 9815 9814 9816
f 9815 9816 9817
f 9817 9816 9818
f 9817 9818 9819
f 9819 9818 9820
f 9819 9820 9821
f 9821 9820 9822
f 9821 9822 9823
f 9823 9822 9824
f 9824 9822 9825
f 9824 9825 9826
f 9826 9825 9827
f 9826 9827 9828
f 9828 9827 9829
f 9828 9829 9830
f 9830 9829 9831
f 9830 9831 9832
f 9832 9831 9833
f 9832 9833 9834
f 9834 9833 9835
f 9834 9835 9836
f 9836 9835 9837
f 9836 9837 9838
f 9838 9837 9839
f 9838 9839 9840
f 9838 9840 9841
f 9841 9840 9842
f 9841 9842 9843
f 9843 9842 9844
f 9843 9844 9845
f 9845 9844 9846
f 9845 9846 9847
f 9847 9846 9848
f 9847 9848 9849
f 9849 9848 9850
f 9849 9850 9851
f 9851 9850 9852
f 9851 9852 9853
f 9853 9852 9854
f 9853 9854 9855
f 9855 9854 9856
f 9855 9856 9857
f 9857 9856 9858
f 9857 9858 9859
f 9859 9858 9860
f 9859 9860 9861
f 9861 9860 9862
f 9861 9862 9863
f 9863 9862 9864
f 9863 9864 9865
f 9865 9864 9866
f 9865 9866 9867
f 9867 9866 9868
f 9867 9868 9869
f 9869 9868 9870
f 9869 9870 9871
f 9871 9870 9872
f 9871 9872 9873
f 9873 9872 9874
f 9874 9872 9875
f 9874 9875 9876
f 9876 9875 9877
f 9876 9877 9878
f 9878 9877 9879
f 9878 9879 9880
f 9880 9879 9881
f 9880 9881 9882
f 9882 9881 9883
f 9882 9883 9884
f 9884 9883 9885
f 9884 9885 9886
f 9886 9885 9887
f 9886 9887 9888
f 9886 9888 9889
f 9889 9888 9890
f 9889 9890 9891
f 9891 9890 9892
f 9891 9892 9893
f 9891 9893 9894
f 9894 9893 9895
f 9894 9895 9896
f 9896 9895 9897
f 9896 9897 9898
f 9898 9897 9899
f 9898 9899 9900
f 9900 9899 9901
f 9900 9901 9902
f 9902 9901 9903
f 9902 9903 9904
f 9904 9903 9905
f 9904 9905 9906
f 9906 9905 9907
f 9906 9907 9908
f 9909 9414 9910
f 9910 9414 9413
f 9910 9413 9412
f 9414 9909 9415
f 9415 9909 9911
f 9415 9911 9416
f 9416 9911 9912
f 9416 9912 9417
f 9417 9912 9913
f 9417 9913 9418
f 9418 9913 9914
f 9418 9914 9419
f 9419 9914 9915
f 9419 9915 9420
f 9420 9915 9916
f 9420 9916 9421
f 9421 9916 9917
f 9421 9917 9918
f 9421 9918 9422
f 9422 9918 9919
f 9422 9919 9423
f 9423 9919 9920
f 9423 9920 9424
f 9424 9920 9921
f 9424 9921 9425
f 9425 9921 9922
f 9425 9922 9426
f 9426 9922 9923
f 9426 9923 9427
f 9427 9923 9924
f 9427 9924 9428
f 9428 9924 9925
f 9428 9925 9397
f 9397 9925 9398
f 9398 9925 9926
f 9398 9926 9399
f 9399 9926 9927
f 9399 9927 9400
f 9400 9927 9928
f 9400 9928 9401
f 9401 9928 9929
f 9401 9929 9402
f 9402 9929 9930
f 9402 9930 9403
f 9403 9930 9931
f 9403 9931 9404
f 9404 9931 9932
f 9404 9932 9405
f 9405 9932 9933
f 9405 9933 9934
f 9405 9934 9406
f 9406 9934 9935
f 9406 9935 9407
f 9407 9935 9936
f 9407 9936 9408
f 9408 9936 9937
f 9408 9937 9409
f 9409 9937 9938
f 9409 9938 9410
f 9410 9938 9939
f 9410 9939 9411
f 9411 9939 9940
f 9411 9940 9412
f 9412 9940 9910
f 9941 9942 9943
f 9943 9942 9944
f 9944 9942 9945
f 9945 9942 9946
f 9947 9470 9948
f 9948 9470 9469
f 9948 9469 9949
f 9949 9469 9451
f 9949 9451 9450
f 9950 9453 9947
f 9947 9453 9452
f 9947 9452 9470
f 9453 9950 9454
f 9454 9950 9951
f 9454 9951 9455
f 9455 9951 9952
f 9455 9952 9456
f 9456 9952 9953
f 9456 9953 9457
f 9457 9953 9954
f 9457 9954 9955
f 9457 9955 9458
f 9458 9955 9956
f 9458 9956 9459
f 9459 9956 9957
f 9459 9957 9460
f 9460 9957 9958
f 9460 9958 9461
f 9461 9958 9959
f 9461 9959 9462
f 9462 9959 9960
f 9462 9960 9961
f 9462 9961 9463
f 9463 9961 9962
f 9463 9962 9464
f 9464 9962 9963
f 9464 9963 9465
f 9465 9963 9964
f 9465 9964 9466
f 9466 9964 9965
f 9466 9965 9467
f 9467 9965 9432
f 9467 9432 9431
f 9966 9434 9965
f 9965 9434 9433
f 9965 9433 9432
f 9434 9966 9435
f 9435 9966 9967
f 9435 9967 9436
f 9436 9967 9968
f 9436 9968 9437
f 9437 9968 9969
f 9437 9969 9438
f 9438 9969 9970
f 9438 9970 9439
f 9439 9970 9971
f 9439 9971 9972
f 9439 9972 9440
f 9440 9972 9973
f 9440 9973 9441
f 9441 9973 9974
f 9441 9974 9442
f 9442 9974 9975
f 9442 9975 9443
f 9443 9975 9976
f 9443 9976 9444
f 9444 9976 9977
f 9444 9977 9445
f 9445 9977 9978
f 9445 9978 9446
f 9446 9978 9979
f 9446 9979 9447
f 9447 9979 9980
f 9447 9980 9448
f 9448 9980 9981
f 9448 9981 9449
f 9449 9981 9450
f 9450 9981 9949
f 9451 9469 9429
f 9429 9469 9468
f 9429 9468 9430
f 9430 9468 9431
f 9431 9468 9467
f 9982 9983 9984
f 9984 9983 9985
f 9985 9983 9986
f 9985 9986 9987
f 9987 9986 9988
f 9987 9988 9989
f 9986 9990 9988
f 9988 9990 9991
f 9992 9993 9989
f 9989 9993 9987
f 9994 9995 9996
f 9996 9995 9473
f 9996 9473 9997
f 9997 9473 9472
f 9997 9472 9998
f 9998 9472 9471
f 9998 9471 9999
f 9999 9471 10000
f 9999 10000 10001
f 9995 10000 9473
f 9473 10000 9471
f 10002 10003 10004
f 10004 10003 10005
f 10004 10005 10006
f 10003 10002 10007
f 10007 10002 10008
f 10007 10008 10009
f 10009 10008 10010
f 10010 10008 10011
f 10010 10011 10012
f 10012 10011 10013
f 10012 10013 10014
f 10014 10013 10015
f 10014 10015 10016
f 10016 10015 10017
f 10016 10017 10018
f 10018 10017 10019
f 10018 10019 10020
f 10021 10022 10020
f 10020 10022 10018
f 10022 10023 10018
f 10018 10023 10024
f 10004 10006 10025
f 10025 10006 10026
f 10025 10026 10027
f 10027 10026 10028
f 10027 10028 10029
f 10029 10028 10030
f 10029 10030 10031
f 10031 10030 10032
f 10031 10032 10033
f 10033 10032 10034
f 10033 10034 10035
f 10035 10034 10036
f 10035 10036 10037
f 10037 10036 10038
f 10037 10038 10039
f 10039 10038 10040
f 10040 10038 10041
f 10040 10041 10042
f 10042 10043 10040
f 9483 9481 8937
f 8937 9481 8938
f 8938 9481 9479
f 8938 9479 8946
f 8946 9479 9477
f 8946 9477 8947
f 8947 9477 9475
f 8947 9475 8936
f 9493 9491 8398
f 8398 9491 8944
f 8944 9491 9488
f 8944 9488 8945
f 8945 9488 9485
f 8945 9485 8935
f 8935 9485 9483
f 8935 9483 8937
f 9494 9493 8396
f 8396 9493 8398
f 8394 9496 8396
f 8396 9496 9494
f 8384 9497 8394
f 8394 9497 9496
f 8383 9498 8384
f 8384 9498 9497
f 9505 9504 8894
f 8894 9504 8892
f 8892 9504 9498
f 8892 9498 8383
f 9503 9506 8899
f 8899 9506 8896
f 8896 9506 9505
f 8896 9505 8894
f 9501 9502 8903
f 8903 9502 8901
f 8901 9502 9503
f 8901 9503 8899
f 9499 9500 8908
f 8908 9500 8906
f 8906 9500 9501
f 8906 9501 8903
f 8915 9492 8908
f 8908 9492 9499
f 9487 9489 8919
f 8919 9489 8920
f 8920 9489 9490
f 8920 9490 8943
f 8943 9490 9492
f 8943 9492 8915
f 9484 9486 8942
f 8942 9486 8918
f 8918 9486 9487
f 8918 9487 8919
f 9480 9482 8940
f 8940 9482 8941
f 8941 9482 9484
f 8941 9484 8942
f 9476 9478 8865
f 8865 9478 8939
f 8939 9478 9480
f 8939 9480 8940
f 8403 9474 8865
f 8865 9474 9476
f 9495 9474 8401
f 8401 9474 8403
f 8936 9475 8401
f 8401 9475 9495
f 9507 9509 8399
f 8399 9509 8397
f 8400 9508 8399
f 8399 9508 9507
f 8395 9510 8400
f 8400 9510 9508
f 8397 9509 8395
f 8395 9509 9510
f 8421 9525 8891
f 8891 9525 9513
f 9529 9525 8934
f 8934 9525 8421
f 9526 9529 8933
f 8933 9529 8934
f 9531 9526 8932
f 8932 9526 8933
f 9545 9546 8928
f 8928 9546 8929
f 8929 9546 9547
f 8929 9547 8930
f 8930 9547 9540
f 8930 9540 8931
f 8931 9540 9531
f 8931 9531 8932
f 9541 9542 8924
f 8924 9542 8925
f 8925 9542 9543
f 8925 9543 8926
f 8926 9543 9544
f 8926 9544 8927
f 8927 9544 9545
f 8927 9545 8928
f 9536 9537 8860
f 8860 9537 8921
f 8921 9537 9538
f 8921 9538 8922
f 8922 9538 9539
f 8922 9539 8923
f 8923 9539 9541
f 8923 9541 8924
f 9532 9533 8867
f 8867 9533 8862
f 8862 9533 9534
f 8862 9534 8863
f 8863 9534 9535
f 8863 9535 8864
f 8864 9535 9536
f 8864 9536 8860
f 8866 9548 8867
f 8867 9548 9532
f 8917 9549 8866
f 8866 9549 9548
f 9530 9549 8916
f 8916 9549 8917
f 9527 9530 8914
f 8914 9530 8916
f 9512 9511 8910
f 8910 9511 8911
f 8911 9511 9550
f 8911 9550 8912
f 8912 9550 9528
f 8912 9528 8913
f 8913 9528 9527
f 8913 9527 8914
f 9517 9516 8904
f 8904 9516 8905
f 8905 9516 9515
f 8905 9515 8907
f 8907 9515 9514
f 8907 9514 8909
f 8909 9514 9512
f 8909 9512 8910
f 9521 9520 8897
f 8897 9520 8898
f 8898 9520 9519
f 8898 9519 8900
f 8900 9519 9518
f 8900 9518 8902
f 8902 9518 9517
f 8902 9517 8904
f 9513 9523 8891
f 8891 9523 8890
f 8890 9523 9524
f 8890 9524 8893
f 8893 9524 9522
f 8893 9522 8895
f 8895 9522 9521
f 8895 9521 8897
f 9556 9555 8874
f 8874 9555 8872
f 8872 9555 9554
f 8872 9554 8870
f 8876 9557 8874
f 8874 9557 9556
f 9559 9558 8879
f 8879 9558 8878
f 8878 9558 9557
f 8878 9557 8876
f 9561 9560 8883
f 8883 9560 8881
f 8881 9560 9559
f 8881 9559 8879
f 9563 9562 8885
f 8885 9562 8884
f 8884 9562 9561
f 8884 9561 8883
f 9565 9564 8887
f 8887 9564 8886
f 8886 9564 9563
f 8886 9563 8885
f 8385 9566 8887
f 8887 9566 9565
f 9574 9573 8387
f 8387 9573 8386
f 8386 9573 9566
f 8386 9566 8385
f 9571 9572 8389
f 8389 9572 8388
f 8388 9572 9574
f 8388 9574 8387
f 9569 9570 8391
f 8391 9570 8390
f 8390 9570 9571
f 8390 9571 8389
f 9567 9568 8393
f 8393 9568 8392
f 8392 9568 9569
f 8392 9569 8391
f 8402 9575 8393
f 8393 9575 9567
f 9577 9576 8405
f 8405 9576 8404
f 8404 9576 9575
f 8404 9575 8402
f 9579 9578 8407
f 8407 9578 8406
f 8406 9578 9577
f 8406 9577 8405
f 9581 9580 8409
f 8409 9580 8408
f 8408 9580 9579
f 8408 9579 8407
f 9583 9582 8411
f 8411 9582 8410
f 8410 9582 9581
f 8410 9581 8409
f 8413 9584 8411
f 8411 9584 9583
f 9586 9585 8416
f 8416 9585 8414
f 8414 9585 9584
f 8414 9584 8413
f 9552 9551 8888
f 8888 9551 8417
f 8417 9551 9586
f 8417 9586 8416
f 9554 9553 8870
f 8870 9553 8868
f 8868 9553 9552
f 8868 9552 8888
f 9588 8412 9587
f 9587 8412 8861
f 8442 9589 8443
f 8443 9589 9590
f 8443 9590 8444
f 8444 9590 9591
f 8444 9591 8855
f 8855 9591 9592
f 8855 9592 8440
f 8440 9592 9593
f 8440 9593 8441
f 8441 9593 9594
f 8441 9594 8459
f 8459 9594 9595
f 8459 9595 8446
f 8446 9595 9596
f 8446 9596 8448
f 8448 9596 9597
f 8448 9597 8450
f 8450 9597 9598
f 8450 9598 8453
f 8453 9598 9599
f 8453 9599 8455
f 8455 9599 9600
f 8455 9600 8456
f 8456 9600 9601
f 8456 9601 8457
f 8457 9601 9602
f 8457 9602 8423
f 8423 9602 9603
f 8423 9603 8422
f 8422 9603 9604
f 8422 9604 8856
f 8856 9604 9605
f 8856 9605 8857
f 8857 9605 9606
f 8857 9606 8858
f 8858 9606 9607
f 8858 9607 8859
f 8859 9607 9608
f 8859 9608 8861
f 8861 9608 9587
f 9589 8442 9609
f 9609 8442 8810
f 8412 9588 8415
f 8415 9588 9610
f 8415 9610 8418
f 8418 9610 9611
f 8418 9611 8420
f 8420 9611 9612
f 8420 9612 8368
f 8368 9612 9613
f 8368 9613 8369
f 8369 9613 9614
f 8369 9614 8849
f 8849 9614 9615
f 8849 9615 8848
f 8848 9615 9616
f 8848 9616 8846
f 8846 9616 9617
f 8846 9617 8843
f 8843 9617 9618
f 8843 9618 8839
f 8839 9618 9619
f 8839 9619 8836
f 8836 9619 9620
f 8836 9620 8832
f 8832 9620 9621
f 8832 9621 8829
f 8829 9621 9622
f 8829 9622 8826
f 8826 9622 9623
f 8826 9623 8823
f 8823 9623 9624
f 8823 9624 8815
f 8815 9624 9625
f 8815 9625 8813
f 8813 9625 9626
f 8813 9626 8811
f 8811 9626 9627
f 8811 9627 8809
f 8809 9627 9628
f 8809 9628 8810
f 8810 9628 9609
f 8553 9629 8542
f 8542 9629 9631
f 9630 9629 8854
f 8854 9629 8553
f 8853 9633 8854
f 8854 9633 9630
f 9637 9633 8552
f 8552 9633 8853
f 8850 9638 8552
f 8552 9638 9637
f 9635 9638 8852
f 8852 9638 8850
f 8851 9636 8852
f 8852 9636 9635
f 9639 9636 8523
f 8523 9636 8851
f 8522 9640 8523
f 8523 9640 9639
f 9634 9640 8548
f 8548 9640 8522
f 9632 9634 8544
f 8544 9634 8548
f 9631 9632 8542
f 8542 9632 8544
f 9656 9658 8818
f 8818 9658 8816
f 9642 9656 8820
f 8820 9656 8818
f 9644 9642 8551
f 8551 9642 8820
f 8841 9643 8842
f 8842 9643 9659
f 8842 9659 8844
f 8844 9659 9661
f 8844 9661 8845
f 8845 9661 9663
f 8845 9663 8847
f 8847 9663 9664
f 8847 9664 8362
f 8362 9664 9662
f 8362 9662 8520
f 8520 9662 9660
f 8520 9660 8550
f 8550 9660 9645
f 8550 9645 8551
f 8551 9645 9644
f 8835 9641 8837
f 8837 9641 8838
f 8838 9641 9643
f 8838 9643 8840
f 8840 9643 8841
f 9653 9652 8825
f 8825 9652 8827
f 8827 9652 9651
f 8827 9651 8828
f 8828 9651 9650
f 8828 9650 8830
f 8830 9650 9649
f 8830 9649 8831
f 8831 9649 9648
f 8831 9648 9647
f 8831 9647 8833
f 8833 9647 9646
f 8833 9646 8834
f 8834 9646 9641
f 8834 9641 8835
f 8816 9658 8817
f 8817 9658 9657
f 8817 9657 8822
f 8822 9657 9655
f 8822 9655 8824
f 8824 9655 9654
f 8824 9654 8825
f 8825 9654 9653
f 9668 9666 8546
f 8546 9666 8545
f 9670 9668 8547
f 8547 9668 8546
f 9669 9670 8549
f 8549 9670 8547
f 9671 9669 8735
f 8735 9669 8549
f 9672 9671 8741
f 8741 9671 8735
f 9667 9672 8744
f 8744 9672 8741
f 9665 9667 8778
f 8778 9667 8744
f 9666 9665 8545
f 8545 9665 8778
f 9689 9691 8821
f 8821 9691 8733
f 9675 9689 8819
f 8819 9689 8821
f 9692 9675 8814
f 8814 9675 8819
f 8788 9673 8789
f 8789 9673 9694
f 8789 9694 8543
f 8543 9694 9696
f 8543 9696 8499
f 8499 9696 9698
f 8499 9698 8806
f 8806 9698 9699
f 8806 9699 8807
f 8807 9699 9697
f 8807 9697 8808
f 8808 9697 9695
f 8808 9695 8812
f 8812 9695 9693
f 8812 9693 8814
f 8814 9693 9692
f 8791 9674 8792
f 8792 9674 8793
f 8793 9674 9673
f 8793 9673 8805
f 8805 9673 8788
f 8802 9678 8798
f 8798 9678 9677
f 8798 9677 9676
f 8798 9676 8794
f 8794 9676 9674
f 8794 9674 8791
f 9686 9685 8722
f 8722 9685 8719
f 8719 9685 9684
f 8719 9684 8716
f 8716 9684 9683
f 8716 9683 8712
f 8712 9683 9682
f 8712 9682 8709
f 8709 9682 9681
f 8709 9681 9680
f 8709 9680 8707
f 8707 9680 9679
f 8707 9679 8804
f 8804 9679 9678
f 8804 9678 8802
f 8733 9691 8731
f 8731 9691 9690
f 8731 9690 8729
f 8729 9690 9688
f 8729 9688 8725
f 8725 9688 9687
f 8725 9687 8722
f 8722 9687 9686
f 9787 9789 8734
f 8734 9789 8736
f 8736 9789 9791
f 8736 9791 8737
f 8737 9791 9794
f 8737 9794 8738
f 8738 9794 9796
f 8738 9796 8739
f 8739 9796 9798
f 8739 9798 8740
f 8740 9798 9800
f 8740 9800 8742
f 8742 9800 9802
f 8742 9802 8743
f 8743 9802 9803
f 8743 9803 8745
f 9776 9778 8726
f 8726 9778 8727
f 8727 9778 9780
f 8727 9780 8728
f 8728 9780 9783
f 8728 9783 8730
f 8730 9783 9785
f 8730 9785 8732
f 8732 9785 9787
f 8732 9787 8734
f 8720 9770 8721
f 8721 9770 9772
f 8721 9772 8723
f 8723 9772 9773
f 8723 9773 8724
f 8724 9773 9775
f 8724 9775 8726
f 8726 9775 9776
f 8720 8718 9770
f 9770 8718 9768
f 9768 8718 8717
f 9768 8717 9766
f 9766 8717 8715
f 9766 8715 9765
f 9765 8715 8714
f 9765 8714 9763
f 9763 8714 9761
f 9761 8714 8713
f 9761 8713 8711
f 9761 8711 9758
f 9758 8711 8710
f 9758 8710 9756
f 9756 8710 8706
f 9756 8706 9754
f 9754 8706 8704
f 9754 8704 9751
f 8686 9739 8699
f 8699 9739 9744
f 8699 9744 8700
f 8700 9744 9743
f 8700 9743 9747
f 8700 9747 8701
f 8701 9747 9746
f 8701 9746 8702
f 8702 9746 9750
f 8702 9750 8703
f 8703 9750 9749
f 8703 9749 8705
f 8705 9749 9751
f 8705 9751 8704
f 9736 9739 8685
f 8685 9739 8686
f 9718 9720 8698
f 8698 9720 8696
f 8696 9720 9722
f 8696 9722 8695
f 8695 9722 9724
f 8695 9724 8693
f 8693 9724 9726
f 8693 9726 8691
f 8691 9726 9727
f 8691 9727 8689
f 8689 9727 9729
f 8689 9729 8687
f 8687 9729 9731
f 8687 9731 8681
f 8681 9731 9733
f 8681 9733 8683
f 8683 9733 9734
f 8683 9734 8685
f 8685 9734 9736
f 9702 9704 8682
f 8682 9704 8680
f 8680 9704 9706
f 8680 9706 8688
f 8688 9706 9708
f 8688 9708 8690
f 8690 9708 9714
f 8690 9714 8692
f 8692 9714 9713
f 8692 9713 8694
f 8694 9713 9715
f 8694 9715 8697
f 8697 9715 9717
f 8697 9717 9718
f 9718 8698 8697
f 8682 8684 9702
f 9702 8684 9700
f 9711 9700 8708
f 8708 9700 8684
f 9701 9711 8803
f 8803 9711 8708
f 9716 9712 8790
f 8790 9712 8795
f 8795 9712 9710
f 8795 9710 8796
f 8796 9710 9709
f 8796 9709 8797
f 8797 9709 9707
f 8797 9707 8799
f 8799 9707 9705
f 8799 9705 8800
f 8800 9705 9703
f 8800 9703 8801
f 8801 9703 9701
f 8801 9701 8803
f 9719 9716 8787
f 8787 9716 8790
f 8779 9737 8780
f 8780 9737 9735
f 8780 9735 8781
f 8781 9735 9732
f 8781 9732 8782
f 8782 9732 9730
f 8782 9730 9728
f 8782 9728 8783
f 8783 9728 9725
f 8783 9725 8784
f 8784 9725 9723
f 8784 9723 8785
f 8785 9723 9721
f 8785 9721 8786
f 8786 9721 9719
f 8786 9719 8787
f 9738 9737 8777
f 8777 9737 8779
f 8749 9752 8748
f 8748 9752 9748
f 8748 9748 8747
f 8747 9748 9745
f 8747 9745 9742
f 8747 9742 8746
f 8746 9742 9741
f 8746 9741 8775
f 8775 9741 9740
f 8775 9740 8776
f 8776 9740 9738
f 8776 9738 8777
f 8755 9769 8754
f 8754 9769 9767
f 8754 9767 8753
f 8753 9767 9764
f 8753 9764 8752
f 8752 9764 9762
f 8752 9762 8751
f 8751 9762 9760
f 8751 9760 9759
f 8751 9759 8771
f 8771 9759 9757
f 8771 9757 8772
f 8772 9757 9755
f 8772 9755 8773
f 8773 9755 9753
f 8773 9753 8774
f 8774 9753 9752
f 8774 9752 8749
f 9779 9777 8760
f 8760 9777 8759
f 8759 9777 9774
f 8759 9774 8757
f 8757 9774 9771
f 8757 9771 8756
f 8756 9771 9769
f 8756 9769 8755
f 8769 9788 8770
f 8770 9788 9786
f 8770 9786 8766
f 8766 9786 9784
f 8766 9784 8764
f 8764 9784 9782
f 8764 9782 8762
f 8762 9782 9781
f 8762 9781 8760
f 8760 9781 9779
f 8750 9801 8758
f 8758 9801 9799
f 8758 9799 8761
f 8761 9799 9797
f 8761 9797 8763
f 8763 9797 9795
f 8763 9795 9793
f 8763 9793 8765
f 8765 9793 9792
f 8765 9792 8767
f 8767 9792 9790
f 8767 9790 8768
f 8768 9790 9788
f 8768 9788 8769
f 9803 9801 8745
f 8745 9801 8750
f 8676 9854 8652
f 8652 9854 9852
f 8652 9852 9850
f 8652 9850 8480
f 8480 9850 9848
f 8480 9848 8479
f 8479 9848 8477
f 8477 9848 9846
f 8477 9846 8476
f 8476 9846 9844
f 8476 9844 8475
f 8475 9844 9842
f 8475 9842 8474
f 8474 9842 9840
f 8474 9840 8472
f 8657 9872 8658
f 8658 9872 9870
f 8658 9870 8674
f 8674 9870 9868
f 8674 9868 8675
f 8675 9868 9866
f 8675 9866 8653
f 8653 9866 9864
f 8653 9864 8654
f 8654 9864 9862
f 8654 9862 8677
f 8677 9862 9860
f 8677 9860 8678
f 8678 9860 9858
f 8678 9858 8679
f 8679 9858 9856
f 8679 9856 8676
f 8676 9856 9854
f 9881 9879 8662
f 8662 9879 8661
f 8661 9879 9877
f 8661 9877 8659
f 8659 9877 9875
f 8659 9875 8656
f 8656 9875 9872
f 8656 9872 8657
f 9890 9888 8673
f 8673 9888 8670
f 8670 9888 9887
f 8670 9887 8668
f 8668 9887 9885
f 8668 9885 8666
f 8666 9885 9883
f 8666 9883 8667
f 8667 9883 9881
f 8667 9881 8662
f 9892 9890 8672
f 8672 9890 8673
f 9899 9897 8664
f 8664 9897 8665
f 8665 9897 9895
f 8665 9895 8669
f 8669 9895 9893
f 8669 9893 8671
f 8671 9893 9892
f 8671 9892 8672
f 8655 9905 8660
f 8660 9905 9903
f 8660 9903 8663
f 8663 9903 9901
f 8663 9901 8664
f 8664 9901 9899
f 9907 9905 8651
f 8651 9905 8655
f 9908 9907 8482
f 8482 9907 8651
f 9906 9908 8484
f 8484 9908 8482
f 9891 9894 8357
f 8357 9894 8493
f 8493 9894 9896
f 8493 9896 8491
f 8491 9896 9898
f 8491 9898 8490
f 8490 9898 9900
f 8490 9900 8488
f 8488 9900 9902
f 8488 9902 8487
f 8487 9902 9904
f 8487 9904 8485
f 8485 9904 9906
f 8485 9906 8484
f 8616 9880 8614
f 8614 9880 9882
f 8614 9882 8612
f 8612 9882 9884
f 8612 9884 8609
f 8609 9884 9886
f 8609 9886 8559
f 8559 9886 9889
f 8559 9889 8357
f 8357 9889 9891
f 9873 9874 8624
f 8624 9874 8622
f 8622 9874 9876
f 8622 9876 8621
f 8621 9876 9878
f 8621 9878 8619
f 8619 9878 9880
f 8619 9880 8616
f 9855 9857 8599
f 8599 9857 8597
f 8597 9857 9859
f 8597 9859 8595
f 8595 9859 9861
f 8595 9861 8593
f 8593 9861 8591
f 8591 9861 9863
f 8591 9863 8632
f 8632 9863 9865
f 8632 9865 8631
f 8631 9865 9867
f 8631 9867 8629
f 8629 9867 9869
f 8629 9869 8626
f 8626 9869 9871
f 8626 9871 9873
f 9873 8624 8626
f 8330 9841 8607
f 8607 9841 9843
f 8607 9843 8606
f 8606 9843 9845
f 8606 9845 8605
f 8605 9845 9847
f 8605 9847 8604
f 8604 9847 9849
f 8604 9849 8602
f 8602 9849 9851
f 8602 9851 8601
f 8601 9851 9853
f 8601 9853 8600
f 8600 9853 9855
f 8600 9855 8599
f 9832 9834 8337
f 8337 9834 8335
f 8335 9834 9836
f 8335 9836 8333
f 8333 9836 9838
f 8333 9838 8331
f 8331 9838 9841
f 8331 9841 8330
f 8650 9823 8649
f 8649 9823 9824
f 8649 9824 8647
f 8647 9824 9826
f 8647 9826 8340
f 8340 9826 9828
f 8340 9828 8339
f 8339 9828 9830
f 8339 9830 8337
f 8337 9830 9832
f 8332 9805 8334
f 8334 9805 9809
f 8334 9809 9811
f 8334 9811 8336
f 8336 9811 9813
f 8336 9813 8338
f 8338 9813 9815
f 8338 9815 8341
f 8341 9815 9817
f 8341 9817 8342
f 8342 9817 9819
f 8342 9819 8648
f 8648 9819 9821
f 8648 9821 8650
f 8650 9821 9823
f 9807 9805 8329
f 8329 9805 8332
f 9808 9807 8327
f 8327 9807 8329
f 9806 9808 8325
f 8325 9808 8327
f 8309 9822 8311
f 8311 9822 9820
f 8311 9820 8313
f 8313 9820 9818
f 8313 9818 8315
f 8315 9818 9816
f 8315 9816 8317
f 8317 9816 9814
f 8317 9814 8319
f 8319 9814 9812
f 8319 9812 8321
f 8321 9812 9810
f 8321 9810 9804
f 8321 9804 8323
f 8323 9804 9806
f 8323 9806 8325
f 9833 9831 8466
f 8466 9831 8464
f 8464 9831 9829
f 8464 9829 8463
f 8463 9829 9827
f 8463 9827 8462
f 8462 9827 9825
f 8462 9825 8343
f 8343 9825 9822
f 8343 9822 8309
f 9840 9839 8472
f 8472 9839 8471
f 8471 9839 9837
f 8471 9837 8469
f 8469 9837 9835
f 8469 9835 8467
f 8467 9835 9833
f 8467 9833 8466
f 8363 9925 8364
f 8364 9925 9924
f 8364 9924 8365
f 8365 9924 9923
f 8365 9923 8637
f 8637 9923 9922
f 8637 9922 8638
f 8638 9922 9921
f 9929 9928 8573
f 8573 9928 8568
f 8568 9928 9927
f 8568 9927 8569
f 8569 9927 9926
f 8569 9926 8570
f 8570 9926 9925
f 8570 9925 8363
f 8578 9933 8576
f 8576 9933 9932
f 8576 9932 8574
f 8574 9932 9931
f 8574 9931 8572
f 8572 9931 9930
f 8572 9930 8573
f 8573 9930 9929
f 9937 9936 8586
f 8586 9936 8584
f 8584 9936 9935
f 8584 9935 8582
f 8582 9935 9934
f 8582 9934 8580
f 8580 9934 9933
f 8580 9933 8578
f 8564 9910 8565
f 8565 9910 9940
f 8565 9940 8588
f 8588 9940 9939
f 8588 9939 8587
f 8587 9939 9938
f 8587 9938 8586
f 8586 9938 9937
f 9913 9912 8643
f 8643 9912 8644
f 8644 9912 9911
f 8644 9911 8645
f 8645 9911 9909
f 8645 9909 8646
f 8646 9909 9910
f 8646 9910 8564
f 8633 9917 8634
f 8634 9917 9916
f 8634 9916 8635
f 8635 9916 9915
f 8635 9915 8642
f 8642 9915 9914
f 8642 9914 8643
f 8643 9914 9913
f 9921 9920 8638
f 8638 9920 8639
f 8639 9920 9919
f 8639 9919 8640
f 8640 9919 9918
f 8640 9918 8641
f 8641 9918 9917
f 8641 9917 8633
f 9942 9941 8636
f 8636 9941 8554
f 9946 9942 8361
f 8361 9942 8636
f 9945 9946 8360
f 8360 9946 8361
f 9944 9945 8303
f 8303 9945 8360
f 9943 9944 8304
f 8304 9944 8303
f 8554 9941 8304
f 8304 9941 9943
f 9969 9968 8627
f 8627 9968 8628
f 8628 9968 9967
f 8628 9967 8630
f 8630 9967 9966
f 8630 9966 8589
f 8589 9966 9965
f 8589 9965 8590
f 9973 9972 8618
f 8618 9972 8620
f 8620 9972 9971
f 8620 9971 8623
f 8623 9971 9970
f 8623 9970 8625
f 8625 9970 9969
f 8625 9969 8627
f 9981 9980 8558
f 8558 9980 8560
f 8560 9980 9979
f 8560 9979 8561
f 8561 9979 9978
f 8561 9978 8610
f 8610 9978 9977
f 8610 9977 8611
f 8611 9977 9976
f 8611 9976 8613
f 8613 9976 9975
f 8613 9975 8615
f 8615 9975 9974
f 8615 9974 8617
f 8617 9974 9973
f 8617 9973 8618
f 9949 9981 8557
f 8557 9981 8558
f 9948 9949 8562
f 8562 9949 8557
f 9947 9948 8310
f 8310 9948 8562
f 9957 9956 8326
f 8326 9956 8324
f 8324 9956 9955
f 8324 9955 8322
f 8322 9955 9954
f 8322 9954 8320
f 8320 9954 9953
f 8320 9953 8318
f 8318 9953 9952
f 8318 9952 8316
f 8316 9952 9951
f 8316 9951 8314
f 8314 9951 9950
f 8314 9950 8312
f 8312 9950 9947
f 8312 9947 8310
f 8590 9965 8592
f 8592 9965 9964
f 8592 9964 8594
f 8594 9964 9963
f 8594 9963 8596
f 8596 9963 9962
f 8596 9962 8598
f 8598 9962 9961
f 8598 9961 8603
f 8603 9961 9960
f 8603 9960 8608
f 8608 9960 9959
f 8608 9959 8328
f 8328 9959 9958
f 8328 9958 8326
f 8326 9958 9957
f 8585 9982 8563
f 8563 9982 9984
f 9983 9982 8583
f 8583 9982 8585
f 8581 9986 8583
f 8583 9986 9983
f 9990 9986 8579
f 8579 9986 8581
f 8577 9991 8579
f 8579 9991 9990
f 9988 9991 8575
f 8575 9991 8577
f 8571 9989 8575
f 8575 9989 9988
f 9992 9989 8567
f 8567 9989 8571
f 8566 9993 8567
f 8567 9993 9992
f 9987 9993 8510
f 8510 9993 8566
f 9985 9987 8501
f 8501 9987 8510
f 9984 9985 8563
f 8563 9985 8501
f 9994 9996 8306
f 8306 9996 8555
f 9995 9994 8308
f 8308 9994 8306
f 10000 9995 8307
f 8307 9995 8308
f 10001 10000 8305
f 8305 10000 8307
f 9999 10001 8556
f 8556 10001 8305
f 9998 9999 8358
f 8358 9999 8556
f 9997 9998 8359
f 8359 9998 8358
f 9996 9997 8555
f 8555 9997 8359
f 10023 10022 8498
f 8498 10022 8496
f 10024 10023 8500
f 8500 10023 8498
f 10018 10024 8502
f 8502 10024 8500
f 10005 10003 8511
f 8511 10003 8509
f 8509 10003 10007
f 8509 10007 8508
f 8508 10007 10009
f 8508 10009 8507
f 8507 10009 10010
f 8507 10010 8506
f 8506 10010 10012
f 8506 10012 8505
f 8505 10012 10014
f 8505 10014 8504
f 8504 10014 10016
f 8504 10016 8503
f 8503 10016 10018
f 8503 10018 8502
f 8519 10038 8518
f 8518 10038 10036
f 8518 10036 8517
f 8517 10036 10034
f 8517 10034 8516
f 8516 10034 10032
f 8516 10032 8515
f 8515 10032 10030
f 8515 10030 8514
f 8514 10030 10028
f 8514 10028 8513
f 8513 10028 10026
f 8513 10026 8512
f 8512 10026 10006
f 8512 10006 8511
f 8511 10006 10005
f 10041 10038 8521
f 8521 10038 8519
f 10042 10041 8541
f 8541 10041 8521
f 10043 10042 8497
f 8497 10042 8541
f 10040 10043 8495
f 8495 10043 8497
f 10039 10040 8540
f 8540 10040 8495
f 10004 10025 8532
f 8532 10025 8533
f 8533 10025 10027
f 8533 10027 8534
f 8534 10027 10029
f 8534 10029 8535
f 8535 10029 10031
f 8535 10031 8536
f 8536 10031 10033
f 8536 10033 8537
f 8537 10033 10035
f 8537 10035 8538
f 8538 10035 10037
f 8538 10037 8539
f 8539 10037 10039
f 8539 10039 8540
f 8524 10020 8528
f 8528 10020 10019
f 8528 10019 8525
f 8525 10019 10017
f 8525 10017 8526
f 8526 10017 10015
f 8526 10015 8527
f 8527 10015 10013
f 8527 10013 8529
f 8529 10013 10011
f 8529 10011 8530
f 8530 10011 10008
f 8530 10008 8531
f 8531 10008 10002
f 8531 10002 8532
f 8532 10002 10004
f 10021 10020 8494
f 8494 10020 8524
f 10022 10021 8496
f 8496 10021 8494
f 10044 10045 10046
f 10046 10045 10047
f 10046 10047 10048
f 10048 10047 10049
f 10048 10049 10050
f 10050 10049 10051
f 10050 10051 10052
f 10052 10051 10053
f 10052 10053 10054
f 10054 10053 10055
f 10054 10055 10056
f 10056 10055 10057
f 10056 10057 10058
f 10058 10057 10059
f 10058 10059 10060
f 10060 10059 10061
f 10060 10061 10062
f 10062 10061 10063
f 10062 10063 10064
f 10064 10063 10065
f 10064 10065 10066
f 10066 10065 10067
f 10066 10067 10068
f 10068 10067 10069
f 10068 10069 10070
f 10070 10069 10071
f 10070 10071 10072
f 10072 10071 10073
f 10072 10073 10074
f 10074 10073 10075
f 10074 10075 10076
f 10076 10075 10077
f 10076 10077 10078
f 10078 10077 10079
f 10078 10079 10080
f 10080 10079 10081
f 10080 10081 10082
f 10082 10081 10083
f 10082 10083 10084
f 10084 10083 10085
f 10084 10085 10086
f 10086 10085 10087
f 10086 10087 10088
f 10088 10087 10089
f 10088 10089 10090
f 10090 10089 10091
f 10090 10091 10044
f 10044 10091 10045
f 10069 10049 10071
f 10071 10049 10047
f 10071 10047 10073
f 10073 10047 10045
f 10073 10045 10075
f 10075 10045 10091
f 10075 10091 10077
f 10077 10091 10089
f 10077 10089 10079
f 10079 10089 10087
f 10079 10087 10081
f 10081 10087 10085
f 10081 10085 10083
f 10049 10069 10051
f 10051 10069 10067
f 10051 10067 10053
f 10053 10067 10065
f 10053 10065 10055
f 10055 10065 10063
f 10055 10063 10057
f 10057 10063 10061
f 10057 10061 10059
f 10048 10068 10046
f 10046 10068 10070
f 10046 10070 10044
f 10044 10070 10072
f 10044 10072 10090
f 10090 10072 10074
f 10090 10074 10088
f 10088 10074 10076
f 10088 10076 10086
f 10086 10076 10078
f 10086 10078 10084
f 10084 10078 10080
f 10084 10080 10082
f 10068 10048 10066
f 10066 10048 10050
f 10066 10050 10064
f 10064 10050 10052
f 10064 10052 10062
f 10062 10052 10054
f 10062 10054 10060
f 10060 10054 10056
f 10060 10056 10058
f 10092 10093 10094
f 10094 10093 10095
f 10094 10095 10096
f 10096 10095 10097
f 10096 10097 10098
f 10098 10097 10099
f 10098 10099 10100
f 10100 10099 10101
f 10100 10101 10102
f 10102 10101 10103
f 10102 10103 10104
f 10104 10103 10105
f 10104 10105 10106
f 10106 10105 10107
f 10106 10107 10108
f 10108 10107 10109
f 10108 10109 10110
f 10110 10109 10111
f 10110 10111 10112
f 10112 10111 10113
f 10112 10113 10114
f 10114 10113 10115
f 10114 10115 10116
f 10116 10115 10117
f 10116 10117 10118
f 10118 10117 10119
f 10118 10119 10120
f 10120 10119 10121
f 10120 10121 10122
f 10122 10121 10123
f 10122 10123 10124
f 10124 10123 10125
f 10124 10125 10126
f 10126 10125 10127
f 10126 10127 10128
f 10128 10127 10129
f 10128 10129 10130
f 10130 10129 10131
f 10130 10131 10132
f 10132 10131 10133
f 10132 10133 10134
f 10134 10133 10135
f 10134 10135 10136
f 10136 10135 10137
f 10136 10137 10138
f 10138 10137 10139
f 10138 10139 10140
f 10140 10139 10141
f 10140 10141 10142
f 10142 10141 10143
f 10142 10143 10144
f 10144 10143 10145
f 10144 10145 10146
f 10146 10145 10147
f 10146 10147 10148
f 10148 10147 10149
f 10148 10149 10150
f 10150 10149 10151
f 10150 10151 10152
f 10152 10151 10153
f 10152 10153 10154
f 10154 10153 10155
f 10154 10155 10156
f 10156 10155 10157
f 10156 10157 10158
f 10158 10157 10159
f 10158 10159 10160
f 10160 10159 10161
f 10160 10161 10162
f 10162 10161 10163
f 10162 10163 10164
f 10164 10163 10165
f 10164 10165 10166
f 10166 10165 10167
f 10166 10167 10168
f 10168 10167 10169
f 10168 10169 10170
f 10170 10169 10171
f 10170 10171 10172
f 10172 10171 10173
f 10172 10173 10174
f 10174 10173 10175
f 10174 10175 10176
f 10176 10175 10177
f 10176 10177 10178
f 10178 10177 10179
f 10178 10179 10180
f 10180 10179 10181
f 10180 10181 10182
f 10182 10181 10183
f 10182 10183 10184
f 10184 10183 10185
f 10184 10185 10186
f 10186 10185 10187
f 10186 10187 10188
f 10188 10187 10189
f 10188 10189 10190
f 10190 10189 10191
f 10190 10191 10192
f 10192 10191 10193
f 10192 10193 10092
f 10092 10193 10093
f 10094 10096 10092
f 10092 10096 10192
f 10192 10096 10098
f 10192 10098 10190
f 10190 10098 10188
f 10188 10098 10186
f 10186 10098 10184
f 10184 10098 10182
f 10182 10098 10180
f 10180 10098 10178
f 10178 10098 10176
f 10176 10098 10174
f 10174 10098 10172
f 10172 10098 10170
f 10170 10098 10168
f 10168 10098 10166
f 10166 10098 10164
f 10164 10098 10162
f 10162 10098 10160
f 10160 10098 10158
f 10158 10098 10156
f 10156 10098 10154
f 10154 10098 10152
f 10152 10098 10150
f 10150 10098 10148
f 10148 10098 10146
f 10146 10098 10144
f 10144 10098 10142
f 10142 10098 10140
f 10140 10098 10100
f 10140 10100 10138
f 10138 10100 10102
f 10138 10102 10136
f 10136 10102 10104
f 10136 10104 10134
f 10134 10104 10106
f 10134 10106 10132
f 10132 10106 10108
f 10132 10108 10130
f 10130 10108 10110
f 10130 10110 10128
f 10128 10110 10112
f 10128 10112 10126
f 10126 10112 10114
f 10126 10114 10124
f 10124 10114 10116
f 10124 10116 10122
f 10122 10116 10118
f 10122 10118 10120
f 10093 10193 10095
f 10095 10193 10191
f 10095 10191 10097
f 10097 10191 10189
f 10097 10189 10187
f 10187 10185 10097
f 10097 10185 10183
f 10097 10183 10181
f 10181 10179 10097
f 10097 10179 10177
f 10097 10177 10175
f 10175 10173 10097
f 10097 10173 10171
f 10097 10171 10169
f 10169 10167 10097
f 10097 10167 10165
f 10097 10165 10163
f 10163 10161 10097
f 10097 10161 10159
f 10097 10159 10157
f 10157 10155 10097
f 10097 10155 10153
f 10097 10153 10151
f 10151 10149 10097
f 10097 10149 10147
f 10097 10147 10145
f 10145 10143 10097
f 10097 10143 10141
f 10097 10141 10139
f 10097 10139 10099
f 10099 10139 10137
f 10099 10137 10101
f 10101 10137 10135
f 10101 10135 10103
f 10103 10135 10133
f 10103 10133 10105
f 10105 10133 10131
f 10105 10131 10107
f 10107 10131 10129
f 10107 10129 10109
f 10109 10129 10127
f 10109 10127 10111
f 10111 10127 10125
f 10111 10125 10113
f 10113 10125 10123
f 10113 10123 10115
f 10115 10123 10121
f 10115 10121 10117
f 10117 10121 10119
f 10194 10195 10196
f 10196 10195 10197
f 10196 10197 10198
f 10198 10197 10199
f 10198 10199 10200
f 10200 10199 10201
f 10200 10201 10202
f 10202 10201 10203
f 10202 10203 10204
f 10204 10203 10205
f 10204 10205 10206
f 10206 10205 10207
f 10206 10207 10208
f 10208 10207 10209
f 10208 10209 10210
f 10210 10209 10211
f 10210 10211 10212
f 10212 10211 10213
f 10212 10213 10214
f 10214 10213 10215
f 10214 10215 10216
f 10216 10215 10217
f 10216 10217 10218
f 10218 10217 10219
f 10218 10219 10220
f 10220 10219 10221
f 10220 10221 10222
f 10222 10221 10223
f 10222 10223 10224
f 10224 10223 10225
f 10224 10225 10226
f 10226 10225 10227
f 10226 10227 10228
f 10228 10227 10229
f 10228 10229 10230
f 10230 10229 10231
f 10230 10231 10232
f 10232 10231 10233
f 10232 10233 10234
f 10234 10233 10235
f 10234 10235 10236
f 10236 10235 10237
f 10236 10237 10238
f 10238 10237 10239
f 10238 10239 10240
f 10240 10239 10241
f 10240 10241 10242
f 10242 10241 10243
f 10242 10243 10244
f 10244 10243 10245
f 10244 10245 10246
f 10246 10245 10247
f 10246 10247 10248
f 10248 10247 10249
f 10248 10249 10250
f 10250 10249 10251
f 10250 10251 10252
f 10252 10251 10253
f 10252 10253 10254
f 10254 10253 10255
f 10254 10255 10256
f 10256 10255 10257
f 10256 10257 10258
f 10258 10257 10259
f 10258 10259 10260
f 10260 10259 10261
f 10260 10261 10262
f 10262 10261 10263
f 10262 10263 10264
f 10264 10263 10265
f 10264 10265 10266
f 10266 10265 10267
f 10266 10267 10268
f 10268 10267 10269
f 10268 10269 10270
f 10270 10269 10271
f 10270 10271 10272
f 10272 10271 10273
f 10272 10273 10274
f 10274 10273 10275
f 10274 10275 10276
f 10276 10275 10277
f 10276 10277 10278
f 10278 10277 10279
f 10278 10279 10280
f 10280 10279 10281
f 10280 10281 10282
f 10282 10281 10283
f 10282 10283 10284
f 10284 10283 10285
f 10284 10285 10286
f 10286 10285 10287
f 10286 10287 10288
f 10288 10287 10289
f 10288 10289 10290
f 10290 10289 10291
f 10290 10291 10292
f 10292 10291 10293
f 10292 10293 10294
f 10294 10293 10295
f 10294 10295 10194
f 10194 10295 10195
f 10196 10198 10194
f 10194 10198 10294
f 10294 10198 10200
f 10294 10200 10292
f 10292 10200 10290
f 10290 10200 10288
f 10288 10200 10286
f 10286 10200 10284
f 10284 10200 10282
f 10282 10200 10280
f 10280 10200 10278
f 10278 10200 10276
f 10276 10200 10274
f 10274 10200 10272
f 10272 10200 10270
f 10270 10200 10268
f 10268 10200 10266
f 10266 10200 10264
f 10264 10200 10262
f 10262 10200 10260
f 10260 10200 10258
f 10258 10200 10256
f 10256 10200 10254
f 10254 10200 10252
f 10252 10200 10250
f 10250 10200 10248
f 10248 10200 10246
f 10246 10200 10244
f 10244 10200 10242
f 10242 10200 10202
f 10242 10202 10240
f 10240 10202 10204
f 10240 10204 10238
f 10238 10204 10206
f 10238 10206 10236
f 10236 10206 10208
f 10236 10208 10234
f 10234 10208 10210
f 10234 10210 10232
f 10232 10210 10212
f 10232 10212 10230
f 10230 10212 10214
f 10230 10214 10228
f 10228 10214 10216
f 10228 10216 10226
f 10226 10216 10218
f 10226 10218 10224
f 10224 10218 10220
f 10224 10220 10222
f 10195 10295 10197
f 10197 10295 10293
f 10197 10293 10199
f 10199 10293 10291
f 10199 10291 10289
f 10289 10287 10199
f 10199 10287 10285
f 10199 10285 10283
f 10283 10281 10199
f 10199 10281 10279
f 10199 10279 10277
f 10277 10275 10199
f 10199 10275 10273
f 10199 10273 10271
f 10271 10269 10199
f 10199 10269 10267
f 10199 10267 10265
f 10265 10263 10199
f 10199 10263 10261
f 10199 10261 10259
f 10259 10257 10199
f 10199 10257 10255
f 10199 10255 10253
f 10253 10251 10199
f 10199 10251 10249
f 10199 10249 10247
f 10247 10245 10199
f 10199 10245 10243
f 10199 10243 10241
f 10199 10241 10201
f 10201 10241 10239
f 10201 10239 10203
f 10203 10239 10237
f 10203 10237 10205
f 10205 10237 10235
f 10205 10235 10207
f 10207 10235 10233
f 10207 10233 10209
f 10209 10233 10231
f 10209 10231 10211
f 10211 10231 10229
f 10211 10229 10213
f 10213 10229 10227
f 10213 10227 10215
f 10215 10227 10225
f 10215 10225 10217
f 10217 10225 10223
f 10217 10223 10219
f 10219 10223 10221

