# https://github.com/mikedh/trimesh
v -0.04463042 0.12560765 -0.02048597
v -0.04568914 0.12506171 -0.02413034
v -0.04719207 0.12416328 -0.02778620
v -0.04385305 0.12588465 -0.01628679
v -0.04456893 0.12563933 -0.02027399
v -0.05124243 0.12146723 -0.03425875
v -0.05164980 0.12117928 -0.03470330
v -0.09122214 0.08831913 -0.01776540
v -0.04905457 0.12295779 -0.03118368
v -0.04739769 0.12403020 -0.02816129
v -0.09109078 0.08775885 -0.00959000
v -0.09107081 0.08776566 -0.00947834
v -0.09138916 0.08785015 -0.01363209
v -0.09132045 0.08817296 -0.01692969
v -0.08775171 0.08948027 0.00190941
v -0.08913090 0.08865581 -0.00144554
v -0.08925465 0.08858184 -0.00174646
v -0.08925456 0.08858191 -0.00174646
v -0.09107071 0.08776573 -0.00947834
v -0.09037489 0.08800417 -0.00560281
v -0.08122991 0.09392330 0.01107819
v -0.08070584 0.09430455 0.01151715
v -0.08370136 0.09217632 0.00838195
v -0.08558831 0.09089076 0.00572980
v -0.08588921 0.09068576 0.00530688
v -0.08704744 0.09277329 -0.03169722
v -0.08640760 0.09336098 -0.03266452
v -0.05371387 0.11972025 -0.03695498
v -0.09085368 0.08886709 -0.02089933
v -0.08997518 0.08987711 -0.02472521
v -0.05164989 0.12117921 -0.03470330
v -0.08963555 0.09022569 -0.02568903
v -0.08869866 0.09118725 -0.02834774
v -0.07254898 0.10039058 0.01647786
v -0.06940468 0.10282739 0.01727371
v -0.07484563 0.09864380 0.01548934
v -0.07560106 0.09806923 0.01516422
v -0.07851332 0.09589957 0.01335327
v -0.06196835 0.10876857 0.01696632
v -0.06054796 0.10992512 0.01664008
v -0.05757292 0.11239232 0.01540632
v -0.05590366 0.11380436 0.01437307
v -0.05477487 0.11475922 0.01367436
v -0.06239481 0.11325297 -0.04235465
v -0.06326108 0.11258161 -0.04257391
v -0.05934272 0.11557432 -0.04104101
v -0.05707162 0.11726632 -0.03962876
v -0.05643047 0.11774398 -0.03923007
v -0.06553910 0.11081615 -0.04315050
v -0.06813493 0.10877165 -0.04340477
v -0.06976064 0.10747090 -0.04331412
v -0.07129753 0.10624120 -0.04322838
v -0.08274574 0.09665509 -0.03734764
v -0.08505264 0.09460552 -0.03471283
v -0.08177727 0.09749292 -0.03817575
v -0.06364625 0.10740234 0.01735158
v -0.06680886 0.10487190 0.01752797
v -0.06844176 0.10358581 0.01736804
v -0.04789640 0.12087022 0.00582044
v -0.04672917 0.12199134 0.00345300
v -0.04989114 0.11903803 0.00883603
v -0.05069552 0.11832339 0.00975464
v -0.05219805 0.11698846 0.01147084
v -0.04409010 0.12477645 -0.00497747
v -0.04362334 0.12547059 -0.00894711
v -0.04429931 0.12453593 -0.00406651
v -0.04355462 0.12579340 -0.01224470
v -0.08016892 0.09888432 -0.03955115
v -0.07737086 0.10125122 -0.04128311
v -0.07608783 0.10231525 -0.04181524
v -0.07439582 0.10371842 -0.04251688
v -0.04496860 0.12376643 -0.00115157
v -0.04624512 0.12245630 0.00247093
v -0.04922036 0.13083011 -0.00361241
v -0.04864925 0.13161746 -0.00770746
v -0.05164848 0.12828265 0.00395928
v -0.05022599 0.12971245 0.00029334
v -0.04923795 0.13081056 -0.00354411
v -0.05791437 0.12258811 0.01268509
v -0.06052494 0.12034520 0.01472659
v -0.06085993 0.12006315 0.01491780
v -0.05164857 0.12828258 0.00395928
v -0.05166552 0.12826653 0.00399081
v -0.05343088 0.12659547 0.00726929
v -0.05552477 0.12469310 0.01017790
v -0.05564076 0.12459093 0.01029948
v -0.06085983 0.12006322 0.01491780
v -0.06302342 0.11824153 0.01615237
v -0.06589701 0.11586492 0.01726473
v -0.06693790 0.11501901 0.01748362
v -0.06693799 0.11501893 0.01748361
v -0.06891676 0.11341085 0.01789965
v -0.06891667 0.11341092 0.01789965
v -0.07178070 0.11112125 0.01803614
v -0.07341243 0.10983816 0.01785090
v -0.07495504 0.10862512 0.01767586
v -0.07820334 0.10611692 0.01674039
v -0.07981127 0.10489967 0.01597804
v -0.08132459 0.10375407 0.01526040
v -0.08427832 0.10156674 0.01326092
v -0.08566471 0.10056595 0.01200415
v -0.08697052 0.09962332 0.01082053
v -0.08123001 0.09392323 0.01107819
v -0.08936272 0.09794924 0.00800316
v -0.09053923 0.09715841 0.00621773
v -0.09145438 0.09654327 0.00482896
v -0.09319110 0.09544067 0.00139666
v -0.09408734 0.09491809 -0.00094550
v -0.09443767 0.09471380 -0.00186072
v -0.09545737 0.09420511 -0.00558152
v -0.09602658 0.09402807 -0.00897350
v -0.09602667 0.09402800 -0.00897350
v -0.09610903 0.09400242 -0.00946467
v -0.09636101 0.09409950 -0.01312393
v -0.09623828 0.09452477 -0.01715301
v -0.09622274 0.09454618 -0.01726434
v -0.09566712 0.09531216 -0.02124806
v -0.09323899 0.09785961 -0.02881975
v -0.09464249 0.09644890 -0.02520262
v -0.09466149 0.09642981 -0.02515381
v -0.09145660 0.09954680 -0.03212976
v -0.09141204 0.09958728 -0.03219169
v -0.08936271 0.10144916 -0.03503837
v -0.08697311 0.10355414 -0.03754555
v -0.08676988 0.10372874 -0.03770438
v -0.08436258 0.10579703 -0.03958706
v -0.08186407 0.10790072 -0.04101283
v -0.08106486 0.10856171 -0.04132218
v -0.07899047 0.11027735 -0.04212521
v -0.07597072 0.11273142 -0.04276011
v -0.07473370 0.11372035 -0.04281905
v -0.07310677 0.11502101 -0.04289660
v -0.06993244 0.11751714 -0.04253631
v -0.06823664 0.11882656 -0.04204791
v -0.06326117 0.11258154 -0.04257392
v -0.06668410 0.12002538 -0.04160085
v -0.06356288 0.12238820 -0.04012088
v -0.06205326 0.12350614 -0.03909904
v -0.06060916 0.12457553 -0.03812139
v -0.05643038 0.11774406 -0.03923007
v -0.05791696 0.12651893 -0.03568099
v -0.05663804 0.12741393 -0.03417467
v -0.05552476 0.12819302 -0.03286363
v -0.05343309 0.12959899 -0.02968943
v -0.05343319 0.12959892 -0.02968943
v -0.05239378 0.13025883 -0.02763539
v -0.05169651 0.13070148 -0.02625712
v -0.05044980 0.13142847 -0.02299975
v -0.05044971 0.13142854 -0.02299974
v -0.04961986 0.13184249 -0.01997134
v -0.04943011 0.13193715 -0.01927893
v -0.04877845 0.13213985 -0.01539580
v -0.04852647 0.13204277 -0.01173654
v -0.08428798 0.09955066 0.03795984
v -0.09238971 0.09349304 0.03318898
v -0.03368985 0.14204714 0.01039093
v -0.03121390 0.14487354 -0.00014343
v -0.05022608 0.12971237 0.00029334
v -0.03786021 0.13795379 0.01992792
v -0.09961973 0.08829109 0.02642418
v -0.11367348 0.08126879 -0.02471703
v -0.11119739 0.08409531 -0.03525139
v -0.10702755 0.08818825 -0.04478839
v -0.09464259 0.09644882 -0.02520262
v -0.06059950 0.12659161 -0.06282033
v -0.06921887 0.11994310 -0.06538896
v -0.05249781 0.13264918 -0.05804944
v -0.04526775 0.13785118 -0.05128476
v -0.04354119 0.13277364 0.02805067
v -0.10134629 0.09336863 -0.05291126
v -0.03922583 0.14196984 -0.04282188
v -0.10566193 0.08417220 0.01796140
v -0.11025241 0.08131628 0.00817032
v -0.11434769 0.07983213 -0.01364561
v -0.11319043 0.07984823 -0.00252107
v -0.09440177 0.09941018 -0.05926482
v -0.08649759 0.10604876 -0.06357148
v -0.05048576 0.12673205 0.03440436
v -0.07797920 0.11299424 -0.06564304
v -0.07566861 0.10619916 0.04052846
v -0.03463483 0.14482617 -0.03303078
v -0.03169695 0.14629412 -0.02233938
v -0.03053974 0.14631017 -0.01121485
v -0.06690828 0.11314803 0.04078254
v -0.05838989 0.12009351 0.03871099
v -0.09501025 0.09417216 0.07790085
v -0.09950490 0.08886455 0.09919792
v -0.08613541 0.10094325 0.08146133
v -0.08897582 0.09695870 0.10267246
v -0.04671516 0.13073836 0.10072894
v -0.05214304 0.12817523 0.07914417
v -0.04826047 0.12946561 0.10126192
v -0.06087393 0.12098114 0.08219402
v -0.07825778 0.10533144 0.10456993
v -0.06752051 0.11384986 0.10486409
v -0.05814976 0.12139201 0.10379419
v -0.05814985 0.12139194 0.10379419
v -0.09809124 0.08575848 -0.14796247
v -0.10033030 0.08365076 -0.14394866
v -0.10104626 0.08268185 -0.13903800
v -0.08215127 0.09746473 -0.13596916
v -0.10011552 0.08301912 -0.13407956
v -0.08366181 0.09589203 -0.13140723
v -0.09769882 0.08460443 -0.12993073
v -0.08653148 0.09334143 -0.12811698
v -0.09421423 0.08716350 -0.12730888
v -0.09026396 0.09025408 -0.12666731
v -0.08199804 0.09779125 -0.13848552
v -0.08226106 0.09778760 -0.14101395
v -0.08397219 0.09680481 -0.14566931
v -0.09471644 0.08864041 -0.15038538
v -0.09078912 0.09179850 -0.15079845
v -0.08698879 0.09468630 -0.14913030
v -0.03202321 0.13722725 -0.13451526
v -0.05091820 0.12244437 -0.13758408
v -0.04998742 0.12278168 -0.13262564
v -0.03353403 0.13565432 -0.12995334
v -0.04757077 0.12436695 -0.12847681
v -0.03640338 0.13310398 -0.12666307
v -0.04408603 0.12692612 -0.12585495
v -0.04408612 0.12692605 -0.12585495
v -0.04013585 0.13001664 -0.12521338
v -0.03186970 0.13755399 -0.13703160
v -0.03213300 0.13755012 -0.13956004
v -0.05020219 0.12341331 -0.14249475
v -0.03384441 0.13656710 -0.14421540
v -0.04796319 0.12552100 -0.14650856
v -0.03686069 0.13444886 -0.14767638
v -0.04458824 0.12840304 -0.14893146
v -0.04458833 0.12840298 -0.14893147
v -0.04066101 0.13156106 -0.14934453
v -0.02674926 0.14002514 -0.02284277
v -0.02604988 0.14022626 -0.01847346
v -0.02561844 0.14014496 -0.01325242
v -0.02686973 0.13999033 -0.02359337
v -0.02809209 0.13943228 -0.02868997
v -0.02966613 0.13857421 -0.03353773
v -0.02969047 0.13856108 -0.03361442
v -0.03426703 0.13570902 -0.04331676
v -0.03401896 0.13587447 -0.04292439
v -0.03168180 0.13736610 -0.03840169
v -0.04031518 0.13158408 -0.05176337
v -0.03973011 0.13199827 -0.05113279
v -0.03671781 0.13407488 -0.04719863
v -0.04754373 0.12638216 -0.05851416
v -0.04663279 0.12705432 -0.05786774
v -0.04303960 0.12965538 -0.05469976
v -0.05563935 0.12032854 -0.06327436
v -0.05447135 0.12121903 -0.06279793
v -0.05043386 0.12424959 -0.06056495
v -0.07300079 0.10674528 -0.06609186
v -0.07133068 0.10808963 -0.06628437
v -0.07133078 0.10808955 -0.06628437
v -0.06712580 0.11143121 -0.06623854
v -0.05864017 0.11804069 -0.06449836
v -0.06292847 0.11472319 -0.06565654
v -0.06424969 0.11368695 -0.06583974
v -0.08150980 0.09980726 -0.06402043
v -0.07934721 0.10159456 -0.06484176
v -0.07531220 0.10488470 -0.06582543
v -0.09635025 0.08713561 -0.05338362
v -0.09391757 0.08928478 -0.05601269
v -0.09054027 0.09221011 -0.05894500
v -0.08319082 0.09841796 -0.06338193
v -0.08697687 0.09524412 -0.06139281
v -0.08697696 0.09524405 -0.06139281
v -0.08940747 0.09317463 -0.05972318
v -0.10620812 0.07785888 -0.03574818
v -0.10456923 0.07952112 -0.04015536
v -0.10240744 0.08160694 -0.04465576
v -0.09704266 0.08652389 -0.05263525
v -0.09987367 0.08396417 -0.04885451
v -0.10203394 0.08195441 -0.04527469
v -0.10937584 0.07358277 -0.01415378
v -0.10928160 0.07409234 -0.01949825
v -0.10875747 0.07494326 -0.02483476
v -0.10638294 0.07768159 -0.03527814
v -0.10776594 0.07617140 -0.03023727
v -0.10868677 0.07503082 -0.02521987
v -0.10819462 0.07361833 -0.00303404
v -0.10889395 0.07341725 -0.00740333
v -0.10932553 0.07349844 -0.01262438
v -0.10807447 0.07365288 -0.00228344
v -0.10685146 0.07421144 0.00281328
v -0.10527793 0.07506911 0.00766092
v -0.10525303 0.07508269 0.00773762
v -0.10067684 0.07793446 0.01743996
v -0.10092454 0.07776930 0.01704759
v -0.10326227 0.07627723 0.01252488
v -0.10326236 0.07627715 0.01252488
v -0.09462860 0.08205947 0.02588657
v -0.09521367 0.08164527 0.02525599
v -0.09521376 0.08164520 0.02525598
v -0.09822602 0.07956862 0.02132183
v -0.08740006 0.08726139 0.03263735
v -0.08831090 0.08658931 0.03199094
v -0.08831099 0.08658923 0.03199094
v -0.09190419 0.08398817 0.02882295
v -0.07930453 0.09331493 0.03739757
v -0.08047252 0.09242444 0.03692108
v -0.08047243 0.09242452 0.03692108
v -0.08450997 0.08939391 0.03468814
v -0.08450992 0.08939395 0.03468814
v -0.06194299 0.10689827 0.04021507
v -0.06361310 0.10555392 0.04040753
v -0.06361300 0.10555399 0.04040753
v -0.06781799 0.10221233 0.04036175
v -0.07630371 0.09560278 0.03862159
v -0.07201532 0.09892035 0.03977975
v -0.07069410 0.09995659 0.03996296
v -0.04553632 0.12046891 0.03384638
v -0.04796682 0.11839949 0.03551602
v -0.05175291 0.11522563 0.03750509
v -0.05963158 0.10875884 0.03994858
v -0.05559658 0.11204899 0.03896493
v -0.05343408 0.11383621 0.03814362
v -0.03859354 0.12650794 0.02750682
v -0.04102612 0.12435884 0.03013590
v -0.04440342 0.12143350 0.03306821
v -0.03291003 0.13168898 0.01939789
v -0.03507002 0.12967944 0.02297772
v -0.03790112 0.12711965 0.02675854
v -0.02873542 0.13578485 0.00987138
v -0.03037409 0.13412280 0.01427857
v -0.03253597 0.13203689 0.01877896
v -0.02625701 0.13861273 -0.00065693
v -0.02717798 0.13747203 0.00436046
v -0.02856099 0.13596185 0.00940133
v -0.02618636 0.13870026 -0.00104215
v -0.02566219 0.13955121 -0.00637855
v -0.02556789 0.14006081 -0.01172302
v -0.03732694 0.10955215 0.07762983
v -0.04605783 0.10235806 0.08067968
v -0.03189906 0.11211528 0.09921461
v -0.03786789 0.10721613 0.10106519
v -0.03345587 0.11083747 0.09969721
v -0.05270864 0.09522875 0.10328399
v -0.05005062 0.09735236 0.10317405
v -0.04393841 0.10227907 0.10238715
v -0.04333771 0.10276762 0.10225629
v -0.05623872 0.09240843 0.10343000
v -0.06247946 0.08746641 0.10314757
v -0.06869691 0.08258667 0.10232702
v -0.06344025 0.08671233 0.10302082
v -0.08468880 0.07024147 0.09768359
v -0.08098108 0.07307646 0.09909511
v -0.07487351 0.07778273 0.10097399
v -0.07415705 0.07833996 0.10113098
v -0.08019415 0.07554907 0.07638652
v -0.07131931 0.08232018 0.07994700
v 0.03723294 -0.04066491 0.29006031
v 0.03942092 -0.03901775 0.29011810
v -0.02776509 0.04543164 0.29698509
v 0.04544616 -0.03344423 0.29034370
v 0.04544606 -0.03344430 0.29034367
v -0.02096509 0.05003132 0.29713151
v -0.02096518 0.05003125 0.29713148
v 0.05203751 -0.02472295 0.29075840
v 0.05203742 -0.02472302 0.29075840
v -0.01096631 0.05446965 0.29719794
v -0.01096640 0.05446957 0.29719794
v 0.05673689 -0.01485834 0.29128748
v -0.00028013 0.05680915 0.29711512
v 0.05935213 -0.00425407 0.29190925
v 0.05935208 -0.00425410 0.29190925
v 0.01065620 0.05695423 0.29688641
v 0.01065615 0.05695420 0.29688638
v 0.05977612 0.00665568 0.29259825
v 0.02139489 0.05489893 0.29652116
v 0.05799137 0.01742417 0.29332629
v 0.03149617 0.05072727 0.29603434
v 0.05407117 0.02761070 0.29406357
v 0.04054673 0.04461024 0.29544586
v 0.04817599 0.03679822 0.29477987
v -0.01489601 -0.04665504 0.29081139
v -0.00442224 -0.04978454 0.29038316
v -0.02452125 -0.04148411 0.29135182
v -0.03290410 -0.03448362 0.29198229
v -0.03290400 -0.03448354 0.29198229
v -0.03651992 -0.03038416 0.29232335
v -0.02986684 0.04367609 0.29691848
v -0.03970119 -0.02594001 0.29267702
v -0.03970110 -0.02593994 0.29267702
v -0.03730733 0.03566397 0.29656762
v -0.03730724 0.03566404 0.29656762
v -0.04463426 -0.01620309 0.29340753
v -0.04298174 0.02632316 0.29609329
v -0.04750151 -0.00567159 0.29414397
v -0.04665790 0.01603595 0.29551491
v -0.04818535 0.00522346 0.29485613
v 0.02773400 -0.04608947 0.28991985
v 0.01733816 -0.04949588 0.28992808
v 0.00647116 -0.05074458 0.29008466
v -0.01842213 0.10403368 0.08398724
v -0.02648534 0.10979973 0.09290615
v -0.02544717 0.10900684 0.09188133
v -0.02356377 0.10756829 0.09002203
v -0.01754820 0.10293857 0.08389454
v -0.01842055 0.10403176 0.08398489
v -0.01382463 0.10074475 0.07890083
v -0.01019730 0.09807198 0.07482813
v -0.01029302 0.09819229 0.07483791
v -0.01025201 0.09777100 0.07556828
v -0.01010158 0.09795166 0.07481834
v -0.01048038 0.09749776 0.07669424
v -0.01044137 0.09754413 0.07650553
v -0.01040322 0.09758986 0.07631660
v -0.03959209 0.10451425 0.09925066
v -0.03463687 0.10856536 0.09791198
v -0.03574590 0.10840062 0.09817616
v -0.03685566 0.10823559 0.09843161
v -0.04299386 0.10323346 0.09989171
v -0.04469597 0.10039428 0.09998158
v -0.07554631 0.07599469 0.09820785
v -0.07040414 0.08000208 0.09923594
v -0.07369015 0.07888708 0.09897076
v -0.07976009 0.07420300 0.09718721
v -0.08016354 0.07316772 0.09688787
v -0.08056618 0.07213337 0.09657985
v -0.06355291 0.08534139 0.10060561
v -0.06754678 0.08367231 0.10022851
v -0.07113653 0.08087616 0.09949353
v -0.04538929 0.10129920 0.10024229
v -0.04904704 0.09834565 0.10077753
v -0.05149621 0.09490499 0.10095530
v -0.05518542 0.09343313 0.10113375
v -0.05752456 0.09012319 0.10078046
v -0.05823746 0.09101231 0.10104384
v -0.05823737 0.09101238 0.10104384
v -0.06135201 0.08854189 0.10095219
v -0.07507858 0.04660697 0.07294632
v -0.07498284 0.04648663 0.07293653
v -0.07479947 0.04657074 0.07369615
v -0.07933587 0.05569788 0.08221815
v -0.07517432 0.04672731 0.07295610
v -0.07479956 0.04657067 0.07369615
v -0.07461557 0.04665541 0.07445418
v -0.07456899 0.04667690 0.07464558
v -0.08343942 0.06462269 0.09125426
v -0.08120488 0.05972711 0.08637822
v -0.08290752 0.06355143 0.09027757
v -0.07846664 0.05460875 0.08212433
v -0.07934114 0.05570928 0.08222994
v -0.07577553 0.04918955 0.07718360
v -0.07452242 0.04669841 0.07483677
v -0.07991435 0.09277623 -0.14494827
v -0.08015501 0.09192810 -0.14602962
v -0.08106893 0.09609878 -0.13608125
v -0.08105319 0.09609869 -0.13611816
v -0.08029823 0.09565467 -0.13865925
v -0.08295660 0.09519020 -0.13162357
v -0.08203257 0.09610432 -0.13382454
v -0.08203261 0.09610429 -0.13382454
v -0.08592019 0.09255456 -0.12820615
v -0.08570261 0.09273803 -0.12833373
v -0.08423489 0.09401983 -0.12973699
v -0.08305167 0.09510317 -0.13148327
v -0.08746706 0.09125014 -0.12729901
v -0.08892979 0.09004918 -0.12684102
v -0.09219339 0.08465789 -0.12757167
v -0.09170682 0.08559122 -0.12718743
v -0.09036069 0.08788969 -0.12675285
v -0.08946401 0.08924298 -0.12680812
v -0.08946392 0.08924305 -0.12680812
v -0.09288590 0.08332960 -0.12811847
v -0.09388404 0.08115649 -0.12953079
v -0.09522640 0.07694384 -0.13459384
v -0.09514317 0.07748970 -0.13359557
v -0.09465373 0.07917234 -0.13138540
v -0.09421604 0.08030070 -0.13033068
v -0.09421614 0.08030062 -0.13033070
v -0.09531257 0.07637940 -0.13562591
v -0.09522209 0.07545272 -0.13814086
v -0.09362545 0.07505304 -0.14441183
v -0.09382322 0.07500944 -0.14386503
v -0.09443253 0.07487503 -0.14218110
v -0.09502010 0.07510728 -0.13965392
v -0.09095940 0.07682636 -0.14866288
v -0.09119339 0.07661917 -0.14843079
v -0.09250915 0.07564921 -0.14658755
v -0.09351235 0.07511345 -0.14463222
v -0.08970686 0.07793541 -0.14990506
v -0.08811764 0.07953982 -0.15093711
v -0.08765917 0.08005646 -0.15109111
v -0.08777275 0.07992847 -0.15105295
v -0.08451544 0.08390055 -0.15139550
v -0.08490571 0.08335660 -0.15151779
v -0.08649246 0.08137117 -0.15148297
v -0.08351112 0.08530051 -0.15108077
v -0.08351122 0.08530043 -0.15108077
v -0.08214192 0.08747287 -0.15007593
v -0.08037081 0.09116728 -0.14699972
v -0.08114285 0.08934525 -0.14875451
v -0.08179782 0.08811783 -0.14962074
v -0.08004349 0.09527780 -0.13993455
v -0.07991520 0.09473204 -0.14124659
v -0.07979023 0.09420017 -0.14252511
v -0.07979014 0.09420025 -0.14252511
v -0.07991440 0.09277619 -0.14494827
v -0.04943438 0.12196182 -0.13287906
v -0.04935606 0.12200921 -0.13269566
v -0.02578918 0.12991557 -0.13799588
v -0.02652415 0.13032945 -0.13511510
v -0.02584355 0.12997942 -0.13764752
v -0.02768810 0.13047343 -0.13267910
v -0.02654229 0.13033172 -0.13507704
v -0.03125878 0.13015939 -0.12855250
v -0.02936565 0.13040234 -0.13038777
v -0.02927399 0.13041399 -0.13047680
v -0.03866951 0.12836447 -0.12536399
v -0.03608810 0.12911130 -0.12592389
v -0.03369255 0.12968890 -0.12695232
v -0.03356671 0.12971921 -0.12700640
v -0.03356666 0.12971924 -0.12700640
v -0.04222428 0.12709686 -0.12548639
v -0.04090202 0.12760639 -0.12531222
v -0.03878919 0.12832385 -0.12536120
v -0.04345228 0.12615986 -0.12597787
v -0.04345224 0.12615991 -0.12597787
v -0.04416076 0.12561928 -0.12626146
v -0.04595128 0.12429798 -0.12753063
v -0.04868986 0.12241249 -0.13113707
v -0.04742204 0.12325695 -0.12911795
v -0.04692352 0.12360981 -0.12857990
v -0.04956536 0.12104029 -0.13529852
v -0.04956550 0.12104018 -0.13529852
v -0.04921839 0.12030780 -0.13775781
v -0.04836894 0.11976217 -0.14035304
v -0.04708261 0.11948764 -0.14280787
v -0.04539659 0.11949527 -0.14505737
v -0.04707834 0.11948763 -0.14281359
v -0.03878917 0.12112051 -0.14951329
v -0.04110380 0.12035482 -0.14852089
v -0.04331133 0.11980247 -0.14704609
v -0.04339394 0.11979034 -0.14696725
v -0.03868513 0.12115494 -0.14955789
v -0.03626140 0.12212475 -0.15005527
v -0.02979421 0.12551214 -0.14842196
v -0.03174256 0.12435295 -0.14946440
v -0.03190237 0.12426896 -0.14950502
v -0.03391705 0.12321027 -0.15001717
v -0.03399073 0.12317617 -0.15001838
v -0.02815767 0.12663096 -0.14694063
v -0.02976807 0.12553003 -0.14839828
v -0.02605010 0.12858111 -0.14290641
v -0.02683292 0.12773131 -0.14492477
v -0.02689298 0.12766610 -0.14507955
v -0.02568858 0.12940641 -0.14021778
v -0.02567507 0.12933625 -0.14052287
v -0.02588854 0.12890647 -0.14187931
v -0.01529665 0.14673516 0.00668948
v -0.12118998 0.06442449 -0.01711489
v -0.12047349 0.06583826 -0.02749112
v -0.11851482 0.06821254 -0.03752619
v -0.01786115 0.14390001 0.01646508
v -0.08616526 0.08683802 0.04992496
v -0.07930443 0.09331501 0.03739757
v -0.07825825 0.09285324 0.05331211
v -0.07825820 0.09285328 0.05331211
v -0.05268864 0.12384788 -0.07768535
v -0.04497808 0.12964591 -0.07354932
v -0.02158819 0.14019600 0.02555158
v -0.11851472 0.06821261 -0.03752618
v -0.11535957 0.07149192 -0.04698503
v -0.11108197 0.07559935 -0.05564585
v -0.09363420 0.08129115 0.04506440
v -0.10048994 0.07634267 0.03884419
v -0.03779498 0.13490878 -0.06799262
v -0.10657170 0.07210864 0.03141025
v -0.06074577 0.11765073 -0.08030377
v -0.06896057 0.11119974 -0.08134320
v -0.07009833 0.09919593 0.05514641
v -0.07009828 0.09919596 0.05514641
v -0.06598321 0.10244380 0.05546638
v -0.10578208 0.08043867 -0.06330555
v -0.11173696 0.06868830 0.02293691
v -0.03130719 0.13951354 -0.06114548
v -0.02566682 0.14335224 -0.05316847
v -0.02639144 0.13570914 0.03373580
v -0.03215722 0.13054547 0.04082610
v -0.03875034 0.12482605 0.04665624
v -0.11173705 0.06868822 0.02293691
v -0.11586478 0.06616168 0.01362259
v -0.09958440 0.08589625 -0.06978476
v -0.10578221 0.08043855 -0.06330556
v -0.08509370 0.09814359 -0.07862522
v -0.07714048 0.10464614 -0.08077928
v -0.04601701 0.11868437 0.05108942
v -0.09054042 0.09221001 -0.05894501
v -0.09263396 0.09184437 -0.07493153
v -0.02100622 0.14633477 -0.04424841
v -0.01743578 0.14839032 -0.03459449
v -0.06187684 0.10571737 0.05538487
v -0.05378654 0.11226466 0.05402189
v -0.11885828 0.06458814 0.00368579
v -0.01503702 0.14947245 -0.02443304
v -0.12064730 0.06400454 -0.00664076
v -0.01386756 0.14955465 -0.01400212
v -0.01395466 0.14863515 -0.00354625
v -0.02657126 0.10986137 0.09298912
v -0.01856350 0.10451301 0.07654437
v -0.01898087 0.10483169 0.07663049
v -0.02665738 0.10992286 0.09307212
v -0.02681905 0.11039831 0.08564346
v -0.02698072 0.11087374 0.07821481
v -0.03722642 0.10932594 0.08139519
v -0.03483558 0.10968775 0.08073706
v -0.03171951 0.10906192 0.09619816
v -0.03207517 0.11010458 0.07985064
v -0.03058020 0.10925587 0.09552889
v -0.03087313 0.11028603 0.07946464
v -0.03207526 0.11010450 0.07985064
v -0.08013085 0.07529335 0.08015079
v -0.07669774 0.07792310 0.08139971
v -0.07430445 0.07977179 0.08208034
v -0.07430436 0.07977187 0.08208035
v -0.07107486 0.08226649 0.08299891
v -0.04272451 0.10482158 0.08299648
v -0.04296625 0.10462549 0.08304282
v -0.04832168 0.10028141 0.08406875
v -0.04832177 0.10028134 0.08406875
v -0.05334454 0.09624653 0.08454594
v -0.06539221 0.08670033 0.08407059
v -0.06385558 0.08791109 0.08421506
v -0.05968692 0.09119570 0.08460708
v -0.05398482 0.09573219 0.08460676
v -0.05398473 0.09573226 0.08460676
v -0.07976004 0.07420304 0.09718721
v -0.08098117 0.07307639 0.09909511
v -0.08013080 0.07529338 0.08015079
v -0.08302038 0.06789572 0.07745100
v -0.08384945 0.06576440 0.07656539
v -0.08368778 0.06528896 0.08399404
v -0.08200285 0.07050084 0.07840171
v -0.08244290 0.06937419 0.07799049
v -0.08352612 0.06481352 0.09142270
v -0.08244281 0.06937426 0.07799049
v -0.08207627 0.06840431 0.09403135
v -0.08207618 0.06840438 0.09403136
v -0.08165061 0.06945556 0.09474974
v -0.08348286 0.06471803 0.09133846
v -0.08120497 0.05972704 0.08637822
v -0.07950950 0.05616949 0.07477670
v -0.07972824 0.05664576 0.07486857
v -0.02974693 0.13294254 -0.07529856
v -0.02675835 0.13508594 -0.07241782
v -0.03402042 0.13211183 -0.10689386
v -0.07917843 0.09852526 -0.13567227
v -0.03942946 0.12897347 -0.12122036
v -0.04649701 0.12050296 -0.08619930
v -0.05555828 0.11353347 -0.08914402
v -0.06479683 0.10627855 -0.09031300
v -0.03647880 0.13082221 -0.11508692
v -0.03437363 0.13195749 -0.10845166
v -0.03782536 0.12702368 -0.08154777
v -0.07399613 0.09890822 -0.08967879
v -0.06309146 0.11157735 -0.13879198
v -0.05762301 0.11581686 -0.13742599
v -0.05237259 0.11978815 -0.13489480
v -0.09154225 0.08763663 -0.12273183
v -0.08294059 0.09159523 -0.08725630
v -0.07403163 0.10280124 -0.13790190
v -0.06861575 0.10719539 -0.13895221
v -0.06585691 0.10939609 -0.13902396
v -0.10210415 0.07532024 -0.07460314
v -0.09923726 0.07782152 -0.07731405
v -0.09633407 0.08268347 -0.10870120
v -0.09142061 0.08451093 -0.08310225
v -0.09604803 0.08303621 -0.11024046
v -0.08294068 0.09159515 -0.08725630
v -0.09422961 0.08501319 -0.11676192
v 0.04173300 0.05187671 0.20279413
v 0.04061270 0.05302473 0.20289199
v 0.03368140 0.05770981 0.20334268
v 0.03101968 0.05950910 0.20351577
v 0.02477181 0.06208877 0.20381683
v 0.02031202 0.06393068 0.20403178
v 0.01525421 0.06489889 0.20420381
v 0.00892931 0.06610943 0.20441894
v 0.00539030 0.06606234 0.20449294
v -0.01399052 0.06347562 0.20474917
v -0.00454755 0.06554296 0.20467597
v -0.00266323 0.06595550 0.20466137
v -0.00266333 0.06595544 0.20466137
v -0.01428409 0.06334529 0.20474721
v -0.02341420 0.05929261 0.20468654
v -0.02458912 0.05877104 0.20467873
v -0.03166896 0.05371653 0.20450932
v -0.03402483 0.05203460 0.20445293
v -0.03884601 0.04684304 0.20422560
v -0.04191166 0.04354187 0.20408103
v -0.04475172 0.03886677 0.20384362
v -0.04792648 0.03364069 0.20357825
v -0.04922441 0.03000867 0.20337404
v -0.05344221 0.01127528 0.20226687
v -0.05213753 0.02051152 0.20282961
v -0.05182319 0.02273636 0.20296517
v -0.05340207 0.01063552 0.20222506
v -0.05277762 0.00068649 0.20157473
v -0.05271740 -0.00027340 0.20151198
v -0.05035257 -0.00895964 0.20090459
v -0.04967820 -0.01143671 0.20073138
v -0.04633618 -0.01803287 0.20023648
v -0.04444909 -0.02175766 0.19995703
v -0.04444918 -0.02175773 0.19995703
v -0.04084666 -0.02628572 0.19958882
v -0.04084676 -0.02628580 0.19958882
v -0.03724433 -0.03081386 0.19922063
v -0.03403745 -0.03349175 0.19897945
v -0.01815593 -0.04371541 0.19797949
v -0.02609471 -0.03945054 0.19842522
v -0.02835863 -0.03823433 0.19855233
v -0.01723314 -0.04399110 0.19794177
v -0.00766881 -0.04684886 0.19755073
v -0.00705379 -0.04703260 0.19752558
v 0.00225154 -0.04785278 0.19727057
v 0.00449303 -0.04805027 0.19720915
v 0.01217523 -0.04716754 0.19709846
v 0.01601195 -0.04672666 0.19704318
v 0.02182825 -0.04482086 0.19703858
v 0.02773390 -0.04608954 0.28991985
v 0.04658063 -0.02868732 0.19753246
v 0.05259929 -0.02072371 0.19791116
v 0.02703134 -0.04311597 0.19703446
v 0.03094516 -0.04088090 0.19709232
v 0.03710019 -0.03736592 0.19718334
v 0.03927384 -0.03545496 0.19725834
v 0.04580607 -0.02971212 0.19748373
v 0.05279284 -0.02046765 0.19792333
v 0.05694551 -0.01175067 0.19839086
v 0.05777409 -0.01001132 0.19848414
v 0.05970004 -0.00220224 0.19894202
v 0.06054646 0.00122929 0.19914322
v 0.06079618 0.00765494 0.19954903
v 0.06099571 0.01279336 0.19987355
v 0.06020763 0.01754775 0.20019498
v 0.05910430 0.02420817 0.20064527
v 0.05795109 0.02720404 0.20086211
v 0.05494846 0.03500541 0.20142674
v 0.05408194 0.03635474 0.20153196
v 0.04869935 0.04474385 0.20218602
v -0.02675750 0.08404031 0.08293837
v -0.02672323 0.08406837 0.08292869
v -0.06815917 0.05149280 0.07813337
v -0.06510861 0.05380520 0.07954219
v -0.05950931 0.05809521 0.08156726
v -0.02119248 0.08859484 0.08137500
v -0.01574961 0.09309492 0.07928623
v -0.01574951 0.09309499 0.07928623
v -0.01669989 0.09230924 0.07965091
v -0.07057702 0.04966002 0.07701668
v -0.03240272 0.07946540 0.08396766
v -0.03707791 0.07571291 0.08437367
v -0.03809183 0.07489910 0.08446173
v -0.04231152 0.07154019 0.08448420
v -0.04755827 0.06739829 0.08408705
v -0.04806229 0.06700040 0.08404890
v -0.05381317 0.06250438 0.08307426
v -0.05381332 0.06250427 0.08307426
v -0.05798101 0.05927820 0.08197163
v -0.08056609 0.07213344 0.09657986
v -0.03032442 0.11807566 -0.16908237
v -0.04110390 0.12035475 -0.14852089
v -0.02105117 0.12489329 -0.16219613
v -0.08129935 0.07764139 -0.17056084
v -0.08037076 0.09116732 -0.14699972
v -0.08015491 0.09192818 -0.14602962
v -0.08004344 0.09527784 -0.13993455
v -0.09819975 0.06300526 -0.15591948
v -0.09819961 0.06300537 -0.15591948
v -0.09028421 0.06997634 -0.16420415
v -0.10481080 0.05693522 -0.14595287
v -0.09522214 0.07545268 -0.13814086
v -0.00571183 0.13554238 -0.14307861
v -0.01276537 0.13077341 -0.15344155
v -0.00010012 0.13905850 -0.13141504
v -0.03647871 0.13082229 -0.11508692
v 0.00390210 0.14121656 -0.11879724
v 0.00457394 0.14151017 -0.11583486
v -0.04030871 0.11052379 -0.17389576
v -0.05070779 0.10246174 -0.17649338
v -0.06121295 0.09412885 -0.17679808
v -0.07151208 0.08577269 -0.17480078
v -0.07403172 0.10280117 -0.13790190
v -0.11392301 0.04751617 -0.11927174
v -0.11337925 0.04818679 -0.12219886
v -0.10992125 0.05194633 -0.13460030
v -0.10992115 0.05194641 -0.13460028
v -0.10311083 0.07339065 -0.07445937
v -0.10603912 0.06781494 -0.07370762
v -0.10642835 0.06708127 -0.07353914
v -0.11655010 0.04833475 -0.06620245
v -0.11876681 0.04436855 -0.06334276
v -0.12021364 0.04182602 -0.06105870
v -0.02041101 0.13671039 -0.07152931
v -0.00325338 0.14120720 -0.06595962
v -0.00837408 0.13984628 -0.06819119
v -0.01419815 0.13831885 -0.07010101
v -0.01780799 0.13738427 -0.07093086
v -0.00299149 0.14127676 -0.06584545
v 0.00191649 0.14260097 -0.06311043
v 0.01870971 0.14741305 -0.04532868
v 0.01865692 0.14739652 -0.04543402
v 0.00632204 0.14381054 -0.06003663
v 0.00947890 0.14469464 -0.05730509
v 0.01020355 0.14489768 -0.05667814
v 0.01357106 0.14586411 -0.05306593
v 0.01642263 0.14670834 -0.04923933
v 0.01896816 0.14749509 -0.04481818
v 0.02090427 0.14836152 -0.03653063
v -0.12554197 0.03286695 -0.04900955
v -0.12711939 0.03094637 -0.04082390
v -0.12537412 0.03313730 -0.04949594
v -0.12259313 0.03771384 -0.05668005
v -0.12418650 0.03505021 -0.05293731
v -0.11361899 0.05367381 -0.06913539
v -0.11415625 0.05268441 -0.06869476
v -0.12078407 0.04082365 -0.06015827
v -0.10887410 0.06247224 -0.07248072
v -0.11159084 0.05740868 -0.07079874
v -0.12819880 0.02963219 -0.03522303
v -0.12881219 0.02842180 -0.02633926
v -0.12881210 0.02842188 -0.02633925
v -0.12922092 0.02761523 -0.02041912
v -0.12876339 0.02726110 -0.01158755
v -0.12844674 0.02701601 -0.00547545
v -0.12696150 0.02750052 0.00309755
v -0.12589428 0.02784869 0.00925753
v -0.12344787 0.02913466 0.01737812
v -0.12162339 0.03009369 0.02343465
v -0.11830372 0.03212563 0.03092546
v -0.11573426 0.03369837 0.03672342
v -0.11164717 0.03640477 0.04342806
v -0.10836481 0.03857832 0.04881252
v -0.10363153 0.04187355 0.05459815
v -0.09968781 0.04461910 0.05941862
v -0.09444124 0.04840608 0.06417885
v -0.08990674 0.05167907 0.06829307
v -0.08428780 0.05585204 0.07194974
v -0.07925068 0.05959290 0.07522780
v -0.07340473 0.06404017 0.07773206
v -0.06796949 0.06817500 0.08006027
v -0.06204262 0.07278194 0.08139260
v -0.05632763 0.07722419 0.08267739
v -0.05632772 0.07722411 0.08267739
v -0.05046282 0.08187627 0.08284750
v -0.04459801 0.08652835 0.08301760
v -0.03893175 0.09111392 0.08206291
v -0.03305533 0.09586957 0.08107292
v -0.02771463 0.10028242 0.07905725
v -0.02197046 0.10502864 0.07688916
v -0.01706946 0.10917088 0.07389934
v -0.01160324 0.11379088 0.07056418
v -0.00724187 0.11757425 0.06670798
v -0.00219627 0.12195122 0.06224626
v 0.00154308 0.12530002 0.05764863
v 0.00603036 0.12931871 0.05213043
v 0.00908176 0.13216923 0.04692967
v 0.01288204 0.13571924 0.04045380
v 0.01520269 0.13802542 0.03479768
v 0.01819984 0.14100410 0.02749008
v 0.01976323 0.14273238 0.02153181
v 0.02185852 0.14504898 0.01354294
v 0.02265867 0.14618205 0.00743713
v 0.02377320 0.14775972 -0.00106047
v 0.02382359 0.14829595 -0.00716193
v 0.02389701 0.14907125 -0.01597809
v 0.02322973 0.14902431 -0.02192944
v 0.02222916 0.14895447 -0.03086002
v -0.12740472 0.03031210 -0.03960202
v -0.12717165 0.03061721 -0.04091118
v -0.11392297 0.04751621 -0.11927174
v -0.12687525 0.03100511 -0.04257504
v -0.11655019 0.04833467 -0.06620245
v -0.01671872 0.09243520 0.07791761
v -0.06822264 0.05158132 0.07642379
v -0.01936919 0.09022559 0.07915910
v -0.01936910 0.09022567 0.07915910
v -0.02676539 0.08418016 0.08114127
v -0.06551475 0.05362207 0.07782070
v -0.04234409 0.07163597 0.08298762
v -0.03711456 0.07582540 0.08263179
v -0.03711447 0.07582548 0.08263179
v -0.03069800 0.08096577 0.08219521
v -0.05802288 0.05938614 0.08023468
v -0.05403940 0.06245093 0.08151823
v -0.04759581 0.06751147 0.08232779
v 0.02121211 0.14833321 -0.03659907
v 0.02154299 0.14846022 -0.03528195
v 0.01988595 0.14782397 -0.04187622
v -0.00837483 0.13984568 -0.06819122
v 0.02970617 0.11266254 -0.15752985
v 0.02923624 0.11231627 -0.15786931
v 0.02855092 0.11177850 -0.15796097
v 0.02753039 0.11052720 -0.15255743
v 0.02800032 0.11087347 -0.15221797
v 0.02868574 0.11141131 -0.15212628
v 0.03092374 0.11337829 -0.15441954
v 0.02824939 0.11154190 -0.15800136
v 0.02740280 0.11083794 -0.15762717
v 0.02730039 0.11075278 -0.15758188
v 0.02663096 0.11015122 -0.15673356
v 0.03009827 0.11295147 -0.15724692
v 0.03057994 0.11326950 -0.15644537
v 0.03071307 0.11335737 -0.15622345
v 0.03095316 0.11344694 -0.15497591
v 0.02631282 0.10981144 -0.15566771
v 0.02898717 0.11164784 -0.15208589
v 0.02983377 0.11235180 -0.15246010
v 0.02658489 0.11010192 -0.15657815
v 0.03065168 0.11308781 -0.15350913
v 0.03060570 0.11303859 -0.15335371
v 0.02993617 0.11243696 -0.15250540
v 0.02713829 0.11023826 -0.15284035
v 0.02665662 0.10992023 -0.15364188
v 0.02652349 0.10983236 -0.15386382
v 0.02628350 0.10974287 -0.15511134
v 0.06998470 -0.08750933 0.02376551
v 0.07044953 -0.08715645 0.02413909
v 0.07100800 -0.08676892 0.02504356
v 0.06745453 -0.09007045 0.02963777
v 0.06686606 -0.09051061 0.02912638
v 0.06644658 -0.09078965 0.02834659
v 0.07124346 -0.08682651 0.02812179
v 0.07106164 -0.08700719 0.02849094
v 0.07142127 -0.08656987 0.02678718
v 0.07140163 -0.08655851 0.02645067
v 0.06879462 -0.08901653 0.03019574
v 0.06775732 -0.08984405 0.02990085
v 0.06900221 -0.08884542 0.03019196
v 0.07071969 -0.08734681 0.02918475
v 0.07012299 -0.08788549 0.02974620
v 0.06999983 -0.08799674 0.02986213
v 0.06624969 -0.09092063 0.02798057
v 0.07107820 -0.08672015 0.02515742
v 0.06618619 -0.09075243 0.02528936
v 0.06637285 -0.09056968 0.02492014
v 0.06600832 -0.09100659 0.02662103
v 0.06600884 -0.09100796 0.02664297
v 0.06753378 -0.08950244 0.02348763
v 0.06859540 -0.08860831 0.02321074
v 0.06731925 -0.08969342 0.02367581
v 0.06864262 -0.08856954 0.02321169
v 0.06674837 -0.09020191 0.02417698
v 0.06962913 -0.08777936 0.02347974
v 0.10861424 -0.05153719 -0.00483699
v 0.10918524 -0.05105767 -0.00431138
v 0.10957862 -0.05076091 -0.00354192
v 0.10515746 -0.05478593 -0.00370351
v 0.10550172 -0.05441302 -0.00442190
v 0.10606945 -0.05385381 -0.00493198
v 0.10523225 -0.05500519 -0.00027521
v 0.10504253 -0.05514649 -0.00064547
v 0.10481133 -0.05524395 -0.00198603
v 0.10481087 -0.05524294 -0.00200299
v 0.10733185 -0.05266345 -0.00540075
v 0.10833063 -0.05177528 -0.00509803
v 0.10632226 -0.05360462 -0.00515908
v 0.10730810 -0.05268511 -0.00540142
v 0.10498020 -0.05497785 -0.00333397
v 0.10999718 -0.05052134 -0.00181367
v 0.10982904 -0.05078786 -0.00048190
v 0.10965326 -0.05098038 -0.00011274
v 0.10562634 -0.05471170 0.00049421
v 0.10562638 -0.05471167 0.00049421
v 0.10976531 -0.05062015 -0.00317566
v 0.10999668 -0.05051987 -0.00183661
v 0.10619951 -0.05423415 0.00101975
v 0.10931636 -0.05134948 0.00059643
v 0.10648418 -0.05399703 0.00128072
v 0.10648428 -0.05399695 0.00128072
v 0.10874457 -0.05191742 0.00111555
v 0.10748384 -0.05311044 0.00158331
v 0.10850029 -0.05216000 0.00133727
v 0.10751699 -0.05308030 0.00158421
v 0.11129998 -0.05435265 0.05804971
v 0.11113183 -0.05461917 0.05938148
v 0.11095605 -0.05481169 0.05975063
v 0.11088142 -0.05459222 0.05632146
v 0.11106811 -0.05445146 0.05668772
v 0.10750230 -0.05806547 0.06088313
v 0.11129948 -0.05435118 0.05802677
v 0.11061916 -0.05518079 0.06045980
v 0.11004736 -0.05574873 0.06097893
v 0.10778707 -0.05782827 0.06114410
v 0.10878664 -0.05694175 0.06144669
v 0.10881978 -0.05691161 0.06144758
v 0.10980308 -0.05599131 0.06120064
v 0.10692918 -0.05854298 0.06035759
v 0.10653505 -0.05883650 0.05958816
v 0.11048803 -0.05488899 0.05555199
v 0.10646025 -0.05861724 0.05615987
v 0.10680451 -0.05824433 0.05544147
v 0.10737225 -0.05768513 0.05493139
v 0.10611366 -0.05907426 0.05786039
v 0.10628308 -0.05880909 0.05652941
v 0.10634533 -0.05897781 0.05921790
v 0.10611413 -0.05907527 0.05787736
v 0.10991703 -0.05536851 0.05502638
v 0.10762505 -0.05743593 0.05470430
v 0.10963342 -0.05560659 0.05476535
v 0.10861091 -0.05651642 0.05446196
v 0.10863464 -0.05649476 0.05446263
v -0.06400876 0.03709385 0.17992178
v -0.06683800 0.03528557 0.17691219
v -0.06846993 0.03001727 0.17661053
v 0.04936021 -0.04712340 0.16910914
v 0.04424044 -0.05084173 0.16898258
v 0.03882648 -0.05410853 0.16889133
v 0.02698886 -0.05930332 0.16881648
v 0.03300947 -0.05696845 0.16883488
v 0.03855401 -0.05424250 0.16888867
v 0.01459370 -0.06234600 0.16889149
v 0.02085037 -0.06109241 0.16883557
v 0.02668158 -0.05939286 0.16881743
v 0.02698896 -0.05930324 0.16881648
v 0.00825776 -0.06305862 0.16898377
v 0.01409575 -0.06240196 0.16889875
v 0.01409566 -0.06240204 0.16889875
v -0.00437480 -0.06285772 0.16927154
v 0.00118181 -0.06318287 0.16912982
v 0.00193447 -0.06322693 0.16911061
v -0.01669565 -0.06054708 0.16968757
v -0.01166669 -0.06171140 0.16950360
v -0.00705388 -0.04703268 0.19752558
v -0.01056471 -0.06196645 0.16946331
v -0.03562107 -0.05226937 0.17062922
v -0.03387069 -0.05337502 0.17052037
v -0.02836806 -0.05623619 0.17021750
v -0.02406007 -0.05803728 0.17000847
v -0.02406003 -0.05803724 0.17000847
v -0.02265581 -0.05862433 0.16994034
v -0.03912458 -0.05005650 0.17084709
v -0.04416065 -0.04624559 0.17120059
v -0.04600067 -0.04458687 0.17134680
v -0.04889788 -0.04197519 0.17157699
v -0.03724424 -0.03081378 0.19922063
v -0.05329758 -0.03725789 0.17197466
v -0.05329767 -0.03725797 0.17197466
v -0.05493973 -0.03526567 0.17213790
v -0.05865637 -0.03016189 0.17254543
v -0.06194314 -0.02472392 0.17296499
v -0.06205857 -0.02448982 0.17298248
v -0.06475090 -0.01902423 0.17339088
v -0.06475081 -0.01902416 0.17339090
v -0.06705862 -0.01310419 0.17381999
v -0.06719413 -0.01264326 0.17385244
v -0.06883994 -0.00704803 0.17424636
v -0.06883984 -0.00704795 0.17424637
v -0.07009703 -0.00086461 0.17466946
v -0.07009713 -0.00086468 0.17466946
v -0.07018771 -0.00008485 0.17472135
v -0.07018781 -0.00008492 0.17472135
v -0.07081771 0.00533101 0.17508167
v -0.07101305 0.01158809 0.17548639
v -0.07094811 0.01280299 0.17556272
v -0.07094821 0.01280291 0.17556272
v -0.05344231 0.01127521 0.20226687
v -0.07067923 0.01783586 0.17587899
v -0.06983392 0.02394799 0.17625177
v -0.05279421 0.04449615 0.19027543
v -0.05686083 0.04174587 0.18696457
v -0.06138215 0.03877259 0.18271600
v -0.06945629 0.02562830 0.17635109
v -0.04334686 0.05121492 0.19575441
v -0.04514631 0.04988918 0.19501983
v -0.04880608 0.04726876 0.19301590
v -0.05266528 0.04458333 0.19038044
v -0.03510169 0.05749977 0.19770852
v -0.03836790 0.05495360 0.19731389
v -0.04169744 0.05243013 0.19642772
v -0.03129979 0.06055486 0.19755463
v -0.03470682 0.05781246 0.19772355
v -0.01772307 0.07227373 0.19157143
v -0.02133728 0.06903353 0.19397378
v -0.02470759 0.06608915 0.19569583
v -0.02470768 0.06608908 0.19569583
v -0.02625476 0.06477255 0.19625115
v -0.02798986 0.06329601 0.19687384
v -0.01737249 0.07259640 0.19128214
v -0.01367657 0.07599799 0.18823355
v -0.00971975 0.07973088 0.18435739
v 0.00156172 0.08495446 0.17860247
v -0.00474936 0.08453543 0.17871299
v -0.00725575 0.08211266 0.18155937
v 0.01437854 0.08414906 0.17827199
v 0.00799446 0.08482870 0.17845443
v 0.00526286 0.08488198 0.17851728
v 0.02069746 0.08291732 0.17805564
v 0.01810715 0.08342241 0.17814435
v 0.03280227 0.07887993 0.17753382
v 0.03050016 0.07976014 0.17764024
v 0.02685078 0.08115482 0.17780893
v 0.04396774 0.07287296 0.17690638
v 0.04206559 0.07400504 0.17702022
v 0.03853719 0.07610352 0.17723131
v 0.06138425 0.05700469 0.17551175
v 0.05826277 0.06067766 0.17581476
v 0.05386723 0.06512529 0.17619507
v 0.05245316 0.06633244 0.17630310
v 0.04909283 0.06920091 0.17655982
v 0.04396848 0.07287355 0.17690639
v 0.06509512 0.05190999 0.17510493
v 0.06829362 0.04663541 0.17469774
v 0.06849690 0.04622581 0.17466711
v 0.07106550 0.04105576 0.17428032
v 0.07337878 0.03520645 0.17385562
v 0.07651179 0.02278960 0.17299274
v 0.07519411 0.02914458 0.17342813
v 0.07519486 0.02914518 0.17342816
v 0.07362612 0.03437833 0.17379723
v 0.07745589 0.00999617 0.17215340
v 0.07726074 0.01642548 0.17256913
v 0.07662552 0.02182293 0.17292839
v 0.07619871 -0.00264446 0.17137174
v 0.07710325 0.00369357 0.17175770
v 0.07739718 0.00893635 0.17208685
v 0.07477088 -0.00880484 0.17100856
v 0.07591003 -0.00389054 0.17129828
v 0.07038492 -0.02061441 0.17034818
v 0.07221387 -0.01626701 0.17058662
v 0.07221396 -0.01626693 0.17058662
v 0.05777418 -0.01001124 0.19848414
v 0.07282556 -0.01481312 0.17066635
v 0.07282546 -0.01481320 0.17066635
v 0.07477004 -0.00880551 0.17100853
v 0.06410751 -0.03144902 0.16979137
v 0.06642230 -0.02781643 0.16997348
v 0.06747969 -0.02615707 0.17005667
v 0.06747978 -0.02615700 0.17005667
v 0.05163777 -0.04524225 0.16917996
v 0.05621959 -0.04095237 0.16935481
v 0.05871377 -0.03819046 0.16947730
v 0.06034981 -0.03637883 0.16955763
v 0.06410760 -0.03144895 0.16979137
v 0.00574142 0.09285692 0.17901728
v 0.08409476 0.02414228 0.17291428
v 0.08748933 0.00922109 0.17188545
v 0.08746082 0.01079369 0.17198671
v -0.06697848 -0.05351491 0.17123193
v 0.01928435 0.09110706 0.17861055
v 0.01933095 0.09110132 0.17860916
v 0.03292055 0.08934410 0.17820096
v 0.03213039 -0.07970233 0.16739902
v 0.02987233 -0.08279952 0.16724995
v 0.02260094 -0.09041449 0.16692083
v 0.08555725 0.02096478 0.17267910
v 0.08570597 0.02064136 0.17265517
v 0.08660430 0.01766878 0.17244536
v 0.08741836 0.01312388 0.17213677
v 0.08723842 0.01426871 0.17221396
v 0.08681300 0.01697766 0.17239659
v 0.01399522 -0.09648657 0.16671948
v 0.00437906 -0.10078723 0.16665351
v -0.06403630 -0.06752241 0.17027141
v -0.06655962 -0.05731946 0.17097932
v -0.06655953 -0.05731939 0.17097932
v 0.08565374 0.00059773 0.17137349
v 0.08461111 -0.00195376 0.17123288
v 0.08431959 -0.00253643 0.17120193
v 0.08726638 0.00734645 0.17177032
v 0.08702809 0.00534636 0.17164749
v 0.08665913 0.00393300 0.17156507
v 0.08602978 0.00151731 0.17142415
v -0.07320873 0.03023218 0.17672741
v 0.04777315 0.07410187 0.17690220
v -0.00588542 -0.10315450 0.16672540
v -0.01641189 -0.10349928 0.16693240
v -0.02680415 -0.10180867 0.16726677
v -0.03667101 -0.09814628 0.16771591
v -0.05337642 -0.08552657 0.16888714
v -0.05958607 -0.07704428 0.16956514
v -0.05958617 -0.07704435 0.16956514
v 0.06195680 0.05745885 0.17552836
v 0.07373965 0.04127378 0.17423607
v -0.04564094 -0.09264991 0.16826288
v -0.03387060 -0.05337495 0.17052037
v -0.02042015 0.08925640 0.08079565
v -0.06761422 0.05192598 0.07813802
v -0.05593891 0.06087856 0.08227037
v -0.04399437 0.07023175 0.08411035
v -0.03206127 0.07976574 0.08361492
v -0.03206136 0.07976566 0.08361492
v -0.11997039 0.01992668 -0.04058664
v -0.10648850 0.03713090 -0.12025631
v 0.01231031 0.13160443 -0.11976323
v 0.01284746 0.13185865 -0.11763402
v 0.01302941 0.13193475 -0.11678983
v 0.00261566 0.12588137 -0.14423333
v 0.00450455 0.12711155 -0.14088111
v 0.00713294 0.12875298 -0.13535127
v 0.01135012 0.13114981 -0.12356668
v 0.00945987 0.13012514 -0.12945940
v 0.00826858 0.12942272 -0.13247676
v -0.01283608 0.11515634 -0.16351657
v -0.00947288 0.11757591 -0.16036685
v -0.00552324 0.12036452 -0.15601793
v 0.00146597 0.12513264 -0.14627381
v -0.00185394 0.12289885 -0.15128475
v -0.00448829 0.12107939 -0.15468346
v -0.03224415 0.10067652 -0.17533231
v -0.02770046 0.10413951 -0.17346478
v -0.02279392 0.10783209 -0.17087054
v -0.01367594 0.11455215 -0.16430342
v -0.01816205 0.11127073 -0.16784064
v -0.02217996 0.10828789 -0.17046890
v -0.03263804 0.10037632 -0.17549421
v -0.03784431 0.09636027 -0.17704318
v -0.04272961 0.09254825 -0.17796072
v -0.04293672 0.09238664 -0.17799960
v -0.04803296 0.08836603 -0.17841579
v -0.04871180 0.08782718 -0.17843072
v -0.05332391 0.08414473 -0.17826894
v -0.05352353 0.08398534 -0.17826192
v -0.06370747 0.07571924 -0.17624518
v -0.06331299 0.07604456 -0.17638627
v -0.05837794 0.08006904 -0.17759469
v -0.07356913 0.06752433 -0.17195071
v -0.07271371 0.06824696 -0.17246819
v -0.06802765 0.07215659 -0.17470036
v -0.06370756 0.07571917 -0.17624518
v -0.08262022 0.05980145 -0.16553074
v -0.08146021 0.06080937 -0.16657664
v -0.07716060 0.06449039 -0.16977824
v -0.09059339 0.05277864 -0.15717395
v -0.08930884 0.05393508 -0.15882774
v -0.08930874 0.05393516 -0.15882774
v -0.08551840 0.05728324 -0.16291760
v -0.08262017 0.05980149 -0.16553074
v -0.09725294 0.04666344 -0.14712632
v -0.09602419 0.04782538 -0.14939386
v -0.09284678 0.05075002 -0.15427315
v -0.10240067 0.04163761 -0.13568430
v -0.10138986 0.04267133 -0.13850714
v -0.09891996 0.04508705 -0.14405003
v -0.10588916 0.03784618 -0.12318878
v -0.10588925 0.03784611 -0.12318878
v -0.10522171 0.03864275 -0.12645467
v -0.10354267 0.04046969 -0.13249458
v 0.02999847 0.13888480 -0.03623695
v 0.02999772 0.13888420 -0.03623697
v 0.03129090 0.13933089 -0.02907794
v 0.03217577 0.13943976 -0.02175933
v 0.03204597 0.13942367 -0.02283128
v 0.03266745 0.13912275 -0.01305042
v 0.03261436 0.13922937 -0.01488082
v 0.03261534 0.13849220 -0.00580555
v 0.03263110 0.13867705 -0.00792482
v 0.03122399 0.13620816 0.00867037
v 0.03145908 0.13654636 0.00681123
v 0.03213997 0.13752669 0.00141716
v 0.02815568 0.13263755 0.02256132
v 0.02854137 0.13306805 0.02104049
v 0.02990230 0.13458736 0.01567151
v 0.02351659 0.12789279 0.03552319
v 0.02394542 0.12832229 0.03443702
v 0.02602860 0.13040850 0.02916270
v 0.01742743 0.12208960 0.04731429
v 0.01777550 0.12241700 0.04669342
v 0.02063966 0.12511075 0.04158892
v 0.01003428 0.11536245 0.05771004
v 0.01017358 0.11548799 0.05752901
v 0.01386923 0.11881922 0.05271993
v 0.00150894 0.10786442 0.06650869
v 0.00588236 0.11168277 0.06234027
v -0.00795560 0.09976254 0.07354448
v -0.00313006 0.10386831 0.07026491
v 0.00130208 0.10768622 0.06667629
v -0.00862173 0.09920042 0.07393994
v -0.08513728 0.03900855 0.06555097
v -0.08014186 0.04266250 0.06948981
v -0.07648739 0.04537137 0.07193138
v -0.09453183 0.03229227 0.05623148
v -0.09000657 0.03549932 0.06106630
v -0.09000666 0.03549924 0.06106630
v -0.08673303 0.03785851 0.06408123
v -0.08673294 0.03785859 0.06408124
v -0.10274385 0.02664300 0.04535979
v -0.09880692 0.02931978 0.05095958
v -0.09600846 0.03126555 0.05441062
v -0.09600837 0.03126563 0.05441063
v -0.10635889 0.02425019 0.03941696
v -0.10409723 0.02574720 0.04313490
v -0.11251062 0.02038908 0.02671245
v -0.11081345 0.02143016 0.03051453
v -0.10961689 0.02216414 0.03319503
v -0.11714182 0.01780734 0.01315127
v -0.11600327 0.01841314 0.01684063
v -0.11502089 0.01893582 0.02002432
v -0.12016968 0.01654355 -0.00093115
v -0.11954815 0.01676490 0.00242773
v -0.11885513 0.01701174 0.00617258
v -0.12158089 0.01735953 -0.02477310
v -0.12163321 0.01672858 -0.01752575
v -0.12156387 0.01659959 -0.01526082
v -0.12136713 0.01652291 -0.01239308
v -0.12107010 0.01640701 -0.00806167
v -0.12819876 0.02963223 -0.03522302
v -0.12141678 0.01769395 -0.02728002
v -0.12111387 0.01831108 -0.03190583
v -0.12028214 0.01952090 -0.03864648
v -0.11997025 0.01992680 -0.04058664
v 0.02098460 0.11573026 -0.15461282
v 0.02116727 0.11598275 -0.15593062
v 0.02133763 0.11614593 -0.15627061
v 0.02166915 0.11646345 -0.15693194
v 0.02227748 0.11699089 -0.15746650
v 0.02251793 0.11719932 -0.15767710
v 0.02353945 0.11803246 -0.15792856
v 0.02357249 0.11805802 -0.15791956
v 0.02458421 0.11884084 -0.15764807
v 0.02489129 0.11906391 -0.15738679
v 0.02545916 0.11947641 -0.15690379
v 0.02587978 0.11974839 -0.15613319
v 0.02607542 0.11987486 -0.15577446
v 0.02631075 0.11995507 -0.15445834
v 0.02612808 0.11970259 -0.15314056
v 0.02595772 0.11953940 -0.15280057
v 0.02562620 0.11922188 -0.15213923
v 0.02501787 0.11869444 -0.15160468
v 0.02477742 0.11848602 -0.15139408
v 0.02121993 0.11581047 -0.15329672
v 0.02141557 0.11593695 -0.15293799
v 0.02183629 0.11620900 -0.15216739
v 0.02240415 0.11662150 -0.15168437
v 0.02271114 0.11684449 -0.15142313
v 0.02372286 0.11762732 -0.15115163
v 0.02375590 0.11765287 -0.15114261
v 0.06953795 -0.09186645 0.02325100
v 0.06859531 -0.08860838 0.02321074
v 0.07058650 -0.09101290 0.02301301
v 0.07063679 -0.09097305 0.02301506
v 0.07168537 -0.09016476 0.02333402
v 0.07194371 -0.08997805 0.02356528
v 0.07258199 -0.08951672 0.02413687
v 0.07296325 -0.08927195 0.02485696
v 0.07316406 -0.08914303 0.02523619
v 0.07340387 -0.08906189 0.02658454
v 0.07340481 -0.08906642 0.02664957
v 0.07320681 -0.08933136 0.02797056
v 0.07303833 -0.08949117 0.02828745
v 0.07262074 -0.08988729 0.02907321
v 0.07207443 -0.09035847 0.02952261
v 0.07178695 -0.09060641 0.02975905
v 0.07073849 -0.09145989 0.02999706
v 0.07068811 -0.09149981 0.02999501
v 0.06963957 -0.09230806 0.02967613
v 0.06938129 -0.09249473 0.02944479
v 0.06686614 -0.09051054 0.02912638
v 0.06874296 -0.09295610 0.02887318
v 0.06836165 -0.09320091 0.02815310
v 0.06816085 -0.09332982 0.02777387
v 0.06792113 -0.09341089 0.02642552
v 0.06792018 -0.09340636 0.02636048
v 0.06811818 -0.09314143 0.02503959
v 0.06828662 -0.09298165 0.02472261
v 0.06870425 -0.09258549 0.02393684
v 0.06925048 -0.09211439 0.02348744
v 0.10820850 -0.05913092 -0.00097738
v 0.10796864 -0.05921210 -0.00232574
v 0.10796770 -0.05920757 -0.00239078
v 0.10498029 -0.05497778 -0.00333397
v 0.10816570 -0.05894263 -0.00371168
v 0.10833413 -0.05878285 -0.00402865
v 0.10875191 -0.05838658 -0.00481441
v 0.10929808 -0.05791552 -0.00526381
v 0.10958552 -0.05766762 -0.00550026
v 0.11063401 -0.05681410 -0.00573826
v 0.11068436 -0.05677422 -0.00573620
v 0.11173294 -0.05596593 -0.00541724
v 0.11199085 -0.05577955 -0.00518600
v 0.11262950 -0.05531793 -0.00461439
v 0.11301067 -0.05507323 -0.00389430
v 0.11321152 -0.05494427 -0.00351507
v 0.11345138 -0.05486309 -0.00216672
v 0.11345205 -0.05486785 -0.00210169
v 0.11325461 -0.05513234 -0.00078078
v 0.11308617 -0.05529211 -0.00046380
v 0.11266797 -0.05568872 0.00032194
v 0.11212198 -0.05615963 0.00077135
v 0.11183441 -0.05640765 0.00100779
v 0.11078601 -0.05726109 0.00124580
v 0.11073567 -0.05730097 0.00124375
v 0.10968709 -0.05810927 0.00092487
v 0.10942880 -0.05829594 0.00069353
v 0.10879047 -0.05875730 0.00012192
v 0.10523216 -0.05500527 -0.00027522
v 0.10840926 -0.05900204 -0.00059815
v 0.10840916 -0.05900211 -0.00059816
v 0.10951129 -0.06296223 0.05888599
v 0.10927144 -0.06304342 0.05753764
v 0.10927049 -0.06303888 0.05747259
v 0.10628299 -0.05880916 0.05652940
v 0.10946849 -0.06277394 0.05615171
v 0.10963693 -0.06261417 0.05583473
v 0.11005470 -0.06221789 0.05504896
v 0.11060087 -0.06174683 0.05459956
v 0.11088831 -0.06149893 0.05436312
v 0.11193681 -0.06064541 0.05412512
v 0.11198715 -0.06060553 0.05412718
v 0.11303573 -0.05979724 0.05444614
v 0.11329364 -0.05961086 0.05467738
v 0.11393230 -0.05914924 0.05524899
v 0.11431347 -0.05890454 0.05596907
v 0.11451432 -0.05877559 0.05634831
v 0.11475417 -0.05869440 0.05769666
v 0.11475484 -0.05869916 0.05776168
v 0.11455740 -0.05896365 0.05908269
v 0.11438897 -0.05912343 0.05939958
v 0.11397076 -0.05952003 0.06018532
v 0.11342478 -0.05999095 0.06063472
v 0.11313721 -0.06023896 0.06087117
v 0.11208880 -0.06109240 0.06110918
v 0.11203846 -0.06113228 0.06110713
v 0.10778698 -0.05782834 0.06114409
v 0.11098988 -0.06194058 0.06078825
v 0.11073159 -0.06212725 0.06055691
v 0.10692913 -0.05854302 0.06035759
v 0.11009327 -0.06258861 0.05998529
v 0.10653495 -0.05883658 0.05958816
v 0.10971205 -0.06283335 0.05926522
v 0.10971195 -0.06283342 0.05926522
v -0.06789863 -0.05624349 0.15203397
v -0.06838381 -0.05237663 0.15229201
v -0.06533593 -0.06662381 0.15131384
v -0.06650170 -0.06311867 0.15156354
v -0.06769077 -0.05790074 0.15192337
v -0.06080583 -0.07630915 0.15059538
v -0.06262175 -0.07311468 0.15083936
v -0.06482280 -0.06816678 0.15120393
v -0.05448583 -0.08493522 0.14990577
v -0.05681005 -0.08225489 0.15012789
v -0.05995296 -0.07780939 0.15048081
v -0.04661428 -0.09217686 0.14927098
v -0.04922954 -0.09016050 0.14945695
v -0.05323489 -0.08637790 0.14978620
v -0.02745564 -0.10149132 0.14825791
v -0.02998723 -0.10082773 0.14835547
v -0.02998732 -0.10082781 0.14835547
v -0.03510040 -0.09893198 0.14858808
v -0.04485708 -0.09353181 0.14914604
v -0.04017065 -0.09644823 0.14885738
v -0.03748872 -0.09776203 0.14871493
v -0.03748881 -0.09776211 0.14871493
v -0.00617894 -0.10286155 0.14770718
v -0.00874936 -0.10320189 0.14774133
v -0.01412489 -0.10338651 0.14784651
v -0.02470995 -0.10221086 0.14815210
v -0.01951343 -0.10304616 0.14798555
v -0.01951334 -0.10304609 0.14798556
v -0.01688561 -0.10321212 0.14791775
v 0.00426107 -0.10045285 0.14763413
v 0.00190794 -0.10125374 0.14763407
v -0.00339584 -0.10249295 0.14767019
v -0.00339593 -0.10249303 0.14767019
v -0.00617880 -0.10286143 0.14770718
v 0.01404180 -0.09607947 0.14770117
v 0.01207830 -0.09721954 0.14767094
v 0.00707467 -0.09949530 0.14763418
v 0.02279640 -0.08990586 0.14790577
v 0.02135579 -0.09118671 0.14785513
v 0.01682674 -0.09446241 0.14774406
v 0.03254267 -0.07904432 0.14838880
v 0.03019940 -0.08216562 0.14824003
v 0.02926876 -0.08340524 0.14818095
v 0.02550697 -0.08749586 0.14800102
v 0.02550706 -0.08749578 0.14800102
v -0.07465313 0.03189535 0.15782192
v 0.00539032 0.09398287 0.16957530
v 0.00503997 0.09510941 0.16013335
v -0.07465304 0.03189543 0.15782194
v 0.01897252 0.09330972 0.15971495
v 0.01914302 0.09220672 0.16916232
v 0.03294191 0.09042245 0.16874783
v 0.03296222 0.09150060 0.15929471
v 0.01900103 0.09330584 0.15971409
v 0.06232436 0.05929090 0.15659426
v 0.05985797 0.06235236 0.15684387
v 0.05129588 0.07242725 0.15767501
v 0.04805166 0.07594304 0.15797062
v 0.04232960 0.08214456 0.15849206
v 0.08455580 0.02583290 0.15396909
v 0.08137686 0.03145521 0.15439811
v 0.08432575 0.02498796 0.16344170
v 0.07547412 0.04103279 0.15513955
v 0.07411960 0.04301158 0.15529567
v 0.06911797 0.05031963 0.15587224
v 0.08583482 0.02176301 0.16320246
v 0.08797961 0.01462921 0.15317754
v 0.08781964 0.01561072 0.15324384
v 0.08758219 0.01494852 0.16272829
v 0.08454224 -0.00218296 0.16169803
v 0.08476480 -0.00182956 0.15219413
v 0.08522080 -0.00090940 0.15224309
v 0.08595710 0.00101323 0.16187179
v 0.08699805 0.00440834 0.16206643
v 0.08781684 0.01140487 0.16249640
v 0.08734276 0.01853692 0.15344149
v 0.08691877 0.01841087 0.16296433
v 0.08765496 0.00671120 0.15267785
v 0.08762026 0.00788796 0.16227560
v 0.08616031 0.00146963 0.15237491
v 0.08669139 0.00281436 0.15244941
v 0.08721095 0.00491514 0.15257256
v 0.08607402 0.02254343 0.15372552
v 0.08620327 0.02226554 0.15370493
v 0.08716127 0.01913106 0.15348347
v 0.08784332 0.00844479 0.15278469
v 0.08808328 0.01064971 0.15292059
v 0.08804775 0.01201271 0.15300860
v 0.01627755 0.10063729 0.06191476
v 0.01158279 0.10653836 0.06239461
v 0.00856510 0.10133851 0.06636564
v 0.00531696 0.10164665 0.06802171
v -0.01294656 0.08896416 0.07877631
v -0.00760143 0.09342884 0.07616652
v -0.00936043 0.09847131 0.07567909
v -0.00625715 0.09456445 0.07535329
v -0.00533116 0.10187718 0.07321616
v -0.00247451 0.09775981 0.07306609
v -0.00046989 0.10603580 0.06963621
v 0.00239673 0.10192434 0.06951095
v 0.00087978 0.10720542 0.06845741
v 0.00415209 0.11004118 0.06559952
v 0.00688804 0.11243943 0.06287445
v -0.02895913 0.07585975 0.08326724
v -0.02400539 0.07987200 0.08239190
v -0.01843019 0.08443250 0.08085475
v -0.01843029 0.08443242 0.08085475
v -0.01732489 0.08534592 0.08043581
v -0.02969160 0.07526647 0.08339667
v -0.02969165 0.07526644 0.08339667
v -0.03539901 0.07068842 0.08385631
v -0.04684998 0.06163429 0.08316752
v -0.05254012 0.05720018 0.08202594
v -0.04113570 0.06613077 0.08377846
v -0.04088803 0.06632754 0.08378185
v -0.06449896 0.04803060 0.07778811
v -0.06364340 0.04867696 0.07820997
v -0.05811442 0.05289923 0.08037999
v -0.05283051 0.05697612 0.08194024
v -0.07322458 0.04458172 0.07419837
v -0.07167127 0.04262928 0.07403961
v -0.06897897 0.04464600 0.07557944
v -0.06897888 0.04464607 0.07557944
v -0.07469678 0.04659475 0.07440566
v -0.07477790 0.04653416 0.07435714
v 0.01989236 0.10032304 0.05957978
v 0.02339193 0.10002849 0.05715878
v 0.01708240 0.10795924 0.05780367
v 0.01674080 0.10059704 0.06161566
v 0.00883282 0.11416630 0.06066507
v 0.01987164 0.10032448 0.05959386
v 0.01058984 0.11572642 0.05866960
v 0.01077287 0.11589000 0.05844856
v 0.01887716 0.09431435 0.15978132
v 0.01881089 0.09432223 0.15978327
v 0.00437065 0.09611935 0.16021255
v 0.03103165 0.09941766 0.05133172
v 0.03004251 0.09949389 0.05213840
v 0.03220704 0.09596103 0.10534076
v 0.03338243 0.09250440 0.15934981
v -0.07667153 0.04202126 0.07196192
v -0.07511821 0.04006882 0.07180317
v -0.07340503 0.04133860 0.07294928
v -0.07822485 0.04397370 0.07212069
v -0.07651166 0.04524348 0.07326680
v -0.07651166 0.04524347 0.07326689
v -0.02279383 0.10783216 -0.17087054
v -0.02181370 0.10866587 -0.17153384
v -0.03203243 0.10093668 -0.17646027
v -0.03203252 0.10093661 -0.17646027
v -0.01232259 0.11564367 -0.16448587
v -0.09804925 0.04608966 -0.14786121
v -0.10327958 0.04098372 -0.13624203
v -0.00384215 0.12166193 -0.15552574
v -0.09804920 0.04608970 -0.14786121
v -0.09128288 0.05230230 -0.15806186
v -0.04267573 0.09268529 -0.17911889
v 0.00337717 0.12654302 -0.14491944
v -0.09319193 0.03311547 0.05921724
v -0.08374633 0.03991210 0.06804806
v 0.00912016 0.13014130 -0.13298200
v 0.01321636 0.13235004 -0.12006789
v -0.10159093 0.02728167 0.04878554
v -0.08318146 0.05943710 -0.16654107
v -0.07398570 0.06728207 -0.17304704
v -0.07398560 0.06728214 -0.17304704
v -0.10876285 0.02253607 0.03697704
v -0.10159084 0.02728174 0.04878554
v -0.11883871 0.01669170 0.01026901
v -0.11455355 0.01898064 0.02404560
v -0.06396858 0.07560433 -0.17738654
v -0.05342752 0.08415677 -0.17943072
v 0.03098518 0.13549772 0.01507067
v 0.03308485 0.13830177 0.00112989
v -0.12255832 0.01608188 -0.01862375
v -0.12191285 0.01777408 -0.03311913
v -0.12085721 0.01924532 -0.04088387
v 0.02731485 0.13149546 0.02837990
v -0.12152620 0.01571848 -0.00405669
v 0.01390473 0.13265115 -0.11703593
v 0.02215155 0.12637928 0.04078066
v 0.01560181 0.12025495 0.05201488
v -0.10737537 0.03644950 -0.12055353
v -0.10681888 0.03713584 -0.12354939
v 0.03243330 0.14010978 -0.02747937
v 0.03087295 0.13960053 -0.03648310
v -0.12253952 0.01600968 -0.01755203
v 0.03357081 0.13984977 -0.01315253
v -0.00173390 0.09869052 -0.16733593
v 0.00010392 0.10002418 -0.16575597
v 0.00858437 0.10604243 -0.15679584
v 0.01580369 0.11092351 -0.14618954
v 0.02338501 0.11861531 -0.16660738
v 0.02596705 0.12062661 -0.16607954
v 0.02960277 0.12331232 -0.16353653
v 0.03214410 0.12499289 -0.15933993
v 0.03312421 0.12535964 -0.15426072
v 0.03236407 0.12434597 -0.14923200
v 0.03000231 0.12213733 -0.14517763
v 0.01773685 0.11217310 -0.14264287
v 0.02391044 0.11707010 -0.14246382
v 0.02647275 0.11913941 -0.14284246
v 0.07832512 -0.08477110 0.02196606
v 0.07928245 -0.08439888 0.02675504
v 0.06851141 -0.09207275 0.01574443
v 0.06510115 -0.09495013 0.01776444
v 0.07585010 -0.08642387 0.01807620
v 0.07234765 -0.08902977 0.01585570
v 0.06299982 -0.09770171 0.03104389
v 0.06204250 -0.09807394 0.02625502
v 0.07281359 -0.09040003 0.03726564
v 0.07622375 -0.08752272 0.03524561
v 0.07853249 -0.08538092 0.03149440
v 0.06510124 -0.09495006 0.01776444
v 0.06279246 -0.09709189 0.02151555
v 0.06204259 -0.09807386 0.02625502
v 0.06547481 -0.09604899 0.03493385
v 0.06547490 -0.09604891 0.03493385
v 0.06897735 -0.09344301 0.03715437
v 0.11837310 -0.05057193 -0.00678509
v 0.11932973 -0.05020027 -0.00199622
v 0.10855892 -0.05787395 -0.01300683
v 0.10514876 -0.06075126 -0.01098682
v 0.11589789 -0.05222485 -0.01067505
v 0.11239525 -0.05483091 -0.01289556
v 0.10304733 -0.06350292 0.00229263
v 0.10209006 -0.06387510 -0.00249624
v 0.11286119 -0.05620116 0.00851438
v 0.11627154 -0.05332370 0.00649436
v 0.11858047 -0.05118175 0.00274315
v 0.10283998 -0.06289311 -0.00723561
v 0.10552241 -0.06185012 0.00618259
v 0.10902486 -0.05924421 0.00840311
v 0.11967590 -0.05440324 0.05307819
v 0.12063252 -0.05403158 0.05786716
v 0.10986172 -0.06170527 0.04685655
v 0.10645155 -0.06458257 0.04887656
v 0.11720069 -0.05605616 0.04918833
v 0.11369804 -0.05866222 0.04696782
v 0.10435013 -0.06733423 0.06215601
v 0.10339285 -0.06770641 0.05736714
v 0.11416399 -0.06003248 0.06837776
v 0.11757434 -0.05715502 0.06635773
v 0.11988326 -0.05501306 0.06260654
v 0.10414277 -0.06672441 0.05262766
v 0.10682520 -0.06568144 0.06604597
v 0.11032766 -0.06307552 0.06826649
v -0.06652818 -0.06704417 0.15131289
v -0.06189718 -0.07695280 0.15057795
v -0.06189714 -0.07695277 0.15057795
v 0.08520610 0.02816752 0.15410437
v 0.08813062 0.02166381 0.15362448
v -0.06915394 -0.05642675 0.15204956
v 0.08943240 0.01473154 0.15315247
v -0.06958982 -0.05246767 0.15231243
v -0.07590653 0.03244199 0.15788420
v 0.04880380 0.07671588 0.15800372
v 0.07467391 0.04439909 0.15537241
v 0.06312016 0.05992214 0.15661734
v 0.08918714 0.00817682 0.15273830
v -0.04738561 -0.09319233 0.14922279
v -0.03805126 -0.09891187 0.14865358
v -0.05543514 -0.08577952 0.14987239
v 0.08738657 0.00131899 0.15233858
v 0.08407735 -0.00500244 0.15200602
v 0.03354468 -0.07971880 0.14832383
v 0.01467288 -0.09718482 0.14761670
v 0.02362818 -0.09086608 0.14782621
v 0.02362809 -0.09086616 0.14782621
v 0.03119496 -0.08294178 0.14816870
v -0.05543524 -0.08577959 0.14987239
v -0.05751197 -0.08331731 0.15007517
v 0.00466620 -0.10166012 0.14754805
v -0.02778366 -0.10272307 0.14818622
v -0.02745555 -0.10149124 0.14825791
v -0.00601521 -0.10412353 0.14762284
v -0.01412494 -0.10338655 0.14784651
v -0.01696928 -0.10448235 0.14783826
v -0.06364331 0.04867703 0.07820997
v -0.06449887 0.04803067 0.07778811
v -0.07647640 0.03906437 0.07086749
v -0.07647630 0.03906445 0.07086749
v -0.07782133 0.03807311 0.06989918
v 0.00045830 0.09542058 -0.16780013
v 0.02834651 0.11239428 -0.16753373
v 0.00270912 0.09205821 -0.16827720
v 0.03038810 0.11399160 -0.16720264
v 0.02889015 0.11079553 -0.14255355
v 0.02966465 0.11141305 -0.14257009
v 0.03154134 0.11293676 -0.14294718
v 0.03155695 0.11294945 -0.14295045
v 0.03517671 0.11602692 -0.14538147
v 0.03501139 0.11587819 -0.14516981
v 0.03337043 0.11446313 -0.14382258
v 0.03838235 0.11933975 -0.15475842
v 0.03842219 0.11931008 -0.15400377
v 0.03813303 0.11886803 -0.15139668
v 0.03640056 0.11712796 -0.14694785
v 0.03744991 0.11813340 -0.14904585
v 0.03760284 0.11829800 -0.14957386
v 0.03736286 0.11895389 -0.15998784
v 0.03778349 0.11920004 -0.15889959
v 0.03778424 0.11920064 -0.15889956
v 0.03829325 0.11940897 -0.15648137
v 0.03474607 0.11722328 -0.16430737
v 0.03561170 0.11783359 -0.16334367
v 0.03687511 0.11866836 -0.16124848
v 0.03404327 0.11672784 -0.16509068
v 0.03223464 0.11539619 -0.16640975
v 0.03100676 0.11446219 -0.16693696
v 0.02292487 0.10606376 -0.14272657
v 0.02033081 0.10911840 -0.14268492
v 0.04827007 0.11773323 -0.03826124
v 0.03130186 0.11078385 -0.11881407
v 0.03299722 0.09838641 0.05023530
v 0.03179135 0.09869494 0.05111169
v 0.03254587 0.09797363 0.05089564
v 0.04957117 0.11818313 -0.03106417
v 0.04979060 0.11821037 -0.02925227
v 0.05046275 0.11829562 -0.02372443
v 0.05092914 0.11806449 -0.01631896
v 0.05045683 0.11641498 -0.00065447
v 0.05056849 0.11658341 -0.00163337
v 0.05096244 0.11748994 -0.00892734
v 0.05093505 0.11795647 -0.01493263
v 0.04974888 0.11534406 0.00558903
v 0.04851769 0.11379080 0.01264505
v 0.04470081 0.10961986 0.02659456
v 0.04485101 0.10977189 0.02619450
v 0.04687760 0.11192549 0.01953785
v 0.04836487 0.11361717 0.01328504
v 0.04243327 0.10732447 0.03263760
v 0.03967173 0.10463016 0.03875322
v 0.03324457 0.09861256 0.04987415
v 0.03654876 0.10167079 0.04459237
v 0.03954163 0.10450689 0.03899634
v 0.03391119 0.09395845 0.11363198
v 0.04320253 0.08456188 0.11330595
v 0.06216726 0.06272447 0.11283156
v 0.06016267 0.06522460 0.11286750
v 0.06264371 0.06132330 0.13472448
v 0.05210454 0.07479733 0.11304767
v 0.04851892 0.07872962 0.11315165
v 0.04778012 0.07954107 0.11317318
v -0.07740545 0.03199336 0.06735264
v -0.07740536 0.03199343 0.06735265
v -0.07711533 0.02775347 0.06557676
v -0.07645566 0.01796546 0.06089304
v -0.08033964 0.00806188 0.05215750
v -0.07599970 0.01110322 0.05721708
v -0.07602946 0.01155167 0.05745732
v -0.08033974 0.00806181 0.05215750
v -0.10449199 -0.00407482 -0.03489108
v -0.10378122 -0.00304013 -0.04066149
v -0.10378112 -0.00304005 -0.04066149
v -0.10346009 -0.00262198 -0.04266201
v -0.09135216 0.00068050 0.03518724
v -0.08820394 0.00272642 0.04082876
v -0.08443148 0.00525301 0.04666647
v -0.08418518 0.00542209 0.04699698
v -0.09164380 0.00049097 0.03466478
v -0.09470832 -0.00142613 0.02825801
v -0.10142410 -0.00516114 0.00848420
v -0.09970552 -0.00430573 0.01477884
v -0.09740065 -0.00302786 0.02161447
v -0.09714008 -0.00287284 0.02225747
v -0.10161168 -0.00525451 0.00779716
v -0.10311811 -0.00587438 0.00068147
v -0.10514240 -0.00585761 -0.01933017
v -0.10489431 -0.00611879 -0.01369099
v -0.10421089 -0.00616118 -0.00648312
v -0.10411249 -0.00613536 -0.00583795
v -0.10461653 -0.00425612 -0.03388007
v -0.10509051 -0.00522277 -0.02662978
v -0.10509042 -0.00522269 -0.02662978
v -0.10513479 -0.00576458 -0.02039983
v -0.08997825 0.01458220 -0.12233167
v 0.03056457 0.11044248 -0.12182943
v -0.00443657 0.08677805 -0.17325525
v -0.00148948 0.08897340 -0.17141931
v 0.02560474 0.10772878 -0.13698313
v -0.08937084 0.01530743 -0.12530765
v -0.08870360 0.01610406 -0.12857631
v -0.08699381 0.01796520 -0.13473588
v -0.08060877 0.02425367 -0.14960010
v -0.08237461 0.02258210 -0.14632010
v -0.08488194 0.02012690 -0.14065790
v -0.08488198 0.02012687 -0.14065790
v -0.08583359 0.01915280 -0.13798942
v -0.07948545 0.02531703 -0.15168668
v -0.07627685 0.02827336 -0.15665053
v -0.06576248 0.03758413 -0.16828154
v -0.06893852 0.03482178 -0.16538462
v -0.07274961 0.03145191 -0.16122982
v -0.07385238 0.03045816 -0.15979820
v -0.06486444 0.03836519 -0.16910063
v -0.06054960 0.04206292 -0.17235890
v -0.04657125 0.05373713 -0.17916389
v -0.04659454 0.05371811 -0.17915794
v -0.05141032 0.04974262 -0.17738503
v -0.05608078 0.04584181 -0.17510872
v -0.05657906 0.04542046 -0.17480209
v -0.04171212 0.05770403 -0.18040705
v -0.03674534 0.06171555 -0.18114574
v -0.02528179 0.07081132 -0.18084611
v -0.02658061 0.06979547 -0.18106084
v -0.03171357 0.06573677 -0.18136781
v -0.03602836 0.06228853 -0.18117738
v -0.02140660 0.07384224 -0.18020542
v -0.01626805 0.07781633 -0.17880322
v -0.00621774 0.08545123 -0.17436489
v -0.01120680 0.08168495 -0.17686017
v -0.01464688 0.07905549 -0.17818083
v 0.02977058 0.11007509 -0.12507972
v 0.02791493 0.10908046 -0.13100323
v 0.02647323 0.10823690 -0.13473472
v 0.05562463 0.08448559 0.11188693
v 0.06942874 0.06860739 0.11152979
v 0.07407975 0.07556623 0.07145600
v 0.07845143 0.08291074 0.02390629
v 0.08125138 0.08849292 -0.01734810
v 0.05249318 0.11793984 0.00051646
v 0.06734356 0.10422009 -0.01614852
v 0.05343564 0.11994720 -0.01494894
v 0.04622491 0.10700092 0.07371353
v 0.04511828 0.10524833 0.08443967
v 0.05562437 0.08448592 0.11188696
v 0.04181967 0.10036317 0.11224337
v 0.05062414 0.11436099 0.02624209
v 0.05045500 0.11403662 0.02857636
v 0.04799613 0.10980580 0.05654910
v 0.06043256 -0.09570758 0.02886332
v 0.06109871 -0.09535933 0.03117065
v 0.06112922 -0.09533979 0.03123187
v 0.06359005 -0.09366776 0.03511605
v 0.06350495 -0.09373102 0.03504419
v 0.06214384 -0.09468780 0.03327313
v 0.06705738 -0.09102497 0.03733156
v 0.06691134 -0.09114238 0.03730246
v 0.06512485 -0.09252705 0.03641281
v 0.07061622 -0.08811587 0.03752308
v 0.06879801 -0.08962640 0.03767717
v 0.07417811 -0.08498824 0.03542719
v 0.07397904 -0.08517417 0.03566848
v 0.07239303 -0.08658921 0.03684114
v 0.07083580 -0.08792729 0.03743887
v 0.07531450 -0.08392641 0.03404929
v 0.07531460 -0.08392633 0.03404929
v 0.07632105 -0.08292144 0.03207841
v 0.07719125 -0.08177035 0.02696878
v 0.07719164 -0.08181955 0.02757120
v 0.07695898 -0.08220159 0.02983733
v 0.07643129 -0.08279701 0.03169128
v 0.07693300 -0.08178850 0.02455183
v 0.07693309 -0.08178843 0.02455183
v 0.07627720 -0.08214919 0.02224389
v 0.07381766 -0.08388148 0.01829447
v 0.07390299 -0.08381644 0.01836734
v 0.07524731 -0.08283924 0.02014019
v 0.07624685 -0.08216959 0.02218190
v 0.06864010 -0.08795884 0.01573030
v 0.07037582 -0.08655602 0.01607648
v 0.07052267 -0.08643734 0.01610573
v 0.07229842 -0.08503919 0.01699688
v 0.07381771 -0.08388144 0.01829447
v 0.06681893 -0.08946583 0.01588437
v 0.06659739 -0.08965360 0.01596908
v 0.06207980 -0.09360460 0.01936160
v 0.06322980 -0.09256095 0.01798333
v 0.06343184 -0.09237758 0.01774110
v 0.06503241 -0.09098058 0.01656717
v 0.06503250 -0.09098051 0.01656718
v 0.06105781 -0.09459034 0.02133385
v 0.06105771 -0.09459041 0.02133385
v 0.06094518 -0.09471267 0.02172236
v 0.06017063 -0.09572109 0.02644634
v 0.06017047 -0.09567215 0.02584299
v 0.06040828 -0.09529608 0.02357609
v 0.10733704 -0.05203126 -0.01288054
v 0.10898557 -0.05055086 -0.01252619
v 0.10013939 -0.05983653 0.00258637
v 0.10010849 -0.05985889 0.00252136
v 0.09946892 -0.06023831 0.00021346
v 0.09946901 -0.06023823 0.00021347
v 0.10111036 -0.05913647 0.00462664
v 0.10241417 -0.05811261 0.00640254
v 0.10582595 -0.05521827 0.00870974
v 0.10567586 -0.05535235 0.00867766
v 0.10396522 -0.05682777 0.00777855
v 0.10250150 -0.05804021 0.00648015
v 0.10250160 -0.05804013 0.00648015
v 0.10748257 -0.05373903 0.00906333
v 0.10923599 -0.05212209 0.00891777
v 0.11245595 -0.04900005 0.00707723
v 0.11237697 -0.04907806 0.00713779
v 0.11093771 -0.05050046 0.00824344
v 0.10944595 -0.05192190 0.00883452
v 0.11480083 -0.04648824 0.00311167
v 0.11469535 -0.04661898 0.00349690
v 0.11373396 -0.04767910 0.00546365
v 0.11264575 -0.04880383 0.00683739
v 0.11530428 -0.04586271 0.00125957
v 0.11552508 -0.04546587 -0.00100214
v 0.11461445 -0.04586048 -0.00639735
v 0.11464678 -0.04583621 -0.00632903
v 0.11527524 -0.04544458 -0.00402172
v 0.11552361 -0.04541617 -0.00160720
v 0.11366075 -0.04657647 -0.00843479
v 0.11237483 -0.04762012 -0.01021257
v 0.11199170 -0.04794535 -0.01055680
v 0.11228474 -0.04769658 -0.01029407
v 0.10914008 -0.05041204 -0.01249300
v 0.11084009 -0.04892302 -0.01159119
v 0.10558075 -0.05364466 -0.01273578
v 0.10536575 -0.05384679 -0.01265114
v 0.10104083 -0.05803711 -0.00928052
v 0.10214050 -0.05693306 -0.01065162
v 0.10233546 -0.05673718 -0.01089470
v 0.10386889 -0.05525437 -0.01206147
v 0.10386894 -0.05525433 -0.01206147
v 0.10006269 -0.05907872 -0.00731333
v 0.09995434 -0.05920834 -0.00692265
v 0.09921612 -0.06026270 -0.00220250
v 0.09921550 -0.06021241 -0.00281137
v 0.09921540 -0.06021249 -0.00281137
v 0.09944194 -0.05982116 -0.00507516
v 0.10863983 -0.05586257 0.04698285
v 0.11028836 -0.05438217 0.04733719
v 0.10144219 -0.06366783 0.06244975
v 0.10141128 -0.06369021 0.06238474
v 0.10077171 -0.06406962 0.06007684
v 0.10077180 -0.06406955 0.06007684
v 0.10241316 -0.06296778 0.06449001
v 0.10371696 -0.06194393 0.06626592
v 0.10712874 -0.05904958 0.06857312
v 0.10697865 -0.05918366 0.06854104
v 0.10526801 -0.06065908 0.06764192
v 0.10380430 -0.06187152 0.06634352
v 0.10380439 -0.06187145 0.06634353
v 0.10878537 -0.05757035 0.06892671
v 0.11053878 -0.05595340 0.06878114
v 0.11375875 -0.05283136 0.06694061
v 0.11367976 -0.05290937 0.06700118
v 0.11224051 -0.05433178 0.06810682
v 0.11074875 -0.05575322 0.06869789
v 0.11610363 -0.05031955 0.06297505
v 0.11599815 -0.05045029 0.06336037
v 0.11503676 -0.05151041 0.06532703
v 0.11394855 -0.05263514 0.06670076
v 0.11660708 -0.04969403 0.06112304
v 0.11682788 -0.04929718 0.05886124
v 0.11591724 -0.04969179 0.05346603
v 0.11594958 -0.04966752 0.05353434
v 0.11657804 -0.04927589 0.05584165
v 0.11682640 -0.04924748 0.05825618
v 0.11496354 -0.05040778 0.05142858
v 0.11367763 -0.05145143 0.04965081
v 0.11329449 -0.05177667 0.04930658
v 0.11358754 -0.05152790 0.04956931
v 0.11044287 -0.05424335 0.04737038
v 0.11214288 -0.05275433 0.04827219
v 0.10688355 -0.05747597 0.04712759
v 0.10666855 -0.05767810 0.04721225
v 0.10234363 -0.06186843 0.05058294
v 0.10344330 -0.06076438 0.04921176
v 0.10363825 -0.06056850 0.04896868
v 0.10517169 -0.05908568 0.04780191
v 0.10517173 -0.05908564 0.04780191
v 0.10136548 -0.06291003 0.05255005
v 0.10125714 -0.06303965 0.05294073
v 0.10051891 -0.06409401 0.05766088
v 0.10051829 -0.06404372 0.05705201
v 0.10051820 -0.06404380 0.05705201
v 0.10074473 -0.06365247 0.05478822
v 0.06967223 -0.09330703 0.09140151
v 0.07709748 -0.08709074 0.09130910
v 0.07361410 -0.08281612 0.09837949
v 0.05455926 -0.09124015 0.10533657
v 0.05041015 -0.09451463 0.10520013
v 0.05401217 -0.09880073 0.09822836
v -0.01609293 -0.14272493 0.09883765
v -0.03085211 -0.15225944 0.09628279
v -0.02115929 -0.15243533 0.09052669
v -0.00700989 -0.14327906 0.09268684
v -0.01205260 -0.14000487 0.09942918
v -0.01118994 -0.15260777 0.08447962
v -0.02098851 -0.15243845 0.09042525
v -0.02098841 -0.15243837 0.09042525
v -0.02099288 -0.15243831 0.09042798
v -0.02099297 -0.15243839 0.09042797
v 0.01368140 -0.12904206 0.09538092
v -0.00128713 -0.13275717 0.10100531
v -0.01079913 -0.13916098 0.09961277
v 0.02755928 -0.11212313 0.10403438
v 0.01317885 -0.12261627 0.10272631
v 0.03402258 -0.11421712 0.09722789
v 0.01064388 -0.12439327 0.10242478
v 0.01064397 -0.12439319 0.10242479
v 0.00995920 -0.12487322 0.10234328
v 0.00995930 -0.12487315 0.10234328
v 0.04168287 -0.10140226 0.10491318
v 0.03283279 -0.10812017 0.10436250
v 0.03036335 -0.10999469 0.10420877
v 0.07009808 -0.07850380 0.10538705
v 0.06934862 -0.07914253 0.10540848
v 0.05561510 -0.09040693 0.10537119
v 0.07576723 -0.07367247 0.10522547
v 0.09274612 -0.06633281 0.09768000
v 0.09274603 -0.06633288 0.09768000
v 0.08287321 -0.06761672 0.10502294
v 0.10800037 -0.04497049 0.10310035
v 0.09653751 -0.05550826 0.10418011
v 0.09617803 -0.05583877 0.10421400
v 0.08927722 -0.06194764 0.10463349
v 0.12537786 -0.02835578 0.10083469
v 0.12216046 -0.03149944 0.10132064
v 0.12507144 -0.03046321 0.09935389
v 0.11677871 -0.03663627 0.10201386
v 0.12407889 -0.03728905 0.09455758
v 0.10927152 -0.04380181 0.10298060
v 0.11137823 -0.04938306 0.09613337
v 0.12407897 -0.03729212 0.09455518
v 0.12279711 -0.04616037 0.08820795
v 0.09667388 -0.07025647 0.09064438
v 0.10983830 -0.05834549 0.08963681
v 0.11413887 -0.05430175 0.08916265
v 0.11471541 -0.05375952 0.08909901
v 0.08232687 -0.08271289 0.09124395
v 0.08328321 -0.08191216 0.09123209
v 0.08328331 -0.08191209 0.09123209
v 0.09618197 -0.07068466 0.09066585
v 0.05757955 -0.10304090 0.09118430
v 0.03764825 -0.11838748 0.09016962
v 0.04184883 -0.11526518 0.09048919
v 0.04925248 -0.10953723 0.09084018
v 0.05585886 -0.10442603 0.09115344
v 0.01325948 -0.13609073 0.08791180
v -0.00131209 -0.14607266 0.08599783
v -0.00324325 -0.14735034 0.08570099
v 0.01504467 -0.13481656 0.08809752
v 0.01737268 -0.13315484 0.08833972
v 0.01737277 -0.13315476 0.08833972
v 0.02764723 -0.12582123 0.08940876
v 0.13235824 -0.00608484 0.06411543
v 0.13152942 -0.00762033 0.07288034
v 0.12838933 -0.02478380 0.06945082
v 0.12377292 -0.04451096 0.07966615
v 0.12519711 -0.04199235 0.06600754
v 0.13268992 -0.02663839 -0.02924913
v 0.13579185 -0.00944831 -0.02676916
v 0.13105263 -0.03057435 -0.00187828
v 0.13385236 -0.01409274 0.00552321
v 0.12660152 -0.03950901 0.05254205
v 0.12821387 -0.03641925 0.03447069
v 0.13138562 -0.01920861 0.03759653
v 0.12902351 -0.03486758 0.02539473
v 0.13071056 -0.03129801 0.00271870
v 0.13149829 -0.00767849 0.07321377
v 0.12854005 -0.01278221 0.10041252
v 0.12695760 -0.02057231 0.10065109
v 0.13392504 -0.00318250 0.04755042
v 0.13691966 0.00304449 0.00831247
v 0.13636337 0.00178299 0.01678569
v 0.13622512 0.00146979 0.01888837
v 0.13447422 -0.00207126 0.04070316
v 0.13805994 0.00563005 -0.00905334
v 0.13889374 0.00774203 -0.02428918
v 0.06484427 0.06489229 0.11236360
v 0.05163584 0.08125322 0.11261220
v 0.06579868 0.06566516 0.11219676
v 0.06579793 0.06566457 0.11219674
v 0.03786673 0.09716030 0.11295662
v 0.03842729 0.09761450 0.11285542
v 0.07364764 0.04722317 0.11066683
v 0.06982477 0.05269538 0.11139048
v 0.08471155 0.02962191 0.13137983
v 0.08421700 0.03107631 0.10865521
v 0.08348156 0.03228498 0.10879607
v 0.07703990 0.04236643 0.11002460
v 0.08819294 0.01995509 0.10783472
v 0.08735453 0.02385888 0.10802924
v 0.08710168 0.02456505 0.10808116
v 0.08603170 0.02755892 0.10830117
v 0.08838014 0.01763084 0.10776878
v 0.08851672 0.01593598 0.10772061
v 0.08774722 0.00876827 0.10771642
v 0.08816441 0.01106793 0.10769364
v 0.08816367 0.01106734 0.10769362
v 0.08831507 0.01190041 0.10768542
v 0.08312319 -0.00219641 0.10816246
v 0.08459444 0.00022935 0.10800928
v 0.08633790 0.00396090 0.10783540
v 0.08640466 0.00417149 0.10782948
v 0.08758549 0.00787760 0.10772525
v 0.08758623 0.00787819 0.10772527
v 0.08578459 0.00277645 0.10789061
v 0.07189028 -0.01897152 0.10907218
v 0.06995211 -0.02185704 0.10913593
v 0.03266812 -0.07714099 0.10804607
v 0.03756405 -0.06991358 0.10852294
v 0.03800987 -0.06925546 0.10856637
v 0.04932964 -0.05250711 0.10927437
v 0.05375902 -0.04593320 0.10934050
v 0.06062147 -0.03574815 0.10944305
v 0.01232688 -0.09535833 0.10657027
v 0.01375224 -0.09451408 0.10664774
v 0.03027333 -0.08032648 0.10780870
v 0.02270679 -0.08822432 0.10719319
v 0.02564814 -0.08558825 0.10740613
v 0.02935938 -0.08154224 0.10771801
v 0.03027342 -0.08032641 0.10780870
v 0.01706792 -0.09255018 0.10682795
v 0.01914793 -0.09102533 0.10695857
v 0.01914784 -0.09102540 0.10695856
v 0.02152949 -0.08927942 0.10710797
v 0.00736284 -0.09767985 0.10633891
v 0.00374733 -0.09896049 0.10619802
v 0.00218338 -0.09951445 0.10613707
v -0.00320747 -0.10084990 0.10596935
v -0.00775038 -0.10151430 0.10586634
v -0.00693212 -0.10139464 0.10588495
v -0.01788225 -0.10173010 0.10575891
v -0.01415829 -0.10191242 0.10577134
v -0.00866153 -0.10164755 0.10584565
v -0.01967194 -0.10164249 0.10575296
v -0.02516571 -0.10083267 0.10579796
v -0.03047640 -0.09951394 0.10591066
v -0.02869033 -0.09995745 0.10587277
v -0.04826918 -0.09044050 0.10698591
v -0.04539894 -0.09253949 0.10670950
v -0.04067127 -0.09533840 0.10636386
v -0.03894768 -0.09614402 0.10627216
v -0.03566595 -0.09767796 0.10609770
v -0.04214219 -0.09446748 0.10647145
v -0.04980549 -0.08931690 0.10713385
v -0.05389791 -0.08566580 0.10764101
v -0.05742340 -0.08186196 0.10819282
v -0.05630795 -0.08306561 0.10801821
v -0.05630786 -0.08306553 0.10801822
v -0.06437108 -0.07147159 0.10978789
v -0.06273828 -0.07428148 0.10934858
v -0.06161629 -0.07621228 0.10904673
v -0.05841953 -0.08064834 0.10837313
v -0.05742349 -0.08186203 0.10819282
v -0.06966171 -0.05602876 0.11229436
v -0.06840470 -0.06135151 0.11141977
v -0.06734721 -0.06443827 0.11091801
v -0.06664587 -0.06648570 0.11058517
v -0.06995336 -0.05389680 0.11264613
v -0.07036375 -0.05089845 0.11314083
v -0.07043897 -0.04997045 0.11329395
v -0.07068234 -0.04662925 0.11384238
v -0.07468756 0.00724440 0.11751027
v -0.07280467 -0.01802291 0.11604259
v -0.07237379 -0.02381360 0.11566284
v -0.07092512 -0.04328716 0.11438558
v -0.07347166 -0.00905679 0.11663067
v -0.10033252 -0.06625310 0.10909848
v -0.09045687 -0.05855498 0.11105045
v -0.10342329 -0.04200557 0.11134895
v -0.07534625 -0.02002879 0.11578450
v -0.08937917 -0.03103175 0.11380072
v -0.11637633 -0.02546030 0.11159626
v -0.11859603 -0.03604688 0.11021581
v -0.11637163 -0.02543784 0.11159918
v -0.10236246 -0.01448987 0.11402682
v -0.08620183 -0.00181671 0.11628799
v -0.10453873 -0.06952436 0.10817482
v -0.11268027 -0.05808558 0.10845274
v -0.11674266 -0.05237791 0.10859144
v -0.12082177 -0.04664676 0.10873069
v -0.08835159 -0.00350297 0.11599234
v -0.10129361 -0.01365457 0.11421195
v -0.07639083 -0.04756317 0.11349537
v -0.08269606 -0.05249595 0.11246836
v -0.08603118 -0.05510514 0.11192524
v 0.04598406 0.12559961 -0.15736695
v 0.03281607 0.11596163 -0.16767466
v 0.01890002 0.10557570 -0.17610329
v 0.05091393 0.12753293 -0.13290924
v 0.04837044 0.12732376 -0.15522216
v 0.03517745 0.11602752 -0.14538145
v 0.05337003 0.12694307 -0.10162499
v 0.05446331 0.12557924 -0.07415640
v 0.05453775 0.12532508 -0.07030248
v 0.05441449 0.12268394 -0.03902797
v 0.00441101 0.09457260 -0.18254764
v -0.01047163 0.08308844 -0.18692735
v -0.11002333 0.00157847 -0.15853259
v -0.12133867 -0.00838009 -0.14677174
v -0.12133857 -0.00838001 -0.14677174
v -0.09757042 0.01230832 -0.16864887
v -0.09470842 -0.00142620 0.02825801
v -0.02556136 0.07126721 -0.18918774
v -0.08423795 0.02358415 -0.17687391
v -0.09757037 0.01230836 -0.16864887
v -0.07019248 0.03526509 -0.18310507
v -0.10311802 -0.00587431 0.00068147
v -0.05560914 0.04720549 -0.18726461
v -0.10489441 -0.00611886 -0.01369099
v -0.04066999 0.05925631 -0.18930064
v -0.12236256 -0.01390188 -0.14340729
v -0.12396346 -0.02262574 -0.13758171
v -0.12137243 -0.00856214 -0.14666082
v -0.12476738 -0.02706973 -0.13426515
v -0.11637643 -0.02546037 0.11159626
v -0.12543982 -0.03078719 -0.13149077
v 0.06216756 0.11164670 -0.15714519
v 0.08223382 0.09123971 -0.04151586
v 0.08235765 0.09389067 -0.07290550
v 0.07604568 0.09587614 -0.15907817
v 0.07872088 0.09610695 -0.13574277
v 0.08118508 0.09551418 -0.10434335
v 0.11007218 0.04811718 -0.02081869
v 0.10358433 0.02158011 0.10510819
v 0.09898206 0.02791705 0.10597415
v 0.13350585 -0.02401347 -0.05059774
v 0.13353013 -0.02382890 -0.05247897
v 0.13665736 -0.00656987 -0.05059470
v 0.13991541 0.01173063 -0.05943378
v 0.13972095 0.01062784 -0.04871758
v 0.13992818 0.01258078 -0.06926086
v 0.13744725 -0.00105176 -0.07185791
v 0.13718718 -0.00247930 -0.07213686
v 0.13681044 -0.00454725 -0.07254094
v 0.13444224 -0.01754175 -0.07508007
v 0.13409066 -0.01994032 -0.07136093
v 0.13372152 -0.02234314 -0.06765931
v 0.13372226 -0.02234255 -0.06765929
v 0.13959762 0.00992751 -0.04191082
v 0.13971268 0.01057894 -0.04823934
v 0.13290516 -0.02605782 -0.03357778
v 0.02741615 -0.13069801 -0.06480520
v 0.02065182 -0.13553903 -0.06473489
v 0.02599341 -0.14318660 -0.07647064
v 0.01605297 -0.15010723 -0.07632268
v 0.01468797 -0.13980706 -0.06467289
v 0.01468788 -0.13980713 -0.06467289
v 0.01098278 -0.14227992 -0.06458604
v 0.03576114 -0.13602456 -0.07651830
v 0.03016947 -0.12858821 -0.06479544
v 0.02741624 -0.13069794 -0.06480520
v 0.05759894 -0.10630213 -0.06434402
v 0.05187635 -0.11131266 -0.06453925
v 0.05475456 -0.12099512 -0.07631083
v 0.04864645 -0.11395954 -0.06459868
v 0.04535020 -0.12862591 -0.07646525
v 0.03981087 -0.12120016 -0.06476135
v 0.03948684 -0.12144851 -0.06476248
v 0.07298505 -0.10505623 -0.07569490
v 0.08054361 -0.09796406 -0.07530565
v 0.08054349 -0.09796391 -0.07530534
v 0.06396814 -0.11313707 -0.07605423
v 0.06360557 -0.10104286 -0.06413904
v 0.07298496 -0.10505631 -0.07569490
v 0.06638092 -0.09845147 -0.06399911
v 0.07458277 -0.09079314 -0.06358564
v 0.08648299 -0.10515154 -0.08702397
v 0.07951520 -0.11158348 -0.08735303
v 0.07464086 -0.11608289 -0.08758321
v 0.07464091 -0.11608285 -0.08758321
v 0.07273381 -0.11773463 -0.08764360
v 0.07025632 -0.11988034 -0.08772201
v 0.06244504 -0.12664567 -0.08796931
v 0.04993654 -0.13680458 -0.08818155
v 0.05115907 -0.13581164 -0.08816079
v 0.05193388 -0.13518246 -0.08814766
v 0.06081337 -0.12797084 -0.08799699
v 0.04129334 -0.14338320 -0.08820859
v 0.03718368 -0.14651123 -0.08822143
v 0.02107793 -0.15786581 -0.08803084
v 0.02393221 -0.15595011 -0.08809003
v 0.03020981 -0.15147868 -0.08815230
v 0.03126098 -0.15073001 -0.08816273
v 0.01386403 -0.16270742 -0.08788123
v 0.00774064 -0.15562259 -0.07612613
v 0.00774055 -0.15562266 -0.07612613
v 0.00773975 -0.15562153 -0.07612444
v 0.00773966 -0.15562160 -0.07612444
v 0.00164108 -0.14851451 -0.06436703
v 0.05054037 -0.09260662 -0.06253661
v 0.02975484 -0.10922799 -0.06290369
v 0.03455832 -0.11525922 -0.06384284
v 0.05759903 -0.10630205 -0.06434402
v -0.00202087 -0.14437078 -0.06371994
v 0.02480202 -0.11318862 -0.06299125
v -0.00728730 -0.13841124 -0.06278962
v -0.00282313 -0.14346290 -0.06357823
v -0.00412471 -0.13625330 -0.06287138
v -0.00097700 -0.13408843 -0.06294466
v 0.06670532 -0.07982627 -0.06199387
v 0.07064404 -0.08530971 -0.06278975
v 0.07124569 -0.08614732 -0.06291138
v 0.07124579 -0.08614724 -0.06291138
v 0.12382764 -0.03225081 -0.06432224
v 0.11380056 -0.04197485 -0.06149823
v 0.11088488 -0.04471317 -0.06083396
v 0.07911929 -0.07329307 -0.05580274
v 0.10367703 -0.05148237 -0.05919236
v 0.09326851 -0.06094584 -0.05736980
v 0.09326860 -0.06094576 -0.05736980
v 0.08291788 -0.07005598 -0.05608667
v 0.10214055 -0.05693303 -0.01065162
v 0.10344335 -0.06076434 0.04921176
v 0.08232678 -0.08271296 0.09124395
v 0.07248274 -0.07894851 -0.05530684
v 0.07248284 -0.07894844 -0.05530684
v 0.06189127 -0.08768577 -0.05502304
v 0.05121006 -0.09621316 -0.05523612
v 0.04607590 -0.10017928 -0.05557237
v 0.06017072 -0.09572101 0.02644634
v 0.07397913 -0.08517410 0.03566848
v 0.02956434 -0.11266075 -0.05713491
v 0.04042672 -0.10454330 -0.05594221
v -0.01286129 -0.14681621 -0.00348545
v -0.01405845 -0.14266837 -0.06648496
v -0.01072214 -0.14051296 -0.06552427
v 0.00739922 -0.12841015 -0.06100212
v -0.01262411 -0.14763817 0.00899865
v -0.00728739 -0.13841131 -0.06278962
v -0.00733785 -0.13837411 -0.06369662
v -0.00738813 -0.13833666 -0.06460360
v 0.01181557 -0.12532495 -0.06013865
v 0.01857765 -0.12060101 -0.05881641
v -0.02294304 -0.14626198 -0.00325704
v -0.02448681 -0.14091945 -0.08441856
v -0.02448665 -0.14091948 -0.08441824
v -0.03491601 -0.13917105 -0.10235091
v -0.02970130 -0.14004530 -0.09338463
v -0.03414847 -0.14182413 -0.06203940
v -0.03302484 -0.14570777 -0.00302861
v -0.03264128 -0.14703341 0.01711488
v -0.03113406 -0.15224282 0.09626914
v -0.03113415 -0.15224290 0.09626914
v -0.03099304 -0.15225115 0.09627605
v -0.04623664 -0.09766898 0.10578427
v -0.02516561 -0.10083260 0.10579797
v 0.01375234 -0.09451400 0.10664774
v 0.08819368 0.01995568 0.10783474
v -0.06783626 -0.11088412 0.10222650
v -0.06593517 -0.11302631 0.10191793
v -0.11733034 -0.04214615 -0.13265985
v -0.10919113 -0.05354688 -0.13383259
v 0.07301074 0.09368467 -0.16182132
v -0.08926348 -0.03568310 -0.15854892
v -0.09654780 -0.04209468 -0.15096915
v -0.10691917 -0.05145748 -0.13729911
v -0.10011642 -0.04531627 -0.14626552
v -0.10011651 -0.04531635 -0.14626552
v 0.06426312 0.08728204 -0.16866845
v 0.05967463 0.08392361 -0.17226033
v 0.05079711 0.07729810 -0.17763743
v 0.04558165 0.07340567 -0.18079631
v 0.03671961 0.06667574 -0.18473795
v 0.03090768 0.06226209 -0.18732278
v 0.02219661 0.05554021 -0.18988632
v 0.01583567 0.05063181 -0.19175826
v 0.00740039 0.04402364 -0.19302183
v 0.00055379 0.03866005 -0.19404747
v -0.00749441 0.03226197 -0.19410759
v -0.01474732 0.02649612 -0.19416179
v -0.02231203 0.02039398 -0.19313079
v -0.02231217 0.02039387 -0.19313081
v -0.02987679 0.01429179 -0.19209981
v -0.03687749 0.00855982 -0.19010302
v -0.04464582 0.00219934 -0.18788728
v -0.05101871 -0.00310068 -0.18506002
v -0.05101880 -0.00310075 -0.18506002
v -0.05887031 -0.00963048 -0.18157676
v -0.06456874 -0.01444988 -0.17806126
v -0.07237257 -0.02104990 -0.17324695
v -0.07736739 -0.02535361 -0.16918935
v -0.08498415 -0.03191647 -0.16300181
v 0.09520977 0.06917839 -0.16023430
v 0.11437311 0.04247991 -0.16138697
v 0.11556527 0.04146113 -0.15777326
v 0.11959959 0.03801222 -0.14554192
v 0.11992530 0.03769327 -0.14448072
v 0.12988223 0.02719136 -0.11067414
v 0.12785152 0.02948566 -0.11784607
v 0.12484141 0.03288529 -0.12847483
v 0.12401387 0.03369394 -0.13116790
v 0.12126813 0.03637966 -0.14010815
v 0.13487080 0.02053630 -0.09120219
v 0.13418218 0.02157848 -0.09411497
v 0.13148005 0.02510654 -0.10452248
v 0.13016115 0.02682773 -0.10960083
v 0.13828798 0.01536337 -0.07674572
v 0.13801663 0.01577308 -0.07789175
v 0.13772771 0.01621100 -0.07911502
v 0.11113703 0.01134436 -0.15910830
v 0.10943762 0.01272951 -0.16396919
v 0.11253724 0.02712687 -0.16087447
v 0.13486242 0.00146525 -0.08256622
v 0.13173831 0.00622372 -0.09561329
v 0.12837343 0.01079360 -0.10867140
v 0.12476899 0.01517153 -0.12173356
v 0.12092683 0.01935479 -0.13479279
v 0.11684811 0.02334012 -0.14784211
v 0.10966337 0.02974896 -0.16928732
v 0.11159820 0.03515646 -0.16612917
v 0.10518830 0.01618873 -0.17611623
v 0.10739097 0.02305723 -0.17283875
v 0.10904606 0.02793073 -0.17025235
v 0.10957941 0.02950213 -0.16941826
v 0.11370961 0.00893386 -0.15119982
v 0.11668369 0.00614580 -0.14205472
v 0.11777855 0.00496402 -0.13841535
v 0.12162691 0.00080829 -0.12561978
v 0.12655754 -0.00530611 -0.10783811
v 0.12518041 -0.00358905 -0.11282097
v 0.12235206 -0.00006290 -0.12305398
v 0.12182737 0.00059061 -0.12495130
v 0.12852500 -0.00815264 -0.10002761
v 0.13086730 -0.01154024 -0.09073129
v 0.13166356 -0.01287787 -0.08724360
v 0.05252427 -0.05347361 -0.12856202
v 0.09804125 0.01256493 -0.17992498
v 0.09953250 0.01332100 -0.17913017
v 0.04765293 -0.04471502 -0.15091361
v 0.04738509 -0.01996494 -0.19486980
v 0.05391056 -0.01509402 -0.19414289
v 0.04051934 -0.02533397 -0.19520459
v 0.03881273 -0.02962119 -0.19008787
v 0.03917744 -0.02641824 -0.19520852
v 0.03763624 -0.02766357 -0.19521308
v 0.06900734 -0.00460841 -0.19108161
v 0.06235263 -0.00908850 -0.19268112
v 0.05391066 -0.01509395 -0.19414289
v 0.06140757 -0.00974287 -0.19287638
v 0.05434923 -0.01476659 -0.19409403
v 0.09089087 0.00869954 -0.18331335
v 0.08427894 0.00490610 -0.18606092
v 0.08374202 0.00459801 -0.18628395
v 0.07659931 0.00026433 -0.18883710
v 0.06946828 -0.00429809 -0.19097085
v 0.05054046 -0.09260655 -0.06253660
v 0.05815887 -0.06360473 -0.10270788
v 0.06207419 -0.07103623 -0.08405579
v 0.05328801 -0.05484693 -0.12505750
v 0.08655825 -0.10396340 -0.10017312
v 0.06233845 -0.06711654 -0.12967096
v 0.06203037 -0.06199672 -0.19564806
v 0.06194911 -0.06188234 -0.19564673
v 0.06194916 -0.06188230 -0.19564672
v 0.08626037 -0.09610264 -0.19604826
v 0.08659862 -0.09996878 -0.14674327
v 0.08658622 -0.10119519 -0.13244508
v 0.02565049 -0.14807867 -0.17235917
v 0.02742212 -0.14673848 -0.17372577
v 0.02836707 -0.14600790 -0.17437544
v 0.02135569 -0.15132762 -0.16904628
v 0.01267924 -0.16150713 -0.11309884
v 0.01218043 -0.16100167 -0.12371662
v 0.01078693 -0.15910572 -0.15955156
v 0.01357996 -0.15706944 -0.16219547
v 0.01544048 -0.15571302 -0.16395670
v 0.03362792 -0.14194067 -0.17799231
v 0.06459714 -0.11618298 -0.19230829
v 0.06694670 -0.11411171 -0.19301157
v 0.07043341 -0.11095205 -0.19380875
v 0.05405986 -0.12532118 -0.18869738
v 0.06050021 -0.11979449 -0.19108202
v 0.05135546 -0.12758173 -0.18750152
v 0.04979902 -0.12888278 -0.18681325
v 0.04763306 -0.13069317 -0.18585552
v 0.04763315 -0.13069309 -0.18585552
v 0.04641670 -0.13169459 -0.18526468
v 0.03996240 -0.13692836 -0.18184103
v 0.03830700 -0.13823830 -0.18083520
v 0.07784760 -0.10411835 -0.19518711
v 0.07983246 -0.10226835 -0.19549978
v 0.07339285 -0.10827037 -0.19448535
v -0.00999634 -0.13594112 -0.11091815
v -0.00782824 -0.13786362 -0.06606296
v -0.02092829 -0.12357397 -0.10986516
v -0.02119464 -0.12327872 -0.11076385
v -0.02196761 -0.12242184 -0.11337265
v -0.01177141 -0.13360412 -0.15824725
v -0.01182289 -0.13354596 -0.15824428
v -0.03454736 -0.10785631 -0.15692499
v -0.01474219 -0.13043256 -0.08898684
v -0.01474214 -0.13043253 -0.08898683
v -0.03731086 -0.13606253 -0.11123130
v -0.02970121 -0.14004523 -0.09338463
v -0.04454497 -0.12667246 -0.13805807
v -0.04228724 -0.12191091 -0.14321999
v -0.03973067 -0.13292153 -0.12020435
v -0.03812486 -0.11400523 -0.15120126
v -0.03914525 -0.11585784 -0.14939496
v -0.03944063 -0.11642691 -0.14881442
v -0.07665960 -0.09034520 -0.13596280
v -0.02987688 0.01429172 -0.19209981
v 0.06694680 -0.11411164 -0.19301157
v 0.04738500 -0.01996501 -0.19486982
f 1 2 3
f 4 5 1
f 6 7 8
f 9 6 10
f 10 6 8
f 10 8 3
f 11 12 13
f 13 12 3
f 13 3 14
f 14 3 8
f 15 1 16
f 16 1 3
f 16 3 17
f 18 3 19
f 18 12 20
f 21 22 23
f 23 22 1
f 23 1 24
f 24 1 15
f 24 15 25
f 26 7 27
f 27 7 28
f 29 8 30
f 30 8 31
f 30 7 32
f 32 7 26
f 32 26 33
f 34 35 36
f 36 35 1
f 36 1 37
f 37 1 22
f 37 22 38
f 39 40 41
f 39 41 1
f 1 41 42
f 1 42 43
f 44 45 46
f 46 45 27
f 46 27 47
f 47 27 28
f 47 28 48
f 45 49 50
f 45 50 27
f 27 50 51
f 27 51 52
f 53 54 55
f 55 54 27
f 56 39 57
f 57 39 1
f 57 1 58
f 58 1 35
f 59 60 61
f 61 60 1
f 61 1 62
f 62 1 43
f 62 43 63
f 64 65 66
f 66 65 67
f 68 55 69
f 69 55 27
f 69 27 70
f 70 27 52
f 70 52 71
f 67 4 66
f 66 4 1
f 66 1 72
f 72 1 60
f 72 60 73
f 66 74 64
f 64 74 75
f 76 77 66
f 66 77 78
f 66 78 74
f 79 43 80
f 80 43 42
f 80 42 81
f 66 72 82
f 76 72 73
f 76 73 83
f 83 73 60
f 83 60 84
f 84 60 59
f 84 59 85
f 85 59 61
f 85 61 86
f 86 61 62
f 86 62 79
f 79 62 63
f 79 63 43
f 87 42 88
f 88 42 41
f 88 41 89
f 89 41 40
f 89 40 90
f 91 40 39
f 91 39 92
f 93 39 56
f 93 56 94
f 94 56 57
f 94 57 95
f 95 57 58
f 95 58 96
f 96 58 35
f 96 35 97
f 97 35 34
f 97 34 98
f 98 34 36
f 98 36 99
f 99 36 37
f 99 37 100
f 100 37 38
f 100 38 101
f 101 38 22
f 101 22 102
f 102 22 103
f 102 21 104
f 104 21 23
f 104 23 105
f 105 23 24
f 105 24 106
f 106 24 25
f 106 25 107
f 107 25 15
f 107 15 108
f 108 15 16
f 108 16 109
f 109 16 17
f 109 18 110
f 110 18 20
f 110 20 111
f 112 20 19
f 112 12 113
f 113 12 11
f 113 11 114
f 11 13 114
f 114 13 14
f 114 14 115
f 115 14 8
f 115 8 116
f 116 8 117
f 118 119 32
f 32 119 120
f 32 120 30
f 30 120 117
f 30 117 29
f 29 117 8
f 32 33 118
f 118 33 26
f 118 26 121
f 121 26 27
f 121 27 122
f 122 27 123
f 123 27 54
f 123 54 124
f 124 54 53
f 124 53 125
f 125 53 55
f 125 55 126
f 126 55 68
f 126 68 127
f 127 68 69
f 127 69 128
f 128 69 70
f 128 70 129
f 129 70 71
f 129 71 130
f 130 71 52
f 130 52 131
f 131 52 51
f 131 51 132
f 132 51 50
f 132 50 133
f 133 50 49
f 133 49 134
f 134 49 135
f 134 45 136
f 136 45 44
f 136 44 137
f 137 44 46
f 137 46 138
f 138 46 47
f 138 47 139
f 139 47 48
f 139 140 141
f 141 140 28
f 141 28 142
f 28 7 142
f 142 7 6
f 142 6 143
f 143 6 9
f 143 9 144
f 145 9 146
f 146 9 10
f 146 10 147
f 147 10 3
f 147 3 148
f 149 3 2
f 149 2 150
f 150 2 1
f 150 1 151
f 151 1 5
f 151 5 152
f 152 5 4
f 152 4 153
f 153 4 67
f 153 67 75
f 75 67 65
f 75 65 64
f 98 99 154
f 154 99 155
f 156 157 74
f 74 78 156
f 156 78 158
f 156 77 159
f 159 77 82
f 102 160 101
f 101 160 155
f 101 155 100
f 100 155 99
f 115 116 161
f 161 116 117
f 161 117 162
f 162 117 120
f 162 120 163
f 163 120 164
f 136 165 134
f 134 165 166
f 134 166 133
f 136 137 165
f 165 137 138
f 165 138 167
f 167 138 139
f 167 139 168
f 168 139 141
f 76 83 159
f 159 83 84
f 159 84 169
f 119 118 163
f 163 118 121
f 163 121 170
f 141 142 168
f 168 142 143
f 168 143 171
f 102 104 160
f 160 104 105
f 160 105 172
f 172 105 106
f 172 106 173
f 173 106 107
f 115 161 114
f 114 161 174
f 114 174 113
f 113 174 175
f 113 175 111
f 121 122 170
f 170 122 123
f 170 123 176
f 176 123 124
f 128 129 177
f 107 108 173
f 173 108 109
f 173 109 175
f 175 109 110
f 175 110 111
f 79 178 86
f 86 178 169
f 86 169 85
f 85 169 84
f 177 129 179
f 94 95 180
f 180 95 96
f 180 96 154
f 154 96 97
f 154 97 98
f 124 125 176
f 176 125 126
f 176 126 177
f 177 126 127
f 177 127 128
f 147 181 146
f 146 181 171
f 146 171 144
f 145 171 143
f 147 149 181
f 181 149 150
f 181 150 182
f 150 151 182
f 182 151 152
f 182 152 183
f 183 152 153
f 183 153 157
f 157 153 75
f 157 75 74
f 94 180 92
f 93 180 184
f 93 184 90
f 91 184 185
f 91 185 89
f 129 130 179
f 179 130 131
f 179 131 166
f 166 131 132
f 166 132 133
f 79 80 178
f 178 80 81
f 178 87 185
f 185 87 88
f 185 88 89
f 186 187 188
f 188 187 189
f 190 191 192
f 192 191 193
f 189 194 188
f 188 194 195
f 188 195 193
f 193 195 196
f 193 197 192
f 198 199 200
f 201 200 202
f 201 202 203
f 203 202 204
f 203 204 205
f 205 204 206
f 205 206 207
f 201 208 200
f 200 208 209
f 200 209 210
f 211 198 212
f 212 198 200
f 212 200 213
f 213 200 210
f 214 215 216
f 214 216 217
f 217 216 218
f 217 218 219
f 219 218 220
f 219 221 222
f 214 223 215
f 215 223 224
f 215 224 225
f 225 224 226
f 225 226 227
f 227 226 228
f 227 228 229
f 230 228 231
f 232 182 233
f 233 182 183
f 233 183 234
f 232 235 182
f 182 235 236
f 182 236 181
f 181 236 237
f 181 237 238
f 239 171 240
f 240 171 181
f 240 181 241
f 241 181 238
f 242 168 243
f 243 168 171
f 243 171 244
f 244 171 239
f 245 167 246
f 246 167 168
f 246 168 247
f 247 168 242
f 248 165 249
f 249 165 167
f 249 167 250
f 250 167 245
f 251 179 252
f 253 179 166
f 253 166 254
f 248 255 165
f 165 255 256
f 165 256 166
f 166 256 257
f 166 257 254
f 258 177 259
f 259 177 179
f 259 179 260
f 260 179 251
f 261 170 262
f 262 170 176
f 262 176 263
f 258 264 177
f 177 264 265
f 177 266 176
f 176 266 267
f 176 267 263
f 268 162 269
f 269 162 163
f 269 163 270
f 261 271 170
f 170 271 272
f 170 272 163
f 163 272 273
f 163 273 270
f 274 174 275
f 275 174 161
f 275 161 276
f 268 277 162
f 162 277 278
f 162 278 161
f 161 278 279
f 161 279 276
f 280 175 281
f 281 175 174
f 281 174 282
f 282 174 274
f 280 283 175
f 175 283 284
f 175 284 173
f 173 284 285
f 173 285 286
f 287 172 288
f 288 172 173
f 288 173 289
f 290 173 286
f 291 160 292
f 293 160 172
f 293 172 294
f 294 172 287
f 295 155 296
f 297 155 160
f 297 160 298
f 298 160 291
f 299 154 300
f 301 154 155
f 301 155 302
f 303 155 295
f 304 184 305
f 306 184 180
f 306 180 307
f 299 308 154
f 154 308 309
f 154 309 180
f 180 309 310
f 180 310 307
f 311 178 312
f 312 178 185
f 312 185 313
f 304 314 184
f 184 314 315
f 184 315 185
f 185 315 316
f 185 316 313
f 317 169 318
f 318 169 178
f 318 178 319
f 319 178 311
f 320 159 321
f 321 159 169
f 321 169 322
f 322 169 317
f 323 156 324
f 324 156 159
f 324 159 325
f 325 159 320
f 326 157 327
f 327 157 156
f 327 156 328
f 328 156 323
f 326 329 157
f 157 329 330
f 157 330 183
f 183 330 331
f 183 331 234
f 191 332 193
f 193 332 333
f 190 334 191
f 191 334 332
f 334 190 192
f 197 335 192
f 192 335 336
f 192 336 334
f 337 338 195
f 195 338 339
f 195 339 196
f 197 339 340
f 197 340 335
f 337 195 341
f 341 195 194
f 341 194 342
f 189 343 194
f 194 343 344
f 194 344 342
f 345 346 187
f 187 346 347
f 187 347 189
f 189 347 348
f 189 348 343
f 186 349 187
f 187 349 345
f 188 350 186
f 186 350 349
f 193 333 188
f 188 333 350
f 351 352 353
f 353 352 354
f 353 355 356
f 357 355 358
f 357 359 360
f 361 359 362
f 361 362 363
f 363 362 364
f 363 365 366
f 367 365 368
f 367 368 369
f 369 368 370
f 369 370 371
f 371 370 372
f 371 372 373
f 373 372 374
f 375 376 353
f 377 375 378
f 379 375 353
f 379 353 380
f 380 353 381
f 380 381 382
f 383 381 384
f 383 385 386
f 386 385 387
f 386 387 388
f 388 387 389
f 388 389 390
f 391 351 392
f 392 351 353
f 392 353 393
f 393 353 376
f 394 395 396
f 396 397 394
f 394 397 398
f 394 398 399
f 399 398 400
f 401 402 400
f 403 404 401
f 398 405 400
f 400 405 406
f 400 406 401
f 401 406 407
f 401 407 403
f 408 409 410
f 410 411 408
f 408 411 412
f 408 412 413
f 414 415 416
f 416 417 414
f 414 417 418
f 414 418 419
f 420 421 415
f 415 421 422
f 415 422 416
f 412 423 413
f 413 423 424
f 413 424 425
f 425 424 426
f 425 426 427
f 427 426 428
f 427 429 420
f 420 429 430
f 420 430 421
f 431 432 433
f 434 435 431
f 431 436 434
f 434 436 437
f 434 437 438
f 439 440 441
f 441 440 442
f 440 443 442
f 442 443 434
f 442 434 444
f 444 434 438
f 444 438 445
f 446 447 210
f 201 448 449
f 201 449 208
f 208 449 450
f 208 450 209
f 203 451 201
f 201 451 452
f 201 453 448
f 454 455 205
f 205 455 456
f 205 456 203
f 203 456 457
f 203 457 451
f 454 205 458
f 458 205 207
f 458 207 459
f 460 461 206
f 206 461 462
f 206 462 207
f 207 462 463
f 207 464 459
f 460 206 465
f 465 206 204
f 465 204 466
f 467 468 202
f 202 468 469
f 202 469 204
f 204 469 470
f 204 471 466
f 467 202 472
f 472 202 200
f 472 200 473
f 474 475 199
f 199 475 476
f 199 476 200
f 200 476 477
f 200 477 473
f 478 479 198
f 198 479 480
f 198 480 199
f 199 480 481
f 199 481 474
f 478 198 482
f 482 198 211
f 482 211 483
f 212 484 211
f 211 484 485
f 211 485 483
f 486 487 212
f 212 487 488
f 212 488 484
f 486 212 489
f 490 212 213
f 490 213 491
f 447 492 210
f 210 492 493
f 210 493 213
f 213 493 494
f 213 494 491
f 450 495 209
f 209 495 496
f 209 496 210
f 210 496 497
f 210 498 499
f 500 501 216
f 502 224 223
f 214 503 223
f 223 503 504
f 223 504 502
f 217 505 214
f 214 505 506
f 214 506 503
f 507 508 217
f 217 508 509
f 217 509 505
f 219 222 510
f 510 511 219
f 219 511 512
f 219 512 217
f 217 512 513
f 217 514 507
f 515 516 222
f 222 516 517
f 222 517 510
f 515 222 518
f 519 222 220
f 519 221 520
f 520 221 218
f 520 218 521
f 501 522 216
f 216 522 523
f 216 523 218
f 218 523 524
f 218 524 521
f 500 216 525
f 526 216 215
f 526 215 527
f 527 215 528
f 528 215 225
f 528 225 529
f 227 530 225
f 225 530 531
f 225 531 529
f 532 533 229
f 230 533 534
f 230 534 227
f 227 534 535
f 227 535 530
f 532 230 536
f 536 230 231
f 536 231 537
f 228 538 539
f 539 540 228
f 228 540 541
f 228 541 231
f 231 541 542
f 231 542 537
f 226 543 228
f 228 543 544
f 228 544 538
f 545 546 226
f 226 546 547
f 226 547 543
f 502 548 224
f 224 548 549
f 224 549 226
f 226 549 550
f 226 550 545
f 326 327 551
f 552 274 275
f 552 275 553
f 278 554 279
f 279 554 553
f 279 553 276
f 276 553 275
f 551 327 555
f 301 556 557
f 299 556 558
f 299 559 308
f 255 248 560
f 560 248 249
f 560 249 561
f 324 562 323
f 323 562 555
f 323 555 328
f 328 555 327
f 278 277 563
f 554 277 268
f 554 268 564
f 564 268 269
f 564 269 565
f 565 269 270
f 301 303 556
f 556 303 295
f 556 295 566
f 566 295 296
f 566 297 567
f 567 297 298
f 246 568 245
f 245 568 561
f 245 561 250
f 250 561 249
f 298 291 567
f 567 291 292
f 567 293 569
f 255 560 256
f 256 560 570
f 256 570 257
f 257 570 571
f 257 571 254
f 308 559 309
f 309 559 572
f 309 573 310
f 310 573 574
f 310 574 307
f 270 273 565
f 565 273 272
f 565 272 575
f 293 294 569
f 569 294 287
f 569 287 576
f 246 247 568
f 568 247 242
f 568 242 577
f 577 242 243
f 577 243 578
f 578 243 244
f 324 325 562
f 562 325 320
f 562 320 579
f 579 320 321
f 579 321 580
f 580 321 322
f 322 317 580
f 580 317 318
f 580 318 581
f 287 288 576
f 582 288 289
f 582 290 583
f 262 584 261
f 261 584 575
f 261 585 271
f 271 585 272
f 258 259 586
f 586 259 587
f 312 588 311
f 311 588 581
f 311 581 319
f 319 581 318
f 262 589 584
f 584 589 267
f 584 267 590
f 590 267 265
f 590 266 586
f 586 266 264
f 586 264 258
f 244 239 578
f 578 239 240
f 578 240 591
f 591 240 241
f 591 241 592
f 592 241 238
f 307 574 305
f 306 574 593
f 306 593 304
f 304 593 594
f 304 594 314
f 284 595 285
f 285 595 583
f 285 583 286
f 286 583 289
f 259 260 587
f 587 260 251
f 587 251 571
f 571 251 252
f 571 253 254
f 312 313 588
f 588 313 316
f 588 316 594
f 594 316 315
f 594 315 314
f 238 237 592
f 592 237 236
f 592 236 596
f 596 236 235
f 284 283 595
f 595 283 280
f 595 280 597
f 597 280 281
f 597 281 552
f 552 281 282
f 552 282 274
f 235 232 596
f 596 232 233
f 596 233 598
f 233 234 598
f 598 234 331
f 598 331 599
f 599 331 330
f 599 330 551
f 551 330 329
f 551 329 326
f 600 395 394
f 394 601 602
f 603 600 604
f 604 600 394
f 604 394 605
f 605 394 602
f 601 394 402
f 402 399 394
f 402 399 400
f 411 410 606
f 606 410 409
f 606 409 607
f 607 409 608
f 607 608 609
f 610 603 604
f 605 611 604
f 604 611 609
f 604 612 610
f 610 612 608
f 606 332 334
f 606 334 411
f 613 349 614
f 614 349 350
f 614 350 615
f 616 350 617
f 606 618 332
f 332 618 619
f 332 619 333
f 333 619 620
f 333 621 622
f 623 617 624
f 624 617 350
f 624 350 625
f 625 350 333
f 625 333 626
f 627 333 622
f 424 337 426
f 426 337 341
f 426 341 428
f 429 341 342
f 429 342 430
f 430 342 344
f 430 344 421
f 421 344 343
f 421 343 422
f 422 343 348
f 422 348 416
f 416 348 347
f 416 347 628
f 417 347 629
f 417 346 630
f 613 346 345
f 613 345 349
f 334 336 411
f 411 336 335
f 411 335 412
f 412 335 340
f 412 340 423
f 423 340 339
f 423 339 424
f 424 339 338
f 424 338 337
f 631 632 633
f 417 613 418
f 418 613 634
f 418 634 419
f 631 633 635
f 633 636 635
f 637 636 638
f 637 639 634
f 634 639 640
f 634 640 419
f 636 633 641
f 641 633 443
f 641 443 439
f 439 443 642
f 435 434 643
f 643 434 443
f 643 443 644
f 644 443 633
f 644 633 632
f 645 646 647
f 648 453 451
f 649 515 650
f 650 515 518
f 650 519 651
f 651 519 520
f 651 520 521
f 451 457 651
f 651 457 456
f 651 456 652
f 653 649 654
f 654 649 650
f 654 650 647
f 647 650 655
f 647 655 645
f 521 524 651
f 651 524 523
f 651 523 451
f 456 455 652
f 652 455 454
f 652 454 656
f 523 522 451
f 451 522 501
f 451 501 657
f 657 501 658
f 658 501 500
f 658 500 659
f 660 661 459
f 459 661 656
f 459 656 458
f 458 656 454
f 662 648 663
f 663 648 451
f 663 451 664
f 664 451 657
f 665 666 667
f 667 666 668
f 667 668 669
f 669 668 670
f 669 661 671
f 671 661 660
f 672 373 374
f 672 673 373
f 373 673 674
f 373 674 371
f 674 675 371
f 371 675 676
f 371 676 369
f 676 677 369
f 369 677 678
f 369 678 366
f 678 679 366
f 367 679 680
f 367 680 363
f 681 361 682
f 682 361 363
f 682 363 683
f 684 363 680
f 681 685 360
f 361 685 686
f 361 686 356
f 357 686 687
f 357 687 353
f 353 687 688
f 353 688 381
f 688 689 381
f 381 689 690
f 381 690 384
f 690 691 384
f 385 691 692
f 385 692 387
f 692 693 387
f 387 693 694
f 387 694 389
f 695 390 696
f 696 390 389
f 696 389 697
f 697 389 694
f 695 698 390
f 390 698 699
f 390 699 388
f 699 700 388
f 388 700 701
f 388 701 386
f 701 702 386
f 386 702 703
f 386 703 382
f 383 703 704
f 383 705 380
f 380 705 706
f 380 707 378
f 707 708 378
f 379 708 709
f 379 709 377
f 710 375 711
f 711 375 377
f 711 377 712
f 712 377 709
f 710 713 375
f 375 713 714
f 375 714 376
f 714 715 376
f 376 715 716
f 376 716 393
f 716 717 393
f 393 717 718
f 393 718 392
f 718 719 392
f 392 719 720
f 392 720 721
f 722 723 354
f 355 723 358
f 720 724 721
f 391 724 725
f 391 725 351
f 351 725 726
f 351 726 352
f 352 726 727
f 352 727 354
f 355 727 728
f 355 728 722
f 723 729 358
f 359 729 730
f 359 730 362
f 730 731 362
f 362 731 732
f 362 732 364
f 732 733 364
f 365 733 734
f 365 734 368
f 734 735 368
f 368 735 736
f 368 736 370
f 736 737 370
f 370 737 738
f 370 738 372
f 738 739 372
f 372 739 740
f 372 740 374
f 374 740 741
f 374 741 672
f 742 743 408
f 441 744 745
f 636 641 638
f 639 641 439
f 439 441 638
f 639 441 745
f 639 745 640
f 640 745 746
f 408 743 409
f 409 743 747
f 409 747 608
f 405 398 748
f 749 398 397
f 749 397 750
f 750 397 396
f 750 396 747
f 747 396 395
f 747 395 608
f 608 395 600
f 608 600 610
f 610 600 603
f 444 445 751
f 744 441 751
f 751 441 442
f 751 442 444
f 742 408 752
f 752 408 413
f 752 413 753
f 753 413 425
f 753 425 754
f 754 425 755
f 755 425 427
f 755 427 756
f 756 427 420
f 756 420 757
f 757 420 758
f 759 420 415
f 759 415 760
f 760 415 414
f 760 414 746
f 746 414 419
f 746 761 640
f 500 526 659
f 659 526 527
f 659 527 528
f 530 762 531
f 531 762 529
f 530 535 762
f 762 535 534
f 762 534 763
f 533 532 762
f 762 532 536
f 762 536 537
f 540 764 541
f 541 764 762
f 541 762 542
f 542 762 537
f 765 487 486
f 446 498 648
f 486 490 765
f 765 490 491
f 765 491 494
f 494 493 765
f 765 493 766
f 765 492 767
f 498 496 648
f 648 496 768
f 648 495 450
f 450 449 648
f 648 449 448
f 648 448 452
f 480 769 481
f 481 769 474
f 480 479 770
f 769 479 478
f 769 478 771
f 771 478 482
f 771 482 483
f 483 485 771
f 771 485 484
f 771 484 765
f 765 484 488
f 765 488 487
f 459 464 660
f 660 464 462
f 660 462 461
f 461 460 660
f 660 460 465
f 660 465 466
f 471 469 772
f 772 469 468
f 468 467 772
f 772 467 472
f 772 472 473
f 773 477 772
f 772 477 476
f 772 476 770
f 769 476 475
f 769 475 474
f 548 502 774
f 502 504 774
f 774 504 503
f 774 503 506
f 507 514 649
f 506 505 774
f 774 505 509
f 774 509 508
f 514 512 649
f 649 512 511
f 649 511 510
f 510 517 649
f 649 517 516
f 649 516 515
f 540 539 764
f 764 539 538
f 764 538 775
f 775 538 544
f 544 543 775
f 775 543 547
f 775 547 546
f 546 545 775
f 775 545 550
f 775 550 774
f 774 550 549
f 774 549 548
f 508 507 774
f 774 507 649
f 774 649 776
f 776 649 777
f 776 653 778
f 778 653 654
f 778 654 779
f 779 654 647
f 528 529 659
f 659 529 762
f 659 762 658
f 658 762 780
f 658 780 657
f 657 780 781
f 657 781 664
f 664 781 782
f 447 446 765
f 765 446 648
f 765 648 783
f 783 648 784
f 783 662 782
f 782 662 663
f 782 663 664
f 785 667 786
f 786 667 669
f 786 669 787
f 788 669 671
f 788 671 772
f 772 671 660
f 772 660 470
f 471 660 466
f 789 790 791
f 792 793 794
f 795 646 577
f 577 646 568
f 796 797 578
f 578 797 798
f 578 798 577
f 577 798 799
f 577 799 795
f 796 578 800
f 800 578 591
f 800 591 801
f 592 802 803
f 804 801 805
f 805 801 591
f 805 591 806
f 806 591 592
f 806 592 807
f 807 592 803
f 807 803 808
f 802 592 809
f 809 592 596
f 809 596 810
f 811 812 563
f 554 812 553
f 811 554 813
f 813 554 814
f 813 814 815
f 565 816 564
f 564 816 817
f 817 792 564
f 564 792 794
f 564 794 563
f 554 794 818
f 554 818 814
f 666 665 575
f 665 789 575
f 585 789 791
f 585 791 565
f 565 791 819
f 565 819 816
f 816 819 820
f 646 645 568
f 568 645 655
f 568 655 561
f 561 655 650
f 561 650 560
f 560 650 651
f 560 651 570
f 570 651 652
f 570 652 571
f 571 652 656
f 571 656 587
f 587 656 670
f 587 661 586
f 586 661 668
f 586 668 590
f 590 668 666
f 590 666 584
f 584 666 575
f 812 821 553
f 553 821 822
f 553 823 552
f 823 824 552
f 552 824 825
f 552 825 597
f 825 826 597
f 597 826 827
f 597 827 595
f 827 828 595
f 595 828 829
f 595 829 583
f 829 830 583
f 583 830 831
f 583 831 576
f 831 832 576
f 582 832 833
f 582 833 569
f 833 834 569
f 569 834 835
f 569 835 567
f 835 836 567
f 567 836 837
f 567 837 566
f 837 838 566
f 566 838 839
f 566 839 556
f 839 840 556
f 556 840 841
f 556 841 558
f 841 842 558
f 559 842 843
f 559 843 572
f 573 843 844
f 573 845 574
f 574 845 846
f 574 846 593
f 846 847 593
f 593 847 848
f 593 848 594
f 848 849 594
f 594 849 850
f 594 850 588
f 850 851 588
f 588 851 852
f 588 852 581
f 852 853 581
f 581 853 854
f 581 854 580
f 854 855 580
f 580 855 856
f 580 856 579
f 856 857 579
f 579 857 858
f 579 858 562
f 858 859 562
f 562 859 860
f 562 860 555
f 860 861 555
f 555 861 862
f 555 862 551
f 862 863 551
f 551 863 864
f 551 864 599
f 864 865 599
f 599 865 866
f 599 866 598
f 866 867 598
f 598 867 868
f 598 868 596
f 596 868 869
f 596 869 810
f 870 871 872
f 785 871 873
f 873 811 872
f 785 811 813
f 785 813 815
f 815 814 872
f 785 814 818
f 785 818 794
f 794 793 872
f 785 793 874
f 785 792 817
f 817 816 872
f 785 816 820
f 785 820 819
f 819 791 872
f 785 791 790
f 785 790 667
f 667 790 789
f 667 789 665
f 401 404 875
f 876 432 431
f 632 631 644
f 644 631 876
f 644 876 643
f 643 876 431
f 643 431 435
f 402 401 601
f 601 401 875
f 601 875 602
f 618 606 607
f 605 602 611
f 611 602 875
f 611 875 609
f 612 875 877
f 612 878 607
f 607 878 879
f 607 879 618
f 631 637 876
f 876 637 634
f 876 634 880
f 881 627 882
f 883 627 622
f 883 622 884
f 884 622 620
f 884 621 879
f 879 621 619
f 879 619 618
f 634 613 880
f 880 613 614
f 880 614 885
f 885 614 615
f 885 616 886
f 616 617 886
f 886 617 623
f 886 623 887
f 887 623 624
f 887 624 881
f 881 624 625
f 881 625 626
f 888 889 779
f 807 808 779
f 779 808 803
f 888 779 890
f 803 802 779
f 779 802 809
f 779 809 890
f 801 804 779
f 804 805 779
f 779 805 806
f 779 806 807
f 797 796 779
f 779 796 800
f 779 800 801
f 647 646 779
f 779 646 795
f 795 799 779
f 779 799 798
f 779 798 891
f 892 893 894
f 895 896 897
f 892 894 898
f 898 894 899
f 898 899 900
f 900 901 902
f 903 892 904
f 904 892 898
f 904 898 905
f 905 898 906
f 895 897 907
f 907 897 908
f 907 908 909
f 900 902 898
f 898 902 910
f 898 910 911
f 911 910 907
f 911 907 912
f 912 907 909
f 912 909 913
f 914 895 915
f 915 895 907
f 915 907 916
f 916 907 917
f 918 919 920
f 921 922 923
f 924 925 926
f 926 925 923
f 926 923 927
f 928 929 930
f 930 929 921
f 925 931 923
f 923 931 932
f 923 932 921
f 921 932 933
f 921 933 930
f 934 920 923
f 923 920 935
f 923 935 927
f 936 937 938
f 938 937 920
f 938 920 939
f 939 920 934
f 940 941 942
f 942 941 943
f 937 944 920
f 920 944 942
f 920 942 918
f 918 942 943
f 918 943 945
f 946 947 948
f 949 950 951
f 952 953 948
f 948 953 954
f 948 954 955
f 956 957 946
f 958 959 951
f 951 959 956
f 956 946 951
f 951 946 948
f 951 948 949
f 949 948 955
f 949 955 960
f 961 962 963
f 952 948 964
f 965 948 966
f 965 966 967
f 967 961 964
f 965 961 963
f 965 963 968
f 968 963 969
f 968 969 970
f 971 969 972
f 971 972 973
f 973 972 974
f 973 974 975
f 976 977 978
f 979 980 981
f 981 980 982
f 981 982 976
f 976 978 981
f 981 978 983
f 981 983 984
f 985 981 986
f 986 981 984
f 986 984 987
f 987 984 988
f 989 990 981
f 981 990 991
f 981 991 979
f 992 993 994
f 995 996 992
f 990 997 991
f 991 997 998
f 991 998 995
f 995 992 991
f 991 992 994
f 991 994 999
f 999 994 1000
f 999 1000 1001
f 1001 1000 1002
f 1001 1002 1003
f 1004 1005 1006
f 1007 727 1008
f 1008 727 726
f 1008 726 1009
f 1009 726 725
f 720 1010 724
f 724 1010 1011
f 724 1011 725
f 725 1011 1012
f 725 1012 1009
f 718 1013 719
f 719 1013 1014
f 719 1014 720
f 720 1014 1015
f 720 1015 1016
f 717 1017 718
f 718 1017 1018
f 718 1019 1013
f 715 1020 716
f 716 1020 1021
f 716 1021 717
f 717 1021 1022
f 717 1022 1017
f 713 1023 714
f 714 1023 1024
f 714 1024 1025
f 715 1024 1026
f 715 1026 1020
f 1027 1028 711
f 711 1028 1029
f 711 1029 710
f 710 1029 1030
f 710 1031 713
f 713 1031 1032
f 713 1032 1023
f 1027 711 1033
f 1033 711 712
f 1033 712 1034
f 1034 712 709
f 1034 709 1035
f 1035 709 1036
f 1036 709 1037
f 1036 708 1038
f 1039 708 706
f 1039 707 1040
f 1040 707 1041
f 1041 707 704
f 1041 705 1042
f 1042 705 703
f 1042 703 1043
f 1043 703 1044
f 1045 703 702
f 1045 702 1046
f 1046 702 1047
f 1047 702 701
f 1047 701 1048
f 1049 701 700
f 1049 700 1050
f 1051 700 1052
f 1053 700 699
f 1053 699 1054
f 1054 699 698
f 1054 698 1055
f 1055 698 1056
f 1057 698 1058
f 1057 695 1059
f 1059 695 696
f 1059 696 1060
f 693 692 1061
f 1061 1062 693
f 693 1062 1063
f 693 1063 694
f 694 1063 1004
f 694 1004 697
f 697 1004 1006
f 697 1006 696
f 696 1006 1064
f 696 1064 1060
f 691 690 1065
f 1065 1066 691
f 691 1066 1067
f 691 1067 692
f 692 1067 1068
f 692 1068 1061
f 688 1069 689
f 689 1069 1070
f 689 1070 690
f 690 1070 1071
f 690 1071 1065
f 687 1072 688
f 688 1072 1073
f 688 1073 1069
f 1074 1075 685
f 685 1075 1076
f 685 1077 686
f 686 1077 1078
f 686 1078 687
f 687 1078 1079
f 687 1079 1072
f 1074 685 1080
f 1080 685 681
f 1080 681 1081
f 1081 681 682
f 1081 682 1082
f 680 1083 683
f 684 1083 1084
f 684 1084 682
f 682 1084 1085
f 682 1085 1082
f 678 1086 679
f 679 1086 1087
f 679 1087 680
f 680 1087 1088
f 680 1088 1083
f 677 1089 678
f 678 1089 1090
f 678 1090 1086
f 675 1091 676
f 676 1091 1092
f 676 1092 677
f 677 1092 1093
f 677 1093 1089
f 673 1094 674
f 674 1094 1095
f 674 1095 675
f 675 1095 1096
f 675 1096 1091
f 1097 1098 741
f 741 1098 1099
f 741 1099 672
f 672 1099 1100
f 672 1100 673
f 673 1100 1101
f 673 1101 1102
f 1097 741 1103
f 1103 741 740
f 1103 740 1104
f 1104 740 1105
f 1105 740 739
f 1105 739 1106
f 1106 739 738
f 1106 738 1107
f 736 1108 737
f 737 1108 1109
f 737 1110 738
f 738 1110 1111
f 738 1111 1107
f 734 1112 735
f 735 1112 1113
f 735 1113 736
f 736 1113 1114
f 736 1114 1108
f 732 1115 733
f 733 1115 1116
f 733 1116 734
f 734 1116 1117
f 734 1117 1112
f 731 1118 732
f 732 1118 1119
f 732 1119 1115
f 729 1120 730
f 730 1120 1121
f 730 1122 1123
f 731 1122 1124
f 731 1125 1126
f 722 1127 723
f 723 1127 1128
f 723 1128 729
f 729 1128 1129
f 729 1130 1120
f 1007 1131 727
f 727 1131 1132
f 727 1132 728
f 728 1132 1133
f 728 1133 722
f 722 1133 1134
f 722 1134 1135
f 1136 1084 1083
f 1111 1110 1137
f 1112 1138 1139
f 1041 1042 1140
f 1083 1088 1136
f 1136 1088 1087
f 1136 1087 1141
f 1087 1086 1141
f 1141 1086 1090
f 1141 1090 1142
f 1142 1090 1089
f 1142 1089 1143
f 1008 1009 1144
f 1144 1009 1012
f 1144 1012 1011
f 1011 1010 1144
f 1144 1010 1015
f 1144 1015 1145
f 1145 1015 1014
f 1145 1014 1146
f 1041 1140 1040
f 1042 1043 1140
f 1140 1043 1044
f 1140 1045 1046
f 1110 1108 1137
f 1137 1108 1114
f 1137 1114 1147
f 1147 1114 1113
f 1147 1113 1148
f 1148 1113 1149
f 1139 1150 1112
f 1112 1150 1151
f 1112 1151 1113
f 1113 1151 1152
f 1113 1152 1149
f 1046 1047 1140
f 1140 1047 1048
f 1140 1049 1050
f 1089 1093 1143
f 1143 1093 1092
f 1143 1092 1091
f 1014 1013 1146
f 1146 1013 1018
f 1146 1019 1153
f 1153 1019 1017
f 1153 1017 1154
f 1155 1035 1156
f 1157 1035 1036
f 1157 1036 1140
f 1140 1036 1038
f 1140 1039 1040
f 1158 1116 1159
f 1159 1116 1115
f 1159 1115 1160
f 1138 1112 1161
f 1161 1112 1117
f 1161 1117 1162
f 1162 1117 1116
f 1162 1116 1163
f 1163 1116 1158
f 1163 1158 1164
f 1115 1119 1160
f 1160 1119 1126
f 1160 1118 1124
f 1057 1059 1165
f 1165 1059 1060
f 1091 1096 1143
f 1143 1096 1095
f 1143 1095 1166
f 1166 1095 1102
f 1166 1094 1101
f 1017 1022 1154
f 1154 1022 1021
f 1154 1021 1167
f 1167 1021 1020
f 1167 1020 1168
f 1051 1053 1140
f 1140 1053 1054
f 1140 1054 1165
f 1165 1054 1055
f 1165 1055 1056
f 1125 1122 1160
f 1160 1122 1120
f 1160 1120 1129
f 1133 1132 1144
f 1060 1064 1165
f 1165 1064 1006
f 1165 1006 1005
f 1020 1026 1168
f 1168 1026 1024
f 1168 1024 1169
f 1169 1024 1023
f 1169 1023 1170
f 1130 1128 1160
f 1160 1128 1135
f 1160 1127 1144
f 1144 1127 1134
f 1144 1134 1133
f 1132 1131 1144
f 1144 1131 1007
f 1144 1007 1008
f 1171 1027 1172
f 1173 1027 1033
f 1173 1033 1155
f 1155 1033 1034
f 1155 1034 1035
f 1174 1097 1175
f 1175 1097 1103
f 1175 1103 1104
f 1104 1105 1175
f 1175 1105 1106
f 1175 1106 1137
f 1137 1106 1107
f 1137 1107 1111
f 1023 1032 1170
f 1170 1032 1030
f 1170 1031 1176
f 1176 1031 1029
f 1176 1029 1171
f 1171 1029 1177
f 1171 1028 1027
f 1101 1100 1166
f 1166 1100 1099
f 1166 1099 1174
f 1174 1099 1098
f 1174 1098 1097
f 750 747 1178
f 756 757 758
f 745 744 1179
f 1180 1181 755
f 743 742 752
f 437 1179 438
f 438 1179 744
f 438 744 445
f 445 744 751
f 1178 747 1182
f 746 745 760
f 760 745 1179
f 760 1179 758
f 759 1179 1180
f 759 1180 756
f 756 1180 755
f 747 743 1182
f 1183 743 752
f 1183 752 1181
f 1181 752 753
f 1181 753 755
f 755 753 754
f 405 749 406
f 406 749 750
f 406 750 407
f 407 750 1178
f 1184 870 1185
f 1185 870 872
f 1186 778 1187
f 1187 778 779
f 1187 779 1188
f 1189 774 1190
f 1190 774 776
f 1190 776 1191
f 1186 1192 778
f 778 1192 1193
f 778 1193 776
f 776 1193 1194
f 776 1194 1191
f 1195 764 1196
f 1196 764 775
f 1196 775 1197
f 1189 1198 774
f 774 1198 1199
f 774 1199 775
f 775 1199 1200
f 775 1200 1197
f 1201 780 1202
f 1202 780 762
f 1202 762 1203
f 1195 1204 764
f 764 1204 1205
f 764 1205 762
f 762 1205 1206
f 762 1206 1203
f 1201 1207 780
f 780 1207 1208
f 780 1208 781
f 781 1208 1209
f 781 1209 1210
f 1210 1211 781
f 781 1211 1212
f 781 1212 782
f 782 1212 1213
f 782 1213 1214
f 1215 783 1216
f 1216 783 782
f 1216 782 1217
f 1217 782 1214
f 1218 765 1219
f 1219 765 783
f 1219 783 1220
f 1220 783 1221
f 1222 771 1223
f 1223 771 765
f 1223 765 1224
f 1224 765 1218
f 1225 769 1226
f 1227 769 771
f 1227 771 1228
f 1228 771 1229
f 1230 772 1231
f 1231 772 770
f 1231 769 1232
f 1232 769 1225
f 1233 788 1234
f 1234 788 772
f 1234 772 1235
f 1235 772 1230
f 1185 785 1236
f 1237 785 786
f 1237 786 1238
f 1238 786 787
f 1238 788 1239
f 1239 788 1233
f 1188 779 1240
f 1241 779 889
f 1242 1241 889
f 867 1243 868
f 868 1243 1244
f 868 1244 869
f 866 1245 867
f 867 1245 1246
f 867 1246 1243
f 865 1247 866
f 866 1247 1248
f 866 1248 1245
f 863 1249 864
f 864 1249 1250
f 864 1250 865
f 865 1250 1251
f 865 1251 1247
f 861 1252 862
f 862 1252 1253
f 862 1253 863
f 863 1253 1254
f 863 1254 1249
f 859 1255 860
f 860 1255 1256
f 860 1256 861
f 861 1256 1257
f 861 1257 1252
f 857 1258 858
f 858 1258 1259
f 858 1259 859
f 859 1259 1260
f 859 1260 1255
f 855 1261 856
f 856 1261 1262
f 856 1262 857
f 857 1262 1263
f 857 1263 1258
f 854 1264 855
f 855 1264 1265
f 855 1265 1261
f 852 1266 853
f 853 1266 1267
f 853 1267 854
f 854 1267 1268
f 854 1268 1264
f 851 404 852
f 852 404 1269
f 852 1269 1266
f 839 432 840
f 840 432 876
f 840 876 841
f 841 876 880
f 841 880 842
f 842 880 885
f 842 885 843
f 843 885 886
f 843 886 844
f 845 886 887
f 845 887 846
f 846 887 881
f 846 881 847
f 847 881 882
f 847 883 848
f 848 883 884
f 848 884 849
f 849 884 879
f 849 879 850
f 850 879 877
f 850 878 851
f 851 878 875
f 851 875 404
f 837 1270 838
f 838 1270 1271
f 838 1271 839
f 839 1271 1272
f 839 1272 432
f 835 1273 836
f 836 1273 1274
f 836 1275 837
f 837 1275 1276
f 837 1277 1270
f 833 1278 834
f 834 1278 1279
f 834 1279 835
f 835 1279 1280
f 835 1281 1273
f 832 1282 833
f 833 1282 1283
f 833 1283 1278
f 830 1284 831
f 831 1284 1285
f 831 1285 832
f 832 1285 1286
f 832 1286 1282
f 828 1287 829
f 829 1287 1288
f 829 1288 830
f 830 1288 1289
f 830 1289 1284
f 826 1290 827
f 827 1290 1291
f 827 1291 828
f 828 1291 1292
f 828 1292 1287
f 1293 1294 824
f 824 1294 1295
f 824 1295 825
f 825 1295 1296
f 825 1296 826
f 826 1296 1297
f 826 1297 1290
f 871 870 1298
f 1293 824 1299
f 1299 824 822
f 1299 823 1300
f 1300 823 1298
f 1300 821 1301
f 1301 821 870
f 1301 870 1302
f 821 812 871
f 871 812 811
f 871 811 873
f 1244 1242 869
f 869 1242 889
f 869 889 810
f 810 889 888
f 810 888 809
f 809 888 890
f 1303 917 907
f 1303 907 1304
f 1304 907 910
f 1304 910 1305
f 1305 910 902
f 1305 902 1306
f 1306 902 901
f 1306 901 1307
f 1307 901 900
f 1307 900 1308
f 1308 900 899
f 1308 899 1309
f 1309 899 1310
f 1310 899 894
f 1310 894 1311
f 1311 894 893
f 1311 893 1312
f 1312 893 892
f 1312 892 1313
f 1313 892 903
f 1313 903 1314
f 1314 903 904
f 1314 904 1315
f 1315 904 905
f 1315 905 1316
f 905 906 1316
f 1316 906 898
f 1316 898 1317
f 1317 898 911
f 1317 911 1318
f 1318 911 912
f 1318 912 1319
f 1319 912 913
f 1319 913 1320
f 1320 913 909
f 1320 909 1321
f 1321 909 908
f 917 1303 916
f 916 1303 1322
f 916 1322 915
f 915 1322 1323
f 915 1323 914
f 914 1323 1324
f 914 1324 895
f 895 1324 1325
f 895 1325 896
f 896 1325 1326
f 896 1326 897
f 897 1326 1327
f 897 1327 908
f 908 1327 1328
f 908 1328 1321
f 940 1329 1330
f 941 1329 1331
f 941 1331 943
f 943 1331 1332
f 943 1332 945
f 945 1332 1333
f 945 1333 918
f 918 1333 1334
f 918 1334 919
f 919 1334 1335
f 919 1335 920
f 920 1335 1336
f 920 1336 935
f 935 1336 1337
f 935 1337 927
f 927 1337 1338
f 927 1338 926
f 926 1338 1339
f 926 1339 924
f 924 1339 1340
f 924 1340 925
f 925 1340 1341
f 925 1341 931
f 931 1341 1342
f 931 1342 932
f 932 1342 1343
f 932 1343 933
f 933 1343 1344
f 933 1344 930
f 930 1344 1345
f 930 1345 928
f 928 1345 1346
f 928 1346 929
f 929 1346 1347
f 929 1347 921
f 921 1347 1348
f 921 1348 1349
f 922 1348 1350
f 922 1350 923
f 923 1350 1351
f 923 1351 934
f 934 1351 1352
f 934 1352 939
f 939 1352 1353
f 939 1353 938
f 938 1353 1354
f 938 1354 936
f 936 1354 1355
f 936 1355 937
f 937 1355 1356
f 937 1356 944
f 944 1356 1357
f 944 1357 942
f 942 1357 1358
f 942 1358 940
f 940 1358 1329
f 1359 1360 955
f 955 1360 1361
f 955 1361 960
f 1362 1361 1363
f 1362 1363 949
f 949 1363 1364
f 949 1364 950
f 950 1364 1365
f 950 1365 951
f 951 1365 1366
f 951 1366 958
f 958 1366 1367
f 958 1367 959
f 959 1367 1368
f 959 1368 956
f 956 1368 1369
f 956 1369 957
f 957 1369 1370
f 957 1370 946
f 946 1370 1371
f 946 1371 947
f 947 1371 1372
f 947 1372 948
f 948 1372 1373
f 948 1373 966
f 966 1373 1374
f 966 1374 967
f 967 1374 1375
f 967 1375 961
f 961 1375 1376
f 961 1376 962
f 962 1376 1377
f 962 1377 963
f 963 1377 1378
f 963 1378 969
f 969 1378 1379
f 969 1379 972
f 972 1379 1380
f 972 1380 974
f 974 1380 1381
f 974 1381 975
f 975 1381 1382
f 975 1382 973
f 973 1382 1383
f 973 1383 970
f 971 1383 1384
f 971 1384 968
f 968 1384 1385
f 968 1385 964
f 965 1385 1386
f 965 1386 1387
f 952 1386 1388
f 952 1389 953
f 953 1389 1359
f 953 1359 954
f 954 1359 955
f 1390 1391 995
f 995 1391 1392
f 995 1392 1393
f 996 1392 1394
f 996 1394 992
f 992 1394 1395
f 992 1395 993
f 993 1395 1396
f 993 1396 994
f 994 1396 1397
f 994 1397 1000
f 1000 1397 1398
f 1000 1398 1002
f 1002 1398 1399
f 1002 1399 1003
f 1003 1399 1400
f 1003 1400 1001
f 1001 1400 1401
f 1001 1401 999
f 999 1401 1402
f 999 1402 991
f 991 1402 1403
f 991 1403 979
f 979 1403 1404
f 979 1404 980
f 980 1404 1405
f 980 1405 982
f 982 1405 1406
f 982 1406 976
f 976 1406 1407
f 976 1407 977
f 977 1407 1408
f 977 1408 978
f 978 1408 1409
f 978 1409 983
f 983 1409 1410
f 983 1410 984
f 984 1410 1411
f 984 1411 988
f 988 1411 1412
f 988 1412 987
f 987 1412 1413
f 987 1413 986
f 986 1413 1414
f 986 1414 1415
f 985 1414 1416
f 985 1416 981
f 981 1416 1417
f 981 1417 1418
f 989 1417 1419
f 989 1419 1420
f 990 1419 1421
f 990 1422 997
f 997 1422 1390
f 997 1390 998
f 998 1390 995
f 1423 1157 1424
f 1424 1157 1140
f 1425 1155 1426
f 1426 1155 1156
f 1426 1157 1427
f 1427 1157 1423
f 1428 1173 1429
f 1429 1173 1155
f 1429 1155 1430
f 1430 1155 1425
f 1431 1171 1432
f 1432 1171 1172
f 1432 1173 1433
f 1433 1173 1428
f 1434 1176 1435
f 1435 1176 1171
f 1435 1171 1436
f 1436 1171 1431
f 1437 1169 1438
f 1439 1169 1170
f 1439 1170 1440
f 1434 1441 1176
f 1176 1441 1442
f 1176 1442 1170
f 1170 1442 1443
f 1170 1444 1440
f 1445 1167 1446
f 1446 1167 1168
f 1446 1168 1447
f 1437 1448 1169
f 1169 1448 1449
f 1169 1450 1168
f 1168 1450 1451
f 1168 1451 1447
f 1452 1154 1453
f 1453 1154 1167
f 1453 1167 1454
f 1455 1167 1456
f 1457 1153 1458
f 1458 1153 1154
f 1458 1154 1459
f 1459 1154 1452
f 1460 1146 1461
f 1461 1146 1153
f 1461 1153 1462
f 1462 1153 1457
f 1463 1144 1464
f 1464 1144 1145
f 1464 1145 1465
f 1465 1145 1146
f 1465 1146 1466
f 1467 1146 1460
f 1140 1165 1424
f 1424 1165 1468
f 1074 1080 1468
f 1136 1469 1084
f 1084 1469 1470
f 1084 1470 1085
f 1085 1470 1468
f 1085 1471 1082
f 1082 1471 1080
f 1082 1080 1081
f 1063 1062 1061
f 1078 1077 1075
f 1165 1005 1468
f 1471 1005 1004
f 1471 1004 1063
f 1471 1069 1073
f 1063 1061 1468
f 1471 1061 1068
f 1471 1068 1067
f 1075 1074 1078
f 1078 1074 1468
f 1078 1471 1079
f 1079 1471 1073
f 1079 1073 1072
f 1070 1069 1071
f 1071 1069 1468
f 1071 1471 1065
f 1065 1471 1067
f 1065 1067 1066
f 1470 1469 1472
f 1472 1469 1473
f 1474 1475 1473
f 1473 1475 1476
f 1473 1476 1472
f 1469 1136 1473
f 1473 1136 1141
f 1473 1141 1474
f 1474 1141 1142
f 1474 1142 1143
f 1474 1143 1166
f 1477 1478 1174
f 1174 1478 1479
f 1174 1479 1166
f 1166 1479 1480
f 1166 1480 1474
f 1474 1480 1481
f 1474 1481 1475
f 1482 1483 1484
f 1484 1483 1485
f 1484 1485 1486
f 1477 1174 1487
f 1487 1174 1175
f 1487 1175 1486
f 1486 1175 1137
f 1486 1137 1484
f 1488 1484 1137
f 1489 1490 1491
f 1152 1151 1491
f 1492 1493 1494
f 1492 1494 1495
f 1495 1496 1163
f 1163 1164 1495
f 1495 1164 1158
f 1495 1158 1492
f 1492 1158 1159
f 1492 1159 1160
f 1151 1150 1491
f 1491 1150 1497
f 1491 1497 1489
f 1490 1498 1491
f 1491 1498 1499
f 1491 1499 1152
f 1500 1501 1496
f 1494 1502 1495
f 1495 1502 1503
f 1495 1503 1496
f 1496 1503 1504
f 1496 1504 1500
f 1137 1147 1488
f 1488 1147 1148
f 1488 1148 1499
f 1499 1148 1149
f 1499 1149 1152
f 1150 1139 1497
f 1497 1139 1138
f 1497 1138 1501
f 1501 1138 1161
f 1501 1161 1496
f 1496 1161 1162
f 1496 1162 1163
f 1482 1484 1505
f 1505 1484 1488
f 1505 1488 1506
f 1506 1488 1499
f 1506 1499 1507
f 1507 1499 1498
f 1500 1508 1501
f 1501 1508 1509
f 1501 1509 1497
f 1497 1509 1510
f 1497 1510 1489
f 1160 1144 1492
f 1492 1144 1463
f 1492 1463 1493
f 1511 1512 1513
f 1513 1512 1514
f 1178 1515 407
f 407 1515 1516
f 407 1516 1517
f 1517 1516 1518
f 1517 1518 1519
f 1519 1518 1520
f 1519 1520 1521
f 1521 1520 1522
f 1521 1522 1523
f 1523 1522 1514
f 1523 1514 1524
f 1524 1514 1512
f 1524 1512 1525
f 1526 1527 1182
f 1183 1527 1528
f 1183 1529 1178
f 1178 1529 1530
f 1178 1530 1515
f 1526 1183 1531
f 1532 1183 1181
f 1532 1181 1533
f 1534 1181 1535
f 1535 1181 1180
f 1534 1536 1181
f 1181 1536 1537
f 1181 1537 1533
f 1538 1539 1179
f 1179 1539 1540
f 1179 1540 1180
f 1180 1540 1541
f 1180 1541 1535
f 1542 1543 1544
f 1538 1179 1544
f 1545 1179 437
f 1545 437 1542
f 1542 437 1546
f 1542 1546 1547
f 1548 1549 1550
f 1511 1551 1512
f 1512 1551 1552
f 1512 1552 1525
f 1551 1553 1552
f 1552 1553 1548
f 1552 1548 1554
f 1554 1548 1550
f 1554 1550 1555
f 1556 1513 1557
f 1557 1513 1514
f 1557 1514 1558
f 1558 1514 1522
f 1559 1560 1561
f 1561 1560 1549
f 1561 1549 1548
f 1556 1562 1561
f 1548 1553 1561
f 1561 1553 1551
f 1561 1551 1556
f 1556 1551 1511
f 1556 1511 1513
f 1563 1564 1565
f 1565 1543 1542
f 1566 1563 1567
f 1567 1563 1565
f 1567 1565 1568
f 1568 1565 1542
f 1568 1542 1547
f 403 407 1517
f 1569 1570 1202
f 1202 1570 1571
f 1202 1572 1201
f 1204 1573 1205
f 1205 1573 1570
f 1205 1570 1206
f 1206 1570 1203
f 1235 1574 1234
f 1234 1574 1575
f 1234 1575 1233
f 1197 1576 1196
f 1196 1576 1573
f 1196 1573 1195
f 1195 1573 1204
f 1235 1230 1577
f 1574 1230 1231
f 1574 1231 1578
f 1578 1231 1232
f 1210 1209 1579
f 1579 1209 1208
f 1579 1208 1571
f 1572 1208 1207
f 1572 1207 1201
f 1198 1580 1199
f 1199 1580 1576
f 1199 1576 1200
f 1200 1576 1197
f 1275 1581 1276
f 1277 1581 1582
f 1277 1582 1270
f 1191 1583 1190
f 1190 1583 1580
f 1190 1580 1189
f 1189 1580 1198
f 1191 1194 1583
f 1583 1194 1193
f 1583 1193 1584
f 437 436 1546
f 1546 436 1568
f 1546 1568 1547
f 1270 1582 1271
f 1271 1582 1566
f 1271 1566 1272
f 1279 1585 1280
f 1281 1585 1581
f 1281 1581 1273
f 1273 1581 1274
f 1232 1225 1578
f 1578 1225 1226
f 1578 1227 1586
f 1586 1227 1228
f 1228 1222 1586
f 1586 1222 1223
f 1586 1223 1587
f 1588 1223 1224
f 436 432 1568
f 1568 432 1272
f 1568 1272 1567
f 1567 1272 1566
f 1282 1589 1283
f 1283 1589 1590
f 1283 1585 1278
f 1278 1585 1279
f 1287 1591 1288
f 1288 1591 1592
f 1288 1592 1289
f 1224 1218 1587
f 1588 1218 1219
f 1588 1219 1593
f 1593 1219 1220
f 1220 1215 1593
f 1593 1215 1216
f 1593 1216 1594
f 1594 1216 1217
f 1594 1217 1214
f 1282 1286 1589
f 1589 1286 1285
f 1589 1285 1592
f 1592 1285 1284
f 1592 1284 1289
f 1249 1595 1250
f 1250 1595 1596
f 1250 1596 1251
f 1597 1299 1598
f 1598 1299 1300
f 1598 1300 1599
f 1252 1600 1253
f 1253 1600 1595
f 1253 1595 1254
f 1254 1595 1249
f 1290 1601 1291
f 1291 1601 1591
f 1291 1591 1292
f 1292 1591 1287
f 1214 1213 1594
f 1594 1213 1212
f 1594 1212 1579
f 1579 1212 1211
f 1579 1211 1210
f 1193 1192 1584
f 1584 1192 1186
f 1584 1186 1602
f 1255 1603 1256
f 1256 1603 1600
f 1256 1600 1257
f 1257 1600 1252
f 1255 1260 1603
f 1603 1260 1259
f 1603 1259 1604
f 1605 1237 1606
f 1606 1237 1238
f 1606 1238 1575
f 1575 1238 1239
f 1575 1239 1233
f 1242 1607 1240
f 1241 1607 1608
f 1241 1608 1188
f 1188 1608 1602
f 1188 1602 1187
f 1187 1602 1186
f 1290 1297 1601
f 1601 1297 1296
f 1601 1296 1609
f 1300 1301 1599
f 1599 1301 1302
f 1599 1184 1605
f 1605 1184 1185
f 1605 1185 1236
f 1242 1244 1607
f 1607 1244 1243
f 1607 1243 1610
f 1610 1243 1246
f 1246 1245 1610
f 1610 1245 1248
f 1610 1248 1596
f 1596 1248 1247
f 1596 1247 1251
f 1259 1258 1604
f 1604 1258 1263
f 1604 1263 1555
f 1555 1263 1262
f 1555 1262 1554
f 1554 1262 1261
f 1554 1261 1552
f 1552 1261 1265
f 1296 1295 1609
f 1609 1295 1294
f 1609 1294 1597
f 1597 1294 1293
f 1597 1293 1299
f 404 403 1269
f 1269 403 1517
f 1269 1517 1266
f 1266 1517 1519
f 1266 1519 1267
f 1267 1519 1521
f 1267 1521 1268
f 1268 1521 1523
f 1268 1523 1264
f 1264 1523 1524
f 1264 1524 1265
f 1265 1524 1525
f 1265 1525 1552
f 1305 1611 1304
f 1304 1611 1612
f 1304 1612 1303
f 1303 1612 1613
f 1303 1613 1322
f 1322 1613 1614
f 1322 1614 1323
f 1615 1309 1616
f 1616 1309 1310
f 1310 1311 1616
f 1616 1311 1312
f 1616 1312 1617
f 1312 1313 1617
f 1617 1313 1314
f 1617 1314 1618
f 1618 1314 1315
f 1618 1315 1619
f 1619 1315 1316
f 1619 1316 1620
f 1305 1306 1611
f 1611 1306 1307
f 1611 1307 1615
f 1615 1307 1308
f 1615 1308 1309
f 1316 1317 1620
f 1620 1317 1318
f 1620 1318 1621
f 1327 1622 1328
f 1328 1622 1623
f 1328 1623 1321
f 1321 1623 1624
f 1321 1624 1320
f 1320 1624 1621
f 1320 1621 1319
f 1319 1621 1318
f 1327 1326 1622
f 1622 1326 1325
f 1622 1325 1614
f 1614 1325 1324
f 1614 1324 1323
f 1625 1626 1338
f 1329 1358 1627
f 1627 1358 1628
f 1338 1337 1625
f 1625 1337 1336
f 1625 1336 1629
f 1336 1335 1629
f 1629 1335 1334
f 1629 1334 1630
f 1334 1333 1630
f 1630 1333 1332
f 1630 1332 1627
f 1627 1332 1331
f 1627 1331 1329
f 1631 1632 1353
f 1344 1343 1633
f 1633 1343 1634
f 1343 1342 1634
f 1634 1342 1341
f 1634 1341 1635
f 1635 1341 1340
f 1635 1340 1626
f 1626 1340 1339
f 1626 1339 1338
f 1358 1357 1628
f 1636 1357 1356
f 1636 1356 1637
f 1637 1356 1355
f 1637 1355 1638
f 1632 1355 1354
f 1632 1354 1353
f 1353 1352 1631
f 1631 1352 1351
f 1631 1351 1639
f 1351 1350 1639
f 1640 1350 1348
f 1640 1348 1641
f 1348 1347 1641
f 1641 1347 1346
f 1641 1346 1633
f 1633 1346 1345
f 1633 1345 1344
f 1642 1643 1375
f 1367 1366 1644
f 1644 1366 1645
f 1375 1374 1642
f 1642 1374 1373
f 1642 1373 1646
f 1373 1372 1646
f 1646 1372 1371
f 1646 1371 1647
f 1371 1370 1647
f 1647 1370 1369
f 1647 1369 1644
f 1644 1369 1368
f 1644 1368 1367
f 1648 1649 1360
f 1381 1380 1650
f 1650 1380 1651
f 1380 1379 1651
f 1651 1379 1378
f 1651 1378 1652
f 1652 1378 1377
f 1652 1377 1643
f 1643 1377 1376
f 1643 1376 1375
f 1366 1365 1645
f 1645 1365 1364
f 1645 1364 1653
f 1653 1364 1363
f 1653 1363 1649
f 1649 1363 1361
f 1649 1361 1360
f 1360 1359 1648
f 1648 1359 1388
f 1648 1389 1654
f 1389 1386 1654
f 1654 1386 1385
f 1654 1385 1655
f 1385 1384 1655
f 1655 1384 1383
f 1655 1383 1650
f 1650 1383 1382
f 1650 1382 1381
f 1656 1657 1406
f 1398 1397 1658
f 1658 1397 1659
f 1406 1405 1656
f 1656 1405 1404
f 1656 1404 1660
f 1404 1403 1660
f 1660 1403 1402
f 1660 1402 1661
f 1402 1401 1661
f 1661 1401 1400
f 1661 1400 1658
f 1658 1400 1399
f 1658 1399 1398
f 1662 1663 1391
f 1412 1411 1664
f 1664 1411 1665
f 1411 1410 1665
f 1665 1410 1409
f 1665 1409 1666
f 1666 1409 1408
f 1666 1408 1657
f 1657 1408 1407
f 1657 1407 1406
f 1397 1396 1659
f 1659 1396 1395
f 1659 1395 1667
f 1667 1395 1394
f 1667 1394 1663
f 1663 1394 1392
f 1663 1392 1391
f 1391 1390 1662
f 1662 1390 1421
f 1662 1422 1668
f 1422 1419 1668
f 1668 1419 1417
f 1668 1417 1669
f 1417 1416 1669
f 1669 1416 1414
f 1669 1414 1664
f 1664 1414 1413
f 1664 1413 1412
f 1430 1670 1429
f 1429 1670 1671
f 1429 1672 1428
f 1673 1482 1505
f 1673 1505 1674
f 1674 1505 1506
f 1674 1506 1507
f 1430 1425 1670
f 1670 1425 1426
f 1670 1426 1675
f 1507 1498 1674
f 1674 1498 1490
f 1674 1490 1676
f 1426 1427 1675
f 1675 1427 1423
f 1675 1423 1677
f 1677 1423 1424
f 1677 1424 1678
f 1678 1424 1468
f 1678 1471 1558
f 1558 1471 1470
f 1558 1470 1557
f 1557 1470 1472
f 1557 1472 1556
f 1556 1472 1476
f 1556 1476 1562
f 1562 1476 1475
f 1562 1475 1679
f 1679 1475 1481
f 1487 1680 1477
f 1477 1680 1681
f 1487 1486 1680
f 1680 1486 1485
f 1680 1485 1673
f 1673 1485 1483
f 1673 1483 1482
f 1490 1489 1676
f 1676 1489 1510
f 1676 1510 1682
f 1682 1510 1509
f 1682 1509 1508
f 1481 1480 1679
f 1679 1480 1479
f 1679 1479 1681
f 1681 1479 1478
f 1681 1478 1477
f 1441 1683 1442
f 1442 1683 1684
f 1442 1684 1443
f 1444 1684 1440
f 1441 1434 1683
f 1683 1434 1435
f 1683 1435 1685
f 1503 1686 1504
f 1504 1686 1682
f 1504 1682 1500
f 1500 1682 1508
f 1503 1502 1686
f 1686 1502 1494
f 1686 1494 1687
f 1687 1494 1493
f 1687 1493 1688
f 1462 1689 1461
f 1461 1689 1690
f 1461 1691 1460
f 1493 1463 1688
f 1688 1463 1464
f 1688 1464 1692
f 1692 1464 1465
f 1692 1465 1690
f 1691 1465 1466
f 1691 1467 1460
f 1435 1436 1685
f 1693 1436 1431
f 1693 1431 1694
f 1694 1431 1432
f 1694 1432 1671
f 1672 1432 1433
f 1672 1433 1428
f 1462 1457 1689
f 1689 1457 1458
f 1689 1458 1695
f 1695 1458 1459
f 1440 1684 1438
f 1439 1684 1696
f 1439 1696 1697
f 1459 1452 1695
f 1695 1452 1453
f 1695 1453 1698
f 1698 1453 1454
f 1699 1700 1446
f 1446 1700 1698
f 1446 1698 1456
f 1445 1698 1454
f 1699 1451 1700
f 1700 1451 1449
f 1700 1450 1696
f 1696 1450 1448
f 1696 1448 1697
f 1558 1522 1520
f 1515 1530 1558
f 1558 1530 1528
f 1520 1518 1558
f 1558 1518 1516
f 1558 1516 1515
f 1529 1527 1558
f 1558 1527 1526
f 1558 1526 1531
f 1536 1678 1537
f 1537 1678 1558
f 1537 1558 1533
f 1533 1558 1531
f 1536 1534 1678
f 1678 1534 1535
f 1678 1535 1541
f 1541 1540 1678
f 1678 1540 1701
f 1678 1539 1702
f 1538 1545 1678
f 1678 1545 1543
f 1678 1543 1565
f 1565 1564 1678
f 1678 1564 1703
f 1678 1704 1705
f 1611 1615 1706
f 1706 1615 1707
f 1706 1707 1708
f 1707 1615 1709
f 1709 1615 1616
f 1623 1710 1711
f 1623 1711 1624
f 1624 1711 1712
f 1624 1712 1713
f 1714 1621 1715
f 1715 1621 1624
f 1715 1624 1716
f 1716 1624 1713
f 1717 1619 1718
f 1718 1619 1620
f 1718 1620 1719
f 1714 1720 1621
f 1621 1720 1721
f 1621 1721 1620
f 1620 1721 1722
f 1620 1722 1719
f 1723 1618 1724
f 1725 1618 1619
f 1725 1619 1726
f 1726 1619 1717
f 1727 1617 1728
f 1728 1617 1618
f 1728 1618 1729
f 1729 1618 1723
f 1727 1730 1617
f 1617 1730 1731
f 1617 1731 1616
f 1616 1731 1732
f 1616 1732 1709
f 1733 1710 1734
f 1734 1710 1623
f 1734 1623 1622
f 1608 1735 1602
f 1602 1735 1736
f 1604 1555 1550
f 1550 1549 1560
f 1550 1560 1604
f 1604 1560 1559
f 1604 1559 1737
f 1737 1559 1738
f 1737 1738 1739
f 1735 1608 1740
f 1740 1608 1607
f 1740 1607 1741
f 1741 1607 1742
f 1742 1607 1610
f 1742 1610 1743
f 1744 1745 1596
f 1596 1745 1746
f 1596 1746 1610
f 1610 1746 1747
f 1610 1747 1743
f 1744 1596 1748
f 1748 1596 1595
f 1748 1595 1749
f 1750 1751 1600
f 1600 1751 1752
f 1600 1752 1595
f 1595 1752 1753
f 1595 1753 1749
f 1750 1600 1754
f 1754 1600 1603
f 1754 1603 1755
f 1737 1756 1604
f 1604 1756 1757
f 1604 1757 1603
f 1603 1757 1758
f 1603 1758 1755
f 1759 1739 1738
f 1679 1760 1562
f 1562 1760 1759
f 1562 1759 1561
f 1561 1759 1738
f 1561 1738 1559
f 1761 1762 1763
f 1763 1762 1764
f 1763 1764 1681
f 1681 1764 1765
f 1681 1765 1679
f 1679 1765 1766
f 1679 1766 1760
f 1564 1563 1703
f 1704 1563 1566
f 1704 1566 1705
f 1705 1566 1582
f 1705 1582 1767
f 1768 1582 1769
f 1769 1582 1581
f 1769 1581 1770
f 1771 1772 1773
f 1770 1581 1773
f 1773 1581 1590
f 1773 1585 1774
f 1775 1598 1776
f 1777 1598 1599
f 1777 1599 1778
f 1779 1780 1589
f 1589 1780 1781
f 1589 1781 1590
f 1585 1781 1782
f 1585 1782 1774
f 1779 1589 1783
f 1783 1589 1592
f 1783 1592 1784
f 1785 1786 1591
f 1591 1786 1787
f 1591 1787 1592
f 1592 1787 1788
f 1592 1788 1784
f 1785 1591 1789
f 1789 1591 1601
f 1789 1601 1790
f 1791 1609 1597
f 1791 1792 1609
f 1609 1792 1793
f 1609 1793 1601
f 1601 1793 1794
f 1601 1794 1790
f 1775 1795 1598
f 1598 1795 1796
f 1598 1797 1597
f 1597 1797 1798
f 1597 1798 1791
f 1605 1799 1599
f 1599 1799 1778
f 1800 1584 1736
f 1736 1584 1602
f 1612 1611 1570
f 1801 1570 1802
f 1802 1570 1611
f 1802 1611 1708
f 1708 1611 1706
f 1570 1573 1612
f 1612 1573 1576
f 1612 1576 1613
f 1613 1576 1580
f 1613 1580 1614
f 1614 1580 1622
f 1622 1580 1583
f 1622 1583 1734
f 1734 1583 1803
f 1734 1803 1733
f 1799 1605 1804
f 1804 1605 1606
f 1804 1606 1805
f 1805 1606 1575
f 1805 1575 1806
f 1807 1808 1577
f 1574 1808 1809
f 1574 1810 1575
f 1575 1810 1811
f 1575 1811 1806
f 1807 1574 1812
f 1812 1574 1578
f 1812 1578 1813
f 1814 1815 1586
f 1586 1815 1816
f 1586 1816 1578
f 1578 1816 1817
f 1578 1817 1813
f 1814 1586 1818
f 1818 1586 1587
f 1818 1588 1819
f 1593 1820 1821
f 1821 1822 1593
f 1593 1822 1823
f 1593 1823 1587
f 1588 1823 1824
f 1588 1824 1819
f 1820 1593 1825
f 1825 1593 1594
f 1825 1594 1826
f 1827 1828 1579
f 1579 1828 1829
f 1579 1829 1594
f 1594 1829 1830
f 1594 1830 1826
f 1827 1579 1831
f 1831 1579 1571
f 1831 1572 1832
f 1801 1833 1570
f 1570 1833 1834
f 1570 1834 1571
f 1572 1834 1835
f 1572 1835 1832
f 1800 1836 1584
f 1584 1836 1837
f 1584 1837 1583
f 1583 1837 1838
f 1583 1838 1803
f 1839 1840 1841
f 1842 1843 1844
f 1844 1843 1845
f 1844 1845 1846
f 1841 1847 1848
f 1839 1841 1849
f 1849 1841 1848
f 1849 1848 1850
f 1844 1851 1842
f 1842 1851 1852
f 1842 1852 1841
f 1841 1852 1853
f 1841 1853 1847
f 1854 1632 1855
f 1855 1632 1631
f 1855 1631 1856
f 1640 1857 1858
f 1640 1858 1631
f 1631 1858 1859
f 1631 1859 1856
f 1641 1860 1861
f 1641 1861 1639
f 1640 1861 1862
f 1640 1862 1857
f 1633 1863 1641
f 1641 1863 1864
f 1641 1864 1860
f 1865 1866 1634
f 1634 1866 1867
f 1634 1867 1633
f 1633 1867 1868
f 1633 1868 1863
f 1865 1634 1869
f 1870 1634 1635
f 1870 1635 1871
f 1872 1873 1626
f 1626 1873 1874
f 1626 1874 1635
f 1635 1874 1875
f 1635 1875 1871
f 1872 1626 1876
f 1877 1626 1625
f 1877 1625 1878
f 1879 1880 1629
f 1629 1880 1881
f 1629 1881 1625
f 1625 1881 1882
f 1625 1882 1878
f 1883 1884 1630
f 1630 1884 1885
f 1630 1885 1629
f 1629 1885 1886
f 1629 1886 1887
f 1883 1630 1888
f 1888 1630 1627
f 1888 1627 1889
f 1890 1891 1628
f 1636 1891 1892
f 1636 1892 1627
f 1627 1892 1893
f 1627 1894 1889
f 1890 1636 1895
f 1896 1636 1637
f 1896 1637 1897
f 1854 1898 1638
f 1632 1898 1899
f 1632 1899 1637
f 1637 1899 1900
f 1637 1900 1897
f 1901 1902 1647
f 1903 1904 1648
f 1648 1904 1905
f 1648 1906 1649
f 1903 1648 1907
f 1907 1648 1654
f 1907 1654 1908
f 1909 1910 1655
f 1655 1910 1911
f 1655 1911 1654
f 1654 1911 1912
f 1654 1913 1908
f 1909 1655 1914
f 1914 1655 1650
f 1914 1650 1915
f 1916 1917 1651
f 1651 1917 1918
f 1651 1918 1650
f 1650 1918 1919
f 1650 1919 1915
f 1920 1921 1652
f 1652 1921 1922
f 1652 1922 1651
f 1651 1922 1923
f 1651 1923 1916
f 1920 1652 1924
f 1924 1652 1643
f 1924 1643 1925
f 1926 1927 1642
f 1642 1927 1928
f 1642 1928 1643
f 1643 1928 1929
f 1643 1929 1925
f 1926 1642 1930
f 1930 1642 1646
f 1930 1646 1931
f 1647 1932 1646
f 1646 1932 1933
f 1646 1933 1931
f 1902 1934 1647
f 1647 1934 1935
f 1647 1935 1932
f 1901 1647 1936
f 1936 1647 1644
f 1936 1644 1937
f 1938 1939 1645
f 1645 1939 1940
f 1645 1940 1644
f 1644 1940 1941
f 1644 1942 1937
f 1938 1645 1943
f 1943 1645 1653
f 1943 1653 1944
f 1906 1945 1649
f 1649 1945 1946
f 1649 1947 1653
f 1653 1947 1948
f 1653 1948 1944
f 1949 1950 1661
f 1951 1952 1662
f 1662 1952 1953
f 1662 1954 1663
f 1951 1662 1955
f 1955 1662 1668
f 1955 1668 1956
f 1957 1958 1669
f 1669 1958 1959
f 1669 1959 1668
f 1668 1959 1960
f 1668 1961 1956
f 1957 1669 1962
f 1962 1669 1664
f 1962 1664 1963
f 1964 1965 1665
f 1665 1965 1966
f 1665 1966 1664
f 1664 1966 1967
f 1664 1967 1963
f 1968 1969 1666
f 1666 1969 1970
f 1666 1970 1665
f 1665 1970 1971
f 1665 1971 1964
f 1968 1666 1972
f 1972 1666 1657
f 1972 1657 1973
f 1974 1975 1656
f 1656 1975 1976
f 1656 1976 1657
f 1657 1976 1977
f 1657 1977 1973
f 1974 1656 1978
f 1978 1656 1660
f 1978 1660 1979
f 1661 1980 1660
f 1660 1980 1981
f 1660 1981 1979
f 1950 1982 1661
f 1661 1982 1983
f 1661 1983 1980
f 1949 1661 1984
f 1984 1661 1658
f 1984 1658 1985
f 1986 1987 1659
f 1659 1987 1988
f 1659 1988 1658
f 1658 1988 1989
f 1658 1990 1985
f 1986 1659 1991
f 1991 1659 1667
f 1991 1667 1992
f 1954 1993 1663
f 1663 1993 1994
f 1663 1995 1667
f 1667 1995 1996
f 1667 1996 1992
f 1997 1998 1999
f 2000 2001 2002
f 2003 2004 2005
f 2006 2007 2003
f 2008 2006 2009
f 2010 2006 2003
f 2010 2003 2011
f 2012 2003 2005
f 2013 2014 2006
f 2006 2014 2015
f 2006 2015 2007
f 2016 2017 2018
f 2018 2017 2019
f 2018 2020 2013
f 2013 2020 2021
f 2013 2022 2014
f 2001 2023 2002
f 2002 2023 2024
f 2002 2024 2018
f 2018 2024 2025
f 2018 2025 2016
f 2026 2027 1999
f 1999 2027 2028
f 1999 2028 2000
f 2026 1999 2029
f 2029 1999 2030
f 2029 2031 2032
f 2033 2034 2030
f 2034 2035 2030
f 2031 2035 2036
f 2031 2036 2032
f 2037 2038 2039
f 2039 2038 2040
f 2039 2040 2041
f 2042 2033 2043
f 2040 2042 2041
f 2041 2042 2043
f 2041 2043 2044
f 2044 2043 2045
f 2033 2031 2043
f 2043 2031 2046
f 2043 2046 2047
f 2047 2048 2043
f 2043 2048 2049
f 2043 2049 2045
f 1998 2050 1999
f 1999 2050 2051
f 1999 2052 2030
f 2031 2052 2053
f 2031 2053 2046
f 2000 2002 1999
f 1999 2002 2054
f 1999 2054 1997
f 2055 2056 2018
f 2018 2056 2057
f 2018 2057 2002
f 2002 2057 2058
f 2002 2058 2054
f 2059 2013 2060
f 2060 2013 2006
f 2060 2006 2061
f 2061 2006 2008
f 2059 2062 2013
f 2013 2062 2063
f 2013 2064 2018
f 2018 2064 2065
f 2018 2065 2055
f 2066 2067 2068
f 2069 2070 2068
f 2071 2072 2073
f 2073 2072 2074
f 2075 2076 2077
f 2077 2076 2078
f 2077 2078 2074
f 2074 2078 2079
f 2074 2079 2073
f 2045 2069 2044
f 2044 2069 2068
f 2044 2068 2041
f 2041 2068 2039
f 2080 2081 2082
f 2037 2039 2082
f 2082 2039 2068
f 2082 2068 2080
f 2080 2068 2067
f 2083 2066 2077
f 2077 2066 2068
f 2077 2068 2075
f 2075 2068 2070
f 2084 2085 2074
f 2074 2085 2086
f 2074 2086 2077
f 2077 2086 2087
f 2077 2087 2083
f 2084 2074 2088
f 2088 2074 2072
f 2088 2072 2089
f 1762 1761 2090
f 2091 1839 1849
f 2091 1765 1764
f 1840 1839 2092
f 2093 1839 2091
f 2093 2091 2090
f 2090 2091 1764
f 2090 1764 1762
f 2094 1759 1760
f 2094 2091 2095
f 2095 2091 1849
f 2095 1849 1850
f 2094 1760 2091
f 2091 1760 1766
f 2091 1766 1765
f 1763 1681 1680
f 1680 2096 1763
f 1763 2096 2097
f 1763 2097 1761
f 2098 2099 2100
f 1680 1673 2096
f 2096 1673 2098
f 2096 2098 2101
f 2101 2098 2100
f 2098 1673 1674
f 2102 2103 1674
f 1674 2103 2104
f 1674 2104 2098
f 2098 2104 2105
f 2098 2105 2099
f 2102 1674 2106
f 2106 1674 1676
f 2106 1676 2107
f 1686 2108 1682
f 1682 2108 2109
f 1682 2110 1676
f 1676 2110 2111
f 1676 2111 2107
f 1687 2112 2113
f 2114 2115 1686
f 1686 2115 2116
f 1686 2117 2108
f 1687 2113 1686
f 1686 2113 2118
f 1686 2118 2114
f 2119 2112 1687
f 2119 1687 2120
f 2121 2122 1688
f 1688 2122 2123
f 2123 2124 1688
f 1688 2124 2125
f 1688 2125 1687
f 1687 2125 2126
f 1687 2126 2120
f 2127 2128 1689
f 1692 2129 1688
f 1688 2129 2121
f 1691 2130 2131
f 1691 2131 1692
f 1692 2131 2132
f 1692 2132 2133
f 2128 2134 1689
f 1689 2134 2135
f 1689 2136 1690
f 1691 2136 2137
f 1691 2137 2130
f 2127 1689 2138
f 2138 1689 1695
f 2138 1695 2139
f 2139 1695 2140
f 2140 1695 1698
f 2140 1698 2141
f 1700 2142 1698
f 1698 2142 2143
f 1698 2143 2141
f 2144 2145 1700
f 1700 2145 2146
f 1700 2146 2142
f 2144 1700 2147
f 2147 1700 1696
f 2147 1696 2148
f 1684 2149 1696
f 1696 2149 2150
f 1696 2150 2148
f 1683 2151 2152
f 2153 2154 1684
f 1684 2154 2155
f 1684 2155 2149
f 1683 2152 1684
f 1684 2152 2156
f 1684 2156 2153
f 2151 1683 2157
f 2157 1683 1685
f 2157 1693 2158
f 1694 2159 1685
f 1693 2159 2160
f 1693 2161 2158
f 2162 2163 1671
f 1672 2163 2164
f 1672 2164 1694
f 1694 2164 2165
f 1694 2165 2166
f 2167 2168 1670
f 1670 2168 2169
f 1670 2169 1671
f 1672 2169 2170
f 1672 2170 2162
f 2167 1670 2171
f 2171 1670 1675
f 2171 1675 2172
f 2172 1675 1677
f 2172 1677 2173
f 2174 2173 1677
f 1768 1769 2175
f 1769 1770 2175
f 2175 1770 1773
f 2175 1773 1772
f 2176 2177 1677
f 1677 2177 2178
f 1677 2178 2174
f 1705 1768 1678
f 1678 1768 2175
f 1678 2175 1677
f 1677 2175 2179
f 1677 2179 2176
f 2180 2181 2182
f 2177 2183 2184
f 2183 2177 2176
f 2182 2185 2186
f 2185 2182 2187
f 2187 2182 2184
f 2187 2184 2188
f 2175 2189 2179
f 2179 2189 2176
f 2190 2180 2191
f 2191 2180 2182
f 2191 2182 2192
f 2192 2182 2186
f 2192 2186 2193
f 2176 2189 2183
f 2183 2189 2194
f 2183 2194 2184
f 2184 2194 2195
f 2184 2195 2188
f 2178 2177 2196
f 2196 2177 2184
f 2196 2184 2197
f 2197 2184 2182
f 2197 2182 2198
f 2198 2182 2181
f 1728 2199 1727
f 1727 2199 2200
f 1727 2200 1730
f 1709 2200 1707
f 1707 2200 2201
f 1709 1732 2200
f 2200 1732 1731
f 2200 1731 1730
f 1721 2202 1722
f 1722 2202 2203
f 1722 2203 1719
f 1721 1720 2202
f 2202 1720 2204
f 2202 1714 2205
f 1714 1715 2205
f 2205 1715 1716
f 2205 1716 2206
f 2206 1716 1713
f 2206 1713 2207
f 2207 1713 2208
f 1710 1733 1803
f 1833 2209 1834
f 1834 2209 2210
f 1834 2210 1835
f 1728 1729 2199
f 2199 1729 1723
f 2199 1723 1724
f 1810 2211 1811
f 1811 2211 2212
f 1811 2213 1806
f 1725 1726 2199
f 2199 1726 1717
f 2199 1717 2203
f 2203 1717 1718
f 2203 1718 1719
f 1710 1803 1711
f 1711 1803 1838
f 1711 1838 1837
f 1833 1801 2209
f 2209 1801 1802
f 2209 1802 2201
f 2201 1802 1708
f 2201 1708 1707
f 1743 1846 1742
f 1742 1846 2208
f 1742 2208 1741
f 1741 2208 1740
f 1743 1747 1846
f 1846 1747 1746
f 1846 1746 1844
f 1844 1746 1745
f 1812 2214 1807
f 1807 2214 2211
f 1807 2211 1808
f 1808 2211 1809
f 1837 1836 1711
f 1711 1836 1800
f 1711 1800 1712
f 1781 1780 2187
f 2187 1780 1779
f 1712 1800 1713
f 1713 1800 1736
f 1713 1736 2208
f 2208 1736 1735
f 2208 1735 1740
f 1745 1744 1844
f 1844 1744 1748
f 1844 1748 1851
f 1851 1748 1749
f 2188 1771 2187
f 2187 1771 1782
f 2187 1782 1781
f 1749 1753 1851
f 1851 1753 1752
f 1851 1752 1852
f 2175 1772 2189
f 2189 1772 1774
f 2189 1771 2194
f 2194 1771 2188
f 2194 2188 2195
f 1779 1783 2187
f 2187 1783 1784
f 2187 2215 1788
f 1828 1827 2216
f 2216 1827 1831
f 2216 1831 2210
f 2210 1831 1832
f 2210 1832 1835
f 1816 2217 1817
f 1817 2217 2218
f 1817 2214 1813
f 1813 2214 1812
f 1752 1751 1852
f 1852 1751 1750
f 1852 1750 1853
f 1853 1750 1754
f 1853 1754 1755
f 1788 1787 2187
f 2187 1787 1786
f 2187 1786 1785
f 1818 2219 1814
f 1814 2219 2217
f 1814 2217 1815
f 1815 2217 1816
f 1755 1758 1853
f 1853 1758 1757
f 1853 1757 1847
f 1798 1797 2212
f 2213 1797 1795
f 2213 1795 1775
f 1785 1789 2187
f 2187 1789 1790
f 2187 2220 1794
f 1775 1777 2212
f 2213 1777 1778
f 2213 1778 1799
f 1799 1804 2212
f 2213 1804 1805
f 2213 1805 1806
f 1759 2094 1739
f 1739 2094 2095
f 1823 2221 1824
f 1824 2221 2219
f 1824 2219 1819
f 1819 2219 1818
f 1757 1756 1847
f 1847 1756 1737
f 1847 1737 1848
f 1848 1737 1739
f 1848 1739 1850
f 1850 1739 2095
f 1794 1793 2187
f 2187 1793 2222
f 2187 1792 2212
f 2213 1792 1791
f 2213 1791 1798
f 1825 1826 2223
f 2223 1826 1830
f 2223 1830 2216
f 2216 1830 1829
f 2216 1829 1828
f 1823 1822 2221
f 2221 1822 1821
f 2221 1821 2223
f 2223 1821 1820
f 2223 1820 1825
f 2224 2225 2226
f 2226 2225 2227
f 2213 2226 2187
f 2187 2226 2227
f 2187 2227 2228
f 2185 2227 2229
f 2185 2229 2186
f 2186 2229 2193
f 2230 2203 2202
f 1845 1843 2231
f 1845 2231 1846
f 2232 2207 2231
f 2231 2207 2208
f 2231 2208 1846
f 2233 2230 2234
f 2234 2230 2202
f 2234 2202 2235
f 2235 2202 2205
f 2235 2205 2232
f 2232 2205 2206
f 2232 2206 2207
f 2089 2236 2088
f 2088 2236 1843
f 2088 1843 2084
f 2084 1843 1842
f 2084 1842 2085
f 2066 2083 1841
f 1841 2083 2087
f 1841 2087 1842
f 1842 2087 2086
f 1842 2086 2085
f 2237 2081 2080
f 1840 2238 1841
f 1841 2238 2237
f 2237 2080 1841
f 1841 2080 2067
f 1841 2067 2066
f 2239 2240 2241
f 2242 2243 2241
f 2244 2242 2245
f 2245 2242 2241
f 2245 2241 2246
f 2246 2241 2247
f 2248 2247 2249
f 2249 2247 2241
f 2249 2241 2250
f 2251 2241 2240
f 2089 2072 2252
f 2252 2072 2241
f 2252 2241 2253
f 2253 2241 2243
f 2239 2241 2254
f 2254 2241 2072
f 2254 2072 2071
f 2255 2256 2257
f 2257 2256 2258
f 2258 2256 2259
f 2258 2260 2261
f 2262 2263 2264
f 2265 2266 2267
f 2267 2266 2268
f 2267 2268 2269
f 2269 2268 2270
f 2269 2270 2271
f 2272 2273 2274
f 2265 2275 2276
f 2276 2275 2277
f 2276 2272 2278
f 2278 2272 2274
f 2278 2274 2279
f 2280 2273 2281
f 2281 2273 2277
f 2281 2272 2282
f 2283 2272 2275
f 2283 2275 2284
f 2284 2275 2285
f 2265 2267 2275
f 2275 2267 2286
f 2275 2286 2285
f 2287 2288 2269
f 2269 2288 2289
f 2269 2289 2267
f 2267 2289 2290
f 2267 2290 2286
f 2291 2287 2262
f 2262 2287 2269
f 2262 2269 2263
f 2263 2269 2271
f 2255 2257 2262
f 2262 2257 2292
f 2262 2292 2291
f 2293 2294 2258
f 2258 2294 2295
f 2258 2295 2257
f 2257 2295 2296
f 2257 2296 2292
f 2297 2293 2298
f 2299 2293 2258
f 2299 2258 2300
f 2301 2258 2261
f 2301 2261 2302
f 2303 2304 2305
f 2268 2266 2306
f 2271 2270 2305
f 2305 2270 2268
f 2268 2265 2305
f 2305 2265 2276
f 2305 2276 2278
f 2260 2256 2305
f 2307 2302 2261
f 2271 2305 2263
f 2263 2305 2256
f 2263 2256 2264
f 2304 2308 2305
f 2305 2308 2307
f 2305 2307 2259
f 2260 2307 2261
f 2309 2310 2311
f 2311 2310 2307
f 2311 2307 2312
f 2312 2307 2308
f 2313 2303 2314
f 2314 2303 2305
f 2314 2305 2315
f 2316 2305 2278
f 2316 2278 2279
f 1968 1972 2070
f 2070 1972 1973
f 2070 1973 2075
f 2075 1973 1977
f 2075 1977 1976
f 1978 2076 1974
f 1974 2076 2075
f 1974 2075 1975
f 1975 2075 1976
f 1978 1979 2076
f 2076 1979 1981
f 2076 1981 1980
f 1922 2078 1923
f 1923 2078 2076
f 1923 2076 1916
f 1916 2076 1980
f 1916 1980 1917
f 1922 1921 2078
f 2078 1921 1920
f 2078 1920 2079
f 1920 1924 2079
f 2079 1924 1925
f 2079 1925 2073
f 1927 2071 1928
f 1928 2071 2073
f 1928 2073 1929
f 1929 2073 1925
f 1927 1926 2071
f 2071 1926 1930
f 2071 1930 2254
f 2254 1930 1931
f 2254 1931 2239
f 2251 2240 2317
f 2317 2240 2239
f 2317 2239 2318
f 2318 2239 1931
f 2318 1931 2319
f 2319 1931 1933
f 2319 1933 1932
f 1939 1938 2320
f 1932 1935 2319
f 2319 1935 1934
f 2319 1934 2321
f 1934 1902 2321
f 2321 1902 1901
f 2321 1901 2322
f 1901 1936 2322
f 2323 1936 1937
f 2323 1937 2324
f 2324 1937 1941
f 2324 1942 2320
f 2320 1942 1940
f 2320 1940 2325
f 1938 1943 2320
f 2320 1943 1944
f 2320 1944 1948
f 1948 1947 2320
f 2320 1947 1945
f 2320 1945 1905
f 1988 1907 1908
f 1908 1913 1988
f 1988 1913 1911
f 1988 1911 1910
f 1980 1983 1917
f 1917 1983 1982
f 1917 1982 1918
f 1918 1982 1950
f 1918 1950 1919
f 1919 1950 1949
f 1919 1949 1915
f 1915 1949 1914
f 1914 1949 1984
f 1914 1984 1909
f 1909 1984 1985
f 1909 1985 1910
f 1910 1985 1989
f 1910 1990 1988
f 1904 1903 1986
f 1986 1903 1907
f 1986 1907 2326
f 1987 1907 1988
f 1991 2320 1986
f 1986 2320 1905
f 1986 1906 1904
f 1954 1952 2327
f 1954 2050 1993
f 1991 1992 2320
f 2320 1992 1996
f 2320 1996 2327
f 2050 1996 1994
f 2050 1995 1993
f 1959 2046 1960
f 1961 2046 2053
f 1961 2053 1956
f 1956 2053 2051
f 1956 2052 1955
f 1955 2052 2327
f 1955 2050 1951
f 1951 2050 1952
f 1967 1966 2048
f 2048 1966 1965
f 2048 1965 2049
f 2049 1965 1964
f 2049 1964 2045
f 2045 1964 1971
f 2045 1971 2069
f 2069 1971 1970
f 2069 1970 2070
f 2070 1970 1969
f 2070 1969 1968
f 1959 1958 2046
f 2046 1958 1957
f 2046 1957 2047
f 2047 1957 1962
f 2047 1962 2048
f 2048 1962 1963
f 2048 1963 1967
f 1877 1878 2320
f 2320 1878 1882
f 1882 1881 2320
f 2320 1881 1880
f 2320 1880 1887
f 1879 1886 2320
f 2320 1886 1885
f 2320 1885 2328
f 1885 1884 2328
f 2329 1884 1883
f 2329 1883 2330
f 2330 1883 1888
f 2330 1888 2331
f 2331 1888 1889
f 2331 1889 2332
f 2332 1889 1893
f 2332 1894 1892
f 1892 1891 2332
f 2332 1891 1890
f 2332 1890 1895
f 1854 1855 2057
f 1854 2057 2333
f 1896 1897 2332
f 2332 1897 1900
f 2332 1900 1899
f 1855 1856 2057
f 2057 1856 1859
f 2057 1859 1858
f 1858 1857 2057
f 2057 1857 1862
f 2057 1862 2058
f 2058 1862 1861
f 2058 1861 2054
f 2054 1861 1997
f 1861 1860 1997
f 1997 1860 1864
f 1997 1864 1998
f 1998 1864 1863
f 1998 1863 2327
f 2050 1863 1868
f 1868 1867 2327
f 2050 1867 2334
f 2050 1866 1865
f 1865 1870 2327
f 2050 1870 1871
f 2050 1871 1875
f 1875 1874 2327
f 2050 1874 1873
f 2050 1873 2320
f 2320 1873 1872
f 2320 1872 1876
f 2335 2336 2055
f 2055 2336 2056
f 2056 2336 2332
f 2056 2332 2057
f 2057 2332 1899
f 2057 1899 2333
f 2337 2338 2339
f 2312 2340 2311
f 2311 2340 2341
f 2311 2341 2342
f 2309 2341 2337
f 2309 2337 2343
f 2343 2337 2339
f 2343 2339 2344
f 2345 2061 2340
f 2340 2061 2008
f 2340 2008 2341
f 2062 2059 2060
f 2055 2065 2335
f 2335 2065 2063
f 2335 2064 2346
f 2346 2064 2062
f 2346 2062 2345
f 2345 2062 2060
f 2345 2060 2061
f 2012 2005 2009
f 2010 2005 2347
f 2347 2348 2349
f 2008 2010 2341
f 2341 2010 2347
f 2341 2347 2337
f 2337 2347 2349
f 2337 2349 2338
f 2350 2351 2352
f 2352 2351 2348
f 2352 2348 2353
f 2353 2348 2347
f 2353 2347 2354
f 2354 2347 2005
f 2354 2005 2355
f 2356 2005 2004
f 2356 2004 2357
f 2033 2042 2040
f 2157 2358 2151
f 2151 2358 2152
f 2157 2158 2358
f 2358 2158 2160
f 2358 2161 2166
f 2165 2164 2197
f 2197 2164 2163
f 2163 2162 2197
f 2197 2162 2170
f 2197 2170 2169
f 2169 2168 2197
f 2197 2168 2167
f 2197 2167 2171
f 2171 2172 2197
f 2197 2172 2173
f 2197 2173 2196
f 2196 2173 2174
f 2196 2174 2178
f 2154 2153 2358
f 2358 2153 2156
f 2358 2156 2152
f 2145 2007 2015
f 2145 2015 2146
f 2145 2144 2007
f 2007 2144 2147
f 2007 2147 2148
f 2359 2150 2007
f 2007 2150 2149
f 2007 2149 2155
f 2025 2024 2135
f 2136 2134 2025
f 2025 2134 2360
f 2025 2128 2016
f 2016 2128 2127
f 2016 2127 2017
f 2127 2138 2017
f 2017 2138 2139
f 2017 2139 2019
f 2020 2139 2140
f 2020 2140 2141
f 2015 2014 2146
f 2146 2014 2021
f 2146 2022 2142
f 2142 2022 2019
f 2142 2020 2143
f 2143 2020 2141
f 2000 2121 2133
f 2000 2129 2001
f 2001 2129 2132
f 2001 2132 2023
f 2132 2131 2023
f 2023 2131 2130
f 2023 2130 2024
f 2024 2130 2137
f 2024 2137 2135
f 2121 2000 2122
f 2122 2000 2028
f 2122 2028 2123
f 2123 2028 2027
f 2123 2027 2124
f 2124 2027 2026
f 2124 2026 2125
f 2026 2029 2125
f 2125 2029 2032
f 2125 2032 2126
f 2032 2036 2126
f 2126 2036 2035
f 2126 2035 2120
f 2120 2035 2034
f 2120 2034 2119
f 2119 2034 2033
f 2119 2033 2112
f 2112 2033 2040
f 2112 2040 2113
f 2113 2040 2118
f 2038 2037 2082
f 2040 2038 2118
f 2118 2038 2082
f 2118 2082 2114
f 2114 2082 2081
f 2114 2081 2115
f 2099 2105 2238
f 2099 2238 2100
f 2090 1761 2097
f 2090 2097 2092
f 2093 2097 1840
f 1840 2097 2096
f 1840 2096 2238
f 2238 2096 2101
f 2238 2101 2100
f 2105 2104 2238
f 2238 2104 2103
f 2238 2103 2237
f 2237 2103 2361
f 2102 2106 2237
f 2237 2106 2107
f 2237 2107 2111
f 2111 2110 2237
f 2237 2110 2108
f 2237 2108 2081
f 2081 2108 2116
f 2081 2117 2115
f 2362 2363 2358
f 2358 2363 2355
f 2358 2356 2357
f 2155 2154 2007
f 2007 2154 2358
f 2007 2358 2003
f 2003 2358 2357
f 2003 2357 2004
f 2198 2358 2197
f 2197 2358 2166
f 2197 2159 2165
f 2190 2362 2180
f 2180 2362 2358
f 2180 2358 2181
f 2181 2358 2198
f 2193 2229 2192
f 2192 2229 2364
f 2192 2364 2191
f 2191 2364 2365
f 2191 2365 2190
f 2364 2229 2227
f 2230 2233 2366
f 2230 2366 2203
f 2211 2367 2212
f 2213 2367 2368
f 2213 2368 2226
f 2365 2364 2369
f 2369 2364 2227
f 2369 2227 2370
f 2371 2227 2225
f 2371 2225 2368
f 2368 2225 2224
f 2368 2224 2226
f 2203 2366 2199
f 2199 2366 2372
f 2199 2372 2200
f 2372 2373 2200
f 2200 2373 2374
f 2200 2374 2201
f 2374 2375 2201
f 2201 2375 2376
f 2201 2376 2209
f 2376 2377 2209
f 2209 2377 2378
f 2209 2378 2210
f 2378 2379 2210
f 2210 2379 2380
f 2210 2380 2216
f 2380 2381 2216
f 2216 2381 2382
f 2216 2382 2223
f 2382 2383 2223
f 2223 2383 2384
f 2223 2385 2221
f 2385 2386 2221
f 2221 2386 2387
f 2221 2387 2219
f 2387 2388 2219
f 2219 2388 2389
f 2219 2390 2217
f 2390 2391 2217
f 2217 2391 2392
f 2217 2392 2218
f 2392 2393 2218
f 2214 2393 2394
f 2214 2394 2211
f 2211 2394 2395
f 2211 2395 2367
f 2396 2233 2234
f 2397 2396 2398
f 2398 2396 2234
f 2398 2234 2399
f 2399 2234 2400
f 2235 2401 2402
f 2402 2403 2235
f 2235 2403 2404
f 2235 2404 2234
f 2234 2404 2405
f 2234 2405 2400
f 2406 2407 2232
f 2232 2407 2408
f 2232 2408 2235
f 2235 2408 2409
f 2235 2409 2401
f 2253 2243 2231
f 2231 2243 2242
f 2231 2242 2244
f 2244 2410 2231
f 2231 2410 2411
f 2231 2411 2232
f 2232 2411 2412
f 2232 2412 2406
f 2231 1843 2236
f 2253 2231 2252
f 2252 2231 2236
f 2252 2236 2089
f 2413 2414 2415
f 2411 2416 2412
f 2412 2416 2417
f 2418 2407 2417
f 2417 2407 2406
f 2417 2406 2412
f 2402 2401 2419
f 2419 2401 2409
f 2419 2409 2418
f 2418 2409 2408
f 2418 2408 2407
f 2402 2419 2403
f 2403 2419 2420
f 2403 2420 2404
f 2404 2420 2405
f 2405 2420 2421
f 2405 2421 2400
f 2415 2422 2423
f 2400 2421 2399
f 2399 2421 2415
f 2399 2415 2398
f 2398 2415 2423
f 2398 2423 2397
f 2424 2425 2414
f 2414 2425 2426
f 2414 2426 2415
f 2415 2426 2427
f 2415 2427 2422
f 2413 2415 2428
f 2428 2415 2421
f 2428 2421 2429
f 2429 2421 2420
f 2429 2420 2430
f 2430 2420 2419
f 2430 2419 2431
f 2432 2433 2418
f 2418 2433 2434
f 2418 2434 2419
f 2419 2434 2435
f 2419 2435 2431
f 2410 2244 2411
f 2411 2244 2245
f 2411 2245 2416
f 2416 2245 2246
f 2416 2246 2247
f 2432 2418 2436
f 2436 2418 2417
f 2436 2417 2437
f 2437 2417 2416
f 2437 2416 2438
f 2438 2416 2247
f 2438 2247 2248
f 2435 2434 2431
f 2431 2434 2439
f 2440 2441 2442
f 2441 2428 2442
f 2442 2428 2429
f 2442 2429 2439
f 2439 2429 2430
f 2439 2430 2431
f 2424 2414 2441
f 2441 2414 2413
f 2441 2413 2428
f 2443 2444 2445
f 2445 2444 2446
f 2445 2446 2447
f 2447 2446 2448
f 2449 2446 2450
f 2450 2446 2451
f 2450 2444 2452
f 2452 2444 2453
f 2454 2440 2455
f 2455 2440 2442
f 2455 2442 2456
f 2456 2442 2446
f 2456 2446 2457
f 2457 2446 2449
f 2457 2449 2458
f 2331 2303 2313
f 2340 2312 2345
f 2345 2312 2308
f 2345 2308 2346
f 2346 2308 2304
f 2331 2332 2459
f 2303 2332 2336
f 2303 2336 2304
f 2304 2336 2335
f 2304 2335 2346
f 2317 2318 2319
f 2436 2437 2460
f 2460 2437 2438
f 2438 2248 2460
f 2460 2248 2249
f 2460 2249 2250
f 2251 2317 2460
f 2460 2317 2319
f 2460 2319 2461
f 2461 2319 2321
f 2461 2321 2313
f 2313 2321 2322
f 2324 2320 2322
f 2323 2320 2328
f 2323 2329 2313
f 2313 2329 2330
f 2313 2330 2331
f 2432 2436 2433
f 2433 2436 2460
f 2433 2460 2434
f 2434 2460 2462
f 2434 2462 2439
f 2279 2274 2315
f 2316 2274 2461
f 2316 2461 2314
f 2314 2461 2313
f 2273 2280 2463
f 2464 2439 2462
f 2462 2460 2464
f 2464 2460 2461
f 2464 2461 2463
f 2463 2461 2274
f 2463 2274 2273
f 2439 2464 2442
f 2442 2464 2465
f 2442 2465 2446
f 2446 2465 2466
f 2446 2467 2448
f 2468 2465 2469
f 2469 2465 2464
f 2469 2464 2470
f 2470 2464 2463
f 2471 2472 2473
f 2295 2294 2474
f 2297 2475 2293
f 2293 2475 2294
f 2476 2477 2478
f 2479 2474 2478
f 2478 2474 2294
f 2478 2294 2476
f 2476 2294 2475
f 2474 2471 2295
f 2295 2471 2473
f 2295 2473 2296
f 2296 2473 2480
f 2296 2480 2292
f 2292 2480 2291
f 2481 2482 2483
f 2484 2485 2486
f 2486 2485 2290
f 2486 2290 2487
f 2487 2290 2289
f 2487 2289 2488
f 2489 2289 2288
f 2489 2288 2490
f 2490 2288 2287
f 2490 2287 2491
f 2491 2287 2291
f 2491 2291 2492
f 2492 2291 2480
f 2463 2280 2281
f 2470 2493 2469
f 2469 2493 2494
f 2469 2494 2468
f 2470 2463 2493
f 2493 2463 2281
f 2493 2281 2495
f 2495 2281 2282
f 2495 2283 2483
f 2483 2283 2284
f 2483 2284 2481
f 2481 2284 2285
f 2481 2285 2485
f 2485 2285 2286
f 2485 2286 2290
f 2309 2343 2310
f 2310 2343 2300
f 2310 2301 2307
f 2307 2301 2302
f 2476 2475 2496
f 2496 2475 2297
f 2496 2297 2298
f 2343 2344 2300
f 2301 2344 2497
f 2301 2497 2298
f 2498 2499 2496
f 2496 2499 2500
f 2477 2476 2501
f 2501 2476 2496
f 2501 2496 2502
f 2502 2496 2500
f 2502 2500 2503
f 2299 2497 2496
f 2496 2497 2504
f 2496 2505 2498
f 2506 2498 2350
f 2350 2498 2504
f 2350 2505 2507
f 2351 2505 2348
f 2344 2339 2497
f 2497 2339 2338
f 2497 2338 2504
f 2505 2338 2349
f 2505 2349 2348
f 2508 2509 2510
f 2510 2509 2500
f 2510 2500 2506
f 2506 2500 2499
f 2506 2499 2498
f 2511 2503 2512
f 2512 2503 2500
f 2512 2500 2513
f 2513 2500 2509
f 2363 2362 2190
f 2514 2508 2365
f 2365 2508 2510
f 2365 2510 2506
f 2356 2363 2354
f 2354 2363 2190
f 2354 2190 2353
f 2353 2190 2365
f 2353 2365 2352
f 2352 2365 2506
f 2352 2506 2350
f 2509 2508 2514
f 2425 2424 2441
f 2388 2387 2481
f 2477 2501 2478
f 2478 2501 2502
f 2367 2503 2368
f 2368 2503 2511
f 2368 2511 2370
f 2474 2479 2394
f 2394 2479 2395
f 2395 2479 2478
f 2395 2478 2367
f 2367 2478 2502
f 2367 2502 2503
f 2392 2492 2480
f 2392 2480 2393
f 2480 2473 2393
f 2393 2473 2472
f 2393 2472 2394
f 2394 2472 2471
f 2394 2471 2474
f 2492 2392 2491
f 2491 2392 2391
f 2491 2391 2490
f 2490 2391 2488
f 2489 2391 2389
f 2489 2390 2487
f 2481 2485 2388
f 2388 2485 2484
f 2388 2484 2389
f 2390 2484 2486
f 2390 2486 2487
f 2385 2493 2495
f 2385 2495 2515
f 2386 2495 2483
f 2386 2483 2387
f 2387 2483 2516
f 2387 2482 2481
f 2380 2444 2381
f 2381 2444 2517
f 2381 2443 2382
f 2468 2494 2465
f 2465 2494 2493
f 2465 2493 2466
f 2467 2493 2384
f 2467 2385 2448
f 2448 2385 2383
f 2448 2383 2447
f 2447 2383 2382
f 2447 2382 2445
f 2445 2382 2517
f 2378 2450 2379
f 2379 2450 2452
f 2379 2452 2380
f 2380 2452 2453
f 2380 2453 2451
f 2376 2457 2377
f 2377 2457 2458
f 2377 2458 2378
f 2378 2458 2449
f 2378 2449 2450
f 2374 2440 2454
f 2374 2454 2375
f 2375 2454 2455
f 2375 2455 2376
f 2376 2455 2456
f 2376 2456 2457
f 2396 2397 2423
f 2366 2233 2396
f 2366 2396 2372
f 2372 2396 2423
f 2372 2423 2422
f 2422 2427 2372
f 2372 2427 2426
f 2372 2426 2373
f 2373 2426 2425
f 2373 2425 2374
f 2374 2425 2441
f 2374 2441 2440
f 2511 2512 2370
f 2371 2512 2513
f 2371 2513 2369
f 2369 2513 2509
f 2369 2509 2365
f 2365 2509 2514

