# https://github.com/mikedh/trimesh
v 0.04365245 0.05129811 0.14842391
v 0.04638376 0.05140259 0.14200017
v 0.03003070 0.05585462 0.14084537
v 0.03294080 0.05595186 0.13496764
v 0.01640906 0.06041113 0.13326702
v 0.01949809 0.06050114 0.12793505
v 0.04911400 0.05150706 0.13557653
v 0.03585079 0.05604910 0.12908991
v 0.02258723 0.06059114 0.12260303
v 0.04916971 0.05206742 0.09712303
v 0.03588758 0.05641908 0.10370075
v 0.02260509 0.06077074 0.11027876
v -0.04990559 0.05111383 0.13542736
v -0.04719326 0.05103097 0.14185919
v -0.03665903 0.05576114 0.12898067
v -0.03665891 0.05576114 0.12898067
v -0.03376596 0.05568695 0.13486715
v -0.02341236 0.06040846 0.12253373
v -0.02033867 0.06034293 0.12787504
v -0.04448080 0.05094811 0.14829114
v -0.03087290 0.05561275 0.14075363
v -0.01726511 0.06027740 0.13321629
v -0.04196494 0.05090756 0.15176427
v -0.02908451 0.05559012 0.14279762
v -0.01620409 0.06027269 0.13383092
v -0.03944907 0.05086701 0.15523753
v -0.02729613 0.05556749 0.14484151
v -0.01514307 0.06026797 0.13444543
v -0.03247183 0.05082081 0.16032206
v -0.02273949 0.05553964 0.14800243
v -0.01300728 0.06025847 0.13568275
v -0.02549441 0.05077460 0.16540684
v -0.01818286 0.05551179 0.15116331
v -0.01300716 0.06025847 0.13568275
v -0.01087137 0.06024898 0.13692001
v -0.01728739 0.05076834 0.16808683
v -0.01301145 0.05550391 0.15312205
v -0.00873557 0.06023949 0.13815720
v -0.00908020 0.05076207 0.17076693
v -0.00783993 0.05549603 0.15508062
v -0.00659966 0.06022999 0.13939454
v 0.00818688 0.05083064 0.17079295
v 0.00387490 0.05554255 0.15509826
v -0.00043695 0.06025447 0.13940382
v 0.00608377 0.05792556 0.14659077
v 0.00264446 0.06026670 0.13940845
v 0.00110376 0.06026059 0.13940613
v 0.00669896 0.05556348 0.15443572
v 0.01640180 0.05090212 0.16813758
v 0.00952307 0.05558441 0.15377302
v 0.02461655 0.05097361 0.16548233
v 0.01517124 0.05562627 0.15244766
v 0.01044859 0.05795261 0.14593032
v 0.01044847 0.05795261 0.14593032
v 0.00572576 0.06027894 0.13941310
v 0.03160867 0.05107529 0.16041860
v 0.02045161 0.05569919 0.14888930
v 0.00929461 0.06032310 0.13735995
v 0.00929449 0.06032310 0.13735995
v 0.03860049 0.05117697 0.15535511
v 0.02573204 0.05577211 0.14533095
v 0.01286329 0.06036726 0.13530691
v 0.04112641 0.05123754 0.15188946
v 0.02788140 0.05581337 0.14308804
v 0.01463615 0.06038919 0.13428694
v 0.01463627 0.06038919 0.13428694
v -0.04984988 0.05167419 0.09697385
v -0.03662225 0.05613112 0.10359151
v -0.03662213 0.05613112 0.10359151
v -0.02339450 0.06058806 0.11020947
v 0.04968775 0.04507161 0.09692240
v 0.04963175 0.04450835 0.13557467
v 0.04410896 0.04429707 0.14856499
v 0.04911495 0.05150706 0.13557653
v 0.03897888 0.04417405 0.15560400
v 0.02486887 0.04396886 0.16582222
v 0.00829160 0.04382461 0.17118047
v 0.02461661 0.05097361 0.16548233
v -0.00913050 0.04375543 0.17115423
v -0.02569211 0.04376807 0.16574605
v -0.03977210 0.04386131 0.15548536
v -0.04488218 0.04394367 0.14843093
v -0.05036731 0.04411123 0.13542402
v 0.04645809 0.05215029 0.09069113
v 0.03357948 0.05648081 0.09883059
v 0.02070117 0.06081133 0.10697015
v 0.04374540 0.05223314 0.08425918
v 0.03127133 0.05654253 0.09396037
v 0.02070105 0.06081133 0.10697015
v 0.01879720 0.06085192 0.10366149
v 0.01762749 0.06087686 0.10162897
v 0.01645784 0.06090180 0.09959621
v 0.01379142 0.06091365 0.09805163
v 0.01112511 0.06092550 0.09650712
v 0.00579239 0.06094920 0.09341802
v -0.00037032 0.06092473 0.09340874
v 0.00845881 0.06093735 0.09496254
v -0.00653303 0.06090026 0.09339946
v -0.01010194 0.06085610 0.09545255
v -0.00345173 0.06091249 0.09340410
v -0.00191103 0.06091861 0.09340642
v -0.01544342 0.06079000 0.09852556
v -0.01367068 0.06081194 0.09750564
v -0.02030536 0.06067806 0.10487750
v -0.01721633 0.06076807 0.09954548
v -0.04438785 0.05188314 0.08412641
v -0.04711892 0.05177867 0.09055016
v -0.03080203 0.05632560 0.09183604
v -0.03371214 0.05622836 0.09771377
v -0.05031132 0.04467449 0.09677175
v 0.04420261 0.04523918 0.08391555
v 0.01958374 -0.06339496 0.11985397
v 0.01434568 -0.06354757 0.12889521
v -0.01416274 -0.06324495 0.10030516
v -0.01941594 -0.06354984 0.11979522
v -0.01940080 -0.06339757 0.10934640
v -0.01420410 -0.06366096 0.12885219
v -0.00516173 -0.06370115 0.13409021
v 0.00528812 -0.06365965 0.13410595
v 0.01959888 -0.06324270 0.10940515
v 0.01438703 -0.06313158 0.10034817
v 0.00534461 -0.06309138 0.09511016
v -0.00510524 -0.06313288 0.09509441
v 0.00546728 -0.05058265 0.16329993
v 0.00540739 -0.03558436 0.16351840
v -0.00553266 -0.05062633 0.16328336
v -0.00559255 -0.03562804 0.16350183
v 0.04975283 0.02877347 0.09668499
v 0.04969683 0.02821021 0.13533726
v 0.04693550 0.02810457 0.14183243
v 0.04417404 0.02799893 0.14832759
v 0.03904396 0.02787591 0.15536658
v 0.02493395 0.02767072 0.16558482
v 0.00835668 0.02752647 0.17094307
v -0.00906542 0.02745728 0.17091681
v -0.02562702 0.02746993 0.16550864
v -0.03970701 0.02756317 0.15524794
v -0.04481710 0.02764552 0.14819351
v -0.04755966 0.02772930 0.14169006
v -0.05030223 0.02781309 0.13518661
v -0.05024623 0.02837634 0.09653433
v 0.04318945 0.05224209 0.08349257
v 0.04122941 0.05227369 0.08078612
v 0.02942854 0.05657527 0.09120748
v 0.03871354 0.05231424 0.07731280
v 0.02758575 0.05660801 0.08845460
v -0.04383022 0.05189651 0.08336147
v -0.03933601 0.05200428 0.07719522
v -0.04186193 0.05194371 0.08066093
v -0.02650331 0.05640811 0.08735046
v -0.02650343 0.05640811 0.08735046
v -0.02865273 0.05636685 0.08959337
v -0.02535195 0.05220765 0.06706799
v -0.03234407 0.05210596 0.07213172
v -0.01594258 0.05655395 0.08023375
v -0.02122295 0.05648103 0.08379211
v -0.01123789 0.05872710 0.08681670
v -0.00687313 0.05875415 0.08615619
v -0.00464624 0.05663767 0.07758315
v -0.00892228 0.05235061 0.06175738
v -0.00747035 0.05661674 0.07824574
v -0.00747047 0.05661674 0.07824574
v -0.01713720 0.05227913 0.06441274
v -0.01029441 0.05659581 0.07890839
v -0.00687307 0.05875415 0.08615619
v -0.01029447 0.05659581 0.07890839
v 0.00834479 0.05241918 0.06178340
v 0.00706859 0.05668419 0.07760080
v 0.00706871 0.05668419 0.07760080
v 0.02475901 0.05240665 0.06714348
v 0.01655199 0.05241292 0.06446350
v 0.01794209 0.05666607 0.08182536
v 0.01250537 0.05667513 0.07971311
v 0.03173643 0.05236044 0.07222826
v 0.02276386 0.05663704 0.08513997
v 0.02276398 0.05663704 0.08513997
v -0.04478852 0.04488577 0.08378148
v 0.04370770 0.04524715 0.08323222
v 0.04426770 0.02894103 0.08367814
v 0.04701032 0.02885725 0.09018160
v 0.02356619 -0.05939515 0.12099002
v 0.02358443 -0.05921165 0.10839774
v 0.01730347 -0.05907774 0.09748302
v 0.00640629 -0.05902930 0.09117045
v -0.00618722 -0.05907931 0.09115148
v -0.01710264 -0.05921437 0.09743119
v -0.02341519 -0.05939829 0.10832693
v -0.02343344 -0.05958179 0.12091921
v -0.01715248 -0.05971570 0.13183387
v -0.00625530 -0.05976414 0.13814643
v 0.00633821 -0.05971413 0.13816540
v 0.01725364 -0.05957907 0.13188569
v 0.03573498 -0.05899066 0.09655787
v 0.02839509 -0.05887237 0.08642522
v 0.04292481 -0.05090933 0.09300847
v 0.03409874 -0.05076709 0.08082363
v -0.03941508 -0.05946242 0.10834341
v -0.03943321 -0.05964474 0.12085452
v -0.04744513 -0.05147665 0.10718089
v -0.04746693 -0.05169589 0.12222593
v -0.03558399 -0.05980278 0.13275902
v -0.04283812 -0.05188594 0.13654146
v -0.02824410 -0.05992107 0.14289166
v -0.03401164 -0.05202818 0.14872630
v -0.01813212 -0.05998803 0.15026069
v -0.02185168 -0.05210871 0.15758789
v -0.00623789 -0.05999712 0.15414481
v -0.00754836 -0.05211963 0.16225852
v -0.00561836 -0.05069959 0.16228200
v -0.00567895 -0.03552634 0.16250303
v 0.00549599 -0.03548196 0.16251987
v 0.00555658 -0.05065521 0.16229884
v 0.00627445 -0.05994743 0.15416366
v -0.00754848 -0.05211963 0.16225852
v 0.00749798 -0.05205988 0.16228119
v 0.01817989 -0.05984383 0.15031539
v 0.02181459 -0.05193530 0.15765367
v 0.02831317 -0.05969647 0.14297688
v 0.02181465 -0.05193530 0.15765367
v 0.03400023 -0.05175809 0.14882876
v 0.03568238 -0.05951976 0.13286638
v 0.04286156 -0.05154560 0.13667057
v 0.03956608 -0.05933101 0.12097353
v 0.04753224 -0.05131862 0.12236904
v 0.03958420 -0.05914870 0.10846243
v 0.04755404 -0.05109938 0.10732400
v -0.00944158 -0.02260896 0.12690948
v -0.00557252 -0.02262616 0.12915067
v -0.00121482 -0.02262335 0.13015217
v -0.00117148 -0.02218744 0.10023915
v 0.00324435 -0.02260077 0.12982485
v 0.00740887 -0.02256044 0.12819770
v -0.01247796 -0.02257328 0.12362760
v -0.01441212 -0.02252229 0.11959661
v -0.01439931 -0.02239344 0.11075491
v -0.01507209 -0.02246051 0.11517479
v 0.01090869 -0.02250594 0.12541538
v 0.01343273 -0.02244210 0.12172522
v 0.00744651 -0.02218188 0.10221966
v 0.00328672 -0.02217460 0.10057992
v -0.01245348 -0.02232704 0.10672976
v -0.00940749 -0.02226720 0.10345703
v -0.00940761 -0.02226720 0.10345703
v -0.00944147 -0.02260896 0.12690948
v -0.00553207 -0.02221925 0.10122751
v 0.01345159 -0.02225244 0.10871021
v 0.01093825 -0.02220862 0.10501245
v 0.01476337 -0.02230946 0.11298420
v 0.01475689 -0.02237462 0.11745520
v -0.03553139 -0.05927368 0.09645051
v -0.04277487 -0.05124967 0.09287936
v 0.04850935 0.02493293 0.10253032
v 0.04847046 0.02454168 0.12937891
v 0.04726576 0.02109239 0.10837560
v 0.04724396 0.02087315 0.12342064
v 0.04592251 0.02443212 0.13620178
v 0.04490856 0.02075966 0.13057131
v 0.04337360 0.02432255 0.14302476
v 0.04257328 0.02064617 0.13772216
v 0.03371195 0.02043368 0.14988035
v 0.02152631 0.02025647 0.15870526
v 0.02152637 0.02025647 0.15870526
v 0.00720970 0.02013189 0.16333279
v -0.00783664 0.02007214 0.16331011
v -0.00783676 0.02007214 0.16331011
v -0.02213996 0.02008306 0.15863948
v -0.03429991 0.02016358 0.14977789
v -0.04312640 0.02030583 0.13759306
v -0.04397175 0.02397568 0.14289317
v -0.04650022 0.02406508 0.13606253
v -0.04650010 0.02406508 0.13606253
v -0.04544077 0.02040086 0.13043520
v -0.04902869 0.02415448 0.12923203
v -0.04775521 0.02049588 0.12327752
v -0.04898979 0.02454573 0.10238343
v -0.04773341 0.02071512 0.10823248
v 0.03677709 0.04071683 0.04905013
v 0.03927916 0.04074779 0.04761067
v 0.03427921 0.04072793 0.04760313
v 0.03928334 0.04078985 0.04472414
v 0.03428339 0.04076999 0.04471661
v 0.03678546 0.04080096 0.04327715
v -0.03471599 0.04049598 0.04461266
v -0.03721388 0.04050708 0.04316567
v -0.03472017 0.04045391 0.04749918
v -0.03971594 0.04047612 0.04460513
v -0.03722224 0.04042296 0.04893865
v -0.03972013 0.04043406 0.04749165
v -0.04748484 0.02848198 0.09003923
v -0.04472344 0.02858762 0.08354407
v 0.04323097 0.05265968 0.05483684
v -0.04378871 0.05231410 0.05470574
v -0.04429157 0.04489768 0.08309965
v 0.04374969 0.04566955 0.05424614
v 0.04292047 0.02896275 0.08181795
v 0.04256416 0.02896849 0.08132602
v 0.04293027 0.02906129 0.07505599
v 0.04391292 0.02727505 0.08593645
v 0.04355815 0.02560908 0.08819488
v 0.04413705 0.02334418 0.09423303
v 0.04368616 0.02510723 0.08953281
v 0.04598118 0.02502233 0.09569982
v 0.04466247 0.02119929 0.10032298
v 0.04495109 0.02118741 0.10121792
v 0.04596364 0.02114584 0.10434943
v 0.03409116 -0.04886789 0.08085130
v 0.04066139 -0.04238150 0.09005443
v 0.04286824 -0.03674287 0.09321483
v 0.03210494 -0.05075388 0.07937060
v 0.01828312 -0.05880541 0.07905620
v 0.01501525 -0.05880291 0.07798900
v 0.01892954 -0.05736966 0.07780161
v 0.02891719 -0.05358157 0.08046138
v 0.01892966 -0.05736966 0.07780161
v -0.02072410 -0.05898881 0.08095334
v -0.01953432 -0.05909827 0.08879393
v -0.02816217 -0.05909697 0.08634002
v 0.01333568 -0.05896773 0.08884344
v -0.03093431 -0.05521178 0.08363149
v -0.03464688 -0.05377341 0.08620790
v -0.03619722 -0.05109195 0.08385493
v -0.04758488 -0.01648064 0.10769066
v -0.04760668 -0.01669988 0.12273570
v -0.04297787 -0.01688993 0.13705124
v -0.03415138 -0.01703217 0.14923607
v -0.02199142 -0.01711270 0.15809765
v -0.00768811 -0.01712362 0.16276830
v -0.00768823 -0.01712362 0.16276830
v 0.00735823 -0.01706387 0.16279097
v 0.02167484 -0.01693929 0.15816344
v 0.02167490 -0.01693929 0.15816344
v 0.03386048 -0.01676208 0.14933853
v 0.04272181 -0.01654959 0.13718034
v 0.04739249 -0.01632261 0.12287882
v 0.04741429 -0.01610337 0.10783378
v 0.04616284 -0.01605199 0.10396354
v 0.04620852 -0.02748976 0.10379693
v -0.01509604 -0.01646120 0.11526217
v -0.01443607 -0.01652297 0.11968400
v -0.01250191 -0.01657397 0.12371498
v -0.00946542 -0.01660965 0.12699687
v -0.00946554 -0.01660965 0.12699687
v -0.00559648 -0.01662684 0.12923805
v -0.00123877 -0.01662403 0.13023956
v 0.00322040 -0.01660146 0.12991223
v 0.00738492 -0.01656112 0.12828510
v 0.01088474 -0.01650662 0.12550277
v 0.01340878 -0.01644279 0.12181260
v 0.01473293 -0.01637530 0.11754259
v 0.01473941 -0.01631015 0.11307158
v 0.01342763 -0.01625313 0.10879759
v 0.01091429 -0.01620930 0.10509984
v 0.00742255 -0.01618256 0.10230704
v 0.00326276 -0.01617528 0.10066731
v -0.00119544 -0.01618812 0.10032655
v -0.00555603 -0.01621993 0.10131491
v -0.00943145 -0.01626789 0.10354443
v -0.00943157 -0.01626789 0.10354443
v -0.01247743 -0.01632772 0.10681716
v -0.01442326 -0.01639413 0.11084229
v -0.04194693 -0.03957674 0.09184944
v -0.04284261 -0.03428647 0.09312646
v -0.04456430 -0.02334473 0.09842487
v -0.04456442 -0.02334473 0.09842487
v -0.04459229 -0.01633520 0.09852697
v -0.04697420 -0.02288214 0.05111555
v -0.04700305 -0.01565574 0.05122082
v -0.04389329 0.02476486 0.08873760
v -0.04340756 0.02252820 0.09177610
v -0.04644154 0.02465530 0.09556058
v -0.04644142 0.02465530 0.09556058
v -0.04345220 0.02171877 0.09351138
v -0.04406541 0.02555791 0.08766011
v -0.04561402 0.02081812 0.10174242
v -0.04539825 0.02082861 0.10108180
v -0.04349451 0.02092113 0.09525208
v -0.04337060 0.02862006 0.08168795
v -0.04294053 0.02863038 0.08109798
v -0.04340750 0.02252820 0.09177610
v -0.04337048 0.02862006 0.08168795
v -0.03014344 0.01229136 0.05969409
v -0.03336998 0.01310935 0.00265447
v -0.03003164 -0.01570545 0.05928627
v -0.03325818 -0.01488746 0.00224665
v -0.03129590 0.01215962 0.06842148
v -0.03118410 -0.01583719 0.06801367
v -0.03699980 0.01207618 0.07258651
v -0.03699968 0.01207618 0.07258651
v -0.03688800 -0.01592063 0.07217868
v -0.03688788 -0.01592063 0.07217868
v -0.04076432 -0.01605673 0.08045923
v -0.04087612 0.01194008 0.08086705
v -0.03664276 -0.01609741 0.08438171
v -0.03675456 0.01189940 0.08478953
v -0.02726321 -0.01598758 0.07941312
v -0.02737501 0.01200923 0.07982094
v 0.02717465 -0.01577139 0.07949512
v 0.02706285 0.01222542 0.07990295
v 0.02091650 0.01225824 0.07596461
v 0.02102830 -0.01573857 0.07555678
v 0.01421414 0.01227362 0.07307167
v 0.01432594 -0.01572319 0.07266385
v 0.00713227 0.01227114 0.07130041
v 0.00724407 -0.01572567 0.07089259
v -0.00014281 0.01225087 0.07069740
v -0.00003101 -0.01574594 0.07028957
v -0.00741948 0.01221335 0.07127849
v -0.00730768 -0.01578346 0.07087067
v -0.01450657 0.01215956 0.07302841
v -0.01439478 -0.01583725 0.07262059
v -0.02121722 0.01209092 0.07590113
v -0.02110543 -0.01590589 0.07549331
v 0.03653976 -0.01580678 0.08449196
v 0.03642796 0.01219003 0.08489978
v 0.04067283 -0.01573332 0.08058192
v 0.04056104 0.01226349 0.08098974
v 0.03682023 -0.01562792 0.07228974
v 0.03670843 0.01236889 0.07269755
v 0.02997315 -0.01558197 0.06725867
v 0.02986135 0.01241484 0.06766649
v 0.02998415 -0.01547133 0.05966597
v 0.02987235 0.01252548 0.06007380
v 0.04730249 0.01189344 0.10824160
v 0.04605105 0.01194482 0.10437136
v 0.04602933 0.01738327 0.10445058
v 0.04728070 0.01167419 0.12328664
v 0.04261002 0.01144722 0.13758816
v 0.03374868 0.01123473 0.14974636
v 0.02156305 0.01105752 0.15857126
v 0.02156311 0.01105752 0.15857126
v 0.00724644 0.01093294 0.16319878
v -0.00779991 0.01087319 0.16317612
v -0.00780002 0.01087319 0.16317612
v -0.02210322 0.01088411 0.15850548
v -0.03426318 0.01096463 0.14964390
v -0.04308967 0.01110688 0.13745905
v -0.04771847 0.01129693 0.12314352
v -0.04769668 0.01151617 0.10809848
v -0.04470824 0.01267181 0.09894951
v -0.04470421 0.01166160 0.09893479
v -0.04711485 0.01234107 0.05162864
v -0.04711975 0.01356816 0.05164651
v 0.03925920 0.04574722 0.04768349
v 0.03926338 0.04578928 0.04479697
v 0.03675713 0.04571626 0.04912296
v 0.03425924 0.04572736 0.04767596
v 0.03426343 0.04576942 0.04478944
v 0.03676549 0.04580038 0.04334997
v -0.03474014 0.04545334 0.04757201
v -0.03473596 0.04549541 0.04468549
v -0.03724220 0.04542239 0.04901147
v -0.03974009 0.04543349 0.04756448
v -0.03973591 0.04547555 0.04467795
v -0.03723384 0.04550651 0.04323849
v -0.04424958 0.04532008 0.05411356
v -0.04335806 0.02874617 0.07303405
v 0.02976906 0.04719519 0.03724628
v 0.02977438 0.04586166 0.03722685
v 0.03050545 0.04653134 0.03723767
v 0.03124177 0.04586749 0.03722906
v 0.04321125 0.03430397 0.03868554
v 0.04298623 0.03480813 0.03866598
v 0.04377287 0.04590269 0.03824788
v 0.04276134 0.03531228 0.03864653
v 0.03506855 0.04228274 0.03837036
v 0.03113036 0.04585248 0.03822884
v 0.03608801 0.04135887 0.03840695
v 0.03891461 0.03879729 0.03850856
v 0.02975520 0.04566870 0.05046815
v 0.02976213 0.04643191 0.04385715
v 0.04315438 0.03324065 0.04536893
v 0.04309668 0.03214939 0.05204798
v 0.04549100 0.02657034 0.05197015
v 0.04597845 0.02543550 0.05195432
v 0.04886034 0.01872163 0.05186066
v 0.04888430 0.01272231 0.05177327
v 0.04926216 -0.01523279 0.04857551
v 0.04915036 0.01276401 0.04898333
v 0.04904401 -0.02727313 0.05119066
v 0.04899609 -0.01527450 0.05136545
v 0.04573745 -0.03514835 0.05107111
v 0.04243185 -0.04302356 0.05095156
v 0.02978170 -0.05450396 0.05076594
v 0.03610672 -0.04876376 0.05085875
v 0.02176660 -0.05745700 0.05071130
v 0.01375168 -0.06041004 0.05065665
v -0.01982361 -0.06054338 0.05060607
v -0.03791038 -0.05099677 0.05071899
v -0.03590035 -0.05476480 0.05066699
v -0.04394047 -0.03969269 0.05087498
v -0.04193050 -0.04346072 0.05082298
v -0.03992047 -0.04722875 0.05077098
v -0.05209311 -0.01507589 0.01001928
v -0.05281578 -0.01496513 0.00221718
v -0.04459241 -0.01633520 0.09852697
v -0.04897127 0.01255255 0.03660168
v -0.04360491 0.03397553 0.05194899
v -0.05306252 -0.01359762 0.00223675
v -0.05315777 0.01025617 0.00258422
v -0.05267950 0.01303267 0.00262538
v -0.04470409 0.01166160 0.09893479
v -0.04118131 0.04263197 0.03823077
v -0.04389656 0.03969470 0.03833729
v -0.04039974 0.04347851 0.03820000
v -0.04422640 0.04555322 0.03811531
v -0.03846292 0.04557611 0.03812399
v 0.03118610 0.04585999 0.03772895
v -0.02824679 0.04541276 0.05213791
v -0.03902642 0.04563443 0.03396556
v -0.03086993 0.04562083 0.03713549
v -0.03957978 0.04569282 0.02980577
v 0.03124166 0.04586749 0.03722906
v 0.03113024 0.04585248 0.03822884
v 0.02955608 0.04564232 0.05222499
v 0.02955620 0.04564232 0.05222499
v 0.02965576 0.04565551 0.05134648
v -0.04335794 0.02874617 0.07303405
v -0.04388862 0.03949304 0.03985140
v -0.04388091 0.03929673 0.04133847
v -0.04388103 0.03929672 0.04133847
v -0.04360503 0.03397553 0.05194899
v -0.03813716 0.04708660 0.03104501
v -0.03088684 0.04985528 0.03719717
v -0.03669023 0.04847284 0.03228772
v -0.02825912 0.04850065 0.05218289
v 0.02946869 0.04572046 0.05222600
v 0.02938117 0.04579860 0.05222702
v 0.02134274 0.04868790 0.05225747
v -0.02027080 0.05144385 0.05223735
v 0.01330449 0.05157719 0.05228793
v 0.01270845 0.06006448 -0.01009595
v 0.00986814 0.06126206 -0.01008261
v 0.01158634 0.05641962 0.02110266
v 0.02108694 0.05653172 -0.01013529
v 0.01966672 0.05713052 -0.01012863
v 0.02050476 0.05290921 0.02106442
v 0.02946536 0.05299898 -0.01017464
v 0.02942324 0.04939880 0.02102619
v 0.03651512 0.04294694 0.02094244
v 0.04509116 0.03857113 -0.01036225
v 0.03727835 0.04578505 -0.01026844
v 0.04392571 0.03694170 0.01414214
v 0.04360647 0.03649508 0.02085870
v 0.04360742 0.03649509 0.02085870
v 0.04772099 0.02784184 0.02073856
v 0.05480984 0.01965558 -0.01062382
v 0.05411036 0.02101690 -0.01060499
v 0.05183551 0.01918860 0.02061842
v 0.05341088 0.02237821 -0.01058617
v 0.04995098 0.02911335 -0.01049303
v 0.04925150 0.03047467 -0.01047421
v 0.05200748 -0.02387680 0.01999110
v 0.05482047 0.01699153 -0.01066262
v 0.05495891 -0.01767582 -0.01116761
v 0.05497011 -0.02048047 -0.01120847
v 0.05347787 -0.02344313 -0.01125380
v 0.04540281 -0.03947262 -0.01149909
v 0.05018694 -0.02997654 -0.01135378
v 0.04391691 -0.04124808 0.01972624
v 0.04391786 -0.04124808 0.01972624
v 0.04796219 -0.03256244 0.01985867
v 0.03377029 -0.05038623 -0.01167498
v 0.03764786 -0.04674837 -0.01161635
v 0.03687732 -0.04775606 0.01962120
v 0.02989273 -0.05402410 -0.01173361
v 0.02983719 -0.05426404 0.01951616
v 0.01396513 -0.06088955 -0.01185673
v 0.02012740 -0.05823334 -0.01180909
v 0.02094703 -0.05784517 0.01945110
v 0.01036212 -0.06244259 -0.01188458
v 0.01205693 -0.06142632 0.01938603
v -0.01972138 -0.06256206 -0.01192990
v -0.00279388 -0.06249483 -0.01190440
v 0.00452193 -0.06246578 -0.01189338
v -0.04010366 -0.05271722 -0.01181597
v -0.03708148 -0.05632219 -0.01186412
v -0.03955534 -0.05228711 0.00381777
v -0.03678614 -0.05593284 0.00376865
v -0.03900696 -0.05185699 0.01945151
v -0.03649086 -0.05554349 0.01940143
v -0.03619552 -0.05515414 0.03503421
v -0.03845870 -0.05142689 0.03508525
v -0.04072183 -0.04769962 0.03513628
v -0.04072171 -0.04769962 0.03513628
v -0.04786284 -0.04134991 0.00396512
v -0.04917022 -0.04190231 -0.01167150
v -0.04830313 -0.04293653 -0.01168532
v -0.04524790 -0.04024510 0.03523836
v -0.04655540 -0.04079749 0.01960174
v -0.04403929 -0.04448400 0.01955166
v -0.04509363 -0.04499564 0.00391600
v -0.04614809 -0.04550728 -0.01171966
v -0.04312585 -0.04911225 -0.01176781
v -0.04232449 -0.04864137 0.00386689
v -0.04152313 -0.04817050 0.01950158
v -0.04298484 -0.04397235 0.03518732
v -0.04614797 -0.04550727 -0.01171966
v -0.02987233 -0.05891343 -0.01189144
v -0.02266312 -0.06150465 -0.01191876
v -0.02266330 -0.06150465 -0.01191876
v -0.05473987 -0.01103965 -0.01122982
v -0.04968552 -0.03904743 -0.01163065
v -0.05482127 0.00934368 -0.01093291
v -0.04992598 0.03776644 -0.01051163
v -0.04992604 0.03776643 -0.01051163
v -0.04665538 0.03987114 0.01558877
v -0.04667220 0.03987461 0.01543339
v -0.04946338 0.04045249 -0.01047181
v -0.04904831 0.04095016 -0.01046396
v -0.04183494 0.04539423 0.01567624
v -0.03701456 0.05091732 0.01576371
v -0.03701468 0.05091732 0.01576371
v -0.03710765 0.05161894 0.01102089
v -0.03752507 0.05476505 -0.01024595
v -0.04307907 0.04810645 -0.01035103
v -0.04863318 0.04144786 -0.01045610
v -0.04349419 0.04760877 -0.01035888
v -0.02021536 0.06114259 -0.01012794
v -0.02264183 0.06024859 -0.01014448
v -0.00597111 0.06119916 -0.01010648
v 0.00558886 0.06124507 -0.01008906
v 0.00854624 0.06086903 -0.01009026
v 0.05319627 0.02304449 -0.01057677
v 0.04980087 0.03114871 -0.01046359
v 0.02907578 0.05338861 -0.01016952
v 0.02523090 0.05552164 -0.01014401
v 0.01966684 0.05713053 -0.01012863
v 0.01709892 0.05885182 -0.01010726
v 0.04518001 0.03862214 -0.01036138
v 0.03944635 0.04528072 -0.01027265
v 0.03274165 0.05096051 -0.01019960
v 0.05418260 0.01970240 -0.01062404
v 0.05528231 0.01450898 -0.01069813
v 0.05600632 0.00575239 -0.01082469
v 0.05605495 -0.00642762 -0.01100211
v 0.05540091 -0.01518969 -0.01113074
v 0.05429554 -0.02057918 -0.01121088
v 0.03315207 -0.05181907 -0.01169675
v 0.03135299 -0.05308343 -0.01171779
v 0.02567799 -0.05643971 -0.01177492
v 0.01757286 -0.05983437 -0.01183613
v 0.02012752 -0.05823334 -0.01180909
v 0.03981120 -0.04608622 -0.01160357
v 0.04549149 -0.03938231 -0.01149764
v 0.05005253 -0.03187242 -0.01138160
v 0.05338309 -0.02374148 -0.01125829
v 0.02950571 -0.05427621 -0.01173784
v 0.00903656 -0.06191945 -0.01187888
v -0.02200594 -0.06155754 -0.01191857
v -0.02134763 -0.06159643 -0.01191819
v 0.00240218 -0.06259493 -0.01189833
v 0.00027906 -0.06264362 -0.01190212
v -0.04239219 -0.05191235 -0.01180755
v -0.03793079 -0.05581317 -0.01185793
v -0.03544115 -0.05742616 -0.01187783
v -0.03280865 -0.05879382 -0.01189395
v -0.02721271 -0.06074534 -0.01191428
v -0.04602962 -0.04723391 -0.01174465
v -0.04871024 -0.04194885 -0.01167151
v -0.05004304 -0.03765642 -0.01161089
v -0.05033595 -0.03625033 -0.01159083
v -0.05512160 0.00914426 -0.01093625
v -0.05061939 0.03472916 -0.01055689
v -0.05031089 0.03625651 -0.01053419
v -0.05588291 0.00254132 -0.01103357
v -0.05585637 -0.00410532 -0.01113039
v -0.05504235 -0.01070201 -0.01122534
v -0.04903924 0.04044041 -0.01047137
v -0.02769250 0.05940706 -0.01016406
v -0.04280096 0.05045377 -0.01031642
v -0.04640091 0.04574659 -0.01039023
v -0.03327269 0.05741115 -0.01020123
v -0.03837086 0.05438991 -0.01025264
v 0.00268971 0.06145971 -0.01009013
v -0.00021677 0.06152362 -0.01009341
v -0.02183441 0.06030471 -0.01014249
v -0.02223837 0.06027928 -0.01014345
v 0.05065796 0.02959560 -0.02098594
v 0.04978313 0.03128458 -0.02096260
v 0.03105763 0.05226448 -0.02068459
v -0.00020916 0.06160012 -0.01534289
v -0.00020156 0.06167661 -0.02059230
v 0.00259101 0.06158492 -0.02058971
v 0.00391680 0.06154139 -0.02058848
v 0.00391692 0.06154139 -0.02058848
v 0.00536373 0.06138719 -0.02058863
v 0.00798675 0.06110766 -0.02058915
v 0.00811852 0.06108380 -0.02058930
v 0.02087937 0.05764790 -0.02062029
v 0.01711265 0.05900060 -0.02060609
v 0.01699506 0.05904284 -0.02060565
v 0.01618839 0.05929086 -0.02060320
v 0.01083782 0.06059130 -0.02059242
v 0.00855818 0.06100417 -0.02058983
v 0.01596132 0.05936066 -0.02060252
v 0.01352597 0.05998801 -0.02059714
v 0.01200328 0.06038023 -0.02059369
v 0.02135993 0.05743433 -0.02062271
v 0.02462194 0.05598461 -0.02063911
v 0.02822024 0.05405972 -0.02066224
v 0.02632187 0.05507522 -0.02064996
v 0.02523605 0.05565608 -0.02064306
v 0.02523617 0.05565608 -0.02064306
v 0.03370265 0.05041694 -0.02070768
v 0.03274868 0.05110220 -0.02069908
v 0.03167001 0.05187706 -0.02068935
v 0.03964331 0.04523685 -0.02077415
v 0.03944862 0.04542002 -0.02077176
v 0.03690620 0.04781506 -0.02074072
v 0.03549524 0.04896100 -0.02072618
v 0.04336288 0.04109227 -0.02082957
v 0.04264531 0.04199956 -0.02081727
v 0.03988730 0.04500683 -0.02077715
v 0.04661333 0.03674762 -0.02088818
v 0.04519426 0.03877478 -0.02086075
v 0.04517808 0.03879817 -0.02086043
v 0.04945863 0.03191186 -0.02095399
v 0.04877434 0.03323213 -0.02093598
v 0.04666864 0.03665750 -0.02088941
v 0.05179545 0.02694088 -0.02102286
v 0.05226487 0.02584497 -0.02103815
v 0.05427093 0.01957599 -0.02112708
v 0.05365610 0.02177119 -0.02109568
v 0.05359528 0.02198580 -0.02109264
v 0.05318148 0.02318708 -0.02107568
v 0.05602153 0.00590538 -0.02132358
v 0.05599443 0.00743738 -0.02130141
v 0.05601392 0.00582889 -0.01607416
v 0.05571719 0.01151524 -0.02124275
v 0.05527155 0.01465835 -0.02119771
v 0.05514289 0.01556333 -0.02118471
v 0.05495756 0.01641816 -0.02117240
v 0.05575643 0.01094260 -0.02125103
v 0.05604585 -0.00018462 -0.02141229
v 0.05604658 -0.00036782 -0.02141496
v 0.05607016 -0.00627462 -0.02150100
v 0.05605863 -0.00663931 -0.02150621
v 0.05550084 -0.01446207 -0.02161833
v 0.05567149 -0.01286388 -0.02159527
v 0.05593461 -0.01039262 -0.02155995
v 0.05595605 -0.00976148 -0.02155078
v 0.05343386 -0.02347637 -0.02175752
v 0.05375467 -0.02243560 -0.02174081
v 0.05464191 -0.01899237 -0.02168667
v 0.05477396 -0.01847812 -0.02167863
v 0.05539822 -0.01503349 -0.02162693
v 0.05550180 -0.01446207 -0.02161833
v 0.05290367 -0.02495205 -0.02178074
v 0.05339425 -0.02358703 -0.02175925
v 0.05037522 -0.03110186 -0.02187528
v 0.05054866 -0.03071016 -0.02186932
v 0.05203828 -0.02735996 -0.02181893
v 0.04549570 -0.03922126 -0.02199017
v 0.04626640 -0.03814819 -0.02197372
v 0.04751156 -0.03618136 -0.02194623
v 0.04844955 -0.03469935 -0.02192560
v 0.05004970 -0.03170953 -0.02188365
v 0.03981241 -0.04592021 -0.02210181
v 0.04220329 -0.04338371 -0.02205888
v 0.04387604 -0.04132469 -0.02202412
v 0.04480549 -0.04018093 -0.02200486
v 0.03495972 -0.05024971 -0.02216752
v 0.03638675 -0.04912130 -0.02214990
v 0.03737567 -0.04821458 -0.02213645
v 0.03939408 -0.04636391 -0.02210918
v 0.03968587 -0.04605463 -0.02210401
v 0.02713482 -0.05549846 -0.02226089
v 0.02761769 -0.05524850 -0.02225619
v 0.02982493 -0.05389201 -0.02223012
v 0.03113392 -0.05308762 -0.02221471
v 0.03245329 -0.05216493 -0.02219834
v 0.03316697 -0.05166577 -0.02218956
v 0.03318498 -0.05165318 -0.02218935
v 0.01757764 -0.05965111 -0.02233554
v 0.01860757 -0.05929635 -0.02232954
v 0.02022952 -0.05873759 -0.02231982
v 0.02151092 -0.05818885 -0.02231021
v 0.02151080 -0.05818885 -0.02231021
v 0.02398072 -0.05713110 -0.02229151
v 0.02436093 -0.05693426 -0.02228780
v 0.02567602 -0.05625360 -0.02227508
v 0.00960240 -0.06166242 -0.02237384
v 0.00994666 -0.06161367 -0.02237252
v 0.01264521 -0.06102742 -0.02236060
v 0.01395979 -0.06074185 -0.02235483
v 0.01565658 -0.06026683 -0.02234635
v 0.01565670 -0.06026683 -0.02234635
v 0.01636991 -0.06006717 -0.02234282
v 0.00341513 -0.06235560 -0.02239404
v 0.00028667 -0.06256713 -0.01715159
v 0.00341501 -0.06235560 -0.02239404
v 0.00181975 -0.06246378 -0.02239823
v 0.00029427 -0.06249063 -0.02240101
v 0.00589802 -0.06218722 -0.02238739
v 0.00652066 -0.06209902 -0.02238509
v 0.00904809 -0.06174096 -0.02237579
v -0.02133242 -0.06144344 -0.02241708
v -0.01943965 -0.06153509 -0.02241567
v -0.02134002 -0.06151993 -0.01716766
v -0.01287098 -0.06185316 -0.02241079
v -0.00628758 -0.06217193 -0.02240590
v -0.00628770 -0.06217193 -0.02240590
v -0.01051910 -0.06196704 -0.02240904
v -0.04254232 -0.05158284 -0.02230113
v -0.04236933 -0.05175150 -0.02230322
v -0.02270965 -0.06130825 -0.02241788
v -0.02736616 -0.06055054 -0.02241662
v -0.02719597 -0.06058441 -0.02241681
v -0.02595908 -0.06083049 -0.02241765
v -0.02438372 -0.06114392 -0.02241886
v -0.03226059 -0.05884693 -0.02239662
v -0.03149717 -0.05920186 -0.02240146
v -0.03027376 -0.05966875 -0.02240733
v -0.02915571 -0.06000782 -0.02241089
v -0.03802068 -0.05553874 -0.02235151
v -0.03789443 -0.05563121 -0.02235279
v -0.03689527 -0.05636244 -0.02236212
v -0.03689515 -0.05636244 -0.02236212
v -0.03522853 -0.05734727 -0.02237603
v -0.03427719 -0.05790943 -0.02238391
v -0.03277748 -0.05860664 -0.02239327
v -0.04061189 -0.05346437 -0.02232515
v -0.04034681 -0.05372257 -0.02232841
v -0.03934702 -0.05456803 -0.02233923
v -0.04293520 -0.05111625 -0.02229526
v -0.04450069 -0.04925649 -0.02227227
v -0.04820182 -0.04296909 -0.02219018
v -0.04824658 -0.04287883 -0.02218893
v -0.04866200 -0.04178328 -0.02217315
v -0.04622034 -0.04675167 -0.02224064
v -0.04600085 -0.04707150 -0.02224469
v -0.04498140 -0.04855624 -0.02226336
v -0.04748941 -0.04440353 -0.02220958
v -0.04688384 -0.04562306 -0.02222594
v -0.04675746 -0.04583794 -0.02222882
v -0.05032074 -0.03609733 -0.02208972
v -0.05014464 -0.03697189 -0.02210238
v -0.04877524 -0.04148450 -0.02216890
v -0.04932457 -0.04003583 -0.02214799
v -0.05004316 -0.03765642 -0.01161089
v -0.05011842 -0.03710218 -0.02210424
v -0.04974431 -0.03848447 -0.02212492
v -0.05071987 -0.03393115 -0.02205873
v -0.05502713 -0.01054901 -0.02172423
v -0.05489353 -0.01127410 -0.02173460
v -0.05387911 -0.01678086 -0.02181338
v -0.05233227 -0.02517804 -0.02193351
v -0.05180435 -0.02804385 -0.02197451
v -0.05126759 -0.03095760 -0.02201619
v -0.05285306 -0.02235096 -0.02189307
v -0.05267400 -0.02332317 -0.02190697
v -0.05562521 -0.00646037 -0.02166617
v -0.05566718 -0.00587664 -0.02165785
v -0.05591365 0.00170660 -0.02154758
v -0.05591677 -0.00062942 -0.02158222
v -0.05591893 -0.00237331 -0.02160799
v -0.05580564 -0.00394976 -0.02163044
v -0.05510639 0.00929726 -0.02143514
v -0.05561154 0.00577402 -0.02148769
v -0.05569728 0.00461898 -0.02150464
v -0.05584051 0.00269230 -0.02153311
v -0.05497857 0.01002339 -0.02142437
v -0.05400829 0.01553787 -0.02134261
v -0.05060418 0.03488215 -0.02105578
v -0.05098599 0.03271286 -0.02108794
v -0.05150995 0.02973500 -0.02113210
v -0.05202342 0.02681722 -0.02117536
v -0.05202330 0.02681722 -0.02117536
v -0.05252838 0.02394767 -0.02121791
v -0.05285534 0.02208970 -0.02124546
v -0.05302652 0.02111653 -0.02125989
v -0.04911746 0.04028808 -0.02097765
v -0.04961882 0.03878644 -0.02099948
v -0.05040649 0.03575155 -0.02104324
v -0.05040637 0.03575155 -0.02104324
v -0.05005924 0.03727806 -0.02102133
v -0.04992434 0.03787135 -0.02101278
v -0.04992422 0.03787135 -0.02101278
v -0.04785940 0.04322119 -0.02093320
v -0.04635385 0.04587955 -0.02089067
v -0.04710492 0.04468418 -0.02091026
v -0.04772170 0.04352928 -0.02092852
v -0.04851304 0.04175880 -0.02095564
v -0.04896137 0.04075558 -0.02097091
v -0.04901639 0.04059090 -0.02097327
v -0.04275967 0.05058201 -0.02081265
v -0.04334521 0.04996308 -0.02082288
v -0.04361046 0.04968263 -0.02082758
v -0.04538393 0.04739572 -0.02086568
v -0.04547389 0.04727974 -0.02086756
v -0.03834877 0.05453425 -0.02074884
v -0.03847105 0.05443696 -0.02075032
v -0.04055822 0.05277532 -0.02077672
v -0.04104080 0.05233201 -0.02078376
v -0.04152243 0.05188961 -0.02079079
v -0.03569716 0.05627652 -0.02072134
v -0.03815971 0.05468475 -0.02074638
v -0.02766899 0.05952572 -0.02066612
v -0.02880813 0.05925115 -0.02067207
v -0.03290502 0.05772707 -0.02069884
v -0.03324985 0.05754940 -0.02070163
v -0.03560590 0.05633552 -0.02072047
v -0.02963186 0.05896441 -0.02067726
v -0.03170187 0.05824366 -0.02069029
v -0.03273800 0.05779876 -0.02069767
v -0.02644314 0.05982122 -0.02065974
v -0.02585213 0.05996368 -0.02065675
v -0.02181920 0.06045770 -0.02064138
v -0.02284160 0.06038307 -0.02064413
v -0.02319731 0.06033352 -0.02064560
v -0.00678077 0.06130565 -0.02060724
v -0.01101041 0.06106716 -0.02061684
v -0.01992722 0.06056437 -0.02063709
v -0.01336130 0.06093460 -0.02062218
v 0.01416347 0.04995469 -0.04258832
v 0.01205909 0.05049831 -0.04258345
v 0.00981070 0.05416845 -0.03519301
v 0.01010172 0.05743665 -0.02780483
v 0.03519757 0.04557501 -0.02794132
v 0.04841051 0.00808371 -0.05030899
v 0.05209599 0.00951404 -0.03578248
v 0.04888384 0.00448198 -0.05035775
v 0.05245216 0.00519347 -0.03584493
v 0.05245322 0.00519369 -0.03584057
v 0.05245322 0.00519368 -0.03584069
v 0.05129420 0.01419687 -0.03571540
v 0.05007805 0.01875661 -0.03565072
v 0.04846039 0.02316760 -0.03558879
v 0.04645541 0.02740419 -0.03552995
v 0.04407834 0.03144073 -0.03547457
v 0.04134215 0.03525155 -0.03542300
v 0.03826042 0.03881096 -0.03537560
v 0.03113909 0.04868997 -0.02790181
v 0.02681997 0.05139653 -0.02786862
v 0.02227145 0.05367969 -0.02784194
v 0.01752470 0.05552441 -0.02782194
v 0.01508689 0.05627768 -0.02781449
v 0.01261121 0.05691572 -0.02780878
v 0.00499668 0.05811967 -0.02780227
v 0.00240709 0.05828032 -0.02779879
v 0.00240721 0.05828032 -0.02779879
v 0.00499656 0.05811967 -0.02780227
v 0.00240895 0.05827801 -0.02780371
v 0.01410818 0.04696180 -0.04979118
v 0.01231545 0.04742095 -0.04978613
v 0.00992282 0.05095240 -0.04257992
v 0.01036437 0.04792063 -0.04978054
v 0.01773378 0.04572300 -0.04980708
v 0.01613257 0.04627008 -0.04980006
v 0.01416335 0.04995469 -0.04258832
v 0.01425018 0.04691328 -0.04979180
v 0.01425029 0.04691328 -0.04979180
v 0.01799650 0.04560960 -0.04980847
v 0.01623351 0.04932332 -0.04259452
v 0.01817019 0.04553467 -0.04980943
v 0.02026149 0.04780456 -0.04261082
v 0.02123732 0.04421141 -0.04982534
v 0.02159045 0.04402524 -0.04982737
v 0.02461450 0.04243077 -0.04984509
v 0.02412472 0.04595633 -0.04263216
v 0.02502433 0.04218117 -0.04984777
v 0.02560612 0.04182704 -0.04985150
v 0.02560594 0.04182704 -0.04985150
v 0.02780443 0.04379297 -0.04265835
v 0.02651528 0.04127342 -0.04985747
v 0.03230478 0.03691118 -0.04990520
v 0.03132841 0.03771284 -0.04989624
v 0.03128215 0.04132877 -0.04268922
v 0.02968071 0.03906571 -0.04988112
v 0.02826294 0.04005454 -0.04987055
v 0.03539193 0.03399136 -0.04994054
v 0.03486843 0.04207654 -0.03533293
v 0.03486831 0.04207654 -0.03533293
v 0.03419315 0.03514336 -0.04992644
v 0.03264003 0.03663589 -0.04990837
v 0.03927431 0.02938059 -0.05000294
v 0.03868404 0.03020081 -0.04999106
v 0.03808698 0.03094462 -0.04998079
v 0.03793285 0.03113676 -0.04997816
v 0.03684447 0.03235959 -0.04996197
v 0.03684435 0.03235959 -0.04996197
v 0.03539182 0.03399136 -0.04994054
v 0.04093960 0.02706999 -0.05003640
v 0.04339745 0.02286938 -0.05009966
v 0.04292775 0.02379784 -0.05008562
v 0.04276059 0.02407376 -0.05008148
v 0.04146207 0.02621080 -0.05004924
v 0.04464928 0.02039172 -0.05013723
v 0.04650089 0.01572548 -0.05020588
v 0.04622079 0.01652011 -0.05019453
v 0.04610239 0.01685716 -0.05018967
v 0.04506845 0.01937126 -0.05015244
v 0.04838162 0.00830370 -0.05030601
v 0.04834286 0.00848605 -0.05030364
v 0.04760392 0.01196972 -0.05025771
v 0.04758860 0.01204422 -0.05025676
v 0.01623339 0.04932332 -0.04259452
v 0.01213253 0.05369566 -0.03519654
v 0.00756225 0.05783859 -0.02780265
v 0.00775699 0.05131518 -0.04257778
v 0.00775464 0.05131825 -0.04257135
v 0.00745966 0.05453603 -0.03519107
v 0.00508138 0.05479863 -0.03518645
v 0.00508090 0.05479929 -0.03518501
v 0.00756207 0.05783859 -0.02780265
v 0.01442236 0.05311952 -0.03520162
v 0.01889312 0.05166449 -0.03521635
v 0.02319814 0.04981802 -0.03523702
v 0.02731220 0.04759475 -0.03526346
v 0.03121056 0.04500937 -0.03529549
v 0.05284887 -0.01751519 -0.02882774
v 0.05099383 -0.01599590 -0.03615147
v 0.05200798 -0.01078086 -0.03607401
v 0.02114849 -0.04419369 -0.05111328
v 0.01980132 -0.04818454 -0.04400903
v 0.01754273 -0.04905773 -0.04402503
v 0.03260321 -0.03662977 -0.05097555
v 0.03382969 -0.03546184 -0.05095544
v 0.03413334 -0.03913613 -0.04385641
v 0.04778645 -0.01120303 -0.05059220
v 0.04827542 -0.00868782 -0.05055264
v 0.05013477 -0.00972432 -0.04340463
v 0.04908412 0.00066049 -0.05041470
v 0.05256752 -0.00014301 -0.03591818
v 0.04908795 0.00021016 -0.05042126
v 0.04839597 -0.00806886 -0.05054297
v 0.04851548 -0.00745788 -0.05053329
v 0.05066646 -0.00489262 -0.04333345
v 0.04887500 -0.00431764 -0.05048618
v 0.04895137 -0.00365186 -0.05047630
v 0.04729360 -0.01298438 -0.05062060
v 0.04676819 -0.01488189 -0.05065063
v 0.04634219 -0.01611883 -0.05066927
v 0.04945402 -0.02107876 -0.03622777
v 0.04604157 -0.01699316 -0.05068244
v 0.04421053 -0.02124143 -0.05074235
v 0.04455983 -0.02055658 -0.05073282
v 0.04596033 -0.01718750 -0.05068516
v 0.04739769 -0.02598531 -0.03630225
v 0.04483742 -0.03067235 -0.03637426
v 0.04210399 -0.02512821 -0.05079639
v 0.04281735 -0.02396601 -0.05078014
v 0.04295137 -0.02370407 -0.05077643
v 0.03833219 -0.03061044 -0.05087518
v 0.04179600 -0.03508963 -0.03644304
v 0.03782062 -0.03124345 -0.05088491
v 0.03760672 -0.03569097 -0.04380118
v 0.03689692 -0.03227274 -0.05090184
v 0.03857489 -0.03031008 -0.05087051
v 0.03966072 -0.02881632 -0.05084896
v 0.04082141 -0.02721868 -0.05082573
v 0.03524327 -0.03411567 -0.05093211
v 0.02629709 -0.04491843 -0.04395203
v 0.02691743 -0.04095734 -0.05105406
v 0.02835400 -0.04362077 -0.04393014
v 0.02950989 -0.03916469 -0.05102108
v 0.03034918 -0.04222224 -0.04390687
v 0.03049387 -0.03836424 -0.05100674
v 0.03247050 -0.03675617 -0.05097764
v 0.03260333 -0.03662976 -0.05097555
v 0.02504904 -0.04213222 -0.05107580
v 0.02534600 -0.04196912 -0.05107281
v 0.02594379 -0.04159952 -0.05106596
v 0.02636648 -0.04133824 -0.05106107
v 0.02636660 -0.04133824 -0.05106107
v 0.02418302 -0.04611301 -0.04397250
v 0.02201625 -0.04720242 -0.04399151
v 0.02201613 -0.04720242 -0.04399151
v 0.02311386 -0.04319477 -0.05109528
v 0.02196647 -0.04382475 -0.05110695
v 0.01708273 -0.04590076 -0.05114225
v 0.01847722 -0.04539852 -0.05113399
v 0.01853868 -0.04537084 -0.05113349
v 0.01754261 -0.04905773 -0.04402503
v 0.01913705 -0.04510095 -0.05112894
v 0.01913693 -0.04510095 -0.05112894
v 0.01524532 -0.04982036 -0.04403947
v 0.01291367 -0.05047089 -0.04405233
v 0.01500669 -0.04664848 -0.05115431
v 0.00816495 -0.05143328 -0.04406811
v 0.00816680 -0.05143069 -0.04407319
v 0.01055259 -0.05100805 -0.04406358
v 0.01074663 -0.04780640 -0.05117497
v 0.01119689 -0.04770383 -0.05117282
v 0.01288128 -0.04724184 -0.05116478
v 0.01488557 -0.04669210 -0.05115506
v 0.00287398 -0.05886639 -0.02950273
v 0.00575578 -0.05866079 -0.02949556
v 0.00861765 -0.05830107 -0.02948617
v 0.01145299 -0.05778901 -0.02947460
v 0.01425494 -0.05712640 -0.02946088
v 0.01701690 -0.05631512 -0.02944506
v 0.01395967 -0.06074185 -0.02235483
v 0.02239523 -0.05425343 -0.02940723
v 0.01973231 -0.05535695 -0.02942716
v 0.02499964 -0.05300618 -0.02938528
v 0.02753971 -0.05161684 -0.02936135
v 0.03000924 -0.05008728 -0.02933548
v 0.03240049 -0.04842157 -0.02930775
v 0.03000936 -0.05008728 -0.02933548
v 0.03470403 -0.04662545 -0.02927824
v 0.03113380 -0.05308763 -0.02221471
v 0.03691081 -0.04470461 -0.02924705
v 0.03901113 -0.04266490 -0.02921428
v 0.04286261 -0.03825685 -0.02914447
v 0.05388120 -0.01183740 -0.02874351
v 0.05430007 -0.00606720 -0.02865881
v 0.05416762 -0.00896046 -0.02870117
v 0.05248285 -0.00547992 -0.03599607
v 0.04908345 0.00008200 -0.05042313
v 0.03830910 -0.03917794 -0.03650767
v 0.03441874 -0.04288078 -0.03656726
v 0.03233897 -0.04457382 -0.03659495
v 0.03017918 -0.04615476 -0.03662112
v 0.02794679 -0.04761880 -0.03664568
v 0.02564836 -0.04896229 -0.03666859
v 0.02328913 -0.05018321 -0.03668980
v 0.02087425 -0.05127969 -0.03670928
v 0.02087419 -0.05127969 -0.03670928
v 0.01840905 -0.05224983 -0.03672699
v 0.01589887 -0.05309206 -0.03674290
v 0.01334912 -0.05380468 -0.03675697
v 0.01076566 -0.05438598 -0.03676919
v 0.00815419 -0.05483443 -0.03677950
v 0.00287500 -0.05886514 -0.02950521
v 0.00551994 -0.05514922 -0.03678660
v 0.00552042 -0.05514850 -0.03678802
v -0.05302674 -0.01153290 -0.02889645
v -0.05111328 -0.01179814 -0.03623691
v -0.04968216 -0.01738195 -0.03631620
v 0.00260926 -0.05531676 -0.03679326
v 0.00287488 -0.05886514 -0.02950521
v -0.04203509 0.03250520 -0.03924786
v -0.04384289 0.03254715 -0.03558015
v -0.04324862 0.03381402 -0.03556083
v -0.04334566 0.03005084 -0.03928553
v -0.04499472 0.02998705 -0.03561913
v -0.04384283 0.03254715 -0.03558015
v -0.04488170 0.03951428 -0.02814076
v -0.04551392 0.03816791 -0.02816130
v -0.04158935 0.02782271 -0.04665494
v -0.04059299 0.02727394 -0.05015482
v -0.04171170 0.02553914 -0.05018172
v -0.04297642 -0.02332696 -0.05089542
v -0.04542528 -0.02309071 -0.04373272
v -0.04654954 -0.02042138 -0.04369545
v -0.03055576 -0.03817288 -0.05109490
v -0.03493169 -0.03937735 -0.04395485
v -0.03585098 -0.03837818 -0.04394162
v -0.02887603 -0.03947010 -0.05111125
v -0.02846139 -0.03976083 -0.05111470
v -0.03299651 -0.04128373 -0.04397983
v -0.01131729 -0.04763325 -0.05120489
v -0.00974390 -0.04794485 -0.05120703
v -0.01786035 -0.05442540 -0.03680992
v -0.00068907 -0.04897307 -0.05120824
v 0.00051776 -0.04894524 -0.05120597
v -0.00278840 -0.05215746 -0.04409453
v 0.00312542 -0.04888511 -0.05120131
v 0.00565934 -0.04862802 -0.05119402
v 0.00271120 -0.05199819 -0.04408424
v 0.00693938 -0.04849814 -0.05119039
v 0.00820888 -0.04826748 -0.05118519
v 0.00544620 -0.05176625 -0.04407690
v -0.04658513 0.03541887 -0.02820291
v -0.04702993 0.03402360 -0.02822389
v -0.04745842 0.03263102 -0.02824480
v -0.04829243 0.02985947 -0.02828640
v -0.04909442 0.02709948 -0.02832778
v -0.04986240 0.02434361 -0.02836905
v -0.05059401 0.02158688 -0.02841029
v -0.05128692 0.01882627 -0.02845152
v -0.05128680 0.01882627 -0.02845152
v -0.05193886 0.01605977 -0.02849278
v -0.05400817 0.01553787 -0.02134261
v -0.05311474 0.01050557 -0.02857542
v -0.05395321 0.00496882 -0.02865732
v -0.05243260 -0.00040421 -0.03607278
v -0.05236353 0.00246451 -0.03603088
v -0.05390945 -0.00600291 -0.02881714
v -0.05180653 -0.01707770 -0.02897548
v -0.05113240 -0.01983875 -0.02901474
v -0.05041758 -0.02259351 -0.02905385
v -0.04966398 -0.02534427 -0.02909284
v -0.04887402 -0.02809417 -0.02913177
v -0.04805001 -0.03084781 -0.02917070
v -0.04719389 -0.03361270 -0.02920975
v -0.04675430 -0.03500185 -0.02922936
v -0.04629837 -0.03639352 -0.02924898
v -0.04578389 -0.03777230 -0.02926833
v -0.04520524 -0.03913381 -0.02928733
v -0.04456228 -0.04047519 -0.02930595
v -0.04385511 -0.04179325 -0.02932413
v -0.04385499 -0.04179325 -0.02932413
v -0.04308385 -0.04308480 -0.02934183
v -0.04224899 -0.04434648 -0.02935901
v -0.03598178 -0.05108682 -0.02944815
v -0.03829835 -0.04902226 -0.02942142
v -0.04600073 -0.04707150 -0.02224469
v -0.04039318 -0.04676580 -0.02939158
v -0.03346439 -0.05293119 -0.02947138
v -0.02349535 -0.05278322 -0.03679415
v -0.02619023 -0.05161551 -0.03678104
v -0.02619034 -0.05161551 -0.03678104
v -0.02071138 -0.05372213 -0.03680380
v -0.01786046 -0.05442540 -0.03680992
v -0.01496353 -0.05488968 -0.03681249
v -0.01204134 -0.05514333 -0.03681195
v -0.01204146 -0.05514333 -0.03681195
v -0.00617678 -0.05541580 -0.03680743
v -0.00617666 -0.05541580 -0.03680743
v -0.00333704 -0.05883617 -0.02951379
v 0.01060184 -0.04783270 -0.05117556
v 0.00236297 -0.04890270 -0.05120267
v -0.00449819 -0.04876405 -0.05121089
v -0.00464101 -0.04874610 -0.05121084
v -0.00593843 -0.04858315 -0.05121046
v -0.00721086 -0.04842333 -0.05121009
v -0.00753134 -0.04838307 -0.05120997
v -0.01224501 -0.04737246 -0.05120249
v -0.01406507 -0.04686090 -0.05119809
v -0.01471119 -0.04667931 -0.05119644
v -0.02408446 -0.04752791 -0.04405791
v -0.01858616 -0.04528113 -0.05118162
v -0.01712064 -0.04581945 -0.05118734
v -0.01712053 -0.04581945 -0.05118734
v -0.01500353 -0.04659715 -0.05119567
v -0.02647239 -0.04619193 -0.04404191
v -0.02179229 -0.04381078 -0.05116406
v -0.01949447 -0.04486459 -0.05117663
v -0.01949435 -0.04486459 -0.05117663
v -0.02408872 -0.04256348 -0.05114915
v -0.02312377 -0.04313254 -0.05115605
v -0.02647227 -0.04619193 -0.04404191
v -0.02206016 -0.04368795 -0.05116266
v -0.02182752 -0.04379461 -0.05116388
v -0.02182770 -0.04379461 -0.05116388
v -0.02875967 -0.04469987 -0.04402348
v -0.03093715 -0.04306078 -0.04400275
v -0.02631957 -0.04124778 -0.05113321
v -0.02644796 -0.04117200 -0.05113229
v -0.03260198 -0.03647595 -0.05107313
v -0.03252869 -0.03654667 -0.05107406
v -0.03585086 -0.03837818 -0.04394162
v -0.03157873 -0.03732966 -0.05108409
v -0.03840972 -0.03520712 -0.04389912
v -0.03356737 -0.03554478 -0.05106067
v -0.03759041 -0.03629228 -0.04391375
v -0.03673730 -0.03734953 -0.04392792
v -0.04235420 -0.03580032 -0.03657399
v -0.03919702 -0.03409510 -0.04388406
v -0.03840984 -0.03520712 -0.04389912
v -0.03550674 -0.03365056 -0.05103557
v -0.03527939 -0.03389354 -0.05103890
v -0.03514709 -0.03402116 -0.05104057
v -0.03453964 -0.03460704 -0.05104835
v -0.03609918 -0.03301739 -0.05102691
v -0.03815907 -0.03279671 -0.04753335
v -0.03642575 -0.03263019 -0.05102168
v -0.03980539 -0.03056650 -0.04750323
v -0.03822145 -0.03050070 -0.05099253
v -0.04136567 -0.02822310 -0.04747134
v -0.03990686 -0.02822657 -0.05096183
v -0.03858701 -0.03006720 -0.05098657
v -0.04419451 -0.02568502 -0.04376874
v -0.04279365 -0.02369018 -0.05090050
v -0.04419445 -0.02568502 -0.04376874
v -0.04149691 -0.02583395 -0.05092957
v -0.04286727 -0.02819731 -0.04380343
v -0.04081817 -0.02695563 -0.05094487
v -0.04037948 -0.02756754 -0.05095315
v -0.04755778 -0.01768619 -0.04365705
v -0.04545342 -0.01797109 -0.05081929
v -0.04499482 -0.01917808 -0.05083699
v -0.04451109 -0.02027630 -0.05085289
v -0.04447835 -0.02034139 -0.05085379
v -0.04429870 -0.02069841 -0.05085879
v -0.04844309 -0.01489615 -0.04361768
v -0.04648054 -0.01517847 -0.05077942
v -0.04636572 -0.01557080 -0.05078456
v -0.04726074 -0.01251242 -0.05074409
v -0.04919976 -0.01206340 -0.04357749
v -0.04919988 -0.01206340 -0.04357749
v -0.04731772 -0.01231799 -0.05074146
v -0.05167853 -0.00897374 -0.03619657
v -0.05208882 -0.00613098 -0.03615574
v -0.04845487 -0.00637926 -0.05065507
v -0.04822423 -0.00816098 -0.05068177
v -0.05167865 -0.00897374 -0.03619657
v -0.04796587 -0.00939313 -0.05069965
v -0.04796599 -0.00939313 -0.05069965
v -0.04744112 -0.01189613 -0.05073585
v -0.05234050 -0.00327220 -0.03611444
v -0.04871761 -0.00433337 -0.05062445
v -0.04871466 -0.00437133 -0.05062500
v -0.04891122 -0.00017907 -0.05056568
v -0.04880759 -0.00317488 -0.05060776
v -0.04879785 -0.00329926 -0.05060955
v -0.04877378 0.00368923 -0.05050905
v -0.04880024 0.00294143 -0.05051998
v -0.05174711 0.00817101 -0.03594683
v -0.05120432 0.01099978 -0.03590482
v -0.04929395 0.01149399 -0.04323434
v -0.04740649 0.01197006 -0.05038800
v -0.04760797 0.01124274 -0.05039902
v -0.04803638 0.00904202 -0.05043153
v -0.04833695 0.00749805 -0.05045423
v -0.05213456 0.00532513 -0.03598886
v -0.04850589 0.00602511 -0.05047546
v -0.04874089 0.00397546 -0.05050489
v -0.04769710 0.01712966 -0.04314990
v -0.04561556 0.01764749 -0.05030160
v -0.04659023 0.01491810 -0.05034357
v -0.04547373 0.01804482 -0.05029555
v -0.04671045 0.01987281 -0.04310850
v -0.04460769 0.02000390 -0.05026610
v -0.04560754 0.02255106 -0.04306787
v -0.04391342 0.02157431 -0.05024245
v -0.04444595 0.02036963 -0.05026054
v -0.04444607 0.02036963 -0.05026054
v -0.04439747 0.02515524 -0.04302817
v -0.04209545 0.02494402 -0.05019095
v -0.04314206 0.02300421 -0.05022056
v -0.03845247 0.03021951 -0.05010874
v -0.04002709 0.02815137 -0.05014122
v -0.04015321 0.02795579 -0.05014425
v -0.04015332 0.02795579 -0.05014425
v -0.04004795 0.03017840 -0.04661838
v -0.03771213 0.03119196 -0.05009338
v -0.03841950 0.03242134 -0.04658334
v -0.03693729 0.03210811 -0.05007908
v -0.03668913 0.03237255 -0.05007487
v -0.03574923 0.03337413 -0.05005921
v -0.03946736 0.03360445 -0.04289790
v -0.03539560 0.03375093 -0.05005332
v -0.03868909 0.03472270 -0.04288048
v -0.03615575 0.03791423 -0.04283030
v -0.03286963 0.03622152 -0.05001462
v -0.03703389 0.03687855 -0.04284666
v -0.03703383 0.03687855 -0.04284666
v -0.03386161 0.03531817 -0.05002880
v -0.03787835 0.03581445 -0.04286339
v -0.03429645 0.03492219 -0.05003514
v -0.03868897 0.03472270 -0.04288048
v -0.03481799 0.03436649 -0.05004369
v -0.03430059 0.03989702 -0.04279872
v -0.03086606 0.03796611 -0.04998665
v -0.03524453 0.03892070 -0.04281431
v -0.03146555 0.03750025 -0.04999442
v -0.03188395 0.03711926 -0.05000046
v -0.03286975 0.03622152 -0.05001462
v -0.03332470 0.04084225 -0.04278353
v -0.02918891 0.03926953 -0.04996487
v -0.02982495 0.03877522 -0.04997305
v -0.03127936 0.04263554 -0.04275443
v -0.02845186 0.03984219 -0.04995522
v -0.02878883 0.03958038 -0.04995964
v -0.02911515 0.04429182 -0.04272716
v -0.02526077 0.04194514 -0.04991941
v -0.02663095 0.04104225 -0.04993485
v -0.02663083 0.04104225 -0.04993485
v -0.02845198 0.03984219 -0.04995522
v -0.02683962 0.04580196 -0.04270186
v -0.02422637 0.04255319 -0.04990905
v -0.02444271 0.04242598 -0.04991122
v -0.01985305 0.04473765 -0.04987118
v -0.02080286 0.04433460 -0.04987843
v -0.02446256 0.04715691 -0.04267867
v -0.02212953 0.04364432 -0.04989029
v -0.02216379 0.04362642 -0.04989060
v -0.01749549 0.04573805 -0.04985325
v -0.02660017 0.05101383 -0.03528607
v -0.01727812 0.04583034 -0.04985159
v -0.01727800 0.04583034 -0.04985159
v -0.02391458 0.05220279 -0.03526485
v -0.02113826 0.05316366 -0.03524683
v -0.01443888 0.04678157 -0.04983373
v -0.01507557 0.04656829 -0.04983776
v -0.00995162 0.04797106 -0.04980978
v -0.01013234 0.04792582 -0.04981070
v -0.01829305 0.05388974 -0.03523213
v -0.01262360 0.04730209 -0.04982352
v -0.02113820 0.05316366 -0.03524683
v -0.01365904 0.04704285 -0.04982885
v -0.01539998 0.05437705 -0.03522084
v -0.00877421 0.04820248 -0.04980464
v -0.00495398 0.04875035 -0.04979053
v -0.00503053 0.04873938 -0.04979080
v -0.01247990 0.05465391 -0.03521257
v -0.00632447 0.04855379 -0.04979561
v -0.00632465 0.04855379 -0.04979561
v -0.00759399 0.04837175 -0.04980016
v -0.00759387 0.04837175 -0.04980016
v -0.00113273 0.04899516 -0.04978124
v -0.00661759 0.05497296 -0.03519943
v 0.00229655 0.05183983 -0.04257166
v 0.00268370 0.04894152 -0.04977638
v 0.00197221 0.04895151 -0.04977726
v 0.00503320 0.05162962 -0.04257076
v 0.00648951 0.04859035 -0.04977622
v 0.00527086 0.04870280 -0.04977623
v 0.01021960 0.04794747 -0.04978037
v 0.00782803 0.04839104 -0.04977724
v 0.00782814 0.04839104 -0.04977724
v 0.00503332 0.05162962 -0.04257076
v 0.00767711 0.04841905 -0.04977706
v -0.00380440 0.05820201 -0.02780893
v -0.00678065 0.06130565 -0.02060724
v -0.03388381 0.05205832 -0.02794203
v -0.03388393 0.05205832 -0.02794203
v -0.03638598 0.05019356 -0.02797283
v -0.03868635 0.04811075 -0.02800652
v -0.04076285 0.04583775 -0.02804265
v -0.04259946 0.04340377 -0.02808078
v -0.04418496 0.04083797 -0.02812047
v -0.04342404 0.04213560 -0.02810045
v -0.04710504 0.04468418 -0.02091026
v -0.04608157 0.03680182 -0.02818203
v 0.00544609 -0.05176625 -0.04407690
v 0.00820882 -0.04826748 -0.05118519
v -0.00031295 -0.05541719 -0.03679895
v -0.02958356 -0.03897427 -0.05110517
v -0.03398010 -0.04034617 -0.04396759
v -0.03762269 -0.04281510 -0.03666936
v -0.03566523 -0.04491328 -0.03669710
v -0.03566517 -0.04491328 -0.03669710
v -0.03352901 -0.04686106 -0.03672239
v -0.03122706 -0.04863938 -0.03674497
v -0.02877445 -0.05022956 -0.03676459
v -0.04168712 -0.03703229 -0.03659098
v -0.04097132 -0.03824168 -0.03660756
v -0.04020657 -0.03942669 -0.03662372
v -0.03939334 -0.04058530 -0.03663943
v -0.03853188 -0.04171548 -0.03665465
v -0.04587064 -0.02814574 -0.03646754
v -0.04310315 -0.03067902 -0.04017016
v -0.04475213 -0.03073529 -0.03650365
v -0.04475225 -0.03073529 -0.03650365
v -0.04177302 -0.03312311 -0.04020385
v -0.04357994 -0.03328630 -0.03653913
v -0.04358000 -0.03328631 -0.03653913
v -0.04297563 -0.03454848 -0.03655665
v -0.03996605 -0.03295991 -0.04386863
v -0.04145424 -0.03062276 -0.04383673
v -0.04136555 -0.02822310 -0.04747134
v -0.04884100 -0.02013006 -0.03635503
v -0.04884088 -0.02013006 -0.03635503
v -0.04792143 -0.02284211 -0.03639322
v -0.04692931 -0.02551464 -0.03643073
v -0.04609241 0.02738877 -0.03565858
v -0.04309039 0.02767807 -0.04298951
v -0.04309033 0.02767807 -0.04298951
v -0.04712984 0.02474943 -0.03569855
v -0.04713002 0.02474943 -0.03569855
v -0.04439753 0.02515524 -0.04302817
v -0.04810065 0.02206898 -0.03573902
v -0.04810077 0.02206898 -0.03573902
v -0.04899865 0.01934954 -0.03577995
v -0.04981801 0.01659471 -0.03582128
v -0.04856034 0.01433276 -0.04319191
v -0.04735249 0.01216531 -0.05038508
v -0.04022730 0.03246327 -0.04291563
v -0.04169678 0.03011462 -0.04295198
v -0.04263708 0.03507078 -0.03554163
v -0.04263720 0.03507078 -0.03554164
v -0.04197999 0.03630813 -0.03552265
v -0.04127387 0.03752322 -0.03550392
v -0.04051872 0.03871426 -0.03548547
v -0.03971477 0.03987933 -0.03546733
v -0.03886225 0.04101631 -0.03544952
v -0.02917325 0.04960762 -0.03531029
v -0.03161277 0.04799776 -0.03533728
v -0.03390075 0.04620129 -0.03536678
v -0.03390063 0.04620129 -0.03536678
v -0.03602116 0.04423665 -0.03539848
v -0.03796211 0.04212302 -0.03543209
v 0.00216897 0.05494371 -0.03518713
v -0.00075395 0.05502092 -0.03519024
v -0.00320415 0.05195541 -0.04257794
v 0.00012686 0.04897745 -0.04977956
v -0.04499460 0.02998705 -0.03561913
v -0.05193898 0.01605977 -0.02849278
v -0.04740661 0.01197006 -0.05038800
v -0.04545354 -0.01797109 -0.05081929
v -0.05180647 -0.01707770 -0.02897548
v -0.05113252 -0.01983875 -0.02901474
v -0.04235408 -0.03580032 -0.03657399
v 0.04909947 0.00032605 -0.05837387
v -0.02909993 0.03928712 -0.05791939
v 0.01815515 0.04556817 -0.05775941
v 0.01193893 0.04767444 -0.05773772
v 0.01021362 0.04795526 -0.05773612
v 0.00395125 0.04897460 -0.05773034
v 0.00198450 0.04896679 -0.05773331
v -0.00414144 0.04894247 -0.05774254
v -0.00113261 0.04899516 -0.04978124
v -0.00629570 0.04857422 -0.05775102
v -0.01211836 0.04757890 -0.05777396
v -0.01438944 0.04678925 -0.05778876
v -0.01211848 0.04757890 -0.05777396
v -0.00629582 0.04857421 -0.05775102
v -0.01976223 0.04492108 -0.05782377
v -0.01976211 0.04492108 -0.05782377
v -0.02686411 0.04104152 -0.05789059
v -0.02206428 0.04366352 -0.05784543
v -0.03529477 0.03378595 -0.05800854
v -0.03323061 0.03604603 -0.05797261
v -0.04047085 0.02731817 -0.05811029
v -0.03868773 0.03007089 -0.05806759
v -0.03868785 0.03007089 -0.05806759
v -0.04447973 0.02006961 -0.05822172
v -0.04308700 0.02327909 -0.05817293
v -0.04630834 0.01585587 -0.05828578
v -0.04561568 0.01764749 -0.05030160
v -0.04720667 0.01224850 -0.05833964
v -0.04826362 0.00800374 -0.05840303
v -0.04720655 0.01224850 -0.05833964
v -0.04854008 -0.00420298 -0.05858131
v -0.04857304 0.00407944 -0.05846067
v -0.04857315 0.00407944 -0.05846067
v -0.04889970 -0.00006313 -0.05852151
v -0.04880036 0.00294143 -0.05051998
v -0.04819921 -0.00812469 -0.05863797
v -0.04710827 -0.01236092 -0.05869812
v -0.04710839 -0.01236092 -0.05869812
v -0.04853996 -0.00420297 -0.05858131
v -0.04618128 -0.01596104 -0.05874924
v -0.04431909 -0.02016012 -0.05880773
v -0.04290077 -0.02335844 -0.05885229
v -0.04025244 -0.02737662 -0.05890701
v -0.03502487 -0.03380307 -0.05899308
v -0.03844739 -0.03011509 -0.05894430
v -0.03844751 -0.03011509 -0.05894430
v -0.02878629 -0.03925487 -0.05906349
v -0.03294273 -0.03604669 -0.05902276
v -0.02631945 -0.04124778 -0.05113321
v -0.02846134 -0.03976083 -0.05111470
v -0.01471107 -0.04667931 -0.05119644
v -0.01401635 -0.04663991 -0.05914971
v -0.01940389 -0.04481448 -0.05913092
v -0.01940377 -0.04481448 -0.05913092
v -0.02171591 -0.04357525 -0.05911621
v -0.02653654 -0.04099145 -0.05908554
v -0.01173904 -0.04741150 -0.05915766
v -0.00590874 -0.04836055 -0.05916304
v -0.00590862 -0.04836055 -0.05916304
v -0.01173916 -0.04741150 -0.05915766
v 0.00237445 -0.04868735 -0.05915580
v -0.00068895 -0.04897307 -0.05120824
v -0.00375148 -0.04871168 -0.05916503
v 0.01059523 -0.04761050 -0.05912820
v 0.00434121 -0.04867954 -0.05915284
v 0.01851745 -0.04516040 -0.05908102
v 0.01231825 -0.04731596 -0.05912142
v 0.02591375 -0.04140690 -0.05901561
v 0.01996188 -0.04465815 -0.05907161
v 0.01996200 -0.04465814 -0.05907161
v 0.03257124 -0.03645720 -0.05893384
v 0.02706383 -0.04077859 -0.05900479
v 0.02594391 -0.04159952 -0.05106596
v 0.03829856 -0.03045290 -0.05883804
v 0.03343038 -0.03578310 -0.05892277
v 0.04293086 -0.02356588 -0.05873097
v 0.03888774 -0.02980797 -0.05882779
v 0.04633459 -0.01599344 -0.05861569
v 0.04328665 -0.02301616 -0.05872244
v 0.04650799 -0.01559295 -0.05860960
v 0.04841047 -0.00795259 -0.05849551
v 0.04846363 -0.00774082 -0.05849234
v 0.04839922 0.00838761 -0.05825740
v 0.04834438 0.00859896 -0.05825441
v 0.04638094 0.01622397 -0.05814613
v 0.04620434 0.01662306 -0.05814058
v 0.04274025 0.02416824 -0.05803564
v 0.04310042 0.02362136 -0.05804309
v 0.03864741 0.03037801 -0.05795108
v 0.03805309 0.03101825 -0.05794261
v 0.03314250 0.03630961 -0.05787262
v 0.02673625 0.04125438 -0.05780984
v 0.03227801 0.03697687 -0.05786414
v 0.01960366 0.04507741 -0.05776446
v 0.02558120 0.04187353 -0.05780249
v 0.01960354 0.04507741 -0.05776446
v 0.02651540 0.04127342 -0.04985747
v 0.05037630 -0.01521596 -0.17065555
v 0.04689733 -0.02323193 -0.17077740
v 0.04214761 -0.03056606 -0.17089115
v -0.04971449 -0.01561345 -0.17080633
v -0.05189353 -0.00715135 -0.17068617
v -0.05265005 0.00155393 -0.17056042
v 0.04669623 0.02712965 -0.17004380
v -0.04617216 -0.02360153 -0.17091760
v 0.05023910 0.01914158 -0.17015506
v 0.05241796 0.01067947 -0.17027523
v 0.05317478 0.00197419 -0.17040099
v 0.05248751 -0.00673683 -0.17052892
v -0.02850118 -0.04264256 -0.17116949
v 0.03625411 -0.03701833 -0.17099372
v -0.05196308 0.01026495 -0.17043248
v -0.04985169 0.01874409 -0.17030586
v -0.02885492 0.04594082 -0.16987912
v -0.02118593 0.05013017 -0.16980696
v -0.01293184 0.05300021 -0.16975318
v 0.04188808 0.03442583 -0.16994444
v 0.03594324 0.04083108 -0.16985971
v 0.02902556 0.04617068 -0.16979192
v -0.04136329 -0.03089771 -0.17101696
v -0.03541887 -0.03730296 -0.17110169
v 0.01304661 0.05310338 -0.16971403
v 0.02132336 0.05029899 -0.16974291
v 0.00442110 0.05450738 -0.16970608
v -0.00431782 0.05447268 -0.16971923
v 0.02937929 -0.04241270 -0.17108229
v 0.02171031 -0.04660204 -0.17115444
v 0.01345621 -0.04947209 -0.17120822
v -0.03572974 0.04054645 -0.16996768
v -0.04162282 0.03409418 -0.17007025
v -0.04637326 0.02676004 -0.17018400
v -0.02079898 -0.04677085 -0.17121848
v -0.01252224 -0.04957526 -0.17124736
v -0.00389673 -0.05097925 -0.17125532
v 0.00484219 -0.05094454 -0.17124216
f 1 2 3
f 3 2 4
f 3 4 5
f 5 4 6
f 2 7 4
f 4 7 8
f 4 8 6
f 6 8 9
f 7 10 8
f 8 10 11
f 8 11 9
f 9 11 12
f 13 14 15
f 16 14 17
f 16 17 18
f 18 17 19
f 14 20 17
f 17 20 21
f 17 21 19
f 19 21 22
f 20 23 21
f 21 23 24
f 21 24 22
f 22 24 25
f 23 26 24
f 24 26 27
f 24 27 25
f 25 27 28
f 26 29 27
f 27 29 30
f 27 30 28
f 28 30 31
f 29 32 30
f 30 32 33
f 30 33 31
f 34 33 35
f 32 36 33
f 33 36 37
f 33 37 35
f 35 37 38
f 36 39 37
f 37 39 40
f 37 40 38
f 38 40 41
f 39 42 40
f 40 42 43
f 40 43 41
f 41 43 44
f 45 46 47
f 43 42 48
f 48 42 49
f 48 49 50
f 44 43 47
f 47 43 48
f 47 48 45
f 45 48 50
f 49 51 50
f 50 51 52
f 50 52 45
f 45 52 53
f 45 54 46
f 46 54 55
f 51 56 52
f 52 56 57
f 52 57 53
f 54 57 58
f 54 59 55
f 56 60 57
f 57 60 61
f 57 61 58
f 59 61 62
f 60 63 61
f 61 63 64
f 61 64 62
f 62 64 65
f 63 1 64
f 64 1 3
f 64 3 65
f 66 3 5
f 67 13 15
f 67 16 68
f 69 16 18
f 69 18 70
f 10 7 71
f 71 7 72
f 1 73 2
f 2 73 72
f 2 72 74
f 60 75 63
f 63 75 73
f 63 73 1
f 51 76 56
f 56 76 75
f 56 75 60
f 42 77 49
f 49 77 76
f 49 76 78
f 42 39 77
f 77 39 79
f 32 80 36
f 36 80 79
f 36 79 39
f 26 81 29
f 29 81 80
f 29 80 32
f 20 82 23
f 23 82 81
f 23 81 26
f 13 83 14
f 14 83 82
f 14 82 20
f 10 84 11
f 11 84 85
f 11 85 12
f 12 85 86
f 84 87 85
f 85 87 88
f 85 88 86
f 89 88 90
f 9 12 86
f 89 90 9
f 9 90 91
f 9 91 6
f 6 91 92
f 6 92 5
f 5 92 93
f 5 93 65
f 66 93 94
f 66 94 62
f 62 94 58
f 95 96 97
f 97 96 35
f 97 35 94
f 98 99 100
f 100 99 35
f 100 35 101
f 101 35 96
f 35 38 94
f 94 38 41
f 94 41 44
f 28 102 25
f 25 102 19
f 25 19 22
f 99 103 35
f 35 103 102
f 35 102 31
f 34 102 28
f 55 59 46
f 46 59 94
f 46 94 47
f 47 94 44
f 70 18 104
f 104 18 19
f 104 19 105
f 105 19 102
f 106 107 108
f 108 107 109
f 108 109 105
f 105 109 104
f 107 67 109
f 109 67 68
f 109 69 104
f 104 69 70
f 13 67 83
f 83 67 110
f 10 71 84
f 84 71 111
f 84 111 87
f 112 113 114
f 115 116 114
f 117 115 118
f 118 115 114
f 118 114 119
f 119 114 113
f 120 112 121
f 121 112 114
f 121 114 122
f 122 114 123
f 124 125 126
f 126 125 127
f 71 72 128
f 128 72 129
f 129 72 130
f 130 72 73
f 130 73 131
f 73 75 131
f 131 75 132
f 75 76 132
f 132 76 133
f 76 77 133
f 133 77 134
f 77 79 134
f 134 79 135
f 79 80 135
f 135 80 136
f 80 81 136
f 136 81 137
f 81 82 137
f 137 82 138
f 138 82 139
f 139 82 83
f 139 83 140
f 83 110 140
f 140 110 141
f 142 143 144
f 87 142 88
f 88 142 144
f 88 144 90
f 90 144 91
f 143 145 144
f 144 145 146
f 144 146 91
f 91 146 92
f 147 106 108
f 148 149 150
f 151 149 152
f 151 152 103
f 103 152 102
f 149 147 152
f 152 147 108
f 152 108 102
f 102 108 105
f 153 154 155
f 155 154 156
f 155 156 157
f 157 156 99
f 157 99 98
f 154 148 156
f 156 148 150
f 156 151 99
f 99 151 103
f 158 100 101
f 159 160 161
f 162 160 163
f 162 163 164
f 96 159 101
f 101 159 161
f 101 162 165
f 158 162 164
f 163 153 164
f 166 153 155
f 166 155 165
f 158 155 157
f 158 157 100
f 100 157 98
f 167 160 168
f 169 160 159
f 169 159 95
f 95 159 96
f 170 171 172
f 172 171 173
f 172 173 94
f 94 173 97
f 171 167 173
f 173 167 168
f 173 169 97
f 97 169 95
f 145 174 146
f 146 174 175
f 146 176 92
f 92 176 93
f 174 170 175
f 176 170 172
f 176 172 93
f 93 172 94
f 106 177 107
f 107 177 110
f 107 110 67
f 142 87 178
f 178 87 111
f 179 111 180
f 180 111 71
f 180 71 128
f 112 120 181
f 181 120 182
f 120 121 182
f 182 121 183
f 121 122 183
f 183 122 184
f 122 123 184
f 184 123 185
f 123 114 185
f 185 114 186
f 114 116 186
f 186 116 187
f 116 115 187
f 187 115 188
f 115 117 188
f 188 117 189
f 117 118 189
f 189 118 190
f 118 119 190
f 190 119 191
f 119 113 191
f 191 113 192
f 113 112 192
f 192 112 181
f 193 194 195
f 195 194 196
f 197 198 199
f 199 198 200
f 198 201 200
f 200 201 202
f 201 203 202
f 202 203 204
f 203 205 204
f 204 205 206
f 205 207 206
f 206 207 208
f 209 126 210
f 210 126 127
f 210 127 211
f 211 127 125
f 211 125 212
f 212 125 124
f 212 124 209
f 209 124 126
f 207 213 208
f 214 213 215
f 213 216 215
f 215 216 217
f 216 218 217
f 219 218 220
f 218 221 220
f 220 221 222
f 221 223 222
f 222 223 224
f 223 225 224
f 224 225 226
f 225 193 226
f 226 193 195
f 227 228 229
f 227 229 230
f 230 229 231
f 230 231 232
f 233 227 234
f 234 227 235
f 234 235 236
f 237 238 232
f 232 238 239
f 232 239 230
f 230 239 240
f 241 235 242
f 243 235 244
f 243 227 245
f 245 227 230
f 246 247 248
f 248 247 239
f 248 239 249
f 249 239 238
f 250 197 251
f 251 197 199
f 128 129 252
f 252 129 253
f 252 253 254
f 254 253 255
f 129 130 253
f 253 130 256
f 253 256 255
f 255 256 257
f 130 131 256
f 256 131 258
f 256 258 257
f 257 258 259
f 131 132 258
f 258 132 260
f 258 260 259
f 260 132 261
f 262 132 133
f 262 133 263
f 263 133 134
f 263 134 264
f 265 134 135
f 265 135 266
f 266 135 136
f 266 136 267
f 267 136 137
f 268 267 269
f 269 267 137
f 269 137 138
f 138 139 269
f 269 139 270
f 269 271 268
f 268 271 272
f 139 140 270
f 271 140 273
f 271 273 272
f 272 273 274
f 140 141 273
f 273 141 275
f 273 275 274
f 274 275 276
f 277 278 279
f 279 278 280
f 279 280 281
f 281 280 282
f 283 284 285
f 285 284 286
f 285 286 287
f 287 286 288
f 141 110 289
f 289 110 177
f 289 177 290
f 143 142 291
f 292 147 149
f 171 170 291
f 170 174 291
f 291 174 145
f 291 145 143
f 149 148 292
f 292 148 154
f 292 154 153
f 153 163 292
f 292 163 160
f 292 160 291
f 291 160 167
f 291 167 171
f 106 147 177
f 177 147 293
f 291 142 294
f 294 142 178
f 179 295 111
f 111 295 178
f 295 296 297
f 179 298 295
f 295 298 299
f 295 299 296
f 298 179 180
f 300 301 302
f 302 301 299
f 302 299 298
f 298 180 302
f 302 180 128
f 302 128 252
f 303 300 304
f 304 300 302
f 304 302 305
f 305 302 252
f 305 252 254
f 196 306 195
f 195 306 307
f 195 307 308
f 306 196 309
f 310 311 312
f 309 196 313
f 313 196 194
f 313 194 312
f 314 194 310
f 315 316 317
f 317 316 197
f 317 197 250
f 318 311 310
f 223 318 225
f 225 318 310
f 225 310 193
f 193 310 194
f 190 191 213
f 213 191 216
f 216 191 192
f 216 192 218
f 218 192 221
f 221 192 181
f 221 181 223
f 223 181 182
f 223 182 318
f 182 183 318
f 318 183 184
f 318 184 316
f 213 207 190
f 190 207 205
f 190 205 189
f 205 203 189
f 189 203 201
f 189 201 188
f 188 201 198
f 188 198 187
f 187 198 197
f 187 197 186
f 186 197 316
f 186 316 185
f 185 316 184
f 317 319 315
f 319 317 320
f 320 317 250
f 320 250 321
f 321 250 251
f 322 199 323
f 323 199 200
f 323 200 324
f 324 200 202
f 324 202 325
f 325 202 204
f 325 204 326
f 326 204 206
f 326 206 327
f 328 206 208
f 212 215 329
f 215 212 208
f 214 212 209
f 214 209 327
f 328 209 210
f 328 210 329
f 329 210 211
f 329 211 212
f 329 215 330
f 331 215 217
f 331 219 332
f 332 219 220
f 332 220 333
f 333 220 222
f 333 222 334
f 334 222 224
f 334 224 335
f 335 224 226
f 336 335 337
f 337 335 226
f 337 226 308
f 308 226 195
f 235 338 236
f 236 338 339
f 236 339 234
f 234 339 340
f 234 340 233
f 233 340 341
f 233 342 244
f 227 342 343
f 227 343 228
f 228 343 344
f 228 344 229
f 229 344 345
f 229 345 231
f 231 345 346
f 231 346 232
f 232 346 347
f 232 347 237
f 237 347 348
f 237 348 238
f 238 348 349
f 238 349 249
f 249 349 350
f 249 350 248
f 248 350 351
f 248 351 246
f 246 351 352
f 246 352 247
f 247 352 353
f 247 353 239
f 239 353 354
f 239 354 240
f 240 354 355
f 240 355 230
f 230 355 356
f 230 356 245
f 245 356 357
f 245 358 242
f 243 358 359
f 243 359 241
f 241 359 360
f 241 360 235
f 235 360 338
f 321 251 361
f 361 251 362
f 251 199 362
f 362 199 322
f 362 322 363
f 364 322 365
f 366 364 367
f 367 364 365
f 368 369 370
f 371 369 372
f 141 289 275
f 275 289 370
f 368 371 373
f 373 371 289
f 373 289 290
f 276 275 374
f 374 275 370
f 374 371 375
f 375 371 372
f 375 372 376
f 377 378 379
f 369 368 380
f 377 368 373
f 377 373 290
f 381 382 383
f 383 382 384
f 385 381 386
f 386 381 383
f 385 386 387
f 388 386 389
f 390 391 387
f 388 391 392
f 391 393 392
f 392 393 394
f 393 395 394
f 394 395 396
f 397 398 399
f 397 399 400
f 400 399 401
f 400 401 402
f 402 401 403
f 402 403 404
f 404 403 405
f 404 405 406
f 406 405 407
f 406 407 408
f 408 407 409
f 408 409 410
f 410 409 411
f 410 411 412
f 412 411 396
f 412 396 395
f 397 413 398
f 398 413 414
f 413 415 414
f 414 415 416
f 415 417 416
f 416 417 418
f 417 419 418
f 418 419 420
f 419 421 420
f 420 421 422
f 423 424 254
f 254 424 425
f 303 304 425
f 425 304 305
f 425 305 254
f 254 255 423
f 423 255 426
f 259 427 257
f 257 427 426
f 257 426 255
f 259 260 427
f 427 260 428
f 260 262 428
f 428 262 429
f 262 263 429
f 430 263 431
f 263 265 431
f 431 265 432
f 265 266 432
f 433 266 434
f 266 267 434
f 434 267 435
f 267 268 435
f 435 268 436
f 274 437 272
f 272 437 436
f 272 436 268
f 274 276 437
f 437 276 438
f 439 440 438
f 376 439 375
f 375 439 438
f 375 438 374
f 374 438 276
f 440 439 441
f 441 439 442
f 443 444 278
f 278 444 280
f 445 443 277
f 277 443 278
f 446 445 279
f 279 445 277
f 447 446 281
f 281 446 279
f 448 447 282
f 282 447 281
f 444 448 280
f 280 448 282
f 449 450 285
f 285 450 283
f 451 449 287
f 287 449 285
f 452 451 288
f 288 451 287
f 453 452 286
f 286 452 288
f 454 453 284
f 284 453 286
f 450 454 283
f 283 454 284
f 292 291 455
f 455 291 294
f 377 456 378
f 177 293 290
f 290 293 380
f 147 292 293
f 293 292 455
f 457 458 459
f 459 458 460
f 461 462 463
f 463 462 464
f 465 466 467
f 467 466 463
f 467 463 468
f 468 463 464
f 469 458 470
f 470 458 457
f 461 463 471
f 471 463 294
f 471 294 472
f 472 294 178
f 472 178 297
f 297 178 295
f 473 472 297
f 473 297 474
f 474 297 475
f 475 297 296
f 475 296 299
f 303 425 300
f 300 425 475
f 300 475 301
f 301 475 299
f 476 475 424
f 424 475 425
f 421 477 422
f 422 477 478
f 337 479 336
f 336 479 480
f 479 337 308
f 479 308 481
f 481 308 307
f 481 307 482
f 313 483 309
f 309 483 484
f 309 484 306
f 306 484 482
f 306 482 307
f 483 313 485
f 485 313 312
f 485 314 486
f 486 314 311
f 486 311 318
f 316 487 318
f 318 487 486
f 361 488 321
f 321 488 489
f 321 489 320
f 490 491 361
f 361 491 492
f 361 492 488
f 487 316 315
f 487 315 489
f 489 315 319
f 489 319 320
f 493 366 367
f 393 391 338
f 477 421 480
f 480 421 419
f 386 383 389
f 390 383 384
f 390 384 391
f 391 384 494
f 391 494 493
f 334 335 333
f 333 335 336
f 355 354 404
f 404 354 402
f 402 354 353
f 402 353 400
f 400 353 397
f 397 353 352
f 397 352 413
f 413 352 351
f 413 351 350
f 338 360 393
f 393 360 359
f 393 359 395
f 395 359 357
f 395 358 412
f 412 358 356
f 419 417 480
f 480 417 415
f 480 415 336
f 336 415 413
f 336 413 333
f 333 413 350
f 404 406 355
f 355 406 408
f 355 408 356
f 356 408 410
f 356 410 412
f 493 367 391
f 391 367 365
f 391 495 338
f 338 495 322
f 338 322 339
f 339 322 323
f 339 323 340
f 340 323 324
f 340 324 341
f 342 324 325
f 342 325 343
f 343 325 326
f 343 326 344
f 344 326 327
f 344 328 345
f 345 328 329
f 345 329 346
f 346 329 330
f 346 331 347
f 347 331 332
f 347 332 348
f 348 332 333
f 348 333 349
f 349 333 350
f 490 361 366
f 366 361 362
f 366 362 363
f 442 496 441
f 456 497 442
f 442 439 376
f 378 456 379
f 369 456 442
f 369 442 372
f 372 442 376
f 494 384 498
f 498 384 382
f 498 382 499
f 499 382 500
f 414 416 426
f 500 382 496
f 496 382 381
f 496 381 441
f 441 381 385
f 385 388 441
f 441 388 392
f 441 392 501
f 440 392 394
f 422 478 476
f 436 437 438
f 422 476 420
f 423 426 424
f 424 426 416
f 424 416 476
f 476 416 418
f 476 418 420
f 430 431 396
f 396 431 432
f 407 405 409
f 409 405 403
f 409 403 411
f 411 403 401
f 411 401 396
f 396 401 399
f 396 399 429
f 430 399 398
f 430 398 428
f 428 398 414
f 428 414 427
f 427 414 426
f 438 440 436
f 436 440 394
f 436 394 435
f 435 394 396
f 435 396 434
f 434 396 432
f 502 503 504
f 504 503 505
f 504 505 506
f 466 507 460
f 451 452 455
f 506 508 509
f 509 508 510
f 509 510 511
f 455 452 505
f 505 452 453
f 505 453 506
f 512 458 513
f 466 458 448
f 466 448 463
f 463 448 444
f 463 444 294
f 294 444 443
f 294 443 445
f 453 454 506
f 506 454 450
f 506 450 508
f 508 450 449
f 449 451 508
f 508 451 455
f 508 455 514
f 515 455 294
f 515 294 516
f 516 294 445
f 516 445 469
f 469 445 446
f 469 446 458
f 458 446 447
f 458 447 448
f 377 293 517
f 456 293 455
f 503 518 505
f 505 518 519
f 505 520 455
f 455 520 521
f 455 497 517
f 511 510 522
f 522 510 523
f 522 523 524
f 508 525 510
f 510 525 523
f 526 527 528
f 529 525 508
f 530 529 528
f 528 529 508
f 528 508 526
f 526 508 514
f 531 532 533
f 534 535 536
f 537 534 538
f 538 534 536
f 538 536 527
f 527 536 528
f 535 531 536
f 536 531 533
f 536 533 528
f 528 533 530
f 539 467 468
f 526 515 516
f 538 527 457
f 457 527 526
f 457 526 470
f 470 526 516
f 470 516 469
f 466 465 507
f 507 465 467
f 507 467 460
f 512 467 539
f 512 539 459
f 540 541 542
f 542 541 539
f 542 539 543
f 544 539 468
f 544 468 464
f 541 537 539
f 539 537 538
f 539 538 459
f 459 538 457
f 462 461 545
f 545 461 471
f 546 547 548
f 548 547 549
f 548 549 545
f 545 549 550
f 545 550 551
f 464 462 543
f 544 462 545
f 544 545 542
f 542 545 551
f 542 551 540
f 475 548 474
f 474 548 545
f 474 545 473
f 473 545 471
f 473 471 472
f 475 476 548
f 548 476 478
f 480 479 477
f 477 479 552
f 546 548 553
f 553 548 478
f 553 478 554
f 554 478 477
f 554 477 555
f 555 477 552
f 556 555 552
f 557 558 559
f 560 558 561
f 560 561 482
f 482 561 481
f 558 556 561
f 561 556 552
f 561 552 481
f 481 552 479
f 562 563 564
f 565 562 566
f 566 562 564
f 566 564 483
f 483 564 484
f 563 557 564
f 564 557 559
f 564 560 484
f 484 560 482
f 567 568 569
f 570 567 571
f 571 567 569
f 571 569 486
f 486 569 485
f 568 565 569
f 569 565 566
f 569 566 485
f 485 566 483
f 487 572 486
f 486 572 573
f 486 573 571
f 571 573 574
f 571 574 570
f 575 576 577
f 577 576 578
f 577 578 579
f 579 578 580
f 581 489 582
f 582 489 488
f 582 488 583
f 584 488 492
f 584 492 491
f 585 586 587
f 588 589 590
f 590 589 585
f 590 585 591
f 591 585 587
f 591 587 592
f 593 575 594
f 594 575 577
f 594 577 595
f 595 577 579
f 490 588 596
f 596 588 590
f 596 590 595
f 595 590 591
f 595 591 594
f 594 591 592
f 594 597 593
f 580 581 579
f 579 581 582
f 579 582 595
f 595 582 583
f 595 584 596
f 596 584 491
f 596 491 490
f 578 576 598
f 489 581 487
f 487 581 580
f 487 580 578
f 578 598 487
f 487 598 599
f 487 600 572
f 498 601 494
f 494 601 602
f 602 586 494
f 494 586 585
f 494 585 493
f 490 366 588
f 588 366 493
f 588 493 589
f 589 493 585
f 603 601 499
f 499 601 498
f 603 499 604
f 605 499 500
f 442 497 496
f 496 497 519
f 496 520 500
f 500 520 606
f 500 606 604
f 605 606 607
f 605 607 608
f 609 608 607
f 509 511 610
f 610 511 611
f 612 511 522
f 612 522 524
f 606 520 518
f 506 509 504
f 504 509 610
f 504 610 502
f 502 610 606
f 502 606 503
f 503 606 518
f 613 614 615
f 609 607 616
f 616 607 606
f 616 606 617
f 617 606 610
f 617 610 615
f 615 610 611
f 615 612 613
f 525 529 523
f 523 529 618
f 524 523 611
f 612 523 618
f 612 618 613
f 613 618 619
f 613 619 614
f 618 529 620
f 620 529 530
f 620 530 621
f 621 530 533
f 621 533 532
f 621 532 622
f 622 532 531
f 549 623 550
f 550 623 624
f 550 624 551
f 537 625 534
f 534 625 626
f 534 626 627
f 535 626 628
f 535 628 531
f 551 624 540
f 540 624 629
f 540 629 541
f 541 629 630
f 541 630 537
f 537 630 631
f 537 631 625
f 549 547 632
f 632 547 546
f 632 546 553
f 633 553 634
f 634 553 554
f 634 554 635
f 635 554 636
f 554 555 637
f 637 555 556
f 638 557 639
f 639 557 563
f 640 565 641
f 641 565 642
f 641 568 567
f 638 643 557
f 557 643 644
f 557 644 558
f 558 644 645
f 558 645 556
f 556 645 646
f 640 647 565
f 565 647 639
f 565 639 562
f 562 639 563
f 567 570 648
f 648 570 574
f 600 649 572
f 572 649 650
f 572 650 573
f 574 573 651
f 651 573 652
f 576 575 653
f 653 654 576
f 576 654 655
f 576 655 598
f 598 655 656
f 598 656 599
f 600 656 657
f 587 658 592
f 597 658 653
f 597 653 593
f 593 653 575
f 587 586 659
f 659 586 602
f 660 602 661
f 661 602 601
f 662 603 663
f 663 603 604
f 663 605 664
f 662 665 603
f 603 665 666
f 603 666 601
f 601 666 667
f 601 667 661
f 605 608 668
f 668 608 609
f 668 609 616
f 614 619 669
f 670 671 616
f 669 672 614
f 614 672 673
f 614 673 615
f 615 673 670
f 615 670 617
f 617 670 616
f 621 674 620
f 620 674 675
f 620 676 618
f 618 676 677
f 618 677 619
f 678 679 624
f 625 631 680
f 681 675 674
f 682 681 683
f 683 681 674
f 683 674 684
f 685 674 621
f 685 621 686
f 686 621 687
f 687 621 622
f 687 622 688
f 689 690 628
f 628 690 691
f 628 691 692
f 531 693 622
f 622 693 694
f 622 694 688
f 692 695 628
f 628 695 696
f 628 696 531
f 531 696 697
f 531 697 693
f 689 628 698
f 698 628 626
f 698 626 699
f 680 700 625
f 625 700 701
f 625 701 626
f 626 701 702
f 626 703 699
f 704 705 631
f 631 705 706
f 631 706 680
f 707 708 630
f 630 708 709
f 630 709 631
f 631 709 710
f 631 710 704
f 629 711 712
f 629 712 630
f 630 712 713
f 630 713 707
f 714 715 629
f 629 715 716
f 629 716 711
f 679 717 624
f 624 717 718
f 624 718 629
f 629 718 719
f 629 719 714
f 678 624 720
f 720 624 623
f 720 623 721
f 553 722 632
f 632 722 723
f 632 723 549
f 549 723 724
f 549 724 623
f 623 724 725
f 623 725 721
f 726 727 728
f 728 727 634
f 729 730 633
f 633 730 731
f 633 731 553
f 553 731 732
f 553 732 722
f 634 727 633
f 633 727 733
f 633 733 729
f 728 634 635
f 726 728 734
f 734 728 635
f 734 635 735
f 735 635 736
f 737 736 635
f 738 739 636
f 636 739 740
f 636 740 635
f 635 740 741
f 635 741 737
f 646 742 556
f 556 742 743
f 556 743 637
f 637 743 744
f 637 744 554
f 554 744 745
f 554 745 636
f 636 745 746
f 636 746 747
f 645 748 646
f 646 748 749
f 646 749 742
f 750 751 645
f 645 751 752
f 645 752 748
f 644 753 754
f 754 755 644
f 644 755 756
f 644 756 645
f 645 756 757
f 645 757 750
f 758 759 643
f 643 759 760
f 643 760 644
f 644 760 761
f 644 761 753
f 762 763 643
f 643 763 764
f 764 765 643
f 643 765 766
f 643 766 758
f 640 767 768
f 640 768 647
f 647 768 769
f 647 769 639
f 769 770 639
f 639 770 771
f 639 771 638
f 638 771 772
f 638 772 643
f 643 772 773
f 643 773 762
f 774 775 641
f 641 775 776
f 641 776 777
f 778 779 641
f 641 779 780
f 641 780 640
f 640 780 781
f 640 781 767
f 782 783 648
f 648 783 784
f 648 784 567
f 784 785 567
f 567 785 786
f 567 787 641
f 641 787 788
f 641 788 774
f 574 651 789
f 651 652 790
f 791 651 792
f 792 651 790
f 792 790 793
f 791 794 574
f 574 794 795
f 574 795 648
f 648 795 796
f 648 796 782
f 797 798 799
f 799 798 800
f 650 799 573
f 573 799 790
f 573 790 652
f 793 790 801
f 802 790 799
f 802 799 803
f 803 799 800
f 804 805 653
f 799 650 649
f 600 806 649
f 649 806 797
f 649 797 799
f 807 808 657
f 657 808 809
f 657 809 599
f 600 809 810
f 600 810 806
f 811 812 656
f 656 812 813
f 656 813 657
f 657 813 814
f 657 814 807
f 815 816 654
f 654 816 817
f 654 818 655
f 818 819 655
f 655 819 820
f 655 820 656
f 656 820 821
f 656 821 811
f 805 822 653
f 653 822 823
f 653 823 654
f 654 823 824
f 654 824 815
f 804 653 825
f 825 653 658
f 825 658 826
f 827 587 828
f 828 587 659
f 828 659 829
f 830 831 658
f 658 831 832
f 658 832 826
f 827 833 587
f 587 833 834
f 587 834 658
f 658 834 835
f 658 835 830
f 661 836 837
f 829 659 838
f 838 659 602
f 838 602 839
f 661 837 840
f 660 837 841
f 660 841 602
f 602 841 842
f 602 842 839
f 843 836 661
f 844 845 667
f 667 845 846
f 847 848 667
f 667 848 661
f 661 848 849
f 661 849 843
f 846 850 667
f 667 850 851
f 667 851 847
f 844 667 852
f 852 667 666
f 852 666 853
f 665 854 666
f 666 854 855
f 855 856 666
f 666 856 857
f 666 857 853
f 858 859 662
f 662 859 860
f 662 860 665
f 665 860 861
f 665 861 854
f 858 662 862
f 862 662 863
f 864 865 663
f 663 865 866
f 663 866 867
f 868 869 663
f 663 869 870
f 663 870 662
f 662 870 871
f 662 871 863
f 872 873 668
f 668 873 604
f 864 663 874
f 875 663 664
f 875 664 876
f 876 664 604
f 876 605 877
f 878 605 873
f 879 616 671
f 880 881 671
f 671 881 882
f 671 882 879
f 879 883 616
f 616 883 884
f 616 884 668
f 668 884 885
f 668 885 872
f 670 886 887
f 887 888 670
f 670 888 889
f 670 889 671
f 671 889 890
f 671 890 880
f 673 891 892
f 892 893 673
f 673 893 894
f 673 894 670
f 670 894 895
f 670 895 886
f 672 896 673
f 673 896 897
f 673 897 891
f 669 898 899
f 900 901 672
f 672 901 902
f 672 902 896
f 899 903 669
f 669 903 904
f 669 904 672
f 672 904 905
f 672 905 900
f 898 669 906
f 906 669 619
f 906 619 907
f 676 908 677
f 677 908 909
f 677 909 619
f 619 909 910
f 619 910 907
f 682 911 681
f 681 911 912
f 681 912 675
f 675 912 620
f 908 676 913
f 913 676 620
f 913 620 914
f 914 620 912
f 915 916 917
f 687 688 918
f 708 707 919
f 920 921 922
f 922 921 923
f 727 726 924
f 727 924 921
f 921 924 925
f 921 925 923
f 731 730 926
f 926 730 729
f 926 729 921
f 921 729 733
f 921 733 727
f 927 722 926
f 926 722 732
f 926 732 731
f 678 720 928
f 928 720 721
f 721 725 928
f 928 725 724
f 928 724 927
f 927 724 723
f 927 723 722
f 929 679 678
f 714 719 930
f 930 719 718
f 930 718 929
f 929 718 717
f 929 717 679
f 716 715 931
f 931 715 714
f 932 712 931
f 931 712 711
f 931 711 716
f 708 919 709
f 933 680 706
f 706 705 933
f 933 705 704
f 933 704 919
f 919 704 710
f 919 710 709
f 680 933 700
f 700 933 934
f 700 934 701
f 701 934 702
f 703 934 935
f 703 935 699
f 695 692 936
f 936 692 691
f 691 690 936
f 936 690 689
f 936 689 935
f 935 689 698
f 935 698 699
f 696 937 697
f 697 937 938
f 697 938 693
f 693 938 694
f 939 683 684
f 682 683 940
f 941 683 942
f 941 939 943
f 944 945 946
f 946 945 947
f 948 949 950
f 915 949 951
f 915 952 916
f 916 952 944
f 953 954 955
f 955 954 956
f 955 956 957
f 957 956 958
f 958 956 959
f 959 956 960
f 959 960 961
f 961 960 962
f 963 960 964
f 963 964 965
f 966 967 968
f 968 967 969
f 968 969 964
f 964 969 970
f 964 970 965
f 932 971 972
f 973 971 974
f 973 974 975
f 931 976 977
f 977 978 931
f 931 978 979
f 931 979 932
f 932 979 980
f 932 981 982
f 714 930 931
f 931 930 983
f 931 983 976
f 984 985 929
f 929 985 986
f 929 986 930
f 930 986 987
f 930 987 983
f 678 928 929
f 929 928 988
f 929 988 984
f 989 990 927
f 927 990 991
f 927 991 928
f 928 991 992
f 928 992 988
f 920 993 921
f 921 993 994
f 921 994 926
f 926 994 995
f 926 995 927
f 927 995 996
f 927 996 989
f 953 948 997
f 954 948 950
f 954 915 998
f 998 915 917
f 998 917 999
f 947 1000 946
f 946 1000 1001
f 946 1001 1002
f 1002 1001 1003
f 1002 1003 942
f 939 1003 1004
f 939 1004 943
f 944 946 916
f 916 946 1002
f 916 1002 917
f 917 1002 942
f 917 939 999
f 1005 939 684
f 1005 685 686
f 688 694 918
f 918 694 938
f 918 938 1006
f 1006 938 937
f 1006 937 1007
f 686 687 999
f 1005 687 918
f 1005 918 998
f 998 918 1006
f 998 1006 997
f 954 1006 1007
f 954 1007 956
f 956 1007 1008
f 956 1008 960
f 960 1008 1009
f 960 1009 964
f 964 1009 1010
f 964 1010 968
f 968 1010 972
f 968 973 966
f 966 973 975
f 696 695 937
f 937 695 936
f 937 936 1007
f 1007 936 935
f 1007 935 1008
f 1008 935 934
f 1008 934 1009
f 1009 934 933
f 1009 933 1010
f 1010 933 919
f 1010 919 972
f 973 919 707
f 973 707 932
f 932 707 713
f 932 713 712
f 1011 1012 1013
f 1014 1015 1016
f 1017 1018 1019
f 1020 1021 1022
f 922 923 1023
f 1023 923 1024
f 1023 1024 1025
f 1021 1026 1022
f 1022 1026 1027
f 1022 1027 1028
f 1028 1027 1029
f 1028 1029 1030
f 1020 1013 1031
f 1031 1013 1012
f 1031 1012 1032
f 1032 1012 1033
f 1033 1012 1034
f 1033 1034 1035
f 1036 1037 1034
f 1034 1037 1038
f 1034 1038 1035
f 1039 1040 1041
f 1041 1042 1039
f 1039 1042 1043
f 1039 1043 1036
f 1044 1045 1046
f 1046 1045 1047
f 1046 1047 1048
f 1044 1049 1045
f 1045 1049 1050
f 1045 1050 1040
f 1040 1050 1051
f 1040 1051 1041
f 1019 1018 1047
f 1047 1018 1052
f 1047 1052 1048
f 1053 1054 1055
f 1055 1054 1056
f 1055 1056 1057
f 1057 1056 1058
f 1057 1058 1019
f 1019 1058 1059
f 1019 1059 1060
f 1061 1062 1053
f 1062 1063 1053
f 1053 1063 1064
f 1053 1065 1054
f 1053 1066 1061
f 1061 1066 1067
f 1061 1068 1069
f 1015 1014 1067
f 1068 1014 1070
f 1068 1070 1069
f 1071 1072 1016
f 1072 1073 1016
f 1074 1073 1075
f 1074 1076 1014
f 1074 1077 1071
f 1071 1077 1078
f 1071 1078 1079
f 1080 1081 1082
f 1082 1081 1083
f 1083 1084 1082
f 1082 1084 1085
f 1082 1085 1078
f 1078 1085 1086
f 1078 1086 1079
f 793 1087 792
f 792 1087 1088
f 1089 794 1088
f 1088 794 789
f 1088 791 792
f 1090 796 1089
f 1089 796 795
f 1089 795 794
f 1091 783 1090
f 1090 783 782
f 1090 782 796
f 788 787 1092
f 1092 787 1093
f 1092 785 1091
f 1091 785 784
f 1091 784 783
f 1094 776 1095
f 1095 776 775
f 1095 775 1092
f 1092 775 774
f 1092 774 788
f 1096 779 1094
f 1094 779 777
f 1094 778 776
f 1097 781 1096
f 1096 781 780
f 1096 780 779
f 1098 768 1097
f 1097 768 767
f 1097 767 781
f 1099 770 1100
f 1098 770 769
f 1098 769 768
f 762 773 1101
f 1101 773 772
f 1101 772 1099
f 1099 772 771
f 1099 771 1102
f 762 1101 763
f 763 1101 1103
f 763 1103 764
f 764 1103 765
f 765 1103 1104
f 765 1104 766
f 766 1104 758
f 758 1104 1105
f 758 1105 759
f 755 754 1105
f 1105 754 753
f 753 761 1105
f 1105 761 760
f 1105 760 759
f 1039 751 750
f 1039 750 1040
f 1040 750 757
f 1040 757 756
f 1036 1034 1039
f 1039 1034 752
f 1039 752 751
f 744 743 1011
f 1011 743 742
f 1011 742 1012
f 1012 742 749
f 1012 749 1034
f 1034 749 748
f 1034 748 752
f 738 746 1106
f 1106 746 745
f 1107 741 1108
f 1108 741 740
f 1108 740 1106
f 1106 740 739
f 1106 739 747
f 735 736 1107
f 1107 736 737
f 1107 737 741
f 726 734 924
f 924 734 1024
f 924 1024 925
f 925 1024 923
f 1020 1022 1013
f 1013 1022 1028
f 1013 1028 1109
f 1109 1028 1030
f 1109 1030 1024
f 1024 1030 1110
f 1024 1110 1025
f 1045 1111 1047
f 1047 1111 1112
f 1047 1112 1019
f 1019 1112 1113
f 1019 1113 1057
f 1057 1113 1114
f 1057 1114 1055
f 1055 1114 1115
f 1055 1115 1053
f 1053 1115 1116
f 1053 1116 1066
f 1066 1116 1117
f 1066 1117 1067
f 1068 1117 1118
f 1068 1119 1015
f 1015 1119 1120
f 1015 1120 1016
f 1074 1120 1121
f 1074 1121 1077
f 1077 1121 1122
f 1077 1122 1078
f 1078 1122 1123
f 1078 1123 1082
f 1082 1123 1124
f 1082 1124 1080
f 734 735 1024
f 1024 735 1107
f 1024 1107 1109
f 1109 1107 1108
f 1109 1108 1013
f 1013 1108 1106
f 1013 1106 1011
f 1011 1106 745
f 1011 745 744
f 1125 1126 1124
f 1124 1126 1127
f 1124 1127 1080
f 1087 1125 1088
f 1088 1125 1124
f 1088 1124 1089
f 1089 1124 1123
f 1089 1123 1090
f 1090 1123 1122
f 1090 1122 1091
f 1091 1122 1121
f 1091 1121 1092
f 1092 1121 1120
f 1092 1120 1095
f 1095 1120 1118
f 1095 1119 1094
f 1094 1119 1117
f 1094 1117 1096
f 1096 1117 1116
f 1096 1116 1097
f 1097 1116 1115
f 1097 1115 1100
f 1098 1115 1114
f 1098 1114 1099
f 1099 1114 1113
f 1099 1113 1101
f 1101 1113 1112
f 1101 1112 1103
f 1103 1112 1111
f 1103 1111 1104
f 1104 1111 1045
f 1104 1045 1105
f 1105 1045 1040
f 1105 1040 755
f 755 1040 756
f 1128 1129 1130
f 1131 1126 1132
f 1133 1134 1135
f 1136 1137 1138
f 872 1139 1140
f 1141 1142 1143
f 1144 1145 1146
f 1147 1148 1149
f 1150 1151 1152
f 1153 1154 1155
f 1156 1157 1158
f 1159 1160 1161
f 1162 1163 1164
f 1165 1166 864
f 864 1166 865
f 1166 1167 865
f 865 1167 1168
f 865 1168 866
f 866 1168 1169
f 866 1169 867
f 868 1169 1170
f 868 1170 869
f 869 1170 870
f 870 1170 1171
f 870 1171 871
f 871 1171 1172
f 871 1173 863
f 1173 1174 863
f 1175 1174 1176
f 1175 1176 862
f 862 1176 858
f 858 1176 1177
f 858 1177 859
f 856 855 1178
f 1178 855 854
f 1178 854 1179
f 1179 854 861
f 1179 861 1177
f 1177 861 860
f 1177 860 859
f 845 844 1128
f 1128 844 852
f 1128 852 1180
f 1180 852 853
f 1180 853 857
f 1181 846 845
f 846 1181 850
f 1181 1182 850
f 850 1182 1183
f 850 1183 851
f 851 1183 1184
f 851 1184 847
f 847 1184 1185
f 847 1185 848
f 848 1185 1186
f 848 1186 849
f 849 1186 1187
f 849 1187 843
f 843 1187 836
f 836 1187 1188
f 836 1188 837
f 837 1188 1189
f 837 1189 841
f 841 1189 1190
f 841 1190 842
f 842 1190 1191
f 842 1191 839
f 839 1191 1192
f 839 1192 838
f 838 1192 829
f 829 1192 1193
f 829 1194 828
f 828 1194 827
f 827 1194 1195
f 827 1195 833
f 833 1195 834
f 834 1195 1196
f 834 1196 835
f 1197 822 1198
f 1198 822 805
f 830 835 1199
f 831 835 1196
f 831 1196 832
f 832 1196 1200
f 832 1200 826
f 826 1200 1198
f 826 1198 825
f 825 1198 805
f 825 805 804
f 823 822 824
f 824 822 1197
f 824 1197 815
f 815 1197 1201
f 815 1201 816
f 816 1201 819
f 816 819 817
f 1202 811 1203
f 1204 811 821
f 812 811 813
f 813 811 1202
f 813 1202 814
f 814 1202 1205
f 814 1205 807
f 807 1205 808
f 808 1205 809
f 809 1205 1155
f 809 1206 810
f 810 1206 1207
f 810 1207 806
f 806 1207 797
f 797 1207 1208
f 797 1209 798
f 798 1209 1210
f 798 1211 800
f 800 1211 803
f 803 1211 1212
f 803 1212 801
f 1083 1081 1213
f 1213 1081 1080
f 1159 1161 1214
f 1156 1158 1215
f 1215 1158 1210
f 1215 1211 1216
f 1216 1211 1208
f 1216 1209 1217
f 1217 1209 1207
f 1217 1207 1218
f 1206 1154 1207
f 1207 1154 1219
f 1207 1219 1218
f 1153 1206 1220
f 1220 1206 1205
f 1220 1205 1221
f 1221 1205 1202
f 1221 1202 1222
f 1223 1224 1203
f 1204 1224 1225
f 1204 1226 1202
f 1202 1226 1227
f 1202 1227 1222
f 1228 1229 1223
f 1223 1229 1230
f 1223 1231 1224
f 1232 1233 1234
f 1233 1235 1234
f 1228 1235 1236
f 1228 1237 1229
f 1228 1238 1232
f 1232 1238 1239
f 1232 1239 1240
f 1152 1151 1239
f 1239 1151 1241
f 1239 1241 1240
f 1242 1243 1149
f 1244 1243 1245
f 1244 1245 1147
f 1246 1247 1248
f 1248 1247 1242
f 1248 1242 1249
f 1249 1242 1149
f 1250 1251 1252
f 1246 1251 1253
f 1246 1253 1254
f 1254 1255 1252
f 1246 1255 1256
f 1246 1256 1247
f 1257 1258 1259
f 1259 1258 1260
f 1259 1260 1261
f 1262 1263 1260
f 1260 1263 1264
f 1260 1264 1261
f 1145 1144 1265
f 1144 1266 1265
f 1267 1266 1268
f 1267 1268 1269
f 1269 1268 1270
f 1269 1270 1271
f 1272 1273 1146
f 1146 1273 1274
f 1146 1274 1275
f 1275 1276 1146
f 1146 1276 1277
f 1146 1277 1144
f 1278 1279 1280
f 1279 1278 1281
f 1281 1278 1282
f 1281 1283 1284
f 1285 1286 1287
f 1287 1288 1289
f 1285 1288 1290
f 1285 1291 1282
f 1283 1291 1292
f 1283 1292 1284
f 1293 1294 1286
f 1286 1294 1295
f 1286 1295 1287
f 1296 1297 1293
f 1293 1297 1298
f 1293 1298 1294
f 1299 1300 1179
f 1179 1300 1296
f 1179 1296 1178
f 1178 1296 1293
f 1178 1293 856
f 856 1293 857
f 1301 1302 1303
f 1304 1305 1303
f 1303 1305 1306
f 1303 1306 1301
f 1301 1306 1307
f 1301 1307 1308
f 1308 1307 1309
f 1308 1309 1310
f 1311 1312 1313
f 1312 1311 1314
f 1314 1311 1315
f 1314 1315 1316
f 1317 1318 1315
f 1315 1318 1319
f 1315 1320 1316
f 1321 1322 1317
f 1317 1322 1323
f 1317 1323 1318
f 1324 1325 1141
f 1141 1325 1326
f 1141 1327 1142
f 1324 1328 1329
f 1329 1328 1330
f 1329 1330 1331
f 1331 1330 1332
f 1333 1334 1335
f 1335 1334 1336
f 1337 1338 1339
f 1340 1338 1341
f 1340 1341 1342
f 1342 1341 1343
f 1342 1343 1336
f 1344 1343 1345
f 1344 1345 1335
f 1346 1347 1348
f 1348 1347 1349
f 1348 1349 1337
f 1337 1349 1350
f 1337 1350 1351
f 1352 1353 1346
f 1346 1353 1354
f 1346 1354 1347
f 1355 1356 1352
f 1352 1356 1357
f 1352 1357 1353
f 1358 1359 1355
f 1355 1359 1360
f 1355 1361 1362
f 1363 1364 1358
f 1358 1364 1365
f 1358 1365 1359
f 1366 1367 1368
f 1368 1367 1369
f 1368 1369 1363
f 1363 1369 1370
f 1363 1370 1364
f 1371 1372 1373
f 1374 1372 1375
f 1376 1377 1375
f 1375 1377 1378
f 1375 1378 1373
f 1379 1380 1381
f 1381 1380 1382
f 1381 1382 1383
f 1376 1382 1384
f 1376 1384 1377
f 1385 1386 1379
f 1387 1388 1389
f 1389 1388 1390
f 1389 1391 1385
f 1385 1391 1392
f 1385 1393 1386
f 1394 1387 1395
f 1396 1397 1398
f 1399 1400 1396
f 1396 1400 1401
f 1396 1401 1397
f 947 1402 1000
f 1000 1402 1403
f 1000 1404 1405
f 1399 1404 1406
f 1399 1406 1400
f 941 1407 682
f 682 1407 1408
f 1387 1389 1395
f 1395 1389 914
f 1395 914 1407
f 1407 914 912
f 1407 912 1408
f 910 909 1385
f 1385 909 908
f 1385 908 1389
f 1389 908 913
f 1389 913 914
f 1379 1381 1385
f 1385 1381 907
f 1385 907 910
f 903 899 1383
f 1376 899 898
f 1376 898 1381
f 1381 898 906
f 1381 906 907
f 903 1376 904
f 904 1376 1375
f 904 1375 905
f 905 1375 900
f 900 1375 1372
f 900 1372 901
f 897 896 891
f 891 896 1409
f 891 1410 892
f 892 1410 893
f 893 1410 1411
f 893 1411 894
f 894 1411 895
f 895 1411 1412
f 895 1412 886
f 890 889 1413
f 1413 889 888
f 1413 888 1412
f 1412 888 887
f 1412 887 886
f 1414 880 890
f 1415 879 1416
f 1416 879 882
f 1416 882 1414
f 1414 882 1417
f 1414 881 880
f 872 885 1139
f 1139 885 884
f 1139 884 1415
f 1415 884 883
f 1415 883 879
f 864 875 1165
f 1165 875 876
f 1165 876 1418
f 1418 876 877
f 1418 878 1140
f 1140 878 873
f 1140 873 872
f 1126 1131 1127
f 1127 1131 1164
f 1127 1419 1080
f 1080 1419 1420
f 1080 1163 1213
f 1157 1214 1158
f 1158 1214 1161
f 1158 1161 1210
f 1211 1161 1421
f 1211 1421 1212
f 1422 1150 1423
f 1423 1150 1152
f 1423 1152 1424
f 1424 1152 1239
f 1424 1239 1425
f 1426 1239 1238
f 1426 1238 1427
f 1427 1238 1234
f 1427 1228 1428
f 1428 1228 1223
f 1428 1223 1429
f 1429 1223 1203
f 1250 1246 1430
f 1430 1246 1248
f 1430 1248 1431
f 1431 1248 1249
f 1431 1249 1432
f 1432 1249 1149
f 1432 1244 1433
f 1433 1244 1148
f 1433 1148 1434
f 1435 1436 1437
f 1438 1436 1439
f 1438 1439 1440
f 1441 1439 1442
f 1250 1442 1251
f 1251 1442 1439
f 1251 1439 1443
f 1443 1439 1436
f 1258 1444 1260
f 1260 1444 1269
f 1260 1269 1445
f 1262 1269 1271
f 1262 1271 1263
f 1130 1272 1446
f 1447 1272 1146
f 1447 1146 1448
f 1448 1146 1145
f 1448 1145 1449
f 1449 1145 1265
f 1449 1267 1435
f 1435 1267 1269
f 1435 1269 1436
f 1436 1269 1444
f 1436 1444 1443
f 1443 1444 1258
f 1443 1258 1251
f 1251 1258 1257
f 1251 1257 1253
f 1137 1136 1450
f 1450 1136 1451
f 1450 1452 1453
f 1454 1452 1455
f 1454 1321 1456
f 1457 1321 1317
f 1457 1317 1458
f 1458 1317 1315
f 1458 1315 1459
f 1459 1315 1311
f 1459 1311 1460
f 1460 1311 1313
f 1460 1313 1461
f 1333 1332 1334
f 1334 1332 1330
f 1334 1330 1462
f 1462 1330 1328
f 1134 1133 1136
f 1136 1133 1463
f 1136 1463 1451
f 1452 1463 1141
f 1452 1141 1455
f 1321 1141 1143
f 1321 1143 1322
f 1324 1141 1328
f 1328 1141 1463
f 1328 1463 1462
f 1462 1463 1133
f 1462 1133 1334
f 1334 1133 1135
f 1334 1135 1336
f 1344 1135 1464
f 1344 1465 1342
f 1342 1465 1466
f 1342 1466 1339
f 1340 1466 1467
f 1340 1467 1337
f 1337 1467 1468
f 1337 1468 1348
f 1348 1468 1469
f 1348 1469 1346
f 1346 1469 1470
f 1346 1470 1352
f 1371 1366 1372
f 1372 1366 1368
f 1372 1368 1471
f 1471 1368 1363
f 1471 1363 1472
f 1472 1363 1358
f 1472 1358 1473
f 1474 1358 1355
f 1474 1355 1475
f 1475 1355 1352
f 1475 1352 1476
f 1476 1352 1470
f 1477 1399 1478
f 1478 1399 1396
f 1478 1396 1479
f 1479 1396 1398
f 1479 1398 1480
f 1174 1302 1176
f 1176 1302 1301
f 1176 1301 1177
f 1177 1301 1308
f 1177 1308 1179
f 1179 1308 1310
f 1179 1310 1299
f 1476 1413 1475
f 1475 1413 1412
f 1475 1412 1473
f 1474 1412 1411
f 1474 1411 1472
f 1472 1411 1409
f 1472 1410 1471
f 1471 1410 896
f 1471 896 1372
f 1372 896 902
f 1372 902 901
f 890 1413 1414
f 1414 1413 1476
f 1414 1476 1416
f 1416 1476 1470
f 1416 1470 1415
f 1415 1470 1469
f 1415 1469 1139
f 1139 1469 1468
f 1139 1468 1140
f 1140 1468 1467
f 1140 1467 1418
f 1418 1467 1466
f 1418 1466 1165
f 1165 1466 1464
f 1165 1465 1166
f 1166 1465 1135
f 1166 1135 1167
f 1167 1135 1138
f 1167 1134 1168
f 1168 1134 1481
f 1168 1137 1169
f 1169 1137 1450
f 1169 1450 1170
f 1170 1450 1453
f 1170 1454 1171
f 1171 1454 1456
f 1171 1457 1172
f 1173 1457 1458
f 1173 1458 1482
f 1174 1458 1459
f 1174 1459 1302
f 1302 1459 1460
f 1302 1460 1303
f 1303 1460 1461
f 1303 1461 1483
f 793 802 1087
f 1087 802 1212
f 1087 1212 1132
f 1125 1212 1421
f 1125 1421 1131
f 1131 1421 1161
f 1131 1161 1164
f 1419 1161 1160
f 1419 1160 1162
f 857 1293 1180
f 1180 1293 1286
f 1180 1286 1128
f 1128 1286 1289
f 1128 1285 1129
f 1129 1285 1282
f 1129 1283 1130
f 1130 1283 1278
f 1130 1278 1272
f 1272 1278 1280
f 1272 1280 1484
f 845 1128 1485
f 1181 1128 1130
f 1181 1130 1486
f 1182 1130 1446
f 1182 1447 1183
f 1183 1447 1448
f 1183 1448 1184
f 1184 1448 1449
f 1184 1449 1185
f 1185 1449 1435
f 1185 1435 1186
f 1186 1435 1437
f 1186 1438 1187
f 1187 1438 1440
f 1187 1441 1188
f 1188 1441 1442
f 1188 1442 1189
f 1189 1442 1487
f 1189 1250 1190
f 1190 1250 1430
f 1190 1430 1191
f 1191 1430 1431
f 1191 1431 1192
f 1192 1431 1432
f 1192 1432 1193
f 1194 1432 1433
f 1194 1433 1195
f 1195 1433 1434
f 1195 1434 1196
f 1147 1422 1148
f 1148 1422 1423
f 1148 1423 1434
f 1434 1423 1424
f 1434 1424 1196
f 1196 1424 1425
f 1196 1426 1200
f 1200 1426 1427
f 1200 1427 1198
f 1198 1427 1428
f 1198 1428 1197
f 1197 1428 1429
f 1197 1429 1201
f 1201 1429 1203
f 1201 1204 819
f 819 1204 821
f 819 821 820
f 943 1004 1477
f 1477 1004 1003
f 1477 1003 1405
f 1399 1003 1001
f 1399 1001 1000
f 1480 1394 1479
f 1479 1394 1395
f 1479 1395 1478
f 1478 1395 1407
f 1478 1407 1477
f 1477 1407 940
f 1477 941 943
f 1023 1025 1488
f 1354 1353 1489
f 948 1490 949
f 949 1490 1491
f 949 1491 951
f 952 1491 1492
f 1404 1402 1492
f 1492 1402 947
f 947 945 1492
f 1492 945 944
f 1492 944 951
f 1397 1401 1493
f 1493 1401 1400
f 1493 1400 1492
f 1492 1400 1406
f 1492 1406 1403
f 1397 1493 1398
f 1398 1493 1494
f 1398 1494 1480
f 1480 1494 1495
f 1480 1495 1496
f 1497 1388 1495
f 1495 1388 1387
f 1495 1387 1496
f 1379 1498 1380
f 1380 1498 1499
f 1380 1499 1382
f 1382 1499 1384
f 1379 1386 1500
f 1498 1386 1392
f 1498 1393 1501
f 1497 1393 1390
f 1497 1391 1388
f 1366 1371 1502
f 1371 1374 1502
f 1503 1374 1378
f 1503 1378 1499
f 1499 1378 1377
f 1499 1377 1384
f 1489 1364 1504
f 1504 1364 1370
f 1504 1370 1505
f 1505 1370 1369
f 1505 1369 1502
f 1503 1369 1367
f 1503 1367 1366
f 1353 1357 1489
f 1489 1357 1362
f 1489 1356 1360
f 1361 1359 1489
f 1489 1359 1365
f 1489 1365 1364
f 1506 1345 1343
f 1506 1343 1507
f 1507 1343 1341
f 1507 1341 1351
f 1338 1350 1507
f 1507 1350 1349
f 1507 1349 1489
f 1489 1349 1347
f 1489 1347 1354
f 1327 1325 1508
f 1509 1333 1506
f 1506 1333 1335
f 1506 1335 1345
f 1329 1331 1510
f 1509 1331 1332
f 1509 1332 1333
f 1508 1325 1510
f 1509 1325 1324
f 1509 1324 1329
f 1511 1316 1319
f 1320 1318 1511
f 1511 1318 1323
f 1511 1323 1512
f 1323 1322 1512
f 1512 1322 1143
f 1512 1143 1508
f 1508 1143 1142
f 1508 1142 1326
f 1316 1511 1314
f 1314 1511 1513
f 1314 1513 1514
f 1305 1515 1306
f 1306 1515 1516
f 1305 1304 1517
f 1515 1304 1461
f 1515 1461 1513
f 1513 1461 1313
f 1513 1313 1514
f 1518 1298 1297
f 1299 1310 1519
f 1520 1310 1309
f 1520 1309 1516
f 1516 1309 1307
f 1516 1307 1306
f 1518 1297 1521
f 1521 1297 1296
f 1521 1296 1519
f 1520 1296 1522
f 1520 1300 1299
f 1288 1523 1290
f 1291 1523 1524
f 1291 1525 1292
f 1292 1525 1284
f 1288 1287 1523
f 1523 1287 1295
f 1523 1295 1526
f 1518 1295 1294
f 1518 1294 1298
f 1273 1527 1274
f 1274 1527 1528
f 1274 1528 1275
f 1273 1280 1527
f 1527 1280 1279
f 1527 1279 1524
f 1525 1279 1281
f 1525 1281 1284
f 1266 1529 1268
f 1268 1529 1530
f 1268 1530 1270
f 1266 1144 1529
f 1529 1144 1277
f 1529 1277 1528
f 1528 1277 1276
f 1528 1276 1275
f 1254 1253 1531
f 1531 1253 1257
f 1532 1263 1530
f 1530 1263 1271
f 1530 1271 1270
f 1257 1259 1531
f 1531 1259 1261
f 1531 1261 1533
f 1532 1261 1264
f 1532 1264 1263
f 1534 1150 1422
f 1422 1147 1534
f 1534 1147 1245
f 1534 1245 1535
f 1535 1245 1243
f 1535 1243 1242
f 1242 1247 1535
f 1535 1247 1256
f 1535 1256 1531
f 1531 1256 1255
f 1531 1255 1254
f 1232 1536 1534
f 1232 1534 1233
f 1536 1241 1534
f 1534 1241 1537
f 1534 1151 1150
f 1538 1227 1539
f 1539 1227 1225
f 1539 1226 1540
f 1226 1224 1540
f 1541 1224 1230
f 1541 1231 1542
f 1542 1231 1229
f 1542 1229 1543
f 1543 1229 1236
f 1543 1237 1534
f 1534 1237 1235
f 1534 1235 1233
f 1154 1544 1219
f 1219 1544 1545
f 1219 1546 1218
f 1154 1153 1547
f 1544 1153 1220
f 1544 1220 1539
f 1539 1220 1221
f 1539 1221 1222
f 1548 1157 1549
f 1548 1156 1550
f 1156 1215 1550
f 1550 1215 1216
f 1550 1216 1545
f 1546 1216 1217
f 1546 1217 1218
f 1163 1162 1551
f 1551 1162 1160
f 1551 1160 1552
f 1552 1160 1159
f 1552 1159 1548
f 1548 1159 1214
f 1548 1214 1157
f 1553 1072 1071
f 1554 1083 1551
f 1551 1083 1213
f 1551 1213 1420
f 1086 1085 1554
f 1554 1085 1084
f 1554 1084 1083
f 1553 1071 1554
f 1554 1071 1079
f 1554 1079 1086
f 1555 1063 1062
f 1070 1556 1069
f 1069 1556 1555
f 1069 1555 1061
f 1061 1555 1062
f 1070 1014 1557
f 1556 1014 1075
f 1556 1076 1553
f 1553 1076 1073
f 1553 1073 1072
f 1059 1058 1558
f 1558 1058 1559
f 1058 1056 1559
f 1559 1056 1054
f 1559 1054 1555
f 1555 1054 1064
f 1555 1065 1560
f 1046 1048 1561
f 1561 1048 1052
f 1561 1052 1562
f 1562 1052 1018
f 1562 1018 1558
f 1558 1018 1060
f 1558 1017 1059
f 1042 1041 1563
f 1563 1041 1051
f 1563 1051 1564
f 1051 1050 1564
f 1564 1050 1049
f 1564 1049 1561
f 1561 1049 1044
f 1561 1044 1046
f 1033 1035 1565
f 1565 1035 1038
f 1565 1038 1566
f 1038 1037 1566
f 1566 1037 1036
f 1566 1036 1563
f 1563 1036 1043
f 1563 1043 1042
f 1033 1565 1032
f 1032 1565 1567
f 1032 1567 1031
f 1031 1567 1568
f 1031 1568 1020
f 1029 1569 1030
f 1030 1569 1488
f 1030 1488 1110
f 1110 1488 1025
f 1029 1027 1569
f 1569 1027 1026
f 1569 1026 1568
f 1568 1026 1021
f 1568 1021 1020
f 1023 1488 922
f 922 1488 1570
f 922 1570 920
f 996 1571 989
f 989 1571 1572
f 989 1572 990
f 990 1572 1573
f 996 995 1571
f 1571 995 994
f 1571 994 1570
f 1570 994 993
f 1570 993 920
f 986 985 1574
f 1574 985 984
f 1574 984 1575
f 984 988 1575
f 1575 988 992
f 1575 992 1573
f 1573 992 991
f 1573 991 990
f 986 1574 987
f 987 1574 1576
f 987 1576 983
f 983 1576 1577
f 983 1577 976
f 1578 974 982
f 979 978 1577
f 1577 978 977
f 1577 977 976
f 1578 971 1577
f 1577 971 980
f 1577 981 979
f 970 969 1579
f 1579 969 967
f 1579 967 1580
f 1580 967 966
f 1580 966 1578
f 1578 966 975
f 1578 975 974
f 948 953 1490
f 1490 953 955
f 1490 955 1581
f 959 1582 958
f 958 1582 1581
f 958 1583 957
f 957 1583 955
f 959 961 1582
f 1582 961 962
f 1582 963 1579
f 1579 963 965
f 1579 1584 970
f 1585 1586 1587
f 1588 1589 1590
f 1591 1592 1588
f 1591 1593 1594
f 1591 1594 1592
f 1592 1594 1595
f 1592 1595 1596
f 1597 1587 1598
f 1588 1590 1591
f 1591 1590 1599
f 1591 1599 1600
f 1601 1602 1603
f 1604 1591 1605
f 1605 1591 1601
f 1605 1601 1606
f 1606 1601 1603
f 1596 1585 1592
f 1592 1585 1587
f 1592 1587 1607
f 1607 1587 1597
f 1607 1597 1608
f 1609 1610 1611
f 1611 1610 1606
f 1611 1606 1612
f 1612 1606 1603
f 1598 1613 1597
f 1597 1613 1614
f 1597 1614 1615
f 1616 1601 1617
f 1617 1601 1591
f 1617 1591 1618
f 1618 1591 1600
f 1619 1597 1620
f 1620 1597 1615
f 1620 1615 1621
f 1621 1615 1622
f 1575 1573 1591
f 1591 1573 1593
f 1575 1591 1574
f 1574 1591 1604
f 1574 1604 1576
f 1576 1604 1577
f 1577 1604 1605
f 1577 1605 1578
f 1578 1605 1580
f 1580 1605 1606
f 1580 1606 1579
f 1579 1606 1582
f 1582 1606 1610
f 1582 1610 1581
f 1583 1610 1490
f 1490 1610 1609
f 1490 1609 1491
f 1491 1609 1492
f 1492 1609 1611
f 1492 1611 1493
f 1493 1611 1494
f 1494 1611 1612
f 1494 1612 1495
f 1495 1612 1501
f 1497 1612 1603
f 1497 1603 1500
f 1498 1603 1499
f 1499 1603 1602
f 1499 1602 1502
f 1503 1602 1505
f 1505 1602 1601
f 1505 1601 1504
f 1504 1601 1489
f 1489 1601 1616
f 1489 1616 1507
f 1507 1616 1506
f 1506 1616 1617
f 1506 1617 1510
f 1509 1617 1508
f 1508 1617 1618
f 1508 1618 1512
f 1512 1618 1511
f 1511 1618 1600
f 1511 1600 1513
f 1513 1600 1517
f 1515 1600 1599
f 1515 1599 1516
f 1516 1599 1519
f 1520 1599 1590
f 1520 1590 1521
f 1521 1590 1526
f 1518 1590 1589
f 1518 1589 1523
f 1523 1589 1524
f 1525 1589 1588
f 1525 1588 1527
f 1527 1588 1528
f 1528 1588 1592
f 1528 1592 1529
f 1529 1592 1530
f 1530 1592 1607
f 1530 1607 1533
f 1532 1607 1531
f 1531 1607 1608
f 1531 1608 1535
f 1535 1608 1534
f 1534 1608 1597
f 1534 1597 1543
f 1543 1597 1542
f 1542 1597 1619
f 1542 1619 1540
f 1541 1619 1539
f 1539 1619 1620
f 1539 1620 1547
f 1544 1620 1545
f 1546 1620 1621
f 1546 1621 1550
f 1550 1621 1548
f 1548 1621 1622
f 1548 1622 1552
f 1552 1622 1551
f 1551 1622 1615
f 1551 1615 1554
f 1554 1615 1553
f 1553 1615 1614
f 1553 1614 1557
f 1556 1614 1555
f 1555 1614 1613
f 1555 1613 1559
f 1559 1613 1558
f 1558 1613 1598
f 1558 1598 1562
f 1562 1598 1561
f 1561 1598 1587
f 1561 1587 1564
f 1564 1587 1563
f 1563 1587 1586
f 1563 1586 1566
f 1585 1567 1586
f 1586 1567 1565
f 1586 1565 1566
f 1573 1572 1593
f 1593 1572 1571
f 1593 1571 1594
f 1594 1571 1570
f 1594 1570 1595
f 1595 1570 1488
f 1595 1488 1596
f 1596 1488 1569
f 1596 1569 1585
f 1585 1569 1568
f 1585 1568 1567

