# https://github.com/mikedh/trimesh
v -0.10126834 0.04671606 0.18016282
v -0.10172234 0.05019411 0.17058830
v -0.10159244 0.04812581 0.17521502
v -0.09578054 0.05387957 0.20936497
v -0.09715317 0.05057218 0.20472619
v -0.09595715 0.05340386 0.20885637
v -0.08491547 0.09720641 0.21592878
v -0.08600156 0.09077564 0.21896528
v -0.08564750 0.09269013 0.21829529
v -0.08390391 0.11207696 0.19748257
v -0.08421788 0.11344247 0.19268978
v -0.08472646 0.11412819 0.18761006
v -0.08390394 0.11207687 0.19748251
v -0.08833304 0.10958639 0.16812642
v -0.08634075 0.11314920 0.17703593
v -0.08723188 0.11178080 0.17265469
v -0.10007800 0.04608140 0.19034553
v -0.10124487 0.04668435 0.18039732
v -0.10075976 0.04603033 0.18524250
v -0.08456024 0.09982413 0.21403106
v -0.08435316 0.10134996 0.21292508
v -0.08397219 0.10503591 0.20934482
v -0.08540821 0.11407714 0.18250707
v -0.08624942 0.11328942 0.17748499
v -0.08476857 0.11412507 0.18729484
v -0.10137969 0.05642253 0.16224506
v -0.10057072 0.06295218 0.15692388
v -0.10113304 0.05880862 0.15992755
v -0.09469053 0.05681571 0.21250395
v -0.09382642 0.05935904 0.21461314
v -0.09813557 0.04861443 0.20068625
v -0.08804154 0.08077825 0.22100830
v -0.08755460 0.08293649 0.22092173
v -0.08653393 0.08789699 0.21997261
v -0.08868682 0.07791804 0.22112323
v -0.09049904 0.07071955 0.21997894
v -0.08990736 0.07294392 0.22057393
v -0.08376174 0.10993043 0.20234033
v -0.08389377 0.11203276 0.19763759
v -0.08382421 0.10718419 0.20669399
v -0.08397216 0.10503601 0.20934489
v -0.08848072 0.10923673 0.16761649
v -0.10028954 0.06468697 0.15601483
v -0.09825432 0.04837779 0.20019794
v -0.10001261 0.04614262 0.19073600
v -0.09923679 0.04686915 0.19536762
v -0.09250646 0.06355888 0.21728133
v -0.09119031 0.06812079 0.21928374
v -0.09315573 0.06149299 0.21596894
v -0.09079567 0.10334285 0.16034865
v -0.08952906 0.10675470 0.16399623
v -0.09366916 0.09421010 0.15452242
v -0.09429590 0.09203775 0.15356885
v -0.09557885 0.08721465 0.15227868
v -0.09983872 0.06746841 0.15455729
v -0.09852928 0.07431735 0.15248665
v -0.09895229 0.07226153 0.15287997
v -0.09679937 0.08224060 0.15172942
v -0.09793159 0.07722209 0.15193090
v -0.09625512 0.08445864 0.15197432
v -0.10151406 0.05512254 0.16350770
v -0.10166199 0.05297440 0.16615863
v -0.10172448 0.05022812 0.17051226
v -0.09165979 0.10079952 0.15823945
v -0.09297976 0.09659966 0.15557127
v -0.09099759 0.10274854 0.15985583
v 0.17020434 -0.17548206 0.08132206
v 0.15566640 -0.24756482 0.09735214
v 0.15342203 -0.25136843 0.08694615
v 0.17009565 -0.17537305 0.08030246
v 0.17541236 -0.15965468 0.09315699
v 0.17417428 -0.18333495 0.12537053
v 0.16896626 -0.19916235 0.11353560
v 0.16880295 -0.20009805 0.11393718
v 0.15311901 -0.22667822 0.04121831
v 0.15083975 -0.24429078 0.05483057
v 0.15159824 -0.23641466 0.04675709
v 0.16122341 -0.23217557 0.11261594
v 0.15833984 -0.24098763 0.10614890
v 0.16408092 -0.22185048 0.11622361
v 0.16667837 -0.21085779 0.11667640
v 0.15179057 -0.25208697 0.07578319
v 0.15090565 -0.24966152 0.06477750
v 0.15527752 -0.21587887 0.03866781
v 0.15789697 -0.20490113 0.03931447
v 0.16364032 -0.18594803 0.04973015
v 0.16629381 -0.17952500 0.05864602
v 0.16850601 -0.17590103 0.06912285
v 0.16076282 -0.19464417 0.04310543
v 0.05181867 0.23356116 -0.05654380
v 0.03195218 0.23244454 -0.04630816
v 0.04250520 0.23198268 -0.05033440
v 0.05967289 0.23745410 -0.06520630
v 0.07942562 0.23289359 -0.06779960
v 0.08066370 0.25657386 -0.10001314
v 0.06091096 0.26113439 -0.09741984
v 0.05912978 0.23705086 -0.06442803
v 0.02344689 0.28125250 -0.10783847
v 0.04471810 0.27430809 -0.10791189
v 0.03436910 0.27867210 -0.10919397
v 0.02102392 0.23490901 -0.04479497
v 0.06042247 0.26177579 -0.09806266
v 0.01061551 0.23917420 -0.04591875
v 0.00157942 0.24489085 -0.04958751
v -0.00534426 0.25159064 -0.05550065
v 0.05364631 0.26851791 -0.10409734
v 0.01284609 0.28183791 -0.10395642
v 0.00343491 0.28038037 -0.09786577
v -0.00889588 0.27197173 -0.08119431
v -0.01080556 0.26570925 -0.07197884
v -0.00958847 0.25872487 -0.06317389
v -0.00401582 0.27699935 -0.09006546
v -0.08852947 0.09648438 0.21725452
v -0.08792490 0.10064813 0.21453714
v -0.08790654 0.10077448 0.21445478
v -0.08746223 0.10463309 0.21105333
v -0.09024601 0.08702312 0.22081830
v -0.08937072 0.09157817 0.21947478
v -0.08931608 0.09186253 0.21939088
v -0.09247691 0.07699308 0.22146448
v -0.09141567 0.08156137 0.22151405
v -0.09131083 0.08201271 0.22151893
v -0.09501925 0.06731281 0.21912338
v -0.09387792 0.07148816 0.22047408
v -0.09371668 0.07207800 0.22066492
v -0.09633777 0.06287036 0.21689281
v -0.09653907 0.06223961 0.21646883
v -0.10434511 0.06094609 0.15928604
v -0.10478220 0.05715005 0.16263247
v -0.10478942 0.05708748 0.16268751
v -0.10504471 0.05375540 0.16660275
v -0.09720914 0.06014005 0.21505725
v -0.09850578 0.05638792 0.21177936
v -0.09915859 0.05469783 0.20977913
v -0.09974495 0.05317982 0.20798248
v -0.10091189 0.05055394 0.20371191
v -0.10150911 0.04944792 0.20110796
v -0.10197932 0.04857713 0.19905780
v -0.10291407 0.04730909 0.19416790
v -0.10338186 0.04698619 0.19117260
v -0.10370426 0.04676355 0.18910852
v -0.10370428 0.04676348 0.18910848
v -0.10433131 0.04695752 0.18399119
v -0.10460983 0.04753538 0.18085359
v -0.10478029 0.04788912 0.17893310
v -0.10503976 0.04952140 0.17408630
v -0.10508444 0.05104449 0.17106745
v -0.10508441 0.05104458 0.17106752
v -0.10510810 0.05185104 0.16946892
v -0.10293555 0.06985809 0.15434998
v -0.10368823 0.06543574 0.15639403
v -0.10372222 0.06523608 0.15648621
v -0.10372218 0.06523617 0.15648629
v -0.10094080 0.07970793 0.15222193
v -0.10192283 0.07508714 0.15286797
v -0.10200565 0.07469743 0.15292251
v -0.09853494 0.08964264 0.15307598
v -0.09964401 0.08524571 0.15236071
v -0.09977473 0.08472749 0.15227635
v -0.09723239 0.09440777 0.15461744
v -0.09705374 0.09500971 0.15491967
v -0.09591387 0.09885021 0.15684801
v -0.09504251 0.10158053 0.15868357
v -0.09438372 0.10348685 0.16034901
v -0.09374586 0.10533265 0.16196148
v -0.09250670 0.10854076 0.16575836
v -0.09187023 0.10997297 0.16808753
v -0.09133976 0.11116663 0.17002892
v -0.09027232 0.11314347 0.17468303
v -0.08973470 0.11387276 0.17749551
v -0.08933758 0.11441149 0.17957292
v -0.08854736 0.11495709 0.18463235
v -0.08816690 0.11483936 0.18773736
v -0.08792032 0.11476307 0.18974964
v -0.08747135 0.11383145 0.19480774
v -0.08730562 0.11278877 0.19790375
v -0.08721193 0.11219906 0.19965443
v -0.08714356 0.10986956 0.20427181
v -0.08720693 0.10796519 0.20713811
v 0.12708777 -0.14849748 0.09950142
v 0.12584971 -0.17217775 0.13171495
v 0.12594107 -0.15198238 0.09689557
v 0.12187976 -0.16432486 0.08766648
v 0.12064169 -0.18800515 0.11988002
v 0.12046990 -0.18895459 0.12024125
v 0.11890469 -0.19710843 0.12265852
v 0.11834045 -0.19970711 0.12293073
v 0.11991433 -0.19202518 0.12140945
v 0.11652987 -0.20760216 0.12302386
v 0.11574871 -0.21067534 0.12247838
v 0.11652984 -0.20760226 0.12302379
v 0.11777009 -0.20233391 0.12320583
v 0.11380634 -0.21791467 0.12041453
v 0.11289766 -0.22097701 0.11887863
v 0.11520161 -0.21282761 0.12209616
v 0.11574868 -0.21067543 0.12247831
v 0.11093097 -0.22720864 0.11485754
v 0.11002058 -0.22977023 0.11242791
v 0.11237361 -0.22274303 0.11799276
v 0.10824306 -0.23438925 0.10701178
v 0.10735013 -0.23635171 0.10366164
v 0.10953807 -0.23112784 0.11114020
v 0.10596038 -0.23900077 0.09773468
v 0.10510515 -0.24017103 0.09327850
v 0.10705455 -0.23700131 0.10255262
v 0.10412161 -0.24099568 0.08723725
v 0.10347114 -0.24090733 0.08212730
v 0.10497366 -0.24035089 0.09259325
v 0.10244276 -0.23607080 0.06578886
v 0.10251516 -0.23313358 0.06117499
v 0.10257290 -0.23843610 0.07093967
v 0.10342620 -0.24090126 0.08177440
v 0.10290499 -0.24005008 0.07630748
v 0.10258438 -0.23849198 0.07112540
v 0.10311425 -0.22653158 0.05412801
v 0.10329171 -0.22521451 0.05316342
v 0.10271131 -0.23036866 0.05780665
v 0.10444669 -0.21750858 0.04840931
v 0.10481215 -0.21549231 0.04764709
v 0.10369509 -0.22222045 0.05097068
v 0.10642757 -0.20716378 0.04530514
v 0.10696674 -0.20471695 0.04510899
v 0.10536119 -0.21246316 0.04650205
v 0.10893784 -0.19624518 0.04522429
v 0.10957976 -0.19376616 0.04575409
v 0.10762648 -0.20172293 0.04486885
v 0.11168084 -0.18604094 0.04817223
v 0.11243873 -0.18352877 0.04952716
v 0.11030722 -0.19095682 0.04635454
v 0.11440120 -0.17737769 0.05365778
v 0.11531061 -0.17484647 0.05613329
v 0.11304173 -0.18152995 0.05060505
v 0.11704471 -0.17040226 0.06152617
v 0.11795996 -0.16842903 0.06502742
v 0.11574624 -0.17363399 0.05731922
v 0.11938952 -0.16579077 0.07127659
v 0.12016882 -0.16480833 0.07548469
v 0.11826767 -0.16776562 0.06620452
v 0.12175789 -0.16427220 0.08664556
v 0.12123218 -0.16404526 0.08224228
v 0.12038603 -0.16453455 0.07665774
v 0.12470299 -0.17566267 0.12910911
v 0.06668436 0.19417234 -0.09675341
v 0.06792244 0.21785261 -0.12896694
v -0.00913025 0.24170929 -0.12696418
v -0.00929641 0.24165030 -0.12681216
v 0.04816970 0.22241314 -0.12637366
v 0.04765528 0.22305034 -0.12699945
v 0.04333046 0.22772478 -0.13134763
v 0.04085062 0.22977425 -0.13299721
v 0.04645646 0.22453544 -0.12845799
v 0.03548339 0.23359051 -0.13573900
v 0.03194483 0.23555805 -0.13681312
v 0.03965322 0.23076387 -0.13379376
v 0.02587871 0.23840512 -0.13795123
v 0.02161471 0.23991866 -0.13809894
v 0.03086162 0.23616032 -0.13714188
v 0.01520168 0.24170499 -0.13766579
v 0.01070873 0.24249667 -0.13674740
v 0.02062693 0.24026924 -0.13813312
v 0.00977808 0.24266061 -0.13655712
v 0.00460375 0.24311477 -0.13488750
v 0.00011186 0.24310255 -0.13289449
v -0.00021498 0.24310163 -0.13274942
v -0.00482593 0.24263579 -0.13009737
v -0.01640858 0.23851076 -0.11948376
v -0.01672517 0.23825923 -0.11900806
v -0.01301995 0.24032907 -0.12340666
v -0.02138607 0.23365243 -0.11079613
v -0.02159089 0.23323286 -0.11014489
v -0.01921895 0.23627762 -0.11526059
v -0.02350540 0.22755921 -0.10171477
v -0.02349514 0.22697745 -0.10094128
v -0.02283862 0.23067701 -0.10617776
v -0.02269904 0.22103909 -0.09334996
v -0.02225775 0.22000133 -0.09215631
v -0.02344897 0.22435574 -0.09745546
v -0.01912708 0.21422981 -0.08581546
v -0.01801083 0.21288234 -0.08450465
v -0.02125449 0.21764216 -0.08944277
v -0.01290257 0.20758881 -0.07967328
v -0.01109846 0.20619968 -0.07860942
v -0.01633378 0.21085803 -0.08253542
v -0.00436179 0.20165849 -0.07550078
v -0.00208455 0.20049714 -0.07494976
v -0.00889084 0.20449995 -0.07730777
v 0.00548520 0.19713710 -0.07378735
v 0.00829743 0.19623646 -0.07382043
v 0.00049622 0.19918104 -0.07432538
v 0.01568485 0.19430569 -0.07448918
v 0.01920339 0.19377320 -0.07532540
v 0.01053502 0.19551979 -0.07384665
v 0.02602642 0.19319153 -0.07755001
v 0.02973853 0.19330703 -0.07933801
v 0.02088879 0.19351816 -0.07572600
v 0.03566882 0.19399089 -0.08286222
v 0.03903736 0.19488072 -0.08553459
v 0.03098652 0.19334584 -0.07993910
v 0.04634330 0.19835964 -0.09340211
v 0.04693163 0.19873285 -0.09416012
v 0.04380590 0.19675000 -0.09013287
v 0.03997641 0.19512874 -0.08627949
v 0.06357322 0.21885677 -0.12839594
v 0.06233514 0.19517648 -0.09618241
v 0.13491330 -0.01507752 0.12150054
v 0.13448951 -0.01611654 0.12009975
v 0.13487929 -0.01511843 0.12131345
v 0.13359958 -0.02159967 0.12296388
v 0.13367003 -0.01949140 0.11979292
v 0.13393819 -0.01813332 0.11944721
v 0.13403404 -0.01776616 0.11953156
v 0.13433768 -0.01660293 0.11979869
v 0.13403401 -0.01776623 0.11953150
v 0.13516277 -0.01477742 0.12287299
v 0.13509232 -0.01688572 0.12604395
v 0.13482414 -0.01824380 0.12638965
v 0.13472833 -0.01861089 0.12630537
v 0.13348383 -0.02120928 0.12139565
v 0.13348928 -0.02089904 0.12089167
v 0.13363346 -0.01967655 0.11984005
v 0.13357182 -0.02150604 0.12258774
v 0.13527852 -0.01516784 0.12444122
v 0.13527307 -0.01547806 0.12494520
v 0.13512887 -0.01670058 0.12599683
v 0.13519053 -0.01487108 0.12324911
v 0.13384904 -0.02129960 0.12433632
v 0.13388304 -0.02125869 0.12452341
v 0.13442466 -0.01977419 0.12603816
v 0.13427284 -0.02026058 0.12573712
v 0.15758969 0.07520252 0.13545838
v 0.15777043 0.07661016 0.13435961
v 0.15762623 0.07538762 0.13541122
v 0.15768790 0.07721709 0.13266364
v 0.15741067 0.07701067 0.13091499
v 0.15766013 0.07731077 0.13228740
v 0.15606917 0.07058215 0.13200215
v 0.15634641 0.07078862 0.13375074
v 0.15609695 0.07048854 0.13237830
v 0.15613084 0.07241164 0.12925445
v 0.15598118 0.07087892 0.13081004
v 0.15598665 0.07118916 0.13030607
v 0.15616739 0.07259680 0.12920731
v 0.15643556 0.07395490 0.12886156
v 0.15683505 0.07548527 0.12921314
v 0.15698686 0.07597166 0.12951414
v 0.15737665 0.07696977 0.13072783
v 0.15653141 0.07432207 0.12894595
v 0.15653138 0.07432197 0.12894589
v 0.15777589 0.07692040 0.13385566
v 0.15692203 0.07231402 0.13545258
v 0.15677020 0.07182761 0.13515151
v 0.15638043 0.07082956 0.13393784
v 0.15722567 0.07347725 0.13571973
v 0.15722570 0.07347735 0.13571979
v 0.15732150 0.07384440 0.13580404
v -0.10927855 0.04741884 0.14549753
v -0.11009025 0.03842178 0.15513702
v -0.10770247 0.05835936 0.13826250
v -0.10927895 0.02820632 0.17928126
v -0.11009038 0.03189110 0.16662075
v -0.08792487 0.10064822 0.21453722
v -0.08454921 0.10336112 0.23547827
v -0.08297311 0.11430171 0.22824328
v -0.09275992 0.06557537 0.23938785
v -0.08958905 0.07826884 0.24121736
v -0.10770311 0.02758160 0.19238290
v -0.10545359 0.07060760 0.13385235
v -0.10192281 0.07508722 0.15286802
v -0.10266262 0.08345163 0.13252339
v -0.08454918 0.10336121 0.23547833
v -0.08679807 0.09111295 0.23988846
v -0.09612639 0.05377021 0.23450626
v -0.08958805 0.12624294 0.15685856
v -0.08679722 0.13166729 0.16857664
v -0.08297269 0.13351426 0.19445956
v -0.08297272 0.13351417 0.19445948
v -0.08216127 0.12982945 0.20712006
v -0.08216140 0.12329877 0.21860379
v -0.10266361 0.03547763 0.21688227
v -0.09949285 0.04353941 0.22685619
v -0.10545445 0.03005319 0.20516412
v -0.09949173 0.09614520 0.13435298
v -0.09275880 0.11818112 0.14688469
v -0.08454855 0.13413894 0.18135791
v -0.09612526 0.10795031 0.13923462
v 0.10343589 -0.24626963 0.09128890
v 0.11918758 -0.20736253 0.14284587
v 0.10287876 -0.25692573 0.10578497
v 0.11974471 -0.19670641 0.12834980
v 0.09884904 -0.26020929 0.08086553
v 0.10597394 -0.19772506 0.02525115
v 0.12631248 -0.14487831 0.08723152
v 0.12172563 -0.15881796 0.07680813
v 0.12433157 -0.18276675 0.13877317
v 0.10541681 -0.20838119 0.03974724
v 0.10082996 -0.22232084 0.02932387
v 0.12228277 -0.14816184 0.06231204
v 0.04654779 0.22997743 -0.13577601
v 0.04710492 0.24063356 -0.15027210
v -0.01475054 0.25491479 -0.14215125
v -0.03270452 0.24827525 -0.12537116
v -0.01530767 0.24425866 -0.12765515
v -0.01784572 0.19571407 -0.06161740
v 0.06196372 0.18807240 -0.08651834
v 0.04456687 0.19208899 -0.08423435
v 0.06394464 0.22596084 -0.13806000
v -0.03468544 0.21038680 -0.07382949
v -0.01728859 0.20637020 -0.07611349
v 0.04400974 0.18143286 -0.06973825
v 0.15473935 0.02082092 0.20938234
v 0.15446210 0.02061445 0.20763375
v 0.15471157 0.02091454 0.20900618
v 0.15312062 0.01418598 0.20872083
v 0.15339786 0.01439239 0.21046953
v 0.15314838 0.01409231 0.20909709
v 0.15348700 0.01755864 0.20558038
v 0.15321884 0.01620056 0.20592609
v 0.15303808 0.01479292 0.20702486
v 0.15318227 0.01601540 0.20597324
v 0.15303263 0.01448268 0.20752883
v 0.15482187 0.02021392 0.21107841
v 0.15467767 0.01899139 0.21213000
v 0.15464112 0.01880628 0.21217716
v 0.15482734 0.02052416 0.21057443
v 0.15388648 0.01908905 0.20593190
v 0.15403831 0.01957542 0.20623294
v 0.15442809 0.02057352 0.20744665
v 0.15358284 0.01792582 0.20566475
v 0.15358281 0.01792572 0.20566468
v 0.15397348 0.01591779 0.21217138
v 0.15382165 0.01543138 0.21187030
v 0.15343186 0.01443332 0.21065663
v 0.15427712 0.01708103 0.21243851
v 0.15427715 0.01708112 0.21243857
v 0.15437295 0.01744815 0.21252285
v 0.13720605 -0.01592435 0.12469143
v 0.13717476 -0.01631594 0.12514181
v 0.13701707 -0.01735654 0.12577070
v 0.13696684 -0.01768802 0.12597100
v 0.13666065 -0.01907589 0.12607951
v 0.13661899 -0.01926476 0.12609430
v 0.13620582 -0.02070687 0.12548333
v 0.13605569 -0.02113804 0.12509815
v 0.13578326 -0.02172595 0.12405689
v 0.13569649 -0.02191323 0.12372527
v 0.13549620 -0.02197918 0.12231575
v 0.13546889 -0.02198811 0.12212336
v 0.13542226 -0.02134532 0.12063789
v 0.13545354 -0.02095375 0.12018749
v 0.13561122 -0.01991315 0.11955860
v 0.13566147 -0.01958168 0.11935829
v 0.13596764 -0.01819381 0.11924978
v 0.13600932 -0.01800493 0.11923500
v 0.13642249 -0.01656282 0.11984597
v 0.13657260 -0.01613165 0.12023114
v 0.13684504 -0.01554374 0.12127241
v 0.13693182 -0.01535644 0.12160405
v 0.13713209 -0.01529052 0.12301356
v 0.13715942 -0.01528158 0.12320594
v 0.15970340 0.07616387 0.13410585
v 0.15967213 0.07577227 0.13455623
v 0.15951443 0.07473166 0.13518511
v 0.15946421 0.07440020 0.13538542
v 0.15946418 0.07440010 0.13538535
v 0.15915801 0.07301228 0.13549390
v 0.15911636 0.07282348 0.13550873
v 0.15870318 0.07138132 0.13489774
v 0.15855306 0.07095016 0.13451256
v 0.15828063 0.07036227 0.13347130
v 0.15819386 0.07017498 0.13313968
v 0.15799357 0.07010904 0.13173017
v 0.15796626 0.07010011 0.13153778
v 0.15791963 0.07074287 0.13005228
v 0.15795091 0.07113446 0.12960191
v 0.15810859 0.07217504 0.12897301
v 0.15815882 0.07250654 0.12877272
v 0.15846501 0.07389440 0.12866421
v 0.15850668 0.07408325 0.12864941
v 0.15891984 0.07552537 0.12926036
v 0.15906996 0.07595651 0.12964560
v 0.15934241 0.07654449 0.13068682
v 0.15942919 0.07673173 0.13101847
v 0.15962946 0.07679764 0.13242805
v 0.15965679 0.07680663 0.13262036
v -0.07874322 0.12854518 0.20783007
v -0.07879313 0.12899633 0.20665656
v -0.07867757 0.12570152 0.21333092
v -0.07942784 0.13239719 0.19584134
v -0.07960793 0.13266043 0.19400668
v -0.07942781 0.13239728 0.19584142
v -0.07899237 0.13079759 0.20197131
v -0.08083466 0.13347499 0.18323040
v -0.08118157 0.13328499 0.18092215
v -0.08003944 0.13329142 0.18961026
v -0.07960790 0.13266052 0.19400674
v -0.08281258 0.13176756 0.17116748
v -0.08343102 0.13079621 0.16816515
v -0.08170482 0.13299860 0.17744033
v -0.08546734 0.12707610 0.15919691
v -0.08621693 0.12538125 0.15646787
v -0.08407112 0.12979087 0.16505754
v -0.08841714 0.12001342 0.14914903
v -0.08938199 0.11733694 0.14650673
v -0.08695567 0.12371093 0.15377842
v -0.09166612 0.11061300 0.14093345
v -0.09274293 0.10713089 0.13885504
v -0.09166609 0.11061309 0.14093351
v -0.09002630 0.11554965 0.14474224
v -0.09486827 0.09990130 0.13538049
v -0.09610597 0.09534636 0.13396333
v -0.09324712 0.10550054 0.13788189
v -0.09798479 0.08806128 0.13246408
v -0.09927546 0.08266711 0.13211934
v -0.09642705 0.09416472 0.13359571
v -0.10086579 0.07561047 0.13241573
v -0.10206694 0.06982996 0.13343222
v -0.09946182 0.08188823 0.13206959
v -0.10334013 0.06321049 0.13537541
v -0.10431650 0.05758418 0.13783285
v -0.10215911 0.06938639 0.13351028
v -0.10206691 0.06983005 0.13343230
v -0.10521439 0.05179296 0.14117812
v -0.10589359 0.04664324 0.14506096
v -0.10436240 0.05731979 0.13794826
v -0.10641193 0.04174254 0.14973116
v -0.10670753 0.03764077 0.15469292
v -0.10591117 0.04650989 0.14516155
v -0.10674299 0.03161335 0.16502252
v -0.10669309 0.03116219 0.16619602
v -0.10680863 0.03445705 0.15952168
v -0.10605837 0.02776137 0.17701127
v -0.10587829 0.02749810 0.17884591
v -0.10605840 0.02776128 0.17701119
v -0.10649383 0.02936100 0.17088132
v -0.10465156 0.02668356 0.18962218
v -0.10430464 0.02687355 0.19193043
v -0.10544674 0.02686720 0.18324240
v -0.10267361 0.02839103 0.20168513
v -0.10205518 0.02936238 0.20468748
v -0.10378139 0.02715997 0.19541228
v -0.10001887 0.03308247 0.21365568
v -0.09926925 0.03477735 0.21638483
v -0.10141508 0.03036769 0.20779507
v -0.09706907 0.04014513 0.22370358
v -0.09610422 0.04282161 0.22634590
v -0.09853054 0.03644761 0.21907422
v -0.09382009 0.04954560 0.23191912
v -0.09274327 0.05302768 0.23399757
v -0.09545992 0.04460890 0.22811040
v -0.09061793 0.06025723 0.23747216
v -0.08938024 0.06481215 0.23888929
v -0.09223909 0.05465804 0.23497069
v -0.08750141 0.07209731 0.24038854
v -0.08621073 0.07749151 0.24073333
v -0.08905917 0.06599380 0.23925680
v -0.08462043 0.08454806 0.24043684
v -0.08341929 0.09032851 0.23942031
v -0.08602435 0.07827044 0.24078313
v -0.08214606 0.09694810 0.23747721
v -0.08116970 0.10257439 0.23501976
v -0.08332710 0.09077217 0.23934233
v -0.08332707 0.09077226 0.23934241
v -0.08027182 0.10836560 0.23167449
v -0.07959261 0.11351535 0.22779167
v -0.08112383 0.10283873 0.23490430
v -0.07957503 0.11364867 0.22769107
v -0.07907429 0.11841600 0.22312142
v -0.07877868 0.12251777 0.21815968
v -0.02099593 -0.23253942 0.09659971
v -0.01901501 -0.19465098 0.04505804
v -0.01640908 -0.21859977 0.10702308
v -0.01696621 -0.22925588 0.12151914
v -0.00065739 -0.17969266 0.15858003
v -0.00010026 -0.16903655 0.14408396
v 0.00448660 -0.15509689 0.15450734
v 0.00646752 -0.11720844 0.10296568
v 0.00188066 -0.13114810 0.09254231
v 0.00243779 -0.12049197 0.07804621
v -0.01387103 -0.17005520 0.04098532
v -0.01442816 -0.18071133 0.05548141
v 0.01550658 0.14460482 -0.22207759
v -0.04634888 0.15888603 -0.21395673
v 0.01494945 0.13394868 -0.20758149
v 0.03234630 0.12993209 -0.20986548
v 0.03036539 0.09204365 -0.15832382
v 0.01296853 0.09606024 -0.15603983
v 0.01241140 0.08540411 -0.14154373
v -0.04944406 0.09968533 -0.13342288
v -0.04888693 0.11034146 -0.14791897
v -0.06628378 0.11435805 -0.14563498
v -0.06430286 0.15224651 -0.19717664
v -0.04690601 0.14822991 -0.19946064
v 0.15675485 0.01976763 0.21082462
v 0.15672357 0.01937604 0.21127501
v 0.15656587 0.01833542 0.21190389
v 0.15651564 0.01800396 0.21210422
v 0.15651561 0.01800387 0.21210414
v 0.15620944 0.01661605 0.21221268
v 0.15616781 0.01642724 0.21222752
v 0.15575463 0.01498509 0.21161652
v 0.15560450 0.01455391 0.21123135
v 0.15533207 0.01396603 0.21019009
v 0.15524529 0.01377875 0.20985848
v 0.15504502 0.01371286 0.20844887
v 0.15501769 0.01370386 0.20825657
v 0.15497106 0.01434663 0.20677108
v 0.15500236 0.01473822 0.20632070
v 0.15516002 0.01577881 0.20569178
v 0.15521027 0.01611031 0.20549150
v 0.15551646 0.01749817 0.20538300
v 0.15555811 0.01768702 0.20536821
v 0.15597129 0.01912914 0.20597915
v 0.15612140 0.01956030 0.20636433
v 0.15639386 0.02014823 0.20740563
v 0.15648063 0.02033551 0.20773725
v 0.15668090 0.02040140 0.20914684
v 0.15670823 0.02041040 0.20933914
v 0.13882826 -0.00834388 0.12371681
v 0.13902694 -0.01039056 0.12882932
v 0.13795592 -0.00905465 0.11832221
v 0.13849877 -0.01464614 0.13229011
v 0.13738520 -0.01997066 0.13317184
v 0.13664365 -0.01233252 0.11409126
v 0.13524310 -0.01729903 0.11215747
v 0.13524312 -0.01729896 0.11215752
v 0.13412957 -0.02262343 0.11303927
v 0.13467240 -0.02821497 0.12700716
v 0.13380004 -0.02892579 0.12161251
v 0.13412954 -0.02262352 0.11303920
v 0.13360135 -0.02687914 0.11649998
v 0.13380007 -0.02892570 0.12161258
v 0.13467237 -0.02821504 0.12700710
v 0.13598464 -0.02493718 0.13123804
v 0.16132563 0.08374435 0.13313118
v 0.16152430 0.08169764 0.13824372
v 0.16045327 0.08303349 0.12773663
v 0.16099612 0.07744199 0.14170460
v 0.15988256 0.07211751 0.14258622
v 0.15914102 0.07975567 0.12350566
v 0.15774047 0.07478916 0.12157192
v 0.15662691 0.06946472 0.12245359
v 0.15716974 0.06387317 0.13642152
v 0.15629740 0.06316236 0.13102701
v 0.15609872 0.06520906 0.12591438
v 0.15848200 0.06715102 0.14065245
v -0.11400491 0.02811410 0.11586324
v -0.07244753 0.12506998 0.26189494
v -0.07070761 0.13854833 0.25144482
v -0.11188868 0.04247037 0.10673553
v -0.07492095 0.10996562 0.26961750
v -0.07492092 0.10996571 0.26961756
v -0.07803852 0.09378111 0.27433324
v -0.10990050 -0.00599760 0.20711431
v -0.10664976 -0.00107010 0.22320932
v -0.10908047 0.05818600 0.10048804
v -0.07714043 0.16407275 0.15756011
v -0.08065843 0.15764962 0.14205961
v -0.08461320 0.14842288 0.12816264
v -0.07418637 0.16746007 0.17410386
v -0.08168754 0.07710137 0.27587187
v -0.10289638 0.00679042 0.23797487
v -0.11444659 -0.00645390 0.17328982
v -0.11253115 -0.00781415 0.19027154
v -0.11557759 -0.00196613 0.15678297
v -0.10568176 0.07469295 0.09734668
v -0.07190300 0.16768925 0.19109297
v -0.07037284 0.16475196 0.20791343
v -0.07190297 0.16768934 0.19109304
v -0.09877604 0.01729977 0.25087732
v -0.08886179 0.13672610 0.11637150
v -0.06965118 0.15875445 0.22395734
v -0.11588334 0.00548687 0.14134741
v -0.11572208 0.01024516 0.13420784
v -0.11535272 0.01563588 0.12754117
v -0.08573616 0.06052922 0.27417764
v -0.10181544 0.09139449 0.09742483
v -0.09762121 0.10768711 0.10071974
v -0.06976413 0.14991339 0.23864475
v -0.09325068 0.12298191 0.10711231
v -0.09003804 0.04466362 0.26931185
v -0.09443766 0.03007815 0.26145035
v -0.14792104 0.00049776 0.09129651
v -0.14897826 -0.01022970 0.10210891
v -0.13961233 0.01636808 0.12667346
v -0.13905221 0.02228236 0.12053904
v -0.13883294 0.02416757 0.11889396
v -0.13830589 0.02869873 0.11493996
v -0.14577988 0.01702304 0.07854429
v -0.13501813 0.05039905 0.10182051
v -0.13360161 0.05825920 0.09878723
v -0.13932794 0.05467200 0.06147898
v -0.14289179 0.03523061 0.06852289
v -0.13520747 0.04926144 0.10237886
v -0.13262138 0.06333452 0.09732810
v -0.13204181 0.06633531 0.09646543
v -0.13517608 0.07486837 0.05758608
v -0.13035211 0.07455705 0.09487705
v -0.12854373 0.08287014 0.09403192
v -0.12721674 0.08870002 0.09388713
v -0.13184513 0.08974712 0.05679187
v -0.12854376 0.08287007 0.09403186
v -0.12961660 0.07793819 0.09453330
v -0.13737999 0.03555747 0.10993074
v -0.13730082 0.03608006 0.10961475
v -0.13628076 0.04281260 0.10554464
v 0.00845353 -0.09972016 0.08733828
v 0.00504883 -0.16484091 0.17592548
v -0.02298195 -0.25002769 0.11222707
v -0.01957725 -0.18490694 0.02363987
v -0.07151552 0.10783695 -0.13461176
v -0.06704498 0.10362646 -0.13094816
v -0.06873605 0.16099906 -0.20693098
v -0.06393714 0.16306938 -0.21181151
v -0.05866177 0.16472460 -0.21634656
v 0.02812897 0.14468631 -0.22774112
v 0.03310749 0.14066367 -0.22455229
v 0.03757804 0.13645321 -0.22088872
v 0.03479857 0.08329111 -0.14856949
v 0.02999965 0.08122075 -0.14368892
v 0.02472427 0.07956555 -0.13915390
v -0.06206648 0.09960384 -0.12775934
v 0.15837707 0.02734813 0.20984992
v 0.15857574 0.02530140 0.21496250
v 0.15750471 0.02663729 0.20445538
v 0.15804757 0.02104575 0.21842338
v 0.15693399 0.01572127 0.21930501
v 0.15619245 0.02335943 0.20022446
v 0.15479191 0.01839295 0.19829068
v 0.15367836 0.01306851 0.19917233
v 0.15422119 0.00747693 0.21314031
v 0.15334885 0.00676613 0.20774579
v 0.15315016 0.00881282 0.20263317
v 0.15553345 0.01075478 0.21737123
v 0.13279910 -0.02765735 0.12751977
v 0.13274539 -0.02773684 0.12725030
v 0.13708270 -0.00855319 0.12655097
v 0.13709396 -0.00994427 0.12908310
v 0.13688962 -0.00791928 0.12396560
v 0.13687645 -0.00787612 0.12378933
v 0.13649233 -0.00793750 0.12097148
v 0.13473935 -0.01179937 0.11441074
v 0.13540278 -0.00996409 0.11623647
v 0.13596323 -0.00871977 0.11831708
v 0.13601696 -0.00864028 0.11858656
v 0.13399896 -0.01422893 0.11304382
v 0.13471068 -0.01189347 0.11435785
v 0.13220057 -0.02217143 0.11331329
v 0.13266948 -0.01968872 0.11251885
v 0.13329495 -0.01691494 0.11240506
v 0.13331072 -0.01685479 0.11241943
v 0.13399893 -0.01422900 0.11304377
v 0.13217010 -0.02233273 0.11336491
v 0.13217007 -0.02233282 0.11336485
v 0.13183610 -0.02460179 0.11481121
v 0.13167964 -0.02782393 0.11928588
v 0.13166837 -0.02643285 0.11675376
v 0.13227001 -0.02843961 0.12486538
v 0.13188589 -0.02850100 0.12204753
v 0.13187271 -0.02845784 0.12187126
v 0.13402297 -0.02457781 0.13142607
v 0.13405167 -0.02448363 0.13147902
v 0.13335957 -0.02641303 0.12960039
v 0.13476340 -0.02214812 0.13279310
v 0.13545163 -0.01952230 0.13341744
v 0.13546737 -0.01946227 0.13343173
v 0.13609286 -0.01668840 0.13331801
v 0.13692623 -0.01177533 0.13102564
v 0.13659224 -0.01404439 0.13247195
v 0.13659227 -0.01404430 0.13247201
v 0.13656180 -0.01420562 0.13252361
v 0.15529647 0.06443080 0.13693427
v 0.15524274 0.06435135 0.13666470
v 0.15958005 0.08353499 0.13596536
v 0.15959132 0.08214393 0.13849749
v 0.15938699 0.08416893 0.13338003
v 0.15937382 0.08421209 0.13320374
v 0.15898968 0.08415069 0.13038583
v 0.15723674 0.08028889 0.12382519
v 0.15790014 0.08212411 0.12565091
v 0.15846060 0.08336848 0.12773146
v 0.15851434 0.08344793 0.12800102
v 0.15649633 0.07785930 0.12245820
v 0.15720804 0.08019473 0.12377220
v 0.15469794 0.06991681 0.12272768
v 0.15516686 0.07239959 0.12193330
v 0.15579234 0.07517337 0.12181955
v 0.15580806 0.07523337 0.12183378
v 0.15580808 0.07523341 0.12183381
v 0.15466745 0.06975543 0.12277926
v 0.15433346 0.06748638 0.12422563
v 0.15417701 0.06426428 0.12870030
v 0.15416574 0.06565534 0.12616816
v 0.15476738 0.06364854 0.13427988
v 0.15438326 0.06358721 0.13146195
v 0.15437008 0.06363038 0.13128568
v 0.15652034 0.06751042 0.14084050
v 0.15654904 0.06760455 0.14089353
v 0.15585692 0.06567519 0.13901481
v 0.15726073 0.06993999 0.14220741
v 0.15794900 0.07256591 0.14283197
v 0.15796472 0.07262594 0.14284615
v 0.15794897 0.07256582 0.14283189
v 0.15859021 0.07539975 0.14273238
v 0.15942360 0.08031286 0.14044005
v 0.15908962 0.07804389 0.14188641
v 0.15905914 0.07788253 0.14193797
v 0.15905915 0.07788257 0.14193800
v -0.11194675 -0.11373349 -0.17106178
v -0.11594919 -0.13090332 -0.14633849
v -0.11547667 -0.12186553 -0.15863310
v 0.02490618 -0.15427718 -0.17706363
v 0.02443365 -0.16331498 -0.16476904
v 0.02090375 -0.17144702 -0.15234034
v 0.00541580 -0.18362726 -0.12923561
v -0.00586535 -0.18714313 -0.11956935
v -0.01887967 -0.18871182 -0.11174445
v 0.01447075 -0.17831787 -0.14032076
v -0.09645881 -0.10155325 -0.19416653
v -0.08517766 -0.09803738 -0.20383278
v -0.07216334 -0.09646869 -0.21165767
v 0.00844061 -0.12577248 -0.20793852
v -0.05798464 -0.09691571 -0.21729925
v -0.04326124 -0.09935895 -0.22051090
v -0.00220817 -0.11719342 -0.21472564
v -0.02863664 -0.10369160 -0.22115228
v -0.01474998 -0.10972431 -0.21919535
v 0.01673101 -0.13508657 -0.19913059
v 0.02230066 -0.14472860 -0.18868682
v -0.10551376 -0.10686263 -0.18308136
v -0.03305837 -0.18826479 -0.10610288
v -0.04778176 -0.18582156 -0.10289123
v -0.06240637 -0.18148892 -0.10224985
v -0.07629303 -0.17545620 -0.10420679
v -0.09948362 -0.15940803 -0.11546361
v -0.10777402 -0.15009394 -0.12427153
v -0.11334367 -0.14045191 -0.13471530
v -0.08883483 -0.16798709 -0.10867648
v -0.06602293 0.16374536 0.20735207
v -0.06602372 0.16374741 0.20734239
v -0.06534995 0.15027630 0.23616453
v -0.06524657 0.15447924 0.22956067
v -0.06531153 0.15771835 0.22336969
v -0.06532045 0.15816437 0.22251734
v -0.06557924 0.16128212 0.21506335
v -0.06602295 0.16374527 0.20735201
v -0.06746132 0.16661510 0.19134934
v -0.06756154 0.16665182 0.19052142
v -0.06665112 0.16553134 0.19942643
v -0.06960654 0.16660464 0.17502789
v -0.06984859 0.16640101 0.17354234
v -0.06844852 0.16697682 0.18319382
v -0.07240261 0.16364178 0.15894103
v -0.07280338 0.16300189 0.15701379
v -0.07092762 0.16549285 0.16692059
v -0.06984862 0.16640092 0.17354228
v -0.07577112 0.15775265 0.14364010
v -0.07631984 0.15657574 0.14153025
v -0.07402105 0.16105764 0.15115806
v -0.07961751 0.14904624 0.12965369
v -0.08027159 0.14735259 0.12765010
v -0.07763994 0.15374441 0.13645436
v -0.08375832 0.13791910 0.11768170
v -0.08451604 0.13566810 0.11586884
v -0.08170073 0.14365201 0.12327230
v -0.08170070 0.14365210 0.12327237
v -0.08796550 0.12504457 0.10827716
v -0.08890089 0.12193704 0.10661729
v -0.08585575 0.13168815 0.11266353
v -0.09205704 0.11109877 0.10163732
v -0.09326742 0.10665528 0.10023227
v -0.08999997 0.11828569 0.10466693
v -0.09609929 0.09588837 0.09759687
v -0.09745868 0.09037916 0.09693095
v -0.09409675 0.10361069 0.09926958
v -0.09992206 0.07999763 0.09642454
v -0.10132375 0.07369101 0.09683879
v -0.09804674 0.08799592 0.09664293
v -0.10338993 0.06395007 0.09823130
v -0.10472286 0.05719204 0.09996308
v -0.10170850 0.07195991 0.09695250
v -0.10132377 0.07369094 0.09683874
v -0.10637674 0.04828528 0.10302898
v -0.10753253 0.04147913 0.10619467
v -0.10495089 0.05603592 0.10025930
v -0.10876914 0.03354158 0.11073443
v -0.10965015 0.02712298 0.11531159
v -0.10765374 0.04076529 0.10652676
v -0.10971067 0.02668212 0.11562591
v -0.11047759 0.02015628 0.12126060
v -0.11100028 0.01464063 0.12697908
v -0.11102063 0.01442597 0.12720157
v -0.11143781 0.00787400 0.13554613
v -0.11152012 0.00452718 0.14080492
v -0.11137287 0.00924101 0.13363685
v -0.11154120 0.00367103 0.14214994
v -0.11146735 -0.00001417 0.14919323
v -0.11122338 -0.00295277 0.15621920
v -0.11120854 -0.00313186 0.15664726
v -0.11013667 -0.00738110 0.17228417
v -0.11009289 -0.00743979 0.17272088
v -0.11076482 -0.00559500 0.16435860
v -0.10833926 -0.00882654 0.18851675
v -0.10817188 -0.00877280 0.18969713
v -0.10932647 -0.00846487 0.18036126
v -0.11009286 -0.00743969 0.17272095
v -0.10586017 -0.00734259 0.20478994
v -0.10553914 -0.00693971 0.20652668
v -0.10718125 -0.00845442 0.19668268
v -0.10276672 -0.00290735 0.22055258
v -0.10228890 -0.00200501 0.22260523
v -0.10438517 -0.00549152 0.21276960
v -0.09914783 0.00440585 0.23525631
v -0.09853790 0.00585492 0.23735373
v -0.10101665 0.00039761 0.22807057
v -0.09508704 0.01449828 0.24843833
v -0.09442161 0.01635231 0.25024638
v -0.09508707 0.01449819 0.24843825
v -0.09717027 0.00910404 0.24205689
v -0.09093203 0.02646209 0.25904712
v -0.09008696 0.02912322 0.26080409
v -0.09302946 0.02023118 0.25402889
v -0.08678780 0.03986458 0.26704368
v -0.08569144 0.04369502 0.26865834
v -0.08882228 0.03310571 0.26343343
v -0.08269104 0.05453956 0.27244100
v -0.08139321 0.05954433 0.27352506
v -0.08473074 0.04705147 0.27007326
v -0.07874103 0.07015439 0.27506769
v -0.07734673 0.07610109 0.27523002
v -0.07874100 0.07015448 0.27506775
v -0.08068850 0.06226184 0.27411377
v -0.07507926 0.08619038 0.27475819
v -0.07369806 0.09277008 0.27370766
v -0.07507930 0.08619029 0.27475810
v -0.07686572 0.07815265 0.27528605
v -0.07686569 0.07815274 0.27528611
v -0.07183689 0.10211433 0.27145132
v -0.07057946 0.10894946 0.26900882
v -0.07339785 0.09420018 0.27347934
v -0.06913403 0.11738497 0.26518387
v -0.06810448 0.12405277 0.26129994
v -0.06913406 0.11738488 0.26518378
v -0.07041101 0.10986506 0.26868168
v -0.06707712 0.13146819 0.25608459
v -0.06636506 0.13752709 0.25085318
v -0.06801863 0.12460870 0.26097623
v -0.06631018 0.13799405 0.25044996
v -0.06576717 0.14372423 0.24450898
v -0.06576714 0.14372432 0.24450906
v -0.06541492 0.14890924 0.23807375
v -0.11255057 0.01012004 0.12312058
v -0.12191650 -0.01647774 0.09855603
v -0.12163735 -0.01330485 0.09510247
v -0.12131719 -0.01001802 0.09176093
v -0.11986727 -0.00591631 0.08768231
v -0.11885095 -0.00304143 0.08482351
v -0.11630834 0.00450128 0.07840451
v -0.10917154 0.02747483 0.06415782
v -0.11115163 0.02082445 0.06753197
v -0.11373689 0.01247330 0.07263153
v -0.11457767 0.00986698 0.07451893
v -0.10856692 0.02950522 0.06312762
v -0.10600311 0.03844356 0.05944451
v -0.09854276 0.06638753 0.05277836
v -0.09853734 0.06640926 0.05277666
v -0.10097354 0.05695288 0.05425961
v -0.10346770 0.04760916 0.05648521
v -0.10378089 0.04647679 0.05685092
v -0.09617917 0.07589449 0.05203488
v -0.09489308 0.08121562 0.05194052
v -0.09903705 0.08219388 0.09018748
v -0.10103466 0.07401578 0.09051551
v -0.10167884 0.07148857 0.09085222
v -0.10309984 0.06591405 0.09159490
v -0.10521514 0.05795763 0.09341536
v -0.10546532 0.05704191 0.09368372
v -0.10585946 0.05559942 0.09410650
v -0.10734145 0.04763527 0.09682400
v -0.10813737 0.04302723 0.09886528
v -0.10867300 0.03992605 0.10023911
v -0.10984366 0.03253470 0.10432066
v -0.11022417 0.02986667 0.10611435
v -0.11085472 0.02544546 0.10908665
v -0.11168302 0.01881399 0.11443954
v -0.11177853 0.01790180 0.11531621
v -0.11232557 0.01267748 0.12033689
v -0.03560112 -0.24413294 0.11607534
v -0.03651283 -0.24690367 0.11400351
v -0.00939379 -0.16448770 0.17563005
v -0.00848205 -0.16171689 0.17770192
v -0.00837131 -0.15959883 0.17482060
v -0.00507735 -0.09659614 0.08911472
v -0.03219641 -0.17901218 0.02748813
v -0.03310813 -0.18178293 0.02541631
v -0.03321888 -0.18390107 0.02829773
v -0.03640210 -0.24478562 0.11112220
v -0.04308430 0.22707635 0.13672361
v -0.07204687 0.16505556 0.15916443
v -0.07203263 0.16507307 0.15924211
v -0.03588220 0.23268704 0.18171413
v -0.06809572 0.16826716 0.18361191
v -0.06796171 0.16821162 0.18473031
v -0.03159553 0.22557910 0.22686499
v -0.06563599 0.16474879 0.20853470
v -0.06553990 0.16416556 0.21029224
v -0.06244135 0.02875057 0.33805633
v -0.08258352 0.05426852 0.27373657
v -0.08300220 0.05273204 0.27324960
v -0.07818738 -0.02401489 0.31091347
v -0.09157322 0.02385630 0.25874576
v -0.09192009 0.02281735 0.25793082
v -0.08695515 0.03863961 0.26792333
v -0.06827264 0.00784772 0.33039960
v -0.08630516 0.04090388 0.26889223
v -0.07417890 -0.01168602 0.31976423
v -0.08909316 0.03157679 0.26405898
v -0.08964764 0.02984267 0.26288509
v -0.09122598 0.02490650 0.25954375
v -0.08473095 0.04638772 0.27123892
v -0.08473098 0.04638763 0.27123886
v -0.08049836 0.06231940 0.27546084
v -0.05680336 0.05059825 0.34257910
v -0.07981322 0.06510261 0.27578491
v -0.05147318 0.07294710 0.34387603
v -0.07678936 0.07775430 0.27656817
v -0.07849062 0.07047547 0.27641037
v -0.04655904 0.09534325 0.34192079
v -0.07476816 0.08683044 0.27600220
v -0.07657574 0.07866827 0.27658802
v -0.07152796 0.10279789 0.27260229
v -0.07308146 0.09489524 0.27466699
v -0.07401552 0.09042915 0.27540636
v -0.07150958 0.10289802 0.27256620
v -0.04216070 0.11733215 0.33675304
v -0.07011896 0.11047506 0.26983345
v -0.03836745 0.13846725 0.32847780
v -0.06937820 0.11483916 0.26780114
v -0.03525629 0.15831961 0.31726304
v -0.06777300 0.12491137 0.26231486
v -0.06886439 0.11786604 0.26639172
v -0.06886435 0.11786614 0.26639178
v -0.03289050 0.17648570 0.30333632
v -0.06610570 0.13775279 0.25243172
v -0.06627154 0.13637559 0.25359043
v -0.06685288 0.13154770 0.25765276
v -0.06760921 0.12609264 0.26148504
v -0.09808987 0.08853664 0.09536355
v -0.09064485 0.08540527 0.02360210
v -0.09897804 0.08481076 0.09515069
v -0.08696373 0.10060912 0.02490345
v -0.06553700 0.14347102 0.24670745
v -0.03131798 0.19259721 0.28698057
v -0.06538691 0.14547989 0.24431790
v -0.03131795 0.19259730 0.28698066
v -0.06507738 0.14993504 0.23884079
v -0.03057068 0.20632684 0.26852790
v -0.06496175 0.15325941 0.23387532
v -0.06514914 0.14866272 0.24053170
v -0.06495012 0.15857545 0.22461525
v -0.03066385 0.21739563 0.24835280
v -0.06501591 0.15951881 0.22245508
v -0.03057071 0.20632675 0.26852784
v -0.06491624 0.15456928 0.23191847
v -0.03159556 0.22557901 0.22686493
v -0.06519337 0.16206224 0.21663062
v -0.06627278 0.16667993 0.20028828
v -0.03334683 0.23071100 0.20450078
v -0.06627281 0.16667984 0.20028822
v -0.06653523 0.16705380 0.19763179
v -0.03334684 0.23071095 0.20450075
v -0.06709581 0.16785239 0.19195753
v -0.06926212 0.16793032 0.17531994
v -0.03915013 0.23146729 0.15896784
v -0.06982177 0.16747445 0.17185888
v -0.07058338 0.16685399 0.16714892
v -0.07363883 0.16255839 0.15143013
v -0.04760481 0.21960348 0.11543315
v -0.07460698 0.16076086 0.14721695
v -0.05261987 0.20920044 0.09552878
v -0.07714833 0.15558957 0.13695405
v -0.07534467 0.15939121 0.14400677
v -0.05802773 0.19607823 0.07741445
v -0.08098315 0.14624913 0.12417074
v -0.08050453 0.14746290 0.12568182
v -0.07903076 0.15120032 0.13033471
v -0.07743985 0.15490983 0.13592896
v -0.08298606 0.14078884 0.11851716
v -0.06371848 0.18050356 0.06145816
v -0.08372651 0.13863692 0.11666162
v -0.08556180 0.13324377 0.11216684
v -0.06957667 0.16279241 0.04798370
v -0.08704311 0.12861091 0.10903111
v -0.08502291 0.13486926 0.11341287
v -0.08984167 0.11948008 0.10377224
v -0.07548331 0.14330451 0.03726473
v -0.09038605 0.11758524 0.10295806
v -0.08769369 0.12657623 0.10765394
v -0.08131848 0.12243555 0.02951893
v -0.09369118 0.10577272 0.09855663
v -0.09198104 0.11203342 0.10057255
v -0.09688403 0.09341180 0.09597482
v -0.09612336 0.09648719 0.09636043
v -0.09407715 0.10435972 0.09810165
v 0.02284597 0.22478917 0.09854807
v 0.02277936 0.22437811 0.09876356
v 0.04314930 0.22012183 0.09590393
v 0.04326317 0.22092807 0.09535345
v 0.02334609 0.22787595 0.09692901
v 0.04388654 0.22452939 0.09376833
v 0.02406422 0.23163369 0.09579064
v 0.04451431 0.22765546 0.09305245
v 0.02421660 0.23233488 0.09571821
v 0.04465271 0.22834466 0.09289462
v 0.02490694 0.23551138 0.09539030
v 0.04553419 0.23223549 0.09276638
v 0.02584328 0.23936772 0.09574053
v 0.04638516 0.23560883 0.09331583
v 0.02608930 0.24028224 0.09600622
v 0.04649824 0.23605709 0.09338885
v 0.02680950 0.24295926 0.09678409
v 0.04649821 0.23605700 0.09338878
v 0.04745357 0.23947994 0.09464610
v 0.02778396 0.24623118 0.09845248
v 0.04847909 0.24278587 0.09664354
v 0.02818277 0.24747190 0.09930820
v 0.04887431 0.24395822 0.09759219
v 0.02918474 0.25032759 0.10191812
v 0.04981017 0.24649185 0.10026491
v 0.03007550 0.25251508 0.10485600
v 0.05046967 0.24800780 0.10262234
v 0.03017556 0.25271457 0.10526733
v 0.05069494 0.24852557 0.10342764
v 0.03092867 0.25421613 0.10836308
v 0.05150562 0.24997848 0.10704740
v 0.03165947 0.25522506 0.11215513
v 0.05206188 0.25059047 0.11020815
v 0.03176448 0.25527561 0.11286610
v 0.05218466 0.25072551 0.11090586
v 0.03224080 0.25550491 0.11609095
v 0.05270698 0.25073755 0.11486308
v 0.03265196 0.25504756 0.12002698
v 0.05301229 0.25009850 0.11831244
v 0.03270864 0.25475964 0.12096503
v 0.05301231 0.25009856 0.11831247
v 0.05305294 0.25001341 0.11877168
v 0.03287477 0.25391617 0.12371373
v 0.05305297 0.25001353 0.11877175
v 0.05320667 0.24867693 0.12229297
v 0.03291763 0.25217998 0.12709342
v 0.05318042 0.24661663 0.12571624
v 0.03288410 0.25130266 0.12838089
v 0.05311755 0.24565013 0.12693703
v 0.03266414 0.24865365 0.13136394
v 0.05284266 0.24294828 0.12959464
v 0.03228617 0.24570130 0.13367699
v 0.05250890 0.24058564 0.13120738
v 0.03228620 0.24570140 0.13367705
v 0.03221959 0.24529034 0.13389255
v 0.05239501 0.23977935 0.13175781
v 0.03221960 0.24529038 0.13389258
v 0.03171947 0.24220356 0.13551161
v 0.05177166 0.23617807 0.13334298
v 0.03100132 0.23844576 0.13664995
v 0.05114388 0.23305196 0.13405882
v 0.03084894 0.23774458 0.13672237
v 0.05100548 0.23236276 0.13421664
v 0.03015860 0.23456809 0.13705029
v 0.05012401 0.22847196 0.13434492
v 0.02922226 0.23071174 0.13670005
v 0.04927304 0.22509862 0.13379547
v 0.02897625 0.22979727 0.13643439
v 0.04915997 0.22465041 0.13372248
v 0.02825604 0.22712021 0.13565649
v 0.04820463 0.22122751 0.13246520
v 0.02728158 0.22384828 0.13398811
v 0.04717911 0.21792158 0.13046776
v 0.02688279 0.22260761 0.13313241
v 0.04678388 0.21674919 0.12951908
v 0.02588082 0.21975191 0.13052250
v 0.04584802 0.21421556 0.12684636
v 0.02499007 0.21756446 0.12758465
v 0.04518853 0.21269965 0.12448896
v 0.02499004 0.21756437 0.12758459
v 0.02489000 0.21736492 0.12717329
v 0.04496324 0.21218184 0.12368363
v 0.02413688 0.21586338 0.12407754
v 0.04415257 0.21072893 0.12006387
v 0.02340608 0.21485440 0.12028544
v 0.04359630 0.21011695 0.11690313
v 0.02330106 0.21480384 0.11957448
v 0.04347353 0.20998190 0.11620542
v 0.02282475 0.21457459 0.11634966
v 0.04295123 0.20996992 0.11224822
v 0.02241359 0.21503191 0.11241361
v 0.04264591 0.21060896 0.10879886
v 0.02235692 0.21531987 0.11147559
v 0.04260526 0.21069403 0.10833962
v 0.02219079 0.21616332 0.10872688
v 0.04260523 0.21069394 0.10833956
v 0.04245153 0.21203053 0.10481833
v 0.02219077 0.21616328 0.10872684
v 0.02214793 0.21789952 0.10534719
v 0.04247776 0.21409078 0.10139503
v 0.02214794 0.21789958 0.10534723
v 0.02218144 0.21877681 0.10405969
v 0.04254065 0.21505733 0.10017428
v 0.02240142 0.22142586 0.10107667
v 0.04254067 0.21505737 0.10017431
v 0.04281554 0.21775918 0.09751666
v 0.02277939 0.22437821 0.09876363
v 0.04281553 0.21775913 0.09751662
v 0.03657882 0.27158701 0.12085127
v 0.05747683 0.26411250 0.12767339
v 0.05739975 0.26513481 0.12528849
v 0.05708669 0.26646775 0.12055986
v 0.03657133 0.27159241 0.12078477
v 0.05684616 0.26681939 0.11810942
v 0.03597761 0.27201504 0.11551928
v 0.03723013 0.26848122 0.13127401
v 0.03725765 0.26591170 0.13600239
v 0.05755397 0.26122567 0.13333774
v 0.05755613 0.26306102 0.13012661
v 0.03718901 0.26882690 0.13035296
v 0.03700105 0.27040839 0.12614009
v 0.05656667 0.26722819 0.11526173
v 0.05586359 0.26724422 0.10987818
v 0.03530621 0.27174228 0.11088496
v 0.05559406 0.26701349 0.10823099
v 0.03521435 0.27170494 0.11025090
v 0.05498686 0.26649386 0.10451990
v 0.03437324 0.27077335 0.10548265
v 0.05397671 0.26501626 0.09942418
v 0.03350990 0.26937589 0.10136427
v 0.05380714 0.26469147 0.09870373
v 0.03350994 0.26937598 0.10136434
v 0.03335253 0.26912114 0.10061356
v 0.05287695 0.26290995 0.09475158
v 0.03335256 0.26912123 0.10061362
v 0.03218483 0.26673850 0.09590943
v 0.05175424 0.26036072 0.09068308
v 0.03129734 0.26460886 0.09289472
v 0.05159918 0.25996035 0.09020605
v 0.03090345 0.26366365 0.09155668
v 0.05046586 0.25703424 0.08671952
v 0.03090342 0.26366356 0.09155662
v 0.04631596 0.24392465 0.07816464
v 0.04496999 0.23892066 0.07671258
v 0.02467367 0.24360669 0.07937723
v 0.02559377 0.24706908 0.08029655
v 0.04656783 0.24478966 0.07856191
v 0.02627332 0.24946561 0.08125807
v 0.04771994 0.24874640 0.08037912
v 0.02693399 0.25179556 0.08219290
v 0.04911255 0.25314194 0.08325657
v 0.02819770 0.25592333 0.08455941
v 0.04912940 0.25319037 0.08329968
v 0.02882995 0.25782198 0.08603622
v 0.04912943 0.25319046 0.08329975
v 0.02956473 0.26002851 0.08775254
v 0.02956476 0.26002860 0.08775261
v 0.03598855 0.21393476 0.21774164
v 0.05628484 0.20924865 0.21507691
v 0.02946742 0.17901234 0.06398546
v 0.00917110 0.18369837 0.06665012
v -0.07230361 0.15015711 -0.21503806
v -0.07508308 0.09699500 -0.14271882
v -0.06749818 0.15222216 -0.21991441
v -0.06737364 0.15227567 -0.22004077
v -0.06222933 0.15388265 -0.22445364
v 0.02456142 0.13384436 -0.23584819
v 0.02953366 0.12981905 -0.23265301
v 0.02966254 0.12971471 -0.23257019
v 0.03401048 0.12561126 -0.22899579
v 0.03123101 0.07244915 -0.15667656
v 0.02642559 0.07038407 -0.15180019
v 0.02630104 0.07033057 -0.15167382
v 0.02115672 0.06872360 -0.14726096
v -0.06563403 0.08876189 -0.13586640
v -0.07060625 0.09278719 -0.13906159
v -0.07073513 0.09289154 -0.13914442
v 0.15551203 0.02697228 0.20445020
v 0.15556578 0.02705173 0.20471978
v 0.15521474 0.01710474 0.21960168
v 0.15496042 0.01617692 0.21956412
v 0.15122674 0.00788451 0.20537713
v 0.15121718 0.00925911 0.20288694
v 0.15138695 0.00725385 0.20770645
v 0.15229607 0.00797204 0.21336806
v 0.15216877 0.00771550 0.21284963
v 0.15171619 0.00717260 0.21035713
v 0.15142335 0.00724480 0.20799960
v 0.15272564 0.00883799 0.21511720
v 0.15337448 0.01053290 0.21707870
v 0.15471391 0.01502809 0.21937579
v 0.15405837 0.01266712 0.21853454
v 0.15360197 0.01124285 0.21756302
v 0.15585725 0.02008049 0.21919943
v 0.15609539 0.02145758 0.21859150
v 0.15527476 0.01732380 0.21961054
v 0.15630051 0.02264381 0.21806787
v 0.15657347 0.02482129 0.21631771
v 0.15663150 0.02713875 0.21268414
v 0.15664276 0.02574769 0.21521628
v 0.15604112 0.02775443 0.20710465
v 0.15642525 0.02781587 0.20992254
v 0.15643844 0.02777270 0.21009880
v 0.15428817 0.02389265 0.20054398
v 0.15425949 0.02379853 0.20049094
v 0.15495159 0.02572789 0.20236968
v 0.15354776 0.02146306 0.19917701
v 0.15285951 0.01883712 0.19855259
v 0.15284379 0.01877714 0.19853833
v 0.15285952 0.01883716 0.19855262
v 0.15221831 0.01600333 0.19865210
v 0.15138490 0.01109017 0.20094439
v 0.15171888 0.01335918 0.19949806
v 0.15174937 0.01352055 0.19944650
v 0.16220304 0.08814894 0.14783029
v 0.13019319 0.07169601 -0.06705042
v 0.16401687 0.08762928 0.16255987
v 0.15803300 0.02935790 0.21945661
v 0.16049035 0.04142989 0.21694432
v 0.12920207 0.07070008 -0.07284823
v 0.12452139 0.05969660 -0.08914980
v 0.12601736 0.06396244 -0.08525702
v 0.12772082 0.06805088 -0.07947187
v 0.12249453 -0.04618275 0.08160974
v 0.12160335 -0.04732005 0.07682174
v 0.10866896 0.01152037 -0.12517357
v 0.12288687 -0.04568207 0.08371761
v 0.13711169 -0.03659123 0.17607908
v 0.15859024 0.07539984 0.14273244
v 0.16253093 0.08828297 0.15009205
v 0.16220301 0.08814885 0.14783022
v 0.12402287 -0.04477073 0.09076768
v 0.13459010 -0.03933918 0.16170506
v 0.13493481 -0.03912755 0.16395845
v 0.12018701 -0.04966721 0.07016133
v 0.12003309 -0.04997128 0.06952374
v 0.11865368 -0.05269650 0.06380944
v 0.11407746 -0.06400757 0.04884446
v 0.11530469 -0.06066223 0.05230903
v 0.16492888 0.08465257 0.17474133
v 0.16523337 0.07946186 0.18618892
v 0.16523342 0.07946195 0.18618898
v 0.16491920 0.07224809 0.19648182
v 0.13220054 -0.02217150 0.11331325
v 0.11719121 -0.05599020 0.05846230
v 0.11702012 -0.05637554 0.05783669
v 0.16049033 0.04142984 0.21694429
v 0.16250329 0.05287619 0.21214733
v 0.16399789 0.06327634 0.20524193
v 0.11352615 -0.06551037 0.04728804
v 0.11174023 -0.07075622 0.04291020
v 0.11081020 -0.07367752 0.04096366
v 0.13970320 -0.03181371 0.18741660
v 0.14261419 -0.02497031 0.19755448
v 0.14573763 -0.01631262 0.20612007
v 0.14573766 -0.01631255 0.20612012
v 0.14636643 -0.01442489 0.20758978
v 0.14895879 -0.00615874 0.21279871
v 0.10839935 -0.08152616 0.03640301
v 0.10561053 -0.09098513 0.03179538
v 0.10281926 -0.10036506 0.02703009
v 0.10989998 -0.07653665 0.03905863
v 0.10990000 -0.07653657 0.03905868
v 0.15215930 0.00511829 0.21734494
v 0.14895882 -0.00615865 0.21279877
v -0.04867193 -0.09250373 -0.21520948
v -0.04147747 -0.09393797 -0.21645737
v -0.05588433 -0.09152684 -0.21334209
v -0.07037517 -0.09105447 -0.20759703
v -0.07018767 -0.09103996 -0.20769896
v -0.06321136 -0.09102442 -0.21078968
v -0.05619719 -0.09150538 -0.21323310
v -0.07683783 -0.09155472 -0.20408411
v -0.08309705 -0.09255492 -0.19999209
v -0.09465202 -0.09614972 -0.19009978
v -0.09421075 -0.09593356 -0.19058305
v -0.08890581 -0.09402210 -0.19547379
v -0.08338343 -0.09262725 -0.19976933
v -0.09896494 -0.09826256 -0.18537627
v -0.10312811 -0.10097881 -0.17991167
v -0.11010128 -0.10833824 -0.16700101
v -0.10955510 -0.10743584 -0.16844817
v -0.10666692 -0.10404871 -0.17424887
v -0.10368866 -0.10146508 -0.17901470
v -0.11177372 -0.11110141 -0.16256972
v -0.11330344 -0.11497832 -0.15671179
v -0.11407606 -0.12549679 -0.14230497
v -0.11432341 -0.12352658 -0.14483097
v -0.11416266 -0.11910380 -0.15081649
v -0.11361356 -0.11646736 -0.15458396
v -0.11375070 -0.12808816 -0.13898258
v -0.11238868 -0.13292082 -0.13311902
v -0.10590782 -0.14466266 -0.12026803
v -0.10746921 -0.14255051 -0.12240563
v -0.11027195 -0.13777681 -0.12755635
v -0.11146780 -0.13503341 -0.13069898
v -0.10398095 -0.14726922 -0.11763009
v -0.09987284 -0.15185216 -0.11330892
v -0.08699541 -0.16253380 -0.10469064
v -0.09000724 -0.16043918 -0.10616651
v -0.09519571 -0.15625653 -0.10947695
v -0.09762926 -0.15396491 -0.11147075
v -0.08436955 -0.16436002 -0.10340390
v -0.07834612 -0.16798374 -0.10120837
v -0.06060402 -0.17602900 -0.09825657
v -0.06540955 -0.17421579 -0.09856675
v -0.07200340 -0.17127834 -0.09959347
v -0.07447156 -0.16999631 -0.10022188
v -0.05864090 -0.17676970 -0.09812985
v -0.05185460 -0.17889749 -0.09827062
v -0.03127826 -0.18283318 -0.10206196
v -0.03159113 -0.18281172 -0.10195298
v -0.03880352 -0.18183483 -0.10008557
v -0.04599798 -0.18040058 -0.09883770
v -0.02426409 -0.18331413 -0.10450538
v -0.01728779 -0.18329860 -0.10759611
v -0.00409202 -0.18171132 -0.11552572
v -0.00437840 -0.18178363 -0.11530297
v -0.01063762 -0.18278384 -0.11121095
v -0.01710029 -0.18328409 -0.10769803
v 0.00143036 -0.18031645 -0.11982127
v 0.00673530 -0.17840500 -0.12471201
v 0.01621320 -0.17287348 -0.13628036
v 0.01565265 -0.17335974 -0.13538338
v 0.01148948 -0.17607599 -0.12991880
v 0.00717656 -0.17818883 -0.12519528
v 0.01919146 -0.17028984 -0.14104618
v 0.02207964 -0.16690272 -0.14684689
v 0.02613810 -0.15787120 -0.16071109
v 0.02582798 -0.15936023 -0.15858327
v 0.02429826 -0.16323714 -0.15272534
v 0.02262583 -0.16600032 -0.14829406
v 0.02668720 -0.15523475 -0.16447857
v 0.02684796 -0.15081197 -0.17046410
v 0.02399234 -0.13930514 -0.18459608
v 0.02491322 -0.14141774 -0.18217604
v 0.02627524 -0.14625038 -0.17631248
v 0.02660059 -0.14884177 -0.17299008
v 0.02279649 -0.13656175 -0.18773870
v 0.01999375 -0.13178805 -0.19288944
v 0.01015381 -0.12037366 -0.20382430
v 0.01239739 -0.12248640 -0.20198613
v 0.01650550 -0.12706932 -0.19766496
v 0.01843237 -0.12967588 -0.19502702
v 0.00772026 -0.11808202 -0.20581810
v 0.00253179 -0.11389937 -0.20912854
v -0.01300389 -0.10434225 -0.21507318
v -0.00912934 -0.10635483 -0.21408670
v -0.00310591 -0.10997855 -0.21189116
v -0.00048004 -0.11180475 -0.21060441
v -0.01547205 -0.10306021 -0.21570159
v -0.02206591 -0.10012276 -0.21672831
v -0.03562086 -0.09544107 -0.21702443
v -0.02883455 -0.09756885 -0.21716520
v -0.02687144 -0.09830956 -0.21703850
v 0.04908523 0.21519630 0.14977904
v 0.04520630 0.21118250 0.12729236
v 0.04073451 0.20409738 0.10569116
v 0.05628487 0.20924874 0.21507698
v 0.03575789 0.19408035 0.08540072
v 0.05229497 0.21605983 0.17270856
v 0.05477227 0.21375595 0.19562939
v 0.03037443 0.18132871 0.06682052
v -0.11315837 -0.12824696 0.22784525
v -0.12689108 -0.08141474 0.17486258
v -0.13055503 -0.04923238 0.09035929
v -0.07460702 0.16076078 0.14721689
v -0.12733705 -0.08272767 0.17377451
v -0.12925401 -0.08798227 0.16841404
v -0.13105941 -0.09228537 0.16222987
v -0.13270521 -0.09552227 0.15538640
v -0.13414764 -0.09760699 0.14806573
v -0.13534838 -0.09848418 0.14046250
v -0.13627546 -0.09813043 0.13277908
v -0.13627543 -0.09813036 0.13277912
v -0.13690415 -0.09655501 0.12521988
v -0.06796174 0.16821153 0.18473025
v -0.06982180 0.16747434 0.17185880
v -0.13721782 -0.09380001 0.11798575
v -0.13720806 -0.08993862 0.11126952
v -0.13687517 -0.08507357 0.10524949
v -0.13622802 -0.07933439 0.10008591
v -0.08258351 0.05426857 0.27373663
v -0.13095511 -0.05094877 0.09033037
v -0.13261178 -0.05848945 0.09097270
v -0.11152015 0.00452709 0.14080484
v -0.13406757 -0.06586310 0.09285139
v -0.13528377 -0.07287358 0.09591632
v -0.09064488 0.08540517 0.02360203
v -0.12222188 -0.04863794 0.01881060
v -0.04006935 -0.23206156 0.06081291
v -0.03998201 -0.23005980 0.05795790
v -0.03718159 -0.24511877 0.10577082
v -0.03994293 -0.23948866 0.07483699
v -0.03896587 -0.24390644 0.09004822
v -0.03547741 -0.19559939 0.03166725
v -0.03778587 -0.20961840 0.03873769
v -0.03933952 -0.22195512 0.04859888
v -0.03601021 -0.24450034 0.11360551
v -0.03466934 -0.24307168 0.12130624
v -0.01210572 -0.17655547 0.17619586
v -0.03154076 -0.23785625 0.13596442
v -0.01591732 -0.19179927 0.17397095
v -0.02793481 -0.22970410 0.14909425
v -0.01994561 -0.20615242 0.16852923
v -0.02401167 -0.21897730 0.16011228
v -0.00868013 -0.16109818 0.17510509
v -0.00180797 -0.08174635 0.08790252
v -0.02903525 -0.16505270 0.02701735
v -0.02852850 -0.16295122 0.02718160
v -0.00158095 -0.11036445 0.13995905
v -0.00297157 -0.11564111 0.13864635
v 0.00422857 -0.06004575 0.09571967
v -0.00095294 -0.07809573 0.08799522
v 0.00159326 -0.06843203 0.09039482
v 0.00005119 -0.10538007 0.14362533
v -0.00382788 -0.11974071 0.13933340
v -0.00434841 -0.12340426 0.14181130
v -0.00439710 -0.12404206 0.14256205
v -0.00579276 -0.14611411 0.17074709
v -0.00544812 -0.14414467 0.16990870
v 0.00098684 -0.10275453 0.14613484
v 0.00669862 -0.05374647 0.10345589
v 0.00362424 -0.09425014 0.15126783
v 0.00876492 -0.05014236 0.11285643
v 0.00615470 -0.08453076 0.15344971
v 0.01022799 -0.04958136 0.12301388
v 0.00833395 -0.07453474 0.15246984
v 0.01094662 -0.05211756 0.13294773
v 0.00995155 -0.06522706 0.14842257
v 0.01085140 -0.05750621 0.14169885
v -0.03251671 -0.18052089 0.02770173
v -0.03500186 0.21677490 0.11395024
v -0.03504131 0.21669719 0.11378640
v -0.06183721 -0.01529174 0.31765789
v -0.06161433 -0.01457287 0.31809133
v -0.06462698 -0.02392335 0.31158796
v -0.06562299 -0.02691576 0.30926391
v -0.07550190 0.09324049 0.02271274
v -0.07808045 0.08250439 0.02195255
v -0.05619153 0.00328733 0.32798731
v -0.05570979 0.00496799 0.32870117
v -0.05901374 -0.00618548 0.32314971
v -0.05058829 0.02321095 0.33562911
v -0.04988152 0.02586939 0.33633736
v -0.05338283 0.01308592 0.33214921
v -0.04512194 0.04416164 0.34042194
v -0.04424714 0.04770950 0.34084600
v -0.04783423 0.03357013 0.33838889
v -0.04988149 0.02586948 0.33633745
v -0.03990739 0.06571916 0.34222972
v -0.03892076 0.07004682 0.34213418
v -0.04247547 0.05489463 0.34170491
v -0.04424717 0.04770941 0.34084591
v -0.03506007 0.08741644 0.34099457
v -0.03400943 0.09243055 0.34017941
v -0.03506004 0.08741653 0.34099466
v -0.03741525 0.07665040 0.34198847
v -0.03892073 0.07004691 0.34213427
v -0.03073305 0.10853279 0.33681801
v -0.02961310 0.11440786 0.33501670
v -0.03282604 0.09807817 0.33926135
v -0.02693007 0.12901382 0.32976720
v -0.02582049 0.13553415 0.32675213
v -0.02693010 0.12901372 0.32976714
v -0.02876449 0.11885954 0.33365181
v -0.02371800 0.14851777 0.31993368
v -0.02270839 0.15538205 0.31555235
v -0.02524697 0.13890439 0.32519370
v -0.02116266 0.16667803 0.30746102
v -0.02034033 0.17354865 0.30164200
v -0.02235386 0.15779251 0.31401375
v -0.01809723 0.20066485 0.27104130
v -0.01802965 0.20335186 0.26683068
v -0.01824487 0.19745049 0.27556947
v -0.01868374 0.19061007 0.28425607
v -0.02014736 0.17516112 0.30027619
v -0.01932012 0.18314719 0.29253298
v -0.01876423 0.18966617 0.28530297
v -0.01799153 0.21179415 0.25227454
v -0.01812270 0.21441500 0.24666646
v -0.01799156 0.21179406 0.25227448
v -0.01794983 0.20652348 0.26186109
v -0.01864613 0.22041054 0.23213592
v -0.01905211 0.22260065 0.22519214
v -0.01822331 0.21642548 0.24236454
v -0.02005926 0.22632216 0.21097624
v -0.02079952 0.22774199 0.20284086
v -0.01925858 0.22371490 0.22165993
v -0.01905208 0.22260074 0.22519222
v -0.02221535 0.22938062 0.18917505
v -0.02333019 0.22973281 0.18006410
v -0.02104696 0.22821671 0.20012133
v -0.02508415 0.22948727 0.16713621
v -0.02659346 0.22853030 0.15732296
v -0.02356526 0.22980703 0.17814305
v -0.02333022 0.22973272 0.18006402
v -0.02356529 0.22980694 0.17814298
v -0.02677658 0.22841427 0.15613219
v -0.02862046 0.22659861 0.14528057
v -0.03052354 0.22415680 0.13507923
v -0.03063111 0.22401880 0.13450259
v -0.03276425 0.22073050 0.12403750
v -0.03975503 0.20697469 0.09498048
v -0.04006002 0.20626712 0.09390168
v -0.03735494 0.21213989 0.10417815
v -0.04487299 0.19469404 0.07759420
v -0.04546861 0.19312961 0.07580862
v -0.04228886 0.20109648 0.08601797
v -0.05028479 0.18008941 0.06205677
v -0.05115797 0.17755054 0.05987073
v -0.04755851 0.18764037 0.06954345
v -0.05589200 0.16340438 0.04868944
v -0.05701343 0.15984307 0.04641055
v -0.05307185 0.17198567 0.05507926
v -0.06159138 0.14492518 0.03777536
v -0.06291679 0.14036404 0.03570105
v -0.05872968 0.15439278 0.04292290
v -0.06727666 0.12497482 0.02955575
v -0.06874863 0.11950681 0.02795990
v -0.06442692 0.13516721 0.03333763
v -0.07005458 0.11465556 0.02654404
v -0.07284039 0.10390711 0.02422697
v -0.07439085 0.09769326 0.02334484
v 0.04595650 0.21145149 0.21566111
v 0.03572094 0.21363299 0.21623401
v 0.01448716 0.19618337 0.08518590
v 0.00943867 0.18400005 0.06815769
v 0.01959200 0.20677266 0.10544655
v 0.02419342 0.21437930 0.12711807
v 0.03598852 0.21393467 0.21774156
v 0.03410513 0.21807885 0.19610813
v 0.03572097 0.21363309 0.21623409
v 0.02819800 0.21884879 0.14976037
v 0.02819797 0.21884869 0.14976031
v 0.03152440 0.22009034 0.17291373
v 0.01940680 0.18151698 0.06607813
v -0.08302924 0.06675733 0.01195091
v -0.09077937 0.07095721 -0.05446666
v -0.09178767 0.06667702 -0.05461967
v -0.08403752 0.06247718 0.01179794
v -0.08983648 0.06381605 0.01255927
v -0.09758663 0.06801588 -0.05385833
v -0.08882819 0.06809619 0.01271224
v -0.07489537 0.12724046 0.01482636
v -0.08264551 0.13144034 -0.05159121
v -0.09657833 0.07229608 -0.05370533
v -0.11151944 0.00887164 -0.05597244
v -0.10376930 0.00467176 0.01044512
v -0.07833453 0.09093218 -0.13317993
v -0.07486319 0.15732746 -0.22350095
v -0.02394869 0.14909150 -0.23489177
v 0.03378373 0.06514734 -0.14803484
v 0.03724779 0.13140339 -0.23816647
v -0.02776621 0.07631606 -0.13588595
v 0.09358595 -0.10902794 0.03444799
v 0.10085730 -0.08435452 0.04697775
v 0.09331522 -0.08718301 0.05755242
v 0.08419650 -0.11780224 0.04194291
v 0.10408960 -0.06183553 0.09504370
v 0.10304592 -0.06275647 0.08871368
v 0.10196101 -0.06443989 0.08341049
v 0.10134157 -0.06540100 0.08038248
v 0.09938129 -0.06955223 0.07275162
v 0.09723492 -0.07506219 0.06609273
v 0.09723490 -0.07506225 0.06609268
v 0.11719119 -0.05599027 0.05846225
v 0.09641499 -0.07748727 0.06411213
v 0.09497895 -0.08173458 0.06064331
v 0.11465681 -0.05640408 0.16598102
v 0.15120858 0.11235437 0.14761469
v 0.14187516 0.01795125 0.24253930
v 0.14196704 0.01831083 0.24260674
v 0.15164262 0.11253180 0.15060872
v 0.15329722 0.11180396 0.16449158
v 0.15360959 0.11166654 0.16711248
v 0.15465254 0.10826246 0.18104284
v 0.15481684 0.10772618 0.18323743
v 0.15517418 0.10163426 0.19667241
v 0.15521993 0.10085525 0.19839074
v 0.15484174 0.09217229 0.21077986
v 0.15480401 0.09130616 0.21201570
v 0.15366741 0.08023779 0.22282293
v 0.15358447 0.07943010 0.22361164
v 0.15169573 0.06628735 0.23233807
v 0.14568861 0.03453160 0.24242783
v 0.14894146 0.05051145 0.23910233
v 0.14900185 0.05085489 0.23895839
v 0.15160605 0.06566323 0.23275250
v 0.13791351 0.00244516 0.23963265
v 0.13772146 0.00176852 0.23935983
v 0.13367696 -0.01248232 0.23361468
v 0.13338694 -0.01339652 0.23301335
v 0.13338697 -0.01339643 0.23301342
v 0.12941302 -0.02592330 0.22477403
v 0.12903804 -0.02696271 0.22374570
v 0.12527846 -0.03738365 0.21343559
v 0.12484150 -0.03841086 0.21191381
v 0.12142516 -0.04644230 0.20001593
v 0.12095828 -0.04730304 0.19797343
v 0.11511312 -0.05612386 0.16896388
v 0.11753707 -0.05329971 0.18246025
v 0.11753705 -0.05329978 0.18246019
v 0.11799470 -0.05276653 0.18500826
v 0.11919875 0.09590150 -0.06726592
v 0.10971471 0.07583681 -0.10421910
v 0.11221617 0.08296985 -0.09770985
v 0.11247426 0.08358926 -0.09683337
v 0.11754146 0.09423618 -0.07696065
v 0.11731702 0.09383474 -0.07796424
v 0.11506460 0.08980633 -0.08803630
v 0.09141247 0.02021550 -0.14580993
v 0.08419647 -0.11780234 0.04194283
v 0.09141244 0.02021541 -0.14581001
v -0.05687653 -0.08718471 -0.21871237
v -0.04126158 -0.08980872 -0.22207460
v -0.07195359 -0.08660708 -0.21285015
v -0.00837951 -0.18724220 -0.10624228
v -0.02295376 -0.18770193 -0.09921400
v 0.02962862 -0.13746102 -0.18954258
v 0.03306494 -0.14764324 -0.17743759
v 0.02318867 -0.12726684 -0.20034178
v -0.11424585 -0.14199941 -0.12016055
v -0.11920945 -0.13175866 -0.13167170
v -0.08587547 -0.08809946 -0.20472792
v 0.00474716 -0.18473247 -0.11537510
v 0.01400876 -0.11747808 -0.20939308
v -0.10639564 -0.15204240 -0.11018411
v -0.09807225 -0.09160076 -0.19467823
v -0.03837890 -0.18609285 -0.09457798
v 0.00246469 -0.10849548 -0.21632589
v -0.12108324 -0.12173944 -0.14424631
v 0.01588886 -0.18027551 -0.12623855
v -0.09598021 -0.16147649 -0.10215084
v -0.01097092 -0.10068678 -0.22085641
v -0.10804454 -0.09696765 -0.18311247
v 0.02458944 -0.17405377 -0.13838790
v -0.08342597 -0.16991544 -0.09638961
v -0.02574800 -0.09437168 -0.22279917
v -0.11538412 -0.10398040 -0.17050420
v -0.06924687 -0.17701375 -0.09313628
v 0.03049269 -0.16632198 -0.15132575
v -0.11979049 -0.11235191 -0.15736955
v -0.05402344 -0.18248083 -0.09252404
v 0.03335695 -0.15739666 -0.16452239
v -0.01044290 -0.07975272 0.08903619
v -0.00764809 -0.10076089 0.14726850
v -0.00858374 -0.10338642 0.14475900
v -0.00958787 -0.07610209 0.08912887
v -0.00704167 -0.06643839 0.09152848
v -0.00440636 -0.05805212 0.09685332
v -0.00193630 -0.05175283 0.10458954
v 0.00012999 -0.04814872 0.11399008
v 0.00159306 -0.04758773 0.12414755
v 0.00231169 -0.05012392 0.13408138
v 0.00221648 -0.05551257 0.14283252
v 0.00131662 -0.06323342 0.14955622
v -0.00030098 -0.07254110 0.15360351
v -0.00248022 -0.08253713 0.15458338
v -0.00501069 -0.09225649 0.15240148
v 0.02934001 0.17866780 0.06362090
v 0.04364845 0.13967013 0.11516879
v 0.04337148 0.13905731 0.11413687
v 0.04025834 0.13852316 0.10303431
v 0.03877124 0.13831744 0.09820662
v 0.03411830 0.13767362 0.08310141
v 0.02469016 0.16609359 0.05031645
v 0.03223285 0.13746920 0.07752436
v 0.02351315 0.16260281 0.04749015
v 0.02578506 0.13677022 0.05845206
v 0.02351313 0.16260274 0.04749009
v 0.01881690 0.14867468 0.03621325
v 0.02323881 0.13653633 0.05132620
v 0.01881693 0.14867477 0.03621332
v 0.01753238 0.14457051 0.03364676
v 0.02059012 0.13629301 0.04391364
v 0.01479072 0.13581067 0.02816889
v 0.01283194 -0.03365640 0.31127131
v 0.00873014 -0.04634265 0.30233827
v 0.02651388 -0.01274885 0.25269887
v 0.02958624 -0.00324651 0.25938991
v 0.05570281 0.15214364 0.18504946
v 0.05636555 0.20884472 0.21640204
v 0.05677806 0.14870380 0.19928877
v 0.04680341 0.14602047 0.12803210
v 0.04963837 0.15051223 0.14172646
v 0.05209747 0.15305685 0.15598218
v 0.05413228 0.15360413 0.17051852
v 0.05646837 0.20833005 0.21809027
v 0.05729643 0.20040064 0.23834208
v 0.05733692 0.14335252 0.21295621
v 0.05734987 0.19988891 0.23964900
v 0.05739722 0.18910809 0.25896862
v 0.05736835 0.13619506 0.22578262
v 0.05739945 0.18859886 0.25988117
v 0.05663932 0.17509387 0.27784100
v 0.05687175 0.12737232 0.23751560
v 0.05661613 0.17468217 0.27838841
v 0.05503784 0.15864156 0.29457551
v 0.05687172 0.12737224 0.23751554
v 0.05585689 0.11705815 0.24792391
v 0.05503781 0.15864147 0.29457545
v 0.05501530 0.15841264 0.29480645
v 0.05434375 0.10545542 0.25680289
v 0.05501533 0.15841274 0.29480654
v 0.05262852 0.14011085 0.30881190
v 0.05236211 0.09279265 0.26397753
v 0.05262397 0.14008185 0.30882829
v 0.05236214 0.09279274 0.26397759
v 0.05262394 0.14008175 0.30882820
v 0.04950273 0.12013686 0.32012916
v 0.04943821 0.11977630 0.32027176
v 0.04995102 0.07931924 0.26930675
v 0.04569948 0.09888402 0.32853526
v 0.04555636 0.09816569 0.32870838
v 0.04715792 0.06530040 0.27268544
v 0.04129368 0.07677084 0.33386478
v 0.04105746 0.07568900 0.33396801
v 0.04403780 0.05101200 0.27404723
v 0.03637208 0.05423264 0.33601296
v 0.03603281 0.05280208 0.33594453
v 0.04065209 0.03673546 0.27336526
v 0.03103150 0.03171299 0.33493719
v 0.03058456 0.02996954 0.33459893
v 0.03706747 0.02275190 0.27065298
v 0.02537718 0.00965556 0.33065891
v 0.02482326 0.00765424 0.32995924
v 0.03335447 0.00933649 0.26596373
v 0.01952037 -0.01150559 0.32326210
v 0.01886593 -0.01369096 0.32212046
v 0.01357643 -0.03135384 0.31289271
v -0.00845711 -0.11698094 0.16963063
v -0.02624086 -0.15057479 0.21927011
v -0.01303203 -0.12204843 0.14369571
v -0.01345530 -0.13014424 0.15470888
v -0.01499424 -0.13318324 0.15945028
v -0.01602149 -0.13521178 0.16261519
v -0.01900479 -0.14101471 0.17168853
v -0.01298334 -0.12141063 0.14294495
v -0.01246281 -0.11774707 0.14046706
v -0.01160649 -0.11364747 0.13978001
v -0.01021588 -0.10837082 0.14109272
v -0.10059398 -0.13114783 0.22619569
v -0.12321150 -0.05288364 0.01873922
v -0.12650323 -0.06786675 0.02001561
v -0.12730956 -0.07153693 0.02032823
v -0.13031128 -0.08674079 0.02420177
v -0.13091075 -0.08977711 0.02497538
v -0.13350956 -0.10475729 0.03152454
v -0.13391925 -0.10711881 0.03255689
v -0.13600767 -0.12140840 0.04177913
v -0.13625498 -0.12310072 0.04287144
v -0.13773483 -0.13622414 0.05467832
v -0.13785590 -0.13729784 0.05564428
v -0.13864198 -0.14878629 0.06986031
v -0.13867936 -0.14933236 0.07053589
v -0.13870309 -0.15873975 0.08689876
v -0.13870344 -0.15888411 0.08714999
v -0.13792756 -0.16569924 0.10504472
v -0.13790405 -0.16575812 0.10532742
v -0.13637233 -0.16959620 0.12374395
v -0.13626829 -0.16963589 0.12460621
v -0.13407910 -0.17047141 0.14275029
v -0.13385446 -0.17030725 0.14417259
v -0.13110887 -0.16830155 0.16155817
v -0.13073105 -0.16775554 0.16347583
v -0.12754072 -0.16314454 0.17966725
v -0.12698632 -0.16205414 0.18197247
v -0.12346949 -0.15513733 0.19659588
v -0.12272609 -0.15336548 0.19914229
v -0.11426161 -0.13149473 0.22515351
v -0.11807051 -0.14193550 0.21450260
v -0.11900353 -0.14449303 0.21189357
v -0.10965748 -0.05153881 0.01716105
v -0.09453818 -0.14771087 0.03584786
v -0.09377673 -0.14444107 0.03828077
v -0.09296867 -0.14112677 0.04074818
v -0.07193150 -0.14663911 0.03750456
v -0.05089423 -0.15215123 0.03426112
v -0.03964320 -0.13611437 0.04648228
v -0.01925101 -0.10652097 0.06902023
v -0.03058114 -0.12296340 0.05649789
v -0.08865736 -0.18309395 0.16146684
v -0.08595530 -0.19091207 0.17719549
v -0.08364160 -0.18266815 0.18032098
v -0.08192700 -0.17655893 0.18263721
v -0.08063089 -0.17157166 0.18373901
v -0.08120313 -0.17224300 0.18221624
v -0.08275096 -0.17394856 0.17782226
v -0.08402319 -0.17535035 0.17421065
v -0.09161208 -0.20332952 0.16206098
v -0.08996940 -0.20357311 0.16888611
v -0.09248086 -0.21046181 0.16187105
v -0.09002136 -0.20373696 0.16877854
v -0.09394450 -0.21446376 0.15776052
v -0.09664763 -0.20256029 0.13772547
v -0.09733801 -0.22213566 0.14540423
v -0.09925240 -0.22545312 0.13665661
v -0.09755045 -0.22261591 0.14463069
v -0.09889087 -0.22139232 0.13701719
v -0.10067903 -0.22783133 0.12997250
v -0.10254030 -0.21926653 0.11251559
v -0.10319127 -0.22987843 0.11443708
v -0.10351725 -0.22965688 0.11156457
v -0.10607904 -0.21682121 0.06947917
v -0.10496955 -0.21725833 0.08785326
v -0.10603172 -0.21573648 0.06793205
v -0.10497555 -0.22866608 0.09871447
v -0.10571928 -0.22530322 0.08713575
v -0.10595262 -0.22424830 0.08350325
v -0.10309247 -0.20150010 0.08844590
v -0.10576061 -0.21190447 0.06325806
v -0.10599170 -0.21481945 0.06662416
v -0.10448581 -0.20121178 0.06362376
v -0.10466067 -0.20124757 0.05289508
v -0.10534921 -0.20671478 0.05726514
v -0.10379556 -0.19437806 0.04740395
v -0.10242476 -0.18709654 0.06320930
v -0.10279383 -0.18829468 0.04433582
v -0.10148710 -0.18035905 0.04033351
v -0.10000001 -0.17309900 0.06184997
v -0.10062731 -0.17598024 0.03918192
v -0.09852640 -0.16528055 0.03636799
v -0.09722389 -0.15929048 0.05955274
v -0.09818567 -0.16376670 0.03630102
v -0.09512518 -0.14965104 0.04968991
v -0.09595627 -0.15322541 0.05384023
v -0.09533231 -0.15108910 0.03574004
v -0.09460513 -0.14741445 0.04709283
v -0.09473274 -0.14796321 0.04773004
v -0.09504494 -0.14981236 0.03568361
v -0.09674024 -0.15713789 0.05907495
v -0.09702483 -0.15855819 0.06097513
v -0.09846204 -0.17067650 0.08266650
v -0.09844059 -0.16958080 0.08010399
v -0.09807529 -0.16546491 0.07205711
v -0.09807531 -0.16546498 0.07205705
v -0.09781044 -0.16340618 0.06848691
v -0.09749454 -0.16145679 0.06546649
v -0.09708472 -0.15892781 0.06154794
v -0.09846403 -0.17077792 0.08290366
v -0.09849610 -0.17241757 0.08673833
v -0.10079896 -0.18579283 0.08798475
v -0.09849608 -0.17241749 0.08673839
v -0.09850962 -0.17310861 0.08835454
v -0.09795728 -0.18468936 0.11266010
v -0.09742838 -0.17932457 0.10957068
v -0.09777466 -0.17841029 0.10541011
v -0.09800467 -0.17735206 0.10154325
v -0.09828716 -0.17605244 0.09679399
v -0.09614637 -0.18103294 0.12087129
v -0.09648122 -0.18080188 0.11844623
v -0.09713743 -0.17977841 0.11229714
v -0.09390675 -0.18378906 0.13717434
v -0.09291470 -0.18167178 0.14037825
v -0.09358297 -0.18182431 0.13704194
v -0.09376572 -0.18186603 0.13612960
v -0.09525833 -0.18164587 0.12730303
v -0.08662418 -0.17786527 0.16595568
v -0.08796453 -0.17894599 0.16116954
v -0.08842135 -0.17931433 0.15953827
v -0.08900283 -0.17978323 0.15746205
v -0.09115321 -0.18109274 0.14873774
v -0.09200606 -0.18146449 0.14491467
v -0.10047761 -0.20195007 0.11316688
v -0.05985727 -0.17733543 0.18080720
v -0.03582752 -0.17623690 0.17880812
v -0.03917939 -0.18307625 0.17787564
v -0.03240630 -0.16915976 0.17898893
v -0.03358221 -0.17159228 0.17892680
v -0.01988791 -0.14286903 0.17257196
v -0.02261484 -0.14860570 0.17500377
v -0.02588317 -0.15549135 0.17710911
v -0.02598435 -0.15570402 0.17715020
v -0.02658796 -0.15697271 0.17739545
v -0.02904179 -0.16213043 0.17839250
v -0.01963544 -0.14233795 0.17234689
v -0.01063934 -0.12317219 0.16389675
v -0.01304671 -0.12921223 0.15618205
v -0.03597235 -0.17621017 0.19022861
v -0.03540180 -0.17498863 0.19242625
v -0.03123110 -0.16452448 0.20579185
v -0.03059659 -0.16293244 0.20782506
v -0.06565891 -0.02748886 0.30999812
v -0.10062990 -0.13172093 0.22692992
v -0.12167476 -0.11117184 0.03049684
v -0.11873192 -0.09442150 0.02345509
v -0.11888037 -0.09488259 0.02313527
v -0.06880807 0.11980685 0.02697946
v -0.07448591 0.09785443 0.02233734
v -0.11287117 -0.06512254 0.01657095
v -0.11570967 -0.07851748 0.01850665
v -0.11575232 -0.07933315 0.01961624
v -0.11397399 -0.07078075 0.01812137
v -0.10976531 -0.05148036 0.01623700
v -0.07818831 0.08256275 0.02102842
v -0.07808049 0.08250429 0.02195248
v -0.06293922 0.14079630 0.03477000
v -0.02639632 0.22946797 0.15717559
v -0.03035322 0.22505163 0.13480291
v -0.05699848 0.16039670 0.04555083
v -0.03489981 0.21753566 0.11338961
v -0.05437157 0.16854177 0.05123580
v -0.02010057 0.17416902 0.30237731
v -0.01851895 0.19037353 0.28592724
v -0.01851898 0.19037344 0.28592718
v -0.04982197 0.02558122 0.33729777
v -0.04415144 0.04755496 0.34184664
v -0.04415147 0.04755487 0.34184659
v -0.02639635 0.22946788 0.15717551
v -0.02310955 0.23069468 0.18005311
v -0.03879051 0.07003275 0.34315103
v -0.04538289 0.19387460 0.07515144
v -0.05110652 0.17820995 0.05910298
v -0.05568695 0.00455764 0.32959676
v -0.03994384 0.20707250 0.09337028
v -0.02248004 0.15589796 0.31638443
v -0.02248007 0.15589787 0.31638435
v -0.02055956 0.22870718 0.20297125
v -0.06162731 -0.01508896 0.31890002
v -0.06162729 -0.01508889 0.31890005
v -0.03384800 0.09255821 0.34118456
v -0.01879815 0.22354569 0.22546457
v -0.02560913 0.13593110 0.32766396
v -0.06442672 -0.02378017 0.31286153
v -0.06504345 -0.02564543 0.31144422
v -0.12098260 -0.10772501 0.02970733
v -0.11858349 -0.09396047 0.02377499
v -0.12347678 -0.12438412 0.04000597
v -0.12402719 -0.12744106 0.04118948
v -0.12519704 -0.13919447 0.05294827
v -0.12561300 -0.14183120 0.05441691
v -0.12609479 -0.15173787 0.06816886
v -0.12638871 -0.15394776 0.06981629
v -0.12614469 -0.16166016 0.08523795
v -0.12633309 -0.16345851 0.08696548
v -0.12534533 -0.16868125 0.10367369
v -0.12544760 -0.17010260 0.10539432
v -0.12371930 -0.17260283 0.12295545
v -0.12375659 -0.17369814 0.12459762
v -0.12131248 -0.17331426 0.14253893
v -0.12130637 -0.17414635 0.14404882
v -0.11819286 -0.17079543 0.16187108
v -0.12130634 -0.17414628 0.14404887
v -0.11816412 -0.17143491 0.16321461
v -0.11444848 -0.16511734 0.18040611
v -0.11441603 -0.16563837 0.18156952
v -0.11018509 -0.15644048 0.19762078
v -0.11016481 -0.15691543 0.19861048
v -0.10552304 -0.14500970 0.21302895
v -0.10552705 -0.14550534 0.21387003
v -0.01786107 0.21531509 0.24707642
v -0.02942427 0.11467401 0.33598700
v -0.01776739 0.20418230 0.26736790
v -0.01800732 0.19817242 0.27610931
v -0.01800733 0.19817238 0.27610928
v -0.11549260 -0.07849441 0.01845819
v -0.10993844 -0.07623790 0.01700635
v -0.10673960 -0.07325093 0.01602988
v -0.10903073 -0.07561549 0.01674170
v -0.10480636 -0.07035824 0.01541528
v -0.10541201 -0.07126451 0.01560778
v -0.10349335 -0.06731586 0.01500807
v -0.10378897 -0.06824706 0.01509594
v -0.10266808 -0.06471656 0.01476313
v -0.10142149 -0.05920109 0.01455883
v -0.10014077 -0.05368990 0.01462196
v -0.11527544 -0.07847138 0.01840970
v -0.11239190 -0.07772291 0.01770349
v -0.11481754 -0.07841557 0.01830642
v -0.11260974 -0.07735801 0.01769353
v -0.11143802 -0.07726619 0.01744348
v -0.06856378 0.08035322 0.01941338
v -0.06485344 0.09567776 0.02072509
v -0.05916340 0.11767733 0.02537717
v -0.05328192 0.13871193 0.03318448
v -0.04998565 0.14978948 0.03881086
v -0.01759747 0.14280006 0.03348986
v 0.03103153 0.03171309 0.33493724
v -0.06226259 0.14364189 -0.04388978
v 0.01832492 0.12651539 -0.05458323
v 0.01645866 0.12455100 -0.06534374
v -0.06432811 0.14146779 -0.05579923
v 0.01620826 0.12428746 -0.06678759
v 0.01365987 0.11964812 -0.07803962
v -0.06684499 0.13688584 -0.06691221
v 0.01365989 0.11964819 -0.07803957
v 0.01362903 0.11959198 -0.07817578
v -0.06970251 0.13009758 -0.07673978
v 0.01040372 0.11179493 -0.08903079
v 0.00755224 0.10372441 -0.09655738
v -0.07277495 0.12140167 -0.08484963
v 0.01070076 0.11263564 -0.08824673
v -0.06718165 0.12787004 -0.05362142
v -0.09605557 0.00530133 -0.05800266
v -0.05943151 0.12367016 0.01279614
v -0.08830543 0.00110145 0.00841491
v -0.08551574 0.08172086 -0.13495724
v -0.03496646 0.07017084 -0.13707609
v -0.02974985 0.06866302 -0.13735521
v -0.08178405 0.15309577 -0.23205230
v -0.03098467 0.14632946 -0.24067868
v -0.02572890 0.14547928 -0.24185452
v 0.03946110 0.12476329 -0.24854754
v -0.02054407 0.14398070 -0.24213201
v 0.03571671 0.05314543 -0.15112197
v -0.02453140 0.06771611 -0.13838527
v -0.03533628 0.06309745 -0.12745379
v -0.02489303 0.06079925 -0.12897590
v -0.08886576 0.07250097 -0.12141512
v -0.00804531 0.05632275 -0.13200195
v 0.08489247 -0.10170428 0.05045814
v 0.08033051 -0.11690976 0.04245039
v 0.08944926 -0.08629043 0.05805998
v 0.10022364 -0.06094295 0.09555124
v 0.09812838 -0.06336632 0.08385368
v 0.09551533 -0.06865965 0.07325917
v 0.09255711 -0.07647315 0.06446758
v 0.09255709 -0.07647322 0.06446753
v 0.11079085 -0.05551151 0.16648857
v 0.14734261 0.11324695 0.14812224
v 0.14947999 0.11290470 0.16500427
v 0.15360962 0.11166663 0.16711256
v 0.15083292 0.10933306 0.18159041
v 0.15134937 0.10266908 0.19724327
v 0.15100950 0.09316894 0.21136136
v 0.14982641 0.08119775 0.22340222
v 0.14784555 0.06721568 0.23290294
v 0.14784552 0.06721559 0.23290288
v 0.14514299 0.05175975 0.23949848
v 0.14182265 0.03542418 0.24293537
v 0.13801210 0.01883664 0.24308154
v 0.13385779 0.00263461 0.23993143
v 0.12951934 -0.01255937 0.23360598
v 0.12516351 -0.02616134 0.22434843
v 0.12516354 -0.02616127 0.22434847
v 0.12095769 -0.03764845 0.21251436
v 0.11706350 -0.04657942 0.19855869
v 0.11363056 -0.05261110 0.18301772
v 0.11533278 0.09679408 -0.06675837
v 0.10584874 0.07672939 -0.10371155
v 0.10862062 0.08457462 -0.09639505
v 0.11119863 0.09069891 -0.08752874
v 0.11346932 0.09483267 -0.07750284
v 0.08754648 0.02110798 -0.14530244
v 0.10590554 0.07781579 -0.10518943
v 0.08894666 0.02627701 -0.14372754
v 0.11404340 0.09690882 -0.07678121
v 0.06702109 0.11254594 -0.06077382
v 0.11571730 0.09857664 -0.06696431
v 0.10850906 0.08523687 -0.09840935
v 0.11147158 0.09233457 -0.08832621
v 0.09892878 0.12852362 0.15416451
v 0.05023172 0.14249259 0.16034918
v 0.14762585 0.11455470 0.14797987
v 0.06702112 0.11254601 -0.06077377
v 0.09892881 0.12852371 0.15416457
v 0.11058304 -0.05677926 0.16713518
v 0.06068407 -0.04804314 0.17336744
v 0.11050367 -0.05682132 0.16660465
v 0.05056836 0.14264041 0.16265330
v 0.01094446 -0.03922258 0.18066499
v 0.01086443 -0.03926511 0.18013024
v 0.01379252 -0.03632502 0.19726266
v 0.11326837 -0.05404730 0.18278459
v 0.01720006 -0.03049104 0.21295793
v 0.11648127 -0.04854651 0.19758326
v 0.02105333 -0.02191546 0.22722682
v 0.12011440 -0.04046083 0.21103691
v 0.02522365 -0.01088453 0.23959278
v 0.12404647 -0.03006008 0.22269636
v 0.02957174 0.00223332 0.24964274
v 0.12814617 -0.01769166 0.23217225
v 0.03395246 0.01700017 0.25704136
v 0.13227664 -0.00376837 0.23914823
v 0.03821952 0.03292283 0.26154155
v 0.13629991 0.01124458 0.24339129
v 0.04223038 0.04946955 0.26299289
v 0.14008164 0.02684608 0.24475971
v 0.04585115 0.06608795 0.26134697
v 0.14349554 0.04251502 0.24320781
v 0.04896092 0.08222295 0.25665885
v 0.14642766 0.05772824 0.23878753
v 0.05145584 0.09733588 0.24908499
v 0.14878008 0.07197791 0.23164631
v 0.05325262 0.11092208 0.23887828
v 0.15047419 0.08478784 0.22202280
v 0.05429123 0.12252782 0.22637960
v 0.15145345 0.09573051 0.21023811
v 0.05453701 0.13176557 0.21200627
v 0.15168521 0.10444061 0.19668594
v 0.05398175 0.13832688 0.19623831
v 0.15116166 0.11062708 0.18181868
v 0.05264398 0.14199267 0.17960215
v 0.14990030 0.11408333 0.16613294
v 0.14794327 0.11469416 0.15015242
v 0.05056839 0.14264050 0.16265336
v 0.05990386 -0.04848833 0.16820763
v 0.10893244 -0.05771443 0.15620732
v 0.10970788 -0.05727540 0.16134171
v 0.00969000 -0.03993393 0.17236097
v 0.01008600 -0.03970925 0.17498207
v 0.05911253 -0.04893647 0.16296822
v 0.00929265 -0.04015841 0.16972917
v 0.01008761 -0.03970832 0.17499274
v 0.01086445 -0.03926504 0.18013029
v 0.11010569 -0.05704879 0.16397323
v 0.10972171 -0.05726752 0.16143321
v 0.05009796 -0.05356988 0.10245373
v 0.09991953 -0.06234697 0.09570400
v 0.00027639 -0.04479273 0.10920338
v 0.00027636 -0.04479282 0.10920331
v 0.09077577 -0.08262698 0.06172135
v 0.04026385 -0.07670498 0.06823368
v 0.08947573 -0.08691606 0.05936184
v 0.04168788 -0.07203185 0.07086226
v -0.00761271 -0.06211384 0.07957388
v -0.00894803 -0.06649380 0.07710545
v 0.04818428 -0.05578861 0.09177929
v 0.09714607 -0.06601196 0.08102414
v 0.09788350 -0.06472414 0.08437629
v 0.09800185 -0.06451748 0.08491435
v 0.04920838 -0.05433933 0.09703109
v 0.09897137 -0.06318019 0.08994726
v 0.09902456 -0.06310686 0.09022349
v 0.09897134 -0.06318027 0.08994721
v 0.04168785 -0.07203192 0.07086220
v 0.09098732 -0.08197652 0.06218888
v 0.09219354 -0.07826787 0.06485445
v 0.04309990 -0.06774996 0.07408737
v 0.09359805 -0.07428622 0.06855033
v 0.09394660 -0.07337658 0.06960554
v 0.04447800 -0.06392246 0.07785320
v 0.09248423 -0.07744376 0.06561930
v 0.09464472 -0.07155474 0.07171913
v 0.04580039 -0.06061339 0.08210636
v -0.00420749 -0.05249058 0.08858763
v -0.00500109 -0.05456133 0.08618446
v -0.00548316 -0.05581922 0.08472469
v -0.00625859 -0.05800926 0.08266976
v -0.00759675 -0.06206149 0.07960339
v 0.04704275 -0.05788870 0.08677766
v -0.00152877 -0.04693182 0.09921551
v -0.00232733 -0.04832499 0.09558301
v -0.00033466 -0.04527103 0.10539024
v -0.00056926 -0.04557414 0.10413637
v -0.00126762 -0.04647627 0.10040355
v 0.09534617 -0.06989530 0.07414372
v 0.09593112 -0.06851151 0.07616574
v 0.09593115 -0.06851144 0.07616579
v 0.09666417 -0.06700338 0.07909707
v 0.09714609 -0.06601188 0.08102419
v -0.00259399 -0.04887067 0.09451154
v -0.00301287 -0.04972798 0.09282864
v -0.00376373 -0.05146438 0.09016306
v 0.03653463 -0.08936042 0.06208442
v 0.01474420 -0.09668401 0.05971054
v 0.03299942 -0.10121768 0.05600945
v 0.04513849 -0.10423241 0.05354835
v 0.08569316 -0.09975148 0.05312268
v 0.06363443 -0.10796491 0.05027088
v 0.08213036 -0.11169746 0.04699336
v -0.01375670 -0.08278743 0.06913219
v -0.01565012 -0.08913304 0.06586940
v 0.08758493 -0.09334720 0.05626960
v 0.08575720 -0.09953470 0.05322923
v -0.01268809 -0.07918114 0.07092971
v -0.01186432 -0.07640118 0.07231542
v 0.08165789 -0.11313331 0.04591970
v -0.04075193 -0.08825987 -0.22091645
v -0.02523835 -0.09282283 -0.22164102
v -0.05636688 -0.08563586 -0.21755423
v -0.07144393 -0.08505822 -0.21169199
v -0.08536582 -0.08655061 -0.20356977
v -0.09756259 -0.09005191 -0.19352007
v -0.10753489 -0.09541880 -0.18195432
v -0.11487447 -0.10243155 -0.16934603
v -0.11928084 -0.11080305 -0.15621141
v -0.12057360 -0.12019058 -0.14308815
v -0.11869980 -0.13020982 -0.13051355
v -0.11373620 -0.14045055 -0.11900239
v -0.10588599 -0.15049355 -0.10902596
v -0.09547056 -0.15992764 -0.10099268
v -0.08291632 -0.16836658 -0.09523145
v -0.06873722 -0.17546490 -0.09197813
v -0.05351378 -0.18093199 -0.09136589
v -0.03786925 -0.18454400 -0.09341983
v -0.02244411 -0.18615307 -0.09805584
v -0.00786986 -0.18569334 -0.10508413
v 0.00525681 -0.18318363 -0.11421695
v 0.01639851 -0.17872666 -0.12508041
v 0.02509909 -0.17250492 -0.13722976
v 0.03100234 -0.16477312 -0.15016758
v 0.03386661 -0.15584782 -0.16336425
v 0.03357460 -0.14609440 -0.17627944
v 0.03013827 -0.13591217 -0.18838443
v 0.02369832 -0.12571800 -0.19918363
v 0.01451841 -0.11592922 -0.20823492
v 0.00297434 -0.10694662 -0.21516775
v -0.01046127 -0.09913793 -0.21969827
v 0.07948445 -0.11458443 0.04901312
v 0.08159236 -0.11438671 0.04762476
v 0.07735856 -0.11475671 0.05037727
v -0.01579091 -0.09182508 0.06953139
v -0.01900577 -0.10500085 0.06821498
v -0.01778845 -0.09799774 0.06517151
v 0.04364840 0.13967000 0.11516869
v -0.02597138 -0.11084493 0.05621551
v -0.05063774 -0.14996353 0.03236745
v -0.05036455 -0.14773336 0.03052641
v -0.04693502 -0.14264348 0.03406914
v -0.03900921 -0.13071190 0.04237718
v -0.02968407 -0.11667383 0.05215206
v -0.11793423 -0.07950756 0.02002615
v -0.12608479 -0.08033603 0.02163004
v -0.12281730 -0.08686586 0.02255763
v -0.12608476 -0.08033593 0.02163010
v -0.12309791 -0.07998651 0.02102564
v -0.12010242 -0.07968423 0.02043828
v -0.12167574 -0.08877876 0.02288591
v -0.12089727 -0.09008331 0.02310966
v -0.11858352 -0.09396056 0.02377491
v -0.13391922 -0.10711873 0.03255695
v -0.13110889 -0.16830161 0.16155812
v -0.09648120 -0.18080182 0.11844628
v -0.05372432 -0.14699447 0.03115402
v -0.05708184 -0.14625594 0.03178145
v -0.06378987 -0.14273605 0.03150477
v -0.10190884 -0.11608687 0.02725939
v -0.09570155 -0.12192192 0.02849345
v -0.09381198 -0.12345029 0.02879480
v -0.08884411 -0.12746882 0.02958696
v -0.08262479 -0.13179353 0.03030262
v -0.08157466 -0.13252380 0.03042341
v -0.07375838 -0.13727172 0.03101264
v -0.07015081 -0.13926786 0.03119720
v -0.06558733 -0.14179292 0.03143062
v -0.11742245 -0.09714358 0.02351822
v -0.11303849 -0.10325684 0.02464247
v -0.11228163 -0.10431226 0.02483655
v -0.10655855 -0.11118142 0.02622248
v -0.10387696 -0.11403412 0.02682545
v -0.10224001 -0.11577561 0.02719348
v -0.10223999 -0.11577554 0.02719354
v -0.14708275 -0.06466001 -0.00018712
v -0.15259263 -0.05935964 -0.00794597
v -0.15123612 -0.06080882 -0.00580772
v -0.12865850 -0.07862759 0.01934931
v -0.13753046 -0.07243447 0.01090623
v -0.14558342 -0.06602649 0.00180204
v -0.13979943 -0.07076807 0.00858941
v -0.13920847 0.08593883 -0.20506719
v -0.14580499 -0.06584486 0.00154217
v -0.13322704 -0.07559507 0.01530065
v -0.11280218 0.13072261 -0.26557764
v -0.11432194 0.13012175 -0.26469555
v -0.10905965 0.13152772 -0.26688454
v -0.10925452 0.13152792 -0.26687190
v -0.11128256 0.13131663 -0.26646471
v -0.10944944 0.13152808 -0.26685944
v -0.11053872 0.13147381 -0.26671815
v -0.11256649 0.13104537 -0.26602712
v -0.11295559 0.13085555 -0.26575202
v -0.11419200 0.13025206 -0.26487750
v -0.11526902 0.12917180 -0.26336965
v -0.11807612 0.12467040 -0.25717354
v -0.11458103 0.02592175 -0.12322313
v -0.12621574 0.11082232 -0.23832667
v -0.12651527 0.11031289 -0.23763324
v -0.13597262 0.09251101 -0.21379007
v -0.13453168 0.09543756 -0.21767434
v -0.14204329 0.08018089 -0.19742502
v -0.14427803 0.07513446 -0.19077490
v -0.15146327 0.05834502 -0.16867444
v -0.15677065 0.04397160 -0.14980352
v -0.15714255 0.04282808 -0.14830193
v -0.15127805 0.05880235 -0.16927533
v -0.14879267 0.06493947 -0.17734021
v -0.16319373 0.02375126 -0.12324398
v -0.15923472 -0.04337281 -0.03065567
v -0.16235124 0.02658227 -0.12696509
v -0.17166348 -0.01594282 -0.07057994
v -0.17133708 -0.02253934 -0.06145585
v -0.16688859 0.00998428 -0.10511176
v -0.16734360 0.00828900 -0.10287885
v -0.17169033 -0.01456976 -0.07247000
v -0.17068994 -0.00667403 -0.08307875
v -0.17104088 -0.00859857 -0.08051687
v -0.17128520 -0.02358781 -0.06000573
v -0.17066287 -0.02793544 -0.05390493
v -0.17003328 -0.03034158 -0.05047109
v -0.15747763 -0.05397519 -0.01589886
v -0.15607953 -0.05563432 -0.01344255
v -0.16458185 -0.04369181 -0.03110151
v -0.16355899 -0.04532122 -0.02869645
v -0.16743898 -0.03794856 -0.03950944
v -0.16722900 -0.03848759 -0.03872815
v -0.16927798 -0.03322809 -0.04635177
v -0.15861809 -0.05246367 -0.01813717
v -0.16134016 -0.04885615 -0.02347933
v -0.16154730 0.02928419 -0.13051641
v -0.10978691 0.02650611 -0.12439674
v -0.10668656 0.13150792 -0.26704630
v -0.10429838 0.13148355 -0.26720312
v -0.10144313 0.13169740 -0.26718220
v -0.10029317 0.13193651 -0.26704681
v -0.09904267 0.13237724 -0.26675048
v -0.09458707 0.13490015 -0.26491788
v -0.09666225 0.13338438 -0.26604906
v -0.09766187 0.13286398 -0.26642340
v -0.09766185 0.13286406 -0.26642337
v -0.10378899 -0.06824713 0.01509588
v -0.09455080 0.13492663 -0.26489812
v -0.09203263 0.13870466 -0.26196152
v -0.09246965 0.13765290 -0.26278982
v -0.09246963 0.13765298 -0.26278976
v -0.09382509 0.13566522 -0.26433384
v -0.08810507 0.15043853 -0.25268081
v -0.08417747 0.16217256 -0.24340014
v -0.03200442 0.15370837 -0.25022656
v -0.03061192 0.15345894 -0.25037730
v -0.06462202 0.15919061 -0.24621467
v -0.06023543 0.15852185 -0.24684602
v -0.03563012 0.15435773 -0.24983436
v -0.02017301 0.15107773 -0.25178650
v -0.02539204 0.15227798 -0.25109497
v -0.00277844 0.14611191 -0.25445232
v 0.00070475 0.14511751 -0.25498614
v 0.02423119 0.13790430 -0.25792986
v 0.02139021 0.13881879 -0.25763240
v 0.05088633 0.12908237 -0.26039961
v 0.03675045 0.13387409 -0.25924075
v 0.02423116 0.13790421 -0.25792992
v 0.09352735 0.11389051 -0.26291281
v 0.08301524 0.11777361 -0.26247701
v 0.00070473 0.14511743 -0.25498617
v 0.05945695 0.12617718 -0.26110235
v 0.07869418 0.11931501 -0.26222485
v 0.07978868 -0.11997593 0.04371549
v 0.09173615 0.10853998 -0.26714680
v 0.08754651 0.02110807 -0.14530239
v 0.08994496 0.10318955 -0.27138087
v 0.08033054 -0.11690967 0.04245046
v 0.07798500 -0.12556507 0.03980616
v 0.08955176 0.10094079 -0.27307737
v 0.07777981 -0.12630983 0.03925848
v 0.08958311 0.10000037 -0.27374148
v 0.07760566 -0.12829426 0.03751501
v 0.08989519 0.09866645 -0.27462101
v 0.09195633 0.09458403 -0.27704835
v 0.09053110 0.09674945 -0.27584049
v 0.07791888 -0.12966013 0.03597689
v 0.07852403 -0.13094683 0.03427947
v 0.09221742 0.09429708 -0.27719066
v 0.07852405 -0.13094677 0.03427952
v 0.07777752 -0.12935944 0.03637354
v 0.07791891 -0.12966004 0.03597696
v 0.09012894 0.09766725 -0.27527976
v 0.07907274 -0.13158259 0.03323459
v 0.08038243 -0.13246863 0.03131378
v 0.09267994 0.09378860 -0.27744296
v 0.08038246 -0.13246852 0.03131385
v 0.09581172 0.09142402 -0.27837142
v 0.09074386 -0.02113725 -0.12591359
v 0.09660720 0.09100913 -0.27847224
v 0.08061714 -0.13262740 0.03096952
v 0.09483042 0.09202433 -0.27818257
v 0.08072139 -0.13265844 0.03085137
v 0.08250114 -0.13318819 0.02883233
v 0.08488052 -0.13328363 0.02664508
v 0.14382301 0.05408017 -0.27265331
v 0.14594948 0.05077691 -0.27064672
v 0.14566280 0.05127622 -0.27097836
v 0.14865170 -0.10637832 -0.06933013
v 0.14568029 -0.11054781 -0.06042211
v 0.14834854 -0.10692244 -0.06826149
v 0.14224669 -0.11435798 -0.05151436
v 0.14518090 -0.11122635 -0.05895504
v 0.14197959 -0.11464293 -0.05083716
v 0.13828090 -0.11775924 -0.04264155
v 0.15096422 -0.10222805 -0.07748134
v 0.15111952 -0.10184430 -0.07816736
v 0.15951236 -0.06107785 -0.14135413
v 0.15687293 -0.07958376 -0.11408062
v 0.15900005 -0.06568630 -0.13474198
v 0.15307356 -0.09695102 -0.08688557
v 0.15452319 -0.09164489 -0.09554177
v 0.15301956 -0.09714898 -0.08656253
v 0.15111949 -0.10184436 -0.07816741
v 0.16058245 -0.05145147 -0.15516576
v 0.16162406 -0.03686732 -0.17535962
v 0.16205552 -0.02550904 -0.19060470
v 0.15249741 0.03322652 -0.25518838
v 0.16193005 -0.02881088 -0.18617301
v 0.16129763 0.00981012 -0.23537743
v 0.16094224 0.01211484 -0.23792195
v 0.16214509 -0.01035688 -0.21032779
v 0.16169478 0.00513127 -0.22981358
v 0.16062155 0.01419516 -0.24021895
v 0.15394466 0.03515451 -0.25938863
v 0.15714395 0.02710238 -0.25271851
v 0.15488134 0.03305212 -0.25774765
v 0.15924340 0.02032609 -0.24647036
v 0.15735069 0.02655883 -0.25225905
v 0.15944968 0.01940840 -0.24553458
v 0.15190786 0.03972601 -0.26295680
v 0.15026341 0.04300466 -0.26534912
v 0.14923437 0.04505624 -0.26684609
v 0.13573849 0.06545947 -0.27904740
v 0.13972892 0.06007884 -0.27613181
v 0.13658519 0.06440599 -0.27851540
v 0.12351324 -0.12582567 -0.01660715
v 0.12742613 -0.12422533 -0.02262925
v 0.12887096 -0.12348121 -0.02511117
v 0.13282768 -0.12144365 -0.03190793
v 0.13381654 -0.12079559 -0.03382451
v 0.14136289 0.05782967 -0.27489287
v 0.13471067 -0.12020956 -0.03555758
v 0.13471064 -0.12020965 -0.03555765
v 0.13769098 -0.11825632 -0.04133438
v 0.11779715 -0.12782437 -0.00841936
v 0.12157620 -0.12661803 -0.01362596
v 0.11476249 -0.12864311 -0.00443846
v 0.13129489 0.07098832 -0.28183916
v 0.13046527 0.07185859 -0.28216943
v 0.13004579 0.07221539 -0.28223047
v 0.11011615 -0.12988819 0.00143421
v 0.11169149 -0.12951294 -0.00049652
v 0.11490662 -0.12874708 -0.00443697
v 0.09758317 -0.13202365 0.01502338
v 0.08934372 -0.13290441 0.02272914
v 0.09281678 -0.13260932 0.01968197
v 0.10078131 -0.13163064 0.01189753
v 0.10500982 -0.13090038 0.00727763
v 0.10099359 0.08876203 -0.27894405
v 0.10990314 0.08419803 -0.27990204
v 0.10812707 -0.13036203 0.00387196
v 0.12097007 0.07789484 -0.28125837
v 0.12285918 0.07681880 -0.28148988
v 0.12859601 0.07330075 -0.28225410
v 0.12955409 0.07263377 -0.28230193
v -0.04086085 -0.00246259 -0.29381847
v -0.03857041 0.04134591 -0.35341349
v -0.01924058 0.03688303 -0.35595125
v -0.02153102 -0.00692547 -0.29635623
v -0.03782884 0.00203061 -0.27862579
v -0.01849901 -0.00243227 -0.28116354
v -0.03474803 0.05296230 -0.34472734
v -0.03675347 0.01460494 -0.29254779
v -0.01742363 0.01014205 -0.29508555
v -0.01541820 0.04849941 -0.34726509
v -0.03663891 0.04754258 -0.34959885
v -0.01730908 0.04307970 -0.35213664
v -0.04891613 -0.01400635 -0.25791219
v -0.01239795 -0.02696962 -0.25664583
v -0.01673749 -0.02980971 -0.25093800
v -0.02306764 -0.03091539 -0.24667370
v -0.01070969 -0.02282747 -0.26292825
v -0.04722787 -0.00986420 -0.26419461
v -0.04288833 -0.00702410 -0.26990244
v -0.02920113 -0.00671559 -0.27633813
v -0.03655818 -0.00591842 -0.27416673
v -0.04375352 -0.02357224 -0.24739112
v -0.04769610 -0.01881996 -0.25201160
v -0.03768861 -0.02753970 -0.24475415
v -0.03042469 -0.03011822 -0.24450231
v -0.01587230 -0.01326157 -0.27344930
v -0.01192972 -0.01801385 -0.26882884
v -0.02193722 -0.00929412 -0.27608627
v -0.03573000 -0.00340154 -0.27228472
v -0.03812194 -0.00357534 -0.27099970
v -0.02837295 -0.00419870 -0.27445614
v -0.02110903 -0.00677723 -0.27420428
v -0.01879211 -0.00803822 -0.27353746
v -0.09726710 0.03172293 -0.31678674
v -0.08925128 0.02278557 -0.30836180
v -0.09243653 0.01807277 -0.30065745
v -0.10894426 0.01828736 -0.29368013
v -0.10448441 0.03440985 -0.31720406
v -0.12495535 0.01755765 -0.28565851
v -0.13441466 0.02972116 -0.29776272
v -0.11978342 0.03248423 -0.30789644
v -0.12709482 0.01757612 -0.28474173
v -0.12933870 0.01794009 -0.28424105
v -0.13679400 0.02873770 -0.29540044
v -0.13380434 0.01964000 -0.28454930
v -0.13818449 0.02712406 -0.29263055
v -0.13668221 0.02180204 -0.28617427
v -0.13838708 0.02468239 -0.28927603
v 0.05861130 -0.00870363 -0.33131748
v 0.03655344 0.00082638 -0.33435571
v 0.04387619 0.00015628 -0.33668196
v 0.02780543 -0.00424054 -0.32372990
v 0.04656390 -0.01761644 -0.31409645
v 0.03042779 -0.01029421 -0.31678802
v 0.06211767 -0.02563386 -0.31021887
v 0.07260805 -0.01807634 -0.32494223
v 0.06420802 -0.02659198 -0.30985743
v 0.07482902 -0.02012193 -0.32318392
v 0.06643597 -0.02726047 -0.30994385
v 0.07601963 -0.02233149 -0.32075292
v 0.07038153 -0.02767293 -0.31112850
v 0.07580488 -0.02515550 -0.31688175
v 0.07399829 -0.02684369 -0.31382903
v 0.13017072 -0.04585227 -0.29413119
v 0.13422741 -0.04938694 -0.29118928
v 0.11808588 -0.05535626 -0.27610308
v 0.11402910 -0.05182152 -0.27904505
v 0.13386074 -0.05640026 -0.28164870
v 0.12953562 -0.05799978 -0.27760631
v 0.12376158 -0.05761759 -0.27557653
v 0.13557808 -0.05324780 -0.28662035
v 0.11439578 -0.04480820 -0.28858563
v 0.11872099 -0.04320875 -0.29262799
v 0.12449494 -0.04359087 -0.29465783
v 0.11267851 -0.04796073 -0.28361392
v 0.05185469 -0.17928016 -0.13994284
v 0.04379481 -0.18744579 -0.12547578
v 0.03309077 -0.19403672 -0.11195106
v 0.02006782 -0.19885272 -0.09977960
v 0.00512167 -0.20174743 -0.08933125
v -0.01129356 -0.20263290 -0.08092346
v -0.14055358 -0.13485684 -0.11468200
v -0.14462037 -0.12323184 -0.12843904
v -0.14560641 -0.11198326 -0.14304836
v -0.14348170 -0.10145290 -0.15806608
v -0.13831085 -0.09196069 -0.17303590
v -0.13025096 -0.08379506 -0.18750297
v -0.02867912 -0.20148224 -0.07481170
v -0.04650674 -0.19833042 -0.07118165
v -0.06423473 -0.19327314 -0.07014368
v -0.08132445 -0.18646415 -0.07172927
v -0.09725662 -0.17811029 -0.07589024
v -0.11154717 -0.16846538 -0.08250017
v -0.12376189 -0.15782250 -0.09135824
v -0.13352962 -0.14650503 -0.10219527
v 0.02509102 -0.10277547 -0.23047857
v 0.03730574 -0.11341835 -0.22162051
v 0.04707347 -0.12473582 -0.21078348
v 0.05409743 -0.13638401 -0.19829674
v 0.05816421 -0.14800900 -0.18453971
v 0.05915026 -0.15925759 -0.16993038
v 0.05702554 -0.16978794 -0.15491267
v -0.11954693 -0.07720412 -0.20102769
v -0.10652398 -0.07238813 -0.21319914
v -0.09157782 -0.06949342 -0.22364751
v -0.07516259 -0.06860794 -0.23205529
v -0.05777703 -0.06975861 -0.23816705
v -0.03994941 -0.07291043 -0.24179710
v -0.02222142 -0.07796770 -0.24283507
v -0.00513170 -0.08477671 -0.24124949
v 0.01080048 -0.09313057 -0.23708850
v 0.15213437 -0.10018755 -0.08927821
v 0.14823580 -0.11304177 -0.11142594
v 0.15369688 -0.09445708 -0.09762941
v 0.13602380 -0.12553826 -0.04828602
v 0.07438830 -0.15338820 0.01608196
v 0.06480827 -0.15474927 0.02211793
v 0.07907271 -0.13158268 0.03323452
v 0.08373373 -0.15153952 0.00949714
v 0.09241191 -0.14932713 0.00271954
v 0.10028137 -0.14683726 -0.00407326
v 0.09281681 -0.13260926 0.01968202
v 0.11393760 -0.14102343 -0.01785787
v 0.10740018 -0.14408033 -0.01089291
v 0.12006155 -0.13763337 -0.02508641
v 0.12583762 -0.13390337 -0.03261649
v 0.13118662 -0.12986194 -0.04037514
v 0.14032306 -0.12094603 -0.05631932
v 0.14409144 -0.11609253 -0.06446842
v 0.14732830 -0.11099347 -0.07271203
v 0.15001430 -0.10568469 -0.08099369
v 0.06473250 -0.15499075 0.02194733
v 0.05210511 -0.19522439 -0.00648238
v 0.05478211 -0.19490209 -0.00809144
v 0.11830573 -0.17089014 -0.06815758
v 0.12828374 -0.16135029 -0.08530653
v 0.11922201 -0.17009245 -0.06962758
v 0.12357873 -0.16629994 -0.07661667
v 0.12410849 -0.16574267 -0.07759507
v 0.13492098 -0.15214981 -0.10053150
v 0.13548306 -0.15108316 -0.10220532
v 0.13790211 -0.14649244 -0.10940922
v 0.12846301 -0.16112606 -0.08568530
v 0.13132888 -0.15754201 -0.09173954
v 0.13221288 -0.15621500 -0.09390322
v 0.07231205 -0.19176143 -0.02000572
v 0.06201012 -0.19379126 -0.01275774
v 0.06365728 -0.19353807 -0.01382117
v 0.07143284 -0.19194196 -0.01937739
v 0.08876891 -0.18699197 -0.03362605
v 0.09526592 -0.18441638 -0.03992954
v 0.10628334 -0.17898262 -0.05204464
v 0.09633499 -0.18399258 -0.04096676
v 0.09966445 -0.18246198 -0.04447885
v 0.10183439 -0.18132129 -0.04695923
v 0.08017784 -0.18971978 -0.02619749
v 0.08070618 -0.18958257 -0.02661348
v 0.08810186 -0.18720627 -0.03304593
v 0.14035434 -0.14020680 -0.11889441
v 0.14194836 -0.13443853 -0.12731004
v 0.14024757 -0.14059331 -0.11833052
v 0.13820127 -0.14574002 -0.11054711
v 0.10800918 -0.17791267 -0.05423499
v 0.11251549 -0.17511880 -0.05995437
v 0.11382905 -0.17415953 -0.06181531
v -0.05763891 -0.14795677 0.03058028
v -0.06542131 -0.17171812 0.01379967
v -0.06125156 -0.15898702 0.02279062
v -0.15232845 -0.08499449 -0.01195347
v -0.16097541 -0.10801910 -0.02933892
v -0.16064568 -0.10841768 -0.02895098
v -0.17211093 -0.05079317 -0.04898709
v -0.18092933 -0.07283287 -0.06761425
v -0.18051997 -0.07405277 -0.06616297
v -0.17794642 -0.03174005 -0.08531836
v -0.18420257 -0.04891030 -0.09816659
v -0.18415749 -0.05218268 -0.09381012
v -0.17553537 -0.03396802 -0.06998120
v -0.17576961 -0.02576552 -0.08084768
v -0.17444932 -0.04229204 -0.05932701
v -0.16458182 -0.04369172 -0.03110145
v -0.16868286 -0.05938209 -0.03900927
v -0.15878263 -0.07653644 -0.02042462
v -0.16424181 -0.06798036 -0.02946472
v -0.14494547 -0.09328907 -0.00410967
v -0.12756363 -0.10915710 0.00946242
v -0.13668175 -0.10135959 0.00304692
v -0.10720642 -0.12370090 0.01995422
v -0.11767330 -0.11662769 0.01510089
v -0.09617164 -0.13032863 0.02396186
v -0.08422654 -0.13652205 0.02698812
v -0.07118725 -0.14235416 0.02904967
v -0.07502789 -0.16777250 0.01275042
v -0.07909264 -0.16603841 0.01222006
v -0.14829689 -0.12170061 -0.01662125
v -0.13449299 -0.13370726 -0.00663869
v -0.12680891 -0.13949832 -0.00227545
v -0.14486212 -0.12484237 -0.01393112
v -0.14163758 -0.12779185 -0.01140561
v -0.13572702 -0.13268550 -0.00746209
v -0.10972258 -0.15077578 0.00528749
v -0.10417977 -0.15394026 0.00708035
v -0.08431383 -0.16381103 0.01153889
v -0.10153745 -0.15544881 0.00793505
v -0.09324761 -0.15969875 0.00997070
v -0.09218658 -0.16018716 0.01015696
v -0.12580395 -0.14019266 -0.00178913
v -0.11864836 -0.14513649 0.00167363
v -0.11526304 -0.14727536 0.00304431
v -0.18269904 -0.06633752 -0.07552201
v -0.18389086 -0.05715226 -0.08728141
v -0.18374753 -0.05982311 -0.08377263
v -0.18283178 -0.06551278 -0.07656657
v -0.17441376 -0.08807946 -0.05009151
v -0.16607620 -0.10140353 -0.03594159
v -0.17254174 -0.09131759 -0.04658478
v -0.17054655 -0.09476871 -0.04284744
v -0.16707969 -0.09991413 -0.03749184
v -0.18033090 -0.07461616 -0.06549271
v -0.17768432 -0.08133473 -0.05767231
v -0.17703128 -0.08268151 -0.05615857
v -0.16018805 -0.10897078 -0.02841268
v -0.15448153 -0.11542638 -0.02229047
v -0.15318565 -0.11674102 -0.02110261
v -0.18386281 -0.04498063 -0.10357144
v -0.18325810 -0.04111888 -0.10900203
v -0.17483467 -0.01803337 -0.09162782
v -0.17697407 -0.02389644 -0.09604039
v -0.13382025 0.09000994 -0.25416765
v -0.13456474 0.07944855 -0.29167011
v -0.14220220 0.06700525 -0.27166820
v -0.12337171 0.10695294 -0.28030640
v -0.14293364 0.07358188 -0.22818728
v -0.15064575 0.05792393 -0.20385343
v -0.15702437 0.04307372 -0.18118663
v -0.16242623 0.02841370 -0.15920399
v -0.17137276 -0.00221114 -0.11431104
v -0.16719247 0.01334783 -0.13695832
v -0.17040773 0.00662456 -0.17850637
v -0.17081672 0.00535592 -0.17662978
v -0.17486556 -0.00720429 -0.15805073
v -0.12360208 0.10632126 -0.28078789
v -0.13193527 0.08347070 -0.29820621
v -0.12355215 0.10645840 -0.28068346
v -0.15688846 0.03949190 -0.22841059
v -0.14246695 0.06657381 -0.27097473
v -0.14993060 0.05322282 -0.24983542
v -0.15128435 0.05055117 -0.24566677
v -0.17560388 -0.00971516 -0.15436792
v -0.17610520 -0.01141982 -0.15186761
v -0.17977104 -0.02529062 -0.13170438
v -0.18006322 -0.02639613 -0.13009736
v -0.15897298 0.03487114 -0.22131373
v -0.16313630 0.02564239 -0.20713961
v -0.16544400 0.02001021 -0.19859192
v -0.11130518 0.12603647 -0.27120209
v -0.11723229 0.10849654 -0.28507242
v -0.11920810 0.10866062 -0.28442237
v -0.12098523 0.10844171 -0.28334758
v -0.12241258 0.10785744 -0.28193811
v -0.11727934 0.10835753 -0.28518236
v -0.12510915 0.08518697 -0.30350533
v -0.12629183 0.08533696 -0.30318546
v -0.13086790 0.08447699 -0.30002165
v -0.13086864 0.08447624 -0.30002034
v -0.12662624 0.08535790 -0.30306631
v -0.12727806 0.08532301 -0.30273283
v -0.12870115 0.08524692 -0.30200481
v -0.12899147 0.08519238 -0.30180413
v -0.12925220 0.08509973 -0.30156550
v -0.13065633 0.08460075 -0.30028027
v 0.12513979 0.06273543 -0.29059547
v 0.09581667 0.07300511 -0.29142579
v 0.06657017 0.08255872 -0.29133222
v 0.03833994 0.09119057 -0.29045314
v 0.01125914 0.09887953 -0.28881890
v -0.04568256 0.11289574 -0.28250596
v -0.01618086 0.10598145 -0.28624153
v -0.07790542 0.11973994 -0.27747920
v -0.09666228 0.13338426 -0.26604915
v -0.08810505 0.15043861 -0.25268075
v -0.02070332 0.06281474 -0.31953019
v -0.02982984 0.06507964 -0.31854299
v -0.07917438 0.07631452 -0.31185359
v -0.03473814 0.06629778 -0.31801212
v -0.05666349 0.07141544 -0.31520787
v -0.05938002 0.07200664 -0.31480306
v 0.12016858 0.04753904 -0.30259293
v 0.11174125 0.02177731 -0.32293183
v 0.09006006 0.02944223 -0.32364157
v 0.12021914 0.04769358 -0.30247095
v 0.04570966 0.04394060 -0.32351428
v 0.02479595 0.05026452 -0.32276839
v 0.08235223 0.03202678 -0.32370612
v 0.06813006 0.03679571 -0.32382530
v 0.05306236 0.04159747 -0.32361630
v -0.10206237 0.08093493 -0.30796072
v -0.09165052 0.07883307 -0.30973160
v 0.02276256 0.05087936 -0.32269582
v 0.00073538 0.05714479 -0.32138172
v -0.00233617 0.05795712 -0.32111645
v 0.12353332 0.04580948 -0.30140969
v 0.12201530 0.04686624 -0.30215493
v 0.11281432 0.02133447 -0.32281178
v 0.12343062 0.04547640 -0.30166849
v 0.12338320 0.04532248 -0.30178821
v 0.11376077 0.02084388 -0.32257220
v 0.11382504 0.02081052 -0.32255587
v 0.11547151 0.01965664 -0.32173726
v 0.15624282 -0.00394191 -0.25001830
v 0.14893167 -0.03258596 -0.26659516
v 0.14843580 -0.03010039 -0.26970100
v 0.15454248 0.00271445 -0.25817192
v 0.15192896 0.00950663 -0.26610532
v 0.14838180 0.01638813 -0.27374732
v 0.13948271 0.02934944 -0.28716499
v 0.14428012 0.02296291 -0.28073511
v 0.13267517 0.03682300 -0.29416403
v 0.12829982 0.04110425 -0.29796416
v 0.13883024 -0.00667042 -0.29680800
v 0.13098221 0.00419438 -0.30788442
v 0.12639026 0.00927831 -0.31266269
v 0.13640173 -0.00302828 -0.30061013
v 0.13493034 -0.00082160 -0.30291373
v 0.13159564 0.00341494 -0.30711201
v 0.15552524 -0.01581364 -0.24550746
v 0.14935558 -0.03675862 -0.26120141
v 0.15552522 -0.01581372 -0.24550752
v 0.15707776 -0.01054280 -0.24155806
v 0.14488202 -0.01819861 -0.28405395
v 0.14778934 -0.02686005 -0.27375001
v 0.14694510 -0.02386253 -0.27738720
v 0.14677899 -0.02340656 -0.27792388
v 0.12034717 0.01524375 -0.31798127
v 0.12121408 0.01445913 -0.31731346
v 0.12473564 0.01093435 -0.31414926
v 0.14410463 -0.01656391 -0.28589803
v 0.14215291 -0.01245954 -0.29052812
v 0.14053410 -0.00963909 -0.29358765
v 0.14737512 -0.10260437 -0.17227137
v 0.14386943 -0.12736589 -0.12647399
v 0.14417244 -0.12644355 -0.12491874
v 0.14355649 -0.12822662 -0.12869713
v 0.14253700 -0.13170373 -0.13122644
v 0.14310347 -0.12896253 -0.13514166
v 0.14311752 -0.12902193 -0.13443513
v 0.14328304 -0.12888734 -0.13123520
v 0.14345211 -0.12851375 -0.12943874
v 0.14462687 -0.12497612 -0.12318757
v 0.14480054 -0.12441543 -0.12252612
v 0.14520881 -0.12304205 -0.12137535
v 0.14598107 -0.12036047 -0.11982113
v 0.14613982 -0.11979406 -0.11961368
v 0.14645249 -0.11867797 -0.11920495
v 0.14728121 -0.11564092 -0.11866467
v 0.14782202 -0.11359715 -0.11870553
v 0.14854705 -0.11078153 -0.11920089
v 0.14776091 -0.11383454 -0.11866373
v 0.14897320 -0.10906570 -0.11982184
v 0.14932166 -0.10759737 -0.12065940
v 0.14962021 -0.10633957 -0.12137681
v 0.14993843 -0.10491624 -0.12254411
v 0.15036705 -0.10282464 -0.12494057
v 0.15066399 -0.10099339 -0.12840234
v 0.15071142 -0.10044165 -0.13018081
v 0.15044144 -0.10242286 -0.12554082
v 0.15065102 -0.09999890 -0.13335979
v 0.15053584 -0.10004376 -0.13520947
v 0.15069704 -0.10033629 -0.13093740
v 0.15030345 -0.10046338 -0.13741510
v 0.15020561 -0.10063994 -0.13834317
v 0.14994641 -0.10127214 -0.14005843
v 0.14928144 -0.10318147 -0.14321023
v 0.14902152 -0.10398750 -0.14418858
v 0.14928143 -0.10318153 -0.14321028
v 0.14939150 -0.10284006 -0.14279582
v 0.14830995 -0.10635137 -0.14622393
v 0.14787190 -0.10788812 -0.14714172
v 0.14782125 -0.10807464 -0.14721297
v 0.14708444 -0.11078302 -0.14824738
v 0.14662571 -0.11254080 -0.14858641
v 0.14621153 -0.11418927 -0.14861347
v 0.14584686 -0.11564102 -0.14863726
v 0.14541745 -0.11741445 -0.14835662
v 0.14472765 -0.12037022 -0.14734727
v 0.14984666 -0.07001109 -0.21694747
v 0.15915360 -0.13266818 -0.13724883
v 0.16012214 -0.13211226 -0.13084923
v 0.16157381 -0.12894133 -0.12536836
v 0.16323635 -0.12375014 -0.12183421
v 0.16479789 -0.11751242 -0.12090974
v 0.16596557 -0.11139809 -0.12276828
v 0.14897317 -0.10906577 -0.11982189
v 0.16652033 -0.10655411 -0.12706129
v 0.16635817 -0.10388886 -0.13298348
v 0.16550946 -0.10390243 -0.13942413
v 0.16413341 -0.10659214 -0.14517514
v 0.16248813 -0.11145359 -0.14915787
v 0.14902155 -0.10398742 -0.14418852
v 0.16088219 -0.11757486 -0.15062523
v 0.15961684 -0.12380784 -0.14930204
v -0.01421737 0.01489349 -0.27901974
v -0.01477861 0.00415898 -0.26441702
v -0.03354721 0.01935637 -0.27648196
v -0.03410844 0.00862186 -0.26187924
v -0.01103062 0.00145251 -0.26244685
v -0.00708804 -0.00329976 -0.25782636
v -0.00586801 -0.00811338 -0.25192577
v -0.00755627 -0.01225553 -0.24564336
v -0.01189580 -0.01509563 -0.23993555
v -0.01822595 -0.01620130 -0.23567125
v -0.02558300 -0.01540413 -0.23349985
v -0.03284692 -0.01282561 -0.23375170
v -0.03891183 -0.00885815 -0.23638867
v -0.04285442 -0.00410587 -0.24100915
v -0.04407445 0.00070774 -0.24690974
v -0.04238619 0.00484989 -0.25319216
v -0.03804665 0.00768999 -0.25889999
v -0.13053973 0.05035682 -0.27525827
v -0.13074233 0.04791515 -0.27190375
v -0.12903745 0.04503480 -0.26880196
v -0.12615958 0.04287276 -0.26717702
v -0.12169394 0.04117285 -0.26686874
v -0.11731059 0.04079041 -0.26828620
v -0.11945006 0.04080888 -0.26736942
v -0.10129950 0.04152012 -0.27630785
v -0.08479177 0.04130553 -0.28328517
v -0.08160652 0.04601833 -0.29098949
v -0.08962234 0.05495569 -0.29941443
v -0.09683965 0.05764261 -0.29983178
v -0.11213866 0.05571700 -0.29052415
v -0.12676990 0.05295392 -0.28039041
v -0.12914924 0.05197046 -0.27802816
v 0.06168614 0.02717940 -0.32885194
v 0.10998257 0.01585181 -0.32459480
v 0.10840505 0.01109371 -0.32789868
v -0.07785313 0.07488006 -0.31051666
v -0.12716132 0.07930754 -0.30510074
v -0.12564456 0.08408197 -0.30179194
v 0.06481726 0.03670383 -0.32224461
v 0.11156010 0.02060992 -0.32129091
v 0.01755209 0.05114767 -0.32076177
v 0.01444517 0.04161580 -0.32736978
v -0.03006270 0.06388861 -0.31684768
v -0.03314522 0.05435021 -0.32345772
v -0.08091117 0.06533606 -0.31712997
v -0.12867817 0.07453322 -0.30840966
v 0.10906699 0.01081741 -0.32782045
v 0.11117571 0.01530319 -0.32438615
v 0.11219252 0.01460003 -0.32389322
v 0.11051827 0.00989672 -0.32722783
v 0.10968613 0.01048752 -0.32765174
v 0.10954139 0.01056467 -0.32769123
v 0.11334572 0.01970036 -0.32086027
v 0.11386675 0.01930337 -0.32055864
v 0.11280366 0.02003600 -0.32107061
v 0.11276340 0.02006092 -0.32108623
v 0.12507568 0.00865637 -0.31125247
v 0.14550270 -0.02524937 -0.27489778
v 0.14742287 -0.03639484 -0.26083741
v 0.14396009 -0.04561171 -0.26771012
v 0.14204632 -0.03450423 -0.28172249
v 0.14106572 -0.01386231 -0.28817371
v 0.13762455 -0.02315596 -0.29495323
v 0.13420750 -0.00247872 -0.30037951
v 0.13078971 -0.01181119 -0.30711740
v 0.12168899 -0.00071404 -0.31795332
v 0.07408073 -0.00402770 -0.29257154
v 0.07185277 -0.00335921 -0.29248512
v 0.06976242 -0.00240110 -0.29284659
v 0.07802629 -0.00444017 -0.29375622
v 0.08164304 -0.00361093 -0.29645675
v 0.08344964 -0.00192274 -0.29950947
v 0.08366439 0.00090127 -0.30338064
v 0.08247378 0.00311083 -0.30581164
v 0.08025280 0.00515642 -0.30756995
v 0.06625606 0.01452914 -0.31394517
v 0.05152095 0.02338904 -0.31930968
v 0.04419820 0.02405914 -0.31698343
v 0.03545019 0.01899222 -0.30635759
v 0.03807255 0.01293855 -0.29941574
v 0.05420866 0.00561632 -0.29672414
v 0.12860326 -0.04290350 -0.26457408
v 0.12292757 -0.04064217 -0.26510063
v 0.11887079 -0.03710743 -0.26804259
v 0.11752020 -0.03324664 -0.27261147
v 0.11923747 -0.03009411 -0.27758318
v 0.12356267 -0.02849467 -0.28162554
v 0.12933663 -0.02887678 -0.28365538
v 0.13501240 -0.03113818 -0.28312874
v 0.13906910 -0.03467285 -0.28018683
v 0.14041977 -0.03853371 -0.27561790
v 0.13870242 -0.04168617 -0.27064624
v 0.13437730 -0.04328569 -0.26660386
v -0.13790725 -0.08059883 -0.13660161
v -0.13732491 -0.07771302 -0.14071719
v -0.13363636 -0.07094172 -0.15139593
v -0.13207740 -0.06807990 -0.15590920
v -0.12654905 -0.06247909 -0.16583219
v -0.12389784 -0.05979308 -0.17059100
v -0.11684976 -0.05545327 -0.17949636
v -0.11303493 -0.05310432 -0.18431646
v -0.10481751 -0.05006545 -0.19199659
v -0.09981868 -0.04821685 -0.19666857
v -0.09079812 -0.04646978 -0.20297454
v -0.08465070 -0.04527917 -0.20727199
v -0.07519425 -0.04476907 -0.21211553
v -0.06799182 -0.04438053 -0.21580461
v -0.05845383 -0.04501180 -0.21915762
v -0.05034822 -0.04554832 -0.22200702
v -0.04105731 -0.04719090 -0.22389884
v -0.03225599 -0.04874692 -0.22569095
v -0.02350386 -0.05124364 -0.22620338
v -0.01426487 -0.05387926 -0.22674432
v -0.00629718 -0.05705376 -0.22600514
v 0.00307851 -0.06078928 -0.22513527
v 0.01006899 -0.06445470 -0.22330955
v 0.01924716 -0.06926716 -0.22091250
v 0.02512493 -0.07323415 -0.21819381
v 0.03374980 -0.07905520 -0.21420446
v 0.03843839 -0.08314044 -0.21080433
v 0.04614582 -0.08985605 -0.20521493
v 0.04962695 -0.09388950 -0.20135270
v 0.05605853 -0.10134150 -0.19421704
v 0.05836897 -0.10517305 -0.19010966
v 0.06318678 -0.11316259 -0.18154499
v 0.06441287 -0.11666743 -0.17739734
v 0.06731384 -0.12496012 -0.16758375
v 0.06758413 -0.12804279 -0.16358010
v 0.06831453 -0.13637565 -0.15275759
v 0.06779054 -0.13897254 -0.14905407
v 0.06615828 -0.14706232 -0.13751696
v 0.06502498 -0.14914280 -0.13423592
v 0.06091076 -0.15669543 -0.12232496
v 0.05936524 -0.15826119 -0.11955088
v 0.05273120 -0.16498224 -0.10764317
v 0.05097219 -0.16606535 -0.10542063
v 0.04186830 -0.17167100 -0.09391771
v 0.04008519 -0.17233042 -0.09225117
v 0.02865205 -0.17655848 -0.08156559
v 0.02701518 -0.17687550 -0.08042132
v 0.01348406 -0.17949615 -0.07096216
v 0.01213599 -0.17956889 -0.07027168
v -0.00317481 -0.18039480 -0.06242954
v -0.00412649 -0.18033177 -0.06209507
v -0.02081842 -0.17922701 -0.05622714
v -0.02130626 -0.17914081 -0.05612775
v -0.03891064 -0.17602840 -0.05254321
v -0.05641665 -0.17103450 -0.05151819
v -0.05690176 -0.17089607 -0.05148984
v -0.07330966 -0.16435872 -0.05301217
v -0.07424515 -0.16398606 -0.05309889
v -0.08910538 -0.15619422 -0.05697993
v -0.09041379 -0.15550818 -0.05732165
v -0.10335137 -0.14677641 -0.06330580
v -0.10491644 -0.14572012 -0.06402969
v -0.11564001 -0.13637652 -0.07180638
v -0.11731246 -0.13491927 -0.07301924
v -0.12562001 -0.12529366 -0.08223625
v -0.12722516 -0.12343383 -0.08401712
v -0.13300654 -0.11384630 -0.09429484
v -0.13435341 -0.11161274 -0.09668918
v -0.13758917 -0.10236315 -0.10763518
v -0.13848048 -0.09981521 -0.11065041
v -0.13923799 -0.09117369 -0.12187377
v -0.13948117 -0.08839968 -0.12547657
v 0.14198434 -0.11129822 -0.17899510
v 0.13830063 -0.13846740 -0.13067818
v 0.13657078 -0.14305538 -0.13414255
v 0.14544638 -0.10210893 -0.17208521
v 0.14003047 -0.13387941 -0.12721379
v 0.14791302 -0.06958084 -0.21667196
v 0.14444999 -0.07878379 -0.22356315
v 0.13547891 -0.14696218 -0.10771468
v 0.11731113 -0.16939905 -0.06971401
v 0.10403892 -0.17832841 -0.05193187
v -0.12636209 0.08417285 -0.30159774
v -0.12699512 0.08415077 -0.30128962
v -0.12786435 0.08412036 -0.30086645
v -0.12821257 0.08400615 -0.30056047
v 0.08829220 -0.18549624 -0.03541657
v 0.12785773 -0.15887725 -0.08842637
v -0.12909195 0.08371781 -0.29978791
v -0.12920542 0.08361837 -0.29960498
v 0.07036920 -0.19076686 -0.02048085
v -0.18133666 -0.04166078 -0.10912286
v -0.18227780 -0.05536391 -0.09038289
v -0.16691044 0.01037001 -0.18505433
v -0.17516193 -0.01532193 -0.14706422
v -0.17997800 -0.06969015 -0.07223579
v -0.14030947 -0.12719557 -0.01278750
v -0.12380987 -0.14012183 -0.00276134
v -0.14425342 0.05959051 -0.26084951
v -0.12989740 0.08301182 -0.29848930
v -0.17448515 -0.08434115 -0.05505950
v -0.15444222 -0.11339641 -0.02502255
v -0.10528708 -0.15190601 0.00484714
v -0.08512685 -0.16230260 0.00987937
v -0.06505024 -0.17061922 0.01216675
v 0.05146613 -0.19394477 -0.00791250
v -0.15660009 0.03535898 -0.22301035
v -0.16591369 -0.09901175 -0.03921174
v -0.13123582 0.07828234 -0.30193669
v -0.13060053 0.07887909 -0.30301431
v -0.13194032 0.07410858 -0.30640623
v -0.13257428 0.07355286 -0.30538407
v -0.12847884 0.07941516 -0.30466488
v -0.12991548 0.07459632 -0.30794954
v -0.12965731 0.07926789 -0.30394936
v -0.12933730 0.07461662 -0.30823115
v -0.13071287 0.07456820 -0.30756107
v -0.13103084 0.07446389 -0.30728164
v -0.13183679 0.07419935 -0.30657318
v 0.12117456 -0.14367317 -0.12654117
v 0.13203019 -0.15610659 -0.11469045
v 0.12648806 -0.16530915 -0.09994461
v 0.11678097 -0.16122220 -0.10113861
v 0.11548997 -0.14328256 -0.12456201
v 0.11152175 -0.15821844 -0.10284134
v 0.11052849 -0.14441571 -0.12086328
v 0.10786638 -0.15443535 -0.10629208
v 0.10732734 -0.14694391 -0.11607351
v 0.10639074 -0.15046889 -0.11094726
v 0.12617449 -0.14190541 -0.13110551
v 0.12876634 -0.12926924 -0.14914499
v -0.16946882 -0.03445726 -0.14470161
v -0.17957628 -0.03133396 -0.14443070
v -0.17781992 -0.02473961 -0.15402251
v -0.16077197 -0.01826409 -0.17018457
v -0.15587121 -0.02147272 -0.16805011
v -0.15178946 -0.02952495 -0.15907769
v -0.15261371 -0.02549073 -0.16411011
v -0.15756279 -0.03503805 -0.14916418
v -0.16318895 -0.03558921 -0.14595127
v -0.15353723 -0.03289650 -0.15379965
v 0.08219452 -0.03933202 -0.24892798
v 0.06609061 -0.02764797 -0.25746700
v 0.09644347 -0.05183878 -0.23847245
v 0.10860067 -0.06496030 -0.22627427
v 0.11815269 -0.07799052 -0.21305178
v 0.11696470 -0.10071305 -0.18214111
v 0.13087933 -0.11649929 -0.16715266
v -0.16957183 0.00094151 -0.19199666
v -0.14644153 0.00560343 -0.20840986
v -0.15915550 -0.00095138 -0.19404896
v -0.16150531 -0.00748261 -0.18428041
v -0.16371711 -0.01406009 -0.17451073
v 0.02287494 -0.00531201 -0.26832065
v 0.01627426 -0.00451756 -0.26647845
v -0.14692430 0.05014138 -0.26776004
v -0.05332674 0.00247825 -0.24520601
v -0.05548277 0.00684291 -0.25009429
v -0.05062868 -0.00329691 -0.23866992
v -0.04551611 -0.00883321 -0.23351578
v -0.03846725 -0.01361268 -0.23022586
v -0.03014149 -0.01718829 -0.22910783
v -0.02131760 -0.01922556 -0.23026629
v 0.00334651 -0.01060650 -0.25264651
v 0.00011613 -0.01501290 -0.24533208
v -0.00544649 -0.01808450 -0.23877643
v -0.01282101 -0.01953390 -0.23359290
v 0.01038655 -0.00521744 -0.26295155
v 0.00590206 -0.00732965 -0.25815338
v 0.04839937 -0.01698075 -0.26394764
v -0.05964205 0.01095080 -0.25375766
v -0.06531700 0.01432027 -0.25576651
v -0.07184232 0.01655636 -0.25588545
v 0.02941483 -0.00750761 -0.26826227
v -0.07845304 0.01739698 -0.25410056
v -0.09729573 0.01686201 -0.24509330
v -0.11508816 0.01469165 -0.23436116
v -0.13155502 0.01091927 -0.22206986
v -0.15926576 0.02591997 -0.22993673
v -0.05605571 -0.16968714 -0.04311759
v -0.07391109 -0.16265830 -0.04466023
v -0.09061987 -0.15404959 -0.04882028
v -0.10570136 -0.14410867 -0.05547804
v -0.11872170 -0.13312152 -0.06444199
v -0.12930630 -0.12140423 -0.07545426
v -0.13715068 -0.10929387 -0.08819804
v -0.14202915 -0.09713885 -0.10230670
v -0.14380139 -0.08528883 -0.11737439
v -0.14241646 -0.07408472 -0.13296761
v -0.13791409 -0.06384885 -0.14863780
v -0.13042392 -0.05487567 -0.16393413
v -0.12016132 -0.04742334 -0.17841657
v -0.10742158 -0.04170624 -0.19166848
v -0.09257123 -0.03788884 -0.20330863
v -0.07603744 -0.03608099 -0.21300213
v -0.05829588 -0.03633463 -0.22047019
v -0.03985693 -0.03864253 -0.22549787
v -0.02125105 -0.04293826 -0.22794059
v -0.00301350 -0.04909825 -0.22772808
v 0.01433106 -0.05694532 -0.22486639
v 0.03028366 -0.06625364 -0.21943796
v 0.04438536 -0.07675550 -0.21159887
v 0.05623052 -0.08814877 -0.20157464
v 0.06547834 -0.10010567 -0.18965368
v 0.07186274 -0.11228222 -0.17617892
v 0.07520016 -0.12432815 -0.16153799
v 0.07539447 -0.13589688 -0.14615211
v 0.07244018 -0.14665563 -0.13046388
v 0.06642223 -0.15629488 -0.11492465
v 0.05751375 -0.16453734 -0.09998143
v 0.04597102 -0.17114586 -0.08606411
v 0.03212609 -0.17593034 -0.07357308
v 0.01637728 -0.17875314 -0.06286769
v -0.00082236 -0.17953306 -0.05425587
v -0.01897802 -0.17824765 -0.04798544
v -0.03756740 -0.17493390 -0.04423672
v 0.11885262 -0.14990778 -0.13174663
v 0.11649262 -0.15624015 -0.13703156
v 0.12102985 -0.15463595 -0.14117356
v 0.12360218 -0.14827068 -0.13613954
v 0.11217232 -0.17483434 -0.11026353
v 0.10661754 -0.17166176 -0.11206196
v 0.10275672 -0.16766602 -0.11570667
v 0.10119814 -0.16347662 -0.12062350
v 0.10218727 -0.15975349 -0.12603787
v 0.10556840 -0.15708320 -0.13109685
v 0.11080875 -0.15588637 -0.13500348
v 0.12389016 -0.17199875 -0.10454710
v 0.12129588 -0.17867562 -0.10914128
v 0.06241394 -0.21261066 -0.03784712
v 0.04764634 -0.20484565 -0.01669319
v 0.04382638 -0.21574651 -0.02547387
v 0.08023253 -0.20737077 -0.05269581
v 0.09588756 -0.20024468 -0.06911494
v 0.10908242 -0.19136734 -0.08679347
v 0.11956760 -0.18090685 -0.10539682
v -0.06868806 -0.18155655 0.00335473
v -0.07232579 -0.19249390 -0.00545734
v -0.18868895 -0.07801042 -0.10735516
v -0.18454523 -0.05302712 -0.11755005
v -0.18775371 -0.06439350 -0.12597726
v -0.18640359 -0.09224656 -0.08932221
v -0.18094526 -0.10680541 -0.07225396
v -0.17242776 -0.12138373 -0.05650587
v -0.16102834 -0.13567793 -0.04240595
v -0.14698456 -0.14939025 -0.03024787
v -0.13058876 -0.16223522 -0.02028478
v -0.11218248 -0.17394522 -0.01272421
v -0.09214906 -0.18427646 -0.00772357
v -0.18574937 -0.05474390 -0.13976412
v -0.18152289 -0.03825560 -0.14899826
v -0.18346876 -0.04517518 -0.15356441
v -0.17393537 -0.04812108 -0.15381992
v -0.15957355 -0.03440671 -0.17848076
v -0.16260815 -0.02466008 -0.17538919
v -0.16447154 -0.03115613 -0.18067253
v -0.15613300 -0.03865056 -0.17431930
v -0.15526240 -0.04291153 -0.16900402
v -0.15710841 -0.04647258 -0.16342932
v -0.16136028 -0.04873449 -0.15853330
v -0.16730259 -0.04931665 -0.15513982
v -0.16543263 -0.02069778 -0.17955749
v -0.16714814 -0.02733549 -0.18460420
v -0.16498254 -0.02090205 -0.19416092
v -0.16092016 -0.00773213 -0.19888277
v -0.16268483 -0.01451292 -0.20371650
v -0.08252498 0.00366816 -0.26330560
v -0.10126769 0.00313612 -0.25434628
v -0.11896574 0.00097723 -0.24367097
v -0.13534524 -0.00277511 -0.23144493
v -0.15015282 -0.00806275 -0.21785738
v -0.05850969 -0.01059081 -0.25480446
v -0.06057039 -0.00641917 -0.25947657
v -0.06454576 -0.00249292 -0.26297796
v -0.06996978 0.00072753 -0.26489794
v -0.07620656 0.00286478 -0.26501167
v -0.00014497 -0.02406609 -0.26246703
v -0.00347177 -0.02860409 -0.25493419
v -0.00920040 -0.03176732 -0.24818294
v -0.01679502 -0.03325997 -0.24284472
v -0.02554521 -0.03294246 -0.23941877
v -0.03463245 -0.03084439 -0.23822573
v -0.04320671 -0.02716203 -0.23937719
v -0.05046595 -0.02223991 -0.24276529
v -0.05573111 -0.01653843 -0.24807318
v 0.01851998 -0.01900573 -0.27744809
v 0.02709275 -0.01430596 -0.27282727
v 0.02477068 -0.02110431 -0.27739221
v 0.01221115 -0.01824644 -0.27568728
v 0.00658378 -0.01891534 -0.27231640
v 0.00229758 -0.02093416 -0.26773036
v 0.10353651 -0.07825219 -0.23562701
v 0.11555286 -0.08453589 -0.21783286
v 0.11295312 -0.09108137 -0.22261380
v 0.09144377 -0.06520025 -0.24776049
v 0.07727038 -0.05275983 -0.25816059
v 0.06125191 -0.04113780 -0.26665425
v 0.04365451 -0.03052712 -0.27310058
v 0.11176275 -0.11384925 -0.19164144
v 0.12827089 -0.12305897 -0.17191082
v 0.12566240 -0.12961860 -0.17666899
v 0.12357846 -0.14219218 -0.15893669
f 1 2 3
f 4 5 6
f 7 8 9
f 10 11 12
f 1 13 12
f 14 15 16
f 17 18 19
f 20 21 22
f 1 20 22
f 23 24 15
f 1 23 15
f 25 23 1
f 12 25 1
f 26 27 28
f 4 29 30
f 8 4 30
f 5 4 8
f 31 5 8
f 32 33 34
f 8 32 34
f 35 32 8
f 36 35 8
f 37 35 36
f 38 39 13
f 1 38 13
f 40 38 1
f 41 40 1
f 27 42 43
f 44 31 8
f 45 44 8
f 46 44 45
f 47 48 36
f 8 47 36
f 49 47 8
f 30 49 8
f 50 42 51
f 52 53 54
f 42 52 54
f 55 43 42
f 56 55 42
f 57 55 56
f 18 17 45
f 8 18 45
f 1 18 8
f 7 1 8
f 20 1 7
f 58 59 56
f 42 58 56
f 60 58 42
f 54 60 42
f 42 27 26
f 61 42 26
f 62 42 61
f 1 15 14
f 42 1 14
f 2 1 42
f 62 2 42
f 63 2 62
f 64 65 52
f 42 64 52
f 66 64 42
f 50 66 42
f 67 68 69
f 70 67 69
f 67 71 72
f 73 67 72
f 74 67 73
f 75 76 77
f 78 79 68
f 67 78 68
f 80 78 67
f 74 80 67
f 81 80 74
f 70 69 82
f 83 70 82
f 76 70 83
f 70 76 75
f 84 70 75
f 85 70 84
f 86 87 88
f 70 86 88
f 89 86 70
f 85 89 70
f 90 91 92
f 93 94 95
f 96 93 95
f 97 93 96
f 98 99 100
f 91 90 97
f 96 91 97
f 101 91 96
f 102 101 96
f 103 101 102
f 104 103 102
f 105 104 102
f 106 105 102
f 99 105 106
f 105 99 98
f 107 105 98
f 108 105 107
f 109 110 111
f 105 109 111
f 112 109 105
f 108 112 105
f 20 113 114
f 115 20 114
f 21 20 115
f 116 21 115
f 8 117 118
f 119 8 118
f 9 8 119
f 113 9 119
f 7 9 113
f 20 7 113
f 32 120 121
f 122 32 121
f 33 32 122
f 117 33 122
f 34 33 117
f 8 34 117
f 36 123 124
f 125 36 124
f 37 36 125
f 120 37 125
f 35 37 120
f 32 35 120
f 123 36 48
f 47 123 48
f 126 123 47
f 49 126 47
f 127 126 49
f 26 128 129
f 130 26 129
f 61 26 130
f 131 61 130
f 132 127 49
f 30 132 49
f 133 132 30
f 29 133 30
f 134 133 29
f 4 134 29
f 135 134 4
f 6 135 4
f 136 135 6
f 5 136 6
f 137 136 5
f 31 137 5
f 138 137 31
f 44 138 31
f 139 138 44
f 46 139 44
f 140 139 46
f 45 140 46
f 141 140 45
f 17 142 45
f 143 142 17
f 19 143 17
f 144 143 19
f 18 144 19
f 145 144 18
f 1 145 18
f 146 145 1
f 3 146 1
f 147 146 3
f 2 148 3
f 149 148 2
f 63 149 2
f 131 149 63
f 62 131 63
f 61 131 62
f 43 150 151
f 152 43 151
f 27 43 153
f 128 27 153
f 28 27 128
f 26 28 128
f 56 154 155
f 156 56 155
f 57 56 156
f 150 57 156
f 55 57 150
f 43 55 150
f 60 157 158
f 159 60 158
f 58 60 159
f 154 58 159
f 59 58 154
f 56 59 154
f 157 60 54
f 53 157 54
f 160 157 53
f 52 160 53
f 161 160 52
f 162 161 52
f 65 162 52
f 163 162 65
f 64 163 65
f 164 163 64
f 66 164 64
f 165 164 66
f 50 165 66
f 166 165 50
f 51 166 50
f 167 166 51
f 42 167 51
f 168 167 42
f 14 168 42
f 169 168 14
f 16 169 14
f 170 169 16
f 15 170 16
f 171 170 15
f 24 171 15
f 172 171 24
f 23 172 24
f 173 172 23
f 25 173 23
f 174 173 25
f 12 174 25
f 175 174 12
f 11 175 12
f 176 175 11
f 10 176 11
f 177 176 13
f 39 177 13
f 178 177 39
f 38 178 39
f 179 178 38
f 40 179 38
f 116 179 40
f 41 116 40
f 21 116 22
f 180 181 72
f 71 180 72
f 182 180 71
f 67 182 71
f 183 182 67
f 184 185 74
f 73 184 74
f 186 187 81
f 74 186 81
f 188 186 74
f 185 188 74
f 189 190 80
f 81 191 80
f 192 191 81
f 187 192 81
f 193 194 78
f 80 193 78
f 195 193 80
f 196 195 80
f 197 198 79
f 78 197 79
f 199 197 78
f 194 199 78
f 200 201 68
f 79 200 68
f 202 200 79
f 198 202 79
f 203 204 69
f 68 203 69
f 205 203 68
f 201 205 68
f 206 207 82
f 69 206 82
f 208 206 69
f 204 208 69
f 209 210 76
f 83 209 76
f 211 209 83
f 82 207 212
f 213 82 212
f 83 82 213
f 214 83 213
f 211 83 214
f 215 216 77
f 76 215 77
f 217 215 76
f 210 217 76
f 218 219 75
f 77 218 75
f 220 218 77
f 216 220 77
f 221 222 84
f 75 221 84
f 223 221 75
f 219 223 75
f 224 225 85
f 84 224 85
f 226 224 84
f 222 226 84
f 227 228 89
f 85 227 89
f 229 227 85
f 225 229 85
f 230 231 86
f 89 230 86
f 232 230 89
f 228 232 89
f 233 234 87
f 86 233 87
f 235 233 86
f 231 235 86
f 236 237 88
f 87 236 88
f 238 236 87
f 234 238 87
f 239 183 67
f 70 239 67
f 240 239 70
f 88 240 70
f 241 240 88
f 237 241 88
f 242 184 73
f 72 242 73
f 181 242 72
f 243 244 95
f 94 243 95
f 108 245 246
f 247 248 102
f 96 247 102
f 249 250 106
f 102 249 106
f 251 249 102
f 248 251 102
f 252 253 99
f 106 252 99
f 254 252 106
f 250 254 106
f 255 256 100
f 99 255 100
f 257 255 99
f 253 257 99
f 258 259 98
f 100 258 98
f 260 258 100
f 256 260 100
f 98 259 261
f 262 98 261
f 107 98 262
f 107 262 263
f 264 107 263
f 108 107 264
f 265 108 264
f 245 108 265
f 266 267 112
f 108 266 112
f 268 266 108
f 246 268 108
f 269 270 109
f 112 269 109
f 271 269 112
f 267 271 112
f 272 273 110
f 109 272 110
f 274 272 109
f 270 274 109
f 275 276 111
f 110 275 111
f 277 275 110
f 273 277 110
f 278 279 105
f 111 278 105
f 280 278 111
f 276 280 111
f 281 282 104
f 105 281 104
f 283 281 105
f 279 283 105
f 284 285 103
f 104 284 103
f 286 284 104
f 282 286 104
f 287 288 101
f 103 287 101
f 289 287 103
f 285 289 103
f 290 291 91
f 101 290 91
f 292 290 101
f 288 292 101
f 293 294 92
f 91 293 92
f 295 293 91
f 291 295 91
f 296 297 90
f 92 296 90
f 298 296 92
f 294 298 92
f 299 300 93
f 97 299 93
f 301 299 97
f 90 301 97
f 302 301 90
f 297 302 90
f 303 247 96
f 95 303 96
f 244 303 95
f 304 243 94
f 93 304 94
f 300 304 93
f 305 306 307
f 308 309 310
f 311 308 310
f 312 308 313
f 305 314 315
f 316 305 315
f 317 305 316
f 318 319 320
f 309 318 320
f 321 318 309
f 308 321 309
f 322 323 324
f 315 322 324
f 325 322 315
f 314 325 315
f 308 312 306
f 305 308 306
f 326 308 305
f 317 326 305
f 327 326 317
f 328 327 317
f 329 327 328
f 330 331 332
f 333 334 335
f 336 337 338
f 339 340 341
f 336 340 339
f 342 336 339
f 330 336 342
f 343 330 342
f 331 330 343
f 344 345 346
f 334 344 346
f 347 344 334
f 333 348 334
f 343 348 333
f 349 343 333
f 331 343 349
f 350 351 352
f 337 350 352
f 353 350 337
f 336 354 337
f 355 354 336
f 330 355 336
f 356 357 131
f 130 356 131
f 356 130 129
f 128 356 129
f 358 356 128
f 152 358 128
f 359 143 144
f 145 359 144
f 360 359 145
f 361 113 362
f 363 114 362
f 115 114 363
f 120 125 364
f 365 120 364
f 121 120 365
f 141 143 359
f 366 142 359
f 140 142 366
f 360 145 146
f 147 360 146
f 357 360 148
f 149 357 148
f 131 357 149
f 358 153 151
f 150 358 151
f 367 358 150
f 368 154 369
f 367 155 369
f 156 155 367
f 150 156 367
f 370 113 119
f 118 362 119
f 371 362 118
f 117 371 118
f 365 371 117
f 122 365 117
f 121 365 122
f 364 125 124
f 123 364 124
f 372 364 123
f 373 166 167
f 168 373 167
f 374 373 168
f 375 174 175
f 176 376 175
f 377 376 176
f 177 377 176
f 378 377 177
f 134 135 379
f 380 134 379
f 133 134 380
f 379 135 136
f 137 379 136
f 381 379 137
f 138 381 137
f 366 381 138
f 139 366 138
f 140 366 139
f 158 157 382
f 369 158 382
f 159 158 369
f 154 159 369
f 165 166 373
f 383 165 373
f 164 165 383
f 173 174 376
f 384 173 376
f 172 173 384
f 378 177 178
f 179 378 178
f 363 378 179
f 116 363 179
f 115 363 116
f 372 123 126
f 127 372 126
f 380 372 127
f 132 380 127
f 133 380 132
f 382 157 160
f 161 382 160
f 385 382 161
f 162 385 161
f 383 385 162
f 163 383 162
f 164 383 163
f 374 168 169
f 170 374 169
f 384 374 170
f 171 384 170
f 172 384 171
f 181 180 182
f 242 181 182
f 386 387 388
f 196 389 195
f 211 386 390
f 209 211 390
f 389 190 191
f 192 389 191
f 187 389 192
f 193 195 389
f 387 193 389
f 194 193 387
f 391 225 224
f 239 182 183
f 392 182 239
f 240 392 239
f 393 392 240
f 185 184 242
f 394 185 242
f 188 185 394
f 389 188 394
f 186 188 389
f 187 186 389
f 386 211 214
f 213 386 214
f 212 386 213
f 391 224 226
f 222 391 226
f 395 391 222
f 221 395 222
f 396 395 221
f 223 396 221
f 219 396 223
f 387 198 197
f 199 387 197
f 194 387 199
f 396 219 218
f 220 396 218
f 216 396 220
f 393 240 241
f 237 393 241
f 397 393 237
f 236 397 237
f 238 397 236
f 386 208 204
f 203 386 204
f 205 386 203
f 386 212 207
f 206 386 207
f 208 386 206
f 396 216 215
f 217 396 215
f 390 396 217
f 210 390 217
f 209 390 210
f 397 238 234
f 233 397 234
f 235 397 233
f 391 228 227
f 229 391 227
f 225 391 229
f 386 205 201
f 200 386 201
f 387 386 200
f 202 387 200
f 198 387 202
f 397 235 231
f 230 397 231
f 391 397 230
f 232 391 230
f 228 391 232
f 244 243 304
f 303 244 304
f 398 253 252
f 254 398 252
f 250 398 254
f 258 260 399
f 400 258 399
f 259 258 400
f 401 274 270
f 269 401 270
f 402 401 269
f 271 402 269
f 267 402 271
f 403 285 284
f 299 304 300
f 404 304 299
f 301 404 299
f 405 404 301
f 248 247 303
f 406 248 303
f 251 248 406
f 398 251 406
f 249 251 398
f 250 249 398
f 399 260 256
f 255 399 256
f 398 399 255
f 257 398 255
f 253 398 257
f 402 267 266
f 268 402 266
f 246 402 268
f 407 279 278
f 403 284 286
f 282 403 286
f 408 403 282
f 281 408 282
f 407 408 281
f 283 407 281
f 279 407 283
f 405 301 302
f 297 405 302
f 409 405 297
f 296 409 297
f 298 409 296
f 402 246 245
f 265 402 245
f 264 402 265
f 402 264 263
f 262 402 263
f 400 402 262
f 261 400 262
f 259 400 261
f 407 278 280
f 276 407 280
f 275 407 276
f 409 298 294
f 293 409 294
f 295 409 293
f 407 275 277
f 273 407 277
f 401 407 273
f 272 401 273
f 274 401 272
f 403 288 287
f 289 403 287
f 285 403 289
f 409 295 291
f 290 409 291
f 403 409 290
f 292 403 290
f 288 403 292
f 410 411 412
f 413 414 415
f 416 411 417
f 418 419 417
f 411 418 417
f 420 418 411
f 410 420 411
f 413 420 410
f 421 422 423
f 413 421 423
f 424 421 413
f 410 424 413
f 425 426 427
f 411 425 427
f 428 425 411
f 416 429 411
f 430 431 432
f 414 430 432
f 433 430 414
f 413 434 414
f 435 434 413
f 423 435 413
f 323 322 436
f 437 323 436
f 324 323 437
f 438 324 437
f 315 324 438
f 439 315 438
f 316 315 439
f 440 316 439
f 317 316 440
f 441 317 440
f 328 317 441
f 442 328 441
f 329 328 442
f 443 329 442
f 327 329 443
f 444 327 443
f 326 327 444
f 445 326 444
f 308 326 445
f 446 308 445
f 321 308 446
f 447 321 446
f 318 321 447
f 448 318 447
f 319 318 448
f 449 319 448
f 320 319 449
f 450 320 449
f 309 320 450
f 451 309 450
f 310 309 451
f 452 310 451
f 311 310 452
f 453 313 452
f 312 313 453
f 454 312 453
f 306 312 454
f 455 306 454
f 307 306 455
f 456 307 455
f 305 307 456
f 457 305 456
f 314 305 457
f 458 314 457
f 325 314 458
f 459 325 458
f 322 325 459
f 436 322 459
f 331 349 460
f 461 331 460
f 332 331 461
f 462 332 461
f 330 332 462
f 463 330 462
f 355 330 464
f 465 355 464
f 353 355 465
f 466 354 465
f 350 354 466
f 467 350 466
f 351 350 467
f 468 351 467
f 352 351 468
f 469 352 468
f 337 352 469
f 470 337 469
f 338 337 470
f 471 338 470
f 336 338 471
f 472 336 471
f 340 336 472
f 473 340 472
f 341 340 473
f 474 341 473
f 339 341 474
f 475 339 474
f 342 339 475
f 476 342 475
f 343 342 476
f 477 343 476
f 347 343 477
f 478 348 477
f 344 348 478
f 479 344 478
f 345 344 479
f 480 345 479
f 346 345 480
f 481 346 480
f 334 346 481
f 482 334 481
f 335 334 482
f 483 335 482
f 333 335 483
f 484 333 483
f 349 333 484
f 460 349 484
f 485 486 377
f 378 485 377
f 487 485 378
f 488 489 376
f 377 490 376
f 491 490 377
f 486 491 377
f 492 493 384
f 375 492 384
f 494 492 376
f 495 494 376
f 496 497 374
f 384 496 374
f 498 496 384
f 493 498 384
f 499 500 373
f 374 499 373
f 501 499 374
f 497 501 374
f 502 503 383
f 373 502 383
f 504 502 373
f 500 504 373
f 505 506 385
f 383 507 385
f 508 507 383
f 503 508 383
f 509 510 382
f 385 509 382
f 511 509 385
f 506 511 385
f 512 513 369
f 382 512 369
f 514 512 382
f 510 514 382
f 515 516 367
f 369 515 367
f 517 515 369
f 513 517 369
f 518 519 358
f 367 518 358
f 520 518 367
f 521 520 367
f 522 523 356
f 358 522 356
f 524 522 358
f 519 524 358
f 525 526 357
f 356 525 357
f 527 525 356
f 523 527 356
f 528 529 360
f 357 528 360
f 530 528 357
f 526 530 357
f 531 532 359
f 360 533 359
f 534 533 360
f 529 534 360
f 535 536 366
f 359 535 366
f 537 535 359
f 532 537 359
f 538 539 381
f 366 538 381
f 540 538 366
f 536 540 366
f 541 542 379
f 381 541 379
f 543 541 381
f 539 543 381
f 544 545 380
f 379 544 380
f 546 544 379
f 542 546 379
f 547 548 372
f 380 547 372
f 549 547 380
f 545 549 380
f 550 551 364
f 372 550 364
f 552 550 372
f 548 552 372
f 553 554 365
f 364 553 365
f 555 553 364
f 551 555 364
f 556 557 371
f 365 556 371
f 558 556 365
f 554 558 365
f 559 560 362
f 371 559 362
f 561 559 371
f 557 562 371
f 563 564 363
f 370 563 363
f 565 563 362
f 560 565 362
f 363 564 566
f 567 363 566
f 378 363 567
f 568 378 567
f 487 378 568
f 390 569 570
f 396 390 570
f 386 571 569
f 390 386 569
f 388 572 571
f 386 388 571
f 387 573 572
f 388 387 572
f 389 574 573
f 387 389 573
f 394 575 574
f 389 394 574
f 182 392 576
f 575 182 576
f 242 182 575
f 394 242 575
f 393 577 576
f 392 393 576
f 397 578 577
f 393 397 577
f 391 579 578
f 397 391 578
f 395 580 579
f 391 395 579
f 396 570 580
f 395 396 580
f 399 581 582
f 400 399 582
f 398 583 581
f 399 398 581
f 406 584 583
f 398 406 583
f 304 404 585
f 584 304 585
f 303 304 584
f 406 303 584
f 405 586 585
f 404 405 585
f 409 587 586
f 405 409 586
f 403 588 587
f 409 403 587
f 408 589 588
f 403 408 588
f 407 590 589
f 408 407 589
f 401 591 590
f 407 401 590
f 402 592 591
f 401 402 591
f 400 582 592
f 402 400 592
f 421 424 593
f 594 421 593
f 422 421 594
f 595 422 594
f 423 422 595
f 596 423 595
f 435 423 597
f 598 435 597
f 433 435 598
f 599 434 598
f 430 434 599
f 600 430 599
f 431 430 600
f 601 431 600
f 432 431 601
f 602 432 601
f 414 432 602
f 603 414 602
f 415 414 603
f 604 415 603
f 413 415 604
f 605 413 604
f 420 413 605
f 606 420 605
f 418 420 606
f 607 418 606
f 419 418 607
f 608 419 607
f 417 419 608
f 609 417 608
f 416 417 609
f 610 416 609
f 428 416 610
f 611 429 610
f 425 429 611
f 612 425 611
f 426 425 612
f 613 426 612
f 427 426 613
f 614 427 613
f 411 427 614
f 615 411 614
f 412 411 615
f 616 412 615
f 410 412 616
f 617 410 616
f 424 410 617
f 593 424 617
f 436 618 619
f 618 436 459
f 458 618 459
f 620 618 458
f 440 621 622
f 620 458 457
f 456 620 457
f 623 620 456
f 623 456 455
f 454 623 455
f 624 623 454
f 624 454 453
f 452 625 453
f 626 625 452
f 446 627 628
f 621 440 439
f 438 621 439
f 619 621 438
f 437 619 438
f 436 619 437
f 626 452 451
f 450 629 451
f 630 629 450
f 630 450 449
f 448 630 449
f 631 630 448
f 447 628 448
f 446 628 447
f 632 446 445
f 444 627 445
f 633 627 444
f 633 444 443
f 442 633 443
f 622 633 442
f 441 622 442
f 440 622 441
f 460 634 635
f 634 460 484
f 483 634 484
f 636 634 483
f 465 637 638
f 636 483 482
f 481 636 482
f 639 636 481
f 639 481 480
f 479 639 480
f 640 639 479
f 640 479 478
f 477 640 478
f 641 640 477
f 471 642 643
f 637 465 464
f 462 637 464
f 635 637 462
f 461 635 462
f 460 635 461
f 641 477 476
f 475 641 476
f 644 641 475
f 644 475 474
f 473 644 474
f 643 644 473
f 472 643 473
f 471 643 472
f 642 471 470
f 469 642 470
f 645 642 469
f 645 469 468
f 467 645 468
f 638 645 467
f 466 638 467
f 465 638 466
f 646 523 522
f 566 647 648
f 649 646 522
f 647 566 564
f 563 647 564
f 650 647 563
f 565 651 563
f 650 565 560
f 559 651 560
f 652 651 559
f 561 652 559
f 539 538 653
f 654 539 653
f 519 518 655
f 649 519 655
f 524 519 649
f 522 524 649
f 499 501 656
f 657 499 656
f 500 499 657
f 658 500 657
f 504 500 658
f 502 504 658
f 656 501 497
f 496 656 497
f 659 656 496
f 498 659 496
f 652 562 557
f 556 652 557
f 660 652 556
f 661 546 542
f 541 661 542
f 654 661 541
f 543 654 541
f 539 654 543
f 535 537 662
f 663 535 662
f 536 535 663
f 653 536 663
f 540 536 653
f 538 540 653
f 662 537 532
f 531 662 532
f 664 662 533
f 534 664 533
f 521 515 665
f 655 516 665
f 520 516 655
f 518 520 655
f 659 498 493
f 492 659 493
f 666 659 492
f 495 490 667
f 666 489 667
f 494 489 668
f 492 494 668
f 544 546 661
f 669 544 661
f 545 544 669
f 503 502 658
f 670 503 658
f 508 503 670
f 667 490 491
f 486 667 491
f 671 667 486
f 664 534 529
f 528 664 529
f 672 664 528
f 530 672 528
f 673 672 530
f 526 673 530
f 674 673 526
f 525 674 526
f 646 674 525
f 527 646 525
f 523 646 527
f 554 553 675
f 660 554 675
f 558 554 660
f 556 558 660
f 665 515 517
f 513 665 517
f 676 665 513
f 512 676 513
f 677 676 512
f 514 677 512
f 671 486 485
f 487 671 485
f 678 671 487
f 568 678 487
f 648 678 568
f 567 648 568
f 566 648 567
f 677 514 510
f 509 677 510
f 679 677 509
f 551 550 680
f 675 551 680
f 555 551 675
f 553 555 675
f 680 550 552
f 548 680 552
f 681 680 548
f 547 681 548
f 669 681 547
f 549 669 547
f 545 669 549
f 679 509 511
f 506 679 511
f 670 679 506
f 505 670 506
f 508 670 507
f 682 683 684
f 685 682 684
f 682 685 686
f 687 682 686
f 688 682 687
f 689 690 691
f 692 689 691
f 693 689 692
f 691 690 694
f 695 691 694
f 696 691 695
f 697 696 695
f 698 699 700
f 696 701 700
f 702 701 696
f 697 702 696
f 688 687 703
f 704 688 703
f 692 688 704
f 705 692 704
f 693 692 705
f 706 707 575
f 576 706 575
f 708 709 570
f 569 708 570
f 579 580 570
f 709 579 570
f 578 579 709
f 706 578 709
f 577 578 706
f 576 577 706
f 573 574 575
f 707 573 575
f 572 573 707
f 708 572 707
f 571 572 708
f 569 571 708
f 710 711 589
f 590 710 589
f 712 710 590
f 591 712 590
f 713 712 591
f 592 713 591
f 714 713 592
f 582 714 592
f 715 714 582
f 581 715 582
f 716 715 581
f 583 716 581
f 717 716 583
f 584 717 583
f 718 717 584
f 585 718 584
f 719 718 585
f 586 719 585
f 720 719 586
f 587 720 586
f 721 720 587
f 588 721 587
f 711 721 588
f 589 711 588
f 593 722 723
f 722 593 617
f 616 722 617
f 724 722 616
f 598 725 726
f 724 616 615
f 614 724 615
f 727 724 614
f 727 614 613
f 612 727 613
f 728 727 612
f 728 612 611
f 610 728 611
f 729 728 610
f 604 730 731
f 725 598 597
f 595 725 597
f 723 725 595
f 594 723 595
f 593 723 594
f 729 610 609
f 608 729 609
f 732 729 608
f 732 608 607
f 606 732 607
f 731 732 606
f 605 731 606
f 604 731 605
f 730 604 603
f 602 730 603
f 733 730 602
f 733 602 601
f 600 733 601
f 726 733 600
f 599 726 600
f 598 726 599
f 632 734 735
f 736 737 619
f 618 736 619
f 738 736 618
f 739 738 618
f 620 739 618
f 740 739 620
f 620 623 741
f 742 620 741
f 620 742 743
f 744 620 743
f 740 620 744
f 623 625 745
f 746 623 745
f 741 623 746
f 626 747 748
f 749 629 748
f 624 629 749
f 750 625 749
f 751 625 750
f 752 747 629
f 630 753 629
f 754 753 630
f 630 628 755
f 756 630 755
f 754 630 756
f 632 735 757
f 758 627 757
f 631 627 758
f 759 628 758
f 755 628 759
f 760 633 761
f 632 633 760
f 762 627 760
f 734 627 762
f 763 761 633
f 622 763 633
f 764 763 622
f 765 764 622
f 621 765 622
f 766 765 621
f 619 737 767
f 768 619 767
f 621 619 769
f 770 621 769
f 766 621 770
f 642 771 772
f 773 774 635
f 634 773 635
f 775 773 634
f 776 775 634
f 636 776 634
f 777 776 636
f 636 639 778
f 779 636 778
f 636 779 780
f 781 636 780
f 777 636 781
f 639 640 782
f 783 639 782
f 778 639 783
f 641 784 785
f 786 641 785
f 640 641 786
f 787 640 786
f 782 640 788
f 789 784 641
f 644 789 641
f 790 789 644
f 644 643 791
f 792 644 791
f 790 644 792
f 642 772 793
f 794 642 793
f 643 642 794
f 795 643 794
f 791 643 795
f 796 645 797
f 642 645 796
f 798 642 796
f 771 642 798
f 799 797 645
f 638 799 645
f 800 799 638
f 801 802 638
f 637 801 638
f 803 801 637
f 635 774 804
f 805 635 804
f 637 635 805
f 806 637 805
f 803 637 807
f 808 809 810
f 811 812 813
f 808 811 813
f 814 815 816
f 808 814 816
f 817 814 808
f 813 817 808
f 818 819 820
f 821 818 820
f 821 820 822
f 823 821 822
f 824 821 823
f 825 824 823
f 826 824 825
f 827 828 811
f 808 827 811
f 821 827 808
f 829 821 808
f 818 821 829
f 808 816 830
f 831 808 830
f 809 808 831
f 832 809 831
f 833 809 832
f 834 835 836
f 809 834 836
f 837 834 809
f 833 837 809
f 667 838 839
f 678 840 841
f 671 678 841
f 671 841 842
f 843 671 842
f 667 671 843
f 844 667 843
f 845 667 844
f 846 847 668
f 667 846 668
f 848 846 667
f 839 848 667
f 849 850 659
f 666 849 659
f 851 849 668
f 847 851 668
f 852 853 656
f 659 852 656
f 854 852 659
f 855 854 659
f 856 857 657
f 656 856 657
f 858 856 656
f 853 858 656
f 859 860 658
f 657 859 658
f 861 859 657
f 857 861 657
f 862 863 670
f 658 862 670
f 864 862 658
f 860 865 658
f 866 867 679
f 670 866 679
f 868 866 670
f 863 868 670
f 869 870 677
f 679 869 677
f 871 869 679
f 867 871 679
f 872 873 676
f 677 872 676
f 874 872 677
f 870 874 677
f 875 876 665
f 676 875 665
f 877 875 676
f 873 877 676
f 878 879 655
f 665 878 655
f 880 878 665
f 881 880 665
f 882 883 649
f 655 882 649
f 884 882 655
f 879 884 655
f 885 886 646
f 649 885 646
f 887 885 649
f 883 887 649
f 646 886 888
f 889 646 888
f 674 646 889
f 674 889 890
f 891 674 890
f 673 674 891
f 892 893 672
f 673 892 672
f 894 892 673
f 891 894 673
f 672 893 895
f 896 672 895
f 664 672 896
f 897 664 896
f 898 664 897
f 899 900 662
f 664 899 662
f 901 899 664
f 898 901 664
f 902 903 663
f 662 902 663
f 904 902 662
f 905 904 662
f 906 907 653
f 663 906 653
f 908 906 663
f 903 908 663
f 909 910 654
f 653 909 654
f 911 909 653
f 907 911 653
f 912 913 661
f 654 912 661
f 914 912 654
f 910 914 654
f 915 916 669
f 661 917 669
f 918 917 661
f 913 918 661
f 919 920 681
f 669 919 681
f 921 919 669
f 916 921 669
f 922 923 680
f 681 922 680
f 924 922 681
f 920 924 681
f 925 926 675
f 680 925 675
f 927 925 680
f 923 927 680
f 928 929 660
f 675 930 660
f 931 930 675
f 926 931 675
f 932 933 652
f 660 934 652
f 935 934 660
f 929 936 660
f 937 938 651
f 652 937 651
f 939 937 652
f 933 939 652
f 940 941 647
f 650 942 647
f 943 942 651
f 938 943 651
f 944 945 648
f 647 944 648
f 946 944 647
f 941 946 647
f 648 945 947
f 948 648 947
f 678 648 949
f 950 678 949
f 840 678 950
f 951 684 683
f 952 951 683
f 953 952 683
f 682 953 683
f 954 953 682
f 955 954 682
f 956 955 682
f 688 956 682
f 957 956 688
f 692 958 959
f 960 692 959
f 688 692 960
f 961 688 960
f 957 688 961
f 962 958 692
f 691 962 692
f 963 962 691
f 964 696 965
f 696 964 966
f 967 696 966
f 691 696 967
f 968 691 967
f 963 691 968
f 969 965 696
f 700 969 696
f 970 969 700
f 970 700 699
f 971 970 699
f 972 971 699
f 698 972 699
f 973 972 701
f 702 973 701
f 974 973 702
f 697 974 702
f 975 974 697
f 695 975 697
f 976 975 695
f 694 976 695
f 977 976 694
f 690 977 694
f 978 977 690
f 689 978 690
f 979 978 689
f 693 979 689
f 980 979 693
f 705 980 693
f 981 980 705
f 704 981 705
f 982 981 704
f 703 982 704
f 983 982 703
f 687 983 703
f 984 983 687
f 686 984 687
f 985 984 686
f 685 985 686
f 986 985 685
f 684 986 685
f 951 986 684
f 987 988 708
f 707 987 708
f 989 987 707
f 990 989 707
f 991 990 707
f 706 991 707
f 992 991 706
f 993 992 706
f 709 993 706
f 994 993 709
f 995 994 709
f 708 995 709
f 996 995 708
f 988 996 708
f 997 998 999
f 1000 1001 1002
f 1003 1004 1005
f 1006 1007 1008
f 1009 1010 1011
f 1012 1013 1014
f 1015 1013 1012
f 1015 1012 1016
f 1017 1015 1016
f 1009 1015 1017
f 1018 1009 1017
f 1010 1009 1018
f 1013 1006 1008
f 1019 1013 1008
f 1014 1013 1020
f 1021 1007 1006
f 1022 1021 1006
f 1023 1021 1022
f 1022 1024 1025
f 1026 1022 1025
f 1023 1022 1026
f 1024 1027 1028
f 1029 1024 1028
f 1025 1024 1029
f 1027 1030 1031
f 1032 1027 1031
f 1028 1027 1032
f 1033 1030 1027
f 1034 1033 1027
f 1035 1033 1034
f 1036 1035 1034
f 1037 1035 1036
f 1036 1038 1039
f 1040 1036 1039
f 1037 1036 1041
f 1042 1043 1044
f 1045 1042 1044
f 1038 1042 1045
f 1046 1038 1045
f 1039 1038 1046
f 1047 1048 1049
f 1050 1048 1047
f 1051 1043 1042
f 1052 1051 1042
f 1053 1051 1054
f 1055 1056 1057
f 1052 1056 1055
f 1058 1054 1055
f 1053 1054 1058
f 1059 1060 1061
f 1062 1060 1059
f 1063 1056 1059
f 1057 1056 1063
f 1060 1064 1005
f 1065 1060 1005
f 1061 1060 1065
f 1066 1004 1064
f 1067 1068 1064
f 1069 1068 1070
f 1067 1000 1002
f 1071 1070 1002
f 1069 1070 1071
f 1072 1001 1000
f 1073 1072 1000
f 1074 1072 1073
f 1073 997 999
f 1075 1073 999
f 1074 1073 1075
f 1076 998 997
f 1077 1076 997
f 1078 1076 1077
f 1077 1079 1080
f 1081 1077 1080
f 1078 1077 1081
f 1082 1083 1084
f 1085 1082 1084
f 1079 1082 1085
f 1086 1079 1085
f 1080 1079 1086
f 1087 1083 1082
f 1088 1087 1082
f 1089 1087 1088
f 1090 1091 1092
f 1088 1091 1090
f 1093 1088 1090
f 1089 1088 1093
f 1094 1095 1096
f 1091 1095 1094
f 1097 1091 1094
f 1092 1091 1097
f 1095 1098 1099
f 1100 1095 1099
f 1096 1095 1100
f 1050 1047 1101
f 1102 1050 1101
f 1098 1050 1102
f 1103 1098 1102
f 1099 1098 1103
f 1104 1105 1106
f 1107 1104 1106
f 1108 1104 1107
f 1109 1108 1107
f 1110 1108 1109
f 1111 1110 1109
f 1112 1110 1111
f 1113 1112 1111
f 1114 1112 1113
f 1115 1114 1113
f 1116 1114 1115
f 1117 1116 1115
f 1118 1116 1117
f 1119 1118 1117
f 1120 1118 1121
f 1122 1120 1121
f 1123 1120 1122
f 1124 1123 1122
f 1125 1123 1124
f 1126 1125 1124
f 1127 1125 1126
f 1128 1127 1126
f 1129 1127 1128
f 1130 1129 1128
f 1131 1129 1130
f 1132 1131 1130
f 1133 1131 1132
f 1134 1133 1132
f 1135 1133 1134
f 1136 1135 1134
f 1137 1135 1136
f 1138 1137 1136
f 1139 1137 1138
f 1140 1139 1138
f 1141 1139 1140
f 1142 1141 1140
f 1143 1141 1144
f 1145 1143 1144
f 1146 1143 1147
f 1148 1146 1147
f 1149 1146 1148
f 1150 1149 1148
f 1151 1149 1150
f 1152 1151 1150
f 1153 1151 1152
f 1154 1153 1152
f 1155 1153 1154
f 1156 1157 1154
f 1158 1157 1156
f 1159 1160 1156
f 1161 1160 1159
f 1162 1161 1159
f 1163 1161 1162
f 1164 1163 1162
f 1165 1163 1164
f 1166 1165 1164
f 1167 1165 1166
f 1168 1167 1166
f 1169 1167 1168
f 1170 1169 1168
f 1171 1169 1170
f 1172 1171 1170
f 1173 1171 1172
f 1174 1173 1172
f 1175 1173 1174
f 1176 1175 1174
f 1177 1175 1176
f 1178 1177 1176
f 1179 1177 1178
f 1180 1179 1178
f 1181 1179 1180
f 1182 1183 1180
f 1184 1183 1182
f 1185 1184 1182
f 1186 1184 1185
f 1187 1186 1185
f 1188 1186 1187
f 1189 1188 1187
f 1190 1188 1189
f 1191 1190 1189
f 1192 1190 1191
f 1193 1192 1191
f 1194 1192 1193
f 1195 1194 1193
f 1196 1194 1195
f 1197 1196 1195
f 1198 1196 1199
f 1200 1201 1199
f 1202 1201 1200
f 1203 1204 1200
f 1205 1204 1203
f 1206 1205 1203
f 1207 1205 1208
f 1209 1207 1208
f 1210 1207 1211
f 1106 1105 1211
f 1212 1213 1214
f 1215 1212 1214
f 1216 1212 1215
f 1217 1216 1215
f 1218 1216 1217
f 1219 1220 1221
f 1222 1219 1221
f 1223 1219 1222
f 1213 1223 1222
f 1224 1223 1213
f 1212 1224 1213
f 1218 1217 1225
f 1226 1218 1225
f 1227 1218 1226
f 1228 1227 1226
f 1229 1227 1228
f 1230 1229 1228
f 1231 1229 1230
f 1232 1231 1230
f 1233 1231 1232
f 1234 1235 1232
f 1236 1235 1234
f 1237 1238 1234
f 1239 1238 1237
f 1240 1239 1237
f 1241 1239 1240
f 1242 1241 1240
f 1243 1241 1242
f 1244 1245 1242
f 1246 1247 1248
f 1249 1246 1248
f 1250 1246 1249
f 1251 1250 1249
f 1252 1250 1251
f 1253 1252 1251
f 1254 1252 1253
f 1255 1254 1253
f 1256 1254 1255
f 1257 1258 1255
f 1244 1258 1257
f 1259 1244 1257
f 1243 1244 1260
f 1221 1220 1261
f 1262 1221 1261
f 1263 1264 1248
f 1247 1263 1248
f 1265 1266 710
f 712 1265 710
f 1267 1265 712
f 713 1267 712
f 1268 1267 713
f 714 1268 713
f 1269 1268 714
f 1270 1269 714
f 715 1270 714
f 1271 1270 715
f 716 1271 715
f 1272 1271 716
f 717 1272 716
f 1273 1272 717
f 1274 1273 717
f 718 1274 717
f 1275 1274 718
f 719 1275 718
f 1276 1275 719
f 720 1276 719
f 1277 1276 720
f 1278 1277 720
f 721 1278 720
f 1279 1278 721
f 711 1279 721
f 1280 1279 711
f 710 1280 711
f 1266 1280 710
f 724 1281 1282
f 726 1283 1284
f 1285 1286 732
f 731 1285 732
f 1287 1285 731
f 730 1288 1289
f 1290 730 1289
f 731 730 1290
f 1291 731 1290
f 1287 731 1291
f 1292 1288 730
f 733 1292 730
f 1293 1292 733
f 726 1284 1294
f 1295 726 1294
f 733 726 1295
f 1296 733 1295
f 1293 733 1296
f 1297 725 1298
f 726 725 1297
f 1299 726 1297
f 1283 726 1299
f 1300 1298 725
f 723 1300 725
f 1301 1300 723
f 723 722 1302
f 1303 723 1302
f 1301 723 1303
f 724 1282 1304
f 1305 724 1304
f 722 724 1305
f 1306 722 1305
f 1302 722 1306
f 1307 727 1308
f 724 727 1307
f 1309 724 1307
f 1281 724 1309
f 1310 1308 727
f 728 1310 727
f 1311 1310 728
f 1312 1313 728
f 729 1312 728
f 1314 1312 729
f 732 1286 1315
f 1316 732 1315
f 729 732 1316
f 1317 729 1316
f 1314 729 1317
f 775 1318 773
f 1319 783 782
f 787 1319 782
f 791 746 745
f 737 1308 1310
f 1320 799 802
f 801 1320 802
f 803 1320 801
f 1321 1299 1297
f 1298 1321 1297
f 1300 1321 1298
f 1321 1300 1301
f 1303 1321 1301
f 1322 1321 1303
f 1323 1319 1324
f 1325 1323 1324
f 1326 1323 1325
f 738 794 736
f 1327 1328 1329
f 1330 1327 1329
f 1331 758 757
f 735 1331 757
f 737 1310 1313
f 1312 737 1313
f 1314 737 1312
f 1319 780 779
f 778 1319 779
f 783 1319 778
f 1320 1332 807
f 805 1320 807
f 1333 1320 805
f 804 1333 805
f 1334 1333 804
f 774 1318 804
f 773 1318 774
f 1330 1329 755
f 759 1330 755
f 1335 1330 759
f 758 1335 759
f 1336 1335 758
f 1331 1336 758
f 1337 1336 1331
f 1329 1328 1338
f 1339 1329 1338
f 1340 1329 1339
f 1341 1329 1342
f 1331 735 734
f 762 1331 734
f 760 1331 762
f 736 1320 1343
f 1344 736 1343
f 737 736 1345
f 1346 737 1345
f 1308 737 1346
f 1334 775 776
f 777 1318 776
f 1319 1318 777
f 781 1319 777
f 780 1319 781
f 784 789 1329
f 1324 784 1329
f 785 784 1324
f 1319 785 1324
f 786 785 1319
f 787 786 1319
f 1329 749 748
f 1347 1329 748
f 752 1329 747
f 1329 753 754
f 756 1329 754
f 755 1329 756
f 795 794 738
f 739 795 738
f 791 795 739
f 791 739 740
f 744 791 740
f 743 791 744
f 791 743 742
f 741 791 742
f 746 791 741
f 1329 1340 1348
f 1349 1329 1348
f 1342 1329 1349
f 1322 1303 1302
f 1306 1350 1302
f 1351 1350 1306
f 1305 1351 1306
f 1352 1351 1305
f 1304 1352 1305
f 1346 1352 1304
f 1282 1346 1304
f 1281 1346 1282
f 1346 1281 1309
f 1307 1346 1309
f 1308 1346 1307
f 736 794 793
f 772 736 793
f 771 736 772
f 736 771 798
f 796 736 798
f 1320 736 796
f 797 1320 796
f 799 1320 797
f 1329 1341 1353
f 1354 1329 1353
f 1355 1329 1354
f 791 745 750
f 749 791 750
f 792 791 749
f 1329 792 749
f 790 792 1329
f 789 790 1329
f 1331 760 761
f 763 1331 761
f 1356 1331 763
f 764 1356 763
f 1357 1356 764
f 765 1357 764
f 1358 1357 765
f 766 1359 765
f 1360 1359 766
f 1361 1360 766
f 1362 1363 1364
f 1329 1362 1364
f 1365 1362 1329
f 1355 1366 1329
f 1316 1315 766
f 770 1316 766
f 1317 1316 770
f 768 1317 770
f 1314 1317 769
f 767 1314 769
f 737 1314 767
f 1361 1291 1290
f 1367 1293 1296
f 1295 1367 1296
f 1294 1367 1295
f 766 1315 1286
f 1285 766 1286
f 1361 766 1285
f 1287 1368 1285
f 1291 1368 1287
f 1361 1290 1289
f 1288 1368 1289
f 1367 1368 1288
f 1292 1367 1288
f 1293 1367 1292
f 1369 1370 823
f 822 1369 823
f 1371 1369 822
f 820 1372 1373
f 1374 820 1373
f 822 820 1374
f 1375 822 1374
f 1371 822 1375
f 1376 1372 820
f 819 1376 820
f 1377 1376 819
f 818 1378 1379
f 1380 818 1379
f 819 818 1380
f 1381 819 1380
f 1377 819 1381
f 1382 1378 818
f 829 1382 818
f 1383 1382 829
f 808 1384 1385
f 1386 808 1385
f 829 808 1386
f 1387 829 1386
f 1383 829 1387
f 1388 1384 808
f 810 1388 808
f 1389 1388 810
f 809 1390 1391
f 1392 809 1391
f 810 809 1392
f 1393 810 1392
f 1389 810 1393
f 1394 1390 809
f 836 1394 809
f 1395 1394 836
f 835 1396 1397
f 1398 835 1397
f 836 835 1398
f 1399 836 1398
f 1395 836 1399
f 1400 1396 835
f 834 1400 835
f 1401 1400 834
f 837 1402 1403
f 1404 837 1403
f 834 837 1404
f 1405 834 1404
f 1401 834 1405
f 1406 1402 837
f 833 1406 837
f 1407 1406 833
f 832 1408 1409
f 1410 832 1409
f 833 832 1410
f 1411 833 1410
f 1407 833 1411
f 1412 1408 832
f 831 1412 832
f 1413 1412 831
f 830 1414 1415
f 1416 830 1415
f 831 830 1416
f 1417 831 1416
f 1413 831 1417
f 1418 1414 830
f 816 1418 830
f 1419 1418 816
f 815 1420 1421
f 1422 815 1421
f 816 815 1422
f 1423 816 1422
f 1419 816 1423
f 1424 1420 815
f 814 1424 815
f 1425 1424 814
f 817 1426 1427
f 1428 817 1427
f 814 817 1428
f 1429 814 1428
f 1425 814 1429
f 1430 1426 817
f 813 1430 817
f 1431 1430 813
f 812 1432 1433
f 1434 812 1433
f 813 812 1434
f 1435 813 1434
f 1431 813 1435
f 1436 1432 812
f 811 1436 812
f 1437 1436 811
f 828 1438 1439
f 1440 828 1439
f 811 828 1440
f 1441 811 1440
f 1437 811 1441
f 1442 1438 828
f 827 1442 828
f 1443 1442 827
f 821 1444 1445
f 1446 821 1445
f 827 821 1446
f 1447 827 1446
f 1443 827 1447
f 1448 1444 821
f 824 1448 821
f 1449 1448 824
f 826 1450 1451
f 1452 826 1451
f 824 826 1452
f 1453 824 1452
f 1449 824 1453
f 1454 1450 826
f 825 1454 826
f 1455 1454 825
f 823 1370 1456
f 1457 823 1456
f 825 823 1457
f 1458 825 1457
f 1455 825 1458
f 1142 1140 1217
f 1215 1144 1217
f 1145 1144 1215
f 1107 1263 1109
f 1262 1164 1162
f 1111 1109 1263
f 1247 1111 1263
f 1113 1111 1247
f 1136 1134 1230
f 1228 1136 1230
f 1138 1136 1228
f 1226 1138 1228
f 1140 1138 1226
f 1225 1140 1226
f 1217 1140 1225
f 1187 1185 1459
f 1460 1187 1459
f 1189 1187 1460
f 1461 1189 1460
f 1191 1189 1461
f 1156 1154 1221
f 1262 1156 1221
f 1159 1156 1462
f 1162 1159 1462
f 1145 1215 1214
f 1213 1147 1214
f 1148 1147 1213
f 1222 1148 1213
f 1150 1148 1222
f 1221 1150 1222
f 1152 1150 1221
f 1154 1152 1221
f 1247 1121 1117
f 1115 1247 1117
f 1113 1247 1115
f 1461 1463 1200
f 1197 1461 1200
f 1461 1199 1195
f 1193 1461 1195
f 1191 1461 1193
f 1459 1185 1182
f 1180 1459 1182
f 1178 1459 1180
f 1459 1178 1176
f 1174 1459 1176
f 1464 1459 1174
f 1172 1464 1174
f 1465 1464 1172
f 1130 1128 1240
f 1237 1130 1240
f 1132 1130 1237
f 1234 1132 1237
f 1134 1132 1234
f 1232 1134 1234
f 1230 1134 1232
f 1128 1126 1244
f 1242 1128 1244
f 1240 1128 1242
f 1263 1107 1106
f 1209 1263 1106
f 1466 1263 1211
f 1206 1466 1211
f 1463 1466 1208
f 1203 1463 1208
f 1200 1463 1203
f 1465 1172 1170
f 1168 1465 1170
f 1262 1465 1168
f 1166 1462 1168
f 1164 1462 1166
f 1119 1247 1246
f 1250 1121 1246
f 1122 1121 1250
f 1252 1122 1250
f 1124 1122 1252
f 1254 1124 1252
f 1126 1124 1254
f 1256 1126 1254
f 1244 1126 1258
f 1467 1009 1011
f 1468 1467 1011
f 894 951 952
f 953 954 1469
f 952 953 1469
f 1468 917 918
f 913 1468 918
f 951 894 891
f 890 951 891
f 986 951 890
f 889 986 890
f 1468 913 912
f 914 1468 912
f 910 1468 914
f 1468 910 909
f 911 1468 909
f 907 1468 911
f 882 977 978
f 979 882 978
f 883 882 979
f 980 883 979
f 887 883 980
f 981 887 980
f 885 887 981
f 982 885 981
f 886 885 982
f 983 886 982
f 888 886 983
f 984 888 983
f 889 888 984
f 985 889 984
f 986 889 985
f 977 882 884
f 879 977 884
f 878 977 879
f 852 854 999
f 998 852 999
f 853 852 998
f 1076 853 998
f 858 853 1076
f 1078 858 1076
f 856 858 1470
f 1081 856 1470
f 857 856 1081
f 1080 857 1081
f 861 857 1080
f 1086 861 1080
f 859 861 1086
f 1085 859 1086
f 860 859 1085
f 1084 860 1085
f 864 860 1084
f 1468 907 906
f 908 1468 906
f 903 1468 908
f 947 1051 949
f 937 1031 1030
f 1033 937 1030
f 938 937 1033
f 1035 938 1033
f 943 938 1035
f 1037 943 1035
f 940 943 1037
f 1040 942 1037
f 941 942 1041
f 1039 941 1041
f 946 941 1039
f 1046 946 1039
f 944 946 1046
f 1045 944 1046
f 945 944 1045
f 1044 945 1045
f 947 945 1044
f 1043 947 1044
f 1051 947 1043
f 1031 937 939
f 933 1031 939
f 1032 1031 933
f 932 1032 933
f 864 1084 1083
f 1087 865 1083
f 862 865 1087
f 1089 862 1087
f 863 862 1089
f 1093 863 1089
f 868 863 1093
f 977 878 880
f 881 977 880
f 1049 977 876
f 875 1049 876
f 1047 1049 875
f 1468 903 902
f 904 1468 902
f 1471 1468 904
f 905 1471 904
f 1472 1471 900
f 1473 1472 900
f 1474 1473 900
f 899 1474 900
f 1475 1474 899
f 901 1475 899
f 1476 1475 901
f 1477 1476 901
f 898 1478 901
f 1479 1478 898
f 845 844 1005
f 1004 838 1005
f 839 838 1004
f 1066 839 1004
f 848 839 1068
f 1069 848 1068
f 846 848 1069
f 1071 846 1069
f 847 846 1071
f 1480 847 1071
f 851 847 1002
f 1001 851 1002
f 849 851 1001
f 1072 849 1001
f 855 849 1072
f 1074 850 1072
f 854 850 1481
f 1075 854 1481
f 999 854 1075
f 1482 1479 898
f 897 1482 898
f 1483 1482 897
f 896 1483 897
f 1484 1483 896
f 895 1484 896
f 1485 1484 895
f 873 872 1101
f 1047 873 1101
f 877 873 1047
f 875 877 1047
f 925 927 1008
f 1486 925 1008
f 926 925 1007
f 1021 926 1007
f 931 926 1021
f 1023 931 1021
f 928 931 1023
f 1026 930 1023
f 929 930 1026
f 1025 929 1026
f 935 929 1025
f 1029 936 1025
f 932 936 1029
f 1028 934 1029
f 1032 934 1028
f 894 952 1469
f 1487 894 1469
f 892 894 1487
f 1488 892 1487
f 1489 892 1488
f 1490 893 1488
f 895 893 1490
f 1491 895 1490
f 1485 895 1491
f 868 1093 1090
f 1092 868 1090
f 866 868 1092
f 1097 866 1092
f 867 866 1097
f 1094 867 1097
f 871 867 1094
f 1096 871 1094
f 869 871 1096
f 1100 869 1096
f 870 869 1100
f 1099 870 1100
f 874 870 1099
f 1103 874 1099
f 872 874 1103
f 1102 872 1103
f 1101 872 1102
f 916 917 1468
f 1011 916 1468
f 921 916 1011
f 1010 921 1011
f 919 921 1010
f 1018 919 1010
f 920 919 1018
f 1017 920 1018
f 924 920 1017
f 1016 924 1017
f 922 924 1016
f 1012 922 1016
f 923 922 1012
f 1014 923 1012
f 927 923 1014
f 1019 927 1014
f 1008 927 1020
f 948 1051 1053
f 1058 949 1053
f 950 949 1058
f 1055 950 1058
f 840 950 1055
f 1057 840 1055
f 841 840 1057
f 1063 841 1057
f 842 841 1063
f 1059 842 1063
f 843 842 1059
f 1061 843 1059
f 844 843 1061
f 1065 844 1061
f 1005 844 1065
f 1049 976 977
f 971 975 976
f 1049 971 976
f 970 971 1049
f 1492 970 1049
f 975 971 972
f 973 975 972
f 974 975 973
f 1493 956 957
f 1493 957 961
f 960 1493 961
f 959 1493 960
f 1493 959 958
f 962 1493 958
f 963 1493 962
f 955 956 1493
f 1469 955 1493
f 954 955 1469
f 1493 963 968
f 967 1493 968
f 1492 1493 967
f 966 1048 967
f 964 1048 966
f 1492 964 965
f 969 1048 965
f 970 1048 969
f 1494 1495 996
f 1496 1494 996
f 1497 1494 1496
f 1498 1497 1496
f 1499 995 996
f 1495 1499 996
f 1500 1499 1495
f 1501 1500 1495
f 1502 996 988
f 987 1502 988
f 1503 987 989
f 1504 1503 989
f 1505 1503 1504
f 1506 1505 1504
f 1507 1505 1506
f 1508 1507 1506
f 1509 1507 1508
f 1510 989 990
f 991 1510 990
f 1511 1512 1513
f 992 1514 1515
f 1516 1517 1518
f 992 993 1512
f 1511 992 1512
f 1514 992 1511
f 1519 1514 1511
f 992 1515 1520
f 1521 992 1520
f 991 992 1521
f 1522 991 1521
f 1523 991 1522
f 1524 1523 1522
f 1519 1511 1517
f 1516 1519 1517
f 1525 1519 1516
f 1526 1525 1516
f 1527 1525 1526
f 1528 1527 1526
f 1529 1527 1528
f 1530 1529 1528
f 1531 1529 1530
f 1532 1531 1530
f 1533 1531 1532
f 1534 1533 1532
f 1535 993 994
f 995 1535 994
f 1077 1536 1537
f 1538 1539 1015
f 1009 1538 1015
f 1540 1538 1009
f 1541 1540 1009
f 1542 1543 1048
f 1050 1542 1048
f 1544 1545 1013
f 1015 1544 1013
f 1546 1544 1015
f 1539 1546 1015
f 1547 1548 1006
f 1013 1547 1006
f 1549 1547 1013
f 1545 1549 1013
f 1550 1551 1022
f 1006 1550 1022
f 1552 1550 1006
f 1553 1552 1006
f 1554 1555 1024
f 1022 1554 1024
f 1556 1554 1022
f 1557 1556 1022
f 1558 1559 1027
f 1024 1560 1027
f 1561 1560 1024
f 1562 1561 1024
f 1563 1564 1034
f 1027 1563 1034
f 1565 1563 1027
f 1559 1565 1027
f 1566 1567 1036
f 1034 1568 1036
f 1569 1568 1034
f 1564 1569 1034
f 1570 1571 1038
f 1036 1570 1038
f 1572 1570 1036
f 1567 1572 1036
f 1573 1574 1042
f 1038 1573 1042
f 1575 1573 1038
f 1571 1575 1038
f 1576 1577 1056
f 1052 1576 1056
f 1578 1576 1054
f 1579 1578 1054
f 1042 1574 1580
f 1581 1042 1580
f 1052 1042 1581
f 1582 1054 1581
f 1579 1054 1582
f 1583 1584 1060
f 1062 1585 1060
f 1586 1585 1056
f 1577 1586 1056
f 1587 1588 1064
f 1060 1587 1064
f 1589 1587 1060
f 1584 1589 1060
f 1590 1591 1070
f 1003 1590 1070
f 1592 1590 1064
f 1593 1592 1064
f 1594 1595 1000
f 1067 1594 1000
f 1596 1594 1070
f 1591 1596 1070
f 1597 1598 1073
f 1000 1597 1073
f 1599 1597 1000
f 1600 1601 1000
f 1073 1598 1602
f 1603 1073 1602
f 997 1073 1603
f 997 1603 1604
f 1605 997 1604
f 1077 997 1605
f 1606 1077 1605
f 1536 1077 1606
f 1607 1608 1079
f 1077 1607 1079
f 1609 1607 1077
f 1537 1609 1077
f 1610 1611 1082
f 1079 1610 1082
f 1612 1610 1079
f 1608 1612 1079
f 1613 1614 1088
f 1082 1613 1088
f 1615 1613 1082
f 1611 1615 1082
f 1616 1617 1091
f 1088 1616 1091
f 1618 1616 1088
f 1614 1618 1088
f 1619 1620 1095
f 1091 1619 1095
f 1621 1619 1091
f 1617 1621 1091
f 1622 1623 1098
f 1095 1622 1098
f 1624 1622 1095
f 1620 1624 1095
f 1098 1623 1625
f 1626 1098 1625
f 1050 1098 1626
f 1627 1050 1626
f 1542 1050 1627
f 1628 1462 1261
f 1629 1628 1261
f 1264 1104 1108
f 1207 1630 1205
f 1630 1264 1631
f 1248 1264 1108
f 1186 1188 1632
f 1633 1186 1632
f 1184 1186 1633
f 1264 1630 1207
f 1210 1264 1207
f 1104 1264 1105
f 1231 1135 1229
f 1634 1635 1636
f 1632 1188 1190
f 1192 1632 1190
f 1194 1632 1192
f 1248 1108 1110
f 1112 1248 1110
f 1114 1248 1112
f 1133 1135 1231
f 1227 1229 1135
f 1137 1227 1135
f 1218 1227 1137
f 1139 1218 1137
f 1216 1218 1139
f 1632 1194 1196
f 1198 1632 1196
f 1630 1632 1201
f 1202 1630 1201
f 1205 1630 1204
f 1220 1153 1157
f 1158 1220 1157
f 1634 1220 1160
f 1161 1261 1160
f 1163 1261 1161
f 1637 1175 1177
f 1179 1638 1177
f 1633 1638 1179
f 1181 1633 1179
f 1184 1633 1183
f 1248 1114 1116
f 1118 1248 1116
f 1249 1248 1118
f 1120 1249 1118
f 1634 1163 1165
f 1167 1261 1165
f 1635 1261 1167
f 1169 1635 1167
f 1639 1635 1169
f 1171 1639 1169
f 1637 1639 1171
f 1173 1638 1171
f 1175 1638 1173
f 1120 1123 1253
f 1251 1120 1253
f 1249 1120 1251
f 1125 1127 1260
f 1257 1125 1260
f 1123 1125 1257
f 1255 1123 1257
f 1253 1123 1255
f 1133 1231 1235
f 1236 1133 1235
f 1131 1133 1238
f 1239 1131 1238
f 1129 1131 1239
f 1241 1129 1239
f 1127 1129 1241
f 1243 1127 1241
f 1259 1127 1245
f 1212 1216 1139
f 1141 1212 1139
f 1224 1212 1141
f 1143 1224 1141
f 1223 1224 1143
f 1146 1223 1143
f 1219 1223 1146
f 1149 1219 1146
f 1220 1219 1149
f 1151 1220 1149
f 1153 1220 1151
f 1640 1631 1264
f 1263 1640 1264
f 1641 1642 1643
f 1644 1641 1643
f 1645 1644 1643
f 1646 1645 1643
f 1647 1648 1649
f 1650 1647 1649
f 1650 1642 1641
f 1647 1650 1641
f 1646 1651 1652
f 1645 1646 1652
f 1279 1653 1278
f 1654 1269 1270
f 1655 1654 1270
f 1273 1274 1656
f 1657 1273 1656
f 1272 1273 1657
f 1266 1265 1654
f 1653 1266 1654
f 1280 1266 1653
f 1279 1280 1653
f 1654 1265 1267
f 1268 1654 1267
f 1269 1654 1268
f 1657 1655 1270
f 1271 1657 1270
f 1272 1657 1271
f 1656 1274 1275
f 1276 1656 1275
f 1277 1656 1276
f 1277 1278 1653
f 1658 1277 1653
f 1656 1277 1658
f 1363 1659 1364
f 1363 1362 1660
f 1661 1363 1660
f 1659 1363 1661
f 1662 1659 1661
f 1660 1362 1366
f 1355 1660 1366
f 1330 1335 1663
f 1664 1330 1663
f 1665 1666 1338
f 1328 1665 1338
f 1664 1665 1328
f 1327 1664 1328
f 1330 1664 1327
f 1666 1667 1340
f 1339 1666 1340
f 1338 1666 1339
f 1668 1341 1342
f 1349 1669 1342
f 1667 1669 1349
f 1670 1667 1349
f 1340 1667 1348
f 1353 1341 1669
f 1671 1353 1669
f 1354 1353 1671
f 1672 1354 1671
f 1355 1354 1672
f 1661 1355 1672
f 1660 1355 1661
f 1673 1663 1335
f 1336 1673 1335
f 1674 1333 1318
f 1675 1367 1294
f 1284 1675 1294
f 1676 1675 1284
f 1333 1674 1677
f 1678 1333 1677
f 1320 1333 1678
f 1320 1678 1679
f 1680 1320 1679
f 1343 1320 1680
f 1343 1680 1681
f 1682 1343 1681
f 1344 1343 1682
f 1344 1682 1683
f 1684 1345 1683
f 1346 1345 1684
f 1346 1684 1685
f 1686 1346 1685
f 1352 1346 1686
f 1352 1686 1687
f 1688 1352 1687
f 1351 1352 1688
f 1676 1284 1283
f 1299 1676 1283
f 1689 1676 1299
f 1321 1689 1299
f 1690 1689 1321
f 1322 1690 1321
f 1691 1690 1350
f 1351 1691 1350
f 1692 1691 1351
f 1688 1692 1351
f 1367 1675 1693
f 1694 1367 1693
f 1361 1367 1694
f 1361 1694 1695
f 1696 1368 1695
f 1360 1368 1697
f 1698 1360 1697
f 1358 1360 1698
f 1699 1359 1698
f 1357 1359 1699
f 1357 1699 1700
f 1701 1357 1700
f 1356 1357 1701
f 1356 1701 1702
f 1703 1356 1702
f 1331 1356 1703
f 1704 1673 1336
f 1337 1704 1336
f 1705 1704 1337
f 1331 1706 1337
f 1707 1706 1331
f 1703 1707 1331
f 1708 1674 1318
f 1319 1708 1318
f 1709 1325 1324
f 1325 1709 1710
f 1711 1325 1710
f 1326 1325 1711
f 1712 1708 1319
f 1323 1712 1319
f 1713 1712 1323
f 1326 1713 1323
f 1714 1713 1326
f 1711 1714 1326
f 1709 1324 1329
f 1715 1709 1329
f 1659 1716 1717
f 1329 1659 1717
f 1364 1659 1329
f 1718 1719 1370
f 1369 1718 1370
f 1375 1374 1720
f 1718 1375 1720
f 1371 1375 1718
f 1369 1371 1718
f 1418 1419 1721
f 1722 1418 1721
f 1414 1418 1722
f 1440 1439 1723
f 1724 1440 1723
f 1441 1440 1724
f 1723 1439 1438
f 1442 1723 1438
f 1725 1723 1442
f 1443 1725 1442
f 1399 1398 1726
f 1727 1399 1726
f 1395 1399 1727
f 1394 1395 1727
f 1372 1376 1728
f 1720 1372 1728
f 1373 1372 1720
f 1374 1373 1720
f 1721 1419 1423
f 1422 1721 1423
f 1729 1721 1422
f 1421 1729 1422
f 1725 1443 1447
f 1446 1725 1447
f 1730 1725 1446
f 1445 1730 1446
f 1396 1400 1731
f 1726 1396 1731
f 1397 1396 1726
f 1398 1397 1726
f 1381 1380 1732
f 1728 1381 1732
f 1377 1381 1728
f 1376 1377 1728
f 1722 1733 1416
f 1415 1722 1416
f 1414 1722 1415
f 1730 1445 1444
f 1448 1730 1444
f 1734 1730 1448
f 1449 1734 1448
f 1390 1394 1727
f 1735 1390 1727
f 1391 1390 1735
f 1729 1421 1420
f 1424 1729 1420
f 1736 1729 1424
f 1425 1736 1424
f 1405 1404 1737
f 1731 1405 1737
f 1401 1405 1731
f 1400 1401 1731
f 1734 1449 1453
f 1452 1734 1453
f 1738 1734 1452
f 1451 1738 1452
f 1378 1382 1739
f 1732 1378 1739
f 1379 1378 1732
f 1380 1379 1732
f 1736 1425 1429
f 1428 1736 1429
f 1740 1736 1428
f 1427 1740 1428
f 1402 1406 1741
f 1737 1402 1741
f 1403 1402 1737
f 1404 1403 1737
f 1738 1451 1450
f 1454 1738 1450
f 1742 1738 1454
f 1455 1742 1454
f 1387 1386 1743
f 1739 1387 1743
f 1383 1387 1739
f 1382 1383 1739
f 1411 1410 1744
f 1741 1411 1744
f 1407 1411 1741
f 1406 1407 1741
f 1740 1427 1426
f 1430 1740 1426
f 1745 1740 1430
f 1431 1745 1430
f 1742 1455 1458
f 1457 1742 1458
f 1719 1742 1457
f 1456 1719 1457
f 1370 1719 1456
f 1384 1388 1746
f 1743 1384 1746
f 1385 1384 1743
f 1386 1385 1743
f 1744 1410 1409
f 1408 1744 1409
f 1747 1744 1408
f 1745 1431 1435
f 1434 1745 1435
f 1748 1745 1434
f 1433 1748 1434
f 1748 1433 1432
f 1436 1748 1432
f 1724 1748 1436
f 1437 1724 1436
f 1441 1724 1437
f 1746 1388 1389
f 1393 1746 1389
f 1735 1746 1393
f 1392 1735 1393
f 1391 1735 1392
f 1747 1408 1412
f 1413 1747 1412
f 1733 1747 1413
f 1417 1733 1413
f 1416 1733 1417
f 1749 1517 1511
f 1519 1750 1751
f 1517 1749 1752
f 1753 1517 1752
f 1518 1517 1753
f 1754 1518 1753
f 1516 1518 1754
f 1755 1516 1754
f 1526 1516 1755
f 1756 1526 1755
f 1528 1526 1756
f 1757 1528 1756
f 1530 1528 1757
f 1758 1530 1757
f 1532 1530 1758
f 1759 1532 1758
f 1534 1532 1759
f 1760 1534 1759
f 1533 1534 1760
f 1761 1533 1760
f 1531 1533 1761
f 1762 1531 1761
f 1529 1531 1762
f 1763 1529 1762
f 1527 1529 1763
f 1750 1527 1763
f 1525 1527 1750
f 1519 1525 1750
f 1466 1764 1263
f 1463 1765 1766
f 1767 1463 1766
f 1466 1463 1767
f 1768 1466 1767
f 1764 1466 1768
f 1769 1764 1768
f 1770 1764 1769
f 1771 1770 1769
f 1772 1770 1771
f 1773 1774 1771
f 1775 1774 1773
f 1776 1777 1773
f 1778 1777 1776
f 1779 1778 1776
f 1780 1778 1779
f 1781 1782 1783
f 1784 1781 1783
f 1785 1462 1786
f 1787 1785 1786
f 1788 1765 1463
f 1461 1788 1463
f 1789 1788 1461
f 1460 1789 1461
f 1790 1789 1460
f 1459 1790 1460
f 1791 1790 1459
f 1464 1791 1459
f 1785 1791 1464
f 1465 1785 1464
f 1262 1785 1465
f 1787 1786 1792
f 1793 1787 1792
f 1794 1787 1793
f 1794 1793 1795
f 1796 1794 1795
f 1797 1794 1796
f 1797 1796 1798
f 1799 1797 1798
f 1800 1797 1799
f 1800 1799 1801
f 1802 1803 1801
f 1804 1803 1805
f 1806 1804 1805
f 1807 1804 1808
f 1809 1807 1808
f 1810 1807 1809
f 1811 1812 1809
f 1810 1813 1814
f 1815 1812 1814
f 1816 1812 1815
f 1816 1815 1817
f 1818 1816 1817
f 1819 1816 1818
f 1819 1818 1820
f 1821 1819 1820
f 1822 1819 1821
f 1822 1821 1823
f 1824 1822 1823
f 1825 1822 1824
f 1825 1824 1826
f 1827 1825 1826
f 1828 1825 1827
f 1828 1827 1829
f 1830 1828 1829
f 1831 1828 1830
f 1831 1830 1832
f 1833 1831 1832
f 1784 1831 1833
f 1834 1784 1833
f 1781 1784 1834
f 1835 1783 1782
f 1836 1835 1782
f 1524 1522 1837
f 1838 1524 1837
f 1524 1838 1839
f 1840 1524 1839
f 1841 1524 1840
f 1521 1837 1522
f 1842 1837 1521
f 1520 1842 1521
f 1843 1842 1520
f 1515 1843 1520
f 1844 1843 1515
f 1514 1844 1515
f 1845 1844 1514
f 1519 1845 1514
f 1751 1845 1519
f 1467 1846 1541
f 1009 1467 1541
f 1493 1487 1469
f 1487 1493 1847
f 1848 1487 1847
f 1488 1487 1848
f 1488 1848 1849
f 1850 1488 1849
f 1490 1488 1850
f 1490 1850 1851
f 1852 1490 1851
f 1491 1490 1852
f 1491 1852 1853
f 1854 1491 1853
f 1485 1491 1854
f 1485 1854 1855
f 1856 1485 1855
f 1484 1485 1856
f 1484 1856 1857
f 1858 1484 1857
f 1483 1484 1858
f 1483 1858 1859
f 1860 1483 1859
f 1482 1483 1860
f 1861 1482 1860
f 1479 1482 1861
f 1862 1479 1861
f 1477 1479 1862
f 1863 1478 1862
f 1477 1863 1864
f 1865 1478 1864
f 1476 1478 1865
f 1476 1865 1866
f 1867 1476 1866
f 1475 1476 1867
f 1475 1867 1868
f 1869 1475 1868
f 1474 1475 1869
f 1474 1869 1870
f 1871 1474 1870
f 1473 1474 1871
f 1473 1871 1872
f 1873 1473 1872
f 1472 1473 1873
f 1874 1467 1468
f 1471 1874 1468
f 1875 1874 1471
f 1472 1875 1471
f 1876 1875 1472
f 1873 1876 1472
f 1492 1543 1877
f 1493 1048 1877
f 1878 1879 1880
f 1881 1878 1880
f 1513 1878 1881
f 1882 1513 1881
f 1883 1513 1882
f 1884 1749 1511
f 1513 1884 1511
f 1885 1884 1513
f 1883 1885 1513
f 1886 1887 1888
f 1889 1890 1891
f 1892 1889 1891
f 1888 1889 1892
f 1893 1888 1892
f 1886 1888 1893
f 1887 1894 1895
f 1896 1897 1895
f 1894 1896 1895
f 1898 1896 1894
f 1899 1898 1894
f 1900 1898 1899
f 1901 1902 1900
f 1903 1901 1900
f 1904 1901 1903
f 1905 1904 1903
f 1906 1904 1905
f 1907 1906 1905
f 1908 1909 1910
f 1911 1907 1905
f 1909 1911 1905
f 1912 1911 1909
f 1908 1912 1909
f 1913 1912 1908
f 1914 1915 1916
f 1915 1914 1917
f 1918 1915 1917
f 1919 1915 1918
f 1920 1921 1922
f 1923 1922 1921
f 1924 1923 1921
f 1925 1923 1924
f 1926 1925 1924
f 1927 1926 1924
f 1928 1926 1927
f 1929 1928 1930
f 1931 1928 1929
f 1879 1932 1880
f 1931 1929 1933
f 1932 1931 1933
f 1934 1931 1932
f 1879 1934 1932
f 1878 1934 1879
f 1935 1930 1928
f 1927 1935 1928
f 1936 1935 1927
f 1924 1937 1938
f 1939 1924 1938
f 1924 1940 1941
f 1942 1924 1941
f 1927 1924 1942
f 1943 1927 1942
f 1936 1927 1943
f 1944 1937 1924
f 1921 1944 1924
f 1945 1944 1921
f 1946 1947 1921
f 1948 1947 1946
f 1946 1949 1950
f 1951 1946 1950
f 1946 1951 1952
f 1953 1946 1952
f 1948 1946 1953
f 1949 1954 1955
f 1956 1949 1955
f 1950 1949 1956
f 1957 1958 1959
f 1960 1957 1959
f 1949 1957 1960
f 1961 1949 1960
f 1954 1949 1961
f 1886 1893 1962
f 1963 1886 1962
f 1964 1886 1963
f 1886 1964 1965
f 1966 1886 1965
f 1957 1886 1966
f 1967 1957 1966
f 1958 1957 1967
f 1903 1900 1899
f 1968 1903 1899
f 1905 1903 1968
f 1914 1905 1968
f 1909 1905 1914
f 1916 1909 1914
f 1910 1909 1916
f 1894 1887 1886
f 1957 1894 1886
f 1899 1894 1957
f 1949 1899 1957
f 1968 1899 1949
f 1946 1968 1949
f 1914 1968 1946
f 1921 1914 1946
f 1917 1914 1921
f 1920 1917 1921
f 1918 1917 1920
f 1889 1969 1890
f 1506 1504 1970
f 1971 1506 1970
f 1969 1506 1971
f 1504 989 1972
f 1973 1504 1972
f 1970 1504 1973
f 1523 1974 1975
f 1976 1523 1975
f 991 1523 1976
f 1977 991 1976
f 1510 991 1977
f 1978 1510 1977
f 989 1510 1978
f 1979 989 1978
f 1972 989 1979
f 1980 1974 1523
f 1524 1980 1523
f 1841 1980 1524
f 1506 1969 1889
f 1888 1506 1889
f 1508 1506 1888
f 1508 1888 1887
f 1895 1508 1887
f 1509 1508 1895
f 1509 1895 1897
f 1896 1509 1897
f 1507 1509 1896
f 1507 1896 1898
f 1900 1507 1898
f 1505 1507 1900
f 1505 1900 1902
f 1901 1505 1902
f 1503 1505 1901
f 1904 1503 1901
f 987 1503 1904
f 1502 987 1904
f 996 1502 1904
f 1906 996 1904
f 1496 996 1906
f 1907 1496 1906
f 1498 1496 1907
f 1498 1907 1911
f 1912 1498 1911
f 1497 1498 1912
f 1913 1497 1912
f 1908 1497 1913
f 1908 1910 1495
f 1494 1908 1495
f 1497 1908 1494
f 1495 1910 1916
f 1915 1495 1916
f 1501 1495 1915
f 1501 1915 1919
f 1918 1501 1919
f 1500 1501 1918
f 1500 1918 1920
f 1922 1500 1920
f 1499 1500 1922
f 1499 1922 1923
f 1925 1499 1923
f 995 1499 1925
f 1926 995 1925
f 1535 995 1926
f 993 1535 1926
f 1934 1878 1513
f 1512 1934 1513
f 1931 1934 1512
f 993 1931 1512
f 1928 1931 993
f 1926 1928 993
f 1981 1980 1841
f 1840 1981 1841
f 1982 1981 1840
f 1839 1982 1840
f 1838 1982 1839
f 1983 1971 1970
f 1973 1983 1970
f 1984 1983 1973
f 1972 1984 1973
f 1979 1984 1972
f 1984 1979 1978
f 1977 1984 1978
f 1985 1984 1977
f 1976 1985 1977
f 1986 1985 1976
f 1975 1986 1976
f 1974 1986 1975
f 1986 1974 1980
f 1981 1986 1980
f 1836 1986 1981
f 1835 1836 1981
f 1987 1988 1836
f 1782 1987 1836
f 1989 1990 1991
f 1626 1625 1992
f 1993 1626 1992
f 1627 1626 1993
f 1994 1995 1996
f 1997 1994 1996
f 1998 1994 1997
f 1877 1998 1997
f 1999 1998 1877
f 2000 1999 1877
f 1993 1999 1543
f 1542 1993 1543
f 1627 1993 1542
f 1622 1624 2001
f 1992 1622 2001
f 1623 1622 1992
f 1625 1623 1992
f 1603 1602 2002
f 2003 1603 2002
f 1604 1603 2003
f 1619 1621 2004
f 2001 1619 2004
f 1620 1619 2001
f 1624 1620 2001
f 2005 1537 1536
f 1606 2005 1536
f 2003 2005 1606
f 1605 2003 1606
f 1604 2003 1605
f 2004 1621 1617
f 1616 2004 1617
f 2006 2004 1616
f 1581 1580 2007
f 2008 1581 2007
f 1582 1581 2009
f 1550 1552 2010
f 2011 1550 2010
f 1557 1550 2012
f 2013 1602 1598
f 1597 2002 1598
f 2014 2002 1597
f 1599 2014 1597
f 2015 1561 1555
f 1554 2015 1555
f 2011 2015 1554
f 1556 2012 1554
f 1557 2012 1556
f 1613 1615 2016
f 2017 1613 2016
f 1614 1613 2017
f 2006 1614 2017
f 1618 1614 2006
f 1616 1618 2006
f 2010 1552 1548
f 1547 2010 1548
f 2018 2010 1547
f 1549 2018 1547
f 1610 1612 2019
f 2016 1610 2019
f 1611 1610 2016
f 1615 1611 2016
f 2007 1580 1574
f 1573 2007 1574
f 2020 2007 1573
f 1575 2021 1573
f 2019 1612 1608
f 1607 2019 1608
f 2005 2019 1607
f 1609 2005 1607
f 1537 2005 1609
f 2014 1601 1595
f 1594 2014 1595
f 2022 2014 1594
f 1596 2022 1594
f 2018 1549 1545
f 1544 2018 1545
f 2023 2018 1544
f 1546 2024 1544
f 1558 1561 2015
f 2025 1560 2015
f 1559 1560 2025
f 2022 1596 1591
f 1590 2022 1591
f 2026 2022 1590
f 1592 2026 1590
f 2020 1575 1571
f 1570 2021 1571
f 2027 2021 1570
f 1572 2027 1570
f 2023 1546 1539
f 1538 2024 1539
f 2028 2024 1538
f 1540 2028 1538
f 2029 2028 1540
f 1541 2029 1540
f 2030 2031 1990
f 1989 2030 1990
f 2032 2030 1989
f 2033 2032 1989
f 2034 2032 2033
f 2035 2034 2033
f 2036 2034 2035
f 2037 2036 2035
f 2038 2036 2037
f 2039 2038 2037
f 2040 2038 2039
f 2041 2040 2039
f 2042 2040 2041
f 2043 2042 2041
f 2044 2042 2043
f 2045 2044 2043
f 2046 2044 2047
f 2048 2046 2047
f 2049 2046 2048
f 2050 2049 2048
f 2051 2049 2050
f 2052 2051 2050
f 2053 2051 2052
f 2054 2053 2052
f 1846 2053 2054
f 1988 1846 2054
f 1541 1846 1988
f 1987 1541 1988
f 2029 1541 1987
f 2026 1592 1588
f 1587 2026 1588
f 2055 2026 1587
f 1589 2055 1587
f 2027 1572 1567
f 1566 2027 1567
f 2056 2027 1568
f 1569 2056 1568
f 2055 1589 1584
f 1583 2055 1584
f 2057 2055 1585
f 1586 2057 1585
f 2056 1569 1564
f 1563 2056 1564
f 2025 2056 1563
f 1565 2025 1563
f 1559 2025 1565
f 2057 1586 1577
f 1576 2057 1577
f 2058 2057 1576
f 1578 2059 1576
f 2008 2059 1578
f 1579 2009 1578
f 1582 2009 1579
f 1994 2060 1995
f 2061 2062 2063
f 1994 2064 2065
f 2066 2067 2064
f 1994 2066 2064
f 2068 2066 1994
f 1998 2068 1994
f 2069 2068 1998
f 2070 2069 1998
f 2071 2072 2073
f 2071 2060 1994
f 2074 2071 1994
f 2072 2071 2074
f 1994 2065 2062
f 2061 1994 2062
f 2074 1994 2061
f 2075 2074 2061
f 2072 2074 2075
f 1998 1999 2076
f 2070 1998 2076
f 1993 2076 1999
f 2077 2076 1993
f 1992 2077 1993
f 2078 2077 1992
f 2001 2078 1992
f 2079 2078 2001
f 2080 2079 2001
f 2004 2080 2001
f 2081 2080 2004
f 2016 1630 1631
f 1640 2016 1631
f 1630 2016 2019
f 2005 1630 2019
f 1632 1630 2005
f 2003 1632 2005
f 1633 1632 2003
f 2013 1633 2003
f 1637 1633 2002
f 2014 1638 2002
f 1639 1638 2014
f 2022 1639 2014
f 1635 1639 2022
f 1629 1635 2022
f 2026 1636 2022
f 1628 1636 2026
f 1782 2024 2028
f 2029 1782 2028
f 1987 1782 2029
f 2023 1782 1781
f 1834 2024 1781
f 2018 2024 1834
f 2018 1834 1833
f 1832 2018 1833
f 2010 2018 1832
f 2010 1832 1830
f 1829 2010 1830
f 2011 2010 1829
f 2011 1829 1827
f 2082 2012 1827
f 2015 2012 1826
f 2015 1826 1824
f 1823 2015 1824
f 2025 2015 1823
f 2025 1823 1821
f 1820 2025 1821
f 2056 2025 1820
f 2056 1820 1818
f 1817 2056 1818
f 2027 2056 1817
f 2020 1809 1808
f 2007 2021 1808
f 2027 1817 1815
f 1814 2027 1815
f 2020 2027 1814
f 1811 2021 1814
f 1809 2021 1813
f 2007 1808 1805
f 1801 2007 1805
f 2008 2007 1801
f 1799 2009 1801
f 2058 2009 1799
f 1798 2059 1799
f 2057 2059 1798
f 2057 1798 1796
f 1795 2057 1796
f 2055 2057 1795
f 1786 1462 1628
f 2026 1786 1628
f 1792 1786 2026
f 2055 1792 2026
f 1793 1792 2055
f 1795 1793 2055
f 1778 1780 2081
f 2004 1778 2081
f 1775 1778 2004
f 2006 1777 2004
f 1772 1777 2006
f 2017 1774 2006
f 1770 1774 2017
f 2016 1770 2017
f 1764 1770 2016
f 1640 1764 2016
f 1263 1764 1640
f 2081 2083 2080
f 2084 1771 1769
f 2084 2083 2081
f 1780 2084 2081
f 1779 2084 1780
f 2084 1769 1768
f 1767 2084 1768
f 1766 2084 1767
f 2084 1779 1776
f 1773 2084 1776
f 1771 2084 1773
f 2083 2084 2085
f 2086 2083 2085
f 2086 2085 2087
f 2088 2086 2087
f 2089 2086 2090
f 2091 2089 2090
f 2092 2089 2091
f 2093 2094 2095
f 2092 2093 2095
f 2096 2093 2092
f 2091 2096 2092
f 1642 1650 1649
f 2097 1642 1649
f 1643 1642 2097
f 2098 1643 2097
f 1646 1643 2098
f 1651 1646 2098
f 1648 2099 2097
f 1649 1648 2097
f 1644 1645 1652
f 2100 1644 1652
f 1641 1644 2100
f 2099 1641 2100
f 1647 1641 2099
f 1648 1647 2099
f 1651 2098 2100
f 1652 1651 2100
f 1658 1653 2101
f 2102 1658 2101
f 2103 1658 2102
f 1654 2104 2101
f 1653 1654 2101
f 2105 2104 1654
f 1655 2105 1654
f 2106 2105 1655
f 1655 1657 2107
f 2108 1655 2107
f 2106 1655 2108
f 1656 2109 2107
f 1657 1656 2107
f 2110 2109 1656
f 1658 2110 1656
f 2103 2110 1658
f 2111 2112 2110
f 2103 2111 2110
f 2102 2111 2103
f 2111 2113 2095
f 2094 2111 2095
f 2112 2111 2094
f 2114 2112 2094
f 2115 2116 1716
f 1661 2115 1716
f 2117 2115 1661
f 1664 1663 2118
f 2119 1664 2118
f 1665 1664 2119
f 1666 1665 2119
f 2120 1666 2119
f 1667 1666 2120
f 1668 1667 2120
f 2121 1669 2120
f 1671 1669 2122
f 1672 1671 2122
f 2117 1672 2122
f 1661 1672 2117
f 1673 2123 2118
f 1663 1673 2118
f 1677 1674 2124
f 2125 1677 2124
f 1678 1677 2125
f 2126 1678 2125
f 2127 1679 2125
f 1680 1679 2127
f 1681 1680 2127
f 2128 1681 2127
f 1682 1681 2128
f 1683 1682 2128
f 2129 1683 2128
f 1684 1683 2129
f 1685 1684 2129
f 2130 1685 2129
f 1686 1685 2130
f 1687 1686 2130
f 2131 1687 2130
f 1688 1687 2132
f 1692 1688 2132
f 2133 1692 2132
f 1691 1692 2133
f 1690 1691 2133
f 2134 1690 2133
f 1689 1690 2134
f 1676 1689 2134
f 2135 1676 2134
f 1675 1676 2135
f 1693 1675 2135
f 2136 1693 2135
f 1694 1693 2136
f 1695 1694 2136
f 2137 1695 2136
f 1696 1695 2137
f 1698 1697 2137
f 2138 1698 2137
f 1699 1698 2139
f 1700 1699 2139
f 2140 1700 2139
f 1701 1700 2140
f 1702 1701 2140
f 2141 1702 2140
f 1703 1702 2141
f 1707 1703 2141
f 2142 1707 2141
f 1705 1707 2142
f 1704 1706 2142
f 2123 1704 2142
f 1673 1704 2123
f 1708 2143 2124
f 1674 1708 2124
f 1710 1709 2144
f 2145 1710 2144
f 1711 1710 2145
f 2146 1711 2145
f 1714 1711 2146
f 2147 1714 2146
f 1713 1714 2147
f 1712 1713 2147
f 2143 1712 2147
f 1708 1712 2143
f 1715 2148 2144
f 1709 1717 2144
f 1662 2116 2148
f 1715 1716 2148
f 2094 2149 2150
f 2114 2094 2150
f 2151 2152 2153
f 2094 2093 2154
f 2149 2094 2154
f 2154 2093 2096
f 2091 2154 2096
f 2155 2154 2091
f 2085 2084 2152
f 2151 2085 2152
f 2087 2085 2151
f 2155 2087 2151
f 2088 2087 2155
f 2091 2090 2155
f 2156 1766 2157
f 2156 2158 2153
f 2159 2160 2153
f 1766 2160 2152
f 2084 1766 2152
f 2161 2162 2163
f 2164 2160 2157
f 2165 2166 2162
f 2161 2165 2162
f 2167 2165 2161
f 2168 2167 2161
f 2169 2167 2168
f 2170 2169 2168
f 2171 2169 2170
f 2172 2171 2170
f 2173 2171 2172
f 2174 2173 2172
f 2175 2173 2174
f 2176 2175 2174
f 2177 2175 2176
f 2178 2177 2176
f 2179 2177 2178
f 2180 2179 2178
f 2181 2179 2180
f 2182 2181 2180
f 2183 2181 2182
f 2184 2183 2182
f 2185 2183 2184
f 2186 2185 2184
f 2187 2185 2186
f 2188 2187 2186
f 2189 2187 2188
f 2190 2189 2188
f 2191 2189 2190
f 2192 2191 2190
f 2193 2191 2192
f 2194 2193 2192
f 2195 2193 2194
f 2196 2195 2194
f 2197 2195 2196
f 2198 2197 2196
f 2164 2197 2198
f 2199 2200 2198
f 2156 2200 2199
f 2158 2160 2199
f 2201 2202 2203
f 2204 2201 2205
f 2206 2202 2201
f 2204 2206 2201
f 2207 2206 2204
f 2208 2205 2201
f 2162 2208 2201
f 2209 2208 2162
f 2210 2163 2162
f 2201 2210 2162
f 2211 2210 2201
f 2203 2211 2201
f 2212 2213 2202
f 2206 2212 2202
f 2214 2212 2206
f 2207 2215 2206
f 2216 2217 2218
f 2217 2216 2219
f 2220 2217 2219
f 2221 2217 2220
f 2222 2223 2224
f 2225 2222 2224
f 2226 2222 2225
f 2227 2226 2225
f 2228 2226 2229
f 2230 2216 2231
f 2232 2219 2231
f 2233 2219 2232
f 2234 2235 2236
f 2233 2234 2236
f 2237 2234 2233
f 2232 2237 2233
f 2236 2235 2238
f 2239 2236 2238
f 2240 2236 2239
f 2236 2240 2241
f 2242 2236 2241
f 2233 2236 2242
f 2243 2233 2242
f 2230 2233 2243
f 2244 2219 2243
f 2220 2219 2244
f 2212 2215 2226
f 2228 2212 2226
f 2213 2212 2228
f 2245 2223 2222
f 2246 2245 2222
f 2247 2245 2246
f 2226 2215 2248
f 2249 2226 2248
f 2222 2226 2249
f 2250 2222 2249
f 2246 2222 2250
f 2239 2238 2251
f 2252 2239 2251
f 2245 2239 2253
f 2254 2245 2253
f 2255 2245 2254
f 2245 2247 2256
f 2257 2245 2256
f 2239 2245 2257
f 2258 2239 2257
f 2240 2239 2258
f 2259 2260 2261
f 2262 2259 2261
f 2263 2259 2262
f 2264 2263 2262
f 2265 2263 2264
f 2260 2266 2267
f 2268 2218 2217
f 2259 2268 2217
f 2269 2268 2259
f 2263 2269 2259
f 2270 2266 2260
f 2259 2270 2260
f 2271 2270 2259
f 2217 2271 2259
f 2221 2271 2217
f 2264 2262 2272
f 2265 2264 2272
f 2273 2274 1719
f 1718 2273 1719
f 2275 2273 1718
f 1720 2275 1718
f 2276 2275 1720
f 1728 2276 1720
f 2277 2276 1728
f 1732 2277 1728
f 2278 2277 1732
f 1739 2278 1732
f 2279 2278 1739
f 1743 2279 1739
f 2280 2279 1743
f 1746 2280 1743
f 2281 2280 1746
f 1735 2281 1746
f 2282 2281 1735
f 1727 2282 1735
f 2283 2282 1727
f 1726 2283 1727
f 2284 2283 1726
f 1731 2284 1726
f 2285 2284 1731
f 1737 2285 1731
f 2286 2285 1737
f 1741 2286 1737
f 2287 2286 1741
f 1744 2287 1741
f 2288 2287 1744
f 1747 2288 1744
f 2289 2288 1747
f 1733 2289 1747
f 2290 2289 1733
f 1722 2290 1733
f 2291 2290 1722
f 1721 2291 1722
f 2292 2291 1721
f 1729 2292 1721
f 2293 2292 1729
f 1736 2293 1729
f 2294 2293 1736
f 1740 2294 1736
f 2295 2294 1740
f 1745 2295 1740
f 2296 2295 1745
f 1748 2296 1745
f 2297 2296 1748
f 1724 2297 1748
f 2298 2297 1724
f 1723 2298 1724
f 2299 2298 1723
f 1725 2299 1723
f 2300 2299 1725
f 1730 2300 1725
f 2301 2300 1730
f 1734 2301 1730
f 2302 2301 1734
f 1738 2302 1734
f 2303 2302 1738
f 1742 2303 1738
f 2274 2303 1742
f 1719 2274 1742
f 2304 2305 2272
f 2262 2304 2272
f 2306 2304 2262
f 2261 2306 2262
f 2307 2306 2261
f 2260 2307 2261
f 2267 2307 2260
f 2258 2241 2240
f 1753 2307 1754
f 2307 2308 2309
f 1837 1982 1838
f 1790 1788 1789
f 1749 1884 2308
f 2307 1749 2308
f 1752 1749 2307
f 1753 1752 2307
f 1835 1981 1750
f 1763 1835 1750
f 1783 1835 1763
f 2246 2250 1755
f 1754 2246 1755
f 2247 2246 1754
f 2256 2258 2257
f 1750 1981 1982
f 1837 1750 1982
f 1751 1750 1837
f 1842 1751 1837
f 1845 1751 1842
f 1843 1845 1842
f 1844 1845 1843
f 2207 1759 1758
f 1757 2207 1758
f 2214 2207 1757
f 1756 2215 1757
f 2248 2215 1756
f 1755 2248 1756
f 2249 2248 1755
f 2250 2249 1755
f 1761 2165 2167
f 2307 2267 2266
f 2270 2307 2266
f 1754 2307 2270
f 2271 1754 2270
f 2221 1754 2271
f 1761 2167 2169
f 1783 1761 2169
f 1762 1761 1783
f 1763 1762 1783
f 2191 2193 1797
f 1800 2191 1797
f 2189 2191 1803
f 1804 2189 1803
f 2187 2189 1804
f 2310 2157 1766
f 1754 2221 2220
f 2244 1754 2220
f 2243 1754 2244
f 2258 2256 2247
f 1754 2258 2247
f 2241 2258 1754
f 2243 2241 1754
f 2242 2241 2243
f 2187 1804 1807
f 1810 2187 1807
f 2185 2187 1812
f 1816 2185 1812
f 2183 2185 1816
f 1819 2183 1816
f 2181 2183 1819
f 1822 2181 1819
f 2179 2181 1822
f 2157 1765 1788
f 1790 2157 1788
f 2164 2157 1790
f 1791 2200 1790
f 2197 2200 1791
f 1785 2197 1791
f 2195 2197 1785
f 1787 2195 1785
f 2193 2195 1787
f 1794 2193 1787
f 1797 2193 1794
f 2207 2204 1761
f 1760 2207 1761
f 1759 2207 1760
f 2208 2166 2165
f 1761 2208 2165
f 2205 2208 1761
f 2204 2205 1761
f 1783 2169 2171
f 2173 1783 2171
f 1784 1783 2173
f 2175 1784 2173
f 1831 1784 2175
f 2177 1831 2175
f 1828 1831 2177
f 2179 1828 2177
f 1825 1828 2179
f 1822 1825 2179
f 2311 2309 2308
f 1882 2312 2313
f 2314 1882 2313
f 1883 1882 2314
f 2315 1883 2314
f 1885 1883 2315
f 2311 2308 1884
f 1885 2311 1884
f 2316 2311 1885
f 2315 2316 1885
f 2317 1997 1996
f 2318 2319 1850
f 1849 2320 1850
f 2321 2320 1849
f 1848 2321 1849
f 2322 2321 1848
f 1847 1493 1877
f 1997 1847 1877
f 1848 1847 1997
f 2317 1848 1997
f 2322 1848 2317
f 1850 2319 2323
f 2324 1850 2323
f 1851 1850 2324
f 2325 1851 2324
f 1852 1851 2031
f 2030 1852 2031
f 2326 1852 2030
f 2032 1853 2030
f 2032 2034 1855
f 1854 2032 1855
f 2326 2032 1854
f 2034 2036 1857
f 1856 2034 1857
f 1855 2034 1856
f 2036 2038 1859
f 1858 2036 1859
f 1857 2036 1858
f 2040 1863 1862
f 1861 2040 1862
f 2038 2040 1861
f 1860 2038 1861
f 1859 2038 1860
f 1864 1863 2040
f 2042 1864 2040
f 1865 1864 2042
f 1866 1865 2042
f 2044 1866 2042
f 1867 1866 2044
f 2327 1867 2044
f 2046 1868 2044
f 1869 1868 2046
f 1870 1869 2046
f 2049 1870 2046
f 1871 1870 2049
f 1872 1871 2049
f 2051 1872 2049
f 1873 1872 2051
f 1876 1873 2051
f 2053 1876 2051
f 1875 1876 2053
f 1874 1875 2053
f 1846 1874 2053
f 1467 1874 1846
f 2035 1933 1929
f 2037 1943 1942
f 2039 1937 1944
f 1983 1969 1971
f 1891 1890 2052
f 2050 1891 2052
f 1892 1891 2050
f 1893 1892 2050
f 1890 1969 1983
f 2048 1965 1964
f 1963 2048 1964
f 2050 2048 1963
f 1962 2050 1963
f 1893 2050 1962
f 2045 1959 1958
f 1967 2047 1958
f 2048 2047 1967
f 1966 2048 1967
f 1965 2048 1966
f 1961 2043 1954
f 2045 2043 1961
f 1960 2047 1961
f 1959 2047 1960
f 1951 2041 1952
f 2041 1951 1950
f 1956 2041 1950
f 2043 2041 1956
f 2328 2043 1956
f 1954 2043 1955
f 2039 1944 1947
f 1948 2039 1947
f 2041 2039 1948
f 1953 2041 1948
f 1952 2041 1953
f 2037 1942 1941
f 1939 2037 1941
f 2039 2037 1940
f 1938 2039 1940
f 1937 2039 1938
f 2035 1929 1930
f 1935 2035 1930
f 2037 2035 1935
f 1936 2037 1935
f 1943 2037 1936
f 2033 1881 1880
f 2329 2313 2312
f 1882 2329 2312
f 2330 2329 1882
f 2331 2330 1882
f 2035 2033 1880
f 1932 2035 1880
f 1933 2035 1932
f 2033 1989 2332
f 2333 2033 2332
f 2033 2333 2334
f 2335 2033 2334
f 2336 2033 2335
f 2033 2336 2337
f 2338 2033 2337
f 2339 2033 2338
f 2331 1882 1881
f 2033 2331 1881
f 2340 2331 2033
f 2339 2340 2033
f 2341 1989 1991
f 1989 2341 2342
f 2343 1989 2342
f 2344 1989 2343
f 1989 2344 2345
f 2346 1989 2345
f 2332 1989 2347
f 2052 1890 1983
f 1984 2052 1983
f 2054 2052 1984
f 1986 1836 1988
f 2054 1986 1988
f 1985 1986 2054
f 1984 1985 2054
f 2348 2349 2350
f 2321 2351 2320
f 2352 2353 2354
f 2355 2356 2353
f 2355 2353 2352
f 2357 2355 2352
f 2351 2355 2357
f 2358 2359 2360
f 2361 2358 2360
f 2362 2358 2361
f 2363 2362 2361
f 2364 2362 2363
f 2358 2362 2365
f 2366 2358 2365
f 2359 2358 2366
f 2367 2359 2366
f 2360 2359 2368
f 2369 2360 2368
f 2370 2360 2369
f 2371 2370 2369
f 2372 2370 2371
f 2370 2321 2322
f 2355 2351 2321
f 2370 2355 2321
f 2373 2355 2370
f 2372 2373 2370
f 2374 2373 2372
f 2348 2356 2355
f 2375 2348 2355
f 2376 2348 2375
f 2377 2378 2379
f 2348 2377 2379
f 2380 2377 2348
f 2376 2380 2348
f 2381 2380 2376
f 2382 2383 2384
f 2385 2386 2387
f 2388 2385 2387
f 2389 2385 2388
f 2390 2389 2388
f 2391 2389 2390
f 2392 2393 2394
f 2383 2392 2394
f 2386 2392 2383
f 2382 2386 2383
f 2387 2386 2382
f 2349 2395 2396
f 2383 2397 2398
f 2399 2400 2397
f 2383 2399 2397
f 2401 2399 2383
f 2394 2401 2383
f 2402 2395 2383
f 2398 2402 2383
f 2403 2402 2398
f 2383 2395 2349
f 2348 2383 2349
f 2384 2383 2348
f 2379 2384 2348
f 2404 2384 2379
f 2317 2370 2322
f 2405 2060 2071
f 1995 2060 2370
f 2317 1995 2370
f 1996 1995 2317
f 2406 2405 2407
f 2370 2060 2405
f 2406 2370 2405
f 2360 2370 2406
f 2405 2408 2407
f 2409 2061 2410
f 2061 2409 2408
f 2405 2061 2408
f 2075 2061 2405
f 2071 2075 2405
f 2072 2075 2071
f 2073 2072 2071
f 2065 2411 2412
f 2413 2065 2412
f 2062 2065 2414
f 2410 2062 2414
f 2063 2062 2410
f 2061 2063 2410
f 2411 2065 2064
f 2415 2411 2064
f 2416 2411 2067
f 2066 2068 2417
f 2418 2066 2417
f 2415 2066 2419
f 2420 2067 2419
f 2416 2067 2420
f 2098 2421 2417
f 2113 2422 2421
f 2098 2113 2421
f 2095 2113 2098
f 2097 2095 2098
f 2092 2095 2097
f 2089 2092 2097
f 2099 2077 2078
f 2083 2086 2089
f 2097 2083 2089
f 2080 2083 2097
f 2099 2080 2097
f 2079 2080 2099
f 2078 2079 2099
f 2098 2417 2068
f 2069 2098 2068
f 2100 2098 2069
f 2070 2100 2069
f 2099 2100 2070
f 2076 2099 2070
f 2077 2099 2076
f 2423 2105 2424
f 2113 2111 2102
f 2101 2113 2102
f 2422 2113 2101
f 2104 2422 2101
f 2425 2422 2104
f 2105 2425 2104
f 2426 2425 2105
f 2423 2426 2105
f 2427 2426 2423
f 2106 2108 2428
f 2429 2106 2428
f 2105 2106 2429
f 2424 2105 2429
f 2430 2428 2108
f 2107 2430 2108
f 2431 2430 2107
f 2432 2433 2434
f 2435 2436 2434
f 2150 2437 2438
f 2109 2150 2438
f 2114 2150 2109
f 2110 2114 2109
f 2112 2114 2110
f 2434 2433 2439
f 2107 2434 2439
f 2440 2434 2107
f 2109 2440 2107
f 2441 2440 2109
f 2438 2441 2109
f 2442 2272 2305
f 2150 2443 2437
f 2444 2445 2443
f 2150 2148 2443
f 2144 2148 2150
f 2149 2144 2150
f 2145 2144 2149
f 2154 2145 2149
f 2146 2145 2154
f 2155 2146 2154
f 2147 2146 2155
f 2151 2147 2155
f 2143 2147 2151
f 2153 2143 2151
f 2124 2143 2153
f 2136 2135 2180
f 2178 2136 2180
f 2137 2136 2178
f 2176 2137 2178
f 2138 2137 2176
f 2174 2139 2176
f 2140 2139 2174
f 2172 2140 2174
f 2141 2140 2172
f 2170 2141 2172
f 2142 2141 2170
f 2142 2170 2168
f 2161 2142 2168
f 2123 2142 2161
f 2119 2224 2223
f 2254 2119 2223
f 2120 2119 2254
f 2252 2120 2254
f 2251 2120 2253
f 2124 2153 2158
f 2199 2124 2158
f 2125 2124 2199
f 2198 2125 2199
f 2127 2125 2198
f 2196 2127 2198
f 2128 2127 2196
f 2194 2128 2196
f 2129 2128 2194
f 2192 2129 2194
f 2130 2129 2192
f 2190 2130 2192
f 2131 2130 2190
f 2188 2132 2190
f 2133 2132 2188
f 2186 2133 2188
f 2134 2133 2186
f 2184 2134 2186
f 2135 2134 2184
f 2182 2135 2184
f 2180 2135 2182
f 2227 2118 2228
f 2119 2118 2229
f 2225 2119 2229
f 2224 2119 2225
f 2121 2237 2232
f 2231 2122 2232
f 2117 2122 2231
f 2216 2117 2231
f 2218 2117 2216
f 2446 2115 2272
f 2442 2116 2272
f 2444 2116 2442
f 2447 2148 2442
f 2445 2148 2447
f 2123 2161 2163
f 2210 2123 2163
f 2211 2123 2210
f 2120 2251 2238
f 2235 2120 2238
f 2121 2120 2235
f 2234 2122 2235
f 2237 2122 2234
f 2263 2265 2272
f 2115 2263 2272
f 2269 2263 2115
f 2117 2269 2115
f 2268 2269 2117
f 2218 2268 2117
f 2123 2211 2203
f 2202 2123 2203
f 2118 2123 2202
f 2213 2118 2202
f 2228 2118 2213
f 2448 2445 2447
f 2449 2448 2447
f 2450 2448 2449
f 2451 2450 2449
f 2452 2450 2451
f 2453 2454 2455
f 2456 2453 2455
f 2457 2453 2458
f 2452 2451 2459
f 2460 2452 2459
f 2461 2452 2455
f 2454 2461 2455
f 2457 2458 2462
f 2463 2457 2462
f 2464 2457 2465
f 2466 2467 2468
f 2469 2467 2465
f 2463 2467 2466
f 2470 2465 2466
f 2464 2465 2470
f 2467 2469 2471
f 2472 2467 2471
f 2473 2467 2472
f 2474 2475 2476
f 2477 2478 2479
f 2480 2481 2478
f 2474 2480 2478
f 2482 2480 2474
f 2483 2482 2474
f 2474 2478 2477
f 2484 2474 2477
f 2485 2474 2484
f 2486 2487 2488
f 2489 2490 2474
f 2485 2489 2474
f 2491 2489 2492
f 2486 2493 2494
f 2474 2486 2494
f 2487 2486 2474
f 2490 2487 2474
f 2495 2496 2497
f 2498 2499 2500
f 2501 2498 2500
f 2499 2502 2496
f 2495 2499 2496
f 2500 2499 2495
f 2503 2504 2505
f 2506 2507 2504
f 2496 2506 2504
f 2508 2506 2496
f 2502 2508 2496
f 2496 2504 2503
f 2509 2496 2503
f 2510 2496 2509
f 2474 2494 2497
f 2496 2474 2497
f 2475 2474 2496
f 2510 2475 2496
f 2511 2475 2510
f 2512 2513 2514
f 2513 2515 2516
f 2517 2513 2516
f 2513 2517 2518
f 2519 2513 2518
f 2520 2513 2519
f 2521 2520 2519
f 2474 2520 2522
f 2523 2474 2522
f 2483 2474 2523
f 2524 2525 2515
f 2513 2524 2515
f 2526 2524 2513
f 2512 2526 2513
f 2527 2528 2529
f 2530 2527 2529
f 2512 2527 2530
f 2531 2512 2530
f 2526 2512 2531
f 2532 2526 2531
f 2524 2526 2532
f 2533 2534 2535
f 2534 2467 2473
f 2467 2534 2533
f 2536 2467 2533
f 2537 2467 2536
f 2538 2468 2467
f 2537 2538 2467
f 2539 2538 2537
f 2540 2539 2537
f 2541 2539 2540
f 2530 2541 2540
f 2542 2541 2530
f 2529 2542 2530
f 2543 2542 2529
f 2544 2543 2529
f 2545 2546 2547
f 2548 2545 2547
f 2549 2545 2548
f 2550 2549 2548
f 2551 2552 2553
f 2554 2551 2553
f 2555 2551 2554
f 2556 2555 2554
f 2546 2555 2556
f 2547 2546 2556
f 2557 2558 2559
f 2560 2557 2559
f 2561 2558 2557
f 2562 2561 2557
f 2563 2561 2562
f 2564 2563 2565
f 2566 2567 2557
f 2560 2566 2557
f 2568 2566 2560
f 2569 2568 2560
f 2570 2571 2561
f 2563 2570 2561
f 2572 2570 2563
f 2564 2572 2563
f 2573 2574 2549
f 2575 2573 2549
f 2576 2575 2549
f 2550 2576 2549
f 2577 2576 2550
f 2578 2579 2580
f 2581 2578 2580
f 2582 2578 2581
f 2581 2583 2584
f 2585 2581 2584
f 2582 2581 2585
f 2584 2583 2586
f 2587 2584 2586
f 2588 2584 2587
f 2589 2588 2587
f 2590 2588 2589
f 2591 2590 2589
f 2592 2590 2591
f 2593 2594 2595
f 2596 2597 2598
f 2597 2596 2594
f 2593 2597 2594
f 2599 2597 2593
f 2600 2599 2593
f 2601 2599 2600
f 2602 2601 2600
f 2603 2601 2602
f 2604 2603 2602
f 2605 2603 2604
f 2606 2605 2604
f 2607 2605 2606
f 2608 2609 2610
f 2611 2608 2610
f 2612 2613 2614
f 2610 2612 2614
f 2615 2612 2610
f 2609 2615 2610
f 2616 2617 2618
f 2608 2616 2618
f 2619 2616 2608
f 2611 2619 2608
f 2295 2296 2620
f 2621 2295 2620
f 2294 2295 2621
f 2622 2294 2621
f 2293 2294 2622
f 2623 2293 2622
f 2292 2293 2623
f 2624 2292 2623
f 2291 2292 2624
f 2625 2291 2624
f 2290 2291 2625
f 2283 2284 2626
f 2627 2283 2626
f 2282 2283 2627
f 2628 2282 2627
f 2281 2282 2628
f 2629 2281 2628
f 2280 2281 2629
f 2630 2280 2629
f 2279 2280 2630
f 2631 2279 2630
f 2278 2279 2631
f 2290 2625 2632
f 2633 2290 2632
f 2289 2290 2633
f 2634 2289 2633
f 2288 2289 2634
f 2635 2288 2634
f 2287 2288 2635
f 2636 2287 2635
f 2286 2287 2636
f 2637 2286 2636
f 2285 2286 2637
f 2638 2285 2637
f 2284 2285 2638
f 2639 2284 2638
f 2626 2284 2639
f 2301 2302 2640
f 2641 2301 2640
f 2300 2301 2641
f 2642 2300 2641
f 2299 2300 2642
f 2643 2299 2642
f 2298 2299 2643
f 2644 2298 2643
f 2297 2298 2644
f 2645 2297 2644
f 2296 2297 2645
f 2646 2296 2645
f 2620 2296 2646
f 2278 2631 2647
f 2648 2278 2647
f 2277 2278 2648
f 2649 2277 2648
f 2276 2277 2649
f 2650 2276 2649
f 2275 2276 2650
f 2651 2275 2650
f 2273 2275 2651
f 2652 2273 2651
f 2274 2273 2652
f 2653 2274 2652
f 2303 2274 2653
f 2654 2303 2653
f 2302 2303 2654
f 2655 2302 2654
f 2640 2302 2655
f 2656 2657 2658
f 2659 2482 2483
f 2660 2472 2471
f 2661 2469 2465
f 2662 2661 2465
f 2661 2462 2458
f 2460 2661 2458
f 2459 2661 2455
f 2661 2459 2451
f 2449 2661 2451
f 2306 2661 2449
f 2447 2306 2449
f 2304 2306 2447
f 2442 2304 2447
f 2305 2304 2442
f 2660 2663 2534
f 2473 2660 2534
f 2472 2660 2473
f 2664 2665 2536
f 2533 2664 2536
f 2666 2664 2533
f 2665 2531 2530
f 2665 2530 2540
f 2537 2665 2540
f 2536 2665 2537
f 2667 2515 2525
f 2524 2667 2525
f 2668 2667 2524
f 2532 2668 2524
f 2531 2668 2532
f 2517 2516 2669
f 2670 2517 2669
f 2518 2517 2670
f 2521 2519 2671
f 2659 2522 2671
f 2523 2522 2659
f 2483 2523 2659
f 2481 2480 2672
f 2673 2481 2672
f 2478 2481 2673
f 2479 2478 2673
f 2674 2484 2477
f 2479 2674 2477
f 2491 2492 2675
f 2656 2491 2675
f 2489 2491 2656
f 2658 2489 2656
f 2490 2489 2658
f 2676 2677 2678
f 2660 2676 2678
f 2661 2676 2660
f 2471 2661 2660
f 2469 2661 2471
f 2671 2519 2518
f 2670 2671 2518
f 2679 2671 2670
f 2672 2480 2482
f 2659 2672 2482
f 2680 2672 2659
f 2671 2679 2681
f 2682 2671 2681
f 2659 2671 2682
f 2683 2659 2682
f 2680 2659 2683
f 2674 2479 2673
f 2684 2674 2673
f 2685 2674 2684
f 2674 2685 2686
f 2675 2674 2686
f 2484 2674 2675
f 2485 2484 2675
f 2672 2680 2687
f 2688 2672 2687
f 2673 2672 2688
f 2689 2673 2688
f 2684 2673 2689
f 2663 2690 2664
f 2666 2663 2664
f 2534 2663 2535
f 2660 2678 2691
f 2692 2660 2691
f 2663 2660 2692
f 2693 2663 2692
f 2690 2663 2693
f 2668 2531 2665
f 2694 2668 2665
f 2695 2668 2694
f 2669 2516 2515
f 2667 2669 2515
f 2696 2669 2667
f 2668 2695 2697
f 2698 2668 2697
f 2667 2668 2698
f 2699 2667 2698
f 2696 2667 2699
f 2664 2690 2700
f 2701 2664 2700
f 2665 2664 2701
f 2702 2665 2701
f 2694 2665 2702
f 2703 2704 2657
f 2656 2703 2657
f 2705 2703 2656
f 2675 2705 2656
f 2706 2705 2675
f 2686 2706 2675
f 2669 2696 2707
f 2708 2669 2707
f 2670 2669 2708
f 2709 2670 2708
f 2679 2670 2709
f 2309 2306 2307
f 2710 2329 2330
f 2711 2677 2313
f 2329 2711 2313
f 2712 2711 2329
f 2710 2712 2329
f 2661 2306 2309
f 2311 2661 2309
f 2676 2661 2311
f 2676 2311 2316
f 2315 2676 2316
f 2677 2676 2315
f 2314 2677 2315
f 2313 2677 2314
f 2713 2714 2715
f 2716 2717 2718
f 2324 1990 2031
f 2719 2720 2721
f 2722 2719 2721
f 2723 2719 2722
f 2393 2722 2724
f 2722 2393 2392
f 2386 2722 2392
f 2723 2722 2386
f 2385 2723 2386
f 2389 2723 2385
f 2724 2399 2401
f 2394 2724 2401
f 2393 2724 2394
f 2725 2400 2716
f 2726 2397 2716
f 2398 2397 2726
f 2403 2398 2726
f 2727 2350 2349
f 2396 2727 2349
f 2728 2727 2396
f 2395 2728 2396
f 2402 2728 2395
f 2348 2713 2356
f 2729 2357 2352
f 2354 2729 2352
f 2713 2729 2354
f 2353 2713 2354
f 2356 2713 2353
f 2730 2341 1991
f 2342 2341 2730
f 2319 2320 2351
f 2731 2319 2351
f 2323 2319 2731
f 2730 2323 2731
f 2324 2323 2730
f 1991 2324 2730
f 1990 2324 1991
f 2732 2332 2347
f 2345 2732 2347
f 2733 2732 2345
f 2344 2733 2345
f 2343 2733 2344
f 2734 2334 2333
f 2332 2734 2333
f 2735 2338 2337
f 2336 2735 2337
f 2734 2735 2336
f 2335 2734 2336
f 2334 2734 2335
f 2736 2331 2340
f 2339 2736 2340
f 2338 2736 2339
f 2737 2736 2738
f 2710 2330 2331
f 2736 2710 2331
f 2712 2710 2736
f 2737 2712 2736
f 2711 2712 2737
f 2731 2351 2357
f 2729 2731 2357
f 2739 2731 2729
f 2730 2740 2741
f 2733 2730 2741
f 2342 2730 2733
f 2343 2342 2733
f 2731 2739 2742
f 2743 2731 2742
f 2730 2731 2743
f 2744 2730 2743
f 2740 2730 2744
f 2734 2332 2732
f 2745 2734 2732
f 2746 2734 2745
f 2736 2338 2735
f 2747 2736 2735
f 2738 2736 2747
f 2734 2746 2748
f 2749 2734 2748
f 2735 2734 2749
f 2750 2735 2749
f 2747 2735 2750
f 2733 2741 2751
f 2752 2733 2751
f 2732 2733 2752
f 2753 2732 2752
f 2745 2732 2753
f 2724 2754 2717
f 2716 2724 2717
f 2399 2724 2716
f 2400 2399 2716
f 2722 2721 2755
f 2756 2722 2755
f 2724 2722 2756
f 2757 2724 2756
f 2754 2724 2757
f 2728 2402 2403
f 2726 2728 2403
f 2758 2728 2726
f 2727 2759 2714
f 2713 2727 2714
f 2350 2727 2713
f 2348 2350 2713
f 2728 2758 2760
f 2761 2728 2760
f 2727 2728 2761
f 2762 2727 2761
f 2759 2727 2762
f 2716 2718 2763
f 2764 2716 2763
f 2726 2716 2764
f 2765 2726 2764
f 2758 2726 2765
f 2713 2715 2766
f 2767 2713 2766
f 2729 2713 2767
f 2768 2729 2767
f 2739 2729 2768
f 2391 2723 2389
f 2769 2720 2719
f 2770 2769 2719
f 2771 2391 2390
f 2770 2719 2723
f 2391 2770 2723
f 2772 2770 2391
f 2771 2772 2391
f 2773 2774 2775
f 2776 2773 2371
f 2369 2776 2371
f 2368 2776 2369
f 2777 2355 2373
f 2374 2777 2373
f 2773 2777 2374
f 2372 2773 2374
f 2371 2773 2372
f 2778 2779 2381
f 2376 2778 2381
f 2375 2778 2376
f 2780 2404 2379
f 2378 2780 2379
f 2779 2378 2377
f 2380 2779 2377
f 2381 2779 2380
f 2781 2772 2771
f 2390 2781 2771
f 2781 2390 2388
f 2387 2781 2388
f 2782 2781 2387
f 2382 2782 2387
f 2384 2782 2382
f 2780 2378 2779
f 2783 2780 2779
f 2784 2780 2783
f 2780 2784 2785
f 2782 2780 2785
f 2404 2780 2782
f 2384 2404 2782
f 2786 2787 2774
f 2773 2786 2774
f 2788 2786 2773
f 2776 2788 2773
f 2778 2375 2355
f 2777 2778 2355
f 2789 2778 2777
f 2773 2775 2790
f 2791 2773 2790
f 2777 2773 2791
f 2792 2777 2791
f 2789 2777 2792
f 2782 2785 2793
f 2794 2782 2793
f 2781 2782 2794
f 2795 2781 2794
f 2772 2781 2795
f 2796 2772 2795
f 2770 2772 2796
f 2778 2789 2797
f 2798 2778 2797
f 2779 2778 2798
f 2799 2779 2798
f 2783 2779 2799
f 2800 2364 2363
f 2800 2801 2802
f 2362 2800 2802
f 2364 2800 2362
f 2359 2803 2804
f 2803 2359 2367
f 2366 2803 2367
f 2802 2803 2366
f 2365 2802 2366
f 2362 2802 2365
f 2802 2801 2805
f 2806 2802 2805
f 2807 2802 2806
f 2804 2808 2809
f 2787 2804 2809
f 2786 2804 2787
f 2776 2368 2359
f 2804 2776 2359
f 2788 2776 2804
f 2786 2788 2804
f 2802 2807 2810
f 2811 2802 2810
f 2803 2802 2811
f 2812 2803 2811
f 2803 2812 2813
f 2814 2803 2813
f 2804 2803 2814
f 2815 2804 2814
f 2808 2804 2815
f 2541 2542 2543
f 2816 2541 2543
f 2539 2541 2816
f 2817 2539 2816
f 2538 2539 2817
f 2468 2538 2817
f 2818 2445 2448
f 2438 2437 2443
f 2445 2438 2443
f 2441 2438 2445
f 2818 2441 2445
f 2440 2441 2818
f 2818 2448 2450
f 2452 2818 2450
f 2461 2818 2452
f 2818 2461 2454
f 2453 2818 2454
f 2457 2818 2453
f 2818 2457 2464
f 2470 2818 2464
f 2817 2818 2470
f 2466 2817 2470
f 2468 2817 2466
f 2819 2820 2435
f 2434 2819 2435
f 2440 2819 2434
f 2820 2439 2433
f 2432 2820 2433
f 2435 2820 2436
f 2821 2424 2429
f 2428 2821 2429
f 2822 2821 2428
f 2430 2822 2428
f 2431 2822 2430
f 2821 2426 2427
f 2423 2821 2427
f 2424 2821 2423
f 2823 2408 2409
f 2407 2408 2823
f 2361 2360 2406
f 2800 2361 2406
f 2363 2361 2800
f 2823 2409 2410
f 2413 2823 2410
f 2824 2823 2414
f 2823 2412 2411
f 2416 2823 2411
f 2420 2823 2416
f 2823 2420 2419
f 2417 2823 2419
f 2425 2823 2417
f 2825 2425 2417
f 2422 2425 2421
f 2822 2439 2820
f 2826 2822 2820
f 2827 2822 2826
f 2823 2425 2426
f 2821 2823 2426
f 2828 2823 2821
f 2822 2827 2829
f 2830 2822 2829
f 2821 2822 2830
f 2831 2821 2830
f 2828 2821 2831
f 2832 2833 2834
f 2817 2832 2834
f 2835 2832 2817
f 2816 2835 2817
f 2819 2440 2818
f 2836 2819 2818
f 2837 2819 2836
f 2817 2834 2838
f 2839 2817 2838
f 2818 2817 2839
f 2840 2818 2839
f 2836 2818 2840
f 2841 2806 2805
f 2823 2841 2805
f 2842 2841 2823
f 2828 2842 2823
f 2800 2406 2407
f 2823 2800 2407
f 2801 2800 2823
f 2805 2801 2823
f 2819 2837 2843
f 2844 2819 2843
f 2820 2819 2844
f 2845 2820 2844
f 2826 2820 2845
f 2846 2528 2527
f 2528 2847 2529
f 2544 2816 2543
f 2816 2544 2529
f 2847 2816 2529
f 2835 2816 2847
f 2832 2835 2847
f 2832 2848 2833
f 2847 2528 2846
f 2849 2847 2846
f 2850 2847 2849
f 2851 2848 2832
f 2847 2851 2832
f 2852 2851 2847
f 2850 2852 2847
f 2853 2852 2850
f 2854 2855 2856
f 2498 2854 2499
f 2857 2507 2506
f 2508 2857 2506
f 2854 2857 2508
f 2502 2854 2508
f 2499 2854 2502
f 2505 2504 2858
f 2859 2505 2858
f 2503 2505 2859
f 2860 2476 2475
f 2511 2860 2475
f 2861 2860 2511
f 2510 2861 2511
f 2509 2861 2510
f 2862 2513 2520
f 2474 2862 2520
f 2863 2850 2849
f 2846 2863 2849
f 2514 2513 2862
f 2863 2514 2862
f 2512 2514 2863
f 2846 2512 2863
f 2527 2512 2846
f 2859 2864 2861
f 2509 2859 2861
f 2503 2859 2509
f 2860 2865 2866
f 2862 2860 2866
f 2476 2860 2862
f 2474 2476 2862
f 2861 2864 2867
f 2868 2861 2867
f 2860 2861 2868
f 2869 2860 2868
f 2865 2860 2869
f 2870 2871 2855
f 2854 2872 2855
f 2873 2872 2854
f 2498 2873 2854
f 2501 2873 2498
f 2858 2504 2507
f 2857 2858 2507
f 2874 2858 2857
f 2854 2856 2875
f 2876 2854 2875
f 2857 2854 2876
f 2877 2857 2876
f 2874 2857 2877
f 2878 2853 2850
f 2863 2878 2850
f 2879 2878 2863
f 2862 2879 2863
f 2880 2879 2862
f 2866 2880 2862
f 2858 2874 2881
f 2882 2858 2881
f 2859 2858 2882
f 2883 2859 2882
f 2864 2859 2883
f 2884 2493 2486
f 2704 2885 2886
f 2887 2885 2704
f 2888 2889 2890
f 2891 2888 2890
f 2704 2888 2891
f 2892 2704 2891
f 2887 2704 2892
f 2704 2886 2893
f 2894 2704 2893
f 2657 2704 2894
f 2895 2657 2894
f 2896 2657 2895
f 2657 2896 2897
f 2898 2657 2897
f 2899 2657 2898
f 2900 2901 2658
f 2657 2900 2658
f 2902 2900 2657
f 2899 2902 2657
f 2658 2901 2903
f 2904 2658 2903
f 2490 2658 2904
f 2490 2904 2905
f 2906 2490 2905
f 2487 2490 2906
f 2907 2487 2906
f 2908 2909 2488
f 2487 2908 2488
f 2910 2908 2487
f 2907 2910 2487
f 2911 2912 2486
f 2488 2911 2486
f 2913 2911 2488
f 2909 2913 2488
f 2486 2912 2914
f 2915 2486 2914
f 2916 2486 2915
f 2917 2918 2884
f 2486 2919 2884
f 2920 2919 2486
f 2916 2920 2486
f 2884 2918 2921
f 2922 2884 2921
f 2923 2884 2922
f 2884 2923 2924
f 2925 2884 2924
f 2926 2884 2925
f 2884 2926 2927
f 2928 2884 2927
f 2929 2884 2928
f 2494 2493 2884
f 2930 2494 2884
f 2497 2494 2930
f 2500 2871 2872
f 2873 2500 2872
f 2501 2500 2873
f 2930 2871 2500
f 2495 2930 2500
f 2497 2930 2495
f 2890 2889 2931
f 2932 2890 2931
f 2932 2887 2892
f 2891 2932 2892
f 2890 2932 2891
f 2885 2887 2932
f 2933 2885 2932
f 2886 2885 2933
f 2896 2895 2933
f 2934 2896 2933
f 2933 2895 2894
f 2893 2933 2894
f 2886 2933 2893
f 2935 2902 2899
f 2898 2935 2899
f 2934 2935 2898
f 2897 2934 2898
f 2896 2934 2897
f 2935 2936 2901
f 2900 2935 2901
f 2902 2935 2900
f 2936 2905 2904
f 2937 2936 2904
f 2901 2936 2903
f 2909 2908 2938
f 2939 2909 2938
f 2913 2909 2939
f 2911 2913 2939
f 2938 2908 2910
f 2907 2938 2910
f 2936 2938 2907
f 2906 2936 2907
f 2905 2936 2906
f 2940 2916 2915
f 2914 2940 2915
f 2939 2940 2914
f 2912 2939 2914
f 2911 2939 2912
f 2920 2916 2940
f 2941 2920 2940
f 2917 2920 2941
f 2942 2923 2922
f 2921 2942 2922
f 2941 2942 2921
f 2943 2941 2921
f 2917 2941 2918
f 2925 2944 2926
f 2942 2944 2925
f 2924 2942 2925
f 2923 2942 2924
f 2928 2945 2929
f 2944 2945 2928
f 2927 2944 2928
f 2926 2944 2927
f 2941 2940 2939
f 2931 2941 2939
f 2942 2941 2931
f 2945 2942 2931
f 2944 2942 2945
f 2936 2939 2938
f 2933 2932 2931
f 2939 2933 2931
f 2934 2933 2939
f 2936 2934 2939
f 2935 2934 2936
f 2553 2556 2554
f 2548 2547 2556
f 2553 2548 2556
f 2550 2548 2553
f 2946 2550 2553
f 2577 2550 2946
f 2947 2577 2946
f 2946 2553 2552
f 2948 2946 2552
f 2545 2555 2546
f 2552 2551 2555
f 2545 2552 2555
f 2948 2552 2545
f 2549 2948 2545
f 2949 2948 2549
f 2574 2949 2549
f 2950 2577 2947
f 2570 2576 2577
f 2564 2565 2575
f 2576 2564 2575
f 2572 2564 2576
f 2570 2572 2576
f 2565 2563 2574
f 2573 2565 2574
f 2575 2565 2573
f 2570 2577 2950
f 2951 2570 2950
f 2571 2570 2951
f 2952 2571 2951
f 2561 2571 2952
f 2953 2561 2952
f 2558 2561 2953
f 2954 2558 2953
f 2559 2558 2954
f 2955 2559 2954
f 2560 2559 2955
f 2956 2560 2955
f 2569 2560 2956
f 2957 2569 2956
f 2568 2569 2957
f 2958 2568 2957
f 2566 2568 2958
f 2959 2566 2958
f 2567 2566 2959
f 2960 2567 2959
f 2557 2567 2960
f 2961 2557 2960
f 2562 2557 2961
f 2962 2562 2961
f 2563 2562 2962
f 2949 2563 2962
f 2574 2563 2949
f 2592 2963 2590
f 2964 2963 2592
f 2591 2964 2592
f 2965 2964 2591
f 2589 2965 2591
f 2966 2965 2589
f 2587 2966 2589
f 2967 2966 2587
f 2586 2583 2968
f 2969 2586 2968
f 2587 2586 2969
f 2967 2587 2969
f 2970 2580 2971
f 2581 2580 2970
f 2968 2581 2970
f 2583 2581 2968
f 2579 2972 2971
f 2580 2579 2971
f 2578 2973 2972
f 2579 2578 2972
f 2582 2974 2973
f 2578 2582 2973
f 2975 2584 2976
f 2585 2584 2975
f 2974 2585 2975
f 2582 2585 2974
f 2977 2590 2963
f 2588 2590 2977
f 2976 2588 2977
f 2584 2588 2976
f 2978 2979 2980
f 2981 2982 2983
f 2984 2985 2979
f 2978 2984 2979
f 2986 2984 2978
f 2987 2986 2978
f 2988 2986 2987
f 2989 2988 2987
f 2981 2988 2989
f 2990 2981 2989
f 2982 2981 2990
f 2991 2982 2990
f 2979 2992 2980
f 2993 2994 2995
f 2996 2993 2995
f 2997 2993 2996
f 2998 2999 2994
f 2993 2998 2994
f 3000 2998 2993
f 3001 3000 2993
f 2979 2985 3001
f 2993 2979 3001
f 2992 2979 2993
f 2997 2992 2993
f 3002 2994 2999
f 3003 3004 3005
f 3006 3003 3005
f 3007 3003 3006
f 3008 3007 3006
f 3009 3007 3008
f 3010 3009 3008
f 3002 3009 3010
f 3011 3002 3010
f 2994 3002 3011
f 2995 2994 3011
f 2601 2603 3012
f 3013 2601 3012
f 2599 2601 3013
f 3014 2599 3013
f 2605 3012 2603
f 3015 3012 2605
f 2607 3015 2605
f 3016 3015 2607
f 2606 3016 2607
f 3017 3016 2606
f 2604 3017 2606
f 3018 3017 2604
f 3019 2600 3020
f 2602 2600 3019
f 3018 2602 3019
f 2604 2602 3018
f 3021 2595 3022
f 2593 2595 3021
f 3020 2593 3021
f 2600 2593 3020
f 2594 3023 3022
f 2595 2594 3022
f 2596 3024 3023
f 2594 2596 3023
f 2598 3025 3024
f 2596 2598 3024
f 3026 2599 3014
f 2597 2599 3026
f 3025 2597 3026
f 2598 2597 3025
f 2614 2613 3027
f 3028 2614 3027
f 2610 2614 3028
f 3029 2610 3028
f 2611 2610 3029
f 3030 2611 3029
f 2619 2611 3030
f 3031 2619 3030
f 2616 2619 3031
f 3032 2616 3031
f 2617 2616 3032
f 3033 2617 3032
f 2618 2617 3033
f 3034 2618 3033
f 2608 2618 3034
f 3035 2608 3034
f 2609 2608 3035
f 3036 2609 3035
f 2615 2609 3036
f 3037 2615 3036
f 2612 2615 3037
f 3038 2612 3037
f 2613 2612 3038
f 3027 2613 3038
f 2628 3039 2629
f 2629 3039 3040
f 3041 2629 3040
f 2630 2629 3041
f 2630 3041 3042
f 3043 2630 3042
f 2631 2630 3043
f 2631 3043 3044
f 3045 2631 3044
f 2647 2631 3045
f 2647 3045 3046
f 3047 2647 3046
f 2648 2647 3047
f 2648 3047 3048
f 3049 2648 3048
f 2649 2648 3049
f 2649 3049 3050
f 3051 2649 3050
f 2650 2649 3051
f 2650 3051 3052
f 3053 2650 3052
f 2651 2650 3053
f 2651 3053 3054
f 3055 2651 3054
f 2652 2651 3055
f 2652 3055 3056
f 3057 2652 3056
f 2653 2652 3057
f 2653 3057 3058
f 3059 2653 3058
f 2654 2653 3059
f 2654 3059 3060
f 3061 2654 3060
f 2655 2654 3061
f 2655 3061 3062
f 3063 2655 3062
f 2640 2655 3063
f 2640 3063 3064
f 3065 2640 3064
f 2641 2640 3065
f 2641 3065 3066
f 3067 2641 3066
f 2642 2641 3067
f 2642 3067 3068
f 3069 2642 3068
f 2643 2642 3069
f 2643 3069 3070
f 3071 2643 3070
f 2644 2643 3071
f 2644 3071 3072
f 3073 2644 3072
f 2645 2644 3073
f 2645 3073 3074
f 3075 2645 3074
f 2646 2645 3075
f 2646 3075 3076
f 3077 2646 3076
f 2620 2646 3077
f 2620 3077 3078
f 3079 2620 3078
f 2621 2620 3079
f 2621 3079 3080
f 3081 2621 3080
f 2622 2621 3081
f 2622 3081 3082
f 3083 2622 3082
f 2623 2622 3083
f 2623 3083 3084
f 3085 2623 3084
f 2624 2623 3085
f 2624 3085 3086
f 3087 2624 3086
f 2625 2624 3087
f 2625 3087 3088
f 3089 2625 3088
f 2632 2625 3089
f 2632 3089 3090
f 3091 2632 3090
f 2633 2632 3091
f 2633 3091 3092
f 3093 2633 3092
f 2634 2633 3093
f 2634 3093 3094
f 3095 2634 3094
f 2635 2634 3095
f 2635 3095 3096
f 3097 2635 3096
f 2636 2635 3097
f 2636 3097 3098
f 3099 2636 3098
f 2637 2636 3099
f 2637 3099 3100
f 3101 2637 3100
f 2638 2637 3101
f 2638 3101 3102
f 3103 2638 3102
f 2639 2638 3103
f 2639 3103 3104
f 3105 2639 3104
f 2626 2639 3105
f 2626 3105 3106
f 3107 2626 3106
f 2627 2626 3107
f 2627 3107 3108
f 3109 2627 3108
f 2628 2627 3109
f 3110 2628 3109
f 3039 2628 3110
f 3111 3112 3113
f 3114 3115 3112
f 3111 3114 3112
f 3116 3114 3111
f 3117 3116 3111
f 3004 3116 3117
f 3005 3004 3117
f 2931 2929 2945
f 2883 2882 3007
f 3009 2883 3007
f 2864 2883 3009
f 2865 3002 2866
f 2984 2838 2834
f 2985 2984 2834
f 2837 2986 2843
f 3118 2706 2686
f 3002 2865 2869
f 2868 3002 2869
f 3009 3002 2868
f 2867 3009 2868
f 2864 3009 2867
f 2880 2866 3002
f 2999 2880 3002
f 2879 2880 2999
f 2999 2852 2853
f 2878 2999 2853
f 2879 2999 2878
f 2986 2837 2836
f 2840 2986 2836
f 2984 2986 2840
f 2839 2984 2840
f 2838 2984 2839
f 2681 2679 2709
f 2708 2681 2709
f 3119 2681 2708
f 2707 3119 2708
f 3120 3119 2707
f 3003 2875 2856
f 2855 3003 2856
f 3004 3003 2855
f 2871 3004 2855
f 3116 3004 2871
f 2930 3116 2871
f 3114 3116 2930
f 2884 3114 2930
f 3115 3114 2884
f 2929 3115 2884
f 2877 2876 2875
f 3003 2877 2875
f 2874 2877 3003
f 3007 2874 3003
f 2881 2874 3007
f 2882 2881 3007
f 2845 2844 2843
f 2986 2845 2843
f 2826 2845 2986
f 2988 2826 2986
f 2831 2981 2828
f 2842 2828 2981
f 2983 2842 2981
f 2841 2842 2983
f 2807 2806 2841
f 2983 2807 2841
f 2810 2807 2983
f 3121 2810 2983
f 2811 2810 3121
f 3122 2811 3121
f 2812 2811 3122
f 3123 2812 3122
f 2813 2812 3123
f 3124 2813 3123
f 3120 2697 2695
f 3125 3120 2695
f 2699 2698 2697
f 3120 2699 2697
f 2696 2699 3120
f 2707 2696 3120
f 2703 2705 2706
f 3118 2703 2706
f 2704 2703 3118
f 3115 2704 3118
f 2888 2704 3115
f 2929 2888 3115
f 2889 2888 2929
f 2931 2889 2929
f 2985 2834 2833
f 2848 2985 2833
f 3001 2985 2848
f 2851 3001 2848
f 3000 3001 2851
f 2852 3000 2851
f 2998 3000 2852
f 2999 2998 2852
f 2981 2831 2830
f 2829 2981 2830
f 2988 2981 2829
f 2827 2988 2829
f 2826 2988 2827
f 3125 2695 2694
f 2702 3125 2694
f 2701 3125 2702
f 2683 2682 2681
f 3119 2683 2681
f 2680 2683 3119
f 3126 2680 3119
f 2687 2680 3126
f 2689 2688 2687
f 3126 2689 2687
f 2684 2689 3126
f 3118 2684 3126
f 2685 2684 3118
f 2686 2685 3118
f 3127 3128 2808
f 2815 3127 2808
f 3124 3127 2815
f 2814 3124 2815
f 2813 3124 2814
f 3125 2701 2700
f 2690 3125 2700
f 3129 3125 2690
f 2693 3129 2690
f 2692 3129 2693
f 2769 2770 3130
f 3131 2769 3130
f 2720 2769 3131
f 2721 2720 3131
f 2784 2783 3132
f 3133 2784 3132
f 2785 2784 3133
f 2793 2785 3133
f 3130 2770 2796
f 2795 3130 2796
f 3133 3130 2795
f 2794 3133 2795
f 2793 3133 2794
f 3134 2754 2757
f 2756 3134 2757
f 3131 3134 2756
f 2755 3131 2756
f 2721 3131 2755
f 2742 3135 2743
f 2744 2743 3135
f 3136 2744 3135
f 2740 2744 3136
f 3137 2790 2775
f 2774 3137 2775
f 3138 3137 2774
f 2787 3138 2774
f 3128 3138 2787
f 2809 3128 2787
f 2808 3128 2809
f 2718 2717 2754
f 3134 2718 2754
f 2763 2718 3134
f 3139 2763 3134
f 2764 2763 3139
f 2765 2764 3139
f 3135 2742 2739
f 2768 3135 2739
f 3140 3135 2768
f 2751 2741 2740
f 3136 2751 2740
f 2752 2751 3136
f 3141 2752 3136
f 2753 2752 3141
f 2745 2753 3141
f 2750 3142 2747
f 2738 2747 3142
f 3143 2738 3142
f 2737 2738 3143
f 3129 2692 2691
f 2678 3129 2691
f 3144 3129 2678
f 2677 3144 2678
f 3143 3144 2677
f 2711 3143 2677
f 2737 3143 2711
f 3132 2783 2799
f 2798 3132 2799
f 3145 3132 2798
f 3140 2768 2767
f 2766 3140 2767
f 2715 3140 2766
f 2792 2791 2790
f 3137 2792 2790
f 2789 2792 3137
f 3145 2789 3137
f 2797 2789 3145
f 2798 2797 3145
f 2760 2758 2765
f 3139 2760 2765
f 2761 2760 3139
f 3146 2761 3139
f 3140 2715 2714
f 2759 3140 2714
f 3146 3140 2759
f 2762 3146 2759
f 2761 3146 2762
f 3142 2750 2749
f 2748 3142 2749
f 3141 3142 2748
f 2746 3141 2748
f 2745 3141 2746
f 3147 3138 3148
f 3149 3147 3148
f 3150 3147 3149
f 3151 3152 3153
f 3123 3151 3153
f 3151 2982 2991
f 3154 3151 2991
f 3152 3151 3154
f 3153 3152 3155
f 3156 3153 3155
f 3148 3153 3156
f 3157 3148 3156
f 3149 3148 3157
f 3121 2983 2982
f 3151 3121 2982
f 3122 3121 3151
f 3123 3122 3151
f 3148 3138 3128
f 3127 3148 3128
f 3153 3148 3127
f 3124 3153 3127
f 3123 3153 3124
f 2978 3023 2946
f 2948 2978 2946
f 2973 2989 2987
f 2972 2973 2987
f 3158 3113 3159
f 2948 2969 2968
f 2972 2987 2978
f 2948 2972 2978
f 2971 2972 2948
f 2968 2971 2948
f 2970 2971 2968
f 3158 3159 3160
f 3161 3158 3160
f 3162 3158 3161
f 3163 3162 3161
f 3164 3162 3163
f 3165 3164 3163
f 3166 3164 3165
f 3167 3166 3165
f 3113 3158 3168
f 3169 3113 3168
f 3111 3113 3169
f 3170 3171 3172
f 3173 3170 3172
f 3174 3170 3173
f 3175 3174 3176
f 3032 2980 2992
f 2997 3032 2992
f 2946 2950 2947
f 3117 3027 3038
f 3005 3117 3038
f 3177 3178 3170
f 3174 3177 3170
f 3179 3177 3174
f 3175 3179 3174
f 3180 3181 3030
f 3029 3180 3030
f 3182 3180 3029
f 3028 3182 3029
f 3183 3182 3028
f 3027 3183 3028
f 3184 3183 3027
f 3117 3184 3027
f 3185 3184 3117
f 3111 3185 3117
f 3186 3185 3111
f 3169 3186 3111
f 3005 3038 3037
f 3036 3005 3037
f 3006 3005 3036
f 3035 3006 3036
f 3008 3006 3035
f 3034 3008 3035
f 3010 3008 3034
f 3033 3010 3034
f 3011 3010 3033
f 3032 3011 3033
f 2995 3011 3032
f 2997 2995 3032
f 2996 2995 2997
f 3032 3031 3016
f 3017 3032 3016
f 2980 3032 3017
f 3018 2980 3017
f 3019 2980 3018
f 3187 3188 3189
f 3190 3187 3189
f 3172 3187 3190
f 3191 3172 3190
f 3173 3172 3191
f 2991 3152 3154
f 2967 2962 2961
f 2980 3019 3020
f 3021 2980 3020
f 2978 2980 3021
f 3022 2978 3021
f 3023 2978 3022
f 3014 3192 3193
f 3150 2975 2976
f 2977 3150 2976
f 3194 3150 2977
f 2967 2969 2948
f 2949 2967 2948
f 2962 2967 2949
f 3026 3014 2951
f 2950 3026 2951
f 3025 3026 2950
f 2946 3025 2950
f 3024 3025 2946
f 3023 3024 2946
f 3195 3196 2961
f 2960 3195 2961
f 3197 3195 2960
f 2959 3197 2960
f 3198 3197 2959
f 2958 3198 2959
f 3199 3198 2958
f 2957 3199 2958
f 3200 3199 2957
f 2956 3200 2957
f 3201 3200 2956
f 2955 3201 2956
f 2953 2952 3202
f 3203 2953 3202
f 2954 2953 3203
f 3204 2954 3203
f 2955 2954 3204
f 3205 2955 3204
f 3201 2955 3205
f 2951 3014 3193
f 3206 2951 3193
f 2952 2951 3206
f 3207 2952 3206
f 3202 2952 3207
f 3012 3208 3013
f 2975 3150 3149
f 3157 2975 3149
f 3156 2975 3157
f 2990 2989 2973
f 2974 2990 2973
f 2991 2990 2974
f 2975 2991 2974
f 3152 2991 2975
f 3156 3152 2975
f 3155 3152 3156
f 2961 3196 3209
f 3210 2961 3209
f 2967 2961 3210
f 3211 2967 3210
f 3014 3013 3208
f 3212 3014 3208
f 3192 3014 3212
f 3030 3181 3208
f 3012 3030 3208
f 3031 3030 3012
f 3015 3031 3012
f 3016 3031 3015
f 2967 3211 3213
f 3214 2967 3213
f 2966 2967 3214
f 3215 2966 3214
f 3216 2966 3215
f 2966 3216 3188
f 3187 2966 3188
f 2965 2966 3187
f 3217 2965 3187
f 2964 2965 3217
f 3194 2964 3217
f 2963 2964 3194
f 2977 2963 3194
f 3095 3218 3219
f 3219 3220 3097
f 3096 3219 3097
f 3095 3219 3096
f 3101 3221 3222
f 3221 3101 3100
f 3099 3221 3100
f 3220 3221 3099
f 3098 3220 3099
f 3097 3220 3098
f 3105 3223 3224
f 3223 3105 3104
f 3103 3223 3104
f 3222 3223 3103
f 3102 3222 3103
f 3101 3222 3102
f 3109 3225 3226
f 3225 3109 3108
f 3107 3225 3108
f 3224 3225 3107
f 3106 3224 3107
f 3105 3224 3106
f 3041 3227 3228
f 3227 3041 3040
f 3039 3227 3040
f 3226 3227 3039
f 3110 3226 3039
f 3109 3226 3110
f 3045 3229 3230
f 3229 3045 3044
f 3043 3229 3044
f 3228 3229 3043
f 3042 3228 3043
f 3041 3228 3042
f 3049 3231 3232
f 3231 3049 3048
f 3047 3231 3048
f 3230 3231 3047
f 3046 3230 3047
f 3045 3230 3046
f 3053 3233 3234
f 3233 3053 3052
f 3051 3233 3052
f 3232 3233 3051
f 3050 3232 3051
f 3049 3232 3050
f 3235 3236 3056
f 3055 3235 3056
f 3234 3235 3055
f 3054 3234 3055
f 3053 3234 3054
f 3236 3237 3058
f 3057 3236 3058
f 3056 3236 3057
f 3237 3238 3060
f 3059 3237 3060
f 3058 3237 3059
f 3238 3239 3062
f 3061 3238 3062
f 3060 3238 3061
f 3239 3240 3064
f 3063 3239 3064
f 3062 3239 3063
f 3240 3241 3066
f 3065 3240 3066
f 3064 3240 3065
f 3241 3242 3068
f 3067 3241 3068
f 3066 3241 3067
f 3242 3243 3070
f 3069 3242 3070
f 3068 3242 3069
f 3243 3244 3072
f 3071 3243 3072
f 3070 3243 3071
f 3244 3245 3074
f 3073 3244 3074
f 3072 3244 3073
f 3245 3246 3076
f 3075 3245 3076
f 3074 3245 3075
f 3246 3247 3078
f 3077 3246 3078
f 3076 3246 3077
f 3247 3248 3080
f 3079 3247 3080
f 3078 3247 3079
f 3248 3249 3082
f 3081 3248 3082
f 3080 3248 3081
f 3249 3250 3084
f 3083 3249 3084
f 3082 3249 3083
f 3250 3251 3086
f 3085 3250 3086
f 3084 3250 3085
f 3251 3252 3088
f 3087 3251 3088
f 3086 3251 3087
f 3252 3253 3090
f 3089 3252 3090
f 3088 3252 3089
f 3218 3095 3094
f 3093 3218 3094
f 3254 3218 3093
f 3092 3254 3093
f 3253 3254 3092
f 3091 3253 3092
f 3090 3253 3091
f 3255 3256 3257
f 3258 3255 3257
f 3158 3255 3258
f 3168 3158 3258
f 3162 3255 3158
f 3163 3161 3259
f 3260 3163 3259
f 3165 3163 3260
f 3261 3165 3260
f 3167 3165 3261
f 3262 3167 3261
f 3166 3167 3262
f 3263 3166 3262
f 3164 3166 3263
f 3264 3164 3263
f 3162 3164 3264
f 3265 3162 3264
f 3255 3162 3265
f 3256 3255 3265
f 3266 3267 3259
f 3161 3266 3259
f 3160 3266 3161
f 3118 3112 3115
f 3268 3269 3270
f 3159 3113 3112
f 3118 3159 3112
f 3160 3159 3118
f 3126 3160 3118
f 3266 3160 3126
f 3129 3144 3269
f 3268 3129 3269
f 3125 3129 3268
f 3271 3125 3268
f 3120 3125 3271
f 3272 3120 3271
f 3119 3120 3272
f 3273 3119 3272
f 3126 3119 3273
f 3274 3126 3273
f 3266 3126 3274
f 3267 3266 3274
f 3275 3276 3270
f 3269 3275 3270
f 3143 3275 3269
f 3144 3143 3269
f 3277 3278 3279
f 3142 3275 3143
f 3276 3275 3142
f 3131 3130 3278
f 3277 3131 3278
f 3134 3131 3277
f 3280 3134 3277
f 3139 3134 3280
f 3281 3139 3280
f 3146 3139 3281
f 3282 3146 3281
f 3140 3146 3282
f 3283 3140 3282
f 3135 3140 3283
f 3284 3135 3283
f 3136 3135 3284
f 3285 3136 3284
f 3141 3136 3285
f 3286 3141 3285
f 3142 3141 3286
f 3287 3142 3286
f 3276 3142 3287
f 3130 3172 3171
f 3288 3289 3290
f 3288 3279 3278
f 3130 3288 3278
f 3289 3288 3130
f 3171 3289 3130
f 3147 3137 3138
f 3172 3130 3133
f 3132 3172 3133
f 3187 3172 3132
f 3145 3187 3132
f 3217 3187 3145
f 3137 3217 3145
f 3194 3217 3137
f 3147 3194 3137
f 3150 3194 3147
f 3289 3171 3170
f 3291 3289 3170
f 3290 3289 3291
f 3292 3293 3294
f 3174 3173 3293
f 3292 3174 3293
f 3176 3174 3292
f 3295 3176 3292
f 3175 3176 3295
f 3296 3175 3295
f 3179 3175 3296
f 3297 3179 3296
f 3177 3179 3297
f 3298 3177 3297
f 3178 3177 3298
f 3299 3178 3298
f 3170 3178 3299
f 3291 3170 3299
f 3293 3173 3191
f 3300 3293 3191
f 3294 3293 3300
f 3301 3294 3300
f 3190 3300 3191
f 3302 3303 3304
f 3303 3190 3189
f 3190 3303 3302
f 3301 3190 3302
f 3300 3190 3301
f 3188 3303 3189
f 3304 3303 3188
f 3214 3213 3305
f 3306 3214 3305
f 3215 3214 3306
f 3307 3215 3306
f 3216 3215 3307
f 3308 3216 3307
f 3188 3216 3308
f 3309 3188 3308
f 3304 3188 3309
f 3196 3195 3310
f 3311 3196 3310
f 3209 3196 3311
f 3312 3209 3311
f 3210 3209 3312
f 3313 3210 3312
f 3211 3210 3313
f 3314 3211 3313
f 3213 3211 3314
f 3305 3213 3314
f 3203 3202 3315
f 3316 3203 3315
f 3204 3203 3316
f 3317 3204 3316
f 3205 3204 3317
f 3318 3205 3317
f 3201 3205 3318
f 3319 3201 3318
f 3200 3201 3319
f 3320 3200 3319
f 3199 3200 3320
f 3321 3199 3320
f 3198 3199 3321
f 3322 3198 3321
f 3197 3198 3322
f 3323 3197 3322
f 3195 3197 3323
f 3310 3195 3323
f 3324 3325 3326
f 3192 3212 3325
f 3324 3192 3325
f 3193 3192 3324
f 3327 3193 3324
f 3206 3193 3327
f 3328 3206 3327
f 3207 3206 3328
f 3329 3207 3328
f 3202 3207 3329
f 3315 3202 3329
f 3208 3325 3212
f 3330 3331 3332
f 3183 3184 3331
f 3330 3183 3331
f 3182 3183 3330
f 3333 3182 3330
f 3180 3182 3333
f 3334 3180 3333
f 3181 3180 3334
f 3335 3181 3334
f 3208 3181 3335
f 3336 3208 3335
f 3325 3208 3336
f 3326 3325 3336
f 3331 3184 3185
f 3337 3331 3185
f 3332 3331 3337
f 3338 3339 3337
f 3185 3338 3337
f 3186 3338 3185
f 3169 3338 3186
f 3340 3258 3257
f 3258 3169 3168
f 3169 3258 3340
f 3339 3169 3340
f 3338 3169 3339
f 3240 3239 3317
f 3316 3240 3317
f 3291 3288 3290
f 3280 3277 3279
f 3281 3280 3279
f 3317 3239 3238
f 3237 3317 3238
f 3318 3317 3237
f 3236 3318 3237
f 3319 3318 3236
f 3332 3337 3243
f 3242 3332 3243
f 3241 3332 3242
f 3324 3328 3327
f 3329 3328 3324
f 3326 3329 3324
f 3315 3329 3326
f 3336 3315 3326
f 3335 3315 3336
f 3299 3286 3285
f 3284 3299 3285
f 3332 3241 3240
f 3316 3332 3240
f 3330 3332 3316
f 3315 3330 3316
f 3333 3330 3315
f 3335 3333 3315
f 3334 3333 3335
f 3281 3279 3288
f 3291 3281 3288
f 3282 3281 3291
f 3299 3282 3291
f 3283 3282 3299
f 3284 3283 3299
f 3243 3256 3265
f 3274 3273 3272
f 3259 3274 3272
f 3267 3274 3259
f 3304 3312 3302
f 3261 3260 3251
f 3250 3261 3251
f 3340 3257 3256
f 3243 3340 3256
f 3339 3340 3243
f 3337 3339 3243
f 3310 3312 3311
f 3294 3301 3302
f 3312 3294 3302
f 3292 3294 3312
f 3310 3292 3312
f 3232 3323 3322
f 3320 3319 3236
f 3235 3320 3236
f 3321 3320 3235
f 3234 3321 3235
f 3322 3321 3234
f 3233 3322 3234
f 3232 3322 3233
f 3312 3304 3309
f 3308 3312 3309
f 3307 3312 3308
f 3287 3286 3220
f 3219 3287 3220
f 3276 3287 3219
f 3292 3310 3323
f 3232 3292 3323
f 3295 3292 3232
f 3231 3295 3232
f 3296 3295 3231
f 3230 3296 3231
f 3297 3296 3230
f 3229 3297 3230
f 3298 3297 3229
f 3228 3298 3229
f 3299 3298 3228
f 3227 3299 3228
f 3261 3250 3249
f 3248 3261 3249
f 3262 3261 3248
f 3247 3262 3248
f 3263 3262 3247
f 3246 3263 3247
f 3264 3263 3246
f 3245 3264 3246
f 3265 3264 3245
f 3244 3265 3245
f 3243 3265 3244
f 3276 3219 3218
f 3254 3276 3218
f 3270 3276 3254
f 3253 3270 3254
f 3252 3270 3253
f 3270 3252 3251
f 3260 3270 3251
f 3268 3270 3260
f 3259 3268 3260
f 3271 3268 3259
f 3272 3271 3259
f 3305 3314 3313
f 3312 3305 3313
f 3306 3305 3312
f 3307 3306 3312
f 3286 3223 3222
f 3221 3286 3222
f 3220 3286 3221
f 3299 3227 3226
f 3225 3299 3226
f 3286 3299 3225
f 3224 3286 3225
f 3223 3286 3224

