# https://github.com/mikedh/trimesh
v 0.16497090 -0.13950001 0.45486322
v 0.15521520 -0.13950001 0.45189664
v 0.16016170 -0.13950001 0.45300722
v 0.18407781 -0.13950001 0.47871953
v 0.18234251 -0.13950001 0.47312221
v 0.18395531 -0.13950001 0.47801161
v 0.16337782 -0.13950001 0.51884258
v 0.16966391 -0.13950001 0.51534402
v 0.16798000 -0.13950001 0.51652890
v 0.13968761 -0.13950001 0.51993471
v 0.13502911 -0.13950001 0.51813680
v 0.13054802 -0.13950001 0.51559669
v 0.13968761 -0.13950001 0.51993459
v 0.11765750 -0.13950001 0.49987784
v 0.12266180 -0.13950001 0.50830394
v 0.11997110 -0.13950001 0.50448006
v 0.17351031 -0.13950001 0.46057162
v 0.16517781 -0.13950001 0.45498043
v 0.16945200 -0.13950001 0.45740330
v 0.16028881 -0.13950001 0.51986140
v 0.15848841 -0.13950001 0.52045536
v 0.15341119 -0.13950001 0.52133369
v 0.12648970 -0.13950001 0.51242840
v 0.12293760 -0.13950001 0.50869584
v 0.13029730 -0.13950001 0.51540101
v 0.14479820 -0.13950001 0.45197603
v 0.13662221 -0.13950001 0.45415753
v 0.14151160 -0.13950001 0.45254472
v 0.18483381 -0.13950001 0.48308882
v 0.18500000 -0.13950001 0.48650002
v 0.18027841 -0.13950001 0.46901631
v 0.17729090 -0.13950001 0.50826502
v 0.17592841 -0.13950001 0.51001036
v 0.17219581 -0.13950001 0.51356238
v 0.17909670 -0.13950001 0.50595212
v 0.18249281 -0.13950001 0.49925300
v 0.18163681 -0.13950001 0.50147092
v 0.14486611 -0.13950001 0.52112162
v 0.13983831 -0.13950001 0.51999283
v 0.15000001 -0.13950001 0.52150005
v 0.15341119 -0.13950001 0.52133381
v 0.11745840 -0.13950001 0.49927413
v 0.13485441 -0.13950001 0.45504624
v 0.18002892 -0.13950001 0.46852002
v 0.17378651 -0.13950001 0.46086180
v 0.17706241 -0.13950001 0.46430421
v 0.18462160 -0.13950001 0.49163392
v 0.18349281 -0.13950001 0.49666172
v 0.18480781 -0.13950001 0.48910862
v 0.11516620 -0.13950001 0.48991123
v 0.11604471 -0.13950001 0.49498844
v 0.11596971 -0.13950001 0.47873253
v 0.11650721 -0.13950001 0.47633830
v 0.11836320 -0.13950001 0.47152913
v 0.13202001 -0.13950001 0.45647112
v 0.12625730 -0.13950001 0.46090972
v 0.12780420 -0.13950001 0.45943761
v 0.12090331 -0.13950001 0.46704802
v 0.12407161 -0.13950001 0.46298972
v 0.11977060 -0.13950001 0.46904624
v 0.14658882 -0.13950001 0.45166621
v 0.15000001 -0.13950001 0.45150003
v 0.15513390 -0.13950001 0.45187840
v 0.11500000 -0.13950001 0.48650002
v 0.11537841 -0.13950001 0.48136610
v 0.11512741 -0.13950001 0.48911414
v 0.20851091 0.18500000 0.29472911
v 0.26454401 0.18500000 0.24448441
v 0.25848490 0.18500000 0.23494101
v 0.20762861 0.18500000 0.29419541
v 0.20851091 0.18500000 0.31516671
v 0.24851091 0.18500000 0.31516671
v 0.24851091 0.18500000 0.29472911
v 0.24939331 0.18500000 0.29419541
v 0.20705111 0.18500000 0.22750461
v 0.22851090 0.18500000 0.22116672
v 0.21732281 0.18500000 0.22278431
v 0.26755399 0.18500000 0.26665720
v 0.26765189 0.18500000 0.25535321
v 0.26425841 0.18500000 0.27747050
v 0.25803491 0.18500000 0.28690761
v 0.24997081 0.18500000 0.22750461
v 0.23969902 0.18500000 0.22278431
v 0.19853701 0.18500000 0.23494101
v 0.19247781 0.18500000 0.24448441
v 0.18946782 0.18500000 0.26665720
v 0.19276351 0.18500000 0.27747050
v 0.19898701 0.18500000 0.28690761
v 0.18936992 0.18500000 0.25535321
v -0.14100991 -0.00320073 0.50150001
v -0.13149081 -0.02345114 0.50150001
v -0.13478650 -0.01263779 0.50150001
v -0.15053391 0.00462079 0.50150001
v -0.15053391 0.02505835 0.50150001
v -0.19053392 0.02505835 0.50150001
v -0.19053392 0.00462079 0.50150001
v -0.14965160 0.00408711 0.50150001
v -0.20967491 -0.03475515 0.50150001
v -0.20628130 -0.01263779 0.50150001
v -0.20957701 -0.02345114 0.50150001
v -0.13139291 -0.03475515 0.50150001
v -0.19141620 0.00408711 0.50150001
v -0.13450080 -0.04562395 0.50150001
v -0.14056000 -0.05516737 0.50150001
v -0.14907411 -0.06260376 0.50150001
v -0.20005780 -0.00320073 0.50150001
v -0.20656700 -0.04562395 0.50150001
v -0.20050780 -0.05516737 0.50150001
v -0.18172202 -0.06732406 0.50150001
v -0.17053391 -0.06894165 0.50150001
v -0.15934581 -0.06732406 0.50150001
v -0.19199371 -0.06260376 0.50150001
v 0.16498481 -0.14300001 0.51813018
v 0.16031271 -0.14300001 0.51993519
v 0.16017102 -0.14300001 0.51999003
v 0.15513362 -0.14300001 0.52112174
v 0.17350911 -0.14300001 0.51242942
v 0.16970341 -0.14300001 0.51540202
v 0.16946581 -0.14300001 0.51558757
v 0.18003641 -0.14300001 0.50446761
v 0.17733902 -0.14300001 0.50830454
v 0.17707251 -0.14300001 0.50868362
v 0.18396050 -0.14300001 0.49496743
v 0.18254112 -0.14300001 0.49927393
v 0.18234062 -0.14300001 0.49988231
v 0.18483491 -0.14300001 0.48989943
v 0.18487310 -0.14300001 0.48911414
v 0.13982899 -0.14300001 0.45301002
v 0.14478481 -0.14300001 0.45189673
v 0.14486641 -0.14300001 0.45187831
v 0.15000001 -0.14300001 0.45150003
v 0.18500000 -0.14300001 0.48650002
v 0.18462160 -0.14300001 0.48136571
v 0.18403150 -0.14300001 0.47873223
v 0.18350141 -0.14300001 0.47636682
v 0.18165281 -0.14300001 0.47156292
v 0.18022901 -0.14300001 0.46904632
v 0.17910801 -0.14300001 0.46706495
v 0.17594960 -0.14300001 0.46301311
v 0.17374301 -0.14300001 0.46090934
v 0.17222251 -0.14300001 0.45945951
v 0.17222251 -0.14300001 0.45945942
v 0.16800591 -0.14300001 0.45648661
v 0.16514561 -0.14300001 0.45504624
v 0.16339481 -0.14300001 0.45416462
v 0.15853322 -0.14300001 0.45255592
v 0.15520172 -0.14300001 0.45197591
v 0.15520172 -0.14300001 0.45197603
v 0.15343761 -0.14300001 0.45166883
v 0.13053420 -0.14300001 0.45741254
v 0.13482171 -0.14300001 0.45497963
v 0.13501520 -0.14300001 0.45486972
v 0.13501520 -0.14300001 0.45486984
v 0.12292750 -0.14300001 0.46431652
v 0.12621370 -0.14300001 0.46086192
v 0.12649091 -0.14300001 0.46057060
v 0.11765940 -0.14300001 0.47311783
v 0.11972071 -0.14300001 0.46901593
v 0.11996361 -0.14300001 0.46853244
v 0.11603950 -0.14300001 0.47803262
v 0.11592101 -0.14300001 0.47871932
v 0.11516511 -0.14300001 0.48310062
v 0.11500000 -0.14300001 0.48650002
v 0.11519230 -0.14300001 0.48910862
v 0.11537841 -0.14300001 0.49163434
v 0.11649860 -0.14300001 0.49663323
v 0.11750680 -0.14300001 0.49925333
v 0.11834721 -0.14300001 0.50143713
v 0.12089200 -0.14300001 0.50593513
v 0.12270861 -0.14300001 0.50826555
v 0.12405041 -0.14300001 0.50998694
v 0.12777750 -0.14300001 0.51354063
v 0.13033600 -0.14300001 0.51534444
v 0.13199410 -0.14300001 0.51651347
v 0.13660520 -0.14300001 0.51883543
v 0.13971069 -0.14300001 0.51986301
v 0.14146680 -0.14300001 0.52044398
v 0.14656231 -0.14300001 0.52133119
v 0.15000001 -0.14300001 0.52150005
v 0.20851091 0.13500001 0.31516671
v 0.24851091 0.13500001 0.31516671
v 0.20851091 0.13500001 0.31066671
v 0.20851091 0.13500001 0.29472911
v 0.24851091 0.13500001 0.29472911
v 0.24936922 0.13500001 0.29415923
v 0.25619152 0.13500001 0.28884563
v 0.25796664 0.13500001 0.28684700
v 0.25214502 0.13500001 0.29231620
v 0.26277161 0.13500001 0.28032541
v 0.26417583 0.13500001 0.27743053
v 0.26277161 0.13500001 0.28032529
v 0.25976092 0.13500001 0.28482670
v 0.26685959 0.13500001 0.27013412
v 0.26746371 0.13500001 0.26664162
v 0.26515910 0.13500001 0.27540302
v 0.26417583 0.13500001 0.27743042
v 0.26797542 0.13500001 0.25898600
v 0.26756340 0.13500001 0.25536332
v 0.26781201 0.13500001 0.26462743
v 0.26599109 0.13500001 0.24819691
v 0.26448253 0.13500001 0.24450961
v 0.26734501 0.13500001 0.25344330
v 0.26132059 0.13500001 0.23867181
v 0.25845113 0.13500001 0.23496711
v 0.26398310 0.13500001 0.24328901
v 0.25410452 0.13500001 0.23057951
v 0.24995711 0.13500001 0.22752312
v 0.25800982 0.13500001 0.23439752
v 0.23396771 0.13500001 0.22154540
v 0.22851090 0.13500001 0.22116672
v 0.23951212 0.13500001 0.22272952
v 0.24967071 0.13500001 0.22731201
v 0.24478021 0.13500001 0.22467262
v 0.23969440 0.13500001 0.22279672
v 0.21890871 0.13500001 0.22235140
v 0.21734670 0.13500001 0.22285801
v 0.22415532 0.13500001 0.22140740
v 0.20892031 0.13500001 0.22636701
v 0.20710151 0.13500001 0.22758020
v 0.21379581 0.13500001 0.22400972
v 0.20023490 0.13500001 0.23308551
v 0.19861171 0.13500001 0.23500420
v 0.20436910 0.13500001 0.22940290
v 0.19362821 0.13500001 0.24213402
v 0.19256741 0.13500001 0.24452421
v 0.19662541 0.13500001 0.23735191
v 0.18987641 0.13500001 0.25244251
v 0.18945691 0.13500001 0.25536573
v 0.19136530 0.13500001 0.24723291
v 0.18908122 0.13500001 0.26302132
v 0.18954821 0.13500001 0.26664680
v 0.18912300 0.13500001 0.25769150
v 0.19120662 0.13500001 0.27365330
v 0.19282982 0.13500001 0.27744213
v 0.18977201 0.13500001 0.26838353
v 0.19625640 0.13500001 0.28346831
v 0.19903961 0.13500001 0.28686452
v 0.19337551 0.13500001 0.27871594
v 0.20766132 0.13500001 0.29414764
v 0.20399711 0.13500001 0.29163960
v 0.19981551 0.13500001 0.28781119
v 0.24851091 0.13500001 0.31066671
v -0.15053391 0.02505835 0.45150003
v -0.19053392 0.02505835 0.45150003
v -0.20065941 -0.05499002 0.45150003
v -0.20049691 -0.05515674 0.45150003
v -0.19053392 0.00462079 0.45150003
v -0.19139922 0.00406083 0.45150003
v -0.19753440 -0.00061042 0.45150003
v -0.19999942 -0.00325518 0.45150003
v -0.19341591 0.00275586 0.45150003
v -0.20430061 -0.00894624 0.45150003
v -0.20622091 -0.01266898 0.45150003
v -0.20118971 -0.00453222 0.45150003
v -0.20863520 -0.01902272 0.45150003
v -0.20951821 -0.02346284 0.45150003
v -0.20680872 -0.01380856 0.45150003
v -0.21002841 -0.03011455 0.45150003
v -0.20961840 -0.03475014 0.45150003
v -0.20972271 -0.02449141 0.45150003
v -0.20953341 -0.03571033 0.45150003
v -0.20829751 -0.04102448 0.45150003
v -0.20654622 -0.04561601 0.45150003
v -0.20641871 -0.04595010 0.45150003
v -0.20386441 -0.05063911 0.45150003
v -0.19251631 -0.06225991 0.45150003
v -0.19197451 -0.06257013 0.45150003
v -0.19685692 -0.05889281 0.45150003
v -0.18248960 -0.06708887 0.45150003
v -0.18171041 -0.06727584 0.45150003
v -0.18770622 -0.06501368 0.45150003
v -0.17150322 -0.06892984 0.45150003
v -0.17053621 -0.06888825 0.45150003
v -0.17696382 -0.06841482 0.45150003
v -0.16093171 -0.06775697 0.45150003
v -0.15936971 -0.06725036 0.45150003
v -0.16617830 -0.06870092 0.45150003
v -0.15094331 -0.06374130 0.45150003
v -0.14912450 -0.06252810 0.45150003
v -0.15581881 -0.06609859 0.45150003
v -0.14225791 -0.05702283 0.45150003
v -0.14063461 -0.05510418 0.45150003
v -0.14639211 -0.06070540 0.45150003
v -0.13565120 -0.04797436 0.45150003
v -0.13459040 -0.04558419 0.45150003
v -0.13864842 -0.05275642 0.45150003
v -0.13189940 -0.03766582 0.45150003
v -0.13147990 -0.03474266 0.45150003
v -0.13338831 -0.04287545 0.45150003
v -0.13110410 -0.02708708 0.45150003
v -0.13157120 -0.02346151 0.45150003
v -0.13114600 -0.03241679 0.45150003
v -0.13322960 -0.01645503 0.45150003
v -0.13485281 -0.01266621 0.45150003
v -0.13179500 -0.02172484 0.45150003
v -0.13827941 -0.00664006 0.45150003
v -0.14106262 -0.00324386 0.45150003
v -0.13539851 -0.01139243 0.45150003
v -0.14968431 0.00403928 0.45150003
v -0.15053391 0.00462079 0.45150003
v -0.14602001 0.00153126 0.45150003
v -0.14183840 -0.00229710 0.45150003
v -0.19053392 0.02055835 0.45150003
v -0.15053391 0.02055835 0.45150003
v 0.14699990 0.11000001 0.43322381
v 0.14650001 0.11000001 0.43150002
v 0.14687450 0.11000001 0.43307513
v 0.15208021 0.11000001 0.42868552
v 0.14827621 0.11000001 0.42849994
v 0.14718550 0.11000001 0.42941982
v 0.14703311 0.11000001 0.42977741
v 0.14655021 0.11000001 0.43091032
v 0.14703311 0.11000001 0.42977732
v 0.14791980 0.11000001 0.43431455
v 0.15172380 0.11000001 0.43450010
v 0.15281451 0.11000001 0.43358022
v 0.15296692 0.11000001 0.43322271
v 0.15058972 0.11000001 0.42805022
v 0.15000001 0.11000001 0.42800003
v 0.14842491 0.11000001 0.42837453
v 0.15172271 0.11000001 0.42853314
v 0.14941031 0.11000001 0.43494982
v 0.15000001 0.11000001 0.43500003
v 0.15157512 0.11000001 0.43462551
v 0.14827730 0.11000001 0.43446690
v 0.15300012 0.11000001 0.42977622
v 0.15312551 0.11000001 0.42992491
v 0.15344980 0.11000001 0.43208972
v 0.15350001 0.11000001 0.43150002
v 0.10409240 0.11000001 0.51700014
v 0.10236860 0.11000001 0.51750004
v 0.10394371 0.11000001 0.51712549
v 0.10064601 0.11000001 0.51696694
v 0.09936854 0.11000001 0.51572382
v 0.10028841 0.11000001 0.51681453
v 0.10409131 0.11000001 0.51103312
v 0.10536870 0.11000001 0.51227623
v 0.10444880 0.11000001 0.51118553
v 0.10079351 0.11000001 0.51087451
v 0.10295830 0.11000001 0.51055020
v 0.10236860 0.11000001 0.51050001
v 0.10064480 0.11000001 0.51099992
v 0.09955405 0.11000001 0.51191980
v 0.09891883 0.11000001 0.51341033
v 0.09886860 0.11000001 0.51400000
v 0.09924307 0.11000001 0.51557511
v 0.09940168 0.11000001 0.51227742
v 0.09940168 0.11000001 0.51227731
v 0.10177890 0.11000001 0.51744986
v 0.10581841 0.11000001 0.51458973
v 0.10586860 0.11000001 0.51400000
v 0.10549410 0.11000001 0.51242495
v 0.10533551 0.11000001 0.51572263
v 0.10533551 0.11000001 0.51572275
v 0.10518310 0.11000001 0.51608020
v 0.13688551 -0.14300001 0.43329242
v 0.15000001 -0.14300001 0.43170002
v 0.12453321 -0.14300001 0.43797702
v 0.17546681 -0.14300001 0.43797702
v 0.16311450 -0.14300001 0.43329242
v 0.16031271 -0.14300001 0.51993531
v 0.17546681 -0.14300001 0.53502291
v 0.16311450 -0.14300001 0.53970760
v 0.20123892 -0.14300001 0.50593233
v 0.19509952 -0.14300001 0.51762992
v 0.18633911 -0.14300001 0.44548163
v 0.11366090 -0.14300001 0.44548163
v 0.12621370 -0.14300001 0.46086201
v 0.10490050 -0.14300001 0.45537001
v 0.17546681 -0.14300001 0.53502303
v 0.18633911 -0.14300001 0.52751839
v 0.20440051 -0.14300001 0.49310544
v 0.09876111 -0.14300001 0.50593233
v 0.10490050 -0.14300001 0.51762992
v 0.12453321 -0.14300001 0.53502303
v 0.12453321 -0.14300001 0.53502291
v 0.13688551 -0.14300001 0.53970760
v 0.15000001 -0.14300001 0.54130000
v 0.20123892 -0.14300001 0.46706772
v 0.20440051 -0.14300001 0.47989461
v 0.19509952 -0.14300001 0.45537001
v 0.09876111 -0.14300001 0.46706772
v 0.09559957 -0.14300001 0.49310544
v 0.11366090 -0.14300001 0.52751839
v 0.09559957 -0.14300001 0.47989461
v 0.26051092 0.13500001 0.22866671
v 0.27851090 0.13500001 0.29266670
v 0.27851090 0.13500001 0.22866671
v 0.26051092 0.13500001 0.29266670
v 0.26051092 0.13500001 0.21066672
v 0.17851090 0.13500001 0.22866671
v 0.19651091 0.13500001 0.31066671
v 0.19651091 0.13500001 0.29266670
v 0.26051092 0.13500001 0.31066671
v 0.19651091 0.13500001 0.22866671
v 0.19651091 0.13500001 0.21066672
v 0.17851090 0.13500001 0.29266670
v -0.20253392 0.00255835 0.45150003
v -0.22053392 0.00255835 0.45150003
v -0.22053392 -0.06144165 0.45150003
v -0.20253392 -0.07944165 0.45150003
v -0.20253392 -0.06144165 0.45150003
v -0.12053391 -0.06144165 0.45150003
v -0.13853391 0.02055835 0.45150003
v -0.13853391 0.00255835 0.45150003
v -0.20253392 0.02055835 0.45150003
v -0.13853391 -0.07944165 0.45150003
v -0.13853391 -0.06144165 0.45150003
v -0.12053391 0.00255835 0.45150003
v 0.19590871 0.11000001 0.51696694
v 0.19463131 0.11000001 0.51572382
v 0.19555120 0.11000001 0.51681453
v 0.19935401 0.11000001 0.51103312
v 0.20063151 0.11000001 0.51227623
v 0.19971161 0.11000001 0.51118553
v 0.19481690 0.11000001 0.51191980
v 0.19590761 0.11000001 0.51099992
v 0.19763140 0.11000001 0.51050001
v 0.19605632 0.11000001 0.51087451
v 0.19822110 0.11000001 0.51055020
v 0.19763140 0.11000001 0.51750004
v 0.19920650 0.11000001 0.51712549
v 0.19935520 0.11000001 0.51700014
v 0.19704171 0.11000001 0.51744986
v 0.19418161 0.11000001 0.51341033
v 0.19413140 0.11000001 0.51400000
v 0.19450592 0.11000001 0.51557511
v 0.19466451 0.11000001 0.51227742
v 0.19466451 0.11000001 0.51227731
v 0.20108122 0.11000001 0.51458973
v 0.20113140 0.11000001 0.51400000
v 0.20075691 0.11000001 0.51242495
v 0.20059830 0.11000001 0.51572263
v 0.20059830 0.11000001 0.51572275
v 0.20044592 0.11000001 0.51608020
v 0.15000001 0.11200000 0.43500003
v 0.15059552 0.11200000 0.43494961
v 0.15172291 0.11200000 0.43446773
v 0.15208201 0.11200000 0.43431422
v 0.15300050 0.11200000 0.43322423
v 0.15312551 0.11200000 0.43307590
v 0.15350001 0.11200000 0.43150002
v 0.15344971 0.11200000 0.43090481
v 0.15296762 0.11200000 0.42977712
v 0.15281411 0.11200000 0.42941794
v 0.15172420 0.11200000 0.42849961
v 0.15157540 0.11200000 0.42837432
v 0.15000001 0.11200000 0.42800003
v 0.14940450 0.11200000 0.42805043
v 0.14827710 0.11200000 0.42853230
v 0.14791800 0.11200000 0.42868581
v 0.14699951 0.11200000 0.42977580
v 0.14687450 0.11200000 0.42992413
v 0.14650001 0.11200000 0.43150002
v 0.14655030 0.11200000 0.43209523
v 0.14703240 0.11200000 0.43322292
v 0.14718591 0.11200000 0.43358213
v 0.14827581 0.11200000 0.43450043
v 0.14842461 0.11200000 0.43462572
v 0.10236860 0.11200000 0.51750004
v 0.10296411 0.11200000 0.51744962
v 0.10409150 0.11200000 0.51696771
v 0.10445061 0.11200000 0.51681423
v 0.10445061 0.11200000 0.51681411
v 0.10536911 0.11200000 0.51572418
v 0.10549410 0.11200000 0.51557595
v 0.10586860 0.11200000 0.51400000
v 0.10581830 0.11200000 0.51340479
v 0.10533620 0.11200000 0.51227713
v 0.10518271 0.11200000 0.51191795
v 0.10409280 0.11200000 0.51099962
v 0.10394400 0.11200000 0.51087433
v 0.10236860 0.11200000 0.51050001
v 0.10177311 0.11200000 0.51055044
v 0.10064571 0.11200000 0.51103228
v 0.10028660 0.11200000 0.51118582
v 0.09936813 0.11200000 0.51227582
v 0.09924312 0.11200000 0.51242411
v 0.09886860 0.11200000 0.51400000
v 0.09891896 0.11200000 0.51459521
v 0.09940097 0.11200000 0.51572293
v 0.09955453 0.11200000 0.51608211
v 0.10064451 0.11200000 0.51700044
v 0.10079321 0.11200000 0.51712573
v 0.13811181 -0.13950001 0.53999519
v 0.13690120 -0.13950001 0.53965229
v 0.14422330 -0.13950001 0.54099512
v 0.12619761 -0.13950001 0.53586143
v 0.12456981 -0.13950001 0.53495699
v 0.12619761 -0.13950001 0.53586155
v 0.13206780 -0.13950001 0.53828335
v 0.11544701 -0.13950001 0.52903491
v 0.11371131 -0.13950001 0.52746272
v 0.12066901 -0.13950001 0.53278983
v 0.12456981 -0.13950001 0.53495711
v 0.10680430 -0.13950001 0.52022326
v 0.10498060 -0.13950001 0.51757485
v 0.11109301 -0.13950001 0.52509135
v 0.10002350 -0.13950001 0.50898170
v 0.09885225 -0.13950001 0.50589782
v 0.10309291 -0.13950001 0.51483363
v 0.09620401 -0.13950001 0.49694201
v 0.09569041 -0.13950001 0.49309331
v 0.09769804 -0.13950001 0.50285864
v 0.09525336 -0.13950001 0.48407671
v 0.09567430 -0.13950001 0.47990212
v 0.09525336 -0.13950001 0.48407683
v 0.09534743 -0.13950001 0.49052322
v 0.09722187 -0.13950001 0.47174972
v 0.09881544 -0.13950001 0.46708623
v 0.09587137 -0.13950001 0.47794753
v 0.10197900 -0.13950001 0.46009752
v 0.10493471 -0.13950001 0.45539162
v 0.09922885 -0.13950001 0.46587643
v 0.10940021 -0.13950001 0.44969314
v 0.11367811 -0.13950001 0.44549912
v 0.10536151 -0.13950001 0.45471212
v 0.11920121 -0.13950001 0.44117364
v 0.12454131 -0.13950001 0.43799073
v 0.11400641 -0.13950001 0.44517732
v 0.11367811 -0.13950001 0.44549924
v 0.13069162 -0.13950001 0.43521422
v 0.13688831 -0.13950001 0.43330154
v 0.12479220 -0.13950001 0.43784112
v 0.14356670 -0.13950001 0.43207863
v 0.15000001 -0.13950001 0.43170002
v 0.13704881 -0.13950001 0.43325204
v 0.16188821 -0.13950001 0.43300483
v 0.16309881 -0.13950001 0.43334770
v 0.15577671 -0.13950001 0.43200493
v 0.17380241 -0.13950001 0.43713862
v 0.17543021 -0.13950001 0.43804303
v 0.17380241 -0.13950001 0.43713850
v 0.16793221 -0.13950001 0.43471673
v 0.18455300 -0.13950001 0.44396511
v 0.18628870 -0.13950001 0.44553730
v 0.17933100 -0.13950001 0.44021031
v 0.19319570 -0.13950001 0.45277682
v 0.19501941 -0.13950001 0.45542523
v 0.18890701 -0.13950001 0.44790870
v 0.19997650 -0.13950001 0.46401834
v 0.20114781 -0.13950001 0.46710232
v 0.19690712 -0.13950001 0.45816642
v 0.20379601 -0.13950001 0.47605804
v 0.20430961 -0.13950001 0.47990674
v 0.20230201 -0.13950001 0.47014141
v 0.20474660 -0.13950001 0.48892334
v 0.20432571 -0.13950001 0.49309793
v 0.20465261 -0.13950001 0.48247683
v 0.20277821 -0.13950001 0.50125033
v 0.20118462 -0.13950001 0.50591379
v 0.20412861 -0.13950001 0.49505252
v 0.19802101 -0.13950001 0.51290256
v 0.19506532 -0.13950001 0.51760852
v 0.20077111 -0.13950001 0.50712353
v 0.19059980 -0.13950001 0.52330685
v 0.18632191 -0.13950001 0.52750081
v 0.19463852 -0.13950001 0.51828808
v 0.18079880 -0.13950001 0.53182644
v 0.17545870 -0.13950001 0.53500932
v 0.18599361 -0.13950001 0.52782273
v 0.18599361 -0.13950001 0.52782285
v 0.16930841 -0.13950001 0.53778583
v 0.16311170 -0.13950001 0.53969854
v 0.17520781 -0.13950001 0.53515887
v 0.16295122 -0.13950001 0.53974801
v 0.15643331 -0.13950001 0.54092139
v 0.15000001 -0.13950001 0.54130000
v 0.26051092 0.01100000 0.21066672
v 0.19651091 0.01100000 0.21066672
v 0.26051092 0.01100000 0.22866671
v 0.27851090 0.01100000 0.22866671
v 0.27851090 0.01100000 0.29266670
v 0.26051092 0.01100000 0.29266670
v 0.26051092 0.01100000 0.31066671
v 0.19651091 0.01100000 0.31066671
v 0.19651091 0.01100000 0.29266670
v 0.17851090 0.01100000 0.29266670
v 0.17851090 0.01100000 0.22866671
v 0.19651091 0.01100000 0.22866671
v -0.22053392 0.00255835 0.32750002
v -0.22053392 -0.06144165 0.32750002
v -0.20253392 0.00255835 0.32750002
v -0.20253392 0.02055835 0.32750002
v -0.13853391 0.02055835 0.32750002
v -0.13853391 0.00255835 0.32750002
v -0.12053391 0.00255835 0.32750002
v -0.12053391 -0.06144165 0.32750002
v -0.13853391 -0.06144165 0.32750002
v -0.13853391 -0.07944165 0.32750002
v -0.20253392 -0.07944165 0.32750002
v -0.20253392 -0.06144165 0.32750002
v 0.19763140 0.11200000 0.51750004
v 0.19822691 0.11200000 0.51744962
v 0.19935431 0.11200000 0.51696771
v 0.19971341 0.11200000 0.51681423
v 0.19971341 0.11200000 0.51681411
v 0.20063190 0.11200000 0.51572418
v 0.20075691 0.11200000 0.51557595
v 0.20113140 0.11200000 0.51400000
v 0.20108111 0.11200000 0.51340479
v 0.20059901 0.11200000 0.51227713
v 0.20044550 0.11200000 0.51191795
v 0.19935551 0.11200000 0.51099962
v 0.19920681 0.11200000 0.51087433
v 0.19763140 0.11200000 0.51050001
v 0.19703591 0.11200000 0.51055044
v 0.19590850 0.11200000 0.51103228
v 0.19554940 0.11200000 0.51118582
v 0.19463092 0.11200000 0.51227582
v 0.19450592 0.11200000 0.51242411
v 0.19413140 0.11200000 0.51400000
v 0.19418171 0.11200000 0.51459521
v 0.19466381 0.11200000 0.51572293
v 0.19481732 0.11200000 0.51608211
v 0.19590731 0.11200000 0.51700044
v 0.19605601 0.11200000 0.51712573
v 0.14467721 0.11200000 0.44071954
v 0.15000001 0.11200000 0.44214571
v 0.14078051 0.11200000 0.43682292
v 0.15532281 0.11200000 0.44071954
v 0.15921950 0.11200000 0.43682292
v 0.13935430 0.11200000 0.43150002
v 0.14078051 0.11200000 0.42617711
v 0.14078051 0.11200000 0.42617720
v 0.14467721 0.11200000 0.42228064
v 0.15921950 0.11200000 0.42617720
v 0.15532281 0.11200000 0.42228052
v 0.14467721 0.11200000 0.42228052
v 0.15000001 0.11200000 0.42085433
v 0.15532281 0.11200000 0.42228064
v 0.15921950 0.11200000 0.42617711
v 0.16064571 0.11200000 0.43150002
v 0.09704576 0.11200000 0.52321953
v 0.10236860 0.11200000 0.52464569
v 0.09314915 0.11200000 0.51932287
v 0.10769150 0.11200000 0.52321953
v 0.11158811 0.11200000 0.51932287
v 0.09172291 0.11200000 0.51400000
v 0.09314915 0.11200000 0.50867712
v 0.09704576 0.11200000 0.50478053
v 0.11158811 0.11200000 0.50867712
v 0.10769150 0.11200000 0.50478053
v 0.10236860 0.11200000 0.50335431
v 0.11301430 0.11200000 0.51400000
v 0.12459471 -0.13950001 0.39997742
v 0.18351480 -0.13950001 0.57021588
v 0.16706580 -0.13950001 0.57504582
v 0.10867930 -0.13950001 0.40634891
v 0.19875251 -0.13950001 0.56236035
v 0.19875251 -0.13950001 0.56236047
v 0.21222812 -0.13950001 0.55176300
v 0.21815000 -0.13950001 0.42744771
v 0.22809421 -0.13950001 0.44141230
v 0.09425727 -0.13950001 0.41561732
v 0.07654531 -0.13950001 0.53880692
v 0.06797359 -0.13950001 0.52396023
v 0.06236652 -0.13950001 0.50775963
v 0.08777188 -0.13950001 0.55176300
v 0.22345471 -0.13950001 0.53880692
v 0.23521581 -0.13950001 0.45700651
v 0.19132070 -0.13950001 0.40634891
v 0.20574272 -0.13950001 0.41561732
v 0.17540531 -0.13950001 0.39997742
v 0.08184999 -0.13950001 0.42744771
v 0.10124750 -0.13950001 0.56236035
v 0.11648520 -0.13950001 0.57021588
v 0.10124750 -0.13950001 0.56236047
v 0.23925751 -0.13950001 0.47366670
v 0.05992675 -0.13950001 0.49079072
v 0.13293421 -0.13950001 0.57504582
v 0.15857171 -0.13950001 0.39673293
v 0.15000001 -0.13950001 0.39632460
v 0.14142831 -0.13950001 0.39673293
v 0.23202641 -0.13950001 0.52396023
v 0.07190584 -0.13950001 0.44141230
v 0.06478419 -0.13950001 0.45700651
v 0.15000001 -0.13950001 0.57667542
v 0.06074247 -0.13950001 0.47366670
v 0.23763351 -0.13950001 0.50775963
v 0.24007320 -0.13950001 0.49079072
v 0.12220901 -0.16300000 0.35572192
v 0.13730010 -0.16300000 0.35340610
v 0.14104691 -0.16300000 0.39061552
v 0.13258800 -0.16300000 0.39178613
v 0.13014030 -0.16300000 0.39234933
v 0.12425721 -0.16300000 0.39370301
v 0.10208980 -0.16300000 0.36168063
v 0.10074311 -0.16300000 0.40374893
v 0.09360319 -0.16300000 0.40844050
v 0.06585831 -0.16300000 0.38259894
v 0.08315079 -0.16300000 0.37071383
v 0.10187211 -0.16300000 0.40314302
v 0.08939312 -0.16300000 0.41177580
v 0.08690397 -0.16300000 0.41374782
v 0.05063831 -0.16300000 0.39704323
v 0.08070515 -0.16300000 0.41962573
v 0.07504715 -0.16300000 0.42603502
v 0.07143815 -0.16300000 0.43080413
v 0.04108728 -0.16300000 0.40895462
v 0.07504715 -0.16300000 0.42603493
v 0.07840390 -0.16300000 0.42223254
v 0.11613401 -0.16300000 0.39634982
v 0.11556771 -0.16300000 0.39659172
v 0.10827260 -0.16300000 0.39970860
v 0.17351091 0.01100000 0.31566671
v 0.28351089 0.01100000 0.31566671
v 0.28351089 0.01100000 0.20566671
v 0.17351091 0.01100000 0.20566671
v -0.12563401 -0.08444166 0.32750002
v -0.12032931 -0.07964624 0.32750002
v -0.21543382 -0.08444166 0.32750002
v -0.22073850 -0.07964624 0.32750002
v -0.22553392 -0.07434156 0.32750002
v -0.22553392 0.01545823 0.32750002
v -0.22073850 0.02076293 0.32750002
v -0.21543382 0.02555835 0.32750002
v -0.12563401 0.02555835 0.32750002
v -0.12032931 0.02076293 0.32750002
v -0.11553390 0.01545823 0.32750002
v -0.11553390 -0.07434156 0.32750002
v 0.19230852 0.11200000 0.52321953
v 0.19763140 0.11200000 0.52464569
v 0.18841191 0.11200000 0.51932287
v 0.20295431 0.11200000 0.52321953
v 0.20685092 0.11200000 0.51932287
v 0.18698572 0.11200000 0.51400000
v 0.18841191 0.11200000 0.50867712
v 0.19230852 0.11200000 0.50478053
v 0.20685092 0.11200000 0.50867712
v 0.20295431 0.11200000 0.50478053
v 0.19763140 0.11200000 0.50335431
v 0.20827711 0.11200000 0.51400000
v 0.15936020 0.11000001 0.42642853
v 0.15919191 0.11000001 0.42619723
v 0.14713761 0.11000001 0.44175383
v 0.15000001 0.11000001 0.44214571
v 0.14468621 0.11000001 0.44069842
v 0.14451911 0.11000001 0.44062641
v 0.14229801 0.11000001 0.43884924
v 0.13935491 0.11000001 0.43161264
v 0.13971820 0.11000001 0.43426022
v 0.14063981 0.11000001 0.43657151
v 0.14080811 0.11000001 0.43680280
v 0.13971531 0.11000001 0.42875090
v 0.13936891 0.11000001 0.43150184
v 0.14469001 0.11000001 0.42229781
v 0.14256591 0.11000001 0.42387992
v 0.14081281 0.11000001 0.42612150
v 0.14078830 0.11000001 0.42618042
v 0.13971531 0.11000001 0.42875081
v 0.14482801 0.11000001 0.42219502
v 0.14482801 0.11000001 0.42219490
v 0.14734641 0.11000001 0.42119020
v 0.15286240 0.11000001 0.42124620
v 0.15000001 0.11000001 0.42085433
v 0.15770200 0.11000001 0.42415079
v 0.15548091 0.11000001 0.42237362
v 0.15531380 0.11000001 0.42230162
v 0.16064510 0.11000001 0.43138731
v 0.16063111 0.11000001 0.43149823
v 0.16028181 0.11000001 0.42873982
v 0.16028471 0.11000001 0.43424922
v 0.15921171 0.11000001 0.43681964
v 0.15918720 0.11000001 0.43687841
v 0.15743411 0.11000001 0.43912011
v 0.15265360 0.11000001 0.44180983
v 0.15517201 0.11000001 0.44080502
v 0.15517201 0.11000001 0.44080514
v 0.15531000 0.11000001 0.44070232
v 0.11172890 0.11000001 0.50892854
v 0.11156051 0.11000001 0.50869721
v 0.09950621 0.11000001 0.52425379
v 0.10236860 0.11000001 0.52464569
v 0.09705482 0.11000001 0.52319843
v 0.09688771 0.11000001 0.52312642
v 0.09466656 0.11000001 0.52134919
v 0.09172351 0.11000001 0.51411271
v 0.09208684 0.11000001 0.51676023
v 0.09300835 0.11000001 0.51907152
v 0.09317674 0.11000001 0.51930285
v 0.09208387 0.11000001 0.51125091
v 0.09173746 0.11000001 0.51400179
v 0.09705856 0.11000001 0.50479782
v 0.09493448 0.11000001 0.50638002
v 0.09318142 0.11000001 0.50862163
v 0.09315687 0.11000001 0.50868034
v 0.09315687 0.11000001 0.50868040
v 0.09719658 0.11000001 0.50469494
v 0.09971503 0.11000001 0.50369018
v 0.10523101 0.11000001 0.50374621
v 0.10236860 0.11000001 0.50335431
v 0.11007071 0.11000001 0.50665081
v 0.10784951 0.11000001 0.50487363
v 0.10768241 0.11000001 0.50480163
v 0.11301371 0.11000001 0.51388735
v 0.11299980 0.11000001 0.51399827
v 0.11265040 0.11000001 0.51123983
v 0.11265330 0.11000001 0.51674908
v 0.11158040 0.11000001 0.51931971
v 0.11155581 0.11000001 0.51937842
v 0.11158040 0.11000001 0.51931959
v 0.10980270 0.11000001 0.52162004
v 0.10502221 0.11000001 0.52430981
v 0.10754061 0.11000001 0.52330512
v 0.10767860 0.11000001 0.52320224
v 0.10767860 0.11000001 0.52320230
v -0.02256597 -0.06945090 0.12450001
v 0.00763319 -0.07262497 0.12450001
v -0.00763319 -0.07262497 0.12450001
v -0.00763319 0.07262497 0.12450001
v 0.00763319 0.07262497 0.12450001
v 0.02256597 0.06945090 0.12450001
v 0.04886326 0.05426815 0.12450001
v 0.05907846 0.04292302 0.12450001
v 0.06671165 0.02970194 0.12450001
v 0.03651250 0.06324150 0.12450001
v -0.04886326 -0.05426815 0.12450001
v -0.05907846 -0.04292302 0.12450001
v -0.06671165 -0.02970194 0.12450001
v -0.04886326 0.05426815 0.12450001
v -0.07142923 -0.01518275 0.12450001
v -0.07302500 -0.00000000 0.12450001
v -0.05907846 0.04292302 0.12450001
v -0.07142923 0.01518275 0.12450001
v -0.06671165 0.02970194 0.12450001
v -0.03651250 0.06324150 0.12450001
v -0.02256597 0.06945090 0.12450001
v -0.03651250 -0.06324150 0.12450001
v 0.07142923 0.01518275 0.12450001
v 0.07302500 0.00000000 0.12450001
v 0.07142923 -0.01518275 0.12450001
v 0.06671165 -0.02970194 0.12450001
v 0.04886326 -0.05426815 0.12450001
v 0.03651250 -0.06324150 0.12450001
v 0.02256597 -0.06945090 0.12450001
v 0.05907846 -0.04292302 0.12450001
v 0.11649440 -0.13500001 0.57021976
v 0.11648540 -0.13500001 0.57021552
v 0.14765111 -0.13500001 0.57664508
v 0.13984141 -0.13500001 0.57610214
v 0.13294001 -0.13500001 0.57500899
v 0.13198981 -0.13500001 0.57485855
v 0.12414911 -0.13500001 0.57289064
v 0.11649440 -0.13500001 0.57021964
v 0.10195240 -0.13500001 0.56280881
v 0.10126700 -0.13500001 0.56233227
v 0.10907371 -0.13500001 0.56685323
v 0.08888071 -0.13500001 0.55280268
v 0.08781237 -0.13500001 0.55172306
v 0.09520086 -0.13500001 0.55811471
v 0.07776590 -0.13500001 0.54048014
v 0.07660505 -0.13500001 0.53876644
v 0.08305065 -0.13500001 0.54691029
v 0.08781237 -0.13500001 0.55172294
v 0.06903415 -0.13500001 0.52620065
v 0.06804873 -0.13500001 0.52392763
v 0.07307791 -0.13500001 0.53355956
v 0.06304368 -0.13500001 0.51037884
v 0.06245300 -0.13500001 0.50774032
v 0.06567794 -0.13500001 0.51845926
v 0.06011768 -0.13500001 0.49377382
v 0.06001377 -0.13500001 0.49078771
v 0.06116239 -0.13500001 0.50197524
v 0.06116239 -0.13500001 0.50197536
v 0.06029588 -0.13500001 0.47728541
v 0.06082774 -0.13500001 0.47367930
v 0.05983004 -0.13500001 0.48550802
v 0.06333120 -0.13500001 0.46159783
v 0.06486771 -0.13500001 0.45703462
v 0.06145268 -0.13500001 0.46944213
v 0.06920705 -0.13500001 0.44644871
v 0.07197433 -0.13500001 0.44145021
v 0.06592050 -0.13500001 0.45390800
v 0.07778868 -0.13500001 0.43248951
v 0.08189924 -0.13500001 0.42748821
v 0.07317147 -0.13500001 0.43928793
v 0.08885134 -0.13500001 0.42022443
v 0.09428807 -0.13500001 0.41565400
v 0.08302755 -0.13500001 0.42611539
v 0.08189924 -0.13500001 0.42748812
v 0.10208120 -0.13500001 0.41011032
v 0.10869571 -0.13500001 0.40637812
v 0.09521811 -0.13500001 0.41487211
v 0.11708911 -0.13500001 0.40254483
v 0.12460241 -0.13500001 0.40000013
v 0.10938951 -0.13500001 0.40598673
v 0.12511840 -0.13500001 0.39982530
v 0.13354331 -0.13500001 0.39783901
v 0.14143011 -0.13500001 0.39674580
v 0.14173700 -0.13500001 0.39670321
v 0.15234892 -0.13500001 0.39635503
v 0.15856791 -0.13500001 0.39678743
v 0.15000001 -0.13500001 0.39632460
v 0.16015860 -0.13500001 0.39689791
v 0.16801021 -0.13500001 0.39814141
v 0.17540061 -0.13500001 0.39999643
v 0.17585091 -0.13500001 0.40010941
v 0.19092631 -0.13500001 0.40614679
v 0.19131140 -0.13500001 0.40636539
v 0.18350561 -0.13500001 0.40278041
v 0.20479912 -0.13500001 0.41488534
v 0.20571272 -0.13500001 0.41565314
v 0.19804762 -0.13500001 0.41019121
v 0.19131140 -0.13500001 0.40636551
v 0.21694930 -0.13500001 0.42608970
v 0.21809952 -0.13500001 0.42748922
v 0.21111931 -0.13500001 0.42019731
v 0.22692211 -0.13500001 0.43944052
v 0.22802621 -0.13500001 0.44144973
v 0.22223412 -0.13500001 0.43251991
v 0.23432212 -0.13500001 0.45454082
v 0.23513451 -0.13500001 0.45703301
v 0.23096591 -0.13500001 0.44679943
v 0.23883761 -0.13500001 0.47102484
v 0.23917551 -0.13500001 0.47367722
v 0.23883761 -0.13500001 0.47102472
v 0.23695631 -0.13500001 0.46262121
v 0.24017002 -0.13500001 0.48749202
v 0.23998341 -0.13500001 0.49078563
v 0.23988231 -0.13500001 0.47922623
v 0.23854731 -0.13500001 0.50355792
v 0.23754610 -0.13500001 0.50773871
v 0.23970412 -0.13500001 0.49571463
v 0.23407951 -0.13500001 0.51909202
v 0.23194951 -0.13500001 0.52392632
v 0.23666881 -0.13500001 0.51140219
v 0.22682852 -0.13500001 0.53371215
v 0.22339562 -0.13500001 0.53876674
v 0.22682852 -0.13500001 0.53371227
v 0.23079301 -0.13500001 0.52655131
v 0.21697251 -0.13500001 0.54688472
v 0.21218851 -0.13500001 0.55172384
v 0.21697251 -0.13500001 0.54688460
v 0.22221132 -0.13500001 0.54051054
v 0.22221132 -0.13500001 0.54051065
v 0.20478192 -0.13500001 0.55812794
v 0.19872952 -0.13500001 0.56232727
v 0.21114871 -0.13500001 0.55277562
v 0.19061051 -0.13500001 0.56701332
v 0.18350340 -0.13500001 0.57019031
v 0.19061051 -0.13500001 0.56701320
v 0.19791880 -0.13500001 0.56288981
v 0.17488150 -0.13500001 0.57317472
v 0.16705950 -0.13500001 0.57501894
v 0.18291092 -0.13500001 0.57045525
v 0.16645661 -0.13500001 0.57516104
v 0.15826301 -0.13500001 0.57629675
v 0.15826301 -0.13500001 0.57629687
v 0.15000001 -0.13500001 0.57667542
v 0.14104691 -0.13500001 0.39061552
v 0.13730010 -0.13500001 0.35340610
v 0.13263181 -0.13500001 0.35393453
v 0.12798500 -0.13500001 0.35462651
v 0.12222721 -0.13399641 0.35581061
v 0.11819150 -0.13329290 0.35664052
v 0.10847800 -0.13170411 0.35941261
v 0.08318320 -0.12812512 0.37077263
v 0.08989888 -0.12898301 0.36707172
v 0.09902972 -0.13026521 0.36289862
v 0.10211870 -0.13073571 0.36175892
v 0.08113282 -0.12786311 0.37190253
v 0.07279576 -0.12691240 0.37734511
v 0.05065331 -0.12509170 0.39702651
v 0.05063892 -0.12509111 0.39704373
v 0.05750684 -0.12552370 0.38995841
v 0.06490795 -0.12613170 0.38337561
v 0.06588253 -0.12622811 0.38263065
v 0.04435322 -0.12483440 0.40456071
v 0.04108728 -0.12476680 0.40895462
v 0.07143815 -0.13384332 0.43080413
v 0.07660564 -0.13399072 0.42415172
v 0.07839287 -0.13409211 0.42222542
v 0.08233511 -0.13431580 0.41797632
v 0.08857693 -0.13481580 0.41232982
v 0.08934291 -0.13488731 0.41171232
v 0.09054956 -0.13500001 0.41073960
v 0.09749876 -0.13500001 0.40576795
v 0.10189531 -0.13500001 0.40317860
v 0.10485420 -0.13500001 0.40143603
v 0.11255320 -0.13500001 0.39777720
v 0.11558900 -0.13500001 0.39665273
v 0.12061960 -0.13500001 0.39478934
v 0.12888201 -0.13500001 0.39254242
v 0.13013101 -0.13500001 0.39231932
v 0.13728411 -0.13500001 0.39104143
v 0.28351089 -0.00300000 0.20924452
v 0.28351089 -0.00300000 0.20566671
v 0.28351089 -0.00300000 0.31208882
v 0.28351089 -0.00300000 0.31566671
v 0.27993312 -0.00300000 0.31566671
v 0.17351091 -0.00300000 0.31566671
v 0.17351091 -0.00300000 0.20924452
v 0.17351091 -0.00300000 0.20566671
v 0.17708881 -0.00300000 0.20566671
v 0.27993312 -0.00300000 0.20566671
v 0.02141221 -0.11800001 0.58421093
v 0.07709784 -0.13500001 0.54179502
v 0.07714960 -0.13500001 0.54185718
v 0.05410032 -0.11800001 0.61644423
v 0.09476276 -0.13500001 0.55944598
v 0.09569217 -0.13500001 0.56008476
v 0.09453731 -0.11800001 0.63817781
v 0.11684080 -0.13500001 0.57178026
v 0.11859851 -0.13500001 0.57237083
v 0.30156252 -0.11800001 0.54227680
v 0.23528001 -0.13500001 0.51965976
v 0.23581040 -0.13500001 0.51808119
v 0.31142822 -0.11800001 0.48168361
v 0.24148981 -0.13500001 0.48513612
v 0.24145931 -0.13500001 0.48377123
v 0.23998611 -0.13500001 0.50307602
v 0.30795139 -0.11800001 0.52016932
v 0.23940583 -0.13500001 0.50555623
v 0.31113324 -0.11800001 0.49737814
v 0.24112141 -0.13500001 0.49482381
v 0.24121982 -0.13500001 0.49265981
v 0.24150001 -0.13500001 0.48650002
v 0.23800051 -0.13500001 0.51156312
v 0.23800051 -0.13500001 0.51156300
v 0.23183791 -0.13500001 0.52742440
v 0.29209641 -0.11800001 0.56325191
v 0.23043001 -0.13500001 0.52994204
v 0.27974522 -0.11800001 0.58266872
v 0.22347730 -0.13500001 0.54096395
v 0.22771202 -0.13500001 0.53480214
v 0.26475981 -0.11800001 0.60013288
v 0.21758582 -0.13500001 0.54818004
v 0.22294562 -0.13500001 0.54173768
v 0.20529461 -0.13500001 0.55940253
v 0.21168391 -0.13500001 0.55408227
v 0.21495220 -0.13500001 0.55081373
v 0.20520571 -0.13500001 0.55946386
v 0.24744432 -0.11800001 0.61528993
v 0.19847621 -0.13500001 0.56410360
v 0.22815041 -0.11800001 0.62783211
v 0.19423302 -0.13500001 0.56649518
v 0.20726971 -0.11800001 0.63750488
v 0.18380220 -0.13500001 0.57152742
v 0.19129011 -0.13500001 0.56815404
v 0.19129011 -0.13500001 0.56815416
v 0.18522631 -0.11800001 0.64411139
v 0.16818911 -0.13500001 0.57617390
v 0.16994271 -0.13500001 0.57573611
v 0.17609040 -0.13500001 0.57420152
v 0.18242951 -0.13500001 0.57200342
v 0.07182236 -0.13500001 0.43895483
v 0.01565347 -0.11800001 0.39687163
v 0.07388417 -0.13500001 0.43571982
v 0.00758677 -0.11800001 0.41033751
v 0.16017631 -0.13500001 0.57743239
v 0.16246761 -0.11800001 0.64751804
v 0.15705800 -0.13500001 0.57764262
v 0.16246761 -0.11800001 0.64751816
v 0.15000001 -0.13500001 0.57800001
v 0.13945580 -0.11800001 0.64765555
v 0.14402950 -0.13500001 0.57772857
v 0.15211721 -0.13500001 0.57797557
v 0.13342451 -0.13500001 0.57648611
v 0.11665810 -0.11800001 0.64452082
v 0.13112842 -0.13500001 0.57594901
v 0.13945580 -0.11800001 0.64765543
v 0.14167671 -0.13500001 0.57762140
v 0.09453731 -0.11800001 0.63817769
v 0.12493750 -0.13500001 0.57450068
v 0.10907611 -0.13500001 0.56833822
v 0.07354264 -0.11800001 0.62875521
v 0.10907611 -0.13500001 0.56833810
v 0.10672351 -0.13500001 0.56702256
v 0.07354264 -0.11800001 0.62875515
v 0.10169841 -0.13500001 0.56421232
v 0.08832043 -0.13500001 0.55408621
v 0.03660511 -0.11800001 0.60149503
v 0.08582030 -0.13500001 0.55158633
v 0.08241808 -0.13500001 0.54818434
v 0.07239673 -0.13500001 0.53497672
v 0.00883010 -0.11800001 0.56494302
v 0.07009781 -0.13500001 0.53089821
v -0.00088576 -0.11800001 0.54408252
v 0.06497282 -0.13500001 0.52030283
v 0.06834621 -0.13500001 0.52779061
v -0.00753810 -0.11800001 0.52205271
v 0.06032621 -0.13500001 0.50468963
v 0.06080977 -0.13500001 0.50662661
v 0.06229872 -0.13500001 0.51259089
v 0.06455869 -0.13500001 0.51910853
v 0.05906770 -0.13500001 0.49667680
v -0.01099186 -0.11800001 0.49930122
v 0.05887022 -0.13500001 0.49374712
v 0.05850000 -0.13500001 0.48650002
v -0.01117692 -0.11800001 0.47628972
v 0.05876321 -0.13500001 0.48071891
v 0.05852449 -0.13500001 0.48861772
v 0.06002017 -0.13500001 0.46988934
v -0.00808952 -0.11800001 0.45348552
v 0.06050309 -0.13500001 0.46781173
v 0.05887880 -0.13500001 0.47817993
v -0.00179233 -0.11800001 0.43135172
v 0.06405384 -0.13500001 0.45527282
v 0.06191803 -0.13500001 0.46172443
v 0.06939118 -0.13500001 0.44339153
v 0.06785754 -0.13500001 0.44619033
v 0.06453588 -0.13500001 0.45381674
v -0.01001865 -0.04892455 0.57713383
v -0.00959970 -0.04892455 0.57692331
v -0.01001340 -0.02792455 0.57716197
v -0.01093755 -0.02792455 0.57749659
v -0.01316541 -0.04892455 0.57871419
v -0.01436541 -0.02792455 0.57952648
v -0.01632903 -0.04892455 0.58114809
v -0.01681202 -0.02792455 0.58169281
v -0.01680717 -0.04892455 0.58168799
v -0.01735142 -0.02792455 0.58217043
v -0.01897313 -0.04892455 0.58413398
v -0.01978538 -0.02792455 0.58533394
v -0.02100304 -0.04892455 0.58756185
v -0.02136627 -0.02792455 0.58848137
v -0.02133808 -0.04892455 0.58848661
v -0.02157634 -0.02792455 0.58889961
v -0.02231874 -0.04892455 0.59119374
v -0.02157634 -0.02792455 0.58889949
v -0.02261975 -0.02792455 0.59252185
v -0.02294229 -0.04892455 0.59494203
v -0.02300000 -0.02792455 0.59650004
v -0.02300000 -0.04892455 0.59650004
v -0.02294229 -0.02792455 0.59805799
v -0.02261975 -0.04892455 0.60047823
v -0.02231874 -0.02792455 0.60180628
v -0.02157634 -0.04892455 0.60410053
v -0.02133808 -0.02792455 0.60451347
v -0.02136627 -0.04892455 0.60451871
v -0.02100304 -0.02792455 0.60543817
v -0.01978538 -0.04892455 0.60766613
v -0.01897313 -0.02792455 0.60886604
v -0.01735142 -0.04892455 0.61082959
v -0.01680717 -0.02792455 0.61131203
v -0.01681202 -0.04892455 0.61130720
v -0.01632903 -0.02792455 0.61185193
v -0.01436541 -0.04892455 0.61347359
v -0.01316541 -0.02792455 0.61428589
v -0.01093755 -0.04892455 0.61550343
v -0.01001865 -0.02792455 0.61586624
v -0.01001340 -0.04892455 0.61583811
v -0.01001865 -0.02792455 0.61586630
v -0.00959970 -0.02792455 0.61607665
v -0.00730558 -0.04892455 0.61681896
v -0.00959970 -0.02792455 0.61607677
v -0.00597740 -0.02792455 0.61711991
v -0.00355727 -0.04892455 0.61744243
v -0.00200000 -0.02792455 0.61750001
v -0.00200000 -0.04892455 0.61750001
v -0.00044273 -0.02792455 0.61744243
v 0.00197740 -0.04892455 0.61711991
v 0.00330558 -0.02792455 0.61681896
v 0.00559970 -0.04892455 0.61607665
v 0.00601340 -0.02792455 0.61583811
v 0.00559970 -0.04892455 0.61607677
v 0.00601865 -0.04892455 0.61586624
v 0.00693755 -0.02792455 0.61550343
v 0.00601865 -0.04892455 0.61586630
v 0.00916541 -0.04892455 0.61428589
v 0.01036541 -0.02792455 0.61347359
v 0.01232903 -0.04892455 0.61185193
v 0.01281202 -0.02792455 0.61130720
v 0.01280717 -0.04892455 0.61131203
v 0.01335141 -0.02792455 0.61082959
v 0.01497313 -0.04892455 0.60886604
v 0.01578538 -0.02792455 0.60766613
v 0.01700304 -0.04892455 0.60543817
v 0.01736627 -0.02792455 0.60451871
v 0.01733808 -0.04892455 0.60451347
v 0.01757634 -0.02792455 0.60410053
v 0.01831874 -0.04892455 0.60180628
v 0.01861975 -0.02792455 0.60047823
v 0.01894229 -0.04892455 0.59805799
v 0.01900000 -0.02792455 0.59650004
v 0.01900000 -0.04892455 0.59650004
v 0.01894229 -0.02792455 0.59494203
v 0.01861975 -0.04892455 0.59252185
v 0.01831874 -0.02792455 0.59119374
v 0.01757634 -0.04892455 0.58889961
v 0.01733808 -0.02792455 0.58848661
v 0.01757634 -0.04892455 0.58889949
v 0.01736627 -0.04892455 0.58848137
v 0.01700304 -0.02792455 0.58756185
v 0.01578538 -0.04892455 0.58533394
v 0.01497313 -0.02792455 0.58413398
v 0.01335141 -0.04892455 0.58217043
v 0.01280717 -0.02792455 0.58168799
v 0.01281202 -0.04892455 0.58169281
v 0.01232903 -0.02792455 0.58114809
v 0.01036541 -0.04892455 0.57952648
v 0.00916541 -0.02792455 0.57871419
v 0.00693755 -0.04892455 0.57749659
v 0.00601865 -0.02792455 0.57713383
v 0.00601340 -0.04892455 0.57716197
v 0.00559970 -0.02792455 0.57692343
v 0.00330558 -0.04892455 0.57618111
v 0.00559970 -0.02792455 0.57692331
v 0.00197740 -0.02792455 0.57588017
v 0.00330558 -0.04892455 0.57618105
v -0.00044273 -0.04892455 0.57555765
v -0.00200000 -0.02792455 0.57550001
v -0.00044273 -0.04892455 0.57555771
v -0.00200000 -0.04892455 0.57550001
v -0.00355727 -0.02792455 0.57555765
v -0.00597740 -0.04892455 0.57588017
v -0.00355727 -0.02792455 0.57555771
v -0.00730558 -0.02792455 0.57618111
v -0.00959970 -0.04892455 0.57692343
v -0.00730558 -0.02792455 0.57618105
v -0.02018674 -0.04892455 0.62979001
v -0.01091448 -0.02792455 0.63327742
v -0.01343797 -0.02792455 0.63266844
v -0.01802553 -0.02792455 0.63088268
v -0.02024325 -0.04892455 0.62975377
v -0.02019970 -0.02792455 0.62967473
v -0.02471558 -0.04892455 0.62688065
v -0.00997441 -0.04892455 0.63358635
v -0.00464613 -0.04892455 0.63434154
v -0.00464613 -0.02792455 0.63434154
v -0.00831878 -0.02792455 0.63390392
v -0.01091953 -0.04892455 0.63331020
v -0.01524275 -0.04892455 0.63204747
v -0.02272640 -0.02792455 0.62827104
v -0.02704972 -0.02792455 0.62498683
v -0.02826551 -0.04892455 0.62381470
v -0.02823134 -0.02792455 0.62378561
v -0.02875120 -0.04892455 0.62339520
v -0.03089358 -0.02792455 0.62107944
v -0.03201371 -0.04892455 0.61969823
v -0.03409134 -0.02792455 0.61672693
v -0.03447636 -0.04892455 0.61601114
v -0.03447403 -0.02792455 0.61601502
v -0.03447636 -0.04892455 0.61601126
v -0.03492526 -0.04892455 0.61533904
v -0.03657338 -0.02792455 0.61210972
v -0.03492526 -0.04892455 0.61533916
v -0.03726699 -0.04892455 0.61047226
v -0.03830599 -0.02792455 0.60749346
v -0.03840662 -0.04892455 0.60685110
v -0.03844835 -0.02792455 0.60686767
v -0.03891244 -0.04892455 0.60524392
v -0.03948883 -0.02792455 0.60229385
v -0.03891244 -0.04892455 0.60524380
v -0.03848898 -0.02792455 0.58613002
v -0.03665432 -0.02792455 0.58107096
v -0.03665432 -0.04892455 0.58107096
v -0.03799220 -0.04892455 0.58451915
v -0.03868893 -0.02792455 0.58709413
v -0.03865765 -0.04892455 0.58710504
v -0.03960353 -0.02792455 0.59150422
v -0.03930459 -0.04892455 0.58961910
v -0.03993151 -0.02792455 0.59692937
v -0.03988154 -0.04892455 0.59450817
v -0.03992598 -0.02792455 0.59699613
v -0.03983578 -0.04892455 0.59699482
v -0.03992598 -0.02792455 0.59699625
v -0.03978259 -0.04892455 0.59988475
v -0.03978259 -0.04892455 0.59988487
v 0.09199160 -0.04892455 0.64109915
v 0.09199160 -0.02792455 0.64109904
v -0.01095799 -0.02792455 0.52335602
v -0.01095799 -0.04892455 0.52335602
v -0.21543382 -0.08444166 0.31350002
v -0.12563401 -0.08444166 0.31350002
v -0.22073220 -0.07963932 0.31350002
v -0.22086951 -0.07951485 0.31350002
v -0.22553392 -0.07434156 0.31350002
v -0.22553392 0.01545823 0.31350002
v -0.22073160 0.02075665 0.31350002
v -0.22060712 0.02089399 0.31350002
v -0.21543382 0.02555835 0.31350002
v -0.12563401 0.02555835 0.31350002
v -0.12033561 0.02075600 0.31350002
v -0.12019831 0.02063153 0.31350002
v -0.11553390 0.01545823 0.31350002
v -0.11553390 -0.07434156 0.31350002
v -0.12033620 -0.07963996 0.31350002
v -0.12046070 -0.07977729 0.31350002
v 0.18827111 0.11000001 0.51907152
v 0.18843950 0.11000001 0.51930285
v 0.20632401 0.10999200 0.52012795
v 0.20685092 0.10995801 0.51932287
v 0.20045032 0.11000001 0.50373423
v 0.19763140 0.11000001 0.50335431
v 0.20269461 0.11000001 0.50463551
v 0.20680080 0.11000001 0.50870186
v 0.20653911 0.11000001 0.50817055
v 0.20486721 0.11000001 0.50619143
v 0.20293492 0.11000001 0.50480753
v 0.20768352 0.11000001 0.51049483
v 0.20823970 0.11000001 0.51310861
v 0.20738700 0.11000001 0.51826131
v 0.20812751 0.11000001 0.51577872
v 0.20820241 0.11000001 0.51399684
v 0.20421852 0.11000001 0.52236325
v 0.20290631 0.11000001 0.52313834
v 0.20619962 0.11000001 0.52031803
v 0.20177601 0.11000001 0.52380604
v 0.19906901 0.11000001 0.52454841
v 0.19476901 0.11000001 0.52425379
v 0.19763140 0.11000001 0.52464569
v 0.18992941 0.11000001 0.52134919
v 0.19215050 0.11000001 0.52312642
v 0.19231761 0.11000001 0.52319843
v 0.18698631 0.11000001 0.51411271
v 0.18700020 0.11000001 0.51400179
v 0.18734960 0.11000001 0.51676023
v 0.18734670 0.11000001 0.51125091
v 0.18841970 0.11000001 0.50868034
v 0.18844421 0.11000001 0.50862163
v 0.18841970 0.11000001 0.50868040
v 0.19019730 0.11000001 0.50638002
v 0.19497781 0.11000001 0.50369018
v 0.19245940 0.11000001 0.50469494
v 0.19232140 0.11000001 0.50479782
v 0.10624881 0.11000001 0.53536606
v -0.05607184 0.11000001 0.39003521
v 0.11836261 0.11000001 0.54395539
v 0.19886601 0.11000001 0.53025126
v 0.18962000 0.11000001 0.53877151
v -0.06012077 0.11000001 0.38565400
v -0.06659003 0.11000001 0.36650002
v -0.06602674 0.11000001 0.37243903
v -0.06384085 0.11000001 0.37938935
v 0.13367321 0.11000001 0.38287070
v 0.13051811 0.11000001 0.37899023
v -0.06659003 0.11000001 0.30429101
v 0.13506220 0.11000001 0.38457903
v 0.20362231 0.11000001 0.44872841
v 0.10980270 0.11000001 0.52162015
v 0.10798080 0.11000001 0.53686315
v 0.10624881 0.11000001 0.53536594
v 0.14016521 0.11000001 0.38965681
v 0.19375122 0.11000001 0.43763411
v 0.19543000 0.11000001 0.43919072
v 0.12658760 0.11000001 0.37295473
v 0.12625891 0.11000001 0.37231082
v 0.12331301 0.11000001 0.36653981
v 0.11809900 0.11000001 0.34794822
v 0.11887071 0.11000001 0.35285792
v 0.12990680 0.11000001 0.54893655
v 0.14218950 0.11000001 0.55162334
v 0.14218950 0.11000001 0.55162346
v 0.15475911 0.11000001 0.55191714
v 0.14469001 0.11000001 0.42229772
v 0.12100191 0.11000001 0.36052001
v 0.12073150 0.11000001 0.35981572
v 0.18962000 0.11000001 0.53877145
v 0.17891821 0.11000001 0.54537094
v 0.16715381 0.11000001 0.54980719
v 0.11775230 0.11000001 0.34574264
v 0.11738750 0.11000001 0.33868992
v 0.11757810 0.11000001 0.33506340
v 0.20984431 0.11000001 0.45965391
v 0.21386731 0.11000001 0.47156602
v 0.21554340 0.11000001 0.48402682
v 0.21554340 0.11000001 0.48402691
v 0.21559000 0.11000001 0.48650002
v 0.21481110 0.11000001 0.49657851
v 0.11862630 0.11000001 0.32572991
v 0.12060171 0.11000001 0.31502581
v 0.12240341 0.11000001 0.30429101
v 0.11776470 0.11000001 0.33151412
v 0.11776470 0.11000001 0.33151421
v 0.21169722 0.11000001 0.50875992
v 0.21481110 0.11000001 0.49657863
v -0.07264645 -0.00743178 0.13150001
v -0.07302500 -0.00000000 0.13150001
v -0.07149763 -0.01485743 0.13150001
v -0.06670205 -0.02969709 0.13150001
v -0.06679853 -0.02950618 0.13150001
v -0.06951274 -0.02237493 0.13150001
v -0.07141288 -0.01517843 0.13150001
v -0.06337678 -0.03627732 0.13150001
v -0.05929546 -0.04262285 0.13150001
v -0.04884301 -0.05424369 0.13150001
v -0.04937384 -0.05380412 0.13150001
v -0.05460832 -0.04848289 0.13150001
v -0.05906439 -0.04291176 0.13150001
v -0.04365467 -0.05853998 0.13150001
v -0.03751693 -0.06265093 0.13150001
v -0.02254681 -0.06938645 0.13150001
v -0.02426340 -0.06887630 0.13150001
v -0.03102953 -0.06610467 0.13150001
v -0.03648935 -0.06319801 0.13150001
v -0.01729054 -0.07094853 0.13150001
v -0.01023043 -0.07230519 0.13150001
v 0.00762286 -0.07253284 0.13150001
v 0.00442986 -0.07289103 0.13150001
v -0.00301380 -0.07296309 0.13150001
v -0.00762569 -0.07254265 0.13150001
v 0.01182255 -0.07206171 0.13150001
v 0.01936350 -0.07041097 0.13150001
v 0.03646356 -0.06315780 0.13150001
v 0.03353999 -0.06486695 0.13150001
v 0.02665259 -0.06798743 0.13150001
v 0.02253462 -0.06935661 0.13150001
v 0.04007145 -0.06104858 0.13150001
v 0.04613743 -0.05660378 0.13150001
v 0.05900309 -0.04286786 0.13150001
v 0.05666771 -0.04605890 0.13150001
v 0.05168612 -0.05158679 0.13150001
v 0.04879909 -0.05419717 0.13150001
v 0.06103920 -0.04008575 0.13150001
v 0.06476618 -0.03373413 0.13150001
v 0.07135708 -0.01516584 0.13150001
v 0.07018259 -0.02017559 0.13150001
v 0.06782084 -0.02707369 0.13150001
v 0.06663217 -0.02966549 0.13150001
v 0.07183687 -0.01311930 0.13150001
v 0.07277311 -0.00606773 0.13150001
v 0.07141288 0.01517843 0.13150001
v 0.07149763 0.01485743 0.13150001
v 0.07264645 0.00743178 0.13150001
v 0.07302500 0.00000000 0.13150001
v 0.06951274 0.02237493 0.13150001
v 0.06679853 0.02950618 0.13150001
v 0.05906439 0.04291176 0.13150001
v 0.05929546 0.04262285 0.13150001
v 0.06337678 0.03627732 0.13150001
v 0.06670205 0.02969709 0.13150001
v 0.05460832 0.04848289 0.13150001
v 0.04937384 0.05380412 0.13150001
v 0.03648935 0.06319801 0.13150001
v 0.03751693 0.06265093 0.13150001
v 0.04365467 0.05853998 0.13150001
v 0.04884301 0.05424369 0.13150001
v 0.03102953 0.06610467 0.13150001
v 0.02426340 0.06887630 0.13150001
v 0.00762569 0.07254265 0.13150001
v 0.01023043 0.07230519 0.13150001
v 0.01729054 0.07094853 0.13150001
v 0.02254681 0.06938645 0.13150001
v 0.00301380 0.07296309 0.13150001
v -0.00442986 0.07289103 0.13150001
v -0.02253462 0.06935661 0.13150001
v -0.01936350 0.07041097 0.13150001
v -0.01182255 0.07206171 0.13150001
v -0.00762286 0.07253284 0.13150001
v -0.02665259 0.06798743 0.13150001
v -0.03353999 0.06486695 0.13150001
v -0.04879909 0.05419717 0.13150001
v -0.04613743 0.05660378 0.13150001
v -0.04007145 0.06104858 0.13150001
v -0.03646356 0.06315780 0.13150001
v -0.05168612 0.05158679 0.13150001
v -0.05666771 0.04605890 0.13150001
v -0.06663217 0.02966549 0.13150001
v -0.06476618 0.03373413 0.13150001
v -0.06103920 0.04008575 0.13150001
v -0.05900309 0.04286786 0.13150001
v -0.06782084 0.02707369 0.13150001
v -0.07018259 0.02017559 0.13150001
v -0.07277311 0.00606773 0.13150001
v -0.07183687 0.01311930 0.13150001
v -0.07135708 0.01516584 0.13150001
v 0.03610650 -0.02792455 0.60605794
v 0.02049337 -0.02792455 0.58893961
v 0.00742996 -0.02792455 0.56980443
v 0.09199160 -0.02792455 0.64109915
v -0.00282654 -0.02792455 0.54902911
v 0.05396196 -0.02792455 0.62082255
v 0.07370821 -0.02792455 0.63294256
v -0.01007419 -0.02792455 0.52702272
v 0.30731872 -0.11800001 0.34394932
v 0.23734981 -0.13500001 0.34603691
v 0.15035731 -0.13500001 0.32109222
v 0.07009781 -0.13500001 0.53089809
v 0.23726462 -0.13500001 0.34427643
v 0.23611772 -0.13500001 0.33661452
v 0.23374072 -0.13500001 0.32924092
v 0.23019661 -0.13500001 0.32235190
v 0.22557981 -0.13500001 0.31613064
v 0.22001311 -0.13500001 0.31074250
v 0.21364462 -0.13500001 0.30633092
v 0.21364462 -0.13500001 0.30633101
v 0.20664372 -0.13500001 0.30301341
v 0.09569217 -0.13500001 0.56008464
v 0.08582030 -0.13500001 0.55158621
v 0.19919652 -0.13500001 0.30087790
v 0.19150141 -0.13500001 0.29998153
v 0.18376280 -0.13500001 0.30034792
v 0.17618671 -0.13500001 0.30196729
v 0.23528001 -0.13500001 0.51965982
v 0.15136251 -0.13500001 0.31964430
v 0.15639521 -0.13500001 0.31375441
v 0.15856791 -0.13500001 0.39678732
v 0.16231850 -0.13500001 0.30876100
v 0.16897471 -0.13500001 0.30479681
v 0.01565347 -0.11800001 0.39687151
v 0.09212656 -0.11800001 0.28224391
v 0.23199791 -0.00300000 0.18545310
v 0.22851090 -0.00300000 0.18537231
v 0.27584481 -0.00300000 0.20211121
v 0.24768502 -0.00300000 0.18785460
v 0.26252031 -0.00300000 0.19349080
v 0.18679781 -0.00300000 0.19798291
v 0.20086271 -0.00300000 0.19063230
v 0.21615581 -0.00300000 0.18639290
v 0.28175202 -0.00300000 0.20742552
v 0.28706643 -0.00300000 0.21333291
v 0.29119471 -0.00300000 0.30237982
v 0.29568681 -0.00300000 0.22665732
v 0.29854530 -0.00300000 0.28831494
v 0.30132303 -0.00300000 0.24149261
v 0.30278471 -0.00300000 0.27302182
v 0.30372450 -0.00300000 0.25717971
v 0.28105941 -0.00300000 0.31459162
v 0.16364232 -0.00300000 0.32729793
v 0.16476981 -0.00300000 0.22058801
v 0.16364232 -0.00300000 0.22243971
v 0.22250052 -0.00300000 0.33533791
v 0.22461021 -0.00300000 0.33013701
v 0.15690401 -0.00300000 0.35016841
v 0.16152930 -0.00300000 0.33039662
v 0.15766200 -0.00300000 0.33991882
v 0.22245181 -0.00300000 0.34173691
v 0.22761701 -0.00300000 0.32714182
v 0.23179752 -0.00300000 0.32560691
v 0.23278122 -0.00300000 0.32553533
v 0.26858971 -0.00300000 0.32440782
v 0.26673794 -0.00300000 0.32553533
v 0.22288951 -0.00300000 0.34546182
v 0.15932861 -0.00300000 0.36015603
v 0.22190700 -0.00300000 0.35569230
v 0.16470161 -0.00300000 0.36891732
v 0.21783191 -0.00300000 0.36512753
v 0.17250441 -0.00300000 0.37560654
v 0.21105762 -0.00300000 0.37285662
v 0.18198371 -0.00300000 0.37957802
v 0.20223790 -0.00300000 0.37813324
v 0.19222440 -0.00300000 0.38044822
v 0.17458601 -0.00300000 0.20811820
v 0.00892031 -0.10500000 0.56510532
v 0.00883559 -0.10500000 0.56494021
v 0.31118953 -0.10500000 0.49651101
v 0.31110612 -0.10500000 0.49737552
v 0.31149751 -0.10500000 0.48560062
v 0.31142822 -0.10500000 0.48168361
v 0.00983003 -0.10500000 0.40628323
v 0.01565347 -0.10500000 0.39687163
v 0.30833453 -0.10500000 0.51831931
v 0.30789953 -0.10500000 0.52015698
v 0.31013393 -0.10500000 0.50746280
v 0.30252039 -0.10500000 0.53960168
v 0.30149511 -0.10500000 0.54225069
v 0.30579850 -0.10500000 0.52903336
v 0.29380813 -0.10500000 0.55999482
v 0.29202220 -0.10500000 0.56321084
v 0.29852501 -0.10500000 0.54992402
v 0.30149511 -0.10500000 0.54225081
v 0.28234041 -0.10500000 0.57906514
v 0.27967092 -0.10500000 0.58261269
v 0.28840542 -0.10500000 0.56972402
v 0.29202220 -0.10500000 0.56321073
v 0.26835072 -0.10500000 0.59638804
v 0.26469332 -0.10500000 0.60006678
v 0.26835072 -0.10500000 0.59638816
v 0.27559760 -0.10500000 0.58802593
v 0.27967092 -0.10500000 0.58261281
v 0.25235221 -0.10500000 0.61142516
v 0.24738881 -0.10500000 0.61521727
v 0.26057392 -0.10500000 0.60421038
v 0.23443131 -0.10500000 0.62417233
v 0.22810872 -0.10500000 0.62775862
v 0.23443131 -0.10500000 0.62417221
v 0.24362791 -0.10500000 0.61809063
v 0.21486612 -0.10500000 0.63440084
v 0.20724271 -0.10500000 0.63743687
v 0.22484072 -0.10500000 0.62961233
v 0.19399132 -0.10500000 0.64189315
v 0.18521211 -0.10500000 0.64405382
v 0.20456561 -0.10500000 0.63850296
v 0.14444581 -0.10500000 0.64790475
v 0.13946201 -0.10500000 0.64756459
v 0.15000001 -0.10500000 0.64800000
v 0.16105881 -0.10500000 0.64762098
v 0.18315160 -0.10500000 0.64456081
v 0.17216229 -0.10500000 0.64647233
v 0.16246320 -0.10500000 0.64747572
v 0.12274031 -0.10500000 0.64568311
v 0.11667641 -0.10500000 0.64443183
v 0.12274031 -0.10500000 0.64568299
v 0.13357970 -0.10500000 0.64716333
v 0.10144120 -0.10500000 0.64052725
v 0.09456512 -0.10500000 0.63809890
v 0.11202481 -0.10500000 0.64347202
v 0.08094453 -0.10500000 0.63249218
v 0.07357515 -0.10500000 0.62869209
v 0.09106724 -0.10500000 0.63686377
v 0.09456512 -0.10500000 0.63809901
v 0.06164330 -0.10500000 0.62168676
v 0.05413190 -0.10500000 0.61639947
v 0.07111163 -0.10500000 0.62742186
v 0.04392022 -0.10500000 0.60827613
v 0.03663049 -0.10500000 0.60146779
v 0.05254814 -0.10500000 0.61528462
v 0.05413190 -0.10500000 0.61639935
v 0.05254814 -0.10500000 0.61528450
v 0.03574588 -0.10500000 0.60064173
v 0.02813861 -0.10500000 0.59248185
v 0.02142755 -0.10500000 0.58419853
v 0.02104819 -0.10500000 0.58373034
v 0.01463296 -0.10500000 0.57458013
v -0.00040785 -0.10500000 0.54531962
v -0.00084832 -0.10500000 0.54406923
v 0.00386727 -0.10500000 0.55525744
v -0.00698106 -0.10500000 0.52443701
v -0.00747446 -0.10500000 0.52203971
v -0.00406733 -0.10500000 0.53493172
v -0.01068040 -0.10500000 0.50275040
v -0.01091084 -0.10500000 0.49929583
v -0.00920568 -0.10500000 0.51362813
v -0.01139441 -0.10500000 0.48065951
v -0.01108666 -0.10500000 0.47629613
v -0.01141592 -0.10500000 0.49172392
v -0.00906771 -0.10500000 0.45857632
v -0.00799699 -0.10500000 0.45350513
v -0.01061567 -0.10500000 0.46961832
v -0.00370056 -0.10500000 0.43691772
v -0.00170310 -0.10500000 0.43138394
v -0.00677704 -0.10500000 0.44772714
v 0.00006904 -0.10500000 0.42647433
v 0.00465241 -0.10500000 0.41609880
v 0.00766863 -0.10500000 0.41038072
v 0.09147765 -0.03847248 0.64051133
v 0.09096438 -0.04892455 0.63992423
v -0.00358617 -0.04892455 0.54511303
v -0.00993077 -0.04892455 0.52453083
v 0.00630358 -0.04892455 0.56634694
v 0.01911087 -0.04892455 0.58595973
v 0.09199160 -0.04892455 0.64109904
v 0.07217427 -0.04892455 0.63130105
v 0.09096438 -0.04892455 0.63992435
v 0.03457567 -0.04892455 0.60355312
v 0.03457567 -0.04892455 0.60355300
v 0.05238400 -0.04892455 0.61876982
v -0.01044405 -0.03847248 0.52394378
v 0.01707431 -0.10500000 0.37762392
v -0.03866078 -0.10500000 0.34044063
v -0.03621889 -0.10500000 0.33678040
v 0.01951620 -0.10500000 0.37396374
v 0.01951620 -0.11100001 0.37396374
v -0.03621889 -0.11100001 0.33678040
v 0.01707431 -0.11100001 0.37762392
v -0.01666817 -0.11100001 0.42820141
v -0.07240326 -0.11100001 0.39101812
v -0.03866078 -0.11100001 0.34044063
v -0.00247642 -0.11100001 0.28620294
v 0.05325867 -0.11100001 0.32338622
v -0.11426210 -0.08744165 0.31350002
v -0.22641501 -0.08744165 0.31350002
v -0.23228861 -0.03495005 0.31350002
v -0.11443081 0.02855835 0.31350002
v -0.22634850 0.02855835 0.31350002
v -0.10935371 -0.03496294 0.31350002
v 0.13379160 0.10206791 0.29952490
v 0.12905040 0.10200001 0.32774124
v 0.13947451 0.09400000 0.32975242
v 0.14531261 0.09400000 0.29467732
v 0.15432830 0.09400000 0.37383804
v 0.14980800 0.09400000 0.36919332
v 0.14656731 0.09400000 0.36454222
v 0.14471690 0.09400000 0.36188662
v 0.14108971 0.09400000 0.35375342
v 0.13905542 0.09400000 0.34508342
v 0.13905542 0.09400000 0.34508333
v 0.12100191 0.11000001 0.36051992
v 0.13892141 0.09400000 0.34184951
v 0.13868672 0.09400000 0.33618563
v 0.20791432 0.09400000 0.42181522
v 0.09208570 0.09400000 0.55118483
v 0.22470830 0.09400000 0.53066689
v 0.22454691 0.09400000 0.53100783
v 0.09437843 0.09400000 0.55316663
v 0.10593850 0.09400000 0.56106383
v 0.10812091 0.09400000 0.56255472
v 0.12132251 0.09400000 0.56825101
v 0.12340230 0.09400000 0.56914842
v 0.13781740 0.09400000 0.57230163
v 0.13966100 0.09400000 0.57270503
v 0.15479051 0.09400000 0.57305861
v 0.15629971 0.09400000 0.57309389
v 0.17159091 0.09400000 0.57049084
v 0.17270681 0.09400000 0.57030094
v 0.18757360 0.09400000 0.56469482
v 0.21468481 0.09400000 0.54441434
v 0.20244581 0.09400000 0.55569273
v 0.20212470 0.09400000 0.55589074
v 0.18827961 0.09400000 0.56442863
v 0.23166981 0.09400000 0.51596588
v 0.23185661 0.09400000 0.51523495
v 0.23579161 0.09400000 0.49984121
v 0.23585752 0.09400000 0.49871111
v 0.23585752 0.09400000 0.49871123
v 0.23676102 0.09400000 0.48322621
v 0.23655981 0.09400000 0.48173022
v 0.23454231 0.09400000 0.46673161
v 0.23393841 0.09400000 0.46494353
v 0.22921701 0.09400000 0.45096344
v 0.22809611 0.09400000 0.44899511
v 0.21013652 0.09400000 0.42387581
v 0.21925871 0.09400000 0.43449602
v 0.21925871 0.09400000 0.43449593
v 0.22098091 0.09400000 0.43650103
v -0.07023492 0.09400000 0.40585411
v -0.08782275 0.09400000 0.36650002
v -0.08688084 0.09400000 0.37643081
v -0.08654966 0.09400000 0.37748381
v -0.07700528 0.09400000 0.39852813
v -0.07756890 0.09400000 0.39757890
v -0.08322576 0.09400000 0.38805273
v -0.08782275 0.09400000 0.29467732
v 0.14531261 0.09400000 0.29467720
v -0.08782275 0.09400000 0.29467720
v -0.07836240 -0.01610388 0.13150001
v -0.08000001 -0.00000000 0.13150001
v -0.07351662 -0.03154847 0.13150001
v 0.06994773 0.03882416 0.13150001
v 0.07633114 0.02394905 0.13150001
v -0.02778442 0.07502018 0.13150001
v -0.01211422 0.07907747 0.13150001
v -0.04231712 0.06789155 0.13150001
v 0.03523153 -0.07182436 0.13150001
v 0.02005220 -0.07744617 0.13150001
v -0.06566107 -0.04570146 0.13150001
v 0.06070065 0.05210980 0.13150001
v -0.05511736 0.05798343 0.13150001
v 0.04896848 -0.06326206 0.13150001
v -0.05511736 -0.05798343 0.13150001
v 0.07958955 0.00809347 0.13150001
v -0.06566107 0.04570146 0.13150001
v 0.00405193 -0.07989733 0.13150001
v 0.04896848 0.06326206 0.13150001
v 0.06070065 -0.05210980 0.13150001
v -0.07351662 0.03154847 0.13150001
v -0.04231712 -0.06789155 0.13150001
v 0.03523153 0.07182436 0.13150001
v 0.06994773 -0.03882416 0.13150001
v -0.07836240 0.01610388 0.13150001
v -0.02778442 -0.07502018 0.13150001
v 0.07633114 -0.02394905 0.13150001
v 0.02005220 0.07744617 0.13150001
v -0.01211422 -0.07907747 0.13150001
v 0.07958955 -0.00809347 0.13150001
v 0.00405193 0.07989733 0.13150001
v 0.16364232 -0.01193430 0.32729793
v 0.22288951 -0.01193430 0.34546182
v 0.22245181 -0.01193430 0.34173691
v 0.16152930 -0.01193430 0.33039662
v 0.15766200 -0.01193430 0.33991882
v 0.15690401 -0.01193430 0.35016841
v 0.15932861 -0.01193430 0.36015603
v 0.16470161 -0.01193430 0.36891732
v 0.17250441 -0.01193430 0.37560654
v 0.18198371 -0.01193430 0.37957802
v 0.19222440 -0.01193430 0.38044822
v 0.20223790 -0.01193430 0.37813324
v 0.21105762 -0.01193430 0.37285662
v 0.21783191 -0.01193430 0.36512753
v 0.22190700 -0.01193430 0.35569230
v -0.01104367 -0.02792455 0.52284563
v 0.05311384 -0.01193430 0.52614117
v 0.05265416 -0.01193430 0.52499843
v 0.04412542 -0.01341515 0.51736224
v 0.04040532 -0.01419393 0.51402837
v 0.02876567 -0.01663062 0.50359702
v -0.01417031 -0.02792455 0.50421864
v 0.02445363 -0.01769961 0.49972871
v -0.01434345 -0.02792455 0.49957871
v 0.00970735 -0.02135532 0.48650002
v -0.01434345 -0.02792455 0.49957862
v -0.01503426 -0.02792455 0.48106551
v 0.00418590 -0.02285987 0.48154363
v -0.01503426 -0.02792455 0.48106563
v -0.01463170 -0.02792455 0.47607362
v -0.00155769 -0.02442494 0.47638780
v -0.01377249 -0.02792455 0.46541902
v 0.31460702 -0.02792455 0.49761823
v 0.31505021 -0.02792455 0.48157552
v 0.25463551 -0.01193430 0.48337814
v 0.25430351 -0.01193430 0.49539453
v 0.10163391 -0.01193430 0.57933897
v 0.09329540 -0.02792455 0.64157414
v 0.11510450 -0.01193430 0.58519471
v 0.05961606 -0.01193430 0.53931183
v 0.06789776 -0.01193430 0.55144286
v 0.07779589 -0.01193430 0.56229526
v 0.08911557 -0.01193430 0.57165527
v 0.09495650 -0.02792455 0.64217937
v 0.11593471 -0.02792455 0.64797699
v 0.12926210 -0.01193430 0.58910745
v 0.11728850 -0.02792455 0.64835113
v 0.13922819 -0.02792455 0.65120178
v 0.14382800 -0.01193430 0.59100002
v 0.14026450 -0.02792455 0.65133643
v 0.16274680 -0.02792455 0.65108424
v 0.15851551 -0.01193430 0.59083521
v 0.16343211 -0.02792455 0.65107650
v 0.18601321 -0.02792455 0.64762563
v 0.15851551 -0.01193430 0.59083509
v 0.17303520 -0.01193430 0.58861625
v 0.18601321 -0.02792455 0.64762551
v 0.18633541 -0.02792455 0.64757633
v 0.18710151 -0.01193430 0.58438683
v 0.18633541 -0.02792455 0.64757645
v 0.20852320 -0.02792455 0.64090496
v 0.20043731 -0.01193430 0.57823014
v 0.20855370 -0.02792455 0.64089084
v 0.20043731 -0.01193430 0.57823026
v 0.20855370 -0.02792455 0.64089072
v 0.22955891 -0.02792455 0.63119364
v 0.22988921 -0.02792455 0.63098055
v 0.21278012 -0.01193430 0.57026762
v 0.24902821 -0.02792455 0.61863351
v 0.24959731 -0.02792455 0.61814100
v 0.22388680 -0.01193430 0.56065583
v 0.26654780 -0.02792455 0.60347199
v 0.26727870 -0.02792455 0.60263377
v 0.23353891 -0.01193430 0.54958403
v 0.28177291 -0.02792455 0.58600765
v 0.28257522 -0.02792455 0.58477372
v 0.24154630 -0.01193430 0.53727025
v 0.29440361 -0.02792455 0.56658399
v 0.29517719 -0.02792455 0.56492406
v 0.24775131 -0.01193430 0.52395695
v 0.30419132 -0.02792455 0.54558384
v 0.30482981 -0.02792455 0.54348767
v 0.25203180 -0.01193430 0.50990611
v 0.31094322 -0.02792455 0.52342033
v 0.31133783 -0.02792455 0.52090007
v 0.31452662 -0.02792455 0.50053000
v 0.25052601 -0.01193430 0.34564382
v 0.31094080 -0.02792455 0.34384120
v 0.23278122 -0.01193430 0.32553533
v 0.24645641 -0.01193430 0.32553533
v 0.25212160 -0.01334517 0.32553533
v 0.25590312 -0.01428693 0.32553533
v 0.26673794 -0.01702668 0.32553533
v 0.23179752 -0.01193430 0.32560691
v 0.22761701 -0.01193430 0.32714182
v 0.22461021 -0.01193430 0.33013701
v 0.22250052 -0.01193430 0.33533791
v 0.30731872 -0.10500000 0.34394932
v 0.09461319 -0.11800001 0.27866241
v 0.10461310 -0.11800001 0.26695943
v 0.10706260 -0.11800001 0.26409271
v 0.11927581 -0.11800001 0.25379661
v 0.12171490 -0.11800001 0.25174043
v 0.13593800 -0.11800001 0.24326962
v 0.13818011 -0.11800001 0.24193421
v 0.15413131 -0.11800001 0.23567620
v 0.15602051 -0.11800001 0.23493512
v 0.17334400 -0.11800001 0.23123200
v 0.17476131 -0.11800001 0.23092902
v 0.19303560 -0.11800001 0.23006392
v 0.19390410 -0.11800001 0.23002271
v 0.21265171 -0.11800001 0.23220670
v 0.21293952 -0.11800001 0.23224030
v 0.23136142 -0.11800001 0.23752262
v 0.23162322 -0.11800001 0.23764671
v 0.24867952 -0.11800001 0.24572931
v 0.24939421 -0.11800001 0.24622440
v 0.26443321 -0.11800001 0.25664201
v 0.26547450 -0.11800001 0.25765002
v 0.27820340 -0.11800001 0.26997051
v 0.27941284 -0.11800001 0.27160010
v 0.28962392 -0.11800001 0.28536001
v 0.29081771 -0.11800001 0.28768063
v 0.29839084 -0.11800001 0.30240142
v 0.29936960 -0.11800001 0.30543759
v 0.30710781 -0.11800001 0.33959430
v 0.30482912 -0.11800001 0.32437041
v 0.30427092 -0.11800001 0.32064122
v 0.09212656 -0.10500000 0.28224391
v 0.16364232 -0.07129825 0.22243971
v 0.16364232 -0.07160065 0.22657481
v 0.16364232 -0.07187232 0.23077621
v 0.16364232 -0.04989845 0.22998981
v 0.16364232 -0.02792455 0.22920372
v 0.16364232 -0.02217978 0.25156710
v 0.16364232 -0.01193430 0.29273263
v 0.16364232 -0.01762680 0.26986060
v 0.28557310 -0.07365855 0.26927972
v 0.30278471 -0.07129825 0.27302182
v 0.30034971 -0.07129825 0.28180560
v 0.29854530 -0.07129825 0.28831494
v 0.29644001 -0.07129825 0.29314551
v 0.29562882 -0.07150828 0.29159799
v 0.29314780 -0.07206612 0.28733829
v 0.29110849 -0.07252464 0.28383711
v 0.29812261 -0.07207420 0.25319991
v 0.30371252 -0.07129825 0.25738212
v 0.30221891 -0.07129825 0.24734510
v 0.30372450 -0.07129825 0.25717971
v 0.30132303 -0.07129825 0.24149261
v 0.27822480 -0.07402477 0.23842031
v 0.29601890 -0.07129825 0.22753131
v 0.29099733 -0.07129825 0.21940881
v 0.29568681 -0.07129825 0.22665732
v 0.28887251 -0.07190073 0.22285452
v 0.28706643 -0.07129825 0.21333291
v 0.26799491 -0.07279325 0.20938252
v 0.27584481 -0.07129825 0.20211121
v 0.27341041 -0.07129825 0.20053631
v 0.23199791 -0.07129825 0.18545310
v 0.24701971 -0.07245986 0.19603731
v 0.23010832 -0.07129825 0.18540931
v 0.26252031 -0.07129825 0.19349080
v 0.25122771 -0.07129825 0.18920061
v 0.24768502 -0.07129825 0.18785460
v 0.23810990 -0.07423723 0.20906240
v 0.22406721 -0.07129825 0.18573940
v 0.22851090 -0.07129825 0.18537231
v 0.21799211 -0.07249857 0.19455671
v 0.20937851 -0.07129825 0.18827170
v 0.21615581 -0.07129825 0.18639290
v 0.20086271 -0.07129825 0.19063230
v 0.20923822 -0.07360373 0.20577312
v 0.19475941 -0.07129825 0.19382201
v 0.18679781 -0.07129825 0.19798291
v 0.19978181 -0.07421122 0.21644390
v 0.18325150 -0.07129825 0.20092620
v 0.17458601 -0.07129825 0.20811820
v 0.18967110 -0.07431792 0.22651471
v 0.17362532 -0.07129825 0.20933861
v 0.17595661 -0.07318904 0.22880322
v 0.18144080 -0.07372130 0.22822671
v 0.16558000 -0.07129825 0.21955872
v 0.17252491 -0.07285596 0.22916390
v 0.17336690 -0.07293769 0.22907540
v 0.16476981 -0.07129825 0.22058801
v 0.18799700 -0.07427018 0.22802831
v 0.19037692 -0.07446942 0.22795622
v 0.21506442 -0.07590672 0.23076622
v 0.21235141 -0.07580534 0.23013632
v 0.20342301 -0.07534965 0.22875711
v 0.20342301 -0.07534965 0.22875701
v 0.19932081 -0.07510006 0.22835152
v 0.19572452 -0.07484648 0.22819261
v 0.19105890 -0.07451750 0.22798641
v 0.21531552 -0.07591610 0.23082450
v 0.21937540 -0.07606781 0.23176712
v 0.22836871 -0.07546704 0.22154391
v 0.21937540 -0.07606781 0.23176721
v 0.22108652 -0.07613174 0.23216441
v 0.24749951 -0.07609782 0.23741151
v 0.24181911 -0.07639176 0.23991191
v 0.23793791 -0.07640253 0.23812242
v 0.23420441 -0.07637031 0.23664412
v 0.22961901 -0.07633071 0.23482841
v 0.25189161 -0.07620541 0.24545951
v 0.24981220 -0.07627289 0.24414882
v 0.24427451 -0.07635524 0.24121341
v 0.26658341 -0.07549450 0.25333652
v 0.26787949 -0.07541469 0.25708431
v 0.26530361 -0.07560319 0.25486392
v 0.26459923 -0.07565475 0.25425673
v 0.25740671 -0.07602647 0.24893561
v 0.28602979 -0.07342984 0.27644643
v 0.28285661 -0.07387681 0.27249640
v 0.28177509 -0.07402914 0.27115011
v 0.28039861 -0.07422306 0.26943651
v 0.27421439 -0.07490215 0.26282239
v 0.27138200 -0.07515837 0.26010332
v 0.25820410 -0.07474639 0.22369561
v 0.29684812 -0.04956256 0.29227781
v 0.29384410 -0.02632948 0.29809430
v 0.29724580 -0.02792455 0.29140362
v 0.28969410 -0.02462506 0.30455154
v 0.29112053 -0.02521088 0.30233210
v 0.26857451 -0.01757852 0.32438582
v 0.27401349 -0.01924254 0.32065651
v 0.27988651 -0.02113201 0.31571040
v 0.28004864 -0.02118755 0.31554371
v 0.28101590 -0.02151896 0.31454942
v 0.28494823 -0.02286616 0.31050721
v 0.26807103 -0.01742446 0.32473111
v 0.24964111 -0.01193430 0.33697271
v 0.24707842 -0.01193430 0.32721430
v 0.30303010 -0.02792455 0.30469143
v 0.30405912 -0.02792455 0.30705541
v 0.30849901 -0.02792455 0.32396162
v 0.30917430 -0.02792455 0.32653362
v 0.31235990 -0.10500000 0.48165581
v 0.30825040 -0.10500000 0.34392151
v 0.13854150 -0.10500000 0.24072272
v 0.12286311 -0.10500000 0.25036681
v 0.12288311 -0.10500000 0.24978670
v -0.00266847 -0.10500000 0.43103340
v 0.00676477 -0.10500000 0.40989789
v 0.09979246 -0.10500000 0.27056369
v 0.10936911 -0.10500000 0.26058790
v 0.11074691 -0.10500000 0.26058790
v 0.10442490 -0.10500000 0.26679862
v 0.09135112 -0.10500000 0.28172660
v 0.01487802 -0.10500000 0.39635420
v 0.01565347 -0.10500000 0.39687151
v -0.00900200 -0.10500000 0.45329502
v 0.03595059 -0.10500000 0.60215884
v 0.02067000 -0.10500000 0.58477491
v -0.01210723 -0.10500000 0.47623083
v 0.00801527 -0.10500000 0.56539583
v -0.01243217 -0.10500000 0.48650002
v 0.18542960 -0.10500000 0.64502114
v 0.16253960 -0.10500000 0.64844751
v 0.16253960 -0.10500000 0.64844739
v 0.30243731 -0.10500000 0.54259884
v 0.29291660 -0.10500000 0.56369501
v 0.29291660 -0.10500000 0.56369489
v 0.03595059 -0.10500000 0.60215873
v 0.05354679 -0.10500000 0.61719424
v 0.28049412 -0.10500000 0.58322382
v -0.00844741 -0.10500000 0.52225792
v -0.01192110 -0.10500000 0.49937502
v 0.30886301 -0.10500000 0.52036363
v -0.00175667 -0.10500000 0.54441482
v 0.20760031 -0.10500000 0.63837641
v 0.20760031 -0.10500000 0.63837630
v 0.07310133 -0.10500000 0.62957621
v 0.31206331 -0.10500000 0.49744081
v 0.31206331 -0.10500000 0.49744090
v 0.26542222 -0.10500000 0.60078883
v 0.09421718 -0.10500000 0.63905323
v 0.22860152 -0.10500000 0.62864792
v 0.31243220 -0.10500000 0.48650002
v 0.31241411 -0.10500000 0.48407763
v 0.13584371 -0.10500000 0.24311122
v 0.12284321 -0.10500000 0.25094691
v 0.15407711 -0.10500000 0.23553811
v 0.15685700 -0.10500000 0.23371582
v 0.17332111 -0.10500000 0.23112482
v 0.17607771 -0.10500000 0.22982731
v 0.19303240 -0.10500000 0.22999601
v 0.19567651 -0.10500000 0.22916371
v 0.21265441 -0.10500000 0.23218352
v 0.21511611 -0.10500000 0.23174320
v 0.23163320 -0.10500000 0.23762561
v 0.23386350 -0.10500000 0.23749520
v 0.24943282 -0.10500000 0.24616861
v 0.25140491 -0.10500000 0.24626181
v 0.26555082 -0.10500000 0.25757131
v 0.26725921 -0.10500000 0.25780281
v 0.27953202 -0.10500000 0.27151170
v 0.26725921 -0.10500000 0.25780290
v 0.28099170 -0.10500000 0.27180180
v 0.29098162 -0.10500000 0.28759632
v 0.29222602 -0.10500000 0.28787479
v 0.29957652 -0.10500000 0.30537093
v 0.30065411 -0.10500000 0.30558139
v 0.30507392 -0.10500000 0.32433373
v 0.30604482 -0.10500000 0.32443592
v 0.11646561 -0.10500000 0.64543295
v 0.24800682 -0.10500000 0.61603338
v 0.13939491 -0.10500000 0.64858562
v 0.15000001 -0.10500000 0.64893222
v 0.15000001 -0.10500000 0.64893216
v 0.10930970 -0.10478920 0.26063302
v 0.10663270 -0.09974047 0.26295513
v 0.10397900 -0.09719143 0.26551801
v 0.10602301 -0.09896848 0.26351520
v 0.10171171 -0.09589048 0.26789492
v 0.10242200 -0.09629803 0.26715022
v 0.09954201 -0.09524868 0.27034980
v 0.10017321 -0.09533776 0.26960421
v 0.09778041 -0.09500001 0.27243122
v 0.09431209 -0.09500001 0.27690190
v 0.09106063 -0.09500001 0.28153282
v 0.10925030 -0.10457831 0.26067811
v 0.10814921 -0.10186880 0.26158360
v 0.10911991 -0.10413510 0.26077822
v 0.10793190 -0.10215951 0.26180491
v 0.10763991 -0.10101581 0.26202980
v 0.01458753 -0.09500001 0.39616042
v 0.00645683 -0.09500001 0.40973321
v -0.00299669 -0.09500001 0.43091410
v -0.00934384 -0.09500001 0.45322362
v -0.01147271 -0.09500001 0.46590042
v -0.01262260 -0.06146228 0.46565971
v 0.29440361 -0.02792455 0.56658411
v -0.07405529 -0.09500001 0.41012111
v -0.07502246 -0.01193430 0.41120133
v -0.08246762 -0.01193430 0.40297332
v -0.08229542 -0.09500001 0.40101460
v -0.08346663 -0.01193430 0.40186933
v -0.08970293 -0.01193430 0.39111131
v -0.08845468 -0.09500001 0.39038959
v -0.08970293 -0.01193430 0.39111140
v -0.08977840 -0.01193430 0.39098114
v -0.09226207 -0.09500001 0.37871352
v -0.09380461 -0.01193430 0.37783512
v -0.09500001 -0.01193430 0.36650002
v -0.09355009 -0.09500001 0.36650002
v -0.09368008 -0.01193430 0.37901592
v -0.07240326 -0.09500001 0.39101812
v -0.00247642 -0.09500001 0.28620294
v -0.01666817 -0.09500001 0.42820141
v 0.05325867 -0.09500001 0.32338622
v -0.11001800 -0.09210126 0.30350739
v -0.10645131 -0.04039964 0.30621701
v -0.10594491 -0.03498595 0.30621701
v -0.23058231 -0.09210126 0.30350739
v -0.23509611 -0.04039964 0.30621701
v -0.23570241 -0.03498107 0.30621701
v -0.23084632 0.03349643 0.30291033
v -0.23519921 -0.02960036 0.30621701
v -0.10987160 0.03349643 0.30291033
v -0.10637540 -0.02960036 0.30621701
v -0.09450315 -0.04039964 0.30621701
v -0.09469165 -0.02960036 0.30621701
v -0.09355009 -0.09500001 0.30335552
v -0.09500001 -0.01193430 0.30529121
v 0.14261861 0.09000000 0.31225231
v 0.14531261 0.09000000 0.29467720
v 0.13947451 0.09000000 0.32975242
v 0.15432830 0.09000000 0.37383804
v 0.14640731 0.09000000 0.36465362
v 0.14108971 0.09000000 0.35375342
v 0.13872671 0.09000000 0.34185761
v 0.13872671 0.09000000 0.34185752
v 0.20791432 0.09000000 0.42181522
v 0.09208570 0.09000000 0.55118483
v 0.10581791 0.09000000 0.56124043
v 0.10812091 0.09400000 0.56255484
v 0.12124791 0.09000000 0.56842387
v 0.13778290 0.09000000 0.57245892
v 0.15478741 0.09000000 0.57319063
v 0.17160802 0.09000000 0.57059091
v 0.18759811 0.09000000 0.56475973
v 0.18759811 0.09000000 0.56475961
v 0.20214342 0.09000000 0.55592090
v 0.21468481 0.09000000 0.54441434
v 0.22474042 0.09000000 0.53068215
v 0.23192380 0.09000000 0.51525211
v 0.23595890 0.09000000 0.49871704
v 0.23669071 0.09000000 0.48171252
v 0.23669071 0.09000000 0.48171261
v 0.23409091 0.09000000 0.46489203
v 0.22825961 0.09000000 0.44890192
v 0.21942091 0.09000000 0.43435663
v -0.07023492 0.09000000 0.40585411
v -0.08782275 0.09000000 0.36650002
v -0.08666072 0.09000000 0.37751871
v -0.08322576 0.09000000 0.38805273
v -0.07766900 0.09000000 0.39763841
v -0.08782275 0.09000000 0.29467720
v -0.08965786 0.09000000 0.36650002
v -0.08965786 0.09000000 0.29994902
v -0.07833471 0.09000000 0.39981040
v -0.07324521 0.03903285 0.40920722
v -0.07146796 0.09000000 0.40721330
v -0.08867152 0.09000000 0.37683672
v -0.08484476 0.09000000 0.38892719
v 0.08940636 0.03903285 0.55417734
v 0.08762465 -0.01193430 0.55616742
v 0.09118807 0.09000000 0.55218732
v -0.07324521 0.03903285 0.40920731
v 0.08940636 0.03903285 0.55417746
v 0.20919201 0.09000000 0.42115492
v 0.21058370 0.03903285 0.41881382
v 0.20879211 0.09000000 0.42079490
v 0.08938231 -0.01193430 0.55770195
v 0.21277840 -0.01193430 0.41719562
v 0.21237540 -0.01193430 0.41683263
v 0.22434162 -0.01193430 0.42977664
v 0.22009462 0.09000000 0.43301710
v 0.23342240 -0.01193430 0.44425172
v 0.22865660 0.09000000 0.44666535
v 0.23971762 -0.01193430 0.46013755
v 0.23459211 0.09000000 0.46164361
v 0.24301691 -0.01193430 0.47690371
v 0.23770291 0.09000000 0.47745192
v 0.24321011 -0.01193430 0.49399021
v 0.23788512 0.09000000 0.49356231
v 0.24029082 -0.01193430 0.51082671
v 0.23513260 0.09000000 0.50943702
v 0.23435661 -0.01193430 0.52685094
v 0.22953741 0.09000000 0.52454573
v 0.22560550 -0.01193430 0.54152763
v 0.22128621 0.09000000 0.53838402
v 0.21432970 -0.01193430 0.55436689
v 0.21065462 0.09000000 0.55048972
v 0.20090590 -0.01193430 0.56493992
v 0.19799770 0.09000000 0.56045872
v 0.18578221 -0.01193430 0.57289368
v 0.18373790 0.09000000 0.56795818
v 0.16946360 -0.01193430 0.57796258
v 0.16835171 0.09000000 0.57273746
v 0.15249512 -0.01193430 0.57997733
v 0.15235260 0.09000000 0.57463706
v 0.13544330 -0.01193430 0.57887065
v 0.13627490 0.09000000 0.57359368
v 0.11887760 -0.01193430 0.57467955
v 0.12065551 0.09000000 0.56964195
v 0.10335110 -0.01193430 0.56754392
v 0.10601610 0.09000000 0.56291389
v 0.09284533 0.09000000 0.55363429
v 0.08938231 -0.01193430 0.55770206
v 0.20671602 0.03903285 0.41528231
v 0.20099610 0.09000000 0.41368201
v 0.20484711 0.09000000 0.41719282
v 0.20655081 -0.01193430 0.41151640
v 0.20851642 -0.01193430 0.41330913
v 0.20278631 0.03903285 0.41169959
v 0.20457652 -0.01193430 0.40971729
v 0.20852441 -0.01193430 0.41331643
v 0.21237540 -0.01193430 0.41683272
v 0.20681991 0.09000000 0.41899353
v 0.20491570 0.09000000 0.41725543
v 0.15707371 0.03903285 0.37077171
v 0.15529191 0.09000000 0.37276170
v 0.15885539 -0.01193430 0.36878172
v 0.15885539 -0.01193430 0.36878160
v 0.14021331 0.09000000 0.33504772
v 0.14351551 0.03903285 0.33053330
v 0.14089251 0.09000000 0.33002853
v 0.14282180 0.03903285 0.33603731
v 0.14549202 -0.01193430 0.33619973
v 0.14613840 -0.01193430 0.33103809
v 0.14984991 0.03903285 0.36238450
v 0.14572521 0.09000000 0.36071593
v 0.14763960 0.09000000 0.36384231
v 0.14794691 0.09000000 0.36434409
v 0.15318970 0.03903285 0.36680901
v 0.15117842 0.09000000 0.36854121
v 0.15135582 0.09000000 0.36877152
v 0.15117842 0.09000000 0.36854112
v 0.14282180 0.03903285 0.33603722
v 0.14019820 0.09000000 0.33587611
v 0.14011201 0.09000000 0.34059912
v 0.14284050 0.03903285 0.34158072
v 0.14068781 0.09000000 0.34618071
v 0.14098831 0.09000000 0.34758502
v 0.14356470 0.03903285 0.34707671
v 0.14023110 0.09000000 0.34175432
v 0.14159031 0.09000000 0.35039774
v 0.14499001 0.03903285 0.35243922
v 0.14694871 -0.01193430 0.34973961
v 0.14626381 -0.01193430 0.34654212
v 0.14584780 -0.01193430 0.34459981
v 0.14551340 -0.01193430 0.34151623
v 0.14548430 -0.01193430 0.33626142
v 0.14710051 0.03903285 0.35757092
v 0.15213402 -0.01193430 0.36088142
v 0.15005811 -0.01193430 0.35749552
v 0.15608659 -0.01193430 0.36604750
v 0.15526351 -0.01193430 0.36502689
v 0.15281302 -0.01193430 0.36198872
v 0.14253882 0.09000000 0.35326561
v 0.14332990 0.09000000 0.35565722
v 0.14332990 0.09000000 0.35565731
v 0.14477511 0.09000000 0.35870942
v 0.14572521 0.09000000 0.36071602
v 0.14952651 -0.01193430 0.35638452
v 0.14869170 -0.01193430 0.35463932
v 0.14759621 -0.01193430 0.35155970
v 0.14617081 0.03903285 0.31622142
v 0.14926910 0.01990802 0.30362242
v 0.14840740 0.03903282 0.30262011
v 0.14783441 0.05175013 0.30195361
v 0.14358361 0.09000000 0.31551161
v 0.14683211 0.07087506 0.30187839
v 0.14582981 0.09000000 0.30180311
v 0.14951201 -0.01193430 0.31257740
v 0.15069960 -0.01193428 0.30529130
v 0.14226802 0.09000000 0.32277563
v 0.14353910 0.09000000 0.31575751
v 0.14879160 -0.01193430 0.31668341
v 0.14823630 -0.01193430 0.31984863
v 0.14582981 0.09000000 0.29994902
v -0.08000001 0.00000000 0.13350001
v -0.07836240 0.01610388 0.13350001
v -0.07836240 -0.01610388 0.13350001
v -0.07351662 -0.03154847 0.13350001
v -0.06566107 -0.04570146 0.13350001
v -0.05511736 -0.05798343 0.13350001
v -0.04231712 -0.06789155 0.13350001
v -0.02778442 -0.07502018 0.13350001
v -0.01211422 -0.07907747 0.13350001
v 0.00405193 -0.07989733 0.13350001
v 0.02005220 -0.07744617 0.13350001
v 0.03523153 -0.07182436 0.13350001
v 0.04896848 -0.06326206 0.13350001
v 0.06070065 -0.05210980 0.13350001
v 0.06994773 -0.03882416 0.13350001
v 0.07633114 -0.02394905 0.13350001
v 0.07958955 -0.00809347 0.13350001
v 0.07958955 0.00809347 0.13350001
v 0.07633114 0.02394905 0.13350001
v 0.06994773 0.03882416 0.13350001
v 0.06070065 0.05210980 0.13350001
v 0.04896848 0.06326206 0.13350001
v 0.03523153 0.07182436 0.13350001
v 0.02005220 0.07744617 0.13350001
v 0.00405193 0.07989733 0.13350001
v -0.01211422 0.07907747 0.13350001
v -0.02778442 0.07502018 0.13350001
v -0.04231712 0.06789155 0.13350001
v -0.05511736 0.05798343 0.13350001
v -0.06566107 0.04570146 0.13350001
v -0.07351662 0.03154847 0.13350001
v 0.14924741 0.08783068 0.30006272
v 0.14794701 0.09000000 0.29994902
v 0.15051380 0.08564138 0.30017751
v 0.15524681 -0.01193430 0.30529121
v 0.16208631 -0.01193430 0.29350603
v 0.15545171 -0.01193430 0.29747722
v 0.05311384 -0.01193430 0.52614099
v 0.15609801 -0.01583984 0.28025660
v 0.16081420 -0.02792455 0.22986671
v 0.15800281 -0.02792455 0.23059732
v 0.15773651 -0.02619525 0.23746450
v 0.15711839 -0.02225167 0.25353530
v 0.15639122 -0.01761184 0.27244341
v 0.11124781 -0.10712191 0.26013419
v 0.11328221 -0.11501800 0.25834441
v 0.11779381 -0.11052060 0.25465733
v 0.11328221 -0.11501800 0.25834453
v 0.11249611 -0.11213250 0.25902623
v 0.11175141 -0.10923031 0.25968352
v 0.11915530 -0.10903210 0.25365692
v 0.12008370 -0.10801701 0.25297460
v 0.12284321 -0.10500000 0.25094679
v 0.13818011 -0.11800001 0.24193431
v 0.27820340 -0.11800001 0.26997042
v 0.24981220 -0.07627289 0.24414891
v 0.15817481 -0.03141625 0.23067681
v 0.15834680 -0.03490568 0.23075651
v 0.15624781 -0.04213927 0.23161280
v 0.13823220 -0.08438885 0.24007852
v 0.14248830 -0.07724409 0.23785610
v 0.14357731 -0.07511503 0.23732851
v 0.14644051 -0.06951743 0.23594111
v 0.14938460 -0.06263229 0.23459122
v 0.14988171 -0.06146972 0.23436321
v 0.15292510 -0.05293064 0.23301931
v 0.15414381 -0.04902195 0.23249961
v 0.15568540 -0.04407755 0.23184220
v 0.12448490 -0.10313500 0.24862900
v 0.12887371 -0.09767646 0.24566291
v 0.12963140 -0.09673407 0.24515082
v 0.13463700 -0.08984581 0.24209212
v 0.13672841 -0.08669403 0.24091542
v 0.13800511 -0.08477002 0.24019702
v 0.13800511 -0.08477002 0.24019711
v 0.08708163 -0.13604201 0.25249970
v 0.07786582 -0.14156552 0.25070742
v 0.08040377 -0.14020240 0.25116903
v 0.11051371 -0.11759730 0.25769091
v 0.10032241 -0.12648261 0.25533703
v 0.08944614 -0.13454041 0.25297540
v 0.09754030 -0.12875341 0.25470772
v -0.16731541 -0.13603991 0.25249261
v 0.08913618 -0.13476211 0.25290912
v 0.10559930 -0.12217570 0.25653070
v -0.24337642 -0.11283361 0.25886312
v -0.24226332 -0.11428030 0.25852132
v -0.24502140 -0.10923031 0.25968352
v -0.24500531 -0.10942031 0.25964132
v -0.24448952 -0.11138491 0.25919670
v -0.24498932 -0.10961030 0.25959900
v -0.24480970 -0.11066891 0.25936121
v -0.24393681 -0.11262080 0.25891283
v -0.24359082 -0.11298941 0.25882599
v -0.24249101 -0.11416070 0.25854999
v -0.24060382 -0.11515190 0.25831211
v -0.23286211 -0.11764670 0.25769880
v -0.06663499 -0.10923031 0.25968352
v -0.20923391 -0.12481491 0.25581411
v -0.20836461 -0.12507871 0.25574481
v -0.17833121 -0.13327220 0.25335562
v -0.18323651 -0.13203971 0.25373992
v -0.15766440 -0.13846460 0.25173652
v -0.14925212 -0.14034221 0.25110990
v -0.12129191 -0.14634450 0.24907461
v -0.09742100 -0.15066120 0.24751872
v -0.09552322 -0.15095600 0.24740791
v -0.12205230 -0.14619130 0.24912801
v -0.13225740 -0.14413531 0.24984391
v -0.06386218 -0.15572710 0.24560282
v 0.05031810 -0.14867081 0.24824481
v -0.06856100 -0.15507241 0.24585511
v 0.00231151 -0.16173801 0.24320091
v 0.01355457 -0.16110831 0.24345912
v -0.04099511 -0.15852691 0.24449971
v -0.03817916 -0.15887171 0.24436392
v -0.00002266 -0.16183051 0.24316292
v -0.01327159 -0.16127941 0.24338922
v -0.01005821 -0.16151421 0.24329290
v 0.01534150 -0.16100821 0.24350011
v 0.02280927 -0.16021070 0.24382462
v 0.02697964 -0.15950102 0.24411012
v 0.06842463 -0.14647920 0.24902712
v 0.07134172 -0.14506941 0.24952091
v 0.05031340 -0.15371101 0.24637701
v 0.05318325 -0.15266401 0.24676850
v 0.04023056 -0.15668711 0.24522781
v 0.04117237 -0.15646301 0.24531631
v 0.03198254 -0.15864961 0.24445261
v 0.06576250 -0.14763471 0.24861091
v 0.05940882 -0.15039271 0.24761750
v -0.07304545 -0.15444770 0.24609591
v -0.06807448 -0.10457831 0.26067811
v -0.24521340 -0.10691180 0.26017922
v -0.24539921 -0.10457831 0.26067811
v -0.24559732 -0.10186911 0.26158342
v -0.24566542 -0.10082821 0.26214004
v -0.24572641 -0.09975556 0.26297161
v -0.24588202 -0.09624477 0.26712203
v -0.24583142 -0.09776864 0.26476434
v -0.24579391 -0.09857114 0.26388982
v -0.24579391 -0.09857114 0.26388991
v 0.10017321 -0.09533776 0.26960412
v -0.24588291 -0.09621812 0.26716322
v -0.24583252 -0.09500001 0.27243122
v -0.24586341 -0.09508260 0.27102572
v -0.24586341 -0.09508260 0.27102581
v -0.24588820 -0.09575316 0.26824689
v -0.24542651 -0.09500001 0.28789333
v -0.24502061 -0.09500001 0.30335552
v -0.24712220 -0.04182026 0.30614263
v -0.24713902 -0.04039964 0.30621701
v -0.24612720 -0.07507730 0.30439961
v -0.24637552 -0.07060836 0.30463392
v -0.24707852 -0.04551914 0.30594870
v -0.24718732 -0.02960036 0.30621701
v -0.24717940 -0.03500008 0.30621701
v -0.24693280 -0.01134229 0.30526021
v -0.24688181 -0.00768619 0.30506861
v -0.24571042 0.01703502 0.30377302
v -0.24592431 0.01404743 0.30392951
v -0.24330181 0.04507893 0.30230331
v -0.24476771 0.03020044 0.30308303
v -0.24571042 0.01703502 0.30377290
v -0.23765191 0.09000000 0.29994902
v -0.23927441 0.07891835 0.30052981
v -0.24688181 -0.00768619 0.30506852
v -0.24241312 0.05409981 0.30183053
v -0.23985010 0.07436612 0.30076841
v 0.14816341 0.09000000 0.29289719
v -0.23783872 0.09000000 0.29289719
v -0.08782275 0.09000000 0.29467732
v -0.23802562 0.09000000 0.28584540
v 0.14531261 0.09000000 0.29467732
v 0.14837971 0.09000000 0.28584540
v -0.23804842 0.09033705 0.28302130
v 0.14838590 0.09003737 0.28489920
v -0.23802751 0.09066146 0.28191644
v 0.14816201 0.09053310 0.28230843
v -0.23795581 0.09137234 0.28045362
v -0.23755762 0.09458338 0.27641171
v -0.23782271 0.09256945 0.27842492
v 0.14772220 0.09133577 0.28043979
v 0.14709821 0.09242315 0.27861461
v -0.23751041 0.09491781 0.27617362
v 0.14709821 0.09242315 0.27861470
v 0.14786801 0.09108172 0.28086632
v 0.14772220 0.09133577 0.28043991
v -0.23790200 0.09190480 0.27935791
v 0.14661612 0.09322792 0.27765703
v 0.14555322 0.09493516 0.27619231
v -0.23742691 0.09551031 0.27575159
v 0.14555322 0.09493516 0.27619243
v -0.23687172 0.09918261 0.27418080
v -0.04729765 0.10005680 0.27400383
v -0.23673192 0.10005680 0.27400383
v 0.14536270 0.09524113 0.27592981
v -0.23704462 0.09807627 0.27450502
v 0.14528270 0.09536380 0.27586392
v 0.14391522 0.09745832 0.27473801
v 0.14213660 0.10005680 0.27400383
v -0.21164490 0.15319261 0.26080650
v -0.20813921 0.15573031 0.25995222
v -0.20869300 0.15538390 0.26007381
v 0.04694212 0.16786550 0.25551352
v 0.05667643 0.16479371 0.25668579
v 0.04813424 0.16755831 0.25563371
v 0.06621210 0.16119510 0.25801840
v 0.05827507 0.16427632 0.25688261
v 0.06693444 0.16091460 0.25812182
v 0.07549404 0.15699531 0.25951183
v 0.03784908 0.17020871 0.25459671
v 0.03706460 0.17036021 0.25453621
v -0.03821592 0.17739271 0.25165552
v -0.00521418 0.17551051 0.25244492
v -0.03014681 0.17708690 0.25178501
v 0.02708616 0.17226312 0.25377512
v 0.01692886 0.17357852 0.25324112
v 0.02746518 0.17221411 0.25379512
v 0.03706460 0.17036021 0.25453612
v -0.05507096 0.17803141 0.25138512
v -0.08000001 0.17834611 0.25125110
v -0.09901498 0.17816301 0.25132912
v -0.18550271 0.16401361 0.25698090
v -0.09348737 0.17821620 0.25130641
v -0.15595791 0.17523040 0.25256121
v -0.15936051 0.17469551 0.25278202
v -0.12387170 0.17737110 0.25166500
v -0.14871950 0.17595232 0.25226089
v -0.16243201 0.17421281 0.25298122
v -0.19007151 0.16551511 0.25641051
v -0.18003191 0.16955762 0.25485250
v -0.18753432 0.16668132 0.25597131
v -0.17105341 0.17230600 0.25375792
v -0.17934650 0.16982041 0.25475031
v -0.16976289 0.17259140 0.25364169
v -0.19558841 0.16297922 0.25736552
v -0.19940512 0.16096182 0.25810021
v -0.20179340 0.15969941 0.25855991
v -0.22328071 0.14365110 0.26385611
v -0.21787082 0.14833851 0.26239443
v -0.22225481 0.14463700 0.26356411
v 0.10169300 0.14121900 0.26457772
v 0.09577465 0.14540781 0.26332691
v 0.09329063 0.14695311 0.26283413
v 0.08648822 0.15118501 0.26148450
v 0.08453045 0.15223931 0.26112852
v -0.21559212 0.15026242 0.26178643
v 0.08276014 0.15319261 0.26080662
v 0.08276014 0.15319261 0.26080650
v 0.07685929 0.15637021 0.25973350
v 0.10964711 0.13510151 0.26631463
v 0.10462291 0.13914540 0.26519683
v 0.11343171 0.13184610 0.26721251
v -0.22866461 0.13847691 0.26538882
v -0.22942011 0.13752280 0.26566011
v -0.22966750 0.13704550 0.26579419
v 0.11904211 0.12688811 0.26846501
v 0.11721630 0.12857191 0.26803902
v 0.11349000 0.13200842 0.26716959
v 0.13163811 0.11352731 0.27148670
v 0.13862030 0.10478271 0.27316722
v 0.13588411 0.10846020 0.27251622
v 0.12878910 0.11692721 0.27079591
v 0.12450531 0.12143730 0.26976371
v -0.23591731 0.10485750 0.27310818
v -0.23426270 0.11460850 0.27128932
v 0.12134741 0.12476210 0.26900283
v -0.23196602 0.12688321 0.26844269
v -0.23157391 0.12897851 0.26795670
v -0.23028420 0.13540511 0.26625159
v -0.22995752 0.13648599 0.26595151
v -0.18950000 -0.01000000 0.15770000
v -0.26350001 -0.01000000 0.15770000
v -0.26350001 0.01000000 0.15770000
v -0.18950000 0.01000000 0.15770000
v -0.18001860 -0.01000000 0.17075001
v -0.18001860 0.01000000 0.17075001
v -0.26350001 -0.01000000 0.17270000
v -0.19870791 -0.01000000 0.17270000
v -0.19870791 0.01000000 0.17270000
v -0.26350001 0.01000000 0.17270000
v -0.26415619 -0.01000000 0.16520001
v -0.26415619 0.01000000 0.16520001
v -0.15350001 -0.01976553 0.16750000
v -0.14593610 0.01826097 0.16750000
v -0.13952370 0.01397634 0.16750000
v -0.13523901 0.00756394 0.16750000
v -0.15350001 0.01976553 0.16750000
v -0.16106391 -0.01826097 0.16750000
v -0.16747631 -0.01397634 0.16750000
v -0.17326552 0.00000000 0.16750000
v -0.17176101 -0.00756394 0.16750000
v -0.13952370 -0.01397634 0.16750000
v -0.14593610 -0.01826097 0.16750000
v -0.13523901 -0.00756394 0.16750000
v -0.13373451 0.00000000 0.16750000
v -0.16747631 0.01397634 0.16750000
v -0.16106391 0.01826097 0.16750000
v -0.17176101 0.00756394 0.16750000
v -0.17176101 -0.00756394 0.17075001
v -0.17054920 -0.01000000 0.17075001
v -0.17326552 -0.00000000 0.17075001
v -0.17176101 0.00756394 0.17075001
v -0.17054920 0.01000000 0.17075001
v -0.22648941 -0.06923006 0.15650001
v -0.21466161 -0.06055754 0.15650001
v -0.20556842 -0.06356202 0.15650001
v -0.19956541 -0.08044983 0.15650001
v -0.22819281 -0.07675214 0.15650001
v -0.19217771 -0.09677943 0.15650001
v -0.20883381 -0.10710010 0.15650001
v -0.21908350 -0.09228984 0.15650001
v -0.19138411 -0.09896766 0.15650001
v -0.19112691 -0.10128110 0.15650001
v -0.20627551 -0.10948001 0.15650001
v -0.19224331 -0.10593731 0.15650001
v -0.20304650 -0.11081530 0.15650001
v -0.19474281 -0.10899501 0.15650001
v -0.19889322 -0.11089190 0.15650001
v -0.21908350 0.09228984 0.15650001
v -0.22648941 0.06923006 0.15650001
v -0.22819281 0.07675214 0.15650001
v -0.21466161 0.06055754 0.15650001
v -0.19956541 0.08044983 0.15650001
v -0.20556842 0.06356202 0.15650001
v -0.19217771 0.09677943 0.15650001
v -0.20883381 0.10710010 0.15650001
v -0.19138411 0.09896766 0.15650001
v -0.20627551 0.10948001 0.15650001
v -0.19112691 0.10128110 0.15650001
v -0.20304650 0.11081530 0.15650001
v -0.19195890 0.10533681 0.15650001
v -0.19825041 0.11074670 0.15650001
v -0.19473661 0.10899001 0.15650001
v -0.16935861 0.16502240 0.16750000
v -0.16502240 0.16935861 0.16750000
v -0.14883941 0.15317571 0.16750000
v -0.15317571 0.14883941 0.16750000
v -0.15317571 0.16935861 0.16750000
v -0.14883941 0.16502240 0.16750000
v -0.14725231 0.15909901 0.16750000
v -0.15909901 0.17094581 0.16750000
v -0.16502240 0.14883941 0.16750000
v -0.16935861 0.15317571 0.16750000
v -0.17094581 0.15909901 0.16750000
v -0.15909901 0.14725231 0.16750000
v 0.03622943 0.09953955 0.13350001
v 0.05296388 0.09173615 0.13350001
v 0.06808905 0.08114538 0.13350001
v 0.08114538 0.06808905 0.13350001
v 0.09173615 0.05296388 0.13350001
v 0.09953955 0.03622943 0.13350001
v 0.03622943 -0.09953955 0.13350001
v 0.01839416 -0.10431850 0.13350001
v 0.00000000 -0.10592781 0.13350001
v -0.01839416 -0.10431850 0.13350001
v -0.03622943 -0.09953955 0.13350001
v -0.05296388 -0.09173615 0.13350001
v 0.10431850 0.01839416 0.13350001
v 0.10592781 -0.00000000 0.13350001
v 0.10431850 -0.01839416 0.13350001
v 0.09953955 -0.03622943 0.13350001
v 0.09173615 -0.05296388 0.13350001
v 0.08114538 -0.06808905 0.13350001
v 0.06808905 -0.08114538 0.13350001
v 0.05296388 -0.09173615 0.13350001
v -0.08114538 0.06808905 0.13350001
v -0.06808905 0.08114538 0.13350001
v -0.05296388 0.09173615 0.13350001
v -0.03622943 0.09953955 0.13350001
v -0.01839416 0.10431850 0.13350001
v 0.00000000 0.10592781 0.13350001
v 0.01839416 0.10431850 0.13350001
v -0.06808905 -0.08114538 0.13350001
v -0.08114538 -0.06808905 0.13350001
v -0.09173615 -0.05296388 0.13350001
v -0.09953955 -0.03622943 0.13350001
v -0.10431850 -0.01839416 0.13350001
v -0.10592781 0.00000000 0.13350001
v -0.10431850 0.01839416 0.13350001
v -0.09953955 0.03622943 0.13350001
v -0.09173615 0.05296388 0.13350001
v 0.02710440 0.17238121 0.24964382
v 0.01699843 0.17429191 0.22587050
v 0.01693801 0.17367230 0.24964382
v 0.07562342 0.15726590 0.24964382
v 0.14585651 0.09574271 0.24964382
v 0.15181980 0.08602151 0.24964382
v 0.14661612 0.09322792 0.27765691
v 0.13916981 0.10519800 0.24964382
v 0.13213320 0.11395171 0.24964382
v 0.12494510 0.12186380 0.24964382
v 0.13588411 0.10846020 0.27251631
v 0.10997931 0.13551421 0.24964382
v 0.11760051 0.12899421 0.24964382
v 0.10196140 0.14159371 0.24964382
v 0.09351018 0.14729939 0.24964382
v 0.08470372 0.15255181 0.24964382
v 0.06630220 0.16141570 0.24964382
v 0.05674947 0.16500881 0.24964382
v 0.04699171 0.16804540 0.24964382
v 0.03709620 0.17050761 0.24964382
v 0.15182771 0.08602381 0.24933872
v 0.15314160 0.08640485 0.19850001
v 0.15157211 0.08912440 0.19850001
v 0.08701712 0.15278301 0.19850001
v 0.06724992 0.16247392 0.19850001
v 0.08533268 0.15367711 0.19850001
v 0.07732406 0.15792841 0.19850001
v 0.07618980 0.15844020 0.19850001
v 0.04933650 0.16876760 0.19850001
v 0.04733963 0.16928521 0.19850001
v 0.03874544 0.17151290 0.19850001
v 0.06680659 0.16264521 0.19850001
v 0.05972039 0.16538350 0.19850001
v 0.05716494 0.16621630 0.19850001
v 0.13957520 0.10687790 0.19850001
v 0.14693281 0.09645443 0.19850001
v 0.14587551 0.09812484 0.19850001
v 0.14021531 0.10598870 0.19850001
v 0.12527330 0.12344731 0.19850001
v 0.11847100 0.12995172 0.19850001
v 0.10515641 0.14092471 0.19850001
v 0.11735170 0.13102201 0.19850001
v 0.11351410 0.13434400 0.19850001
v 0.11077411 0.13650142 0.19850001
v 0.13313660 0.11481021 0.19850001
v 0.13270400 0.11534300 0.19850001
v 0.12588800 0.12277681 0.19850001
v 0.02730962 0.17368391 0.19850001
v 0.01706800 0.17500521 0.19850001
v 0.02799586 0.17359541 0.19850001
v 0.03737436 0.17177851 0.19850001
v 0.10270561 0.14263190 0.19850001
v 0.09630610 0.14708950 0.19850001
v 0.09419886 0.14838111 0.19850001
v 0.15840361 -0.03491214 0.22860181
v 0.15919730 -0.03500230 0.19850001
v 0.15877210 -0.03495399 0.21462831
v 0.08980626 -0.13508141 0.22860181
v 0.08970346 -0.13609481 0.19850001
v 0.09024164 -0.13573641 0.19850001
v 0.04034655 -0.15713370 0.22860181
v 0.03866598 -0.15837501 0.19850001
v 0.04054428 -0.15789130 0.19850001
v -0.00001137 -0.16241522 0.22083141
v -0.00000000 -0.16300000 0.19850001
v 0.00544431 -0.16277902 0.19850001
v 0.01358458 -0.16153391 0.22860181
v -0.00001530 -0.16221182 0.22860181
v 0.02705907 -0.15997870 0.22860181
v 0.05031340 -0.15371101 0.24637711
v 0.05336067 -0.15317000 0.22860181
v 0.07817666 -0.14213181 0.22860181
v 0.06600003 -0.14817020 0.22860181
v 0.10080510 -0.12709022 0.22860181
v 0.12059121 -0.10847210 0.22860181
v 0.11109061 -0.11821061 0.22860181
v 0.13702060 -0.08688296 0.22860181
v 0.12924860 -0.09796162 0.22860181
v 0.14383021 -0.07524752 0.22860181
v 0.14956421 -0.06270465 0.22860181
v 0.15427351 -0.04906247 0.22860181
v 0.15631381 -0.04503428 0.19850001
v 0.15498590 -0.04928249 0.19850001
v 0.10765260 -0.12240191 0.19850001
v 0.12237271 -0.10764801 0.19850001
v 0.12907711 -0.09948280 0.19850001
v 0.11157271 -0.11872251 0.19850001
v 0.11525290 -0.11526830 0.19850001
v 0.12114290 -0.10896420 0.19850001
v 0.14131531 -0.08141217 0.19850001
v 0.14446101 -0.07557645 0.19850001
v 0.15328032 -0.05473932 0.19850001
v 0.14596061 -0.07279449 0.19850001
v 0.14985941 -0.06409238 0.19850001
v 0.15026571 -0.06298155 0.19850001
v 0.12984870 -0.09841829 0.19850001
v 0.13534270 -0.09083867 0.19850001
v 0.13760801 -0.08726344 0.19850001
v 0.02850704 -0.16053142 0.19850001
v 0.01363591 -0.16224080 0.19850001
v 0.01803839 -0.16195151 0.19850001
v 0.02718168 -0.16071120 0.19850001
v 0.06160214 -0.15089901 0.19850001
v 0.08062749 -0.14166310 0.19850001
v 0.06628530 -0.14881212 0.19850001
v 0.07127645 -0.14658791 0.19850001
v 0.07852834 -0.14276861 0.19850001
v 0.04141174 -0.15766791 0.19850001
v 0.05160533 -0.15460311 0.19850001
v 0.05360149 -0.15386350 0.19850001
v 0.09098843 -0.13523901 0.19850001
v 0.09956401 -0.12906000 0.19850001
v 0.10125880 -0.12766491 0.19850001
v -0.00668964 -0.16286270 0.19850001
v -0.01336800 -0.16245091 0.19850001
v -0.01330339 -0.16166571 0.22858551
v -0.01331980 -0.16186520 0.22094461
v -0.20943481 -0.12551041 0.22858551
v -0.23336151 -0.11911461 0.19850001
v -0.20965031 -0.12625751 0.19850001
v -0.24083911 -0.11587600 0.22923282
v -0.17850420 -0.13394921 0.22858551
v -0.14939891 -0.14099661 0.22858551
v -0.12215561 -0.14672391 0.22858551
v -0.09560612 -0.15146281 0.22858551
v -0.04104507 -0.15897220 0.22858551
v -0.06862419 -0.15553020 0.22858551
v -0.09800470 -0.15186550 0.19850001
v -0.09572972 -0.15221581 0.19850001
v -0.07320624 -0.15568371 0.19850001
v -0.24084580 -0.11589660 0.22840610
v -0.24108781 -0.11664141 0.19850001
v -0.24084441 -0.11589220 0.22858551
v -0.15807061 -0.13980111 0.19850001
v -0.20882821 -0.12650511 0.19850001
v -0.18366902 -0.13342181 0.19850001
v -0.17868830 -0.13466300 0.19850001
v -0.06873102 -0.15630431 0.19850001
v -0.06569274 -0.15672570 0.19850001
v -0.04112944 -0.15973200 0.19850001
v -0.03917174 -0.15997161 0.19850001
v -0.14955521 -0.14168520 0.19850001
v -0.13254790 -0.14544821 0.19850001
v -0.12225840 -0.14750640 0.19850001
v -0.24517812 -0.10962741 0.25235853
v -0.24578121 -0.10968200 0.22923282
v -0.24529371 -0.11171070 0.22923282
v -0.24424352 -0.11351581 0.22923282
v -0.24271832 -0.11494381 0.22923282
v -0.24578601 -0.10968251 0.22904950
v -0.24658272 -0.10975461 0.19850001
v -0.24637732 -0.11097170 0.19850001
v -0.24317862 -0.11560400 0.19850001
v -0.24317710 -0.11560471 0.19850001
v -0.24628341 -0.11131470 0.19850001
v -0.24597400 -0.11197921 0.19850001
v -0.24529861 -0.11343001 0.19850001
v -0.24509571 -0.11372390 0.19850001
v -0.24484062 -0.11398550 0.19850001
v -0.24346672 -0.11539431 0.19850001
v -0.23064011 0.13548070 0.25235853
v -0.23648091 0.10495391 0.25235853
v -0.24115612 0.07454371 0.25235853
v -0.24468450 0.04522173 0.25235853
v -0.24708211 0.01712525 0.25235853
v -0.24853331 -0.04183709 0.25235853
v -0.24836151 -0.01130707 0.25235853
v -0.24753952 -0.07514530 0.25235853
v -0.24583142 -0.09776864 0.26476419
v -0.24542651 -0.09500001 0.28789341
v -0.24947521 -0.00182164 0.19850001
v -0.24973850 -0.01127302 0.19850001
v -0.24947511 -0.06231990 0.19850001
v -0.24988021 -0.01635602 0.19850001
v -0.24997291 -0.03904449 0.19850001
v -0.24991281 -0.04185328 0.19850001
v -0.23115191 0.13558941 0.23237580
v -0.23201962 0.13577381 0.19850001
v -0.23645781 0.11319880 0.19850001
v -0.23114671 0.13558830 0.23257901
v -0.24356572 0.06708314 0.19850001
v -0.24606150 0.04536441 0.19850001
v -0.23780131 0.10518071 0.19850001
v -0.24028032 0.09038607 0.19850001
v -0.24248831 0.07472526 0.19850001
v -0.24836691 -0.08596592 0.19850001
v -0.24887101 -0.07520925 0.19850001
v -0.24630411 0.04325275 0.19850001
v -0.24827321 0.02039883 0.19850001
v -0.24844542 0.01721528 0.19850001
v -0.22927922 0.13907720 0.23257901
v -0.23045801 0.13746880 0.23257901
v -0.23169401 0.13689451 0.19850001
v -0.22928730 0.13908510 0.23214501
v -0.22929111 0.13908881 0.23194441
v -0.23123991 0.13788831 0.19850001
v -0.23120901 0.13795580 0.19850001
v -0.22991762 0.13970071 0.19850001
v -0.15945101 0.17527141 0.23214501
v -0.15561721 0.17670040 0.19850001
v -0.15957461 0.17606060 0.19850001
v -0.16990541 0.17317732 0.23214501
v -0.18023461 0.17014240 0.23214501
v -0.19035311 0.16614820 0.23214501
v -0.20855661 0.15635762 0.23214501
v -0.19974601 0.16160351 0.23214501
v -0.21840692 0.14899860 0.23214501
v -0.22386640 0.14429672 0.23214501
v -0.19497831 0.16498822 0.19850001
v -0.21008772 0.15638421 0.19850001
v -0.21680342 0.15141800 0.19850001
v -0.20012131 0.16231081 0.19850001
v -0.20323731 0.16068861 0.19850001
v -0.20902321 0.15705301 0.19850001
v -0.14876790 0.17665461 0.22538051
v -0.14881630 0.17735681 0.19850001
v -0.14876790 0.17665461 0.22538041
v -0.14875571 0.17647780 0.23214501
v -0.17806952 0.17179132 0.19850001
v -0.16473371 0.17522651 0.19850001
v -0.16941130 0.17420320 0.19850001
v -0.17010832 0.17400901 0.19850001
v -0.22443120 0.14492111 0.19850001
v -0.22345571 0.14584932 0.19850001
v -0.21892980 0.14963791 0.19850001
v -0.18049832 0.17090920 0.19850001
v -0.18659651 0.16869451 0.19850001
v -0.19068010 0.16688880 0.19850001
v -0.03815509 0.17885160 0.19850001
v 0.01349478 0.17517760 0.20495091
v 0.01419187 0.17506732 0.20664302
v 0.01222365 0.17534931 0.20291722
v 0.01227673 0.17546082 0.19850001
v 0.00748332 0.17589341 0.19850001
v 0.00808703 0.17583060 0.19886671
v 0.01057926 0.17555451 0.20086612
v 0.01179961 0.17540661 0.20223881
v 0.01470326 0.17495941 0.20889771
v 0.01489865 0.17491820 0.20975921
v 0.01499971 0.17486031 0.21159321
v 0.01463997 0.17481111 0.21476670
v 0.01446680 0.17481181 0.21536592
v 0.01412557 0.17481311 0.21654661
v 0.01273707 0.17486781 0.21942262
v 0.01147749 0.17493962 0.22111952
v 0.00938926 0.17507492 0.22319792
v 0.01165359 0.17492822 0.22094432
v 0.00786021 0.17518270 0.22427571
v 0.00630565 0.17529811 0.22501661
v 0.00497402 0.17539701 0.22565132
v 0.00318148 0.17553510 0.22615872
v 0.00000000 0.17578670 0.22650000
v -0.00388119 0.17610431 0.22598921
v -0.00564156 0.17625271 0.22539870
v -0.00072357 0.17584510 0.22648251
v -0.00846196 0.17649890 0.22388531
v -0.00992146 0.17663230 0.22275011
v -0.00631280 0.17631130 0.22503851
v -0.01144213 0.17678121 0.22108871
v -0.01208198 0.17684381 0.22038962
v -0.01308106 0.17695200 0.21884070
v -0.01446841 0.17713530 0.21536750
v -0.01477109 0.17718810 0.21411051
v -0.01446841 0.17713530 0.21536741
v -0.01434018 0.17711291 0.21589991
v -0.01498878 0.17728610 0.21091992
v -0.01480459 0.17732210 0.20908672
v -0.01474998 0.17732382 0.20888811
v -0.01395684 0.17734732 0.20600392
v -0.01317506 0.17733921 0.20432942
v -0.01220813 0.17731020 0.20293160
v -0.01135655 0.17728470 0.20170061
v -0.01006737 0.17722981 0.20038031
v -0.00748332 0.17709461 0.19850001
v -0.09350641 0.17963621 0.19850001
v 0.00748332 0.19250001 0.19850001
v 0.01227807 0.19250001 0.20288320
v 0.01476988 0.19250001 0.20888261
v 0.01449138 0.19250001 0.21537301
v 0.01149479 0.19250001 0.22113691
v 0.00634218 0.19250001 0.22509332
v 0.00786021 0.17518270 0.22427562
v -0.00000000 0.19250001 0.22650000
v -0.00634218 0.19250001 0.22509332
v -0.01149479 0.19250001 0.22113691
v -0.01449138 0.19250001 0.21537301
v -0.01476988 0.19250001 0.20888261
v -0.01477109 0.17718810 0.21411061
v -0.01227807 0.19250001 0.20288320
v -0.00748332 0.19250001 0.19850001
v -0.18868160 0.01000000 0.18650001
v -0.17054920 0.01000000 0.18650001
v -0.18868160 -0.01000000 0.18650001
v -0.17054920 -0.01000000 0.18650001
v -0.16747631 0.01397634 0.18650001
v -0.16106391 0.01826097 0.18650001
v -0.15350001 0.01976553 0.18650001
v -0.14593610 0.01826097 0.18650001
v -0.13952370 0.01397634 0.18650001
v -0.13523901 0.00756394 0.18650001
v -0.13373451 -0.00000000 0.18650001
v -0.13523901 -0.00756394 0.18650001
v -0.13952370 -0.01397634 0.18650001
v -0.14593610 -0.01826097 0.18650001
v -0.15350001 -0.01976553 0.18650001
v -0.16106391 -0.01826097 0.18650001
v -0.16747631 -0.01397634 0.18650001
v -0.20304650 -0.11081530 0.18650001
v -0.19889322 -0.11089190 0.18650001
v -0.19474281 -0.10899501 0.18650001
v -0.19224331 -0.10593731 0.18650001
v -0.19112691 -0.10128110 0.18650001
v -0.19217771 -0.09677943 0.18650001
v -0.19138411 -0.09896766 0.18650001
v -0.19956541 -0.08044983 0.18650001
v -0.20556842 -0.06356202 0.18650001
v -0.21466161 -0.06055754 0.18650001
v -0.22648941 -0.06923006 0.18650001
v -0.22819281 -0.07675214 0.18650001
v -0.21908350 -0.09228984 0.18650001
v -0.20883381 -0.10710010 0.18650001
v -0.20627551 -0.10948001 0.18650001
v -0.23843610 0.08694171 0.18650001
v -0.22979650 0.13560730 0.19250001
v -0.22959161 0.13556361 0.18650001
v -0.24759011 -0.06089247 0.19850001
v -0.24432340 -0.11022361 0.19250001
v -0.24453212 -0.11024290 0.19850001
v -0.23885041 0.08700421 0.19850001
v -0.23000142 0.13565101 0.19850001
v -0.24474411 0.03791160 0.19850001
v -0.24432671 0.03787424 0.18650001
v -0.24766092 -0.01144741 0.19850001
v -0.24724202 -0.01145947 0.18650001
v -0.24717131 -0.06087920 0.18650001
v -0.24411482 -0.11020441 0.18650001
v -0.22938551 0.13625510 0.18650001
v -0.22934061 0.13685641 0.19250001
v -0.22855882 0.13793351 0.19250001
v -0.22840811 0.13778800 0.18650001
v -0.22907351 0.13690570 0.18650001
v -0.22914651 0.13675360 0.18650001
v -0.22917141 0.13752511 0.19850001
v -0.22870961 0.13807900 0.19850001
v -0.22952272 0.13695301 0.19850001
v -0.22954881 0.13691051 0.19850001
v -0.21525882 0.15010731 0.19850001
v -0.16654082 0.17280272 0.19850001
v -0.14867871 0.17536150 0.19850001
v -0.14864992 0.17494351 0.18650001
v -0.16645110 0.17239331 0.18650001
v -0.18383631 0.16765802 0.19850001
v -0.18368770 0.16726622 0.18650001
v -0.20019300 0.16003820 0.19850001
v -0.19998862 0.15967239 0.18650001
v -0.21500310 0.14977531 0.18650001
v -0.19112691 0.10128110 0.18650001
v -0.19138411 0.09896766 0.18650001
v -0.19217771 0.09677943 0.18650001
v -0.19195890 0.10533681 0.18650001
v -0.19473661 0.10899001 0.18650001
v -0.19825041 0.11074670 0.18650001
v -0.20304650 0.11081530 0.18650001
v -0.20627551 0.10948001 0.18650001
v -0.20883381 0.10710010 0.18650001
v -0.21908350 0.09228984 0.18650001
v -0.22819281 0.07675214 0.18650001
v -0.22648941 0.06923006 0.18650001
v -0.21466161 0.06055754 0.18650001
v -0.20556842 0.06356202 0.18650001
v -0.19956541 0.08044983 0.18650001
v -0.14725231 0.15909901 0.18650001
v -0.14883941 0.15317571 0.18650001
v -0.15317571 0.14883941 0.18650001
v -0.15909901 0.14725231 0.18650001
v -0.16502240 0.14883941 0.18650001
v -0.16935861 0.15317571 0.18650001
v -0.17094581 0.15909901 0.18650001
v -0.16935861 0.16502240 0.18650001
v -0.16502240 0.16935861 0.18650001
v -0.15909901 0.17094581 0.18650001
v -0.15317571 0.16935861 0.18650001
v -0.14883941 0.16502240 0.18650001
v -0.01362629 -0.10630790 0.16350001
v -0.01866718 -0.10586680 0.16350001
v -0.03138998 -0.10245781 0.16350001
v -0.03676717 -0.10101701 0.16350001
v -0.04824537 -0.09566458 0.16350001
v -0.05375000 -0.09309774 0.16350001
v -0.06370918 -0.08612424 0.16350001
v -0.06909966 -0.08234978 0.16350001
v -0.07733815 -0.07411130 0.16350001
v -0.08234978 -0.06909966 0.16350001
v -0.08874170 -0.05997106 0.16350001
v -0.09309774 -0.05375000 0.16350001
v -0.09759309 -0.04410966 0.16350001
v -0.10101701 -0.03676717 0.16350001
v -0.10363881 -0.02698246 0.16350001
v -0.10586680 -0.01866718 0.16350001
v -0.10670550 -0.00908101 0.16350001
v -0.10750000 0.00000000 0.16350001
v -0.10670550 0.00908101 0.16350001
v -0.10586680 0.01866718 0.16350001
v -0.10363881 0.02698246 0.16350001
v -0.10101701 0.03676717 0.16350001
v -0.09759309 0.04410966 0.16350001
v -0.09309774 0.05375000 0.16350001
v -0.08874170 0.05997106 0.16350001
v -0.08234978 0.06909966 0.16350001
v -0.07733815 0.07411130 0.16350001
v -0.06909966 0.08234978 0.16350001
v -0.06370918 0.08612424 0.16350001
v -0.05375000 0.09309774 0.16350001
v -0.04824537 0.09566458 0.16350001
v -0.03676717 0.10101701 0.16350001
v -0.03138998 0.10245781 0.16350001
v -0.01866718 0.10586680 0.16350001
v -0.01362629 0.10630790 0.16350001
v 0.00000000 0.10750000 0.16350001
v 0.00453618 0.10710311 0.16350001
v 0.01866718 0.10586680 0.16350001
v 0.02257627 0.10481940 0.16350001
v 0.03676717 0.10101701 0.16350001
v 0.03997602 0.09952066 0.16350001
v 0.05375000 0.09309774 0.16350001
v 0.05623555 0.09135734 0.16350001
v 0.06909966 0.08234978 0.16350001
v 0.07088736 0.08056211 0.16350001
v 0.08234978 0.06909966 0.16350001
v 0.08350965 0.06744319 0.16350001
v 0.09309774 0.05375000 0.16350001
v 0.09373859 0.05237571 0.16350001
v 0.10101701 0.03676717 0.16350001
v 0.10127851 0.03579088 0.16350001
v 0.10586680 0.01866718 0.16350001
v 0.10591090 0.01816384 0.16350001
v 0.10750000 -0.00000000 0.16350001
v 0.10591090 -0.01816384 0.16350001
v 0.10586680 -0.01866718 0.16350001
v 0.10127851 -0.03579088 0.16350001
v 0.10101701 -0.03676717 0.16350001
v 0.09373859 -0.05237571 0.16350001
v 0.09309774 -0.05375000 0.16350001
v 0.08350965 -0.06744319 0.16350001
v 0.08234978 -0.06909966 0.16350001
v 0.07088736 -0.08056211 0.16350001
v 0.06909966 -0.08234978 0.16350001
v 0.05623555 -0.09135734 0.16350001
v 0.05375000 -0.09309774 0.16350001
v 0.03997602 -0.09952066 0.16350001
v 0.03676717 -0.10101701 0.16350001
v 0.02257627 -0.10481940 0.16350001
v 0.01866718 -0.10586680 0.16350001
v 0.00453618 -0.10710311 0.16350001
v 0.00000000 -0.10750000 0.16350001
v -0.03825631 0.17643461 0.18650001
v 0.01685353 0.17280611 0.19250001
v 0.01683319 0.17259760 0.18650001
v -0.03823878 0.17685331 0.19850001
v 0.01687387 0.17301461 0.19850001
v -0.09347939 0.17763640 0.19850001
v -0.09347375 0.17721741 0.18650001
v 0.04046321 0.16906071 0.19850001
v 0.08491172 0.15168650 0.19850001
v 0.10492940 0.13859521 0.19850001
v -0.24440731 -0.11098131 0.19850001
v -0.24412651 -0.11162730 0.19850001
v -0.24374081 -0.11251430 0.19850001
v -0.24341601 -0.11286420 0.19850001
v 0.12296060 0.12288000 0.19850001
v 0.06328652 0.16190621 0.19850001
v -0.24259591 -0.11374781 0.19850001
v -0.24238621 -0.11385851 0.19850001
v 0.13866390 0.10483851 0.19850001
v -0.01320397 -0.16045760 0.19850001
v 0.01002952 -0.16068731 0.19850001
v -0.10560361 -0.14849031 0.19850001
v -0.05954351 -0.15555280 0.19850001
v 0.03305412 -0.15757041 0.19850001
v 0.11374591 -0.11394241 0.19850001
v 0.12896210 -0.09638347 0.19850001
v -0.19648451 -0.12795821 0.19850001
v -0.24110721 -0.11453351 0.19850001
v 0.05539034 -0.15117180 0.19850001
v 0.09616078 -0.12912831 0.19850001
v 0.14149250 -0.07681721 0.19850001
v 0.15107600 -0.05565112 0.19850001
v 0.15722020 -0.03468167 0.19850001
v 0.15125211 0.08568320 0.19850001
v -0.15128380 -0.13928540 0.19850001
v 0.07657293 -0.14162481 0.19850001
v -0.24104221 -0.11433430 0.19250001
v -0.24228302 -0.11371671 0.19250001
v -0.24214901 -0.11351670 0.18650001
v -0.24097721 -0.11413511 0.18650001
v -0.24399531 -0.11157630 0.19250001
v -0.24374332 -0.11147271 0.18650001
v -0.24329540 -0.11277321 0.19250001
v -0.24400002 -0.11088271 0.18650001
v -0.24338911 -0.11228640 0.18650001
v -0.24309251 -0.11260591 0.18650001
v -0.24234040 -0.11341571 0.18650001
v 0.02379716 0.15689060 0.18650001
v 0.04036567 0.16865321 0.18650001
v 0.05786057 0.16347921 0.18650001
v 0.05477995 0.15333691 0.18650001
v 0.02533575 0.15105820 0.18650001
v 0.05179321 0.14779970 0.18650001
v 0.02913888 0.14604650 0.18650001
v 0.04688771 0.14386050 0.18650001
v 0.03459206 0.14290901 0.18650001
v 0.04083622 0.14213990 0.18650001
v 0.01892003 0.16190770 0.18650001
v -0.00316877 0.16388202 0.18650001
v -0.04648877 -0.14608032 0.18650001
v -0.04780677 -0.15658040 0.18650001
v -0.05948969 -0.15513730 0.18650001
v -0.07686682 -0.13805480 0.18650001
v -0.07340002 -0.13287310 0.18650001
v -0.06153354 -0.12826981 0.18650001
v -0.06794912 -0.12932810 0.18650001
v -0.05010733 -0.13387740 0.18650001
v -0.04701942 -0.13959971 0.18650001
v -0.05523286 -0.12987641 0.18650001
v -0.13532981 0.11146310 0.18650001
v -0.14862521 0.09437507 0.18650001
v -0.11994651 0.12669870 0.18650001
v -0.10273111 0.13982871 0.18650001
v -0.08466421 0.15029050 0.18650001
v -0.04628199 0.15029050 0.18650001
v -0.02529634 0.16535962 0.18650001
v -0.10553041 -0.14807771 0.18650001
v -0.12222441 -0.12468010 0.18650001
v -0.10638501 -0.13732761 0.18650001
v -0.09457876 -0.13938080 0.18650001
v -0.08274849 -0.14129041 0.18650001
v -0.16925150 0.04900056 0.18650001
v -0.16803391 0.04221002 0.18650001
v -0.19637321 -0.12755421 0.18650001
v -0.15288970 -0.02931906 0.18650001
v -0.15934360 -0.03175652 0.18650001
v -0.14429051 -0.02625207 0.18650001
v -0.13702041 -0.02072942 0.18650001
v -0.13175960 -0.01326770 0.18650001
v -0.12900011 -0.00456491 0.18650001
v -0.12900011 0.00456491 0.18650001
v -0.15288970 0.02931906 0.18650001
v -0.14429051 0.02625207 0.18650001
v -0.13702041 0.02072942 0.18650001
v -0.13175960 0.01326770 0.18650001
v -0.16459700 0.03622825 0.18650001
v -0.15934360 0.03175652 0.18650001
v -0.15961181 0.07571863 0.18650001
v -0.16459700 -0.03622825 0.18650001
v -0.16803391 -0.04221002 0.18650001
v -0.16925150 -0.04900056 0.18650001
v -0.16810711 0.05580383 0.18650001
v -0.16810711 -0.05580383 0.18650001
v -0.15995330 -0.07503866 0.18650001
v -0.14947471 -0.09311238 0.18650001
v -0.13683310 -0.10974531 0.18650001
v -0.15119141 -0.13887660 0.18650001
v 0.11186741 -0.01918159 0.16950001
v 0.10701661 -0.03781136 0.16950001
v 0.09908710 -0.05535338 0.16950001
v 0.08830707 -0.07130297 0.16950001
v 0.07498659 -0.08520132 0.16950001
v 0.05950888 -0.09664857 0.16950001
v 0.04231921 -0.10531540 0.16950001
v 0.02391210 -0.11095250 0.16950001
v 0.00481708 -0.11339770 0.16950001
v -0.01441652 -0.11258071 0.16950001
v -0.03323539 -0.10852491 0.16950001
v -0.05109812 -0.10134710 0.16950001
v -0.06749087 -0.09125368 0.16950001
v -0.08194202 -0.07853506 0.16950001
v -0.09403585 -0.06355714 0.16950001
v -0.10342441 -0.04675079 0.16950001
v -0.10983770 -0.02859951 0.16950001
v -0.11309111 -0.00962547 0.16950001
v -0.11309111 0.00962547 0.16950001
v -0.10983770 0.02859951 0.16950001
v -0.10342441 0.04675079 0.16950001
v -0.09403585 0.06355714 0.16950001
v -0.08194202 0.07853506 0.16950001
v -0.06749087 0.09125368 0.16950001
v -0.05109812 0.10134710 0.16950001
v -0.03323539 0.10852491 0.16950001
v -0.01441652 0.11258071 0.16950001
v 0.00481708 0.11339770 0.16950001
v 0.02391210 0.11095250 0.16950001
v 0.04231921 0.10531540 0.16950001
v 0.05950888 0.09664857 0.16950001
v 0.07498659 0.08520132 0.16950001
v 0.08830707 0.07130297 0.16950001
v 0.09908710 0.05535338 0.16950001
v 0.10701661 0.03781136 0.16950001
v 0.11186741 0.01918159 0.16950001
v 0.11350001 0.00000000 0.16950001
v 0.02336779 0.15669820 0.17806572
v 0.02293349 0.15650091 0.16950001
v 0.01850765 0.16105370 0.16950001
v 0.01871383 0.16148071 0.17800000
v 0.05563242 0.15307800 0.16950001
v 0.05247783 0.14722961 0.16950001
v 0.04729659 0.14306901 0.16950001
v 0.04090496 0.14125170 0.16950001
v 0.03430983 0.14206392 0.16950001
v 0.02855015 0.14537781 0.16950001
v 0.02453327 0.15067121 0.16950001
v 0.05819471 0.16304511 0.17799221
v 0.05852788 0.16261061 0.16950001
v 0.13785610 0.10422771 0.16950001
v 0.15075231 0.08553804 0.18400002
v 0.15025251 0.08539271 0.16950001
v 0.12224431 0.12216411 0.16950001
v 0.10431810 0.13778780 0.16950001
v 0.08441706 0.15080281 0.16950001
v 0.06291784 0.16096300 0.16950001
v 0.15671112 -0.03463885 0.18400002
v 0.15620200 -0.03459594 0.16950001
v 0.00996643 -0.15967661 0.16950001
v -0.01316245 -0.15995301 0.18400002
v -0.01312092 -0.15944831 0.16950001
v 0.03284621 -0.15657930 0.16950001
v 0.05504192 -0.15022092 0.16950001
v 0.07609130 -0.14073400 0.16950001
v 0.09555593 -0.12831600 0.16950001
v 0.11303041 -0.11322571 0.16950001
v 0.12815090 -0.09577721 0.16950001
v 0.14060241 -0.07633404 0.16950001
v 0.15012571 -0.05530107 0.16950001
v -0.02999867 -0.15791500 0.16950001
v -0.04732728 -0.15633771 0.17799871
v -0.04684791 -0.15609491 0.16950001
v -0.04560477 -0.14619119 0.16950001
v -0.07402861 -0.13224171 0.16950001
v -0.07721500 -0.13774182 0.17806502
v -0.07756649 -0.13742281 0.16950001
v -0.06827133 -0.12849750 0.16950001
v -0.06149516 -0.12737970 0.16950001
v -0.05484034 -0.12907660 0.16950001
v -0.04942672 -0.13330251 0.16950001
v -0.04616525 -0.13934641 0.16950001
v -0.08283018 -0.14082691 0.17800000
v -0.08291183 -0.14036341 0.16950001
v -0.09448388 -0.13849331 0.16950001
v -0.10620900 -0.13690670 0.17800000
v -0.10603290 -0.13648580 0.16950001
v -0.16726670 -0.05550781 0.16950001
v -0.15915631 -0.07464059 0.16950001
v -0.14873321 -0.09261844 0.16950001
v -0.13615872 -0.10916311 0.16950001
v -0.12162751 -0.12401871 0.16950001
v -0.15272231 -0.03019411 0.16950001
v -0.15889080 -0.03252380 0.16950001
v -0.16391191 -0.03679780 0.16950001
v -0.16719680 -0.04251507 0.16950001
v -0.16836061 -0.04900536 0.16950001
v -0.15272231 0.03019411 0.16950001
v -0.14386632 0.02703559 0.16950001
v -0.13637932 0.02134811 0.16950001
v -0.13096151 0.01366369 0.16950001
v -0.12811960 0.00470115 0.16950001
v -0.12811960 -0.00470115 0.16950001
v -0.13096151 -0.01366369 0.16950001
v -0.13637932 -0.02134811 0.16950001
v -0.14386632 -0.02703559 0.16950001
v -0.16836061 0.04900536 0.16950001
v -0.16768691 0.05565582 0.17800000
v -0.16726670 0.05550781 0.16950001
v -0.16719680 0.04251507 0.16950001
v -0.16391191 0.03679780 0.16950001
v -0.15889080 0.03252380 0.16950001
v -0.10223760 0.13908701 0.16950001
v -0.08455922 0.14984500 0.17800000
v -0.08445407 0.14939961 0.16950001
v -0.11936171 0.12602662 0.16950001
v -0.13466342 0.11087181 0.16950001
v -0.14788820 0.09387445 0.16950001
v -0.15881661 0.07531697 0.16950001
v -0.04599524 0.14939961 0.16950001
v -0.02516416 0.16490610 0.17800000
v -0.02503201 0.16445251 0.16950001
v -0.00324336 0.16299410 0.16950001
f 1 2 3
f 4 5 6
f 7 8 9
f 10 11 12
f 1 13 12
f 14 15 16
f 17 18 19
f 20 21 22
f 1 20 22
f 23 24 15
f 1 23 15
f 25 23 1
f 12 25 1
f 26 27 28
f 4 29 30
f 8 4 30
f 5 4 8
f 31 5 8
f 32 33 34
f 8 32 34
f 35 32 8
f 36 35 8
f 37 35 36
f 38 39 13
f 1 38 13
f 40 38 1
f 41 40 1
f 27 42 43
f 44 31 8
f 45 44 8
f 46 44 45
f 47 48 36
f 8 47 36
f 49 47 8
f 30 49 8
f 50 42 51
f 52 53 54
f 42 52 54
f 55 43 42
f 56 55 42
f 57 55 56
f 18 17 45
f 8 18 45
f 1 18 8
f 7 1 8
f 20 1 7
f 58 59 56
f 42 58 56
f 60 58 42
f 54 60 42
f 42 27 26
f 61 42 26
f 62 42 61
f 1 15 14
f 42 1 14
f 2 1 42
f 62 2 42
f 63 2 62
f 64 65 52
f 42 64 52
f 66 64 42
f 50 66 42
f 67 68 69
f 70 67 69
f 67 71 72
f 73 67 72
f 74 67 73
f 75 76 77
f 78 79 68
f 67 78 68
f 80 78 67
f 74 80 67
f 81 80 74
f 70 69 82
f 83 70 82
f 76 70 83
f 70 76 75
f 84 70 75
f 85 70 84
f 86 87 88
f 70 86 88
f 89 86 70
f 85 89 70
f 90 91 92
f 93 94 95
f 96 93 95
f 97 93 96
f 98 99 100
f 91 90 97
f 96 91 97
f 101 91 96
f 102 101 96
f 103 101 102
f 104 103 102
f 105 104 102
f 106 105 102
f 99 105 106
f 105 99 98
f 107 105 98
f 108 105 107
f 109 110 111
f 105 109 111
f 112 109 105
f 108 112 105
f 20 113 114
f 115 20 114
f 21 20 115
f 116 21 115
f 8 117 118
f 119 8 118
f 9 8 119
f 113 9 119
f 7 9 113
f 20 7 113
f 32 120 121
f 122 32 121
f 33 32 122
f 117 33 122
f 34 33 117
f 8 34 117
f 36 123 124
f 125 36 124
f 37 36 125
f 120 37 125
f 35 37 120
f 32 35 120
f 123 36 48
f 47 123 48
f 126 123 47
f 49 126 47
f 127 126 49
f 26 128 129
f 130 26 129
f 61 26 130
f 131 61 130
f 132 127 49
f 30 132 49
f 133 132 30
f 29 133 30
f 134 133 29
f 4 134 29
f 135 134 4
f 6 135 4
f 136 135 6
f 5 136 6
f 137 136 5
f 31 137 5
f 138 137 31
f 44 138 31
f 139 138 44
f 46 139 44
f 140 139 46
f 45 140 46
f 141 140 45
f 17 142 45
f 143 142 17
f 19 143 17
f 144 143 19
f 18 144 19
f 145 144 18
f 1 145 18
f 146 145 1
f 3 146 1
f 147 146 3
f 2 148 3
f 149 148 2
f 63 149 2
f 131 149 63
f 62 131 63
f 61 131 62
f 43 150 151
f 152 43 151
f 27 43 153
f 128 27 153
f 28 27 128
f 26 28 128
f 56 154 155
f 156 56 155
f 57 56 156
f 150 57 156
f 55 57 150
f 43 55 150
f 60 157 158
f 159 60 158
f 58 60 159
f 154 58 159
f 59 58 154
f 56 59 154
f 157 60 54
f 53 157 54
f 160 157 53
f 52 160 53
f 161 160 52
f 162 161 52
f 65 162 52
f 163 162 65
f 64 163 65
f 164 163 64
f 66 164 64
f 165 164 66
f 50 165 66
f 166 165 50
f 51 166 50
f 167 166 51
f 42 167 51
f 168 167 42
f 14 168 42
f 169 168 14
f 16 169 14
f 170 169 16
f 15 170 16
f 171 170 15
f 24 171 15
f 172 171 24
f 23 172 24
f 173 172 23
f 25 173 23
f 174 173 25
f 12 174 25
f 175 174 12
f 11 175 12
f 176 175 11
f 10 176 11
f 177 176 13
f 39 177 13
f 178 177 39
f 38 178 39
f 179 178 38
f 40 179 38
f 116 179 40
f 41 116 40
f 21 116 22
f 180 181 72
f 71 180 72
f 182 180 71
f 67 182 71
f 183 182 67
f 184 185 74
f 73 184 74
f 186 187 81
f 74 186 81
f 188 186 74
f 185 188 74
f 189 190 80
f 81 191 80
f 192 191 81
f 187 192 81
f 193 194 78
f 80 193 78
f 195 193 80
f 196 195 80
f 197 198 79
f 78 197 79
f 199 197 78
f 194 199 78
f 200 201 68
f 79 200 68
f 202 200 79
f 198 202 79
f 203 204 69
f 68 203 69
f 205 203 68
f 201 205 68
f 206 207 82
f 69 206 82
f 208 206 69
f 204 208 69
f 209 210 76
f 83 209 76
f 211 209 83
f 82 207 212
f 213 82 212
f 83 82 213
f 214 83 213
f 211 83 214
f 215 216 77
f 76 215 77
f 217 215 76
f 210 217 76
f 218 219 75
f 77 218 75
f 220 218 77
f 216 220 77
f 221 222 84
f 75 221 84
f 223 221 75
f 219 223 75
f 224 225 85
f 84 224 85
f 226 224 84
f 222 226 84
f 227 228 89
f 85 227 89
f 229 227 85
f 225 229 85
f 230 231 86
f 89 230 86
f 232 230 89
f 228 232 89
f 233 234 87
f 86 233 87
f 235 233 86
f 231 235 86
f 236 237 88
f 87 236 88
f 238 236 87
f 234 238 87
f 239 183 67
f 70 239 67
f 240 239 70
f 88 240 70
f 241 240 88
f 237 241 88
f 242 184 73
f 72 242 73
f 181 242 72
f 243 244 95
f 94 243 95
f 108 245 246
f 247 248 102
f 96 247 102
f 249 250 106
f 102 249 106
f 251 249 102
f 248 251 102
f 252 253 99
f 106 252 99
f 254 252 106
f 250 254 106
f 255 256 100
f 99 255 100
f 257 255 99
f 253 257 99
f 258 259 98
f 100 258 98
f 260 258 100
f 256 260 100
f 98 259 261
f 262 98 261
f 107 98 262
f 107 262 263
f 264 107 263
f 108 107 264
f 265 108 264
f 245 108 265
f 266 267 112
f 108 266 112
f 268 266 108
f 246 268 108
f 269 270 109
f 112 269 109
f 271 269 112
f 267 271 112
f 272 273 110
f 109 272 110
f 274 272 109
f 270 274 109
f 275 276 111
f 110 275 111
f 277 275 110
f 273 277 110
f 278 279 105
f 111 278 105
f 280 278 111
f 276 280 111
f 281 282 104
f 105 281 104
f 283 281 105
f 279 283 105
f 284 285 103
f 104 284 103
f 286 284 104
f 282 286 104
f 287 288 101
f 103 287 101
f 289 287 103
f 285 289 103
f 290 291 91
f 101 290 91
f 292 290 101
f 288 292 101
f 293 294 92
f 91 293 92
f 295 293 91
f 291 295 91
f 296 297 90
f 92 296 90
f 298 296 92
f 294 298 92
f 299 300 93
f 97 299 93
f 301 299 97
f 90 301 97
f 302 301 90
f 297 302 90
f 303 247 96
f 95 303 96
f 244 303 95
f 304 243 94
f 93 304 94
f 300 304 93
f 305 306 307
f 308 309 310
f 311 308 310
f 312 308 313
f 305 314 315
f 316 305 315
f 317 305 316
f 318 319 320
f 309 318 320
f 321 318 309
f 308 321 309
f 322 323 324
f 315 322 324
f 325 322 315
f 314 325 315
f 308 312 306
f 305 308 306
f 326 308 305
f 317 326 305
f 327 326 317
f 328 327 317
f 329 327 328
f 330 331 332
f 333 334 335
f 336 337 338
f 339 340 341
f 336 340 339
f 342 336 339
f 330 336 342
f 343 330 342
f 331 330 343
f 344 345 346
f 334 344 346
f 347 344 334
f 333 348 334
f 343 348 333
f 349 343 333
f 331 343 349
f 350 351 352
f 337 350 352
f 353 350 337
f 336 354 337
f 355 354 336
f 330 355 336
f 356 357 131
f 130 356 131
f 356 130 129
f 128 356 129
f 358 356 128
f 152 358 128
f 359 143 144
f 145 359 144
f 360 359 145
f 361 113 362
f 363 114 362
f 115 114 363
f 120 125 364
f 365 120 364
f 121 120 365
f 141 143 359
f 366 142 359
f 140 142 366
f 360 145 146
f 147 360 146
f 357 360 148
f 149 357 148
f 131 357 149
f 358 153 151
f 150 358 151
f 367 358 150
f 368 154 369
f 367 155 369
f 156 155 367
f 150 156 367
f 370 113 119
f 118 362 119
f 371 362 118
f 117 371 118
f 365 371 117
f 122 365 117
f 121 365 122
f 364 125 124
f 123 364 124
f 372 364 123
f 373 166 167
f 168 373 167
f 374 373 168
f 375 174 175
f 176 376 175
f 377 376 176
f 177 377 176
f 378 377 177
f 134 135 379
f 380 134 379
f 133 134 380
f 379 135 136
f 137 379 136
f 381 379 137
f 138 381 137
f 366 381 138
f 139 366 138
f 140 366 139
f 158 157 382
f 369 158 382
f 159 158 369
f 154 159 369
f 165 166 373
f 383 165 373
f 164 165 383
f 173 174 376
f 384 173 376
f 172 173 384
f 378 177 178
f 179 378 178
f 363 378 179
f 116 363 179
f 115 363 116
f 372 123 126
f 127 372 126
f 380 372 127
f 132 380 127
f 133 380 132
f 382 157 160
f 161 382 160
f 385 382 161
f 162 385 161
f 383 385 162
f 163 383 162
f 164 383 163
f 374 168 169
f 170 374 169
f 384 374 170
f 171 384 170
f 172 384 171
f 181 180 182
f 242 181 182
f 386 387 388
f 196 389 195
f 211 386 390
f 209 211 390
f 389 190 191
f 192 389 191
f 187 389 192
f 193 195 389
f 387 193 389
f 194 193 387
f 391 225 224
f 239 182 183
f 392 182 239
f 240 392 239
f 393 392 240
f 185 184 242
f 394 185 242
f 188 185 394
f 389 188 394
f 186 188 389
f 187 186 389
f 386 211 214
f 213 386 214
f 212 386 213
f 391 224 226
f 222 391 226
f 395 391 222
f 221 395 222
f 396 395 221
f 223 396 221
f 219 396 223
f 387 198 197
f 199 387 197
f 194 387 199
f 396 219 218
f 220 396 218
f 216 396 220
f 393 240 241
f 237 393 241
f 397 393 237
f 236 397 237
f 238 397 236
f 386 208 204
f 203 386 204
f 205 386 203
f 386 212 207
f 206 386 207
f 208 386 206
f 396 216 215
f 217 396 215
f 390 396 217
f 210 390 217
f 209 390 210
f 397 238 234
f 233 397 234
f 235 397 233
f 391 228 227
f 229 391 227
f 225 391 229
f 386 205 201
f 200 386 201
f 387 386 200
f 202 387 200
f 198 387 202
f 397 235 231
f 230 397 231
f 391 397 230
f 232 391 230
f 228 391 232
f 244 243 304
f 303 244 304
f 398 253 252
f 254 398 252
f 250 398 254
f 258 260 399
f 400 258 399
f 259 258 400
f 401 274 270
f 269 401 270
f 402 401 269
f 271 402 269
f 267 402 271
f 403 285 284
f 299 304 300
f 404 304 299
f 301 404 299
f 405 404 301
f 248 247 303
f 406 248 303
f 251 248 406
f 398 251 406
f 249 251 398
f 250 249 398
f 399 260 256
f 255 399 256
f 398 399 255
f 257 398 255
f 253 398 257
f 402 267 266
f 268 402 266
f 246 402 268
f 407 279 278
f 403 284 286
f 282 403 286
f 408 403 282
f 281 408 282
f 407 408 281
f 283 407 281
f 279 407 283
f 405 301 302
f 297 405 302
f 409 405 297
f 296 409 297
f 298 409 296
f 402 246 245
f 265 402 245
f 264 402 265
f 402 264 263
f 262 402 263
f 400 402 262
f 261 400 262
f 259 400 261
f 407 278 280
f 276 407 280
f 275 407 276
f 409 298 294
f 293 409 294
f 295 409 293
f 407 275 277
f 273 407 277
f 401 407 273
f 272 401 273
f 274 401 272
f 403 288 287
f 289 403 287
f 285 403 289
f 409 295 291
f 290 409 291
f 403 409 290
f 292 403 290
f 288 403 292
f 410 411 412
f 413 414 415
f 416 411 417
f 418 419 417
f 411 418 417
f 420 418 411
f 410 420 411
f 413 420 410
f 421 422 423
f 413 421 423
f 424 421 413
f 410 424 413
f 425 426 427
f 411 425 427
f 428 425 411
f 416 429 411
f 430 431 432
f 414 430 432
f 433 430 414
f 413 434 414
f 435 434 413
f 423 435 413
f 323 322 436
f 437 323 436
f 324 323 437
f 438 324 437
f 315 324 438
f 439 315 438
f 316 315 439
f 440 316 439
f 317 316 440
f 441 317 440
f 328 317 441
f 442 328 441
f 329 328 442
f 443 329 442
f 327 329 443
f 444 327 443
f 326 327 444
f 445 326 444
f 308 326 445
f 446 308 445
f 321 308 446
f 447 321 446
f 318 321 447
f 448 318 447
f 319 318 448
f 449 319 448
f 320 319 449
f 450 320 449
f 309 320 450
f 451 309 450
f 310 309 451
f 452 310 451
f 311 310 452
f 453 313 452
f 312 313 453
f 454 312 453
f 306 312 454
f 455 306 454
f 307 306 455
f 456 307 455
f 305 307 456
f 457 305 456
f 314 305 457
f 458 314 457
f 325 314 458
f 459 325 458
f 322 325 459
f 436 322 459
f 331 349 460
f 461 331 460
f 332 331 461
f 462 332 461
f 330 332 462
f 463 330 462
f 355 330 464
f 465 355 464
f 353 355 465
f 466 354 465
f 350 354 466
f 467 350 466
f 351 350 467
f 468 351 467
f 352 351 468
f 469 352 468
f 337 352 469
f 470 337 469
f 338 337 470
f 471 338 470
f 336 338 471
f 472 336 471
f 340 336 472
f 473 340 472
f 341 340 473
f 474 341 473
f 339 341 474
f 475 339 474
f 342 339 475
f 476 342 475
f 343 342 476
f 477 343 476
f 347 343 477
f 478 348 477
f 344 348 478
f 479 344 478
f 345 344 479
f 480 345 479
f 346 345 480
f 481 346 480
f 334 346 481
f 482 334 481
f 335 334 482
f 483 335 482
f 333 335 483
f 484 333 483
f 349 333 484
f 460 349 484
f 485 486 377
f 378 485 377
f 487 485 378
f 488 489 376
f 377 490 376
f 491 490 377
f 486 491 377
f 492 493 384
f 375 492 384
f 494 492 376
f 495 494 376
f 496 497 374
f 384 496 374
f 498 496 384
f 493 498 384
f 499 500 373
f 374 499 373
f 501 499 374
f 497 501 374
f 502 503 383
f 373 502 383
f 504 502 373
f 500 504 373
f 505 506 385
f 383 507 385
f 508 507 383
f 503 508 383
f 509 510 382
f 385 509 382
f 511 509 385
f 506 511 385
f 512 513 369
f 382 512 369
f 514 512 382
f 510 514 382
f 515 516 367
f 369 515 367
f 517 515 369
f 513 517 369
f 518 519 358
f 367 518 358
f 520 518 367
f 521 520 367
f 522 523 356
f 358 522 356
f 524 522 358
f 519 524 358
f 525 526 357
f 356 525 357
f 527 525 356
f 523 527 356
f 528 529 360
f 357 528 360
f 530 528 357
f 526 530 357
f 531 532 359
f 360 533 359
f 534 533 360
f 529 534 360
f 535 536 366
f 359 535 366
f 537 535 359
f 532 537 359
f 538 539 381
f 366 538 381
f 540 538 366
f 536 540 366
f 541 542 379
f 381 541 379
f 543 541 381
f 539 543 381
f 544 545 380
f 379 544 380
f 546 544 379
f 542 546 379
f 547 548 372
f 380 547 372
f 549 547 380
f 545 549 380
f 550 551 364
f 372 550 364
f 552 550 372
f 548 552 372
f 553 554 365
f 364 553 365
f 555 553 364
f 551 555 364
f 556 557 371
f 365 556 371
f 558 556 365
f 554 558 365
f 559 560 362
f 371 559 362
f 561 559 371
f 557 562 371
f 563 564 363
f 370 563 363
f 565 563 362
f 560 565 362
f 363 564 566
f 567 363 566
f 378 363 567
f 568 378 567
f 487 378 568
f 390 569 570
f 396 390 570
f 386 571 569
f 390 386 569
f 388 572 571
f 386 388 571
f 387 573 572
f 388 387 572
f 389 574 573
f 387 389 573
f 394 575 574
f 389 394 574
f 182 392 576
f 575 182 576
f 242 182 575
f 394 242 575
f 393 577 576
f 392 393 576
f 397 578 577
f 393 397 577
f 391 579 578
f 397 391 578
f 395 580 579
f 391 395 579
f 396 570 580
f 395 396 580
f 399 581 582
f 400 399 582
f 398 583 581
f 399 398 581
f 406 584 583
f 398 406 583
f 304 404 585
f 584 304 585
f 303 304 584
f 406 303 584
f 405 586 585
f 404 405 585
f 409 587 586
f 405 409 586
f 403 588 587
f 409 403 587
f 408 589 588
f 403 408 588
f 407 590 589
f 408 407 589
f 401 591 590
f 407 401 590
f 402 592 591
f 401 402 591
f 400 582 592
f 402 400 592
f 421 424 593
f 594 421 593
f 422 421 594
f 595 422 594
f 423 422 595
f 596 423 595
f 435 423 597
f 598 435 597
f 433 435 598
f 599 434 598
f 430 434 599
f 600 430 599
f 431 430 600
f 601 431 600
f 432 431 601
f 602 432 601
f 414 432 602
f 603 414 602
f 415 414 603
f 604 415 603
f 413 415 604
f 605 413 604
f 420 413 605
f 606 420 605
f 418 420 606
f 607 418 606
f 419 418 607
f 608 419 607
f 417 419 608
f 609 417 608
f 416 417 609
f 610 416 609
f 428 416 610
f 611 429 610
f 425 429 611
f 612 425 611
f 426 425 612
f 613 426 612
f 427 426 613
f 614 427 613
f 411 427 614
f 615 411 614
f 412 411 615
f 616 412 615
f 410 412 616
f 617 410 616
f 424 410 617
f 593 424 617
f 436 618 619
f 618 436 459
f 458 618 459
f 620 618 458
f 440 621 622
f 620 458 457
f 456 620 457
f 623 620 456
f 623 456 455
f 454 623 455
f 624 623 454
f 624 454 453
f 452 625 453
f 626 625 452
f 446 627 628
f 621 440 439
f 438 621 439
f 619 621 438
f 437 619 438
f 436 619 437
f 626 452 451
f 450 629 451
f 630 629 450
f 630 450 449
f 448 630 449
f 631 630 448
f 447 628 448
f 446 628 447
f 632 446 445
f 444 627 445
f 633 627 444
f 633 444 443
f 442 633 443
f 622 633 442
f 441 622 442
f 440 622 441
f 460 634 635
f 634 460 484
f 483 634 484
f 636 634 483
f 465 637 638
f 636 483 482
f 481 636 482
f 639 636 481
f 639 481 480
f 479 639 480
f 640 639 479
f 640 479 478
f 477 640 478
f 641 640 477
f 471 642 643
f 637 465 464
f 462 637 464
f 635 637 462
f 461 635 462
f 460 635 461
f 641 477 476
f 475 641 476
f 644 641 475
f 644 475 474
f 473 644 474
f 643 644 473
f 472 643 473
f 471 643 472
f 642 471 470
f 469 642 470
f 645 642 469
f 645 469 468
f 467 645 468
f 638 645 467
f 466 638 467
f 465 638 466
f 646 523 522
f 566 647 648
f 649 646 522
f 647 566 564
f 563 647 564
f 650 647 563
f 565 651 563
f 650 565 560
f 559 651 560
f 652 651 559
f 561 652 559
f 539 538 653
f 654 539 653
f 519 518 655
f 649 519 655
f 524 519 649
f 522 524 649
f 499 501 656
f 657 499 656
f 500 499 657
f 658 500 657
f 504 500 658
f 502 504 658
f 656 501 497
f 496 656 497
f 659 656 496
f 498 659 496
f 652 562 557
f 556 652 557
f 660 652 556
f 661 546 542
f 541 661 542
f 654 661 541
f 543 654 541
f 539 654 543
f 535 537 662
f 663 535 662
f 536 535 663
f 653 536 663
f 540 536 653
f 538 540 653
f 662 537 532
f 531 662 532
f 664 662 533
f 534 664 533
f 521 515 665
f 655 516 665
f 520 516 655
f 518 520 655
f 659 498 493
f 492 659 493
f 666 659 492
f 495 490 667
f 666 489 667
f 494 489 668
f 492 494 668
f 544 546 661
f 669 544 661
f 545 544 669
f 503 502 658
f 670 503 658
f 508 503 670
f 667 490 491
f 486 667 491
f 671 667 486
f 664 534 529
f 528 664 529
f 672 664 528
f 530 672 528
f 673 672 530
f 526 673 530
f 674 673 526
f 525 674 526
f 646 674 525
f 527 646 525
f 523 646 527
f 554 553 675
f 660 554 675
f 558 554 660
f 556 558 660
f 665 515 517
f 513 665 517
f 676 665 513
f 512 676 513
f 677 676 512
f 514 677 512
f 671 486 485
f 487 671 485
f 678 671 487
f 568 678 487
f 648 678 568
f 567 648 568
f 566 648 567
f 677 514 510
f 509 677 510
f 679 677 509
f 551 550 680
f 675 551 680
f 555 551 675
f 553 555 675
f 680 550 552
f 548 680 552
f 681 680 548
f 547 681 548
f 669 681 547
f 549 669 547
f 545 669 549
f 679 509 511
f 506 679 511
f 670 679 506
f 505 670 506
f 508 670 507
f 682 683 684
f 685 682 684
f 682 685 686
f 687 682 686
f 688 682 687
f 689 690 691
f 692 689 691
f 693 689 692
f 691 690 694
f 695 691 694
f 696 691 695
f 697 696 695
f 698 699 700
f 696 701 700
f 702 701 696
f 697 702 696
f 688 687 703
f 704 688 703
f 692 688 704
f 705 692 704
f 693 692 705
f 706 707 575
f 576 706 575
f 708 709 570
f 569 708 570
f 579 580 570
f 709 579 570
f 578 579 709
f 706 578 709
f 577 578 706
f 576 577 706
f 573 574 575
f 707 573 575
f 572 573 707
f 708 572 707
f 571 572 708
f 569 571 708
f 710 711 589
f 590 710 589
f 712 710 590
f 591 712 590
f 713 712 591
f 592 713 591
f 714 713 592
f 582 714 592
f 715 714 582
f 581 715 582
f 716 715 581
f 583 716 581
f 717 716 583
f 584 717 583
f 718 717 584
f 585 718 584
f 719 718 585
f 586 719 585
f 720 719 586
f 587 720 586
f 721 720 587
f 588 721 587
f 711 721 588
f 589 711 588
f 593 722 723
f 722 593 617
f 616 722 617
f 724 722 616
f 598 725 726
f 724 616 615
f 614 724 615
f 727 724 614
f 727 614 613
f 612 727 613
f 728 727 612
f 728 612 611
f 610 728 611
f 729 728 610
f 604 730 731
f 725 598 597
f 595 725 597
f 723 725 595
f 594 723 595
f 593 723 594
f 729 610 609
f 608 729 609
f 732 729 608
f 732 608 607
f 606 732 607
f 731 732 606
f 605 731 606
f 604 731 605
f 730 604 603
f 602 730 603
f 733 730 602
f 733 602 601
f 600 733 601
f 726 733 600
f 599 726 600
f 598 726 599
f 632 734 735
f 736 737 619
f 618 736 619
f 738 736 618
f 739 738 618
f 620 739 618
f 740 739 620
f 620 623 741
f 742 620 741
f 620 742 743
f 744 620 743
f 740 620 744
f 623 625 745
f 746 623 745
f 741 623 746
f 626 747 748
f 749 629 748
f 624 629 749
f 750 625 749
f 751 625 750
f 752 747 629
f 630 753 629
f 754 753 630
f 630 628 755
f 756 630 755
f 754 630 756
f 632 735 757
f 758 627 757
f 631 627 758
f 759 628 758
f 755 628 759
f 760 633 761
f 632 633 760
f 762 627 760
f 734 627 762
f 763 761 633
f 622 763 633
f 764 763 622
f 765 764 622
f 621 765 622
f 766 765 621
f 619 737 767
f 768 619 767
f 621 619 769
f 770 621 769
f 766 621 770
f 642 771 772
f 773 774 635
f 634 773 635
f 775 773 634
f 776 775 634
f 636 776 634
f 777 776 636
f 636 639 778
f 779 636 778
f 636 779 780
f 781 636 780
f 777 636 781
f 639 640 782
f 783 639 782
f 778 639 783
f 641 784 785
f 786 641 785
f 640 641 786
f 787 640 786
f 782 640 788
f 789 784 641
f 644 789 641
f 790 789 644
f 644 643 791
f 792 644 791
f 790 644 792
f 642 772 793
f 794 642 793
f 643 642 794
f 795 643 794
f 791 643 795
f 796 645 797
f 642 645 796
f 798 642 796
f 771 642 798
f 799 797 645
f 638 799 645
f 800 799 638
f 801 802 638
f 637 801 638
f 803 801 637
f 635 774 804
f 805 635 804
f 637 635 805
f 806 637 805
f 803 637 807
f 808 809 810
f 811 812 813
f 808 811 813
f 814 815 816
f 808 814 816
f 817 814 808
f 813 817 808
f 818 819 820
f 821 818 820
f 821 820 822
f 823 821 822
f 824 821 823
f 825 824 823
f 826 824 825
f 827 828 811
f 808 827 811
f 821 827 808
f 829 821 808
f 818 821 829
f 808 816 830
f 831 808 830
f 809 808 831
f 832 809 831
f 833 809 832
f 834 835 836
f 809 834 836
f 837 834 809
f 833 837 809
f 667 838 839
f 678 840 841
f 671 678 841
f 671 841 842
f 843 671 842
f 667 671 843
f 844 667 843
f 845 667 844
f 846 847 668
f 667 846 668
f 848 846 667
f 839 848 667
f 849 850 659
f 666 849 659
f 851 849 668
f 847 851 668
f 852 853 656
f 659 852 656
f 854 852 659
f 855 854 659
f 856 857 657
f 656 856 657
f 858 856 656
f 853 858 656
f 859 860 658
f 657 859 658
f 861 859 657
f 857 861 657
f 862 863 670
f 658 862 670
f 864 862 658
f 860 865 658
f 866 867 679
f 670 866 679
f 868 866 670
f 863 868 670
f 869 870 677
f 679 869 677
f 871 869 679
f 867 871 679
f 872 873 676
f 677 872 676
f 874 872 677
f 870 874 677
f 875 876 665
f 676 875 665
f 877 875 676
f 873 877 676
f 878 879 655
f 665 878 655
f 880 878 665
f 881 880 665
f 882 883 649
f 655 882 649
f 884 882 655
f 879 884 655
f 885 886 646
f 649 885 646
f 887 885 649
f 883 887 649
f 646 886 888
f 889 646 888
f 674 646 889
f 674 889 890
f 891 674 890
f 673 674 891
f 892 893 672
f 673 892 672
f 894 892 673
f 891 894 673
f 672 893 895
f 896 672 895
f 664 672 896
f 897 664 896
f 898 664 897
f 899 900 662
f 664 899 662
f 901 899 664
f 898 901 664
f 902 903 663
f 662 902 663
f 904 902 662
f 905 904 662
f 906 907 653
f 663 906 653
f 908 906 663
f 903 908 663
f 909 910 654
f 653 909 654
f 911 909 653
f 907 911 653
f 912 913 661
f 654 912 661
f 914 912 654
f 910 914 654
f 915 916 669
f 661 917 669
f 918 917 661
f 913 918 661
f 919 920 681
f 669 919 681
f 921 919 669
f 916 921 669
f 922 923 680
f 681 922 680
f 924 922 681
f 920 924 681
f 925 926 675
f 680 925 675
f 927 925 680
f 923 927 680
f 928 929 660
f 675 930 660
f 931 930 675
f 926 931 675
f 932 933 652
f 660 934 652
f 935 934 660
f 929 936 660
f 937 938 651
f 652 937 651
f 939 937 652
f 933 939 652
f 940 941 647
f 650 942 647
f 943 942 651
f 938 943 651
f 944 945 648
f 647 944 648
f 946 944 647
f 941 946 647
f 648 945 947
f 948 648 947
f 678 648 949
f 950 678 949
f 840 678 950
f 951 684 683
f 952 951 683
f 953 952 683
f 682 953 683
f 954 953 682
f 955 954 682
f 956 955 682
f 688 956 682
f 957 956 688
f 692 958 959
f 960 692 959
f 688 692 960
f 961 688 960
f 957 688 961
f 962 958 692
f 691 962 692
f 963 962 691
f 964 696 965
f 696 964 966
f 967 696 966
f 691 696 967
f 968 691 967
f 963 691 968
f 969 965 696
f 700 969 696
f 970 969 700
f 970 700 699
f 971 970 699
f 972 971 699
f 698 972 699
f 973 972 701
f 702 973 701
f 974 973 702
f 697 974 702
f 975 974 697
f 695 975 697
f 976 975 695
f 694 976 695
f 977 976 694
f 690 977 694
f 978 977 690
f 689 978 690
f 979 978 689
f 693 979 689
f 980 979 693
f 705 980 693
f 981 980 705
f 704 981 705
f 982 981 704
f 703 982 704
f 983 982 703
f 687 983 703
f 984 983 687
f 686 984 687
f 985 984 686
f 685 985 686
f 986 985 685
f 684 986 685
f 951 986 684
f 987 988 708
f 707 987 708
f 989 987 707
f 990 989 707
f 991 990 707
f 706 991 707
f 992 991 706
f 993 992 706
f 709 993 706
f 994 993 709
f 995 994 709
f 708 995 709
f 996 995 708
f 988 996 708
f 997 998 999
f 1000 1001 1002
f 1003 1004 1005
f 1006 1007 1008
f 1009 1010 1011
f 1012 1013 1014
f 1015 1013 1012
f 1015 1012 1016
f 1017 1015 1016
f 1009 1015 1017
f 1018 1009 1017
f 1010 1009 1018
f 1013 1006 1008
f 1019 1013 1008
f 1014 1013 1020
f 1021 1007 1006
f 1022 1021 1006
f 1023 1021 1022
f 1022 1024 1025
f 1026 1022 1025
f 1023 1022 1026
f 1024 1027 1028
f 1029 1024 1028
f 1025 1024 1029
f 1027 1030 1031
f 1032 1027 1031
f 1028 1027 1032
f 1033 1030 1027
f 1034 1033 1027
f 1035 1033 1034
f 1036 1035 1034
f 1037 1035 1036
f 1036 1038 1039
f 1040 1036 1039
f 1037 1036 1041
f 1042 1043 1044
f 1045 1042 1044
f 1038 1042 1045
f 1046 1038 1045
f 1039 1038 1046
f 1047 1048 1049
f 1050 1048 1047
f 1051 1043 1042
f 1052 1051 1042
f 1053 1051 1054
f 1055 1056 1057
f 1052 1056 1055
f 1058 1054 1055
f 1053 1054 1058
f 1059 1060 1061
f 1062 1060 1059
f 1063 1056 1059
f 1057 1056 1063
f 1060 1064 1005
f 1065 1060 1005
f 1061 1060 1065
f 1066 1004 1064
f 1067 1068 1064
f 1069 1068 1070
f 1067 1000 1002
f 1071 1070 1002
f 1069 1070 1071
f 1072 1001 1000
f 1073 1072 1000
f 1074 1072 1073
f 1073 997 999
f 1075 1073 999
f 1074 1073 1075
f 1076 998 997
f 1077 1076 997
f 1078 1076 1077
f 1077 1079 1080
f 1081 1077 1080
f 1078 1077 1081
f 1082 1083 1084
f 1085 1082 1084
f 1079 1082 1085
f 1086 1079 1085
f 1080 1079 1086
f 1087 1083 1082
f 1088 1087 1082
f 1089 1087 1088
f 1090 1091 1092
f 1088 1091 1090
f 1093 1088 1090
f 1089 1088 1093
f 1094 1095 1096
f 1091 1095 1094
f 1097 1091 1094
f 1092 1091 1097
f 1095 1098 1099
f 1100 1095 1099
f 1096 1095 1100
f 1050 1047 1101
f 1102 1050 1101
f 1098 1050 1102
f 1103 1098 1102
f 1099 1098 1103
f 1104 1105 1106
f 1107 1104 1106
f 1108 1104 1107
f 1109 1108 1107
f 1110 1108 1109
f 1111 1110 1109
f 1112 1110 1111
f 1113 1112 1111
f 1114 1112 1113
f 1115 1114 1113
f 1116 1114 1115
f 1117 1116 1115
f 1118 1116 1117
f 1119 1118 1117
f 1120 1118 1121
f 1122 1120 1121
f 1123 1120 1122
f 1124 1123 1122
f 1125 1123 1124
f 1126 1125 1124
f 1127 1125 1126
f 1128 1127 1126
f 1129 1127 1128
f 1130 1129 1128
f 1131 1129 1130
f 1132 1131 1130
f 1133 1131 1132
f 1134 1133 1132
f 1135 1133 1134
f 1136 1135 1134
f 1137 1135 1136
f 1138 1137 1136
f 1139 1137 1138
f 1140 1139 1138
f 1141 1139 1140
f 1142 1141 1140
f 1143 1141 1144
f 1145 1143 1144
f 1146 1143 1147
f 1148 1146 1147
f 1149 1146 1148
f 1150 1149 1148
f 1151 1149 1150
f 1152 1151 1150
f 1153 1151 1152
f 1154 1153 1152
f 1155 1153 1154
f 1156 1157 1154
f 1158 1157 1156
f 1159 1160 1156
f 1161 1160 1159
f 1162 1161 1159
f 1163 1161 1162
f 1164 1163 1162
f 1165 1163 1164
f 1166 1165 1164
f 1167 1165 1166
f 1168 1167 1166
f 1169 1167 1168
f 1170 1169 1168
f 1171 1169 1170
f 1172 1171 1170
f 1173 1171 1172
f 1174 1173 1172
f 1175 1173 1174
f 1176 1175 1174
f 1177 1175 1176
f 1178 1177 1176
f 1179 1177 1178
f 1180 1179 1178
f 1181 1179 1180
f 1182 1183 1180
f 1184 1183 1182
f 1185 1184 1182
f 1186 1184 1185
f 1187 1186 1185
f 1188 1186 1187
f 1189 1188 1187
f 1190 1188 1189
f 1191 1190 1189
f 1192 1190 1191
f 1193 1192 1191
f 1194 1192 1193
f 1195 1194 1193
f 1196 1194 1195
f 1197 1196 1195
f 1198 1196 1199
f 1200 1201 1199
f 1202 1201 1200
f 1203 1204 1200
f 1205 1204 1203
f 1206 1205 1203
f 1207 1205 1208
f 1209 1207 1208
f 1210 1207 1211
f 1106 1105 1211
f 1212 1213 1214
f 1215 1212 1214
f 1216 1212 1215
f 1217 1216 1215
f 1218 1216 1217
f 1219 1220 1221
f 1222 1219 1221
f 1223 1219 1222
f 1213 1223 1222
f 1224 1223 1213
f 1212 1224 1213
f 1218 1217 1225
f 1226 1218 1225
f 1227 1218 1226
f 1228 1227 1226
f 1229 1227 1228
f 1230 1229 1228
f 1231 1229 1230
f 1232 1231 1230
f 1233 1231 1232
f 1234 1235 1232
f 1236 1235 1234
f 1237 1238 1234
f 1239 1238 1237
f 1240 1239 1237
f 1241 1239 1240
f 1242 1241 1240
f 1243 1241 1242
f 1244 1245 1242
f 1246 1247 1248
f 1249 1246 1248
f 1250 1246 1249
f 1251 1250 1249
f 1252 1250 1251
f 1253 1252 1251
f 1254 1252 1253
f 1255 1254 1253
f 1256 1254 1255
f 1257 1258 1255
f 1244 1258 1257
f 1259 1244 1257
f 1243 1244 1260
f 1221 1220 1261
f 1262 1221 1261
f 1263 1264 1248
f 1247 1263 1248
f 1265 1266 710
f 712 1265 710
f 1267 1265 712
f 713 1267 712
f 1268 1267 713
f 714 1268 713
f 1269 1268 714
f 1270 1269 714
f 715 1270 714
f 1271 1270 715
f 716 1271 715
f 1272 1271 716
f 717 1272 716
f 1273 1272 717
f 1274 1273 717
f 718 1274 717
f 1275 1274 718
f 719 1275 718
f 1276 1275 719
f 720 1276 719
f 1277 1276 720
f 1278 1277 720
f 721 1278 720
f 1279 1278 721
f 711 1279 721
f 1280 1279 711
f 710 1280 711
f 1266 1280 710
f 724 1281 1282
f 726 1283 1284
f 1285 1286 732
f 731 1285 732
f 1287 1285 731
f 730 1288 1289
f 1290 730 1289
f 731 730 1290
f 1291 731 1290
f 1287 731 1291
f 1292 1288 730
f 733 1292 730
f 1293 1292 733
f 726 1284 1294
f 1295 726 1294
f 733 726 1295
f 1296 733 1295
f 1293 733 1296
f 1297 725 1298
f 726 725 1297
f 1299 726 1297
f 1283 726 1299
f 1300 1298 725
f 723 1300 725
f 1301 1300 723
f 723 722 1302
f 1303 723 1302
f 1301 723 1303
f 724 1282 1304
f 1305 724 1304
f 722 724 1305
f 1306 722 1305
f 1302 722 1306
f 1307 727 1308
f 724 727 1307
f 1309 724 1307
f 1281 724 1309
f 1310 1308 727
f 728 1310 727
f 1311 1310 728
f 1312 1313 728
f 729 1312 728
f 1314 1312 729
f 732 1286 1315
f 1316 732 1315
f 729 732 1316
f 1317 729 1316
f 1314 729 1317
f 775 1318 773
f 1319 783 782
f 787 1319 782
f 791 746 745
f 737 1308 1310
f 1320 799 802
f 801 1320 802
f 803 1320 801
f 1321 1299 1297
f 1298 1321 1297
f 1300 1321 1298
f 1321 1300 1301
f 1303 1321 1301
f 1322 1321 1303
f 1323 1319 1324
f 1325 1323 1324
f 1326 1323 1325
f 738 794 736
f 1327 1328 1329
f 1330 1327 1329
f 1331 758 757
f 735 1331 757
f 737 1310 1313
f 1312 737 1313
f 1314 737 1312
f 1319 780 779
f 778 1319 779
f 783 1319 778
f 1320 1332 807
f 805 1320 807
f 1333 1320 805
f 804 1333 805
f 1334 1333 804
f 774 1318 804
f 773 1318 774
f 1330 1329 755
f 759 1330 755
f 1335 1330 759
f 758 1335 759
f 1336 1335 758
f 1331 1336 758
f 1337 1336 1331
f 1329 1328 1338
f 1339 1329 1338
f 1340 1329 1339
f 1341 1329 1342
f 1331 735 734
f 762 1331 734
f 760 1331 762
f 736 1320 1343
f 1344 736 1343
f 737 736 1345
f 1346 737 1345
f 1308 737 1346
f 1334 775 776
f 777 1318 776
f 1319 1318 777
f 781 1319 777
f 780 1319 781
f 784 789 1329
f 1324 784 1329
f 785 784 1324
f 1319 785 1324
f 786 785 1319
f 787 786 1319
f 1329 749 748
f 1347 1329 748
f 752 1329 747
f 1329 753 754
f 756 1329 754
f 755 1329 756
f 795 794 738
f 739 795 738
f 791 795 739
f 791 739 740
f 744 791 740
f 743 791 744
f 791 743 742
f 741 791 742
f 746 791 741
f 1329 1340 1348
f 1349 1329 1348
f 1342 1329 1349
f 1322 1303 1302
f 1306 1350 1302
f 1351 1350 1306
f 1305 1351 1306
f 1352 1351 1305
f 1304 1352 1305
f 1346 1352 1304
f 1282 1346 1304
f 1281 1346 1282
f 1346 1281 1309
f 1307 1346 1309
f 1308 1346 1307
f 736 794 793
f 772 736 793
f 771 736 772
f 736 771 798
f 796 736 798
f 1320 736 796
f 797 1320 796
f 799 1320 797
f 1329 1341 1353
f 1354 1329 1353
f 1355 1329 1354
f 791 745 750
f 749 791 750
f 792 791 749
f 1329 792 749
f 790 792 1329
f 789 790 1329
f 1331 760 761
f 763 1331 761
f 1356 1331 763
f 764 1356 763
f 1357 1356 764
f 765 1357 764
f 1358 1357 765
f 766 1359 765
f 1360 1359 766
f 1361 1360 766
f 1362 1363 1364
f 1329 1362 1364
f 1365 1362 1329
f 1355 1366 1329
f 1316 1315 766
f 770 1316 766
f 1317 1316 770
f 768 1317 770
f 1314 1317 769
f 767 1314 769
f 737 1314 767
f 1361 1291 1290
f 1367 1293 1296
f 1295 1367 1296
f 1294 1367 1295
f 766 1315 1286
f 1285 766 1286
f 1361 766 1285
f 1287 1368 1285
f 1291 1368 1287
f 1361 1290 1289
f 1288 1368 1289
f 1367 1368 1288
f 1292 1367 1288
f 1293 1367 1292
f 1369 1370 823
f 822 1369 823
f 1371 1369 822
f 820 1372 1373
f 1374 820 1373
f 822 820 1374
f 1375 822 1374
f 1371 822 1375
f 1376 1372 820
f 819 1376 820
f 1377 1376 819
f 818 1378 1379
f 1380 818 1379
f 819 818 1380
f 1381 819 1380
f 1377 819 1381
f 1382 1378 818
f 829 1382 818
f 1383 1382 829
f 808 1384 1385
f 1386 808 1385
f 829 808 1386
f 1387 829 1386
f 1383 829 1387
f 1388 1384 808
f 810 1388 808
f 1389 1388 810
f 809 1390 1391
f 1392 809 1391
f 810 809 1392
f 1393 810 1392
f 1389 810 1393
f 1394 1390 809
f 836 1394 809
f 1395 1394 836
f 835 1396 1397
f 1398 835 1397
f 836 835 1398
f 1399 836 1398
f 1395 836 1399
f 1400 1396 835
f 834 1400 835
f 1401 1400 834
f 837 1402 1403
f 1404 837 1403
f 834 837 1404
f 1405 834 1404
f 1401 834 1405
f 1406 1402 837
f 833 1406 837
f 1407 1406 833
f 832 1408 1409
f 1410 832 1409
f 833 832 1410
f 1411 833 1410
f 1407 833 1411
f 1412 1408 832
f 831 1412 832
f 1413 1412 831
f 830 1414 1415
f 1416 830 1415
f 831 830 1416
f 1417 831 1416
f 1413 831 1417
f 1418 1414 830
f 816 1418 830
f 1419 1418 816
f 815 1420 1421
f 1422 815 1421
f 816 815 1422
f 1423 816 1422
f 1419 816 1423
f 1424 1420 815
f 814 1424 815
f 1425 1424 814
f 817 1426 1427
f 1428 817 1427
f 814 817 1428
f 1429 814 1428
f 1425 814 1429
f 1430 1426 817
f 813 1430 817
f 1431 1430 813
f 812 1432 1433
f 1434 812 1433
f 813 812 1434
f 1435 813 1434
f 1431 813 1435
f 1436 1432 812
f 811 1436 812
f 1437 1436 811
f 828 1438 1439
f 1440 828 1439
f 811 828 1440
f 1441 811 1440
f 1437 811 1441
f 1442 1438 828
f 827 1442 828
f 1443 1442 827
f 821 1444 1445
f 1446 821 1445
f 827 821 1446
f 1447 827 1446
f 1443 827 1447
f 1448 1444 821
f 824 1448 821
f 1449 1448 824
f 826 1450 1451
f 1452 826 1451
f 824 826 1452
f 1453 824 1452
f 1449 824 1453
f 1454 1450 826
f 825 1454 826
f 1455 1454 825
f 823 1370 1456
f 1457 823 1456
f 825 823 1457
f 1458 825 1457
f 1455 825 1458
f 1142 1140 1217
f 1215 1144 1217
f 1145 1144 1215
f 1107 1263 1109
f 1262 1164 1162
f 1111 1109 1263
f 1247 1111 1263
f 1113 1111 1247
f 1136 1134 1230
f 1228 1136 1230
f 1138 1136 1228
f 1226 1138 1228
f 1140 1138 1226
f 1225 1140 1226
f 1217 1140 1225
f 1187 1185 1459
f 1460 1187 1459
f 1189 1187 1460
f 1461 1189 1460
f 1191 1189 1461
f 1156 1154 1221
f 1262 1156 1221
f 1159 1156 1462
f 1162 1159 1462
f 1145 1215 1214
f 1213 1147 1214
f 1148 1147 1213
f 1222 1148 1213
f 1150 1148 1222
f 1221 1150 1222
f 1152 1150 1221
f 1154 1152 1221
f 1247 1121 1117
f 1115 1247 1117
f 1113 1247 1115
f 1461 1463 1200
f 1197 1461 1200
f 1461 1199 1195
f 1193 1461 1195
f 1191 1461 1193
f 1459 1185 1182
f 1180 1459 1182
f 1178 1459 1180
f 1459 1178 1176
f 1174 1459 1176
f 1464 1459 1174
f 1172 1464 1174
f 1465 1464 1172
f 1130 1128 1240
f 1237 1130 1240
f 1132 1130 1237
f 1234 1132 1237
f 1134 1132 1234
f 1232 1134 1234
f 1230 1134 1232
f 1128 1126 1244
f 1242 1128 1244
f 1240 1128 1242
f 1263 1107 1106
f 1209 1263 1106
f 1466 1263 1211
f 1206 1466 1211
f 1463 1466 1208
f 1203 1463 1208
f 1200 1463 1203
f 1465 1172 1170
f 1168 1465 1170
f 1262 1465 1168
f 1166 1462 1168
f 1164 1462 1166
f 1119 1247 1246
f 1250 1121 1246
f 1122 1121 1250
f 1252 1122 1250
f 1124 1122 1252
f 1254 1124 1252
f 1126 1124 1254
f 1256 1126 1254
f 1244 1126 1258
f 1467 1009 1011
f 1468 1467 1011
f 894 951 952
f 953 954 1469
f 952 953 1469
f 1468 917 918
f 913 1468 918
f 951 894 891
f 890 951 891
f 986 951 890
f 889 986 890
f 1468 913 912
f 914 1468 912
f 910 1468 914
f 1468 910 909
f 911 1468 909
f 907 1468 911
f 882 977 978
f 979 882 978
f 883 882 979
f 980 883 979
f 887 883 980
f 981 887 980
f 885 887 981
f 982 885 981
f 886 885 982
f 983 886 982
f 888 886 983
f 984 888 983
f 889 888 984
f 985 889 984
f 986 889 985
f 977 882 884
f 879 977 884
f 878 977 879
f 852 854 999
f 998 852 999
f 853 852 998
f 1076 853 998
f 858 853 1076
f 1078 858 1076
f 856 858 1470
f 1081 856 1470
f 857 856 1081
f 1080 857 1081
f 861 857 1080
f 1086 861 1080
f 859 861 1086
f 1085 859 1086
f 860 859 1085
f 1084 860 1085
f 864 860 1084
f 1468 907 906
f 908 1468 906
f 903 1468 908
f 947 1051 949
f 937 1031 1030
f 1033 937 1030
f 938 937 1033
f 1035 938 1033
f 943 938 1035
f 1037 943 1035
f 940 943 1037
f 1040 942 1037
f 941 942 1041
f 1039 941 1041
f 946 941 1039
f 1046 946 1039
f 944 946 1046
f 1045 944 1046
f 945 944 1045
f 1044 945 1045
f 947 945 1044
f 1043 947 1044
f 1051 947 1043
f 1031 937 939
f 933 1031 939
f 1032 1031 933
f 932 1032 933
f 864 1084 1083
f 1087 865 1083
f 862 865 1087
f 1089 862 1087
f 863 862 1089
f 1093 863 1089
f 868 863 1093
f 977 878 880
f 881 977 880
f 1049 977 876
f 875 1049 876
f 1047 1049 875
f 1468 903 902
f 904 1468 902
f 1471 1468 904
f 905 1471 904
f 1472 1471 900
f 1473 1472 900
f 1474 1473 900
f 899 1474 900
f 1475 1474 899
f 901 1475 899
f 1476 1475 901
f 1477 1476 901
f 898 1478 901
f 1479 1478 898
f 845 844 1005
f 1004 838 1005
f 839 838 1004
f 1066 839 1004
f 848 839 1068
f 1069 848 1068
f 846 848 1069
f 1071 846 1069
f 847 846 1071
f 1480 847 1071
f 851 847 1002
f 1001 851 1002
f 849 851 1001
f 1072 849 1001
f 855 849 1072
f 1074 850 1072
f 854 850 1481
f 1075 854 1481
f 999 854 1075
f 1482 1479 898
f 897 1482 898
f 1483 1482 897
f 896 1483 897
f 1484 1483 896
f 895 1484 896
f 1485 1484 895
f 873 872 1101
f 1047 873 1101
f 877 873 1047
f 875 877 1047
f 925 927 1008
f 1486 925 1008
f 926 925 1007
f 1021 926 1007
f 931 926 1021
f 1023 931 1021
f 928 931 1023
f 1026 930 1023
f 929 930 1026
f 1025 929 1026
f 935 929 1025
f 1029 936 1025
f 932 936 1029
f 1028 934 1029
f 1032 934 1028
f 894 952 1469
f 1487 894 1469
f 892 894 1487
f 1488 892 1487
f 1489 892 1488
f 1490 893 1488
f 895 893 1490
f 1491 895 1490
f 1485 895 1491
f 868 1093 1090
f 1092 868 1090
f 866 868 1092
f 1097 866 1092
f 867 866 1097
f 1094 867 1097
f 871 867 1094
f 1096 871 1094
f 869 871 1096
f 1100 869 1096
f 870 869 1100
f 1099 870 1100
f 874 870 1099
f 1103 874 1099
f 872 874 1103
f 1102 872 1103
f 1101 872 1102
f 916 917 1468
f 1011 916 1468
f 921 916 1011
f 1010 921 1011
f 919 921 1010
f 1018 919 1010
f 920 919 1018
f 1017 920 1018
f 924 920 1017
f 1016 924 1017
f 922 924 1016
f 1012 922 1016
f 923 922 1012
f 1014 923 1012
f 927 923 1014
f 1019 927 1014
f 1008 927 1020
f 948 1051 1053
f 1058 949 1053
f 950 949 1058
f 1055 950 1058
f 840 950 1055
f 1057 840 1055
f 841 840 1057
f 1063 841 1057
f 842 841 1063
f 1059 842 1063
f 843 842 1059
f 1061 843 1059
f 844 843 1061
f 1065 844 1061
f 1005 844 1065
f 1049 976 977
f 971 975 976
f 1049 971 976
f 970 971 1049
f 1492 970 1049
f 975 971 972
f 973 975 972
f 974 975 973
f 1493 956 957
f 1493 957 961
f 960 1493 961
f 959 1493 960
f 1493 959 958
f 962 1493 958
f 963 1493 962
f 955 956 1493
f 1469 955 1493
f 954 955 1469
f 1493 963 968
f 967 1493 968
f 1492 1493 967
f 966 1048 967
f 964 1048 966
f 1492 964 965
f 969 1048 965
f 970 1048 969
f 1494 1495 996
f 1496 1494 996
f 1497 1494 1496
f 1498 1497 1496
f 1499 995 996
f 1495 1499 996
f 1500 1499 1495
f 1501 1500 1495
f 1502 996 988
f 987 1502 988
f 1503 987 989
f 1504 1503 989
f 1505 1503 1504
f 1506 1505 1504
f 1507 1505 1506
f 1508 1507 1506
f 1509 1507 1508
f 1510 989 990
f 991 1510 990
f 1511 1512 1513
f 992 1514 1515
f 1516 1517 1518
f 992 993 1512
f 1511 992 1512
f 1514 992 1511
f 1519 1514 1511
f 992 1515 1520
f 1521 992 1520
f 991 992 1521
f 1522 991 1521
f 1523 991 1522
f 1524 1523 1522
f 1519 1511 1517
f 1516 1519 1517
f 1525 1519 1516
f 1526 1525 1516
f 1527 1525 1526
f 1528 1527 1526
f 1529 1527 1528
f 1530 1529 1528
f 1531 1529 1530
f 1532 1531 1530
f 1533 1531 1532
f 1534 1533 1532
f 1535 993 994
f 995 1535 994
f 1077 1536 1537
f 1538 1539 1015
f 1009 1538 1015
f 1540 1538 1009
f 1541 1540 1009
f 1542 1543 1048
f 1050 1542 1048
f 1544 1545 1013
f 1015 1544 1013
f 1546 1544 1015
f 1539 1546 1015
f 1547 1548 1006
f 1013 1547 1006
f 1549 1547 1013
f 1545 1549 1013
f 1550 1551 1022
f 1006 1550 1022
f 1552 1550 1006
f 1553 1552 1006
f 1554 1555 1024
f 1022 1554 1024
f 1556 1554 1022
f 1557 1556 1022
f 1558 1559 1027
f 1024 1560 1027
f 1561 1560 1024
f 1562 1561 1024
f 1563 1564 1034
f 1027 1563 1034
f 1565 1563 1027
f 1559 1565 1027
f 1566 1567 1036
f 1034 1568 1036
f 1569 1568 1034
f 1564 1569 1034
f 1570 1571 1038
f 1036 1570 1038
f 1572 1570 1036
f 1567 1572 1036
f 1573 1574 1042
f 1038 1573 1042
f 1575 1573 1038
f 1571 1575 1038
f 1576 1577 1056
f 1052 1576 1056
f 1578 1576 1054
f 1579 1578 1054
f 1042 1574 1580
f 1581 1042 1580
f 1052 1042 1581
f 1582 1054 1581
f 1579 1054 1582
f 1583 1584 1060
f 1062 1585 1060
f 1586 1585 1056
f 1577 1586 1056
f 1587 1588 1064
f 1060 1587 1064
f 1589 1587 1060
f 1584 1589 1060
f 1590 1591 1070
f 1003 1590 1070
f 1592 1590 1064
f 1593 1592 1064
f 1594 1595 1000
f 1067 1594 1000
f 1596 1594 1070
f 1591 1596 1070
f 1597 1598 1073
f 1000 1597 1073
f 1599 1597 1000
f 1600 1601 1000
f 1073 1598 1602
f 1603 1073 1602
f 997 1073 1603
f 997 1603 1604
f 1605 997 1604
f 1077 997 1605
f 1606 1077 1605
f 1536 1077 1606
f 1607 1608 1079
f 1077 1607 1079
f 1609 1607 1077
f 1537 1609 1077
f 1610 1611 1082
f 1079 1610 1082
f 1612 1610 1079
f 1608 1612 1079
f 1613 1614 1088
f 1082 1613 1088
f 1615 1613 1082
f 1611 1615 1082
f 1616 1617 1091
f 1088 1616 1091
f 1618 1616 1088
f 1614 1618 1088
f 1619 1620 1095
f 1091 1619 1095
f 1621 1619 1091
f 1617 1621 1091
f 1622 1623 1098
f 1095 1622 1098
f 1624 1622 1095
f 1620 1624 1095
f 1098 1623 1625
f 1626 1098 1625
f 1050 1098 1626
f 1627 1050 1626
f 1542 1050 1627
f 1628 1462 1261
f 1629 1628 1261
f 1264 1104 1108
f 1207 1630 1205
f 1630 1264 1631
f 1248 1264 1108
f 1186 1188 1632
f 1633 1186 1632
f 1184 1186 1633
f 1264 1630 1207
f 1210 1264 1207
f 1104 1264 1105
f 1231 1135 1229
f 1634 1635 1636
f 1632 1188 1190
f 1192 1632 1190
f 1194 1632 1192
f 1248 1108 1110
f 1112 1248 1110
f 1114 1248 1112
f 1133 1135 1231
f 1227 1229 1135
f 1137 1227 1135
f 1218 1227 1137
f 1139 1218 1137
f 1216 1218 1139
f 1632 1194 1196
f 1198 1632 1196
f 1630 1632 1201
f 1202 1630 1201
f 1205 1630 1204
f 1220 1153 1157
f 1158 1220 1157
f 1634 1220 1160
f 1161 1261 1160
f 1163 1261 1161
f 1637 1175 1177
f 1179 1638 1177
f 1633 1638 1179
f 1181 1633 1179
f 1184 1633 1183
f 1248 1114 1116
f 1118 1248 1116
f 1249 1248 1118
f 1120 1249 1118
f 1634 1163 1165
f 1167 1261 1165
f 1635 1261 1167
f 1169 1635 1167
f 1639 1635 1169
f 1171 1639 1169
f 1637 1639 1171
f 1173 1638 1171
f 1175 1638 1173
f 1120 1123 1253
f 1251 1120 1253
f 1249 1120 1251
f 1125 1127 1260
f 1257 1125 1260
f 1123 1125 1257
f 1255 1123 1257
f 1253 1123 1255
f 1133 1231 1235
f 1236 1133 1235
f 1131 1133 1238
f 1239 1131 1238
f 1129 1131 1239
f 1241 1129 1239
f 1127 1129 1241
f 1243 1127 1241
f 1259 1127 1245
f 1212 1216 1139
f 1141 1212 1139
f 1224 1212 1141
f 1143 1224 1141
f 1223 1224 1143
f 1146 1223 1143
f 1219 1223 1146
f 1149 1219 1146
f 1220 1219 1149
f 1151 1220 1149
f 1153 1220 1151
f 1640 1631 1264
f 1263 1640 1264
f 1641 1642 1643
f 1644 1641 1643
f 1645 1644 1643
f 1646 1645 1643
f 1647 1648 1649
f 1650 1647 1649
f 1650 1642 1641
f 1647 1650 1641
f 1646 1651 1652
f 1645 1646 1652
f 1279 1653 1278
f 1654 1269 1270
f 1655 1654 1270
f 1273 1274 1656
f 1657 1273 1656
f 1272 1273 1657
f 1266 1265 1654
f 1653 1266 1654
f 1280 1266 1653
f 1279 1280 1653
f 1654 1265 1267
f 1268 1654 1267
f 1269 1654 1268
f 1657 1655 1270
f 1271 1657 1270
f 1272 1657 1271
f 1656 1274 1275
f 1276 1656 1275
f 1277 1656 1276
f 1277 1278 1653
f 1658 1277 1653
f 1656 1277 1658
f 1363 1659 1364
f 1363 1362 1660
f 1661 1363 1660
f 1659 1363 1661
f 1662 1659 1661
f 1660 1362 1366
f 1355 1660 1366
f 1330 1335 1663
f 1664 1330 1663
f 1665 1666 1338
f 1328 1665 1338
f 1664 1665 1328
f 1327 1664 1328
f 1330 1664 1327
f 1666 1667 1340
f 1339 1666 1340
f 1338 1666 1339
f 1668 1341 1342
f 1349 1669 1342
f 1667 1669 1349
f 1670 1667 1349
f 1340 1667 1348
f 1353 1341 1669
f 1671 1353 1669
f 1354 1353 1671
f 1672 1354 1671
f 1355 1354 1672
f 1661 1355 1672
f 1660 1355 1661
f 1673 1663 1335
f 1336 1673 1335
f 1674 1333 1318
f 1675 1367 1294
f 1284 1675 1294
f 1676 1675 1284
f 1333 1674 1677
f 1678 1333 1677
f 1320 1333 1678
f 1320 1678 1679
f 1680 1320 1679
f 1343 1320 1680
f 1343 1680 1681
f 1682 1343 1681
f 1344 1343 1682
f 1344 1682 1683
f 1684 1345 1683
f 1346 1345 1684
f 1346 1684 1685
f 1686 1346 1685
f 1352 1346 1686
f 1352 1686 1687
f 1688 1352 1687
f 1351 1352 1688
f 1676 1284 1283
f 1299 1676 1283
f 1689 1676 1299
f 1321 1689 1299
f 1690 1689 1321
f 1322 1690 1321
f 1691 1690 1350
f 1351 1691 1350
f 1692 1691 1351
f 1688 1692 1351
f 1367 1675 1693
f 1694 1367 1693
f 1361 1367 1694
f 1361 1694 1695
f 1696 1368 1695
f 1360 1368 1697
f 1698 1360 1697
f 1358 1360 1698
f 1699 1359 1698
f 1357 1359 1699
f 1357 1699 1700
f 1701 1357 1700
f 1356 1357 1701
f 1356 1701 1702
f 1703 1356 1702
f 1331 1356 1703
f 1704 1673 1336
f 1337 1704 1336
f 1705 1704 1337
f 1331 1706 1337
f 1707 1706 1331
f 1703 1707 1331
f 1708 1674 1318
f 1319 1708 1318
f 1709 1325 1324
f 1325 1709 1710
f 1711 1325 1710
f 1326 1325 1711
f 1712 1708 1319
f 1323 1712 1319
f 1713 1712 1323
f 1326 1713 1323
f 1714 1713 1326
f 1711 1714 1326
f 1709 1324 1329
f 1715 1709 1329
f 1659 1716 1717
f 1329 1659 1717
f 1364 1659 1329
f 1718 1719 1370
f 1369 1718 1370
f 1375 1374 1720
f 1718 1375 1720
f 1371 1375 1718
f 1369 1371 1718
f 1418 1419 1721
f 1722 1418 1721
f 1414 1418 1722
f 1440 1439 1723
f 1724 1440 1723
f 1441 1440 1724
f 1723 1439 1438
f 1442 1723 1438
f 1725 1723 1442
f 1443 1725 1442
f 1399 1398 1726
f 1727 1399 1726
f 1395 1399 1727
f 1394 1395 1727
f 1372 1376 1728
f 1720 1372 1728
f 1373 1372 1720
f 1374 1373 1720
f 1721 1419 1423
f 1422 1721 1423
f 1729 1721 1422
f 1421 1729 1422
f 1725 1443 1447
f 1446 1725 1447
f 1730 1725 1446
f 1445 1730 1446
f 1396 1400 1731
f 1726 1396 1731
f 1397 1396 1726
f 1398 1397 1726
f 1381 1380 1732
f 1728 1381 1732
f 1377 1381 1728
f 1376 1377 1728
f 1722 1733 1416
f 1415 1722 1416
f 1414 1722 1415
f 1730 1445 1444
f 1448 1730 1444
f 1734 1730 1448
f 1449 1734 1448
f 1390 1394 1727
f 1735 1390 1727
f 1391 1390 1735
f 1729 1421 1420
f 1424 1729 1420
f 1736 1729 1424
f 1425 1736 1424
f 1405 1404 1737
f 1731 1405 1737
f 1401 1405 1731
f 1400 1401 1731
f 1734 1449 1453
f 1452 1734 1453
f 1738 1734 1452
f 1451 1738 1452
f 1378 1382 1739
f 1732 1378 1739
f 1379 1378 1732
f 1380 1379 1732
f 1736 1425 1429
f 1428 1736 1429
f 1740 1736 1428
f 1427 1740 1428
f 1402 1406 1741
f 1737 1402 1741
f 1403 1402 1737
f 1404 1403 1737
f 1738 1451 1450
f 1454 1738 1450
f 1742 1738 1454
f 1455 1742 1454
f 1387 1386 1743
f 1739 1387 1743
f 1383 1387 1739
f 1382 1383 1739
f 1411 1410 1744
f 1741 1411 1744
f 1407 1411 1741
f 1406 1407 1741
f 1740 1427 1426
f 1430 1740 1426
f 1745 1740 1430
f 1431 1745 1430
f 1742 1455 1458
f 1457 1742 1458
f 1719 1742 1457
f 1456 1719 1457
f 1370 1719 1456
f 1384 1388 1746
f 1743 1384 1746
f 1385 1384 1743
f 1386 1385 1743
f 1744 1410 1409
f 1408 1744 1409
f 1747 1744 1408
f 1745 1431 1435
f 1434 1745 1435
f 1748 1745 1434
f 1433 1748 1434
f 1748 1433 1432
f 1436 1748 1432
f 1724 1748 1436
f 1437 1724 1436
f 1441 1724 1437
f 1746 1388 1389
f 1393 1746 1389
f 1735 1746 1393
f 1392 1735 1393
f 1391 1735 1392
f 1747 1408 1412
f 1413 1747 1412
f 1733 1747 1413
f 1417 1733 1413
f 1416 1733 1417
f 1749 1517 1511
f 1519 1750 1751
f 1517 1749 1752
f 1753 1517 1752
f 1518 1517 1753
f 1754 1518 1753
f 1516 1518 1754
f 1755 1516 1754
f 1526 1516 1755
f 1756 1526 1755
f 1528 1526 1756
f 1757 1528 1756
f 1530 1528 1757
f 1758 1530 1757
f 1532 1530 1758
f 1759 1532 1758
f 1534 1532 1759
f 1760 1534 1759
f 1533 1534 1760
f 1761 1533 1760
f 1531 1533 1761
f 1762 1531 1761
f 1529 1531 1762
f 1763 1529 1762
f 1527 1529 1763
f 1750 1527 1763
f 1525 1527 1750
f 1519 1525 1750
f 1466 1764 1263
f 1463 1765 1766
f 1767 1463 1766
f 1466 1463 1767
f 1768 1466 1767
f 1764 1466 1768
f 1769 1764 1768
f 1770 1764 1769
f 1771 1770 1769
f 1772 1770 1771
f 1773 1774 1771
f 1775 1774 1773
f 1776 1777 1773
f 1778 1777 1776
f 1779 1778 1776
f 1780 1778 1779
f 1781 1782 1783
f 1784 1781 1783
f 1785 1462 1786
f 1787 1785 1786
f 1788 1765 1463
f 1461 1788 1463
f 1789 1788 1461
f 1460 1789 1461
f 1790 1789 1460
f 1459 1790 1460
f 1791 1790 1459
f 1464 1791 1459
f 1785 1791 1464
f 1465 1785 1464
f 1262 1785 1465
f 1787 1786 1792
f 1793 1787 1792
f 1794 1787 1793
f 1794 1793 1795
f 1796 1794 1795
f 1797 1794 1796
f 1797 1796 1798
f 1799 1797 1798
f 1800 1797 1799
f 1800 1799 1801
f 1802 1803 1801
f 1804 1803 1805
f 1806 1804 1805
f 1807 1804 1808
f 1809 1807 1808
f 1810 1807 1809
f 1811 1812 1809
f 1810 1813 1814
f 1815 1812 1814
f 1816 1812 1815
f 1816 1815 1817
f 1818 1816 1817
f 1819 1816 1818
f 1819 1818 1820
f 1821 1819 1820
f 1822 1819 1821
f 1822 1821 1823
f 1824 1822 1823
f 1825 1822 1824
f 1825 1824 1826
f 1827 1825 1826
f 1828 1825 1827
f 1828 1827 1829
f 1830 1828 1829
f 1831 1828 1830
f 1831 1830 1832
f 1833 1831 1832
f 1784 1831 1833
f 1834 1784 1833
f 1781 1784 1834
f 1835 1783 1782
f 1836 1835 1782
f 1524 1522 1837
f 1838 1524 1837
f 1524 1838 1839
f 1840 1524 1839
f 1841 1524 1840
f 1521 1837 1522
f 1842 1837 1521
f 1520 1842 1521
f 1843 1842 1520
f 1515 1843 1520
f 1844 1843 1515
f 1514 1844 1515
f 1845 1844 1514
f 1519 1845 1514
f 1751 1845 1519
f 1467 1846 1541
f 1009 1467 1541
f 1493 1487 1469
f 1487 1493 1847
f 1848 1487 1847
f 1488 1487 1848
f 1488 1848 1849
f 1850 1488 1849
f 1490 1488 1850
f 1490 1850 1851
f 1852 1490 1851
f 1491 1490 1852
f 1491 1852 1853
f 1854 1491 1853
f 1485 1491 1854
f 1485 1854 1855
f 1856 1485 1855
f 1484 1485 1856
f 1484 1856 1857
f 1858 1484 1857
f 1483 1484 1858
f 1483 1858 1859
f 1860 1483 1859
f 1482 1483 1860
f 1861 1482 1860
f 1479 1482 1861
f 1862 1479 1861
f 1477 1479 1862
f 1863 1478 1862
f 1477 1863 1864
f 1865 1478 1864
f 1476 1478 1865
f 1476 1865 1866
f 1867 1476 1866
f 1475 1476 1867
f 1475 1867 1868
f 1869 1475 1868
f 1474 1475 1869
f 1474 1869 1870
f 1871 1474 1870
f 1473 1474 1871
f 1473 1871 1872
f 1873 1473 1872
f 1472 1473 1873
f 1874 1467 1468
f 1471 1874 1468
f 1875 1874 1471
f 1472 1875 1471
f 1876 1875 1472
f 1873 1876 1472
f 1492 1543 1877
f 1493 1048 1877
f 1878 1879 1880
f 1881 1878 1880
f 1513 1878 1881
f 1882 1513 1881
f 1883 1513 1882
f 1884 1749 1511
f 1513 1884 1511
f 1885 1884 1513
f 1883 1885 1513
f 1886 1887 1888
f 1889 1890 1891
f 1892 1889 1891
f 1888 1889 1892
f 1893 1888 1892
f 1886 1888 1893
f 1887 1894 1895
f 1896 1897 1895
f 1894 1896 1895
f 1898 1896 1894
f 1899 1898 1894
f 1900 1898 1899
f 1901 1902 1900
f 1903 1901 1900
f 1904 1901 1903
f 1905 1904 1903
f 1906 1904 1905
f 1907 1906 1905
f 1908 1909 1910
f 1911 1907 1905
f 1909 1911 1905
f 1912 1911 1909
f 1908 1912 1909
f 1913 1912 1908
f 1914 1915 1916
f 1915 1914 1917
f 1918 1915 1917
f 1919 1915 1918
f 1920 1921 1922
f 1923 1922 1921
f 1924 1923 1921
f 1925 1923 1924
f 1926 1925 1924
f 1927 1926 1924
f 1928 1926 1927
f 1929 1928 1930
f 1931 1928 1929
f 1879 1932 1880
f 1931 1929 1933
f 1932 1931 1933
f 1934 1931 1932
f 1879 1934 1932
f 1878 1934 1879
f 1935 1930 1928
f 1927 1935 1928
f 1936 1935 1927
f 1924 1937 1938
f 1939 1924 1938
f 1924 1940 1941
f 1942 1924 1941
f 1927 1924 1942
f 1943 1927 1942
f 1936 1927 1943
f 1944 1937 1924
f 1921 1944 1924
f 1945 1944 1921
f 1946 1947 1921
f 1948 1947 1946
f 1946 1949 1950
f 1951 1946 1950
f 1946 1951 1952
f 1953 1946 1952
f 1948 1946 1953
f 1949 1954 1955
f 1956 1949 1955
f 1950 1949 1956
f 1957 1958 1959
f 1960 1957 1959
f 1949 1957 1960
f 1961 1949 1960
f 1954 1949 1961
f 1886 1893 1962
f 1963 1886 1962
f 1964 1886 1963
f 1886 1964 1965
f 1966 1886 1965
f 1957 1886 1966
f 1967 1957 1966
f 1958 1957 1967
f 1903 1900 1899
f 1968 1903 1899
f 1905 1903 1968
f 1914 1905 1968
f 1909 1905 1914
f 1916 1909 1914
f 1910 1909 1916
f 1894 1887 1886
f 1957 1894 1886
f 1899 1894 1957
f 1949 1899 1957
f 1968 1899 1949
f 1946 1968 1949
f 1914 1968 1946
f 1921 1914 1946
f 1917 1914 1921
f 1920 1917 1921
f 1918 1917 1920
f 1889 1969 1890
f 1506 1504 1970
f 1971 1506 1970
f 1969 1506 1971
f 1504 989 1972
f 1973 1504 1972
f 1970 1504 1973
f 1523 1974 1975
f 1976 1523 1975
f 991 1523 1976
f 1977 991 1976
f 1510 991 1977
f 1978 1510 1977
f 989 1510 1978
f 1979 989 1978
f 1972 989 1979
f 1980 1974 1523
f 1524 1980 1523
f 1841 1980 1524
f 1506 1969 1889
f 1888 1506 1889
f 1508 1506 1888
f 1508 1888 1887
f 1895 1508 1887
f 1509 1508 1895
f 1509 1895 1897
f 1896 1509 1897
f 1507 1509 1896
f 1507 1896 1898
f 1900 1507 1898
f 1505 1507 1900
f 1505 1900 1902
f 1901 1505 1902
f 1503 1505 1901
f 1904 1503 1901
f 987 1503 1904
f 1502 987 1904
f 996 1502 1904
f 1906 996 1904
f 1496 996 1906
f 1907 1496 1906
f 1498 1496 1907
f 1498 1907 1911
f 1912 1498 1911
f 1497 1498 1912
f 1913 1497 1912
f 1908 1497 1913
f 1908 1910 1495
f 1494 1908 1495
f 1497 1908 1494
f 1495 1910 1916
f 1915 1495 1916
f 1501 1495 1915
f 1501 1915 1919
f 1918 1501 1919
f 1500 1501 1918
f 1500 1918 1920
f 1922 1500 1920
f 1499 1500 1922
f 1499 1922 1923
f 1925 1499 1923
f 995 1499 1925
f 1926 995 1925
f 1535 995 1926
f 993 1535 1926
f 1934 1878 1513
f 1512 1934 1513
f 1931 1934 1512
f 993 1931 1512
f 1928 1931 993
f 1926 1928 993
f 1981 1980 1841
f 1840 1981 1841
f 1982 1981 1840
f 1839 1982 1840
f 1838 1982 1839
f 1983 1971 1970
f 1973 1983 1970
f 1984 1983 1973
f 1972 1984 1973
f 1979 1984 1972
f 1984 1979 1978
f 1977 1984 1978
f 1985 1984 1977
f 1976 1985 1977
f 1986 1985 1976
f 1975 1986 1976
f 1974 1986 1975
f 1986 1974 1980
f 1981 1986 1980
f 1836 1986 1981
f 1835 1836 1981
f 1987 1988 1836
f 1782 1987 1836
f 1989 1990 1991
f 1626 1625 1992
f 1993 1626 1992
f 1627 1626 1993
f 1994 1995 1996
f 1997 1994 1996
f 1998 1994 1997
f 1877 1998 1997
f 1999 1998 1877
f 2000 1999 1877
f 1993 1999 1543
f 1542 1993 1543
f 1627 1993 1542
f 1622 1624 2001
f 1992 1622 2001
f 1623 1622 1992
f 1625 1623 1992
f 1603 1602 2002
f 2003 1603 2002
f 1604 1603 2003
f 1619 1621 2004
f 2001 1619 2004
f 1620 1619 2001
f 1624 1620 2001
f 2005 1537 1536
f 1606 2005 1536
f 2003 2005 1606
f 1605 2003 1606
f 1604 2003 1605
f 2004 1621 1617
f 1616 2004 1617
f 2006 2004 1616
f 1581 1580 2007
f 2008 1581 2007
f 1582 1581 2009
f 1550 1552 2010
f 2011 1550 2010
f 1557 1550 2012
f 2013 1602 1598
f 1597 2002 1598
f 2014 2002 1597
f 1599 2014 1597
f 2015 1561 1555
f 1554 2015 1555
f 2011 2015 1554
f 1556 2012 1554
f 1557 2012 1556
f 1613 1615 2016
f 2017 1613 2016
f 1614 1613 2017
f 2006 1614 2017
f 1618 1614 2006
f 1616 1618 2006
f 2010 1552 1548
f 1547 2010 1548
f 2018 2010 1547
f 1549 2018 1547
f 1610 1612 2019
f 2016 1610 2019
f 1611 1610 2016
f 1615 1611 2016
f 2007 1580 1574
f 1573 2007 1574
f 2020 2007 1573
f 1575 2021 1573
f 2019 1612 1608
f 1607 2019 1608
f 2005 2019 1607
f 1609 2005 1607
f 1537 2005 1609
f 2014 1601 1595
f 1594 2014 1595
f 2022 2014 1594
f 1596 2022 1594
f 2018 1549 1545
f 1544 2018 1545
f 2023 2018 1544
f 1546 2024 1544
f 1558 1561 2015
f 2025 1560 2015
f 1559 1560 2025
f 2022 1596 1591
f 1590 2022 1591
f 2026 2022 1590
f 1592 2026 1590
f 2020 1575 1571
f 1570 2021 1571
f 2027 2021 1570
f 1572 2027 1570
f 2023 1546 1539
f 1538 2024 1539
f 2028 2024 1538
f 1540 2028 1538
f 2029 2028 1540
f 1541 2029 1540
f 2030 2031 1990
f 1989 2030 1990
f 2032 2030 1989
f 2033 2032 1989
f 2034 2032 2033
f 2035 2034 2033
f 2036 2034 2035
f 2037 2036 2035
f 2038 2036 2037
f 2039 2038 2037
f 2040 2038 2039
f 2041 2040 2039
f 2042 2040 2041
f 2043 2042 2041
f 2044 2042 2043
f 2045 2044 2043
f 2046 2044 2047
f 2048 2046 2047
f 2049 2046 2048
f 2050 2049 2048
f 2051 2049 2050
f 2052 2051 2050
f 2053 2051 2052
f 2054 2053 2052
f 1846 2053 2054
f 1988 1846 2054
f 1541 1846 1988
f 1987 1541 1988
f 2029 1541 1987
f 2026 1592 1588
f 1587 2026 1588
f 2055 2026 1587
f 1589 2055 1587
f 2027 1572 1567
f 1566 2027 1567
f 2056 2027 1568
f 1569 2056 1568
f 2055 1589 1584
f 1583 2055 1584
f 2057 2055 1585
f 1586 2057 1585
f 2056 1569 1564
f 1563 2056 1564
f 2025 2056 1563
f 1565 2025 1563
f 1559 2025 1565
f 2057 1586 1577
f 1576 2057 1577
f 2058 2057 1576
f 1578 2059 1576
f 2008 2059 1578
f 1579 2009 1578
f 1582 2009 1579
f 1994 2060 1995
f 2061 2062 2063
f 1994 2064 2065
f 2066 2067 2064
f 1994 2066 2064
f 2068 2066 1994
f 1998 2068 1994
f 2069 2068 1998
f 2070 2069 1998
f 2071 2072 2073
f 2071 2060 1994
f 2074 2071 1994
f 2072 2071 2074
f 1994 2065 2062
f 2061 1994 2062
f 2074 1994 2061
f 2075 2074 2061
f 2072 2074 2075
f 1998 1999 2076
f 2070 1998 2076
f 1993 2076 1999
f 2077 2076 1993
f 1992 2077 1993
f 2078 2077 1992
f 2001 2078 1992
f 2079 2078 2001
f 2080 2079 2001
f 2004 2080 2001
f 2081 2080 2004
f 2016 1630 1631
f 1640 2016 1631
f 1630 2016 2019
f 2005 1630 2019
f 1632 1630 2005
f 2003 1632 2005
f 1633 1632 2003
f 2013 1633 2003
f 1637 1633 2002
f 2014 1638 2002
f 1639 1638 2014
f 2022 1639 2014
f 1635 1639 2022
f 1629 1635 2022
f 2026 1636 2022
f 1628 1636 2026
f 1782 2024 2028
f 2029 1782 2028
f 1987 1782 2029
f 2023 1782 1781
f 1834 2024 1781
f 2018 2024 1834
f 2018 1834 1833
f 1832 2018 1833
f 2010 2018 1832
f 2010 1832 1830
f 1829 2010 1830
f 2011 2010 1829
f 2011 1829 1827
f 2082 2012 1827
f 2015 2012 1826
f 2015 1826 1824
f 1823 2015 1824
f 2025 2015 1823
f 2025 1823 1821
f 1820 2025 1821
f 2056 2025 1820
f 2056 1820 1818
f 1817 2056 1818
f 2027 2056 1817
f 2020 1809 1808
f 2007 2021 1808
f 2027 1817 1815
f 1814 2027 1815
f 2020 2027 1814
f 1811 2021 1814
f 1809 2021 1813
f 2007 1808 1805
f 1801 2007 1805
f 2008 2007 1801
f 1799 2009 1801
f 2058 2009 1799
f 1798 2059 1799
f 2057 2059 1798
f 2057 1798 1796
f 1795 2057 1796
f 2055 2057 1795
f 1786 1462 1628
f 2026 1786 1628
f 1792 1786 2026
f 2055 1792 2026
f 1793 1792 2055
f 1795 1793 2055
f 1778 1780 2081
f 2004 1778 2081
f 1775 1778 2004
f 2006 1777 2004
f 1772 1777 2006
f 2017 1774 2006
f 1770 1774 2017
f 2016 1770 2017
f 1764 1770 2016
f 1640 1764 2016
f 1263 1764 1640
f 2081 2083 2080
f 2084 1771 1769
f 2084 2083 2081
f 1780 2084 2081
f 1779 2084 1780
f 2084 1769 1768
f 1767 2084 1768
f 1766 2084 1767
f 2084 1779 1776
f 1773 2084 1776
f 1771 2084 1773
f 2083 2084 2085
f 2086 2083 2085
f 2086 2085 2087
f 2088 2086 2087
f 2089 2086 2090
f 2091 2089 2090
f 2092 2089 2091
f 2093 2094 2095
f 2092 2093 2095
f 2096 2093 2092
f 2091 2096 2092
f 1642 1650 1649
f 2097 1642 1649
f 1643 1642 2097
f 2098 1643 2097
f 1646 1643 2098
f 1651 1646 2098
f 1648 2099 2097
f 1649 1648 2097
f 1644 1645 1652
f 2100 1644 1652
f 1641 1644 2100
f 2099 1641 2100
f 1647 1641 2099
f 1648 1647 2099
f 1651 2098 2100
f 1652 1651 2100
f 1658 1653 2101
f 2102 1658 2101
f 2103 1658 2102
f 1654 2104 2101
f 1653 1654 2101
f 2105 2104 1654
f 1655 2105 1654
f 2106 2105 1655
f 1655 1657 2107
f 2108 1655 2107
f 2106 1655 2108
f 1656 2109 2107
f 1657 1656 2107
f 2110 2109 1656
f 1658 2110 1656
f 2103 2110 1658
f 2111 2112 2110
f 2103 2111 2110
f 2102 2111 2103
f 2111 2113 2095
f 2094 2111 2095
f 2112 2111 2094
f 2114 2112 2094
f 2115 2116 1716
f 1661 2115 1716
f 2117 2115 1661
f 1664 1663 2118
f 2119 1664 2118
f 1665 1664 2119
f 1666 1665 2119
f 2120 1666 2119
f 1667 1666 2120
f 1668 1667 2120
f 2121 1669 2120
f 1671 1669 2122
f 1672 1671 2122
f 2117 1672 2122
f 1661 1672 2117
f 1673 2123 2118
f 1663 1673 2118
f 1677 1674 2124
f 2125 1677 2124
f 1678 1677 2125
f 2126 1678 2125
f 2127 1679 2125
f 1680 1679 2127
f 1681 1680 2127
f 2128 1681 2127
f 1682 1681 2128
f 1683 1682 2128
f 2129 1683 2128
f 1684 1683 2129
f 1685 1684 2129
f 2130 1685 2129
f 1686 1685 2130
f 1687 1686 2130
f 2131 1687 2130
f 1688 1687 2132
f 1692 1688 2132
f 2133 1692 2132
f 1691 1692 2133
f 1690 1691 2133
f 2134 1690 2133
f 1689 1690 2134
f 1676 1689 2134
f 2135 1676 2134
f 1675 1676 2135
f 1693 1675 2135
f 2136 1693 2135
f 1694 1693 2136
f 1695 1694 2136
f 2137 1695 2136
f 1696 1695 2137
f 1698 1697 2137
f 2138 1698 2137
f 1699 1698 2139
f 1700 1699 2139
f 2140 1700 2139
f 1701 1700 2140
f 1702 1701 2140
f 2141 1702 2140
f 1703 1702 2141
f 1707 1703 2141
f 2142 1707 2141
f 1705 1707 2142
f 1704 1706 2142
f 2123 1704 2142
f 1673 1704 2123
f 1708 2143 2124
f 1674 1708 2124
f 1710 1709 2144
f 2145 1710 2144
f 1711 1710 2145
f 2146 1711 2145
f 1714 1711 2146
f 2147 1714 2146
f 1713 1714 2147
f 1712 1713 2147
f 2143 1712 2147
f 1708 1712 2143
f 1715 2148 2144
f 1709 1717 2144
f 1662 2116 2148
f 1715 1716 2148
f 2094 2149 2150
f 2114 2094 2150
f 2151 2152 2153
f 2094 2093 2154
f 2149 2094 2154
f 2154 2093 2096
f 2091 2154 2096
f 2155 2154 2091
f 2085 2084 2152
f 2151 2085 2152
f 2087 2085 2151
f 2155 2087 2151
f 2088 2087 2155
f 2091 2090 2155
f 2156 1766 2157
f 2156 2158 2153
f 2159 2160 2153
f 1766 2160 2152
f 2084 1766 2152
f 2161 2162 2163
f 2164 2160 2157
f 2165 2166 2162
f 2161 2165 2162
f 2167 2165 2161
f 2168 2167 2161
f 2169 2167 2168
f 2170 2169 2168
f 2171 2169 2170
f 2172 2171 2170
f 2173 2171 2172
f 2174 2173 2172
f 2175 2173 2174
f 2176 2175 2174
f 2177 2175 2176
f 2178 2177 2176
f 2179 2177 2178
f 2180 2179 2178
f 2181 2179 2180
f 2182 2181 2180
f 2183 2181 2182
f 2184 2183 2182
f 2185 2183 2184
f 2186 2185 2184
f 2187 2185 2186
f 2188 2187 2186
f 2189 2187 2188
f 2190 2189 2188
f 2191 2189 2190
f 2192 2191 2190
f 2193 2191 2192
f 2194 2193 2192
f 2195 2193 2194
f 2196 2195 2194
f 2197 2195 2196
f 2198 2197 2196
f 2164 2197 2198
f 2199 2200 2198
f 2156 2200 2199
f 2158 2160 2199
f 2201 2202 2203
f 2204 2201 2205
f 2206 2202 2201
f 2204 2206 2201
f 2207 2206 2204
f 2208 2205 2201
f 2162 2208 2201
f 2209 2208 2162
f 2210 2163 2162
f 2201 2210 2162
f 2211 2210 2201
f 2203 2211 2201
f 2212 2213 2202
f 2206 2212 2202
f 2214 2212 2206
f 2207 2215 2206
f 2216 2217 2218
f 2217 2216 2219
f 2220 2217 2219
f 2221 2217 2220
f 2222 2223 2224
f 2225 2222 2224
f 2226 2222 2225
f 2227 2226 2225
f 2228 2226 2229
f 2230 2216 2231
f 2232 2219 2231
f 2233 2219 2232
f 2234 2235 2236
f 2233 2234 2236
f 2237 2234 2233
f 2232 2237 2233
f 2236 2235 2238
f 2239 2236 2238
f 2240 2236 2239
f 2236 2240 2241
f 2242 2236 2241
f 2233 2236 2242
f 2243 2233 2242
f 2230 2233 2243
f 2244 2219 2243
f 2220 2219 2244
f 2212 2215 2226
f 2228 2212 2226
f 2213 2212 2228
f 2245 2223 2222
f 2246 2245 2222
f 2247 2245 2246
f 2226 2215 2248
f 2249 2226 2248
f 2222 2226 2249
f 2250 2222 2249
f 2246 2222 2250
f 2239 2238 2251
f 2252 2239 2251
f 2245 2239 2253
f 2254 2245 2253
f 2255 2245 2254
f 2245 2247 2256
f 2257 2245 2256
f 2239 2245 2257
f 2258 2239 2257
f 2240 2239 2258
f 2259 2260 2261
f 2262 2259 2261
f 2263 2259 2262
f 2264 2263 2262
f 2265 2263 2264
f 2260 2266 2267
f 2268 2218 2217
f 2259 2268 2217
f 2269 2268 2259
f 2263 2269 2259
f 2270 2266 2260
f 2259 2270 2260
f 2271 2270 2259
f 2217 2271 2259
f 2221 2271 2217
f 2264 2262 2272
f 2265 2264 2272
f 2273 2274 1719
f 1718 2273 1719
f 2275 2273 1718
f 1720 2275 1718
f 2276 2275 1720
f 1728 2276 1720
f 2277 2276 1728
f 1732 2277 1728
f 2278 2277 1732
f 1739 2278 1732
f 2279 2278 1739
f 1743 2279 1739
f 2280 2279 1743
f 1746 2280 1743
f 2281 2280 1746
f 1735 2281 1746
f 2282 2281 1735
f 1727 2282 1735
f 2283 2282 1727
f 1726 2283 1727
f 2284 2283 1726
f 1731 2284 1726
f 2285 2284 1731
f 1737 2285 1731
f 2286 2285 1737
f 1741 2286 1737
f 2287 2286 1741
f 1744 2287 1741
f 2288 2287 1744
f 1747 2288 1744
f 2289 2288 1747
f 1733 2289 1747
f 2290 2289 1733
f 1722 2290 1733
f 2291 2290 1722
f 1721 2291 1722
f 2292 2291 1721
f 1729 2292 1721
f 2293 2292 1729
f 1736 2293 1729
f 2294 2293 1736
f 1740 2294 1736
f 2295 2294 1740
f 1745 2295 1740
f 2296 2295 1745
f 1748 2296 1745
f 2297 2296 1748
f 1724 2297 1748
f 2298 2297 1724
f 1723 2298 1724
f 2299 2298 1723
f 1725 2299 1723
f 2300 2299 1725
f 1730 2300 1725
f 2301 2300 1730
f 1734 2301 1730
f 2302 2301 1734
f 1738 2302 1734
f 2303 2302 1738
f 1742 2303 1738
f 2274 2303 1742
f 1719 2274 1742
f 2304 2305 2272
f 2262 2304 2272
f 2306 2304 2262
f 2261 2306 2262
f 2307 2306 2261
f 2260 2307 2261
f 2267 2307 2260
f 2258 2241 2240
f 1753 2307 1754
f 2307 2308 2309
f 1837 1982 1838
f 1790 1788 1789
f 1749 1884 2308
f 2307 1749 2308
f 1752 1749 2307
f 1753 1752 2307
f 1835 1981 1750
f 1763 1835 1750
f 1783 1835 1763
f 2246 2250 1755
f 1754 2246 1755
f 2247 2246 1754
f 2256 2258 2257
f 1750 1981 1982
f 1837 1750 1982
f 1751 1750 1837
f 1842 1751 1837
f 1845 1751 1842
f 1843 1845 1842
f 1844 1845 1843
f 2207 1759 1758
f 1757 2207 1758
f 2214 2207 1757
f 1756 2215 1757
f 2248 2215 1756
f 1755 2248 1756
f 2249 2248 1755
f 2250 2249 1755
f 1761 2165 2167
f 2307 2267 2266
f 2270 2307 2266
f 1754 2307 2270
f 2271 1754 2270
f 2221 1754 2271
f 1761 2167 2169
f 1783 1761 2169
f 1762 1761 1783
f 1763 1762 1783
f 2191 2193 1797
f 1800 2191 1797
f 2189 2191 1803
f 1804 2189 1803
f 2187 2189 1804
f 2310 2157 1766
f 1754 2221 2220
f 2244 1754 2220
f 2243 1754 2244
f 2258 2256 2247
f 1754 2258 2247
f 2241 2258 1754
f 2243 2241 1754
f 2242 2241 2243
f 2187 1804 1807
f 1810 2187 1807
f 2185 2187 1812
f 1816 2185 1812
f 2183 2185 1816
f 1819 2183 1816
f 2181 2183 1819
f 1822 2181 1819
f 2179 2181 1822
f 2157 1765 1788
f 1790 2157 1788
f 2164 2157 1790
f 1791 2200 1790
f 2197 2200 1791
f 1785 2197 1791
f 2195 2197 1785
f 1787 2195 1785
f 2193 2195 1787
f 1794 2193 1787
f 1797 2193 1794
f 2207 2204 1761
f 1760 2207 1761
f 1759 2207 1760
f 2208 2166 2165
f 1761 2208 2165
f 2205 2208 1761
f 2204 2205 1761
f 1783 2169 2171
f 2173 1783 2171
f 1784 1783 2173
f 2175 1784 2173
f 1831 1784 2175
f 2177 1831 2175
f 1828 1831 2177
f 2179 1828 2177
f 1825 1828 2179
f 1822 1825 2179
f 2311 2309 2308
f 1882 2312 2313
f 2314 1882 2313
f 1883 1882 2314
f 2315 1883 2314
f 1885 1883 2315
f 2311 2308 1884
f 1885 2311 1884
f 2316 2311 1885
f 2315 2316 1885
f 2317 1997 1996
f 2318 2319 1850
f 1849 2320 1850
f 2321 2320 1849
f 1848 2321 1849
f 2322 2321 1848
f 1847 1493 1877
f 1997 1847 1877
f 1848 1847 1997
f 2317 1848 1997
f 2322 1848 2317
f 1850 2319 2323
f 2324 1850 2323
f 1851 1850 2324
f 2325 1851 2324
f 1852 1851 2031
f 2030 1852 2031
f 2326 1852 2030
f 2032 1853 2030
f 2032 2034 1855
f 1854 2032 1855
f 2326 2032 1854
f 2034 2036 1857
f 1856 2034 1857
f 1855 2034 1856
f 2036 2038 1859
f 1858 2036 1859
f 1857 2036 1858
f 2040 1863 1862
f 1861 2040 1862
f 2038 2040 1861
f 1860 2038 1861
f 1859 2038 1860
f 1864 1863 2040
f 2042 1864 2040
f 1865 1864 2042
f 1866 1865 2042
f 2044 1866 2042
f 1867 1866 2044
f 2327 1867 2044
f 2046 1868 2044
f 1869 1868 2046
f 1870 1869 2046
f 2049 1870 2046
f 1871 1870 2049
f 1872 1871 2049
f 2051 1872 2049
f 1873 1872 2051
f 1876 1873 2051
f 2053 1876 2051
f 1875 1876 2053
f 1874 1875 2053
f 1846 1874 2053
f 1467 1874 1846
f 2035 1933 1929
f 2037 1943 1942
f 2039 1937 1944
f 1983 1969 1971
f 1891 1890 2052
f 2050 1891 2052
f 1892 1891 2050
f 1893 1892 2050
f 1890 1969 1983
f 2048 1965 1964
f 1963 2048 1964
f 2050 2048 1963
f 1962 2050 1963
f 1893 2050 1962
f 2045 1959 1958
f 1967 2047 1958
f 2048 2047 1967
f 1966 2048 1967
f 1965 2048 1966
f 1961 2043 1954
f 2045 2043 1961
f 1960 2047 1961
f 1959 2047 1960
f 1951 2041 1952
f 2041 1951 1950
f 1956 2041 1950
f 2043 2041 1956
f 2328 2043 1956
f 1954 2043 1955
f 2039 1944 1947
f 1948 2039 1947
f 2041 2039 1948
f 1953 2041 1948
f 1952 2041 1953
f 2037 1942 1941
f 1939 2037 1941
f 2039 2037 1940
f 1938 2039 1940
f 1937 2039 1938
f 2035 1929 1930
f 1935 2035 1930
f 2037 2035 1935
f 1936 2037 1935
f 1943 2037 1936
f 2033 1881 1880
f 2329 2313 2312
f 1882 2329 2312
f 2330 2329 1882
f 2331 2330 1882
f 2035 2033 1880
f 1932 2035 1880
f 1933 2035 1932
f 2033 1989 2332
f 2333 2033 2332
f 2033 2333 2334
f 2335 2033 2334
f 2336 2033 2335
f 2033 2336 2337
f 2338 2033 2337
f 2339 2033 2338
f 2331 1882 1881
f 2033 2331 1881
f 2340 2331 2033
f 2339 2340 2033
f 2341 1989 1991
f 1989 2341 2342
f 2343 1989 2342
f 2344 1989 2343
f 1989 2344 2345
f 2346 1989 2345
f 2332 1989 2347
f 2052 1890 1983
f 1984 2052 1983
f 2054 2052 1984
f 1986 1836 1988
f 2054 1986 1988
f 1985 1986 2054
f 1984 1985 2054
f 2348 2349 2350
f 2321 2351 2320
f 2352 2353 2354
f 2355 2356 2353
f 2355 2353 2352
f 2357 2355 2352
f 2351 2355 2357
f 2358 2359 2360
f 2361 2358 2360
f 2362 2358 2361
f 2363 2362 2361
f 2364 2362 2363
f 2358 2362 2365
f 2366 2358 2365
f 2359 2358 2366
f 2367 2359 2366
f 2360 2359 2368
f 2369 2360 2368
f 2370 2360 2369
f 2371 2370 2369
f 2372 2370 2371
f 2370 2321 2322
f 2355 2351 2321
f 2370 2355 2321
f 2373 2355 2370
f 2372 2373 2370
f 2374 2373 2372
f 2348 2356 2355
f 2375 2348 2355
f 2376 2348 2375
f 2377 2378 2379
f 2348 2377 2379
f 2380 2377 2348
f 2376 2380 2348
f 2381 2380 2376
f 2382 2383 2384
f 2385 2386 2387
f 2388 2385 2387
f 2389 2385 2388
f 2390 2389 2388
f 2391 2389 2390
f 2392 2393 2394
f 2383 2392 2394
f 2386 2392 2383
f 2382 2386 2383
f 2387 2386 2382
f 2349 2395 2396
f 2383 2397 2398
f 2399 2400 2397
f 2383 2399 2397
f 2401 2399 2383
f 2394 2401 2383
f 2402 2395 2383
f 2398 2402 2383
f 2403 2402 2398
f 2383 2395 2349
f 2348 2383 2349
f 2384 2383 2348
f 2379 2384 2348
f 2404 2384 2379
f 2317 2370 2322
f 2405 2060 2071
f 1995 2060 2370
f 2317 1995 2370
f 1996 1995 2317
f 2406 2405 2407
f 2370 2060 2405
f 2406 2370 2405
f 2360 2370 2406
f 2405 2408 2407
f 2409 2061 2410
f 2061 2409 2408
f 2405 2061 2408
f 2075 2061 2405
f 2071 2075 2405
f 2072 2075 2071
f 2073 2072 2071
f 2065 2411 2412
f 2413 2065 2412
f 2062 2065 2414
f 2410 2062 2414
f 2063 2062 2410
f 2061 2063 2410
f 2411 2065 2064
f 2415 2411 2064
f 2416 2411 2067
f 2066 2068 2417
f 2418 2066 2417
f 2415 2066 2419
f 2420 2067 2419
f 2416 2067 2420
f 2098 2421 2417
f 2113 2422 2421
f 2098 2113 2421
f 2095 2113 2098
f 2097 2095 2098
f 2092 2095 2097
f 2089 2092 2097
f 2099 2077 2078
f 2083 2086 2089
f 2097 2083 2089
f 2080 2083 2097
f 2099 2080 2097
f 2079 2080 2099
f 2078 2079 2099
f 2098 2417 2068
f 2069 2098 2068
f 2100 2098 2069
f 2070 2100 2069
f 2099 2100 2070
f 2076 2099 2070
f 2077 2099 2076
f 2423 2105 2424
f 2113 2111 2102
f 2101 2113 2102
f 2422 2113 2101
f 2104 2422 2101
f 2425 2422 2104
f 2105 2425 2104
f 2426 2425 2105
f 2423 2426 2105
f 2427 2426 2423
f 2106 2108 2428
f 2429 2106 2428
f 2105 2106 2429
f 2424 2105 2429
f 2430 2428 2108
f 2107 2430 2108
f 2431 2430 2107
f 2432 2433 2434
f 2435 2436 2434
f 2150 2437 2438
f 2109 2150 2438
f 2114 2150 2109
f 2110 2114 2109
f 2112 2114 2110
f 2434 2433 2439
f 2107 2434 2439
f 2440 2434 2107
f 2109 2440 2107
f 2441 2440 2109
f 2438 2441 2109
f 2442 2272 2305
f 2150 2443 2437
f 2444 2445 2443
f 2150 2148 2443
f 2144 2148 2150
f 2149 2144 2150
f 2145 2144 2149
f 2154 2145 2149
f 2146 2145 2154
f 2155 2146 2154
f 2147 2146 2155
f 2151 2147 2155
f 2143 2147 2151
f 2153 2143 2151
f 2124 2143 2153
f 2136 2135 2180
f 2178 2136 2180
f 2137 2136 2178
f 2176 2137 2178
f 2138 2137 2176
f 2174 2139 2176
f 2140 2139 2174
f 2172 2140 2174
f 2141 2140 2172
f 2170 2141 2172
f 2142 2141 2170
f 2142 2170 2168
f 2161 2142 2168
f 2123 2142 2161
f 2119 2224 2223
f 2254 2119 2223
f 2120 2119 2254
f 2252 2120 2254
f 2251 2120 2253
f 2124 2153 2158
f 2199 2124 2158
f 2125 2124 2199
f 2198 2125 2199
f 2127 2125 2198
f 2196 2127 2198
f 2128 2127 2196
f 2194 2128 2196
f 2129 2128 2194
f 2192 2129 2194
f 2130 2129 2192
f 2190 2130 2192
f 2131 2130 2190
f 2188 2132 2190
f 2133 2132 2188
f 2186 2133 2188
f 2134 2133 2186
f 2184 2134 2186
f 2135 2134 2184
f 2182 2135 2184
f 2180 2135 2182
f 2227 2118 2228
f 2119 2118 2229
f 2225 2119 2229
f 2224 2119 2225
f 2121 2237 2232
f 2231 2122 2232
f 2117 2122 2231
f 2216 2117 2231
f 2218 2117 2216
f 2446 2115 2272
f 2442 2116 2272
f 2444 2116 2442
f 2447 2148 2442
f 2445 2148 2447
f 2123 2161 2163
f 2210 2123 2163
f 2211 2123 2210
f 2120 2251 2238
f 2235 2120 2238
f 2121 2120 2235
f 2234 2122 2235
f 2237 2122 2234
f 2263 2265 2272
f 2115 2263 2272
f 2269 2263 2115
f 2117 2269 2115
f 2268 2269 2117
f 2218 2268 2117
f 2123 2211 2203
f 2202 2123 2203
f 2118 2123 2202
f 2213 2118 2202
f 2228 2118 2213
f 2448 2445 2447
f 2449 2448 2447
f 2450 2448 2449
f 2451 2450 2449
f 2452 2450 2451
f 2453 2454 2455
f 2456 2453 2455
f 2457 2453 2458
f 2452 2451 2459
f 2460 2452 2459
f 2461 2452 2455
f 2454 2461 2455
f 2457 2458 2462
f 2463 2457 2462
f 2464 2457 2465
f 2466 2467 2468
f 2469 2467 2465
f 2463 2467 2466
f 2470 2465 2466
f 2464 2465 2470
f 2467 2469 2471
f 2472 2467 2471
f 2473 2467 2472
f 2474 2475 2476
f 2477 2478 2479
f 2480 2481 2478
f 2474 2480 2478
f 2482 2480 2474
f 2483 2482 2474
f 2474 2478 2477
f 2484 2474 2477
f 2485 2474 2484
f 2486 2487 2488
f 2489 2490 2474
f 2485 2489 2474
f 2491 2489 2492
f 2486 2493 2494
f 2474 2486 2494
f 2487 2486 2474
f 2490 2487 2474
f 2495 2496 2497
f 2498 2499 2500
f 2501 2498 2500
f 2499 2502 2496
f 2495 2499 2496
f 2500 2499 2495
f 2503 2504 2505
f 2506 2507 2504
f 2496 2506 2504
f 2508 2506 2496
f 2502 2508 2496
f 2496 2504 2503
f 2509 2496 2503
f 2510 2496 2509
f 2474 2494 2497
f 2496 2474 2497
f 2475 2474 2496
f 2510 2475 2496
f 2511 2475 2510
f 2512 2513 2514
f 2513 2515 2516
f 2517 2513 2516
f 2513 2517 2518
f 2519 2513 2518
f 2520 2513 2519
f 2521 2520 2519
f 2474 2520 2522
f 2523 2474 2522
f 2483 2474 2523
f 2524 2525 2515
f 2513 2524 2515
f 2526 2524 2513
f 2512 2526 2513
f 2527 2528 2529
f 2530 2527 2529
f 2512 2527 2530
f 2531 2512 2530
f 2526 2512 2531
f 2532 2526 2531
f 2524 2526 2532
f 2533 2534 2535
f 2534 2467 2473
f 2467 2534 2533
f 2536 2467 2533
f 2537 2467 2536
f 2538 2468 2467
f 2537 2538 2467
f 2539 2538 2537
f 2540 2539 2537
f 2541 2539 2540
f 2530 2541 2540
f 2542 2541 2530
f 2529 2542 2530
f 2543 2542 2529
f 2544 2543 2529
f 2545 2546 2547
f 2548 2545 2547
f 2549 2545 2548
f 2550 2549 2548
f 2551 2552 2553
f 2554 2551 2553
f 2555 2551 2554
f 2556 2555 2554
f 2546 2555 2556
f 2547 2546 2556
f 2557 2558 2559
f 2560 2557 2559
f 2561 2558 2557
f 2562 2561 2557
f 2563 2561 2562
f 2564 2563 2565
f 2566 2567 2557
f 2560 2566 2557
f 2568 2566 2560
f 2569 2568 2560
f 2570 2571 2561
f 2563 2570 2561
f 2572 2570 2563
f 2564 2572 2563
f 2573 2574 2549
f 2575 2573 2549
f 2576 2575 2549
f 2550 2576 2549
f 2577 2576 2550
f 2578 2579 2580
f 2581 2578 2580
f 2582 2578 2581
f 2581 2583 2584
f 2585 2581 2584
f 2582 2581 2585
f 2584 2583 2586
f 2587 2584 2586
f 2588 2584 2587
f 2589 2588 2587
f 2590 2588 2589
f 2591 2590 2589
f 2592 2590 2591
f 2593 2594 2595
f 2596 2597 2598
f 2597 2596 2594
f 2593 2597 2594
f 2599 2597 2593
f 2600 2599 2593
f 2601 2599 2600
f 2602 2601 2600
f 2603 2601 2602
f 2604 2603 2602
f 2605 2603 2604
f 2606 2605 2604
f 2607 2605 2606
f 2608 2609 2610
f 2611 2608 2610
f 2612 2613 2614
f 2610 2612 2614
f 2615 2612 2610
f 2609 2615 2610
f 2616 2617 2618
f 2608 2616 2618
f 2619 2616 2608
f 2611 2619 2608
f 2295 2296 2620
f 2621 2295 2620
f 2294 2295 2621
f 2622 2294 2621
f 2293 2294 2622
f 2623 2293 2622
f 2292 2293 2623
f 2624 2292 2623
f 2291 2292 2624
f 2625 2291 2624
f 2290 2291 2625
f 2283 2284 2626
f 2627 2283 2626
f 2282 2283 2627
f 2628 2282 2627
f 2281 2282 2628
f 2629 2281 2628
f 2280 2281 2629
f 2630 2280 2629
f 2279 2280 2630
f 2631 2279 2630
f 2278 2279 2631
f 2290 2625 2632
f 2633 2290 2632
f 2289 2290 2633
f 2634 2289 2633
f 2288 2289 2634
f 2635 2288 2634
f 2287 2288 2635
f 2636 2287 2635
f 2286 2287 2636
f 2637 2286 2636
f 2285 2286 2637
f 2638 2285 2637
f 2284 2285 2638
f 2639 2284 2638
f 2626 2284 2639
f 2301 2302 2640
f 2641 2301 2640
f 2300 2301 2641
f 2642 2300 2641
f 2299 2300 2642
f 2643 2299 2642
f 2298 2299 2643
f 2644 2298 2643
f 2297 2298 2644
f 2645 2297 2644
f 2296 2297 2645
f 2646 2296 2645
f 2620 2296 2646
f 2278 2631 2647
f 2648 2278 2647
f 2277 2278 2648
f 2649 2277 2648
f 2276 2277 2649
f 2650 2276 2649
f 2275 2276 2650
f 2651 2275 2650
f 2273 2275 2651
f 2652 2273 2651
f 2274 2273 2652
f 2653 2274 2652
f 2303 2274 2653
f 2654 2303 2653
f 2302 2303 2654
f 2655 2302 2654
f 2640 2302 2655
f 2656 2657 2658
f 2659 2482 2483
f 2660 2472 2471
f 2661 2469 2465
f 2662 2661 2465
f 2661 2462 2458
f 2460 2661 2458
f 2459 2661 2455
f 2661 2459 2451
f 2449 2661 2451
f 2306 2661 2449
f 2447 2306 2449
f 2304 2306 2447
f 2442 2304 2447
f 2305 2304 2442
f 2660 2663 2534
f 2473 2660 2534
f 2472 2660 2473
f 2664 2665 2536
f 2533 2664 2536
f 2666 2664 2533
f 2665 2531 2530
f 2665 2530 2540
f 2537 2665 2540
f 2536 2665 2537
f 2667 2515 2525
f 2524 2667 2525
f 2668 2667 2524
f 2532 2668 2524
f 2531 2668 2532
f 2517 2516 2669
f 2670 2517 2669
f 2518 2517 2670
f 2521 2519 2671
f 2659 2522 2671
f 2523 2522 2659
f 2483 2523 2659
f 2481 2480 2672
f 2673 2481 2672
f 2478 2481 2673
f 2479 2478 2673
f 2674 2484 2477
f 2479 2674 2477
f 2491 2492 2675
f 2656 2491 2675
f 2489 2491 2656
f 2658 2489 2656
f 2490 2489 2658
f 2676 2677 2678
f 2660 2676 2678
f 2661 2676 2660
f 2471 2661 2660
f 2469 2661 2471
f 2671 2519 2518
f 2670 2671 2518
f 2679 2671 2670
f 2672 2480 2482
f 2659 2672 2482
f 2680 2672 2659
f 2671 2679 2681
f 2682 2671 2681
f 2659 2671 2682
f 2683 2659 2682
f 2680 2659 2683
f 2674 2479 2673
f 2684 2674 2673
f 2685 2674 2684
f 2674 2685 2686
f 2675 2674 2686
f 2484 2674 2675
f 2485 2484 2675
f 2672 2680 2687
f 2688 2672 2687
f 2673 2672 2688
f 2689 2673 2688
f 2684 2673 2689
f 2663 2690 2664
f 2666 2663 2664
f 2534 2663 2535
f 2660 2678 2691
f 2692 2660 2691
f 2663 2660 2692
f 2693 2663 2692
f 2690 2663 2693
f 2668 2531 2665
f 2694 2668 2665
f 2695 2668 2694
f 2669 2516 2515
f 2667 2669 2515
f 2696 2669 2667
f 2668 2695 2697
f 2698 2668 2697
f 2667 2668 2698
f 2699 2667 2698
f 2696 2667 2699
f 2664 2690 2700
f 2701 2664 2700
f 2665 2664 2701
f 2702 2665 2701
f 2694 2665 2702
f 2703 2704 2657
f 2656 2703 2657
f 2705 2703 2656
f 2675 2705 2656
f 2706 2705 2675
f 2686 2706 2675
f 2669 2696 2707
f 2708 2669 2707
f 2670 2669 2708
f 2709 2670 2708
f 2679 2670 2709
f 2309 2306 2307
f 2710 2329 2330
f 2711 2677 2313
f 2329 2711 2313
f 2712 2711 2329
f 2710 2712 2329
f 2661 2306 2309
f 2311 2661 2309
f 2676 2661 2311
f 2676 2311 2316
f 2315 2676 2316
f 2677 2676 2315
f 2314 2677 2315
f 2313 2677 2314
f 2713 2714 2715
f 2716 2717 2718
f 2324 1990 2031
f 2719 2720 2721
f 2722 2719 2721
f 2723 2719 2722
f 2393 2722 2724
f 2722 2393 2392
f 2386 2722 2392
f 2723 2722 2386
f 2385 2723 2386
f 2389 2723 2385
f 2724 2399 2401
f 2394 2724 2401
f 2393 2724 2394
f 2725 2400 2716
f 2726 2397 2716
f 2398 2397 2726
f 2403 2398 2726
f 2727 2350 2349
f 2396 2727 2349
f 2728 2727 2396
f 2395 2728 2396
f 2402 2728 2395
f 2348 2713 2356
f 2729 2357 2352
f 2354 2729 2352
f 2713 2729 2354
f 2353 2713 2354
f 2356 2713 2353
f 2730 2341 1991
f 2342 2341 2730
f 2319 2320 2351
f 2731 2319 2351
f 2323 2319 2731
f 2730 2323 2731
f 2324 2323 2730
f 1991 2324 2730
f 1990 2324 1991
f 2732 2332 2347
f 2345 2732 2347
f 2733 2732 2345
f 2344 2733 2345
f 2343 2733 2344
f 2734 2334 2333
f 2332 2734 2333
f 2735 2338 2337
f 2336 2735 2337
f 2734 2735 2336
f 2335 2734 2336
f 2334 2734 2335
f 2736 2331 2340
f 2339 2736 2340
f 2338 2736 2339
f 2737 2736 2738
f 2710 2330 2331
f 2736 2710 2331
f 2712 2710 2736
f 2737 2712 2736
f 2711 2712 2737
f 2731 2351 2357
f 2729 2731 2357
f 2739 2731 2729
f 2730 2740 2741
f 2733 2730 2741
f 2342 2730 2733
f 2343 2342 2733
f 2731 2739 2742
f 2743 2731 2742
f 2730 2731 2743
f 2744 2730 2743
f 2740 2730 2744
f 2734 2332 2732
f 2745 2734 2732
f 2746 2734 2745
f 2736 2338 2735
f 2747 2736 2735
f 2738 2736 2747
f 2734 2746 2748
f 2749 2734 2748
f 2735 2734 2749
f 2750 2735 2749
f 2747 2735 2750
f 2733 2741 2751
f 2752 2733 2751
f 2732 2733 2752
f 2753 2732 2752
f 2745 2732 2753
f 2724 2754 2717
f 2716 2724 2717
f 2399 2724 2716
f 2400 2399 2716
f 2722 2721 2755
f 2756 2722 2755
f 2724 2722 2756
f 2757 2724 2756
f 2754 2724 2757
f 2728 2402 2403
f 2726 2728 2403
f 2758 2728 2726
f 2727 2759 2714
f 2713 2727 2714
f 2350 2727 2713
f 2348 2350 2713
f 2728 2758 2760
f 2761 2728 2760
f 2727 2728 2761
f 2762 2727 2761
f 2759 2727 2762
f 2716 2718 2763
f 2764 2716 2763
f 2726 2716 2764
f 2765 2726 2764
f 2758 2726 2765
f 2713 2715 2766
f 2767 2713 2766
f 2729 2713 2767
f 2768 2729 2767
f 2739 2729 2768
f 2391 2723 2389
f 2769 2720 2719
f 2770 2769 2719
f 2771 2391 2390
f 2770 2719 2723
f 2391 2770 2723
f 2772 2770 2391
f 2771 2772 2391
f 2773 2774 2775
f 2776 2773 2371
f 2369 2776 2371
f 2368 2776 2369
f 2777 2355 2373
f 2374 2777 2373
f 2773 2777 2374
f 2372 2773 2374
f 2371 2773 2372
f 2778 2779 2381
f 2376 2778 2381
f 2375 2778 2376
f 2780 2404 2379
f 2378 2780 2379
f 2779 2378 2377
f 2380 2779 2377
f 2381 2779 2380
f 2781 2772 2771
f 2390 2781 2771
f 2781 2390 2388
f 2387 2781 2388
f 2782 2781 2387
f 2382 2782 2387
f 2384 2782 2382
f 2780 2378 2779
f 2783 2780 2779
f 2784 2780 2783
f 2780 2784 2785
f 2782 2780 2785
f 2404 2780 2782
f 2384 2404 2782
f 2786 2787 2774
f 2773 2786 2774
f 2788 2786 2773
f 2776 2788 2773
f 2778 2375 2355
f 2777 2778 2355
f 2789 2778 2777
f 2773 2775 2790
f 2791 2773 2790
f 2777 2773 2791
f 2792 2777 2791
f 2789 2777 2792
f 2782 2785 2793
f 2794 2782 2793
f 2781 2782 2794
f 2795 2781 2794
f 2772 2781 2795
f 2796 2772 2795
f 2770 2772 2796
f 2778 2789 2797
f 2798 2778 2797
f 2779 2778 2798
f 2799 2779 2798
f 2783 2779 2799
f 2800 2364 2363
f 2800 2801 2802
f 2362 2800 2802
f 2364 2800 2362
f 2359 2803 2804
f 2803 2359 2367
f 2366 2803 2367
f 2802 2803 2366
f 2365 2802 2366
f 2362 2802 2365
f 2802 2801 2805
f 2806 2802 2805
f 2807 2802 2806
f 2804 2808 2809
f 2787 2804 2809
f 2786 2804 2787
f 2776 2368 2359
f 2804 2776 2359
f 2788 2776 2804
f 2786 2788 2804
f 2802 2807 2810
f 2811 2802 2810
f 2803 2802 2811
f 2812 2803 2811
f 2803 2812 2813
f 2814 2803 2813
f 2804 2803 2814
f 2815 2804 2814
f 2808 2804 2815
f 2541 2542 2543
f 2816 2541 2543
f 2539 2541 2816
f 2817 2539 2816
f 2538 2539 2817
f 2468 2538 2817
f 2818 2445 2448
f 2438 2437 2443
f 2445 2438 2443
f 2441 2438 2445
f 2818 2441 2445
f 2440 2441 2818
f 2818 2448 2450
f 2452 2818 2450
f 2461 2818 2452
f 2818 2461 2454
f 2453 2818 2454
f 2457 2818 2453
f 2818 2457 2464
f 2470 2818 2464
f 2817 2818 2470
f 2466 2817 2470
f 2468 2817 2466
f 2819 2820 2435
f 2434 2819 2435
f 2440 2819 2434
f 2820 2439 2433
f 2432 2820 2433
f 2435 2820 2436
f 2821 2424 2429
f 2428 2821 2429
f 2822 2821 2428
f 2430 2822 2428
f 2431 2822 2430
f 2821 2426 2427
f 2423 2821 2427
f 2424 2821 2423
f 2823 2408 2409
f 2407 2408 2823
f 2361 2360 2406
f 2800 2361 2406
f 2363 2361 2800
f 2823 2409 2410
f 2413 2823 2410
f 2824 2823 2414
f 2823 2412 2411
f 2416 2823 2411
f 2420 2823 2416
f 2823 2420 2419
f 2417 2823 2419
f 2425 2823 2417
f 2825 2425 2417
f 2422 2425 2421
f 2822 2439 2820
f 2826 2822 2820
f 2827 2822 2826
f 2823 2425 2426
f 2821 2823 2426
f 2828 2823 2821
f 2822 2827 2829
f 2830 2822 2829
f 2821 2822 2830
f 2831 2821 2830
f 2828 2821 2831
f 2832 2833 2834
f 2817 2832 2834
f 2835 2832 2817
f 2816 2835 2817
f 2819 2440 2818
f 2836 2819 2818
f 2837 2819 2836
f 2817 2834 2838
f 2839 2817 2838
f 2818 2817 2839
f 2840 2818 2839
f 2836 2818 2840
f 2841 2806 2805
f 2823 2841 2805
f 2842 2841 2823
f 2828 2842 2823
f 2800 2406 2407
f 2823 2800 2407
f 2801 2800 2823
f 2805 2801 2823
f 2819 2837 2843
f 2844 2819 2843
f 2820 2819 2844
f 2845 2820 2844
f 2826 2820 2845
f 2846 2528 2527
f 2528 2847 2529
f 2544 2816 2543
f 2816 2544 2529
f 2847 2816 2529
f 2835 2816 2847
f 2832 2835 2847
f 2832 2848 2833
f 2847 2528 2846
f 2849 2847 2846
f 2850 2847 2849
f 2851 2848 2832
f 2847 2851 2832
f 2852 2851 2847
f 2850 2852 2847
f 2853 2852 2850
f 2854 2855 2856
f 2498 2854 2499
f 2857 2507 2506
f 2508 2857 2506
f 2854 2857 2508
f 2502 2854 2508
f 2499 2854 2502
f 2505 2504 2858
f 2859 2505 2858
f 2503 2505 2859
f 2860 2476 2475
f 2511 2860 2475
f 2861 2860 2511
f 2510 2861 2511
f 2509 2861 2510
f 2862 2513 2520
f 2474 2862 2520
f 2863 2850 2849
f 2846 2863 2849
f 2514 2513 2862
f 2863 2514 2862
f 2512 2514 2863
f 2846 2512 2863
f 2527 2512 2846
f 2859 2864 2861
f 2509 2859 2861
f 2503 2859 2509
f 2860 2865 2866
f 2862 2860 2866
f 2476 2860 2862
f 2474 2476 2862
f 2861 2864 2867
f 2868 2861 2867
f 2860 2861 2868
f 2869 2860 2868
f 2865 2860 2869
f 2870 2871 2855
f 2854 2872 2855
f 2873 2872 2854
f 2498 2873 2854
f 2501 2873 2498
f 2858 2504 2507
f 2857 2858 2507
f 2874 2858 2857
f 2854 2856 2875
f 2876 2854 2875
f 2857 2854 2876
f 2877 2857 2876
f 2874 2857 2877
f 2878 2853 2850
f 2863 2878 2850
f 2879 2878 2863
f 2862 2879 2863
f 2880 2879 2862
f 2866 2880 2862
f 2858 2874 2881
f 2882 2858 2881
f 2859 2858 2882
f 2883 2859 2882
f 2864 2859 2883
f 2884 2493 2486
f 2704 2885 2886
f 2887 2885 2704
f 2888 2889 2890
f 2891 2888 2890
f 2704 2888 2891
f 2892 2704 2891
f 2887 2704 2892
f 2704 2886 2893
f 2894 2704 2893
f 2657 2704 2894
f 2895 2657 2894
f 2896 2657 2895
f 2657 2896 2897
f 2898 2657 2897
f 2899 2657 2898
f 2900 2901 2658
f 2657 2900 2658
f 2902 2900 2657
f 2899 2902 2657
f 2658 2901 2903
f 2904 2658 2903
f 2490 2658 2904
f 2490 2904 2905
f 2906 2490 2905
f 2487 2490 2906
f 2907 2487 2906
f 2908 2909 2488
f 2487 2908 2488
f 2910 2908 2487
f 2907 2910 2487
f 2911 2912 2486
f 2488 2911 2486
f 2913 2911 2488
f 2909 2913 2488
f 2486 2912 2914
f 2915 2486 2914
f 2916 2486 2915
f 2917 2918 2884
f 2486 2919 2884
f 2920 2919 2486
f 2916 2920 2486
f 2884 2918 2921
f 2922 2884 2921
f 2923 2884 2922
f 2884 2923 2924
f 2925 2884 2924
f 2926 2884 2925
f 2884 2926 2927
f 2928 2884 2927
f 2929 2884 2928
f 2494 2493 2884
f 2930 2494 2884
f 2497 2494 2930
f 2500 2871 2872
f 2873 2500 2872
f 2501 2500 2873
f 2930 2871 2500
f 2495 2930 2500
f 2497 2930 2495
f 2890 2889 2931
f 2932 2890 2931
f 2932 2887 2892
f 2891 2932 2892
f 2890 2932 2891
f 2885 2887 2932
f 2933 2885 2932
f 2886 2885 2933
f 2896 2895 2933
f 2934 2896 2933
f 2933 2895 2894
f 2893 2933 2894
f 2886 2933 2893
f 2935 2902 2899
f 2898 2935 2899
f 2934 2935 2898
f 2897 2934 2898
f 2896 2934 2897
f 2935 2936 2901
f 2900 2935 2901
f 2902 2935 2900
f 2936 2905 2904
f 2937 2936 2904
f 2901 2936 2903
f 2909 2908 2938
f 2939 2909 2938
f 2913 2909 2939
f 2911 2913 2939
f 2938 2908 2910
f 2907 2938 2910
f 2936 2938 2907
f 2906 2936 2907
f 2905 2936 2906
f 2940 2916 2915
f 2914 2940 2915
f 2939 2940 2914
f 2912 2939 2914
f 2911 2939 2912
f 2920 2916 2940
f 2941 2920 2940
f 2917 2920 2941
f 2942 2923 2922
f 2921 2942 2922
f 2941 2942 2921
f 2943 2941 2921
f 2917 2941 2918
f 2925 2944 2926
f 2942 2944 2925
f 2924 2942 2925
f 2923 2942 2924
f 2928 2945 2929
f 2944 2945 2928
f 2927 2944 2928
f 2926 2944 2927
f 2941 2940 2939
f 2931 2941 2939
f 2942 2941 2931
f 2945 2942 2931
f 2944 2942 2945
f 2936 2939 2938
f 2933 2932 2931
f 2939 2933 2931
f 2934 2933 2939
f 2936 2934 2939
f 2935 2934 2936
f 2553 2556 2554
f 2548 2547 2556
f 2553 2548 2556
f 2550 2548 2553
f 2946 2550 2553
f 2577 2550 2946
f 2947 2577 2946
f 2946 2553 2552
f 2948 2946 2552
f 2545 2555 2546
f 2552 2551 2555
f 2545 2552 2555
f 2948 2552 2545
f 2549 2948 2545
f 2949 2948 2549
f 2574 2949 2549
f 2950 2577 2947
f 2570 2576 2577
f 2564 2565 2575
f 2576 2564 2575
f 2572 2564 2576
f 2570 2572 2576
f 2565 2563 2574
f 2573 2565 2574
f 2575 2565 2573
f 2570 2577 2950
f 2951 2570 2950
f 2571 2570 2951
f 2952 2571 2951
f 2561 2571 2952
f 2953 2561 2952
f 2558 2561 2953
f 2954 2558 2953
f 2559 2558 2954
f 2955 2559 2954
f 2560 2559 2955
f 2956 2560 2955
f 2569 2560 2956
f 2957 2569 2956
f 2568 2569 2957
f 2958 2568 2957
f 2566 2568 2958
f 2959 2566 2958
f 2567 2566 2959
f 2960 2567 2959
f 2557 2567 2960
f 2961 2557 2960
f 2562 2557 2961
f 2962 2562 2961
f 2563 2562 2962
f 2949 2563 2962
f 2574 2563 2949
f 2592 2963 2590
f 2964 2963 2592
f 2591 2964 2592
f 2965 2964 2591
f 2589 2965 2591
f 2966 2965 2589
f 2587 2966 2589
f 2967 2966 2587
f 2586 2583 2968
f 2969 2586 2968
f 2587 2586 2969
f 2967 2587 2969
f 2970 2580 2971
f 2581 2580 2970
f 2968 2581 2970
f 2583 2581 2968
f 2579 2972 2971
f 2580 2579 2971
f 2578 2973 2972
f 2579 2578 2972
f 2582 2974 2973
f 2578 2582 2973
f 2975 2584 2976
f 2585 2584 2975
f 2974 2585 2975
f 2582 2585 2974
f 2977 2590 2963
f 2588 2590 2977
f 2976 2588 2977
f 2584 2588 2976
f 2978 2979 2980
f 2981 2982 2983
f 2984 2985 2979
f 2978 2984 2979
f 2986 2984 2978
f 2987 2986 2978
f 2988 2986 2987
f 2989 2988 2987
f 2981 2988 2989
f 2990 2981 2989
f 2982 2981 2990
f 2991 2982 2990
f 2979 2992 2980
f 2993 2994 2995
f 2996 2993 2995
f 2997 2993 2996
f 2998 2999 2994
f 2993 2998 2994
f 3000 2998 2993
f 3001 3000 2993
f 2979 2985 3001
f 2993 2979 3001
f 2992 2979 2993
f 2997 2992 2993
f 3002 2994 2999
f 3003 3004 3005
f 3006 3003 3005
f 3007 3003 3006
f 3008 3007 3006
f 3009 3007 3008
f 3010 3009 3008
f 3002 3009 3010
f 3011 3002 3010
f 2994 3002 3011
f 2995 2994 3011
f 2601 2603 3012
f 3013 2601 3012
f 2599 2601 3013
f 3014 2599 3013
f 2605 3012 2603
f 3015 3012 2605
f 2607 3015 2605
f 3016 3015 2607
f 2606 3016 2607
f 3017 3016 2606
f 2604 3017 2606
f 3018 3017 2604
f 3019 2600 3020
f 2602 2600 3019
f 3018 2602 3019
f 2604 2602 3018
f 3021 2595 3022
f 2593 2595 3021
f 3020 2593 3021
f 2600 2593 3020
f 2594 3023 3022
f 2595 2594 3022
f 2596 3024 3023
f 2594 2596 3023
f 2598 3025 3024
f 2596 2598 3024
f 3026 2599 3014
f 2597 2599 3026
f 3025 2597 3026
f 2598 2597 3025
f 2614 2613 3027
f 3028 2614 3027
f 2610 2614 3028
f 3029 2610 3028
f 2611 2610 3029
f 3030 2611 3029
f 2619 2611 3030
f 3031 2619 3030
f 2616 2619 3031
f 3032 2616 3031
f 2617 2616 3032
f 3033 2617 3032
f 2618 2617 3033
f 3034 2618 3033
f 2608 2618 3034
f 3035 2608 3034
f 2609 2608 3035
f 3036 2609 3035
f 2615 2609 3036
f 3037 2615 3036
f 2612 2615 3037
f 3038 2612 3037
f 2613 2612 3038
f 3027 2613 3038
f 2628 3039 2629
f 2629 3039 3040
f 3041 2629 3040
f 2630 2629 3041
f 2630 3041 3042
f 3043 2630 3042
f 2631 2630 3043
f 2631 3043 3044
f 3045 2631 3044
f 2647 2631 3045
f 2647 3045 3046
f 3047 2647 3046
f 2648 2647 3047
f 2648 3047 3048
f 3049 2648 3048
f 2649 2648 3049
f 2649 3049 3050
f 3051 2649 3050
f 2650 2649 3051
f 2650 3051 3052
f 3053 2650 3052
f 2651 2650 3053
f 2651 3053 3054
f 3055 2651 3054
f 2652 2651 3055
f 2652 3055 3056
f 3057 2652 3056
f 2653 2652 3057
f 2653 3057 3058
f 3059 2653 3058
f 2654 2653 3059
f 2654 3059 3060
f 3061 2654 3060
f 2655 2654 3061
f 2655 3061 3062
f 3063 2655 3062
f 2640 2655 3063
f 2640 3063 3064
f 3065 2640 3064
f 2641 2640 3065
f 2641 3065 3066
f 3067 2641 3066
f 2642 2641 3067
f 2642 3067 3068
f 3069 2642 3068
f 2643 2642 3069
f 2643 3069 3070
f 3071 2643 3070
f 2644 2643 3071
f 2644 3071 3072
f 3073 2644 3072
f 2645 2644 3073
f 2645 3073 3074
f 3075 2645 3074
f 2646 2645 3075
f 2646 3075 3076
f 3077 2646 3076
f 2620 2646 3077
f 2620 3077 3078
f 3079 2620 3078
f 2621 2620 3079
f 2621 3079 3080
f 3081 2621 3080
f 2622 2621 3081
f 2622 3081 3082
f 3083 2622 3082
f 2623 2622 3083
f 2623 3083 3084
f 3085 2623 3084
f 2624 2623 3085
f 2624 3085 3086
f 3087 2624 3086
f 2625 2624 3087
f 2625 3087 3088
f 3089 2625 3088
f 2632 2625 3089
f 2632 3089 3090
f 3091 2632 3090
f 2633 2632 3091
f 2633 3091 3092
f 3093 2633 3092
f 2634 2633 3093
f 2634 3093 3094
f 3095 2634 3094
f 2635 2634 3095
f 2635 3095 3096
f 3097 2635 3096
f 2636 2635 3097
f 2636 3097 3098
f 3099 2636 3098
f 2637 2636 3099
f 2637 3099 3100
f 3101 2637 3100
f 2638 2637 3101
f 2638 3101 3102
f 3103 2638 3102
f 2639 2638 3103
f 2639 3103 3104
f 3105 2639 3104
f 2626 2639 3105
f 2626 3105 3106
f 3107 2626 3106
f 2627 2626 3107
f 2627 3107 3108
f 3109 2627 3108
f 2628 2627 3109
f 3110 2628 3109
f 3039 2628 3110
f 3111 3112 3113
f 3114 3115 3112
f 3111 3114 3112
f 3116 3114 3111
f 3117 3116 3111
f 3004 3116 3117
f 3005 3004 3117
f 2931 2929 2945
f 2883 2882 3007
f 3009 2883 3007
f 2864 2883 3009
f 2865 3002 2866
f 2984 2838 2834
f 2985 2984 2834
f 2837 2986 2843
f 3118 2706 2686
f 3002 2865 2869
f 2868 3002 2869
f 3009 3002 2868
f 2867 3009 2868
f 2864 3009 2867
f 2880 2866 3002
f 2999 2880 3002
f 2879 2880 2999
f 2999 2852 2853
f 2878 2999 2853
f 2879 2999 2878
f 2986 2837 2836
f 2840 2986 2836
f 2984 2986 2840
f 2839 2984 2840
f 2838 2984 2839
f 2681 2679 2709
f 2708 2681 2709
f 3119 2681 2708
f 2707 3119 2708
f 3120 3119 2707
f 3003 2875 2856
f 2855 3003 2856
f 3004 3003 2855
f 2871 3004 2855
f 3116 3004 2871
f 2930 3116 2871
f 3114 3116 2930
f 2884 3114 2930
f 3115 3114 2884
f 2929 3115 2884
f 2877 2876 2875
f 3003 2877 2875
f 2874 2877 3003
f 3007 2874 3003
f 2881 2874 3007
f 2882 2881 3007
f 2845 2844 2843
f 2986 2845 2843
f 2826 2845 2986
f 2988 2826 2986
f 2831 2981 2828
f 2842 2828 2981
f 2983 2842 2981
f 2841 2842 2983
f 2807 2806 2841
f 2983 2807 2841
f 2810 2807 2983
f 3121 2810 2983
f 2811 2810 3121
f 3122 2811 3121
f 2812 2811 3122
f 3123 2812 3122
f 2813 2812 3123
f 3124 2813 3123
f 3120 2697 2695
f 3125 3120 2695
f 2699 2698 2697
f 3120 2699 2697
f 2696 2699 3120
f 2707 2696 3120
f 2703 2705 2706
f 3118 2703 2706
f 2704 2703 3118
f 3115 2704 3118
f 2888 2704 3115
f 2929 2888 3115
f 2889 2888 2929
f 2931 2889 2929
f 2985 2834 2833
f 2848 2985 2833
f 3001 2985 2848
f 2851 3001 2848
f 3000 3001 2851
f 2852 3000 2851
f 2998 3000 2852
f 2999 2998 2852
f 2981 2831 2830
f 2829 2981 2830
f 2988 2981 2829
f 2827 2988 2829
f 2826 2988 2827
f 3125 2695 2694
f 2702 3125 2694
f 2701 3125 2702
f 2683 2682 2681
f 3119 2683 2681
f 2680 2683 3119
f 3126 2680 3119
f 2687 2680 3126
f 2689 2688 2687
f 3126 2689 2687
f 2684 2689 3126
f 3118 2684 3126
f 2685 2684 3118
f 2686 2685 3118
f 3127 3128 2808
f 2815 3127 2808
f 3124 3127 2815
f 2814 3124 2815
f 2813 3124 2814
f 3125 2701 2700
f 2690 3125 2700
f 3129 3125 2690
f 2693 3129 2690
f 2692 3129 2693
f 2769 2770 3130
f 3131 2769 3130
f 2720 2769 3131
f 2721 2720 3131
f 2784 2783 3132
f 3133 2784 3132
f 2785 2784 3133
f 2793 2785 3133
f 3130 2770 2796
f 2795 3130 2796
f 3133 3130 2795
f 2794 3133 2795
f 2793 3133 2794
f 3134 2754 2757
f 2756 3134 2757
f 3131 3134 2756
f 2755 3131 2756
f 2721 3131 2755
f 2742 3135 2743
f 2744 2743 3135
f 3136 2744 3135
f 2740 2744 3136
f 3137 2790 2775
f 2774 3137 2775
f 3138 3137 2774
f 2787 3138 2774
f 3128 3138 2787
f 2809 3128 2787
f 2808 3128 2809
f 2718 2717 2754
f 3134 2718 2754
f 2763 2718 3134
f 3139 2763 3134
f 2764 2763 3139
f 2765 2764 3139
f 3135 2742 2739
f 2768 3135 2739
f 3140 3135 2768
f 2751 2741 2740
f 3136 2751 2740
f 2752 2751 3136
f 3141 2752 3136
f 2753 2752 3141
f 2745 2753 3141
f 2750 3142 2747
f 2738 2747 3142
f 3143 2738 3142
f 2737 2738 3143
f 3129 2692 2691
f 2678 3129 2691
f 3144 3129 2678
f 2677 3144 2678
f 3143 3144 2677
f 2711 3143 2677
f 2737 3143 2711
f 3132 2783 2799
f 2798 3132 2799
f 3145 3132 2798
f 3140 2768 2767
f 2766 3140 2767
f 2715 3140 2766
f 2792 2791 2790
f 3137 2792 2790
f 2789 2792 3137
f 3145 2789 3137
f 2797 2789 3145
f 2798 2797 3145
f 2760 2758 2765
f 3139 2760 2765
f 2761 2760 3139
f 3146 2761 3139
f 3140 2715 2714
f 2759 3140 2714
f 3146 3140 2759
f 2762 3146 2759
f 2761 3146 2762
f 3142 2750 2749
f 2748 3142 2749
f 3141 3142 2748
f 2746 3141 2748
f 2745 3141 2746
f 3147 3138 3148
f 3149 3147 3148
f 3150 3147 3149
f 3151 3152 3153
f 3123 3151 3153
f 3151 2982 2991
f 3154 3151 2991
f 3152 3151 3154
f 3153 3152 3155
f 3156 3153 3155
f 3148 3153 3156
f 3157 3148 3156
f 3149 3148 3157
f 3121 2983 2982
f 3151 3121 2982
f 3122 3121 3151
f 3123 3122 3151
f 3148 3138 3128
f 3127 3148 3128
f 3153 3148 3127
f 3124 3153 3127
f 3123 3153 3124
f 2978 3023 2946
f 2948 2978 2946
f 2973 2989 2987
f 2972 2973 2987
f 3158 3113 3159
f 2948 2969 2968
f 2972 2987 2978
f 2948 2972 2978
f 2971 2972 2948
f 2968 2971 2948
f 2970 2971 2968
f 3158 3159 3160
f 3161 3158 3160
f 3162 3158 3161
f 3163 3162 3161
f 3164 3162 3163
f 3165 3164 3163
f 3166 3164 3165
f 3167 3166 3165
f 3113 3158 3168
f 3169 3113 3168
f 3111 3113 3169
f 3170 3171 3172
f 3173 3170 3172
f 3174 3170 3173
f 3175 3174 3176
f 3032 2980 2992
f 2997 3032 2992
f 2946 2950 2947
f 3117 3027 3038
f 3005 3117 3038
f 3177 3178 3170
f 3174 3177 3170
f 3179 3177 3174
f 3175 3179 3174
f 3180 3181 3030
f 3029 3180 3030
f 3182 3180 3029
f 3028 3182 3029
f 3183 3182 3028
f 3027 3183 3028
f 3184 3183 3027
f 3117 3184 3027
f 3185 3184 3117
f 3111 3185 3117
f 3186 3185 3111
f 3169 3186 3111
f 3005 3038 3037
f 3036 3005 3037
f 3006 3005 3036
f 3035 3006 3036
f 3008 3006 3035
f 3034 3008 3035
f 3010 3008 3034
f 3033 3010 3034
f 3011 3010 3033
f 3032 3011 3033
f 2995 3011 3032
f 2997 2995 3032
f 2996 2995 2997
f 3032 3031 3016
f 3017 3032 3016
f 2980 3032 3017
f 3018 2980 3017
f 3019 2980 3018
f 3187 3188 3189
f 3190 3187 3189
f 3172 3187 3190
f 3191 3172 3190
f 3173 3172 3191
f 2991 3152 3154
f 2967 2962 2961
f 2980 3019 3020
f 3021 2980 3020
f 2978 2980 3021
f 3022 2978 3021
f 3023 2978 3022
f 3014 3192 3193
f 3150 2975 2976
f 2977 3150 2976
f 3194 3150 2977
f 2967 2969 2948
f 2949 2967 2948
f 2962 2967 2949
f 3026 3014 2951
f 2950 3026 2951
f 3025 3026 2950
f 2946 3025 2950
f 3024 3025 2946
f 3023 3024 2946
f 3195 3196 2961
f 2960 3195 2961
f 3197 3195 2960
f 2959 3197 2960
f 3198 3197 2959
f 2958 3198 2959
f 3199 3198 2958
f 2957 3199 2958
f 3200 3199 2957
f 2956 3200 2957
f 3201 3200 2956
f 2955 3201 2956
f 2953 2952 3202
f 3203 2953 3202
f 2954 2953 3203
f 3204 2954 3203
f 2955 2954 3204
f 3205 2955 3204
f 3201 2955 3205
f 2951 3014 3193
f 3206 2951 3193
f 2952 2951 3206
f 3207 2952 3206
f 3202 2952 3207
f 3012 3208 3013
f 2975 3150 3149
f 3157 2975 3149
f 3156 2975 3157
f 2990 2989 2973
f 2974 2990 2973
f 2991 2990 2974
f 2975 2991 2974
f 3152 2991 2975
f 3156 3152 2975
f 3155 3152 3156
f 2961 3196 3209
f 3210 2961 3209
f 2967 2961 3210
f 3211 2967 3210
f 3014 3013 3208
f 3212 3014 3208
f 3192 3014 3212
f 3030 3181 3208
f 3012 3030 3208
f 3031 3030 3012
f 3015 3031 3012
f 3016 3031 3015
f 2967 3211 3213
f 3214 2967 3213
f 2966 2967 3214
f 3215 2966 3214
f 3216 2966 3215
f 2966 3216 3188
f 3187 2966 3188
f 2965 2966 3187
f 3217 2965 3187
f 2964 2965 3217
f 3194 2964 3217
f 2963 2964 3194
f 2977 2963 3194
f 3095 3218 3219
f 3219 3220 3097
f 3096 3219 3097
f 3095 3219 3096
f 3101 3221 3222
f 3221 3101 3100
f 3099 3221 3100
f 3220 3221 3099
f 3098 3220 3099
f 3097 3220 3098
f 3105 3223 3224
f 3223 3105 3104
f 3103 3223 3104
f 3222 3223 3103
f 3102 3222 3103
f 3101 3222 3102
f 3109 3225 3226
f 3225 3109 3108
f 3107 3225 3108
f 3224 3225 3107
f 3106 3224 3107
f 3105 3224 3106
f 3041 3227 3228
f 3227 3041 3040
f 3039 3227 3040
f 3226 3227 3039
f 3110 3226 3039
f 3109 3226 3110
f 3045 3229 3230
f 3229 3045 3044
f 3043 3229 3044
f 3228 3229 3043
f 3042 3228 3043
f 3041 3228 3042
f 3049 3231 3232
f 3231 3049 3048
f 3047 3231 3048
f 3230 3231 3047
f 3046 3230 3047
f 3045 3230 3046
f 3053 3233 3234
f 3233 3053 3052
f 3051 3233 3052
f 3232 3233 3051
f 3050 3232 3051
f 3049 3232 3050
f 3235 3236 3056
f 3055 3235 3056
f 3234 3235 3055
f 3054 3234 3055
f 3053 3234 3054
f 3236 3237 3058
f 3057 3236 3058
f 3056 3236 3057
f 3237 3238 3060
f 3059 3237 3060
f 3058 3237 3059
f 3238 3239 3062
f 3061 3238 3062
f 3060 3238 3061
f 3239 3240 3064
f 3063 3239 3064
f 3062 3239 3063
f 3240 3241 3066
f 3065 3240 3066
f 3064 3240 3065
f 3241 3242 3068
f 3067 3241 3068
f 3066 3241 3067
f 3242 3243 3070
f 3069 3242 3070
f 3068 3242 3069
f 3243 3244 3072
f 3071 3243 3072
f 3070 3243 3071
f 3244 3245 3074
f 3073 3244 3074
f 3072 3244 3073
f 3245 3246 3076
f 3075 3245 3076
f 3074 3245 3075
f 3246 3247 3078
f 3077 3246 3078
f 3076 3246 3077
f 3247 3248 3080
f 3079 3247 3080
f 3078 3247 3079
f 3248 3249 3082
f 3081 3248 3082
f 3080 3248 3081
f 3249 3250 3084
f 3083 3249 3084
f 3082 3249 3083
f 3250 3251 3086
f 3085 3250 3086
f 3084 3250 3085
f 3251 3252 3088
f 3087 3251 3088
f 3086 3251 3087
f 3252 3253 3090
f 3089 3252 3090
f 3088 3252 3089
f 3218 3095 3094
f 3093 3218 3094
f 3254 3218 3093
f 3092 3254 3093
f 3253 3254 3092
f 3091 3253 3092
f 3090 3253 3091
f 3255 3256 3257
f 3258 3255 3257
f 3158 3255 3258
f 3168 3158 3258
f 3162 3255 3158
f 3163 3161 3259
f 3260 3163 3259
f 3165 3163 3260
f 3261 3165 3260
f 3167 3165 3261
f 3262 3167 3261
f 3166 3167 3262
f 3263 3166 3262
f 3164 3166 3263
f 3264 3164 3263
f 3162 3164 3264
f 3265 3162 3264
f 3255 3162 3265
f 3256 3255 3265
f 3266 3267 3259
f 3161 3266 3259
f 3160 3266 3161
f 3118 3112 3115
f 3268 3269 3270
f 3159 3113 3112
f 3118 3159 3112
f 3160 3159 3118
f 3126 3160 3118
f 3266 3160 3126
f 3129 3144 3269
f 3268 3129 3269
f 3125 3129 3268
f 3271 3125 3268
f 3120 3125 3271
f 3272 3120 3271
f 3119 3120 3272
f 3273 3119 3272
f 3126 3119 3273
f 3274 3126 3273
f 3266 3126 3274
f 3267 3266 3274
f 3275 3276 3270
f 3269 3275 3270
f 3143 3275 3269
f 3144 3143 3269
f 3277 3278 3279
f 3142 3275 3143
f 3276 3275 3142
f 3131 3130 3278
f 3277 3131 3278
f 3134 3131 3277
f 3280 3134 3277
f 3139 3134 3280
f 3281 3139 3280
f 3146 3139 3281
f 3282 3146 3281
f 3140 3146 3282
f 3283 3140 3282
f 3135 3140 3283
f 3284 3135 3283
f 3136 3135 3284
f 3285 3136 3284
f 3141 3136 3285
f 3286 3141 3285
f 3142 3141 3286
f 3287 3142 3286
f 3276 3142 3287
f 3130 3172 3171
f 3288 3289 3290
f 3288 3279 3278
f 3130 3288 3278
f 3289 3288 3130
f 3171 3289 3130
f 3147 3137 3138
f 3172 3130 3133
f 3132 3172 3133
f 3187 3172 3132
f 3145 3187 3132
f 3217 3187 3145
f 3137 3217 3145
f 3194 3217 3137
f 3147 3194 3137
f 3150 3194 3147
f 3289 3171 3170
f 3291 3289 3170
f 3290 3289 3291
f 3292 3293 3294
f 3174 3173 3293
f 3292 3174 3293
f 3176 3174 3292
f 3295 3176 3292
f 3175 3176 3295
f 3296 3175 3295
f 3179 3175 3296
f 3297 3179 3296
f 3177 3179 3297
f 3298 3177 3297
f 3178 3177 3298
f 3299 3178 3298
f 3170 3178 3299
f 3291 3170 3299
f 3293 3173 3191
f 3300 3293 3191
f 3294 3293 3300
f 3301 3294 3300
f 3190 3300 3191
f 3302 3303 3304
f 3303 3190 3189
f 3190 3303 3302
f 3301 3190 3302
f 3300 3190 3301
f 3188 3303 3189
f 3304 3303 3188
f 3214 3213 3305
f 3306 3214 3305
f 3215 3214 3306
f 3307 3215 3306
f 3216 3215 3307
f 3308 3216 3307
f 3188 3216 3308
f 3309 3188 3308
f 3304 3188 3309
f 3196 3195 3310
f 3311 3196 3310
f 3209 3196 3311
f 3312 3209 3311
f 3210 3209 3312
f 3313 3210 3312
f 3211 3210 3313
f 3314 3211 3313
f 3213 3211 3314
f 3305 3213 3314
f 3203 3202 3315
f 3316 3203 3315
f 3204 3203 3316
f 3317 3204 3316
f 3205 3204 3317
f 3318 3205 3317
f 3201 3205 3318
f 3319 3201 3318
f 3200 3201 3319
f 3320 3200 3319
f 3199 3200 3320
f 3321 3199 3320
f 3198 3199 3321
f 3322 3198 3321
f 3197 3198 3322
f 3323 3197 3322
f 3195 3197 3323
f 3310 3195 3323
f 3324 3325 3326
f 3192 3212 3325
f 3324 3192 3325
f 3193 3192 3324
f 3327 3193 3324
f 3206 3193 3327
f 3328 3206 3327
f 3207 3206 3328
f 3329 3207 3328
f 3202 3207 3329
f 3315 3202 3329
f 3208 3325 3212
f 3330 3331 3332
f 3183 3184 3331
f 3330 3183 3331
f 3182 3183 3330
f 3333 3182 3330
f 3180 3182 3333
f 3334 3180 3333
f 3181 3180 3334
f 3335 3181 3334
f 3208 3181 3335
f 3336 3208 3335
f 3325 3208 3336
f 3326 3325 3336
f 3331 3184 3185
f 3337 3331 3185
f 3332 3331 3337
f 3338 3339 3337
f 3185 3338 3337
f 3186 3338 3185
f 3169 3338 3186
f 3340 3258 3257
f 3258 3169 3168
f 3169 3258 3340
f 3339 3169 3340
f 3338 3169 3339
f 3240 3239 3317
f 3316 3240 3317
f 3291 3288 3290
f 3280 3277 3279
f 3281 3280 3279
f 3317 3239 3238
f 3237 3317 3238
f 3318 3317 3237
f 3236 3318 3237
f 3319 3318 3236
f 3332 3337 3243
f 3242 3332 3243
f 3241 3332 3242
f 3324 3328 3327
f 3329 3328 3324
f 3326 3329 3324
f 3315 3329 3326
f 3336 3315 3326
f 3335 3315 3336
f 3299 3286 3285
f 3284 3299 3285
f 3332 3241 3240
f 3316 3332 3240
f 3330 3332 3316
f 3315 3330 3316
f 3333 3330 3315
f 3335 3333 3315
f 3334 3333 3335
f 3281 3279 3288
f 3291 3281 3288
f 3282 3281 3291
f 3299 3282 3291
f 3283 3282 3299
f 3284 3283 3299
f 3243 3256 3265
f 3274 3273 3272
f 3259 3274 3272
f 3267 3274 3259
f 3304 3312 3302
f 3261 3260 3251
f 3250 3261 3251
f 3340 3257 3256
f 3243 3340 3256
f 3339 3340 3243
f 3337 3339 3243
f 3310 3312 3311
f 3294 3301 3302
f 3312 3294 3302
f 3292 3294 3312
f 3310 3292 3312
f 3232 3323 3322
f 3320 3319 3236
f 3235 3320 3236
f 3321 3320 3235
f 3234 3321 3235
f 3322 3321 3234
f 3233 3322 3234
f 3232 3322 3233
f 3312 3304 3309
f 3308 3312 3309
f 3307 3312 3308
f 3287 3286 3220
f 3219 3287 3220
f 3276 3287 3219
f 3292 3310 3323
f 3232 3292 3323
f 3295 3292 3232
f 3231 3295 3232
f 3296 3295 3231
f 3230 3296 3231
f 3297 3296 3230
f 3229 3297 3230
f 3298 3297 3229
f 3228 3298 3229
f 3299 3298 3228
f 3227 3299 3228
f 3261 3250 3249
f 3248 3261 3249
f 3262 3261 3248
f 3247 3262 3248
f 3263 3262 3247
f 3246 3263 3247
f 3264 3263 3246
f 3245 3264 3246
f 3265 3264 3245
f 3244 3265 3245
f 3243 3265 3244
f 3276 3219 3218
f 3254 3276 3218
f 3270 3276 3254
f 3253 3270 3254
f 3252 3270 3253
f 3270 3252 3251
f 3260 3270 3251
f 3268 3270 3260
f 3259 3268 3260
f 3271 3268 3259
f 3272 3271 3259
f 3305 3314 3313
f 3312 3305 3313
f 3306 3305 3312
f 3307 3306 3312
f 3286 3223 3222
f 3221 3286 3222
f 3220 3286 3221
f 3299 3227 3226
f 3225 3299 3226
f 3286 3299 3225
f 3224 3286 3225
f 3223 3286 3224

