# https://github.com/mikedh/trimesh
v -0.00823399 -0.10699800 0.02939069
v -0.01185820 -0.10699800 0.02813947
v -0.01548100 -0.10699800 0.02632105
v -0.00404519 -0.10699800 0.03026706
v -0.00802319 -0.10699800 0.02946335
v -0.02185459 -0.10699800 0.02132654
v -0.02228859 -0.10699800 0.02081847
v -0.00415021 -0.10699800 -0.03020751
v -0.01883420 -0.10699800 0.02403611
v -0.01585120 -0.10699800 0.02606881
v 0.00404520 -0.10699800 -0.03026700
v 0.00415660 -0.10699800 -0.03024459
v 0.00000000 -0.10699800 -0.03053582
v -0.00330921 -0.10699800 -0.03035635
v 0.01548101 -0.10699800 -0.02632093
v 0.01215640 -0.10699800 -0.02798963
v 0.01185820 -0.10699800 -0.02813935
v 0.01185820 -0.10699800 -0.02813923
v 0.00415660 -0.10699800 -0.03024447
v 0.00802319 -0.10699800 -0.02946329
v 0.02448681 -0.10699800 -0.01824403
v 0.02491181 -0.10699800 -0.01758671
v 0.02185459 -0.10699800 -0.02132642
v 0.01924960 -0.10699800 -0.02366334
v 0.01883420 -0.10699800 -0.02403599
v -0.01824409 -0.10699800 -0.02448684
v -0.01923281 -0.10699800 -0.02364254
v -0.02448680 -0.10699800 0.01824415
v -0.00730400 -0.10699800 -0.02964967
v -0.01116659 -0.10699800 -0.02842098
v -0.02228859 -0.10699800 0.02081835
v -0.01214309 -0.10699800 -0.02796030
v -0.01483680 -0.10699800 -0.02668947
v 0.02964970 -0.10699800 -0.00730395
v 0.03035641 -0.10699800 -0.00330913
v 0.02872510 -0.10699800 -0.01021051
v 0.02842101 -0.10699800 -0.01116657
v 0.02668950 -0.10699800 -0.01483673
v 0.02983181 -0.10699800 0.00619960
v 0.02946331 -0.10699800 0.00802326
v 0.02813941 -0.10699800 0.01185828
v 0.02705459 -0.10699800 0.01401955
v 0.02632101 -0.10699800 0.01548105
v -0.02964970 -0.10699800 0.00730407
v -0.02984440 -0.10699800 0.00620347
v -0.02842100 -0.10699800 0.01116669
v -0.02707070 -0.10699800 0.01402885
v -0.02668950 -0.10699800 0.01483685
v -0.03035640 -0.10699800 0.00330925
v -0.03053590 -0.10699800 0.00000006
v -0.03039770 -0.10699800 -0.00207937
v -0.03026700 -0.10699800 -0.00404519
v -0.02403611 -0.10699800 -0.01883417
v -0.02132651 -0.10699800 -0.02185458
v -0.02489480 -0.10699800 -0.01757389
v 0.03026700 -0.10699800 0.00404531
v 0.03053591 -0.10699800 0.00000006
v 0.03042300 -0.10699800 -0.00208157
v 0.01824410 -0.10699800 0.02448690
v 0.01583581 -0.10699800 0.02604389
v 0.02132651 -0.10699800 0.02185470
v 0.02227120 -0.10699800 0.02080154
v 0.02403611 -0.10699800 0.01883429
v 0.00730400 -0.10699800 0.02964979
v 0.00330921 -0.10699800 0.03035647
v 0.00822370 -0.10699800 0.02935719
v 0.00000000 -0.10699800 0.03053594
v -0.02632100 -0.10699800 -0.01548094
v -0.02813940 -0.10699800 -0.01185817
v -0.02871040 -0.10699800 -0.01020426
v -0.02946331 -0.10699800 -0.00802314
v 0.01116660 -0.10699800 0.02842110
v 0.01483680 -0.10699800 0.02668959
v 0.00816800 -0.11500000 0.02942359
v 0.00404440 -0.11500000 0.03026706
v 0.01583239 -0.11500000 0.02611107
v 0.01211439 -0.11500000 0.02803028
v 0.00823700 -0.11500000 0.02939922
v 0.02476591 -0.11500000 0.01786357
v 0.02688929 -0.11500000 0.01447171
v 0.02709080 -0.11500000 0.01403844
v 0.01583239 -0.11500000 0.02611095
v 0.01586451 -0.11500000 0.02608842
v 0.01920390 -0.11500000 0.02374196
v 0.02218190 -0.11500000 0.02098608
v 0.02230720 -0.11500000 0.02083451
v 0.02709080 -0.11500000 0.01403856
v 0.02839191 -0.11500000 0.01124018
v 0.02959110 -0.11500000 0.00753814
v 0.02984090 -0.11500000 0.00620228
v 0.02984090 -0.11500000 0.00620216
v 0.03031571 -0.11500000 0.00366265
v 0.03031571 -0.11500000 0.00366277
v 0.03053591 -0.11500000 0.00000006
v 0.03039759 -0.11500000 -0.00207937
v 0.03026691 -0.11500000 -0.00404525
v 0.02942321 -0.11500000 -0.00816905
v 0.02870540 -0.11500000 -0.01020205
v 0.02802970 -0.11500000 -0.01211542
v 0.02611031 -0.11500000 -0.01583332
v 0.02489020 -0.11500000 -0.01756954
v 0.02374111 -0.11500000 -0.01920485
v 0.02448681 -0.10699800 -0.01824415
v 0.02098511 -0.11500000 -0.02218264
v 0.01922870 -0.11500000 -0.02363604
v 0.01786250 -0.11500000 -0.02476656
v 0.01447071 -0.11500000 -0.02688986
v 0.01214780 -0.11500000 -0.02796972
v 0.01124009 -0.11500000 -0.02839184
v 0.00753811 -0.11500000 -0.02959108
v 0.00415280 -0.11500000 -0.03022397
v 0.00415280 -0.11500000 -0.03022408
v 0.00366260 -0.11500000 -0.03031564
v 0.00000000 -0.11500000 -0.03053582
v -0.00404440 -0.11500000 -0.03026700
v -0.00415650 -0.11500000 -0.03024405
v -0.00816800 -0.11500000 -0.02942348
v -0.01583239 -0.11500000 -0.02611095
v -0.01216389 -0.11500000 -0.02800453
v -0.01211439 -0.11500000 -0.02803016
v -0.01920390 -0.11500000 -0.02374184
v -0.01926731 -0.11500000 -0.02368319
v -0.02218190 -0.11500000 -0.02098596
v -0.02476589 -0.11500000 -0.01786345
v -0.02493110 -0.11500000 -0.01759940
v -0.02688929 -0.11500000 -0.01447165
v -0.02839190 -0.11500000 -0.01124007
v -0.02872540 -0.11500000 -0.01021045
v -0.02959111 -0.11500000 -0.00753802
v -0.03031570 -0.11500000 -0.00366253
v -0.03041080 -0.11500000 -0.00208056
v -0.03053590 -0.11500000 0.00000006
v -0.03026690 -0.11500000 0.00404537
v -0.02982640 -0.11500000 0.00619823
v -0.02984440 -0.10699800 0.00620335
v -0.02942320 -0.11500000 0.00816923
v -0.02802970 -0.11500000 0.01211554
v -0.02704880 -0.11500000 0.01401573
v -0.02611030 -0.11500000 0.01583344
v -0.02668950 -0.10699800 0.01483697
v -0.02374110 -0.11500000 0.01920497
v -0.02226759 -0.11500000 0.02079695
v -0.02098511 -0.11500000 0.02218276
v -0.01786250 -0.11500000 0.02476668
v -0.01786250 -0.11500000 0.02476656
v -0.01583271 -0.11500000 0.02603734
v -0.01447070 -0.11500000 0.02688980
v -0.01124009 -0.11500000 0.02839196
v -0.01124009 -0.11500000 0.02839208
v -0.00822701 -0.11500000 0.02936804
v -0.00753810 -0.11500000 0.02959120
v -0.00366260 -0.11500000 0.03031576
v 0.00000000 -0.11500000 0.03053594
v 0.05088151 -0.11500000 -0.01653236
v 0.04633240 -0.11500000 -0.02674997
v 0.02176040 -0.11500000 0.04887503
v 0.01112331 -0.11500000 0.05233103
v 0.01211439 -0.11500000 0.02803016
v 0.03144650 -0.11500000 0.04328209
v 0.03975819 -0.11500000 -0.03579849
v -0.01112330 -0.11500000 -0.05233079
v -0.02176040 -0.11500000 -0.04887462
v -0.03144650 -0.11500000 -0.04328233
v -0.01216389 -0.11500000 -0.02800465
v -0.05088153 -0.11500000 0.01653248
v -0.05320692 -0.11500000 0.00559235
v -0.04633240 -0.11500000 0.02675003
v -0.03975830 -0.11500000 0.03579861
v 0.03975819 -0.11500000 0.03579861
v -0.03975830 -0.11500000 -0.03579849
v -0.03144650 -0.11500000 0.04328209
v 0.03144650 -0.11500000 -0.04328233
v 0.02176040 -0.11500000 -0.04887462
v 0.00000000 -0.11500000 -0.05349994
v 0.01112331 -0.11500000 -0.05233079
v -0.04633240 -0.11500000 -0.02674997
v -0.05088153 -0.11500000 -0.01653236
v 0.04633240 -0.11500000 0.02675003
v -0.05320692 -0.11500000 -0.00559223
v 0.05320689 -0.11500000 -0.00559223
v -0.02176040 -0.11500000 0.04887503
v -0.01112330 -0.11500000 0.05233103
v 0.00000000 -0.11500000 0.05350012
v 0.05320689 -0.11500000 0.00559235
v 0.05088151 -0.11500000 0.01653248
v 0.09084220 -0.11999801 -0.02736485
v 0.11233211 -0.11999801 -0.03369904
v 0.09415491 -0.11999801 -0.01612592
v 0.11551049 -0.11999801 -0.02034438
v 0.11233202 -0.11999801 0.03369915
v 0.09084220 -0.11999801 0.02736497
v 0.11291149 -0.11999801 0.03171015
v 0.09415491 -0.11999801 0.01612616
v 0.11710173 -0.11999801 -0.00670445
v 0.11708441 -0.11999801 0.00700462
v 0.11573881 -0.11999801 0.01900584
v 0.11573881 -0.11999801 0.01900572
v -0.13403645 -0.10099801 -0.04013640
v -0.12994581 -0.10099801 -0.04310846
v -0.12500000 -0.10099801 -0.04415965
v -0.12247185 -0.10099801 -0.02010596
v -0.12005419 -0.10099801 -0.04310846
v -0.11785270 -0.10099801 -0.02216256
v -0.11596356 -0.10099801 -0.04013640
v -0.11446936 -0.10099801 -0.02592015
v -0.11343542 -0.10099801 -0.03575760
v -0.11290690 -0.10099801 -0.03072882
v -0.12500000 -0.10099801 -0.01984024
v -0.12752816 -0.10099801 -0.02010596
v -0.13214731 -0.10099801 -0.02216256
v -0.13656460 -0.10099801 -0.03575760
v -0.13709311 -0.10099801 -0.03072882
v -0.13553064 -0.10099801 -0.02592015
v -0.12247185 -0.10099801 0.04389399
v -0.12500000 -0.10099801 0.01984030
v -0.12005419 -0.10099801 0.02089155
v -0.11785270 -0.10099801 0.04183704
v -0.11596356 -0.10099801 0.02386355
v -0.11446936 -0.10099801 0.03807986
v -0.11343542 -0.10099801 0.02824253
v -0.11343542 -0.10099801 0.02824241
v -0.11290690 -0.10099801 0.03327119
v -0.12500000 -0.10099801 0.04416007
v -0.12752816 -0.10099801 0.04389399
v -0.12994581 -0.10099801 0.02089155
v -0.13214731 -0.10099801 0.04183704
v -0.13403645 -0.10099801 0.02386355
v -0.13553064 -0.10099801 0.03807986
v -0.13656460 -0.10099801 0.02824253
v -0.13656460 -0.10099801 0.02824241
v -0.13709311 -0.10099801 0.03327119
v -0.01111780 -0.10699800 0.05230004
v -0.00675610 -0.10699800 0.05307204
v -0.00153239 -0.10699800 0.05347806
v -0.01186709 -0.10699800 0.05216700
v -0.01694299 -0.10699800 0.05074710
v -0.02175909 -0.10699800 0.04887098
v -0.02183530 -0.10699800 0.04884201
v -0.03143280 -0.10699800 0.04326504
v -0.03104650 -0.10699800 0.04357105
v -0.02657860 -0.10699800 0.04643112
v -0.03972811 -0.10699800 0.03577316
v -0.03911270 -0.10699800 0.03650308
v -0.03525470 -0.10699800 0.04024202
v -0.04628830 -0.10699800 0.02672613
v -0.04566650 -0.10699800 0.02787191
v -0.04259381 -0.10699800 0.03237426
v -0.05082689 -0.10699800 0.01651603
v -0.05038305 -0.10699800 0.01799494
v -0.04826100 -0.10699800 0.02309090
v -0.05314759 -0.10699800 -0.00558549
v -0.05338924 -0.10699800 -0.00344652
v -0.05338924 -0.10699800 -0.00344664
v -0.05346560 -0.10699800 0.00192410
v -0.05196717 -0.10699800 0.01271641
v -0.05300399 -0.10699800 0.00727016
v -0.05314929 -0.10699800 0.00558734
v -0.05082260 -0.10699800 -0.01651365
v -0.05170924 -0.10699800 -0.01372802
v -0.05281315 -0.10699800 -0.00854582
v -0.03972310 -0.10699800 -0.03576857
v -0.04243060 -0.10699800 -0.03258765
v -0.04546970 -0.10699800 -0.02819151
v -0.05013335 -0.10699800 -0.01867896
v -0.04802830 -0.10699800 -0.02357107
v -0.04802830 -0.10699800 -0.02357119
v -0.04628310 -0.10699800 -0.02672267
v -0.02174950 -0.10699800 -0.04885268
v -0.02621720 -0.10699800 -0.04663640
v -0.03079360 -0.10699800 -0.04374951
v -0.03895240 -0.10699800 -0.03667396
v -0.03507830 -0.10699800 -0.04039580
v -0.03142520 -0.10699800 -0.04325515
v 0.00000000 -0.10699800 -0.05349994
v -0.00536279 -0.10699800 -0.05323094
v -0.01073010 -0.10699800 -0.05241299
v -0.02127300 -0.10699800 -0.04908907
v -0.01617721 -0.10699800 -0.05099607
v -0.01111840 -0.10699800 -0.05231196
v 0.01111780 -0.10699800 -0.05230004
v 0.00675611 -0.10699800 -0.05307198
v 0.00153239 -0.10699800 -0.05347818
v 0.01186709 -0.10699800 -0.05216742
v 0.01694310 -0.10699800 -0.05074668
v 0.02175909 -0.10699800 -0.04887122
v 0.02183530 -0.10699800 -0.04884154
v 0.03143281 -0.10699800 -0.04326504
v 0.03104649 -0.10699800 -0.04357058
v 0.02657861 -0.10699800 -0.04643136
v 0.02657861 -0.10699800 -0.04643148
v 0.03972811 -0.10699800 -0.03577304
v 0.03911270 -0.10699800 -0.03650296
v 0.03911270 -0.10699800 -0.03650308
v 0.03525470 -0.10699800 -0.04024196
v 0.04628830 -0.10699800 -0.02672601
v 0.04566650 -0.10699800 -0.02787167
v 0.04566650 -0.10699800 -0.02787179
v 0.04259379 -0.10699800 -0.03237414
v 0.05082691 -0.10699800 -0.01651603
v 0.05038300 -0.10699800 -0.01799494
v 0.05038300 -0.10699800 -0.01799482
v 0.04826100 -0.10699800 -0.02309084
v 0.04826100 -0.10699800 -0.02309078
v 0.05314760 -0.10699800 0.00558561
v 0.05338921 -0.10699800 0.00344664
v 0.05338921 -0.10699800 0.00344676
v 0.05346560 -0.10699800 -0.00192398
v 0.05196720 -0.10699800 -0.01271641
v 0.05300400 -0.10699800 -0.00727004
v 0.05314931 -0.10699800 -0.00558722
v 0.04628310 -0.10699800 0.02672279
v 0.04802831 -0.10699800 0.02357131
v 0.05013330 -0.10699800 0.01867914
v 0.05281310 -0.10699800 0.00854594
v 0.05170920 -0.10699800 0.01372814
v 0.05082260 -0.10699800 0.01651365
v 0.03972310 -0.10699800 0.03576869
v 0.04243061 -0.10699800 0.03258789
v 0.04546970 -0.10699800 0.02819175
v 0.03142521 -0.10699800 0.04325503
v 0.03507830 -0.10699800 0.04039603
v 0.03895250 -0.10699800 0.03667408
v 0.02174950 -0.10699800 0.04885310
v 0.02621719 -0.10699800 0.04663712
v 0.03079359 -0.10699800 0.04375011
v 0.01111840 -0.10699800 0.05231208
v 0.01617721 -0.10699800 0.05099601
v 0.02127300 -0.10699800 0.04908901
v 0.01073000 -0.10699800 0.05241305
v 0.00536279 -0.10699800 0.05323106
v 0.00000000 -0.10699800 0.05350012
v 0.09084220 -0.09615205 0.02736497
v 0.09415491 -0.09615205 0.01612616
v 0.11233202 -0.09615205 0.03369915
v 0.11436161 -0.09615205 0.02602232
v 0.11286131 -0.09615205 0.03169686
v 0.11701858 -0.09615205 0.00700104
v 0.11683100 -0.09615205 0.01039982
v 0.11586401 -0.09615205 0.01823026
v 0.11571530 -0.09615205 0.01900131
v 0.11726770 -0.09615205 0.00248718
v 0.11716598 -0.09615205 -0.00547773
v 0.11652389 -0.09615205 -0.01339793
v 0.11706680 -0.09615205 -0.00670165
v 0.11233211 -0.09615205 -0.03369904
v 0.11363989 -0.09615205 -0.02900153
v 0.11534658 -0.09615205 -0.02125114
v 0.11548319 -0.09615205 -0.02034020
v 0.09084220 -0.09615205 -0.02736485
v 0.09415491 -0.09615205 -0.01612592
v 0.31400001 0.05399926 -0.00273836
v 0.31400001 0.05406865 0.00000006
v 0.31400001 -0.05406466 0.00000006
v 0.31400001 0.05344518 0.00818723
v 0.31400001 0.05344518 0.00818712
v 0.31400001 -0.05344119 0.00818723
v 0.31400001 -0.05344119 0.00818712
v 0.31400001 0.05070312 0.01877779
v 0.31400001 0.05070312 0.01877767
v 0.31400001 -0.05069912 0.01877779
v 0.31400001 -0.05069912 0.01877767
v 0.31400001 0.04588536 0.02859938
v 0.31400001 -0.04588136 0.02859938
v 0.31400001 0.03918912 0.03725022
v 0.31400001 0.03918912 0.03725016
v 0.31400001 -0.03918512 0.03725022
v 0.31400001 -0.03918512 0.03725016
v 0.31400001 0.03088856 0.04437608
v 0.31400001 -0.03088456 0.04437608
v 0.31400001 0.02132350 0.04968506
v 0.31400001 -0.02131950 0.04968506
v 0.31400001 0.01088554 0.05296010
v 0.31400001 -0.01088154 0.05296010
v 0.31400001 0.00000200 0.05406708
v 0.31400001 0.02624065 -0.04727298
v 0.31400001 0.03521953 -0.04102343
v 0.31400001 0.01618756 -0.05158705
v 0.31400001 0.00547183 -0.05378926
v 0.31400001 0.00547183 -0.05378914
v 0.31400001 0.00000200 -0.05406666
v 0.31400001 -0.05399526 -0.00273836
v 0.31400001 -0.00546783 -0.05378926
v 0.31400001 -0.00546783 -0.05378914
v 0.31400001 -0.05233869 -0.01355195
v 0.31400001 -0.05233869 -0.01355183
v 0.31400001 -0.01618356 -0.05158705
v 0.31400001 -0.04853929 -0.02381057
v 0.31400001 -0.02623665 -0.04727298
v 0.31400001 -0.04275260 -0.03309441
v 0.31400001 -0.03521553 -0.04102343
v 0.31400001 0.05234269 -0.01355183
v 0.31400001 0.04854329 -0.02381057
v 0.31400001 0.04275660 -0.03309441
v 0.09794800 -0.08049995 0.03888804
v 0.10630333 -0.09057936 0.03635752
v 0.10535401 -0.08925001 0.03665477
v 0.10363171 -0.08683826 0.03719395
v 0.09794441 -0.07909581 0.03889006
v 0.09794581 -0.08049732 0.03888804
v 0.09318301 -0.07475182 0.04033011
v 0.08936901 -0.07015207 0.04141814
v 0.08936901 -0.07030612 0.04141814
v 0.09012552 -0.06999800 0.04120511
v 0.08936901 -0.06999800 0.04141814
v 0.09126140 -0.06999800 0.04088205
v 0.09107101 -0.06999800 0.04093713
v 0.09088041 -0.06999800 0.04099113
v 0.11268631 -0.09499800 0.02295196
v 0.11119959 -0.09499800 0.02931964
v 0.11144960 -0.09557519 0.02835464
v 0.11169091 -0.09615205 0.02738869
v 0.11333382 -0.09615205 0.01950634
v 0.11356783 -0.09499800 0.01641124
v 0.11268631 -0.09499800 -0.02295184
v 0.11356783 -0.09499800 -0.01641113
v 0.11330310 -0.09615205 -0.01968366
v 0.11169091 -0.09615205 -0.02738863
v 0.11144960 -0.09557519 -0.02835464
v 0.11119959 -0.09499800 -0.02931964
v 0.11474219 -0.09499800 -0.00769651
v 0.11438581 -0.09615205 -0.01187027
v 0.11375311 -0.09615205 -0.01643586
v 0.11375511 -0.09615205 0.01643634
v 0.11439830 -0.09615205 0.01174855
v 0.11474219 -0.09499800 0.00769663
v 0.11493412 -0.09615205 0.00389665
v 0.11474219 -0.09499800 0.00000006
v 0.11493272 -0.09615205 0.00000006
v 0.11493272 -0.09615205 0.00000018
v 0.11493140 -0.09615205 -0.00397635
v 0.08936901 -0.07015210 -0.04141766
v 0.08936901 -0.06999800 -0.04141766
v 0.09012552 -0.06999800 -0.04120451
v 0.09794679 -0.08048584 -0.03889346
v 0.08936901 -0.07030619 -0.04141766
v 0.09012552 -0.06999800 -0.04120463
v 0.09088041 -0.06999800 -0.04099065
v 0.09107101 -0.06999800 -0.04093647
v 0.10630333 -0.09057937 -0.03635740
v 0.10179952 -0.08505801 -0.03775954
v 0.10540882 -0.08935023 -0.03662854
v 0.09794161 -0.07908922 -0.03889143
v 0.09795772 -0.08049876 -0.03889024
v 0.09341660 -0.07287115 -0.04026276
v 0.09126140 -0.06999800 -0.04088229
v -0.13108256 -0.09537634 -0.02147079
v -0.13211252 -0.09479482 -0.02221078
v -0.12247296 -0.09925164 -0.02010942
v -0.12250943 -0.09923944 -0.02009797
v -0.12500000 -0.09826223 -0.01984024
v -0.11800840 -0.09999800 -0.02205116
v -0.12024267 -0.09999800 -0.02080947
v -0.12024267 -0.09999800 -0.02080953
v -0.11449482 -0.09999800 -0.02593225
v -0.11462909 -0.09999800 -0.02565074
v -0.11607914 -0.09999800 -0.02373666
v -0.11786494 -0.09999800 -0.02217650
v -0.11354004 -0.09999800 -0.02793366
v -0.11303817 -0.09999800 -0.02981508
v -0.11349374 -0.09776890 -0.03573745
v -0.11315943 -0.09821989 -0.03476775
v -0.11284336 -0.09920614 -0.03227550
v -0.11296545 -0.09970240 -0.03073364
v -0.11296545 -0.09970240 -0.03073353
v -0.11396952 -0.09712709 -0.03711754
v -0.11526152 -0.09596043 -0.03928155
v -0.12007321 -0.09318297 -0.04306525
v -0.11911026 -0.09362095 -0.04263824
v -0.11700194 -0.09477130 -0.04115927
v -0.11601217 -0.09544756 -0.04009145
v -0.11601217 -0.09544756 -0.04009157
v -0.12106875 -0.09273015 -0.04350686
v -0.12351684 -0.09179050 -0.04406887
v -0.12971334 -0.09008809 -0.04320908
v -0.12916930 -0.09021165 -0.04337865
v -0.12749384 -0.09059220 -0.04390115
v -0.12500000 -0.09129914 -0.04415965
v -0.13401005 -0.08954657 -0.04011571
v -0.13377035 -0.08954488 -0.04042244
v -0.13189793 -0.08972193 -0.04201376
v -0.12993462 -0.09005101 -0.04308796
v -0.13529302 -0.08955558 -0.03847384
v -0.13639067 -0.08975562 -0.03625572
v -0.13656735 -0.08986447 -0.03557914
v -0.13652357 -0.08983751 -0.03574675
v -0.13704826 -0.09089400 -0.03073543
v -0.13714401 -0.09070390 -0.03138185
v -0.13701694 -0.09014144 -0.03385741
v -0.13680182 -0.09138331 -0.02907187
v -0.13680182 -0.09138331 -0.02907199
v -0.13590826 -0.09229296 -0.02662694
v -0.13303651 -0.09427312 -0.02287453
v -0.13468772 -0.09321841 -0.02465111
v -0.13548782 -0.09261177 -0.02594638
v -0.12624280 -0.09772863 -0.01990384
v -0.12751421 -0.09713938 -0.02017224
v -0.12875314 -0.09656516 -0.02043384
v -0.12875314 -0.09656516 -0.02043372
v -0.13108256 -0.09537634 -0.02147084
v -0.12024267 -0.09999800 0.02080959
v -0.12006102 -0.09999800 0.02090454
v -0.12534231 -0.09119337 0.04415506
v -0.12251048 -0.09215620 0.04390198
v -0.12500000 -0.09129914 0.04416007
v -0.12011450 -0.09314654 0.04313511
v -0.12247305 -0.09217167 0.04389006
v -0.11605477 -0.09538190 0.04023701
v -0.11786027 -0.09427883 0.04182905
v -0.11794785 -0.09422533 0.04190606
v -0.11291981 -0.09878707 0.03338981
v -0.11347006 -0.09773088 0.03586298
v -0.11448103 -0.09662823 0.03807479
v -0.11453418 -0.09657028 0.03819096
v -0.11453418 -0.09657028 0.03819102
v -0.11303817 -0.09999800 0.02981520
v -0.11286823 -0.09958543 0.03117138
v -0.11291704 -0.09882988 0.03327090
v -0.11349537 -0.09999800 0.02826005
v -0.11349537 -0.09999800 0.02826011
v -0.11375917 -0.09999800 0.02736282
v -0.11497997 -0.09999800 0.02511066
v -0.11851725 -0.09999800 0.02171230
v -0.11652912 -0.09999800 0.02327585
v -0.11600401 -0.09999800 0.02389777
v -0.12260062 -0.09920605 0.02007949
v -0.12260062 -0.09920605 0.02007931
v -0.12500000 -0.09826223 0.01984030
v -0.12753603 -0.09714352 0.02010769
v -0.12993981 -0.09597399 0.02088886
v -0.13214806 -0.09478953 0.02216309
v -0.12994543 -0.09597097 0.02089208
v -0.13655415 -0.09167047 0.02824688
v -0.13556537 -0.09257365 0.02598077
v -0.13410659 -0.09360752 0.02394205
v -0.13402896 -0.09365439 0.02387160
v -0.13659859 -0.09162989 0.02834874
v -0.13710414 -0.09084977 0.03083837
v -0.13555042 -0.08958073 0.03804547
v -0.13655877 -0.08981980 0.03577554
v -0.13659741 -0.08985091 0.03559726
v -0.13708454 -0.09024335 0.03334987
v -0.13708517 -0.09026242 0.03327096
v -0.13410838 -0.08953174 0.04005605
v -0.13552737 -0.08957997 0.03807759
v -0.13016210 -0.09000146 0.04301006
v -0.13213861 -0.08969600 0.04182309
v -0.13229017 -0.08967257 0.04173201
v -0.12752445 -0.09059212 0.04386705
v -0.12782407 -0.09050957 0.04382712
v -0.12915461 -0.09022041 0.04336208
v 0.01816741 -0.10699800 0.06611007
v -0.00262609 -0.10699800 -0.06851059
v -0.01305340 -0.10699800 -0.06730676
v -0.02317470 -0.10699800 -0.06452549
v 0.02804610 -0.10699800 0.06256205
v 0.06359039 -0.10699800 -0.02562916
v 0.05082691 -0.10699800 -0.01651591
v 0.06675741 -0.10699800 -0.01562184
v 0.06675741 -0.10699800 -0.01562178
v -0.06536572 -0.10699800 0.02068633
v -0.06144194 -0.10699800 0.03042185
v 0.03726751 -0.10699800 0.05754799
v -0.02317470 -0.10699800 -0.06452537
v -0.03275290 -0.10699800 -0.06023157
v -0.04156340 -0.10699800 -0.05452597
v 0.05893292 -0.10699800 -0.03503585
v 0.05289400 -0.10699800 -0.04362136
v -0.05607798 -0.10699800 0.03944403
v 0.04561530 -0.10699800 -0.05118436
v -0.06775741 -0.10699800 0.01046586
v -0.06856091 -0.10699800 0.00000006
v 0.06835970 -0.10699800 -0.00524825
v 0.06835970 -0.10699800 -0.00524819
v 0.06856090 -0.10699800 0.00000006
v -0.04939960 -0.10699800 -0.04754221
v 0.03726751 -0.10699800 -0.05754757
v -0.04939960 -0.10699800 0.04754204
v -0.04156340 -0.10699800 0.05452603
v 0.04561530 -0.10699800 0.05118412
v 0.05289400 -0.10699800 0.04362100
v 0.05893292 -0.10699800 0.03503597
v 0.03726751 -0.10699800 -0.05754769
v 0.02804610 -0.10699800 -0.06256205
v -0.05607798 -0.10699800 -0.03944433
v -0.04939960 -0.10699800 -0.04754239
v -0.06536572 -0.10699800 -0.02068615
v -0.06775741 -0.10699800 -0.01046574
v 0.06359039 -0.10699800 0.02562928
v -0.04546970 -0.10699800 -0.02819169
v -0.06144194 -0.10699800 -0.03042179
v -0.03275290 -0.10699800 0.06023210
v -0.02317470 -0.10699800 0.06452507
v 0.06835970 -0.10699800 0.00524837
v 0.06675741 -0.10699800 0.01562190
v 0.01816741 -0.10699800 -0.06611007
v -0.01305340 -0.10699800 0.06730705
v 0.00786279 -0.10699800 -0.06810850
v -0.00262609 -0.10699800 0.06851107
v 0.00786279 -0.10699800 0.06810910
v 0.10638031 -0.09068616 0.03633040
v 0.09048840 -0.08048947 0.03890604
v 0.09054491 -0.08100314 0.03877908
v 0.10645732 -0.09079296 0.03630304
v 0.09901170 -0.09079296 0.03630304
v 0.09156610 -0.09079296 0.03630304
v 0.09461561 -0.09615205 0.02738869
v 0.09398779 -0.09490734 0.02947116
v 0.10952130 -0.09346434 0.03187424
v 0.09313671 -0.09346145 0.03187209
v 0.10886592 -0.09286541 0.03287190
v 0.09276611 -0.09283179 0.03291756
v 0.09313671 -0.09346145 0.03187197
v 0.09461561 -0.09615205 -0.02738863
v 0.09576830 -0.09615205 -0.02303743
v 0.09638131 -0.09615205 -0.01999885
v 0.09638131 -0.09615205 -0.01999873
v 0.09720860 -0.09615205 -0.01589847
v 0.09638150 -0.09615205 0.02032018
v 0.09643501 -0.09615205 0.02001005
v 0.09761971 -0.09615205 0.01313978
v 0.09761971 -0.09615205 0.01313967
v 0.09824440 -0.09615205 0.00670964
v 0.09811811 -0.09615205 -0.00866848
v 0.09821831 -0.09615205 -0.00670940
v 0.09849021 -0.09615205 -0.00139469
v 0.09832402 -0.09615205 0.00588995
v 0.09832402 -0.09615205 0.00589007
v 0.11169091 -0.09615205 -0.02738857
v 0.11363989 -0.09615205 -0.02900165
v 0.09461561 -0.09615205 -0.02738857
v 0.09233160 -0.09199858 -0.03430927
v 0.09156610 -0.09079296 -0.03630292
v 0.09901170 -0.09079296 -0.03630292
v 0.09313589 -0.09346128 -0.03187215
v 0.09278800 -0.09282869 -0.03292614
v 0.10645732 -0.09079296 -0.03630292
v 0.09278800 -0.09282869 -0.03292602
v 0.10886222 -0.09286211 -0.03287715
v 0.10886222 -0.09286211 -0.03287703
v 0.10952109 -0.09346426 -0.03187430
v 0.10638031 -0.09068616 -0.03633028
v 0.10179952 -0.08505801 -0.03775966
v 0.09048840 -0.08048947 -0.03890550
v 0.09054491 -0.08100317 -0.03877884
v -0.06306697 -0.09999800 0.04436010
v -0.06026477 -0.09999800 0.04809803
v -0.09463008 -0.09999800 0.03977901
v -0.12217882 -0.09999800 -0.01711184
v -0.10884100 -0.09999800 0.03326708
v -0.07351226 -0.09999800 0.02326435
v -0.07620199 -0.09999800 0.01177013
v -0.07710564 -0.09999800 0.00000006
v -0.10277551 -0.09999800 0.03686613
v -0.09618215 -0.09999800 0.03937107
v -0.06909942 -0.09999800 0.03421336
v -0.07620199 -0.09999800 -0.01177001
v -0.12577556 -0.09999800 0.00352657
v -0.12456466 -0.09999800 0.01047474
v -0.12217882 -0.09999800 0.01711196
v -0.10884100 -0.09999800 -0.03326684
v -0.07351226 -0.09999800 -0.02326423
v -0.12456466 -0.09999800 -0.01047462
v -0.12577556 -0.09999800 -0.00352645
v -0.12592778 -0.09999800 0.00000006
v -0.06026477 -0.09999800 -0.04809815
v -0.06306697 -0.09999800 -0.04436022
v -0.09463008 -0.09999800 -0.03977865
v -0.06909942 -0.09999800 -0.03421324
v -0.09618215 -0.09999800 -0.03937042
v -0.07351226 -0.09999800 -0.02326435
v -0.10277551 -0.09999800 -0.03686601
v 0.22112101 -0.00993556 0.05629903
v 0.22112101 -0.01153443 0.05613703
v 0.22112101 -0.01952857 0.05362910
v 0.22112101 -0.02259856 0.05266613
v 0.22112101 -0.02851430 0.04938203
v 0.22112101 -0.03273742 0.04703814
v 0.22112101 -0.03664703 0.04368204
v 0.22112101 -0.04153592 0.03948504
v 0.22112101 -0.04370272 0.03668553
v 0.22112101 -0.05374064 0.01990420
v 0.22112101 -0.04948336 0.02858317
v 0.22112101 -0.04863385 0.03031504
v 0.22112101 -0.04863385 0.03031492
v 0.22112101 -0.05382112 0.01959324
v 0.22112101 -0.05632500 0.00992280
v 0.22112101 -0.05664718 0.00867832
v 0.22112101 -0.05708786 -0.00001115
v 0.22112101 -0.05723450 -0.00290263
v 0.22112101 -0.05616111 -0.00990945
v 0.22112101 -0.05547857 -0.01436490
v 0.22112101 -0.05357696 -0.01949936
v 0.22112101 -0.05145123 -0.02523893
v 0.22112101 -0.04940818 -0.02851671
v 0.22112101 -0.03732820 -0.04348433
v 0.22112101 -0.04376657 -0.03671128
v 0.22112101 -0.04531741 -0.03507972
v 0.22112101 -0.03680096 -0.04385132
v 0.22112101 -0.02860174 -0.04955822
v 0.22112101 -0.02781069 -0.05010885
v 0.22112101 -0.01951905 -0.05366707
v 0.22112101 -0.01715452 -0.05468178
v 0.22112101 -0.00989517 -0.05617350
v 0.22112101 -0.00579596 -0.05701596
v 0.22112101 -0.00579596 -0.05701607
v 0.22112101 0.00000200 -0.05701596
v 0.22112101 0.00000200 -0.05701607
v 0.22112101 0.00579996 -0.05701607
v 0.22112101 0.00989917 -0.05617350
v 0.22112101 0.02781468 -0.05010885
v 0.22112101 0.01952305 -0.05366707
v 0.22112101 0.01715852 -0.05468178
v 0.22112101 0.02860574 -0.04955822
v 0.22112101 0.03680497 -0.04385132
v 0.22112101 0.03733220 -0.04348433
v 0.22112101 0.04377057 -0.03671128
v 0.22112101 0.04532140 -0.03507972
v 0.22112101 0.04941218 -0.02851671
v 0.22112101 0.05145523 -0.02523893
v 0.22112101 0.05358096 -0.01949936
v 0.31400001 0.05234269 -0.01355195
v 0.22112101 0.05632900 0.00992280
v 0.22112101 0.05382512 0.01959324
v 0.22112101 0.05548256 -0.01436490
v 0.22112101 0.05616511 -0.00990945
v 0.22112101 0.05723850 -0.00290263
v 0.22112101 0.05709187 -0.00001115
v 0.22112101 0.05665118 0.00867832
v 0.22112101 0.05374463 0.01990420
v 0.22112101 0.04948736 0.02858317
v 0.22112101 0.04863786 0.03031492
v 0.22112101 0.04370673 0.03668553
v 0.22112101 0.04153992 0.03948504
v 0.22112101 0.03665104 0.04368204
v 0.22112101 0.03274142 0.04703814
v 0.22112101 0.02851830 0.04938203
v 0.22112101 0.02260256 0.05266613
v 0.22112101 0.01953257 0.05362910
v 0.22112101 0.01153843 0.05613703
v 0.22112101 0.00993956 0.05629903
v 0.22112101 0.00000200 0.05731004
v 0.09799720 -0.06999800 0.01991385
v 0.09798650 -0.06999800 0.01995790
v 0.09438251 -0.06999800 -0.03284466
v 0.09570670 -0.06999800 -0.02898663
v 0.09757480 -0.06999800 -0.02188963
v 0.09626740 -0.06999800 0.02706683
v 0.09401421 -0.06999800 0.03407836
v 0.09401421 -0.06999800 0.03407848
v 0.09440760 -0.06999800 0.03285420
v 0.09333290 -0.06999800 -0.03590250
v 0.09919371 -0.06999800 0.01267326
v 0.09973690 -0.06999800 0.00668925
v 0.09985471 -0.06999800 0.00539148
v 0.09999999 -0.06999800 0.00000006
v 0.09975430 -0.06999800 -0.00669181
v 0.09973070 -0.06999800 -0.00733465
v 0.09892051 -0.06999800 -0.01465452
v 0.09892051 -0.06999800 -0.01465470
v 0.09793590 -0.06999800 -0.01994842
v 0.11119959 -0.09499800 -0.02931952
v -0.15570045 -0.08279042 0.03254062
v -0.13556537 -0.09257365 0.02598065
v -0.14906387 -0.08279042 0.04419607
v -0.15570045 -0.08279042 -0.03254056
v -0.13303651 -0.09427312 -0.02287447
v -0.13211252 -0.09479482 -0.02221066
v -0.12624280 -0.09772863 -0.01990378
v -0.14052479 -0.08279042 -0.05453849
v -0.14052479 -0.08279042 -0.05453831
v -0.14906387 -0.08279042 -0.04419577
v -0.13033682 -0.08279042 -0.06326145
v -0.12351684 -0.09179050 -0.04406893
v -0.13033682 -0.08279042 0.06326109
v -0.14052479 -0.08279042 0.05453807
v -0.11880249 -0.08279042 0.07010597
v -0.10277551 -0.09999800 0.03686625
v -0.10626432 -0.08279042 0.07486814
v -0.10331284 -0.08279042 0.07564408
v -0.16023745 -0.08279042 0.01991916
v -0.16254014 -0.08279042 0.00670618
v -0.16254014 -0.08279042 -0.00670606
v -0.16023745 -0.08279042 -0.01991910
v -0.12456466 -0.09999800 -0.01047474
v -0.10331284 -0.08279042 -0.07564443
v -0.10626432 -0.08279042 -0.07486838
v -0.11880249 -0.08279042 -0.07010585
v -0.11880249 -0.08279042 -0.07010573
v -0.06001996 -0.09912565 -0.05008221
v -0.05897747 -0.09663832 -0.05582285
v -0.05877098 -0.09631789 -0.05657971
v -0.05047371 -0.08843214 -0.07598794
v -0.04741540 -0.08689354 -0.08012336
v -0.04500560 -0.08595189 -0.08278435
v -0.05934419 -0.09737931 0.05409902
v -0.05370178 -0.09058443 0.07045811
v -0.05595256 -0.09256150 0.06555110
v -0.05788695 -0.09486597 0.05999702
v -0.05873362 -0.09632627 0.05657011
v -0.05358663 -0.09048329 0.07070905
v -0.05083583 -0.08864170 0.07543808
v -0.03303720 -0.08309497 0.09198505
v -0.03314240 -0.08310818 0.09193105
v -0.04775061 -0.08704426 0.07971007
v -0.04501320 -0.08594675 0.08279401
v -0.04438490 -0.08569489 0.08350199
v -0.04076950 -0.08458672 0.08682209
v -0.03694361 -0.08371729 0.08966702
v -0.03252750 -0.08303089 0.09225005
v -0.02427210 -0.08303089 0.09449309
v -0.03252750 -0.08303089 -0.09225023
v -0.02427210 -0.08303089 -0.09449303
v -0.03302640 -0.08310685 -0.09196186
v -0.04042600 -0.08449689 -0.08710349
v -0.03655630 -0.08364435 -0.08992136
v -0.05367725 -0.09059439 -0.07044166
v -0.05318611 -0.09018348 -0.07146716
v -0.04405560 -0.08558068 -0.08383346
v -0.05747377 -0.09430517 -0.06133485
v -0.05553127 -0.09214545 -0.06657046
v -0.01862350 -0.08303089 -0.09602773
v -0.00969599 -0.08303089 -0.09705836
v -0.00969599 -0.08303089 -0.09705824
v -0.00374670 -0.08303089 -0.09774512
v 0.00509730 -0.08303089 -0.09740615
v 0.01121801 -0.08303089 -0.09717155
v 0.01977280 -0.08303089 -0.09551245
v 0.02591969 -0.08303089 -0.09432030
v 0.03399280 -0.08303089 -0.09142071
v 0.04001391 -0.08303089 -0.08925825
v 0.04742999 -0.08303089 -0.08522552
v 0.05317011 -0.08303089 -0.08210415
v 0.05977541 -0.08303089 -0.07706916
v 0.06508009 -0.08303089 -0.07302552
v 0.07074490 -0.08303089 -0.06713945
v 0.07546471 -0.08303089 -0.06223524
v 0.08008620 -0.08303089 -0.05566490
v 0.08408052 -0.08303089 -0.04998630
v 0.08758441 -0.08303089 -0.04290956
v 0.09072550 -0.08303089 -0.03656560
v 0.09306701 -0.08303089 -0.02916682
v 0.09524390 -0.08303089 -0.02228785
v 0.09640771 -0.08303089 -0.01475310
v 0.09753001 -0.08303089 -0.00748771
v 0.09753001 -0.08303089 -0.00748783
v 0.09753001 -0.08303089 0.00000006
v 0.09753001 -0.08303089 0.00748783
v 0.09640771 -0.08303089 0.01475322
v 0.09524390 -0.08303089 0.02228808
v 0.09306701 -0.08303089 0.02916706
v 0.09072550 -0.08303089 0.03656572
v 0.08758441 -0.08303089 0.04291004
v 0.08408052 -0.08303089 0.04998606
v 0.08008620 -0.08303089 0.05566508
v 0.07546471 -0.08303089 0.06223506
v 0.07074490 -0.08303089 0.06714004
v 0.06508009 -0.08303089 0.07302612
v 0.05977541 -0.08303089 0.07706898
v 0.05317011 -0.08303089 0.08210403
v 0.04742999 -0.08303089 0.08522600
v 0.04001391 -0.08303089 0.08925813
v 0.03399280 -0.08303089 0.09142107
v 0.02591969 -0.08303089 0.09432000
v 0.01977280 -0.08303089 0.09551197
v 0.01121801 -0.08303089 0.09717208
v 0.00509730 -0.08303089 0.09740609
v -0.00374670 -0.08303089 0.09774500
v -0.00969599 -0.08303089 0.09705800
v -0.01862350 -0.08303089 0.09602803
v -0.02301870 -0.08279042 -0.09508282
v -0.02433930 -0.08280075 -0.09474045
v -0.10331284 -0.08279042 -0.07564437
v -0.02601770 -0.08281387 -0.09430510
v -0.05047371 -0.08843214 -0.07598805
v 0.09266980 -0.06999800 0.03287834
v 0.09266980 -0.06999800 -0.03287822
v 0.09399201 -0.06999800 0.02945775
v 0.09399201 -0.06999800 0.02945787
v 0.09619510 -0.06999800 0.01995373
v 0.09399201 -0.06999800 -0.02945763
v 0.09850000 -0.06999800 0.00000006
v 0.09799100 -0.06999800 0.00669086
v 0.09799100 -0.06999800 0.00669098
v 0.09736651 -0.06999800 0.01490039
v 0.09619510 -0.06999800 -0.01995361
v 0.09736651 -0.06999800 -0.01490027
v 0.09799100 -0.06999800 -0.00669086
v -0.02433190 -0.08281317 0.09471506
v -0.02301870 -0.08279042 0.09508306
v -0.02959330 -0.08290432 0.09324008
v -0.05595256 -0.09256150 0.06555015
v -0.14252511 -0.04199800 0.07645899
v -0.14285189 -0.04199800 0.07586807
v -0.14292389 -0.04199800 0.07499510
v -0.13747491 -0.04199800 0.07354110
v -0.13714813 -0.04199800 0.07413203
v -0.13707611 -0.04199800 0.07500511
v -0.13944116 -0.04199800 0.07792801
v -0.14295563 -0.04199800 0.07461101
v -0.14255571 -0.04199800 0.07351905
v -0.14250731 -0.04199800 0.07338697
v -0.14163704 -0.04199800 0.07250816
v -0.14225276 -0.04199800 0.07695204
v -0.14146289 -0.04199800 0.07754511
v -0.14124419 -0.04199800 0.07770902
v -0.14000000 -0.04199800 0.07798105
v -0.14055884 -0.04199800 0.07207209
v -0.13704437 -0.04199800 0.07538909
v -0.13744430 -0.04199800 0.07648104
v -0.14147985 -0.04199800 0.07244498
v -0.13852017 -0.04199800 0.07755512
v -0.13836296 -0.04199800 0.07749206
v -0.13749270 -0.04199800 0.07661313
v -0.13774724 -0.04199800 0.07304806
v -0.13853711 -0.04199800 0.07245499
v -0.13875581 -0.04199800 0.07229108
v -0.14000000 -0.04199800 0.07201916
v 0.05201401 0.12784411 -0.01223898
v 0.05237430 0.12783360 -0.01164716
v 0.05326410 0.12782051 -0.01094842
v 0.05798151 0.12789930 -0.01567852
v 0.05748661 0.12790990 -0.01642454
v 0.05671731 0.12791671 -0.01694417
v 0.05634411 0.12781630 -0.01072985
v 0.05672000 0.12782100 -0.01097614
v 0.05500001 0.12781110 -0.01046145
v 0.05466311 0.12781140 -0.01047742
v 0.05850001 0.12787341 -0.01396143
v 0.05823611 0.12789391 -0.01529473
v 0.05848981 0.12786901 -0.01369262
v 0.05742650 0.12782970 -0.01143920
v 0.05800810 0.12784401 -0.01222849
v 0.05812821 0.12784700 -0.01239145
v 0.05635621 0.12791991 -0.01718807
v 0.05337611 0.12781881 -0.01086056
v 0.05365901 0.12792000 -0.01719445
v 0.05328301 0.12791671 -0.01694310
v 0.05500001 0.12792341 -0.01746142
v 0.05502200 0.12792341 -0.01746136
v 0.05181082 0.12789550 -0.01540327
v 0.05150051 0.12787440 -0.01402253
v 0.05200611 0.12789941 -0.01568568
v 0.05150001 0.12787341 -0.01396143
v 0.05252621 0.12791000 -0.01643735
v 0.05173841 0.12785222 -0.01269174
v 0.02201840 0.12556870 0.03971702
v 0.02252460 0.12551561 0.04047412
v 0.02328190 0.12547940 0.04098409
v 0.02328169 0.12588611 0.03501683
v 0.02254860 0.12585440 0.03550184
v 0.02201630 0.12580281 0.03628236
v 0.02671781 0.12588611 0.03501707
v 0.02635330 0.12590210 0.03477228
v 0.02501699 0.12591970 0.03450018
v 0.02500001 0.12591970 0.03450006
v 0.02150001 0.12568730 0.03800005
v 0.02176701 0.12559500 0.03934103
v 0.02177930 0.12577970 0.03663003
v 0.02150020 0.12568951 0.03796798
v 0.02365880 0.12590240 0.03476715
v 0.02500001 0.12544261 0.04150003
v 0.02634211 0.12546171 0.04123300
v 0.02671890 0.12547940 0.04098409
v 0.02747530 0.12585290 0.03552556
v 0.02747530 0.12585290 0.03552562
v 0.02364239 0.12546220 0.04122609
v 0.02497701 0.12544261 0.04150003
v 0.02798159 0.12580270 0.03628314
v 0.02744271 0.12551330 0.04050702
v 0.02823301 0.12577781 0.03665936
v 0.02823301 0.12577781 0.03665948
v 0.02798450 0.12556861 0.03971809
v 0.02850001 0.12568730 0.03800005
v 0.02821590 0.12559220 0.03938109
v 0.02849969 0.12568431 0.03804475
v 0.08500001 0.12544261 0.04150003
v 0.08634211 0.12546171 0.04123300
v 0.08671890 0.12547940 0.04098409
v 0.08328190 0.12547940 0.04098409
v 0.08364239 0.12546220 0.04122609
v 0.08798160 0.12580270 0.03628314
v 0.08497702 0.12544261 0.04150003
v 0.08744271 0.12551330 0.04050702
v 0.08798450 0.12556861 0.03971809
v 0.08823301 0.12577781 0.03665948
v 0.08850001 0.12568730 0.03800005
v 0.08849970 0.12568431 0.03804475
v 0.08821590 0.12559220 0.03938109
v 0.08747530 0.12585290 0.03552562
v 0.08671781 0.12588611 0.03501707
v 0.08252460 0.12551561 0.04047412
v 0.08328170 0.12588611 0.03501683
v 0.08254860 0.12585440 0.03550184
v 0.08201630 0.12580281 0.03628236
v 0.08500001 0.12591970 0.03450006
v 0.08365880 0.12590240 0.03476727
v 0.08635330 0.12590210 0.03477228
v 0.08501701 0.12591970 0.03450018
v 0.08201841 0.12556870 0.03971702
v 0.08177930 0.12577970 0.03663003
v 0.08176701 0.12559500 0.03934103
v 0.08150020 0.12568951 0.03796798
v 0.08150001 0.12568730 0.03800005
v 0.19694871 -0.06263809 -0.03622741
v 0.19400001 -0.06279262 -0.03963524
v 0.19400001 -0.05967302 -0.04419345
v 0.19400001 0.07425915 0.00000006
v 0.19400001 0.07399007 -0.00632304
v 0.19400001 0.07318333 -0.01259524
v 0.19400001 0.06989006 -0.02509624
v 0.19400001 0.07180617 -0.01892954
v 0.19400001 0.07311883 -0.01289195
v 0.19400001 0.06456012 -0.03669345
v 0.19400001 0.06747208 -0.03101534
v 0.19400001 0.06976900 -0.02539253
v 0.19400001 0.06989006 -0.02509612
v 0.19400001 0.06117411 -0.04209673
v 0.19400001 0.06429397 -0.03711808
v 0.19400001 0.06429397 -0.03711820
v 0.19400001 0.05315001 -0.05185986
v 0.19400001 0.05686540 -0.04771286
v 0.19400001 0.05736868 -0.04715115
v 0.19400001 0.04366378 -0.06006515
v 0.19400001 0.04770938 -0.05685377
v 0.22112101 0.03733220 -0.04348445
v 0.19400001 0.04859582 -0.05615002
v 0.19400001 0.02538045 -0.06972426
v 0.19400001 0.02733840 -0.06904268
v 0.19400001 0.03301106 -0.06651723
v 0.19400001 0.03710760 -0.06426674
v 0.19400001 0.03710760 -0.06426668
v 0.19400001 0.03844290 -0.06353313
v 0.19400001 0.02146159 -0.07108861
v 0.19400001 0.01533388 -0.07265741
v 0.19400001 0.01288593 -0.07306474
v 0.19400001 0.00903154 -0.07370615
v 0.22112101 0.00579996 -0.05701596
v 0.19400001 0.00258855 -0.07421237
v 0.19400001 0.00258855 -0.07421249
v 0.19400001 0.00000200 -0.07425714
v 0.19400001 -0.00631905 -0.07398802
v 0.19400001 -0.01263477 -0.07317430
v 0.19400001 -0.01289042 -0.07311887
v 0.19400001 -0.01885766 -0.07182264
v 0.19400001 -0.01885766 -0.07182252
v 0.19400001 -0.02494215 -0.06994236
v 0.19400001 -0.02538839 -0.06976140
v 0.19400001 -0.03080572 -0.06756526
v 0.19400001 -0.03080572 -0.06756514
v 0.19400001 -0.03644275 -0.06469858
v 0.19400001 -0.03644275 -0.06469870
v 0.19400001 -0.03711136 -0.06428397
v 0.19400001 -0.03711136 -0.06428409
v 0.19400001 -0.04175532 -0.06140441
v 0.19400001 -0.04678901 -0.05766076
v 0.19400001 -0.04770232 -0.05685335
v 0.19400001 -0.04770232 -0.05685347
v 0.22112101 -0.03732820 -0.04348445
v 0.19400001 -0.05148588 -0.05350870
v 0.19400001 -0.05575776 -0.04904073
v 0.20704961 -0.06210872 -0.02260941
v 0.20383361 -0.06227726 -0.02757853
v 0.19968641 -0.06249461 -0.03306365
v 0.19400001 -0.05684172 -0.04769874
v 0.21229222 -0.06183397 -0.01091099
v 0.21160489 -0.06186999 -0.01316077
v 0.20969340 -0.06197017 -0.01770085
v 0.20715162 -0.06210337 -0.02245188
v 0.21401960 -0.06174344 -0.00050384
v 0.21371752 -0.06175927 -0.00465298
v 0.21292222 -0.06180095 -0.00884879
v 0.21375352 -0.06175739 0.00436860
v 0.21402320 -0.06174326 0.00000006
v 0.20733044 -0.06209401 0.02214748
v 0.20985574 -0.06196166 0.01735812
v 0.21168870 -0.06186559 0.01292813
v 0.21168870 -0.06186559 0.01292801
v 0.21229324 -0.06183392 0.01091093
v 0.21297112 -0.06179839 0.00864869
v 0.20702881 -0.06210981 0.02261597
v 0.20385021 -0.06227640 0.02755493
v 0.19983041 -0.06248706 0.03288525
v 0.19400001 -0.05919161 0.04483610
v 0.19400001 -0.06279262 0.03963512
v 0.19694018 -0.06263854 0.03623140
v 0.19400001 -0.05057820 0.05436701
v 0.19400001 -0.05508717 0.04979306
v 0.19400001 -0.05682999 0.04768807
v 0.19400001 -0.04567640 0.05854613
v 0.19400001 -0.04768592 0.05683309
v 0.19400001 -0.03496914 0.06550699
v 0.19400001 -0.03709368 0.06425315
v 0.19400001 -0.04046105 0.06226510
v 0.19400001 -0.02330061 0.07050604
v 0.19400001 -0.02537382 0.06972212
v 0.19400001 -0.02921837 0.06826705
v 0.19400001 0.00000200 0.07425708
v 0.19400001 -0.00482520 0.07410103
v 0.19400001 -0.01105389 0.07343012
v 0.19400001 -0.01288210 0.07307500
v 0.19400001 -0.01722647 0.07223099
v 0.19400001 -0.02330061 0.07050699
v 0.19400001 0.00631233 0.07398909
v 0.19400001 0.01244481 0.07320803
v 0.19400001 0.01289294 0.07311207
v 0.19400001 0.01855112 0.07190305
v 0.19400001 0.02458356 0.07007116
v 0.19400001 0.03628222 0.06479102
v 0.19400001 0.03047278 0.06771713
v 0.19400001 0.03047278 0.06771809
v 0.19400001 0.02538768 0.06974906
v 0.19400001 0.04691346 0.05756301
v 0.19400001 0.04174468 0.06141406
v 0.19400001 0.03711192 0.06427807
v 0.19400001 0.05605399 0.04870707
v 0.19400001 0.05164165 0.05336207
v 0.19400001 0.04770890 0.05685705
v 0.19400001 0.06000101 0.04375309
v 0.19400001 0.05685245 0.04770511
v 0.19400001 0.06654081 0.03296560
v 0.19400001 0.06426683 0.03710455
v 0.19400001 0.06426683 0.03710467
v 0.22112101 0.04863786 0.03031504
v 0.19400001 0.06350638 0.03848875
v 0.19400001 0.06350638 0.03848863
v 0.19400001 0.06000101 0.04375201
v 0.19400001 0.07113741 0.02130473
v 0.19400001 0.06972712 0.02537882
v 0.19400001 0.06908291 0.02723986
v 0.19400001 0.06908291 0.02723998
v 0.19400001 0.07420064 0.00295430
v 0.19400001 0.07368605 0.00921226
v 0.19400001 0.07307098 0.01288456
v 0.19400001 0.07266756 0.01529336
v 0.19400001 0.07113741 0.02130485
v 0.19400001 -0.06279262 0.05302900
v 0.19400001 0.03994228 0.07156903
v 0.19400001 0.05376982 0.06493407
v 0.19400001 0.05251752 0.06589109
v 0.19400001 0.00683174 -0.09504515
v 0.19400001 -0.05298562 0.06254011
v 0.19400001 -0.05295210 0.06257302
v 0.19400001 -0.04311026 0.07211608
v 0.19400001 0.08910575 -0.03377503
v 0.19400001 0.09013106 -0.03747129
v 0.19400001 0.09158115 -0.04790521
v 0.19400001 0.04334745 0.07073504
v 0.19400001 0.04369396 0.07065004
v 0.19400001 0.04658694 0.06950206
v 0.19400001 0.05066179 0.06730896
v 0.19400001 0.04965100 0.06788105
v 0.19400001 0.04725946 0.06923503
v 0.19400001 0.09098912 -0.05842274
v 0.19400001 0.08837725 -0.06862807
v 0.19400001 0.01966029 -0.10146523
v 0.19400001 0.01007929 -0.09708655
v 0.19400001 0.01007929 -0.09708643
v 0.19400001 0.05939646 0.05812711
v 0.19400001 0.06075023 0.05572206
v 0.19400001 0.06102611 0.05513102
v 0.19400001 0.05510266 0.06359214
v 0.19400001 0.05652443 0.06216007
v 0.19400001 0.05740421 0.06099111
v 0.19400001 0.05890872 0.05899411
v 0.19400001 -0.06279262 -0.04776895
v 0.19400001 -0.02189569 0.07425004
v 0.19400001 0.08384388 -0.07813686
v 0.19400001 0.07755964 -0.08659124
v 0.19400001 0.06976110 -0.09367305
v 0.19400001 0.06074181 -0.09911567
v 0.19400001 0.04043226 -0.10433310
v 0.19400001 0.02990652 -0.10391146
v 0.19400001 0.02990652 -0.10391158
v 0.19400001 0.00000200 0.07498807
v 0.19400001 0.02004518 0.07413203
v 0.19400001 0.05084130 -0.10271412
v 0.19400001 0.02733840 -0.06904256
v 0.09566391 -0.06999800 0.02806962
v 0.09437132 -0.06999800 -0.03214860
v 0.09817611 -0.06999800 -0.01734787
v 0.09967400 -0.06999800 -0.00213945
v 0.09883001 -0.06999800 0.01311928
v 0.09883001 -0.06999800 0.01311916
v -0.02317649 -0.06999800 -0.09573460
v -0.10347059 -0.06999800 -0.07629597
v -0.10643175 -0.06999800 0.07546002
v -0.10431196 -0.06999800 0.07608706
v -0.10347059 -0.06999800 0.07629603
v -0.13069119 -0.06999800 0.06375510
v -0.12738414 -0.06999800 0.06607503
v -0.12191464 -0.06999800 0.06927913
v -0.11021836 -0.06999800 0.07433909
v -0.11607327 -0.06999800 0.07208806
v -0.11906478 -0.06999800 0.07065004
v -0.14958118 -0.06999800 0.04455107
v -0.14652011 -0.06999800 0.04876012
v -0.14227340 -0.06999800 0.05368501
v -0.13270417 -0.06999800 0.06234306
v -0.13763316 -0.06999800 0.05824107
v -0.14096513 -0.06999800 0.05497009
v -0.16086681 -0.06999800 0.02008510
v -0.15912600 -0.06999800 0.02583790
v -0.15666693 -0.06999800 0.03203404
v -0.15034589 -0.06999800 0.04350001
v -0.15376294 -0.06999800 0.03786719
v -0.15628198 -0.06999800 0.03280723
v -0.16101773 -0.06999800 0.01958638
v -0.16241978 -0.06999800 0.01297826
v -0.16319788 -0.06999800 0.00676262
v -0.16323085 -0.06999800 0.00649911
v -0.16350001 -0.06999800 0.00000006
v -0.16349524 -0.06999800 -0.00086677
v -0.16319883 -0.06999800 -0.00676340
v -0.16318598 -0.06999800 -0.00701863
v -0.16086712 -0.06999800 -0.02008504
v -0.16102010 -0.06999800 -0.01957715
v -0.16237560 -0.06999800 -0.01323885
v -0.15627328 -0.06999800 -0.03280306
v -0.15681714 -0.06999800 -0.03169584
v -0.15919213 -0.06999800 -0.02564716
v -0.16086712 -0.06999800 -0.02008516
v -0.14957130 -0.06999800 -0.04454464
v -0.15065399 -0.06999800 -0.04303360
v -0.15399000 -0.06999800 -0.03745168
v -0.14095822 -0.06999800 -0.05496299
v -0.14265420 -0.06999800 -0.05327594
v -0.14265420 -0.06999800 -0.05327582
v -0.14686625 -0.06999800 -0.04831982
v -0.14957130 -0.06999800 -0.04454458
v -0.13068758 -0.06999800 -0.06375015
v -0.13299747 -0.06999800 -0.06211734
v -0.13798343 -0.06999800 -0.05792242
v -0.11906248 -0.06999800 -0.07064468
v -0.12192294 -0.06999800 -0.06927484
v -0.12755384 -0.06999800 -0.06596535
v -0.10642904 -0.06999800 -0.07544875
v -0.10642904 -0.06999800 -0.07544887
v -0.10972387 -0.06999800 -0.07450527
v -0.11583023 -0.06999800 -0.07219231
v -0.02317649 -0.06999800 0.09573501
v -0.02317649 -0.06999800 0.09573406
v -0.01603420 -0.06999800 0.09718710
v -0.00872000 -0.06999800 0.09811407
v -0.00979130 -0.06999800 0.09797806
v 0.00000000 -0.06999800 0.09850007
v -0.00183420 -0.06999800 0.09848315
v 0.00726750 -0.06999800 0.09823209
v 0.00514160 -0.06999800 0.09831113
v 0.02182610 -0.06999800 0.09605211
v 0.01995470 -0.06999800 0.09640414
v 0.01452510 -0.06999800 0.09742397
v 0.03584680 -0.06999800 0.09174603
v 0.03431031 -0.06999800 0.09228104
v 0.02888609 -0.06999800 0.09416896
v 0.04898140 -0.06999800 0.08545905
v 0.04787959 -0.06999800 0.08603710
v 0.04252930 -0.06999800 0.08884507
v 0.06098400 -0.06999800 0.07735211
v 0.06035119 -0.06999800 0.07781404
v 0.05514850 -0.06999800 0.08161503
v 0.07162511 -0.06999800 0.06761807
v 0.07143950 -0.06999800 0.06780106
v 0.06650890 -0.06999800 0.07265610
v 0.08069740 -0.06999800 0.05648202
v 0.07638961 -0.06999800 0.06218511
v 0.08802901 -0.06999800 0.04419512
v 0.08459951 -0.06999800 0.05045110
v 0.08087151 -0.06999800 0.05621308
v 0.08844501 -0.06999800 0.04333311
v 0.08225730 -0.06999800 -0.05418497
v 0.08606231 -0.06999800 -0.04791266
v 0.08840470 -0.06999800 -0.04331183
v 0.07318391 -0.06999800 -0.06592774
v 0.07790120 -0.06999800 -0.06028098
v 0.07790120 -0.06999800 -0.06028110
v 0.08082969 -0.06999800 -0.05618274
v 0.08082969 -0.06999800 -0.05618262
v 0.06251940 -0.06999800 -0.07611662
v 0.06802100 -0.06999800 -0.07124275
v 0.07140070 -0.06999800 -0.06776357
v 0.07140070 -0.06999800 -0.06776345
v 0.05666441 -0.06999800 -0.08056974
v 0.06032740 -0.06999800 -0.07778376
v 0.04410180 -0.06999800 -0.08807558
v 0.04786560 -0.06999800 -0.08601308
v 0.05051911 -0.06999800 -0.08455896
v 0.03063580 -0.06999800 -0.09361506
v 0.03430280 -0.06999800 -0.09226310
v 0.03746720 -0.06999800 -0.09109658
v 0.01660040 -0.06999800 -0.09709173
v 0.01995100 -0.06999800 -0.09639108
v 0.02368660 -0.06999800 -0.09560984
v -0.00727001 -0.06999800 -0.09823173
v 0.00000000 -0.06999800 -0.09850007
v 0.00226951 -0.06999800 -0.09847444
v 0.00513989 -0.06999800 -0.09830284
v 0.00947529 -0.06999800 -0.09804380
v -0.01862350 -0.08303089 -0.09602767
v -0.00978900 -0.06999800 -0.09795237
v -0.01443711 -0.06999800 -0.09743679
v -0.02122161 -0.06999800 -0.09618682
v -0.02317649 -0.06999800 -0.09573442
v -0.14000000 -0.04999800 0.07160002
v -0.14132695 -0.04999800 0.07187003
v -0.14167288 -0.04999800 0.07209712
v -0.14234579 -0.04999800 0.07253903
v -0.14289960 -0.04999800 0.07333106
v -0.14311780 -0.04999800 0.07364410
v -0.14339972 -0.04999800 0.07495612
v -0.14339165 -0.04999800 0.07499808
v -0.14314879 -0.04999800 0.07628304
v -0.14289570 -0.04999800 0.07666808
v -0.14242780 -0.04999800 0.07738012
v -0.14166719 -0.04999800 0.07789606
v -0.14131311 -0.04999800 0.07813603
v -0.14000000 -0.04999800 0.07840008
v -0.13867305 -0.04999800 0.07813007
v -0.13832712 -0.04999800 0.07790297
v -0.13765422 -0.04999800 0.07746106
v -0.13710041 -0.04999800 0.07666904
v -0.13688220 -0.04999800 0.07635599
v -0.13868691 -0.04999800 0.07186407
v -0.13833281 -0.04999800 0.07210404
v -0.13757221 -0.04999800 0.07262009
v -0.13710430 -0.04999800 0.07333213
v -0.13685122 -0.04999800 0.07371706
v -0.13660836 -0.04999800 0.07500201
v -0.13660029 -0.04999800 0.07504398
v 0.05176920 0.13100201 -0.01530761
v 0.05150051 0.12787440 -0.01402265
v 0.05150001 0.13100201 -0.01396143
v 0.05150060 0.13100201 -0.01389724
v 0.05179000 0.13100201 -0.01256651
v 0.05201441 0.13100201 -0.01224291
v 0.05256911 0.13100201 -0.01144338
v 0.05328020 0.13100201 -0.01097631
v 0.05365470 0.13100201 -0.01073033
v 0.05500001 0.13100201 -0.01046145
v 0.05506520 0.13100201 -0.01046205
v 0.05639580 0.13100201 -0.01075172
v 0.05671851 0.13100201 -0.01097578
v 0.05751871 0.13100201 -0.01153111
v 0.05798531 0.13100201 -0.01224154
v 0.05823080 0.13100201 -0.01261538
v 0.05850001 0.13100201 -0.01396143
v 0.05849941 0.13100201 -0.01402575
v 0.05821010 0.13100201 -0.01535642
v 0.05798560 0.13100201 -0.01567996
v 0.05748661 0.12790990 -0.01642442
v 0.05743089 0.13100201 -0.01647955
v 0.05671981 0.13100201 -0.01694667
v 0.05634531 0.13100201 -0.01719266
v 0.05500001 0.13100201 -0.01746142
v 0.05493480 0.13100201 -0.01746082
v 0.05360430 0.13100201 -0.01717114
v 0.05328150 0.13100201 -0.01694715
v 0.05248129 0.13100201 -0.01639175
v 0.05201469 0.13100201 -0.01568145
v 0.02634531 0.13100201 0.03476900
v 0.02500001 0.13100201 0.03450006
v 0.02493480 0.13100201 0.03450066
v 0.02365880 0.12590240 0.03476727
v 0.02360429 0.13100201 0.03479034
v 0.02328150 0.13100201 0.03501433
v 0.02248129 0.13100201 0.03556991
v 0.02201469 0.13100201 0.03628016
v 0.02176920 0.13100201 0.03665394
v 0.02150001 0.13100201 0.03800005
v 0.02150060 0.13100201 0.03806430
v 0.02179000 0.13100201 0.03939503
v 0.02201441 0.13100201 0.03971809
v 0.02256911 0.13100201 0.04051811
v 0.02328020 0.13100201 0.04098505
v 0.02365470 0.13100201 0.04123110
v 0.02500001 0.13100201 0.04150003
v 0.02506520 0.13100201 0.04149908
v 0.02639571 0.13100201 0.04121011
v 0.02671851 0.13100201 0.04098612
v 0.02751870 0.13100201 0.04043001
v 0.02798530 0.13100201 0.03972000
v 0.02823080 0.13100201 0.03934604
v 0.02850001 0.13100201 0.03800005
v 0.02849941 0.13100201 0.03793579
v 0.02821010 0.13100201 0.03660506
v 0.02798560 0.13100201 0.03628153
v 0.02743089 0.13100201 0.03548193
v 0.02671781 0.12588611 0.03501695
v 0.02671981 0.13100201 0.03501493
v 0.02671981 0.13100201 0.03501481
v 0.08634531 0.13100201 0.03476900
v 0.08500001 0.13100201 0.03450006
v 0.08493480 0.13100201 0.03450066
v 0.08365880 0.12590240 0.03476715
v 0.08360431 0.13100201 0.03479034
v 0.08328150 0.13100201 0.03501433
v 0.08248129 0.13100201 0.03556991
v 0.08201469 0.13100201 0.03628016
v 0.08176920 0.13100201 0.03665394
v 0.08150001 0.13100201 0.03800005
v 0.08150060 0.13100201 0.03806430
v 0.08179000 0.13100201 0.03939503
v 0.08201441 0.13100201 0.03971809
v 0.08256911 0.13100201 0.04051811
v 0.08328021 0.13100201 0.04098505
v 0.08365470 0.13100201 0.04123110
v 0.08500001 0.13100201 0.04150003
v 0.08506520 0.13100201 0.04149908
v 0.08639580 0.13100201 0.04121011
v 0.08671851 0.13100201 0.04098612
v 0.08751871 0.13100201 0.04043001
v 0.08798531 0.13100201 0.03972000
v 0.08823080 0.13100201 0.03934604
v 0.08850001 0.13100201 0.03800005
v 0.08849941 0.13100201 0.03793579
v 0.08823301 0.12577781 0.03665936
v 0.08821011 0.13100201 0.03660506
v 0.08798561 0.13100201 0.03628153
v 0.08747530 0.12585290 0.03552556
v 0.08743089 0.13100201 0.03548193
v 0.08671781 0.12588611 0.03501695
v 0.08671981 0.13100201 0.03501493
v 0.08671981 0.13100201 0.03501481
v 0.17500001 0.00961015 -0.09789723
v 0.17500001 0.00627238 -0.09586895
v 0.17500001 0.01935492 -0.10235554
v 0.17500001 0.01587731 -0.10108525
v 0.17500001 0.01104059 -0.09876657
v 0.17500001 0.02977921 -0.10484105
v 0.17500001 0.02614064 -0.10427314
v 0.17500001 0.02088573 -0.10291475
v 0.17500001 0.04048653 -0.10526586
v 0.17500001 0.03693505 -0.10541600
v 0.17500001 0.03148804 -0.10510772
v 0.17500001 0.05107317 -0.10361403
v 0.17500001 0.04786171 -0.10440546
v 0.17500001 0.04239806 -0.10518509
v 0.17500001 0.07031562 -0.09441799
v 0.17500001 0.06821824 -0.09598637
v 0.17500001 0.06821824 -0.09598649
v 0.17500001 0.06354599 -0.09880817
v 0.17500001 0.05323108 -0.10308236
v 0.17500001 0.05843886 -0.10123020
v 0.17500001 0.06114031 -0.09994906
v 0.17500001 0.06114031 -0.09994918
v 0.17500001 0.08464047 -0.07861680
v 0.17500001 0.08330704 -0.08084077
v 0.17500001 0.08010459 -0.08516347
v 0.17500001 0.07259025 -0.09271687
v 0.17500001 0.07648191 -0.08916944
v 0.17500001 0.07648191 -0.08916932
v 0.17500001 0.07824856 -0.08721584
v 0.17500001 0.08925062 -0.06894481
v 0.17500001 0.08841404 -0.07128549
v 0.17500001 0.08608417 -0.07620877
v 0.17500001 0.08608417 -0.07620889
v 0.17500001 0.08464047 -0.07861662
v 0.17500001 0.09190789 -0.05856538
v 0.17500001 0.09158020 -0.06081229
v 0.17500001 0.09025096 -0.06614614
v 0.17500001 0.09251292 -0.04786807
v 0.17500001 0.09262136 -0.04979336
v 0.17500001 0.09237263 -0.05537844
v 0.17500001 0.09005526 -0.03347516
v 0.17500001 0.09104644 -0.03725314
v 0.17500001 0.09144007 -0.03875357
v 0.17500001 0.09230886 -0.04424554
v 0.17500001 0.09230886 -0.04424542
v 0.17500001 -0.06378837 -0.04829645
v 0.18450001 -0.06329049 0.05323905
v 0.17500001 -0.06378837 0.05345005
v 0.17500001 -0.06378837 -0.04829633
v 0.17500001 -0.05369963 0.06323510
v 0.18450001 -0.05333223 0.06289798
v 0.18450001 -0.04333884 0.07258803
v 0.17500001 -0.04356790 0.07305902
v 0.17500001 -0.05367883 0.06325501
v 0.17500001 0.00000200 0.07598406
v 0.17500001 -0.00393721 0.07595998
v 0.17500001 -0.01717807 0.07553202
v 0.17500001 -0.02195830 0.07518202
v 0.17500001 -0.03038991 0.07456499
v 0.17500001 0.04011153 0.07255012
v 0.17500001 0.03371824 0.07356304
v 0.18450001 0.04002690 0.07206017
v 0.17500001 0.02252378 0.07490700
v 0.17500001 0.02012688 0.07507902
v 0.17500001 0.01127523 0.07571501
v 0.18450001 0.04349833 0.07123309
v 0.17500001 0.05103888 0.06825310
v 0.17500001 0.05016876 0.06873912
v 0.18450001 0.04993607 0.06835717
v 0.18450001 0.06149196 0.05530912
v 0.17500001 0.06195778 0.05548710
v 0.17500001 0.06151937 0.05641705
v 0.18450001 0.05986385 0.05840701
v 0.18450001 0.05784677 0.06133610
v 0.18450001 0.05286409 0.06633407
v 0.17500001 0.04757462 0.07018811
v 0.18450001 0.04680488 0.06999403
v 0.17500001 0.05705267 0.06306809
v 0.18450001 0.05550259 0.06399006
v 0.17500001 0.06023678 0.05863398
v 0.17500001 0.05951183 0.05988711
v 0.17500001 0.05818617 0.06160206
v 0.17500001 0.04363929 0.07169002
v 0.17500001 0.04393793 0.07161814
v 0.17500001 0.04699517 0.07041603
v 0.17500001 0.05580903 0.06429511
v 0.17500001 0.05422751 0.06585604
v 0.17500001 0.05313537 0.06667703
v 0.07689610 -0.05488595 0.06345505
v 0.07689610 -0.06244197 0.06345505
v 0.08112460 -0.06050817 0.05795103
v 0.08268671 -0.06287214 0.05563599
v 0.09383009 -0.06499800 0.03369588
v 0.09105721 -0.06499800 0.04059702
v 0.09021071 -0.06999800 0.04234105
v 0.09020251 -0.06499800 0.04233700
v 0.08762340 -0.06999800 0.04755706
v 0.08779861 -0.06499800 0.04723305
v 0.08389160 -0.06999800 0.05386704
v 0.08409141 -0.06499800 0.05355507
v 0.08267011 -0.06999800 0.05562407
v 0.07970870 -0.06999800 0.05988401
v 0.07689610 -0.06999800 0.06345505
v 0.09879990 -0.06499800 0.01311439
v 0.09777790 -0.06499800 0.01946729
v 0.09607410 -0.06499800 0.02663255
v 0.09607410 -0.06499800 0.02663243
v 0.09562179 -0.06499800 0.02805626
v 0.09895101 -0.06499800 0.01217502
v 0.09895101 -0.06499800 0.01217496
v 0.09957801 -0.06499800 0.00487083
v 0.09922031 -0.06499800 -0.00973904
v 0.09824091 -0.06499800 -0.01697665
v 0.09966680 -0.06499800 -0.00245583
v 0.09966300 -0.06499800 -0.00213951
v 0.09433860 -0.06499800 -0.03213668
v 0.09473680 -0.06499800 -0.03105539
v 0.09675232 -0.06499800 -0.02405226
v 0.09816341 -0.06499800 -0.01734525
v 0.09078780 -0.06749801 -0.04119533
v 0.09078780 -0.06499800 -0.04119533
v 0.09225380 -0.06499800 -0.03779864
v 0.09225380 -0.06499800 -0.03779852
v 0.09083411 -0.06999800 -0.04109305
v 0.09078780 -0.06999800 -0.04119533
v 0.07466500 -0.05224627 0.06603807
v 0.07234430 -0.04968810 0.06854111
v 0.07234430 -0.05984305 0.06854111
v 0.07661031 -0.05454768 0.06378609
v 0.07462370 -0.06999800 0.06600100
v 0.07467850 -0.05226116 0.06602305
v 0.07257131 -0.06999800 0.06830114
v 0.07234430 -0.06999800 0.06854111
v 0.17500001 -0.05454769 0.06378609
v 0.17500001 -0.05459514 0.06373912
v 0.17500001 -0.06499800 0.05355507
v 0.06673540 -0.04409426 0.07401305
v 0.06751390 -0.04481961 0.07330400
v 0.12086770 -0.04409426 0.07401305
v 0.17500001 -0.04409426 0.07401305
v 0.08864510 -0.06749801 -0.04553676
v 0.08864510 -0.06499800 -0.04553676
v 0.08974472 -0.06499800 -0.04337996
v 0.08864510 -0.06999800 -0.04553676
v 0.08974472 -0.06999800 -0.04337996
v 0.08974481 -0.06999800 -0.04337996
v -0.15666693 -0.06999800 0.03203416
v -0.15736067 -0.06999800 0.03330475
v -0.16200422 -0.06999800 0.02038693
v -0.16200422 -0.06999800 0.02038682
v -0.15056825 -0.06999800 0.04523402
v -0.13140145 -0.06999800 -0.06474704
v -0.11959626 -0.06999800 -0.07175201
v -0.14182867 -0.06999800 0.05581897
v -0.13140145 -0.06999800 -0.06474698
v -0.14182867 -0.06999800 -0.05581915
v -0.16436099 -0.06999800 0.00686365
v -0.13140145 -0.06999800 0.06474704
v 0.07613941 -0.06999800 -0.06429899
v 0.08472121 -0.06999800 -0.05247742
v -0.11959626 -0.06999800 0.07175201
v -0.10676366 -0.06999800 0.07662600
v 0.06592160 -0.06999800 -0.07473898
v -0.15056825 -0.06999800 -0.04523355
v -0.15736067 -0.06999800 -0.03330475
v -0.15736067 -0.06999800 -0.03330463
v 0.05428730 -0.06999800 -0.08357304
v 0.06592160 -0.06999800 -0.07473886
v 0.02779450 -0.06999800 -0.09570277
v 0.04148661 -0.06999800 -0.09061134
v -0.16200422 -0.06999800 -0.02038687
v -0.16436099 -0.06999800 -0.00686347
v 0.02825201 -0.06999800 0.09556907
v 0.01420951 -0.06999800 0.09863907
v -0.00107430 -0.06999800 -0.09965140
v -0.01563071 -0.06999800 -0.09842378
v -0.02344880 -0.06999800 -0.09685928
v 0.04170680 -0.06999800 0.09051007
v 0.01350521 -0.06999800 -0.09873784
v -0.10374288 -0.06999800 0.07742113
v 0.05429390 -0.06999800 0.08356899
v 0.06575140 -0.06999800 0.07488912
v -0.10374288 -0.06999800 -0.07742071
v -0.10676366 -0.06999800 -0.07662648
v -0.01446420 -0.06999800 0.09860212
v -0.02344880 -0.06999800 0.09685904
v 0.00000000 -0.06999800 -0.09965718
v -0.00012869 -0.06999800 0.09965700
v -0.15209934 -0.04999800 0.04293007
v -0.15056825 -0.04999800 0.04523402
v -0.14182867 -0.04999800 0.05581897
v -0.13140145 -0.04999800 0.06474704
v -0.15209934 -0.04999800 0.07500011
v -0.15164506 -0.04999800 0.07828408
v -0.14920041 -0.04999800 0.08285815
v -0.14506550 -0.04999800 0.08598810
v -0.14000000 -0.04999800 0.08709902
v -0.13493450 -0.04999800 0.08598810
v -0.13079961 -0.04999800 0.08285815
v -0.12790067 -0.04999800 0.06711811
v -0.12790067 -0.04999800 0.07500011
v -0.12835495 -0.04999800 0.07828408
v 0.05022490 0.13100201 -0.00404596
v 0.05500001 0.13100201 -0.00295609
v 0.04427060 0.13100201 -0.01641035
v 0.04639570 0.13100201 -0.02082324
v 0.04639570 0.13100201 -0.00709975
v 0.04427060 0.13100201 -0.01151252
v 0.05977499 0.13100201 -0.02387697
v 0.05500001 0.13100201 -0.02496684
v 0.06572941 0.13100201 -0.01151252
v 0.06360430 0.13100201 -0.00709975
v 0.05977499 0.13100201 -0.00404596
v 0.04639570 0.13100201 -0.02082312
v 0.05022490 0.13100201 -0.02387697
v 0.05500001 0.13100201 -0.02496672
v 0.06360430 0.13100201 -0.02082324
v 0.06360430 0.13100201 -0.02082312
v 0.06572941 0.13100201 -0.01641035
v 0.02022500 0.13100201 0.04791611
v 0.02500001 0.13100201 0.04900509
v 0.01427060 0.13100201 0.03555113
v 0.01639570 0.13100201 0.03113836
v 0.01639570 0.13100201 0.04486209
v 0.01427060 0.13100201 0.04044908
v 0.02977499 0.13100201 0.02808452
v 0.02500001 0.13100201 0.02699471
v 0.03572941 0.13100201 0.04044908
v 0.03360429 0.13100201 0.04486209
v 0.02977499 0.13100201 0.04791611
v 0.02022500 0.13100201 0.02808452
v 0.03360429 0.13100201 0.03113836
v 0.03572941 0.13100201 0.03555113
v 0.08022490 0.13100201 0.04791611
v 0.08500001 0.13100201 0.04900509
v 0.07427061 0.13100201 0.03555113
v 0.07639571 0.13100201 0.03113836
v 0.07639571 0.13100201 0.04486209
v 0.07427061 0.13100201 0.04044908
v 0.08977500 0.13100201 0.02808452
v 0.08500001 0.13100201 0.02699471
v 0.09572941 0.13100201 0.04044908
v 0.09360430 0.13100201 0.04486209
v 0.08977500 0.13100201 0.04791611
v 0.08022490 0.13100201 0.02808452
v 0.09360430 0.13100201 0.03113836
v 0.09572941 0.13100201 0.03555113
v 0.17500001 0.01894249 -0.10355055
v 0.17500001 0.02960491 -0.10609615
v 0.17500001 0.02960491 -0.10609609
v 0.17500001 0.03868370 0.07451302
v 0.17500001 0.04561049 0.07275206
v 0.17500001 0.00897232 -0.09899396
v 0.17500001 0.05186322 0.06945401
v 0.17500001 0.00559286 -0.09686965
v 0.17500001 -0.06499800 -0.04893714
v 0.17500001 -0.02209665 0.07625204
v 0.17500001 0.01938280 0.07637697
v 0.17500001 0.00000200 0.07700008
v 0.17500001 0.05685620 0.06518012
v 0.17500001 0.05139004 -0.10485017
v 0.17500001 0.06169268 -0.10110545
v 0.17500001 0.04055819 -0.10653472
v 0.17500001 0.06111864 0.05950004
v 0.17500001 0.06402054 0.05297309
v 0.17500001 0.09120872 -0.03311086
v 0.17500001 0.09316861 -0.05875975
v 0.17500001 0.09378469 -0.04781497
v 0.17500001 0.09378469 -0.04781508
v 0.17500001 0.09227569 -0.03695720
v 0.17500001 0.04055819 -0.10653484
v 0.17500001 0.03733200 -0.10662705
v 0.17500001 0.09045066 -0.06937951
v 0.17500001 0.07107833 -0.09544182
v 0.17500001 0.07031562 -0.09441787
v 0.17500001 0.08573313 -0.07927454
v 0.17500001 0.08010459 -0.08516353
v 0.17500001 0.07919363 -0.08807236
v 0.09473680 -0.06499800 -0.03105527
v 0.09433860 -0.06499800 -0.03213656
v 0.08774620 -0.06499800 -0.04724586
v 0.08774620 -0.06499800 -0.04724574
v 0.08681419 -0.06499800 -0.04893714
v -0.15230608 -0.04605271 0.04260498
v -0.15251860 -0.04199800 0.07500011
v -0.15251850 -0.04199800 0.04226810
v -0.15224594 -0.04199800 0.07759911
v -0.12748142 -0.04199800 0.07500011
v -0.12752055 -0.04199800 0.07599002
v -0.12795332 -0.04199800 0.07839805
v -0.12795705 -0.04199800 0.07841808
v -0.13050045 -0.04199800 0.08311003
v -0.13028337 -0.04199800 0.08289295
v -0.12888448 -0.04199800 0.08075911
v -0.13999799 -0.04199800 0.08746606
v -0.13924229 -0.04199800 0.08749598
v -0.13661918 -0.04199800 0.08705407
v -0.13210699 -0.04199800 0.08471709
v -0.13424164 -0.04199800 0.08611602
v -0.13477564 -0.04199800 0.08632606
v -0.14521299 -0.04199800 0.08630902
v -0.14413381 -0.04199800 0.08681613
v -0.14413381 -0.04199800 0.08681709
v -0.14172336 -0.04199800 0.08740014
v -0.14946900 -0.04199800 0.08308607
v -0.14852767 -0.04199800 0.08416516
v -0.14646311 -0.04199800 0.08572096
v -0.15023415 -0.04199800 0.08221000
v -0.15150444 -0.04199800 0.07993609
v -0.15199749 -0.04199800 0.07838207
v -0.12748142 -0.04199800 0.06738406
v -0.12769125 -0.04599800 0.06725103
v -0.02344880 -0.04199800 0.09685904
v -0.10374288 -0.04199800 0.07742113
v 0.06575000 -0.04199800 0.07488698
v 0.06657851 -0.04304385 0.07415408
v 0.06642540 -0.04199800 0.07429200
v -0.01626860 -0.04199800 0.09832114
v -0.01445779 -0.04199800 0.09855109
v -0.00893340 -0.04199800 0.09925610
v -0.00151990 -0.04199800 0.09964603
v 0.01420400 -0.04199800 0.09860712
v 0.01321900 -0.04199800 0.09877700
v 0.00589231 -0.04199800 0.09948307
v -0.00012970 -0.04199800 0.09961504
v 0.02048630 -0.04199800 0.09752911
v 0.02759869 -0.04199800 0.09576005
v 0.04169990 -0.04199800 0.09049600
v 0.04129431 -0.04199800 0.09069902
v 0.03455929 -0.04199800 0.09347314
v 0.02824500 -0.04199800 0.09554702
v 0.04782651 -0.04199800 0.08743113
v 0.05404030 -0.04199800 0.08373314
v 0.06538060 -0.04199800 0.07521302
v 0.05998731 -0.04199800 0.07958108
v 0.05428791 -0.04199800 0.08356017
v 0.12930492 -0.04199800 0.07429200
v 0.12978140 -0.02886587 0.07572407
v 0.13111430 0.00000200 0.07700008
v 0.13094699 -0.00319832 0.07698411
v 0.15305719 0.00000200 0.07700008
v 0.13034052 -0.01569255 0.07662410
v 0.13011530 -0.02099801 0.07626110
v 0.13006893 -0.02209213 0.07618707
v 0.08467071 -0.05982975 -0.05244654
v 0.08467071 -0.05982975 -0.05244642
v 0.08317591 -0.05622548 -0.05489385
v 0.07914220 -0.04787397 -0.06056476
v 0.07097460 -0.04199800 -0.06995833
v 0.07592270 -0.04199800 -0.06455457
v 0.07613310 -0.04238197 -0.06429380
v 0.07097460 -0.04199800 -0.06995845
v -0.01562519 -0.04199800 -0.09839362
v -0.02143310 -0.04199800 -0.09732515
v -0.02143310 -0.04199800 -0.09732503
v -0.02344880 -0.04199800 -0.09685928
v 0.05427521 -0.04199800 -0.08355540
v 0.05984160 -0.04199800 -0.07969028
v 0.06558660 -0.04199800 -0.07503313
v 0.06591091 -0.04199800 -0.07472765
v 0.05375971 -0.04199800 -0.08391345
v 0.04742341 -0.04199800 -0.08765036
v 0.02778730 -0.04199800 -0.09568024
v 0.03405030 -0.04199800 -0.09365970
v 0.04083881 -0.04199800 -0.09090519
v 0.04147610 -0.04199800 -0.09059018
v 0.02710371 -0.04199800 -0.09590077
v 0.02001110 -0.04199800 -0.09762746
v 0.00000000 -0.04199800 -0.09965718
v 0.00564840 -0.04199800 -0.09949702
v 0.01285741 -0.04199800 -0.09882432
v 0.01350160 -0.04199800 -0.09871656
v -0.01460761 -0.04199800 -0.09858084
v -0.00732240 -0.04199800 -0.09938794
v -0.00732240 -0.04199800 -0.09938782
v -0.00107300 -0.04199800 -0.09961772
v -0.10374288 -0.04199800 -0.07742071
v -0.10674559 -0.04199800 0.07656306
v -0.15730320 -0.04199800 0.03327763
v -0.15554763 -0.04199800 0.03699160
v -0.12179919 -0.04199800 0.07064801
v -0.10674521 -0.04199800 -0.07656199
v -0.11004281 -0.04199800 -0.07561868
v -0.11627007 -0.04199800 -0.07326311
v -0.13136336 -0.04199800 -0.06469274
v -0.12802243 -0.04199800 -0.06703985
v -0.12227079 -0.04199800 -0.07040048
v -0.12227079 -0.04199800 -0.07040054
v -0.11956684 -0.04199800 -0.07169044
v -0.13348870 -0.04199800 -0.06319964
v -0.13856034 -0.04199800 -0.05896252
v -0.15053111 -0.04199800 -0.04520667
v -0.14753336 -0.04199800 -0.04934472
v -0.14325559 -0.04199800 -0.05432904
v -0.14178772 -0.04199800 -0.05577767
v -0.15137871 -0.04199800 -0.04403663
v -0.15477200 -0.04199800 -0.03843367
v -0.16200343 -0.04199800 -0.02038664
v -0.16199678 -0.04199800 -0.02041656
v -0.16007863 -0.04199800 -0.02661818
v -0.15765981 -0.04199800 -0.03264815
v -0.15733780 -0.04199800 -0.03329325
v -0.16339156 -0.04199800 -0.01414436
v -0.16427688 -0.04199800 -0.00777858
v -0.16430983 -0.04199800 0.00685817
v -0.16448741 -0.04199800 0.00520486
v -0.16464597 -0.04199800 -0.00134414
v -0.16432947 -0.04199800 -0.00686175
v -0.16378000 -0.04199800 0.01179105
v -0.16252318 -0.04199800 0.01831675
v -0.15836427 -0.04199800 0.03103298
v -0.16072169 -0.04199800 0.02472866
v -0.16194613 -0.04199800 0.02037054
v -0.10998225 -0.04199800 0.07563907
v -0.11586906 -0.04199800 0.07343310
v -0.11956950 -0.04199800 0.07169503
v 0.12864020 -0.02099800 0.08537406
v 0.12959751 0.00000200 0.08631307
v 0.08927161 0.00000200 0.09336907
v 0.04145610 0.00000200 0.10027605
v 0.00000000 0.00000200 0.10500008
v 0.01531911 -0.04199800 0.10117608
v -0.00010940 -0.02099800 0.10390514
v -0.00021879 -0.04199800 0.10281008
v 0.08891191 -0.04199800 0.09113306
v 0.09970151 -0.04199800 0.08942109
v 0.12864020 -0.02099842 0.08537406
v 0.12768221 -0.04199800 0.08443397
v 0.04117410 -0.04199800 0.09807307
v 0.04352009 -0.04199800 0.09779209
v 0.07164592 -0.04199800 0.09387308
v 0.05741630 0.12798801 -0.02469838
v 0.05971061 0.12798341 -0.02390784
v 0.05977111 0.12798321 -0.02387041
v 0.06359310 0.12795971 -0.02081591
v 0.06352361 0.12796080 -0.02092350
v 0.06178811 0.12797481 -0.02262425
v 0.06571010 0.12790941 -0.01640785
v 0.06568539 0.12791221 -0.01659584
v 0.06484739 0.12794010 -0.01887560
v 0.06579269 0.12783651 -0.01180863
v 0.06600341 0.12787671 -0.01416773
v 0.06357920 0.12774010 -0.00712323
v 0.06382750 0.12774630 -0.00738919
v 0.06505340 0.12779151 -0.00948393
v 0.06570141 0.12783101 -0.01152140
v 0.06216131 0.12770441 -0.00560474
v 0.06216131 0.12770441 -0.00560462
v 0.06015261 0.12767011 -0.00423676
v 0.05500001 0.12763630 -0.00295609
v 0.05560420 0.12763672 -0.00297266
v 0.05788451 0.12764661 -0.00334078
v 0.05976081 0.12766601 -0.00408190
v 0.05258411 0.12764351 -0.00322455
v 0.05258411 0.12764351 -0.00322443
v 0.05029021 0.12766430 -0.00401473
v 0.04640700 0.12773980 -0.00710714
v 0.04647741 0.12773740 -0.00699824
v 0.04821301 0.12769690 -0.00529790
v 0.05022901 0.12766531 -0.00405258
v 0.04399660 0.12787001 -0.01375395
v 0.04429011 0.12783091 -0.01151502
v 0.04431491 0.12782760 -0.01132560
v 0.04515330 0.12778240 -0.00904584
v 0.04640700 0.12773980 -0.00710708
v 0.04420701 0.12790561 -0.01611316
v 0.04429871 0.12790921 -0.01640141
v 0.04783770 0.12797251 -0.02231747
v 0.04642090 0.12795950 -0.02079964
v 0.04617190 0.12795721 -0.02053297
v 0.04494619 0.12793522 -0.01843804
v 0.04494619 0.12793522 -0.01843792
v 0.04984622 0.12798211 -0.02368557
v 0.04984622 0.12798211 -0.02368569
v 0.05023921 0.12798300 -0.02384096
v 0.05500001 0.12798931 -0.02496684
v 0.05439490 0.12798931 -0.02495027
v 0.05211431 0.12798731 -0.02458185
v 0.01399699 0.12567180 0.03822696
v 0.01429179 0.12551741 0.04044598
v 0.02977081 0.12631321 0.02809143
v 0.02970670 0.12631561 0.02805185
v 0.02741440 0.12636110 0.02726275
v 0.02741440 0.12636110 0.02726287
v 0.03178281 0.12624021 0.02933323
v 0.03351760 0.12613791 0.03103089
v 0.03570880 0.12585081 0.03555381
v 0.03568210 0.12586431 0.03535223
v 0.03484210 0.12601081 0.03307527
v 0.03359230 0.12613070 0.03114605
v 0.03359230 0.12613070 0.03114617
v 0.03600310 0.12570241 0.03777844
v 0.03579269 0.12553830 0.04015309
v 0.03382690 0.12521760 0.04457301
v 0.03389059 0.12522560 0.04446405
v 0.03505330 0.12537201 0.04247814
v 0.03570141 0.12551771 0.04044002
v 0.02976090 0.12496471 0.04788011
v 0.03015131 0.12497681 0.04772502
v 0.03216040 0.12508251 0.04635805
v 0.03357920 0.12519751 0.04483813
v 0.02788401 0.12490661 0.04862100
v 0.02560690 0.12487751 0.04898912
v 0.02022940 0.12496251 0.04790813
v 0.02029671 0.12495930 0.04795009
v 0.02258740 0.12489741 0.04873806
v 0.02500001 0.12487620 0.04900509
v 0.01822160 0.12505850 0.04667002
v 0.01648660 0.12518750 0.04497403
v 0.01615560 0.12522531 0.04446405
v 0.01640821 0.12519641 0.04485410
v 0.01431940 0.12550290 0.04065400
v 0.01516099 0.12533900 0.04293114
v 0.01420631 0.12583141 0.03585225
v 0.01429899 0.12585030 0.03556019
v 0.01783560 0.12622161 0.02964586
v 0.01642101 0.12612970 0.03116196
v 0.01617020 0.12611330 0.03143084
v 0.01494470 0.12598211 0.03352666
v 0.01494470 0.12598211 0.03352672
v 0.01984359 0.12630241 0.02827728
v 0.02023931 0.12631151 0.02812076
v 0.02500001 0.12637651 0.02699471
v 0.02438930 0.12637551 0.02701163
v 0.02438930 0.12637551 0.02701151
v 0.02211060 0.12635441 0.02738065
v 0.07399701 0.12567180 0.03822696
v 0.07429180 0.12551741 0.04044598
v 0.08977081 0.12631321 0.02809143
v 0.08970670 0.12631561 0.02805185
v 0.08741440 0.12636110 0.02726275
v 0.08741440 0.12636110 0.02726287
v 0.09178281 0.12624021 0.02933323
v 0.09351760 0.12613791 0.03103089
v 0.09570880 0.12585081 0.03555381
v 0.09568210 0.12586431 0.03535223
v 0.09484211 0.12601081 0.03307527
v 0.09359230 0.12613070 0.03114605
v 0.09359230 0.12613070 0.03114617
v 0.09600310 0.12570241 0.03777844
v 0.09579270 0.12553830 0.04015309
v 0.09382690 0.12521760 0.04457301
v 0.09389061 0.12522560 0.04446405
v 0.09505330 0.12537201 0.04247814
v 0.09570141 0.12551771 0.04044002
v 0.08976090 0.12496471 0.04788011
v 0.09015140 0.12497681 0.04772502
v 0.09216040 0.12508251 0.04635805
v 0.09357920 0.12519751 0.04483813
v 0.08788410 0.12490661 0.04862100
v 0.08560690 0.12487751 0.04898912
v 0.08022940 0.12496251 0.04790813
v 0.08029671 0.12495930 0.04795009
v 0.08258741 0.12489741 0.04873806
v 0.08500001 0.12487620 0.04900509
v 0.07822160 0.12505850 0.04667002
v 0.07648660 0.12518750 0.04497403
v 0.07615560 0.12522531 0.04446405
v 0.07640821 0.12519641 0.04485410
v 0.07431941 0.12550290 0.04065400
v 0.07516100 0.12533900 0.04293114
v 0.07420631 0.12583141 0.03585225
v 0.07429901 0.12585030 0.03556019
v 0.07783569 0.12622161 0.02964586
v 0.07642101 0.12612970 0.03116196
v 0.07617021 0.12611330 0.03143084
v 0.07494470 0.12598211 0.03352666
v 0.07494470 0.12598211 0.03352672
v 0.07984360 0.12630241 0.02827728
v 0.08023931 0.12631151 0.02812076
v 0.08500001 0.12637651 0.02699471
v 0.08438930 0.12637551 0.02701163
v 0.08438930 0.12637551 0.02701151
v 0.08211060 0.12635441 0.02738065
v 0.11985943 0.12788260 -0.01454926
v 0.11953151 0.12764721 -0.00487339
v 0.12623721 0.12169551 -0.00478536
v 0.13330263 0.11599340 -0.02478582
v 0.13328549 0.11598141 -0.03007311
v 0.12668151 0.12200950 -0.03007311
v 0.12857199 0.11271641 -0.11225885
v 0.12631130 0.11115461 -0.12980074
v 0.12079000 0.11767991 -0.12244886
v 0.12266779 0.11918330 -0.10562855
v 0.12907621 0.11306491 -0.10739088
v 0.11498418 0.12439281 -0.11488485
v 0.12069270 0.11779490 -0.12231934
v 0.12069270 0.11779490 -0.12231922
v 0.12069532 0.11779191 -0.12232262
v 0.12069532 0.11779191 -0.12232274
v 0.12489590 0.12074950 -0.08051556
v 0.13041970 0.11399341 -0.09442008
v 0.12923270 0.11317300 -0.10588062
v 0.13275063 0.11560940 -0.05893755
v 0.13180333 0.11495241 -0.07675004
v 0.12623370 0.12169281 -0.05533075
v 0.13156092 0.11478431 -0.07984644
v 0.13156092 0.11478431 -0.07984632
v 0.13149539 0.11473890 -0.08068275
v 0.13149539 0.11473890 -0.08068264
v 0.13324952 0.11595620 -0.04119450
v 0.13293689 0.11573891 -0.05231261
v 0.13284960 0.11567830 -0.05541492
v 0.13287711 0.11569810 -0.00470090
v 0.13292301 0.11572991 -0.00568426
v 0.13330689 0.11599650 -0.02344036
v 0.13253048 0.11545761 0.00273746
v 0.12490219 0.12075410 0.02042484
v 0.12490219 0.12075410 0.02042472
v 0.13209602 0.11515620 0.01206100
v 0.12927732 0.11320431 0.04576808
v 0.13077861 0.11424331 0.03026730
v 0.13082573 0.11427591 0.02978116
v 0.13148451 0.11473250 0.02059025
v 0.12633321 0.11116961 0.06965011
v 0.12694892 0.11159481 0.06518799
v 0.12498370 0.11271910 0.06806713
v 0.12785172 0.11221870 0.05779701
v 0.12061262 0.11773781 0.06293994
v 0.12911081 0.11308900 0.04748708
v 0.12268132 0.11919160 0.04551405
v 0.12061042 0.11774041 0.06293803
v 0.11481610 0.12427291 0.05628008
v 0.11821842 0.12670560 0.02090371
v 0.11673841 0.12564680 0.03859204
v 0.11610049 0.12519091 0.04446203
v 0.11601490 0.12512970 0.04524904
v 0.11930051 0.12748151 0.00194097
v 0.11925831 0.12745111 0.00318724
v 0.11925831 0.12745111 0.00318736
v 0.11825651 0.12673301 0.02025288
v 0.12000170 0.12798481 -0.03007334
v 0.11953652 0.12765071 -0.05524230
v 0.11974719 0.12780191 -0.05000508
v 0.11989239 0.12790631 -0.04063946
v 0.12002200 0.12799941 -0.03228235
v 0.11788473 0.12646651 -0.08539498
v 0.11629611 0.12533000 -0.10305333
v 0.11603960 0.12514681 -0.10536647
v 0.11802742 0.12656881 -0.08320087
v 0.11821350 0.12670211 -0.08033955
v 0.11821350 0.12670211 -0.08033943
v 0.11903492 0.12729071 -0.06771141
v 0.08842701 0.10044551 0.08812004
v 0.09725201 0.10057310 0.08671600
v 0.09485810 0.11224411 0.07351512
v 0.10620961 0.12413350 0.05787510
v 0.09245220 0.12391881 0.06024510
v -0.00340530 0.12263250 0.07348913
v -0.00196131 0.11097731 0.08665508
v 0.02411900 0.12295090 0.07038313
v 0.03051199 0.11134870 0.08298403
v 0.07888930 0.12370711 0.06258208
v 0.06069680 0.12344350 0.06535405
v 0.06278540 0.11177460 0.07860214
v 0.05156000 0.12331110 0.06674606
v 0.02874430 0.12301160 0.06977004
v 0.09758772 0.10057801 0.08666307
v 0.12498620 0.10099860 0.08179301
v 0.12568730 0.10608410 0.07571906
v 0.07174841 0.10020430 0.09077412
v 0.03226720 0.09969362 0.09609705
v 0.04078960 0.09979509 0.09507006
v 0.04290450 0.09982026 0.09481496
v 0.06485771 0.10011251 0.09173912
v 0.01480059 0.09948566 0.09820205
v -0.00051731 0.09932186 0.09982115
v 0.13056710 0.00000200 0.08043307
v 0.12948361 -0.02099800 0.08025807
v 0.13037202 0.00000200 0.08165699
v 0.13037202 0.00000200 0.08165604
v 0.12851253 -0.04199800 0.07936412
v 0.12839472 -0.04199800 0.08008307
v 0.13019362 0.01937865 0.07631212
v 0.13048318 0.01268379 0.07673413
v 0.15222362 0.03868370 0.07451302
v 0.12944713 0.03868370 0.07451302
v 0.12949452 0.03727387 0.07469112
v 0.12993664 0.02532012 0.07593709
v 0.12942499 0.04989155 0.07069904
v 0.12935159 0.04630951 0.07247216
v 0.12935281 0.04559761 0.07271403
v 0.12935790 0.04258070 0.07374102
v 0.12951168 0.05182723 0.06940013
v 0.12957481 0.05323879 0.06845301
v 0.13001162 0.05835875 0.06339699
v 0.12985110 0.05682343 0.06515199
v 0.12985110 0.05682343 0.06515104
v 0.12979302 0.05626741 0.06578702
v 0.13105640 0.06402054 0.05297309
v 0.13078061 0.06304993 0.05562907
v 0.13040671 0.06122999 0.05930907
v 0.13038880 0.06110737 0.05949205
v 0.13007379 0.05895329 0.06271714
v 0.13007379 0.05895329 0.06271809
v 0.13052541 0.06180771 0.05814105
v 0.13279131 0.07008440 0.03377336
v 0.13299710 0.07112963 0.03046399
v 0.13463032 0.09120872 -0.03311086
v 0.13475090 0.08857597 -0.02477497
v 0.13476190 0.08833624 -0.02401590
v 0.13464460 0.08224451 -0.00472802
v 0.13438699 0.07985833 0.00282711
v 0.13398793 0.07616138 0.01453233
v 0.13387948 0.09289119 -0.06039494
v 0.13393381 0.09311254 -0.05875224
v 0.13454491 0.09222364 -0.03697109
v 0.13427082 0.09372945 -0.04781842
v 0.13437882 0.09348476 -0.04387200
v 0.13451222 0.09261101 -0.03844434
v 0.13454491 0.09222364 -0.03697097
v 0.13406020 0.09362746 -0.05493098
v 0.13413832 0.09372066 -0.05235147
v 0.13413832 0.09372066 -0.05235159
v 0.13422760 0.09382738 -0.04939801
v 0.13368911 0.09163465 -0.06573063
v 0.13355181 0.09039733 -0.06936133
v 0.13349241 0.08986210 -0.07093185
v 0.13329330 0.08756624 -0.07598776
v 0.13313431 0.08526903 -0.07996112
v 0.13316301 0.08568280 -0.07924545
v 0.13282090 0.07914919 -0.08803344
v 0.13292581 0.08160459 -0.08522964
v 0.13310239 0.08480829 -0.08075804
v 0.13277051 0.07796916 -0.08938092
v 0.13264441 0.07392044 -0.09317976
v 0.13255733 0.06958372 -0.09651750
v 0.13258663 0.07104222 -0.09539497
v 0.13266441 0.05137420 -0.10479206
v 0.13258499 0.05481436 -0.10385430
v 0.13252151 0.05995961 -0.10189813
v 0.13251889 0.06166551 -0.10105073
v 0.13251403 0.06491359 -0.09943730
v 0.13254130 0.05835869 -0.10250670
v 0.13270691 0.04953275 -0.10529393
v 0.13289091 0.04410640 -0.10621941
v 0.13312203 0.03891018 -0.10660493
v 0.13304889 0.04055434 -0.10648304
v 0.13304889 0.04055434 -0.10648292
v 0.13389912 0.02637750 -0.10555506
v 0.13367569 0.02961434 -0.10603189
v 0.13352218 0.03183854 -0.10635954
v 0.13320279 0.03733200 -0.10662705
v 0.13312203 0.03891018 -0.10660505
v 0.13529891 0.01087066 -0.10004753
v 0.13479349 0.01586415 -0.10238981
v 0.13451293 0.01896373 -0.10349071
v 0.13432682 0.02101962 -0.10422099
v 0.13550740 0.00900211 -0.09894341
v 0.13580060 0.00637406 -0.09739077
v 0.13589248 0.00559286 -0.09686965
v 0.13622102 0.00279743 -0.09497195
v 0.13635349 -0.04199800 -0.06455457
v 0.13654348 -0.02100179 -0.07881147
v 0.13654372 -0.01618757 -0.08208030
v 0.13654432 0.00000200 -0.09307337
v 0.13654321 -0.02845586 -0.07374996
v 0.13209721 0.00000200 -0.13049537
v 0.13376760 0.00000200 -0.11793315
v 0.13272712 -0.02099800 -0.11780035
v 0.13635889 -0.02099800 -0.08205426
v 0.13477752 -0.02099800 -0.09992665
v 0.13163611 -0.04198320 -0.11766082
v 0.13088661 -0.03500684 -0.12600809
v 0.13163769 -0.04199800 -0.11764312
v 0.13366491 -0.04199800 -0.09981340
v 0.13546258 -0.04199800 -0.07923049
v 0.13129321 0.00000200 -0.13584328
v 0.13066331 -0.01400759 -0.13510704
v 0.13034901 -0.02099801 -0.13473964
v 0.13003340 -0.02801719 -0.13437074
v 0.13522860 -0.04199800 -0.08196867
v 0.13381949 -0.04199800 -0.09845304
v 0.13581049 0.00000200 -0.10003126
v 0.13496390 0.00000200 -0.10805786
v 0.13451621 0.00000200 -0.11230350
v -0.14283524 -0.04199800 0.09725004
v -0.15278997 -0.04199800 0.08071405
v -0.16083837 -0.04199800 0.06317014
v -0.11844964 -0.04199800 0.10286814
v -0.14075361 -0.04199800 0.10023910
v -0.13050045 -0.04199800 0.08311099
v -0.08714562 -0.04199800 0.10513610
v -0.05962875 -0.04199800 0.10576910
v -0.05576576 -0.04199800 0.10575706
v -0.02439649 -0.04199800 0.10473007
v -0.16688004 -0.04199800 0.04483908
v -0.17083961 -0.04199800 0.02594775
v -0.13946626 -0.04199800 -0.10202253
v -0.12734199 -0.04199800 -0.11680526
v -0.12734199 -0.04199800 -0.11680514
v -0.14997427 -0.04199800 -0.08583224
v 0.04742341 -0.04199800 -0.08765048
v -0.17266765 -0.04199800 0.00673294
v -0.15861110 -0.04199800 -0.06857085
v -0.14997427 -0.04199800 -0.08583218
v -0.16526899 -0.04199800 -0.05045402
v 0.02001110 -0.04199800 -0.09762734
v -0.16986486 -0.04199800 -0.03170764
v 0.00564840 -0.04199800 -0.09949714
v -0.17234139 -0.04199800 -0.01256573
v -0.12365481 -0.03853545 -0.12096143
v -0.11732019 -0.03308697 -0.12750304
v -0.12722042 -0.04188385 -0.11694229
v -0.11374488 -0.03032644 -0.13081837
v 0.13163611 -0.04198320 -0.11766094
v -0.11075404 -0.02801719 -0.13359165
v -0.14137162 -0.02106000 0.10126203
v -0.02426679 0.00000200 0.10692710
v -0.05575154 0.00000200 0.10795802
v -0.14199182 0.00000200 0.10229009
v -0.11866622 0.00000200 0.10505897
v -0.08724695 0.00000200 0.10733408
v -0.00025870 0.04966193 0.10241014
v 0.12693509 0.05835867 0.08370203
v 0.12729451 0.05049517 0.08405405
v -0.02485520 0.12244520 0.07527405
v -0.02674340 0.12243561 0.07536501
v -0.02589760 0.11078010 0.08858007
v -0.03581440 0.09907351 0.10230106
v -0.02505640 0.09913341 0.10170704
v -0.04567310 0.09904157 0.10261601
v -0.04744760 0.10831171 0.09214407
v -0.04764041 0.10928270 0.09104711
v -0.04791970 0.11068930 0.08945805
v -0.04967470 0.11952750 0.07947212
v -0.04581850 0.12094610 0.07779104
v -0.04197989 0.12235820 0.07609314
v -0.04197989 0.12235820 0.07609409
v -0.01822309 0.09917147 0.10132998
v -0.02457631 0.09913610 0.10168105
v -0.00775650 0.12258770 0.07392007
v -0.03452150 0.14074911 -0.07442564
v -0.03428910 0.14032251 -0.08272988
v -0.04539380 0.15035921 -0.08356404
v -0.04502010 0.14957841 -0.09564626
v -0.03408420 0.13994631 -0.09005135
v -0.03408420 0.13994631 -0.09005147
v -0.03392009 0.13956991 -0.09448785
v -0.04568660 0.15083781 -0.07146484
v -0.03458670 0.14081150 -0.07095808
v -0.03452150 0.14074911 -0.07442552
v -0.03496380 0.14042060 -0.03561753
v -0.03496290 0.14079051 -0.04321718
v -0.04602690 0.15088812 -0.04724586
v -0.03492330 0.14085461 -0.04739285
v -0.04589790 0.15101421 -0.05935627
v -0.03481510 0.14102991 -0.05881554
v -0.03480741 0.14102261 -0.05922365
v -0.04603431 0.14972821 -0.02305013
v -0.04593470 0.14886101 -0.01271474
v -0.04593440 0.14886080 -0.01271474
v -0.04607260 0.15045951 -0.03514135
v -0.03496470 0.14003231 -0.02764064
v -0.04603431 0.14972821 -0.02305025
v -0.03493030 0.13972400 -0.02385366
v -0.03482870 0.13881281 -0.01266211
v -0.05703841 0.15890871 -0.01279444
v -0.05710730 0.15962352 -0.02225554
v -0.05715549 0.16012351 -0.02887404
v -0.05715549 0.16012351 -0.02887398
v -0.05715168 0.16023241 -0.03139532
v -0.05714669 0.16037381 -0.03467071
v -0.05713103 0.16081971 -0.04499775
v -0.05696569 0.16099520 -0.06111151
v -0.05698183 0.16097800 -0.05953658
v -0.05699208 0.16096720 -0.05853850
v -0.05710945 0.16084261 -0.04709971
v -0.05676025 0.16076441 -0.07196915
v -0.05666257 0.16065469 -0.07713175
v -0.05609707 0.15950331 -0.09679675
v -0.05621648 0.15978441 -0.09337229
v -0.05642781 0.16019671 -0.08567870
v -0.05646320 0.16026580 -0.08439046
v -0.05579527 0.15879281 -0.10545170
v -0.04465230 0.14870861 -0.10557908
v -0.04465230 0.14870861 -0.10557920
v -0.04465070 0.14870712 -0.10557908
v -0.04465070 0.14870712 -0.10557920
v -0.03350630 0.13862081 -0.10567325
v -0.03418830 0.12522431 -0.03259623
v -0.03394450 0.12531391 -0.05921155
v -0.03439210 0.13306831 -0.05921769
v -0.03496380 0.14042060 -0.03561741
v -0.03320480 0.13306831 -0.10595232
v -0.03388650 0.12533531 -0.06555355
v -0.03277150 0.12508281 -0.10635352
v -0.03313880 0.13185181 -0.10601342
v -0.03292220 0.12536770 -0.10253757
v -0.03306520 0.12563740 -0.09872878
v -0.03411190 0.12525241 -0.01198238
v -0.03447030 0.13203260 -0.01232225
v -0.03452510 0.13306831 -0.01237416
v -0.03452510 0.13306831 -0.01237404
v -0.03823259 0.12373661 0.06226403
v -0.03501181 0.12492141 0.04843301
v -0.03423750 0.12520620 0.04446310
v -0.02808250 0.12747011 0.00194055
v -0.03232390 0.12591010 0.03464919
v -0.03012720 0.12671801 0.02065855
v -0.03012720 0.12671801 0.02065867
v -0.02849000 0.12732020 0.00692052
v 0.01642101 0.12612970 0.03116202
v 0.07642101 0.12612970 0.03116202
v 0.11930051 0.12748151 0.00194085
v -0.02737070 0.12773190 -0.00675994
v -0.02737070 0.12773190 -0.00675982
v -0.02675959 0.12795670 -0.02047765
v -0.02665960 0.12799340 -0.03414655
v -0.02685330 0.12792221 -0.04063964
v 0.05500001 0.12798931 -0.02496672
v 0.06382750 0.12774630 -0.00738907
v -0.02797380 0.12751010 -0.06136245
v -0.02706630 0.12784390 -0.04778409
v 0.02681330 0.12441751 -0.11459404
v -0.03633361 0.12443510 -0.11438590
v -0.03544030 0.12476370 -0.11041176
v -0.03130780 0.12628381 -0.08859611
v 0.03932661 0.12441400 -0.11463535
v -0.03277150 0.12508281 -0.10635364
v -0.03367990 0.12508000 -0.10639066
v -0.03458830 0.12507711 -0.10642737
v -0.03054740 0.12656350 -0.08320057
v -0.02938300 0.12699170 -0.07493919
v 0.02678689 0.11770611 -0.12214106
v -0.05456448 0.11772870 -0.12187475
v -0.05456416 0.11772881 -0.12187463
v -0.07279409 0.11102211 -0.12936455
v -0.06367918 0.11437551 -0.12561959
v -0.03238830 0.11101101 -0.12949592
v 0.02676050 0.11099470 -0.12968814
v 0.04695110 0.11098910 -0.12975371
v 0.12629050 0.11096731 -0.13001156
v 0.12629050 0.11096731 -0.13001168
v 0.12630099 0.11106100 -0.12990612
v 0.13197121 0.05835864 -0.10771835
v 0.13264441 0.07392044 -0.09317964
v 0.13393381 0.09311254 -0.05875212
v 0.12942499 0.04989155 0.07069999
v 0.12879640 0.05548486 -0.13292754
v 0.12866661 0.05835865 -0.13277644
v -0.11101905 -0.01403326 -0.13432366
v -0.11128439 0.00000200 -0.13505840
v -0.14465469 0.00000200 0.09848911
v -0.13665244 0.00000200 -0.10891294
v -0.12883869 0.00000200 -0.11842966
v -0.11482710 0.00000200 -0.13205951
v -0.12401754 0.00000200 -0.12311947
v -0.12401754 0.00000200 -0.12311959
v -0.15126733 0.00000200 0.08750409
v -0.15473621 0.00000200 0.08174199
v -0.15987076 0.00000200 0.07055014
v -0.16288714 0.00000200 0.06397504
v -0.16658248 0.00000200 0.05276304
v -0.16900578 0.00000200 0.04540998
v -0.17132340 0.00000200 0.03435254
v -0.17301577 0.00000200 0.02627826
v -0.17403767 0.00000200 0.01553702
v -0.17486712 0.00000200 0.00681877
v -0.17469332 0.00000200 -0.00346142
v -0.17453669 0.00000200 -0.01272577
v -0.17328265 0.00000200 -0.02241862
v -0.17328265 0.00000200 -0.02241880
v -0.17202862 0.00000200 -0.03211153
v -0.16982237 0.00000200 -0.04111069
v -0.16737419 0.00000200 -0.05109662
v -0.16435331 0.00000200 -0.05931681
v -0.16435331 0.00000200 -0.05931693
v -0.16063151 0.00000200 -0.06944436
v -0.15694000 0.00000200 -0.07682204
v -0.15188466 0.00000200 -0.08692557
v -0.14766993 0.00000200 -0.09341943
v -0.14124279 0.00000200 -0.10332215
v -0.14102443 0.03283283 0.10068709
v -0.14005353 0.06566355 0.09908313
v -0.13635711 0.06697042 0.09946603
v -0.12384580 0.07139380 0.10076100
v -0.12275957 0.07177788 0.10084206
v -0.08814317 0.08401922 0.10288411
v -0.09548937 0.08142115 0.10255605
v -0.10637636 0.07757084 0.10206908
v -0.10913292 0.07659616 0.10186213
v -0.11828393 0.07336043 0.10117704
v -0.06818229 0.09107962 0.10309905
v -0.07116994 0.09002282 0.10314101
v -0.08183771 0.08624952 0.10298008
v -0.08704303 0.08440835 0.10290104
v -0.05335422 0.09632467 0.10289007
v -0.05452970 0.09590887 0.10290605
v -0.05578441 0.09546505 0.10292405
v -0.13586214 0.08782426 0.07725602
v -0.14083733 0.08599529 0.07667512
v -0.13860169 0.07648066 0.08811814
v -0.05834838 0.10542000 0.09144002
v -0.07173743 0.10059121 0.09165305
v -0.08513067 0.09576081 0.09156007
v -0.09852090 0.09093175 0.09116012
v -0.11190096 0.08610682 0.09045309
v -0.12526360 0.08128885 0.08943802
v -0.14722523 0.07318152 0.08730513
v -0.14437754 0.06996001 0.09225196
v -0.15326986 0.08142491 0.07522005
v -0.15039060 0.07722123 0.08128709
v -0.14808536 0.07427925 0.08567005
v -0.14734192 0.07333044 0.08708304
v -0.12776190 0.09080298 0.07795304
v -0.11839502 0.09424750 0.07875806
v -0.11466469 0.09561959 0.07896405
v -0.10154934 0.10044361 0.07968706
v -0.08331066 0.10715310 0.08015412
v -0.08842172 0.10527291 0.08002907
v -0.09891801 0.10141160 0.07977206
v -0.10086413 0.10069571 0.07972401
v -0.07529346 0.11010261 0.08010405
v -0.06575114 0.11361320 0.08004516
v -0.06216868 0.11493111 0.07991701
v -0.10251914 0.10008800 -0.00822932
v -0.15699372 0.08005624 0.06728417
v -0.15621662 0.08034185 0.06893998
v -0.12548488 0.09164051 -0.00711095
v -0.17092723 0.07493634 0.00705767
v -0.17037131 0.07514056 0.01521152
v -0.17106748 0.07488481 -0.00166327
v -0.16572571 0.07684772 -0.00554734
v -0.17103131 0.07489809 -0.00338805
v -0.17098980 0.07491336 -0.00536901
v -0.16765876 0.07613716 0.03362024
v -0.16911304 0.07560284 0.02558815
v -0.17037131 0.07514056 0.01521164
v -0.16928661 0.07553910 0.02443695
v -0.17033395 0.07515430 0.01575965
v -0.16028282 0.07884748 0.05920511
v -0.16292547 0.07787637 0.05160707
v -0.16313997 0.07779755 0.05099005
v -0.16556565 0.07690623 0.04264504
v -0.16755806 0.07617418 0.03417659
v -0.03418830 0.12522431 -0.03259611
v -0.07595459 0.10985921 -0.00952303
v -0.05678543 0.11691121 -0.01064974
v -0.09891832 0.10141250 -0.00840473
v -0.07023186 0.15886261 -0.01229602
v -0.10254128 0.11691101 -0.00904375
v -0.16870177 0.11691101 -0.00760299
v -0.16870950 0.11677111 -0.00759554
v -0.16870950 0.11677111 -0.00759548
v -0.16639709 0.15862700 -0.00982356
v -0.11695015 0.15872541 -0.01084054
v -0.10260649 0.15876751 -0.01128739
v -0.14075905 0.16005611 -0.08905035
v -0.14216964 0.16019702 -0.08686113
v -0.14284398 0.16025482 -0.08568186
v -0.13733950 0.15971461 -0.09435755
v -0.08105783 0.15872072 -0.10620683
v -0.09169454 0.15869032 -0.10652471
v -0.12759921 0.15861951 -0.10725230
v -0.13030648 0.15893251 -0.10385960
v -0.13210991 0.15914102 -0.10159963
v -0.14659810 0.16057681 -0.07911652
v -0.16185379 0.16061181 -0.03918207
v -0.16263671 0.16049871 -0.03607088
v -0.16355813 0.16024810 -0.03139496
v -0.15789638 0.16097212 -0.05303085
v -0.16048865 0.16080891 -0.04460692
v -0.15661761 0.16098130 -0.05652636
v -0.15588163 0.16098662 -0.05853814
v -0.15485752 0.16099390 -0.06133765
v -0.15485752 0.16099390 -0.06133753
v -0.15423048 0.16098270 -0.06289911
v -0.15062056 0.16084251 -0.07112837
v -0.14956933 0.16077311 -0.07321596
v -0.16520873 0.15960531 -0.02137339
v -0.16559573 0.15941361 -0.01867646
v -0.16434017 0.16003552 -0.02742624
v -0.08100699 0.12452691 -0.10803407
v -0.03608410 0.12452691 -0.10651135
v -0.08098347 0.10800931 -0.10888904
v -0.08190475 0.10767031 -0.10893464
v -0.08457911 0.10668650 -0.10906696
v -0.12841609 0.12460451 -0.10904765
v -0.12841795 0.12452691 -0.10905176
v -0.12923552 0.09026086 -0.11086005
v -0.05958041 0.11588340 -0.10783064
v -0.05958041 0.11588340 -0.10783058
v -0.08190476 0.10767040 -0.12951076
v -0.06367918 0.11437551 -0.12561947
v -0.10942712 0.09754589 -0.12995237
v -0.11483231 0.09555783 -0.12534297
v -0.09111049 0.10428371 -0.12965846
v -0.12320986 0.09247674 -0.11735237
v -0.12131152 0.09317487 -0.11926156
v -0.12070239 0.09339891 -0.11983329
v -0.11035362 0.04908851 -0.13248885
v -0.17202862 0.00000200 -0.03211164
v -0.16263671 0.16049871 -0.03607076
v -0.17092723 0.07493634 0.00705755
f 1 2 3
f 4 5 1
f 6 7 8
f 9 6 10
f 10 6 8
f 10 8 3
f 11 12 13
f 13 12 3
f 13 3 14
f 14 3 8
f 15 1 16
f 16 1 3
f 16 3 17
f 18 3 19
f 18 12 20
f 21 22 23
f 23 22 1
f 23 1 24
f 24 1 15
f 24 15 25
f 26 7 27
f 27 7 28
f 29 8 30
f 30 8 31
f 30 7 32
f 32 7 26
f 32 26 33
f 34 35 36
f 36 35 1
f 36 1 37
f 37 1 22
f 37 22 38
f 39 40 41
f 39 41 1
f 1 41 42
f 1 42 43
f 44 45 46
f 46 45 27
f 46 27 47
f 47 27 28
f 47 28 48
f 45 49 50
f 45 50 27
f 27 50 51
f 27 51 52
f 53 54 55
f 55 54 27
f 56 39 57
f 57 39 1
f 57 1 58
f 58 1 35
f 59 60 61
f 61 60 1
f 61 1 62
f 62 1 43
f 62 43 63
f 64 65 66
f 66 65 67
f 68 55 69
f 69 55 27
f 69 27 70
f 70 27 52
f 70 52 71
f 67 4 66
f 66 4 1
f 66 1 72
f 72 1 60
f 72 60 73
f 66 74 64
f 64 74 75
f 76 77 66
f 66 77 78
f 66 78 74
f 79 43 80
f 80 43 42
f 80 42 81
f 66 72 82
f 76 72 73
f 76 73 83
f 83 73 60
f 83 60 84
f 84 60 59
f 84 59 85
f 85 59 61
f 85 61 86
f 86 61 62
f 86 62 79
f 79 62 63
f 79 63 43
f 87 42 88
f 88 42 41
f 88 41 89
f 89 41 40
f 89 40 90
f 91 40 39
f 91 39 92
f 93 39 56
f 93 56 94
f 94 56 57
f 94 57 95
f 95 57 58
f 95 58 96
f 96 58 35
f 96 35 97
f 97 35 34
f 97 34 98
f 98 34 36
f 98 36 99
f 99 36 37
f 99 37 100
f 100 37 38
f 100 38 101
f 101 38 22
f 101 22 102
f 102 22 103
f 102 21 104
f 104 21 23
f 104 23 105
f 105 23 24
f 105 24 106
f 106 24 25
f 106 25 107
f 107 25 15
f 107 15 108
f 108 15 16
f 108 16 109
f 109 16 17
f 109 18 110
f 110 18 20
f 110 20 111
f 112 20 19
f 112 12 113
f 113 12 11
f 113 11 114
f 11 13 114
f 114 13 14
f 114 14 115
f 115 14 8
f 115 8 116
f 116 8 117
f 118 119 32
f 32 119 120
f 32 120 30
f 30 120 117
f 30 117 29
f 29 117 8
f 32 33 118
f 118 33 26
f 118 26 121
f 121 26 27
f 121 27 122
f 122 27 123
f 123 27 54
f 123 54 124
f 124 54 53
f 124 53 125
f 125 53 55
f 125 55 126
f 126 55 68
f 126 68 127
f 127 68 69
f 127 69 128
f 128 69 70
f 128 70 129
f 129 70 71
f 129 71 130
f 130 71 52
f 130 52 131
f 131 52 51
f 131 51 132
f 132 51 50
f 132 50 133
f 133 50 49
f 133 49 134
f 134 49 135
f 134 45 136
f 136 45 44
f 136 44 137
f 137 44 46
f 137 46 138
f 138 46 47
f 138 47 139
f 139 47 48
f 139 140 141
f 141 140 28
f 141 28 142
f 28 7 142
f 142 7 6
f 142 6 143
f 143 6 9
f 143 9 144
f 145 9 146
f 146 9 10
f 146 10 147
f 147 10 3
f 147 3 148
f 149 3 2
f 149 2 150
f 150 2 1
f 150 1 151
f 151 1 5
f 151 5 152
f 152 5 4
f 152 4 153
f 153 4 67
f 153 67 75
f 75 67 65
f 75 65 64
f 98 99 154
f 154 99 155
f 156 157 74
f 74 78 156
f 156 78 158
f 156 77 159
f 159 77 82
f 102 160 101
f 101 160 155
f 101 155 100
f 100 155 99
f 115 116 161
f 161 116 117
f 161 117 162
f 162 117 120
f 162 120 163
f 163 120 164
f 136 165 134
f 134 165 166
f 134 166 133
f 136 137 165
f 165 137 138
f 165 138 167
f 167 138 139
f 167 139 168
f 168 139 141
f 76 83 159
f 159 83 84
f 159 84 169
f 119 118 163
f 163 118 121
f 163 121 170
f 141 142 168
f 168 142 143
f 168 143 171
f 102 104 160
f 160 104 105
f 160 105 172
f 172 105 106
f 172 106 173
f 173 106 107
f 115 161 114
f 114 161 174
f 114 174 113
f 113 174 175
f 113 175 111
f 121 122 170
f 170 122 123
f 170 123 176
f 176 123 124
f 128 129 177
f 107 108 173
f 173 108 109
f 173 109 175
f 175 109 110
f 175 110 111
f 79 178 86
f 86 178 169
f 86 169 85
f 85 169 84
f 177 129 179
f 94 95 180
f 180 95 96
f 180 96 154
f 154 96 97
f 154 97 98
f 124 125 176
f 176 125 126
f 176 126 177
f 177 126 127
f 177 127 128
f 147 181 146
f 146 181 171
f 146 171 144
f 145 171 143
f 147 149 181
f 181 149 150
f 181 150 182
f 150 151 182
f 182 151 152
f 182 152 183
f 183 152 153
f 183 153 157
f 157 153 75
f 157 75 74
f 94 180 92
f 93 180 184
f 93 184 90
f 91 184 185
f 91 185 89
f 129 130 179
f 179 130 131
f 179 131 166
f 166 131 132
f 166 132 133
f 79 80 178
f 178 80 81
f 178 87 185
f 185 87 88
f 185 88 89
f 186 187 188
f 188 187 189
f 190 191 192
f 192 191 193
f 189 194 188
f 188 194 195
f 188 195 193
f 193 195 196
f 193 197 192
f 198 199 200
f 201 200 202
f 201 202 203
f 203 202 204
f 203 204 205
f 205 204 206
f 205 206 207
f 201 208 200
f 200 208 209
f 200 209 210
f 211 198 212
f 212 198 200
f 212 200 213
f 213 200 210
f 214 215 216
f 214 216 217
f 217 216 218
f 217 218 219
f 219 218 220
f 219 221 222
f 214 223 215
f 215 223 224
f 215 224 225
f 225 224 226
f 225 226 227
f 227 226 228
f 227 228 229
f 230 228 231
f 232 182 233
f 233 182 183
f 233 183 234
f 232 235 182
f 182 235 236
f 182 236 181
f 181 236 237
f 181 237 238
f 239 171 240
f 240 171 181
f 240 181 241
f 241 181 238
f 242 168 243
f 243 168 171
f 243 171 244
f 244 171 239
f 245 167 246
f 246 167 168
f 246 168 247
f 247 168 242
f 248 165 249
f 249 165 167
f 249 167 250
f 250 167 245
f 251 179 252
f 253 179 166
f 253 166 254
f 248 255 165
f 165 255 256
f 165 256 166
f 166 256 257
f 166 257 254
f 258 177 259
f 259 177 179
f 259 179 260
f 260 179 251
f 261 170 262
f 262 170 176
f 262 176 263
f 258 264 177
f 177 264 265
f 177 266 176
f 176 266 267
f 176 267 263
f 268 162 269
f 269 162 163
f 269 163 270
f 261 271 170
f 170 271 272
f 170 272 163
f 163 272 273
f 163 273 270
f 274 174 275
f 275 174 161
f 275 161 276
f 268 277 162
f 162 277 278
f 162 278 161
f 161 278 279
f 161 279 276
f 280 175 281
f 281 175 174
f 281 174 282
f 282 174 274
f 280 283 175
f 175 283 284
f 175 284 173
f 173 284 285
f 173 285 286
f 287 172 288
f 288 172 173
f 288 173 289
f 290 173 286
f 291 160 292
f 293 160 172
f 293 172 294
f 294 172 287
f 295 155 296
f 297 155 160
f 297 160 298
f 298 160 291
f 299 154 300
f 301 154 155
f 301 155 302
f 303 155 295
f 304 184 305
f 306 184 180
f 306 180 307
f 299 308 154
f 154 308 309
f 154 309 180
f 180 309 310
f 180 310 307
f 311 178 312
f 312 178 185
f 312 185 313
f 304 314 184
f 184 314 315
f 184 315 185
f 185 315 316
f 185 316 313
f 317 169 318
f 318 169 178
f 318 178 319
f 319 178 311
f 320 159 321
f 321 159 169
f 321 169 322
f 322 169 317
f 323 156 324
f 324 156 159
f 324 159 325
f 325 159 320
f 326 157 327
f 327 157 156
f 327 156 328
f 328 156 323
f 326 329 157
f 157 329 330
f 157 330 183
f 183 330 331
f 183 331 234
f 191 332 193
f 193 332 333
f 190 334 191
f 191 334 332
f 334 190 192
f 197 335 192
f 192 335 336
f 192 336 334
f 337 338 195
f 195 338 339
f 195 339 196
f 197 339 340
f 197 340 335
f 337 195 341
f 341 195 194
f 341 194 342
f 189 343 194
f 194 343 344
f 194 344 342
f 345 346 187
f 187 346 347
f 187 347 189
f 189 347 348
f 189 348 343
f 186 349 187
f 187 349 345
f 188 350 186
f 186 350 349
f 193 333 188
f 188 333 350
f 351 352 353
f 353 352 354
f 353 355 356
f 357 355 358
f 357 359 360
f 361 359 362
f 361 362 363
f 363 362 364
f 363 365 366
f 367 365 368
f 367 368 369
f 369 368 370
f 369 370 371
f 371 370 372
f 371 372 373
f 373 372 374
f 375 376 353
f 377 375 378
f 379 375 353
f 379 353 380
f 380 353 381
f 380 381 382
f 383 381 384
f 383 385 386
f 386 385 387
f 386 387 388
f 388 387 389
f 388 389 390
f 391 351 392
f 392 351 353
f 392 353 393
f 393 353 376
f 394 395 396
f 396 397 394
f 394 397 398
f 394 398 399
f 399 398 400
f 401 402 400
f 403 404 401
f 398 405 400
f 400 405 406
f 400 406 401
f 401 406 407
f 401 407 403
f 408 409 410
f 410 411 408
f 408 411 412
f 408 412 413
f 414 415 416
f 416 417 414
f 414 417 418
f 414 418 419
f 420 421 415
f 415 421 422
f 415 422 416
f 412 423 413
f 413 423 424
f 413 424 425
f 425 424 426
f 425 426 427
f 427 426 428
f 427 429 420
f 420 429 430
f 420 430 421
f 431 432 433
f 434 435 431
f 431 436 434
f 434 436 437
f 434 437 438
f 439 440 441
f 441 440 442
f 440 443 442
f 442 443 434
f 442 434 444
f 444 434 438
f 444 438 445
f 446 447 210
f 201 448 449
f 201 449 208
f 208 449 450
f 208 450 209
f 203 451 201
f 201 451 452
f 201 453 448
f 454 455 205
f 205 455 456
f 205 456 203
f 203 456 457
f 203 457 451
f 454 205 458
f 458 205 207
f 458 207 459
f 460 461 206
f 206 461 462
f 206 462 207
f 207 462 463
f 207 464 459
f 460 206 465
f 465 206 204
f 465 204 466
f 467 468 202
f 202 468 469
f 202 469 204
f 204 469 470
f 204 471 466
f 467 202 472
f 472 202 200
f 472 200 473
f 474 475 199
f 199 475 476
f 199 476 200
f 200 476 477
f 200 477 473
f 478 479 198
f 198 479 480
f 198 480 199
f 199 480 481
f 199 481 474
f 478 198 482
f 482 198 211
f 482 211 483
f 212 484 211
f 211 484 485
f 211 485 483
f 486 487 212
f 212 487 488
f 212 488 484
f 486 212 489
f 490 212 213
f 490 213 491
f 447 492 210
f 210 492 493
f 210 493 213
f 213 493 494
f 213 494 491
f 450 495 209
f 209 495 496
f 209 496 210
f 210 496 497
f 210 498 499
f 500 501 216
f 502 224 223
f 214 503 223
f 223 503 504
f 223 504 502
f 217 505 214
f 214 505 506
f 214 506 503
f 507 508 217
f 217 508 509
f 217 509 505
f 219 222 510
f 510 511 219
f 219 511 512
f 219 512 217
f 217 512 513
f 217 514 507
f 515 516 222
f 222 516 517
f 222 517 510
f 515 222 518
f 519 222 220
f 519 221 520
f 520 221 218
f 520 218 521
f 501 522 216
f 216 522 523
f 216 523 218
f 218 523 524
f 218 524 521
f 500 216 525
f 526 216 215
f 526 215 527
f 527 215 528
f 528 215 225
f 528 225 529
f 227 530 225
f 225 530 531
f 225 531 529
f 532 533 229
f 230 533 534
f 230 534 227
f 227 534 535
f 227 535 530
f 532 230 536
f 536 230 231
f 536 231 537
f 228 538 539
f 539 540 228
f 228 540 541
f 228 541 231
f 231 541 542
f 231 542 537
f 226 543 228
f 228 543 544
f 228 544 538
f 545 546 226
f 226 546 547
f 226 547 543
f 502 548 224
f 224 548 549
f 224 549 226
f 226 549 550
f 226 550 545
f 326 327 551
f 552 274 275
f 552 275 553
f 278 554 279
f 279 554 553
f 279 553 276
f 276 553 275
f 551 327 555
f 301 556 557
f 299 556 558
f 299 559 308
f 255 248 560
f 560 248 249
f 560 249 561
f 324 562 323
f 323 562 555
f 323 555 328
f 328 555 327
f 278 277 563
f 554 277 268
f 554 268 564
f 564 268 269
f 564 269 565
f 565 269 270
f 301 303 556
f 556 303 295
f 556 295 566
f 566 295 296
f 566 297 567
f 567 297 298
f 246 568 245
f 245 568 561
f 245 561 250
f 250 561 249
f 298 291 567
f 567 291 292
f 567 293 569
f 255 560 256
f 256 560 570
f 256 570 257
f 257 570 571
f 257 571 254
f 308 559 309
f 309 559 572
f 309 573 310
f 310 573 574
f 310 574 307
f 270 273 565
f 565 273 272
f 565 272 575
f 293 294 569
f 569 294 287
f 569 287 576
f 246 247 568
f 568 247 242
f 568 242 577
f 577 242 243
f 577 243 578
f 578 243 244
f 324 325 562
f 562 325 320
f 562 320 579
f 579 320 321
f 579 321 580
f 580 321 322
f 322 317 580
f 580 317 318
f 580 318 581
f 287 288 576
f 582 288 289
f 582 290 583
f 262 584 261
f 261 584 575
f 261 585 271
f 271 585 272
f 258 259 586
f 586 259 587
f 312 588 311
f 311 588 581
f 311 581 319
f 319 581 318
f 262 589 584
f 584 589 267
f 584 267 590
f 590 267 265
f 590 266 586
f 586 266 264
f 586 264 258
f 244 239 578
f 578 239 240
f 578 240 591
f 591 240 241
f 591 241 592
f 592 241 238
f 307 574 305
f 306 574 593
f 306 593 304
f 304 593 594
f 304 594 314
f 284 595 285
f 285 595 583
f 285 583 286
f 286 583 289
f 259 260 587
f 587 260 251
f 587 251 571
f 571 251 252
f 571 253 254
f 312 313 588
f 588 313 316
f 588 316 594
f 594 316 315
f 594 315 314
f 238 237 592
f 592 237 236
f 592 236 596
f 596 236 235
f 284 283 595
f 595 283 280
f 595 280 597
f 597 280 281
f 597 281 552
f 552 281 282
f 552 282 274
f 235 232 596
f 596 232 233
f 596 233 598
f 233 234 598
f 598 234 331
f 598 331 599
f 599 331 330
f 599 330 551
f 551 330 329
f 551 329 326
f 600 395 394
f 394 601 602
f 603 600 604
f 604 600 394
f 604 394 605
f 605 394 602
f 601 394 402
f 402 399 394
f 402 399 400
f 411 410 606
f 606 410 409
f 606 409 607
f 607 409 608
f 607 608 609
f 610 603 604
f 605 611 604
f 604 611 609
f 604 612 610
f 610 612 608
f 606 332 334
f 606 334 411
f 613 349 614
f 614 349 350
f 614 350 615
f 616 350 617
f 606 618 332
f 332 618 619
f 332 619 333
f 333 619 620
f 333 621 622
f 623 617 624
f 624 617 350
f 624 350 625
f 625 350 333
f 625 333 626
f 627 333 622
f 424 337 426
f 426 337 341
f 426 341 428
f 429 341 342
f 429 342 430
f 430 342 344
f 430 344 421
f 421 344 343
f 421 343 422
f 422 343 348
f 422 348 416
f 416 348 347
f 416 347 628
f 417 347 629
f 417 346 630
f 613 346 345
f 613 345 349
f 334 336 411
f 411 336 335
f 411 335 412
f 412 335 340
f 412 340 423
f 423 340 339
f 423 339 424
f 424 339 338
f 424 338 337
f 631 632 633
f 417 613 418
f 418 613 634
f 418 634 419
f 631 633 635
f 633 636 635
f 637 636 638
f 637 639 634
f 634 639 640
f 634 640 419
f 636 633 641
f 641 633 443
f 641 443 439
f 439 443 642
f 435 434 643
f 643 434 443
f 643 443 644
f 644 443 633
f 644 633 632
f 645 646 647
f 648 453 451
f 649 515 650
f 650 515 518
f 650 519 651
f 651 519 520
f 651 520 521
f 451 457 651
f 651 457 456
f 651 456 652
f 653 649 654
f 654 649 650
f 654 650 647
f 647 650 655
f 647 655 645
f 521 524 651
f 651 524 523
f 651 523 451
f 456 455 652
f 652 455 454
f 652 454 656
f 523 522 451
f 451 522 501
f 451 501 657
f 657 501 658
f 658 501 500
f 658 500 659
f 660 661 459
f 459 661 656
f 459 656 458
f 458 656 454
f 662 648 663
f 663 648 451
f 663 451 664
f 664 451 657
f 665 666 667
f 667 666 668
f 667 668 669
f 669 668 670
f 669 661 671
f 671 661 660
f 672 373 374
f 672 673 373
f 373 673 674
f 373 674 371
f 674 675 371
f 371 675 676
f 371 676 369
f 676 677 369
f 369 677 678
f 369 678 366
f 678 679 366
f 367 679 680
f 367 680 363
f 681 361 682
f 682 361 363
f 682 363 683
f 684 363 680
f 681 685 360
f 361 685 686
f 361 686 356
f 357 686 687
f 357 687 353
f 353 687 688
f 353 688 381
f 688 689 381
f 381 689 690
f 381 690 384
f 690 691 384
f 385 691 692
f 385 692 387
f 692 693 387
f 387 693 694
f 387 694 389
f 695 390 696
f 696 390 389
f 696 389 697
f 697 389 694
f 695 698 390
f 390 698 699
f 390 699 388
f 699 700 388
f 388 700 701
f 388 701 386
f 701 702 386
f 386 702 703
f 386 703 382
f 383 703 704
f 383 705 380
f 380 705 706
f 380 707 378
f 707 708 378
f 379 708 709
f 379 709 377
f 710 375 711
f 711 375 377
f 711 377 712
f 712 377 709
f 710 713 375
f 375 713 714
f 375 714 376
f 714 715 376
f 376 715 716
f 376 716 393
f 716 717 393
f 393 717 718
f 393 718 392
f 718 719 392
f 392 719 720
f 392 720 721
f 722 723 354
f 355 723 358
f 720 724 721
f 391 724 725
f 391 725 351
f 351 725 726
f 351 726 352
f 352 726 727
f 352 727 354
f 355 727 728
f 355 728 722
f 723 729 358
f 359 729 730
f 359 730 362
f 730 731 362
f 362 731 732
f 362 732 364
f 732 733 364
f 365 733 734
f 365 734 368
f 734 735 368
f 368 735 736
f 368 736 370
f 736 737 370
f 370 737 738
f 370 738 372
f 738 739 372
f 372 739 740
f 372 740 374
f 374 740 741
f 374 741 672
f 742 743 408
f 441 744 745
f 636 641 638
f 639 641 439
f 439 441 638
f 639 441 745
f 639 745 640
f 640 745 746
f 408 743 409
f 409 743 747
f 409 747 608
f 405 398 748
f 749 398 397
f 749 397 750
f 750 397 396
f 750 396 747
f 747 396 395
f 747 395 608
f 608 395 600
f 608 600 610
f 610 600 603
f 444 445 751
f 744 441 751
f 751 441 442
f 751 442 444
f 742 408 752
f 752 408 413
f 752 413 753
f 753 413 425
f 753 425 754
f 754 425 755
f 755 425 427
f 755 427 756
f 756 427 420
f 756 420 757
f 757 420 758
f 759 420 415
f 759 415 760
f 760 415 414
f 760 414 746
f 746 414 419
f 746 761 640
f 500 526 659
f 659 526 527
f 659 527 528
f 530 762 531
f 531 762 529
f 530 535 762
f 762 535 534
f 762 534 763
f 533 532 762
f 762 532 536
f 762 536 537
f 540 764 541
f 541 764 762
f 541 762 542
f 542 762 537
f 765 487 486
f 446 498 648
f 486 490 765
f 765 490 491
f 765 491 494
f 494 493 765
f 765 493 766
f 765 492 767
f 498 496 648
f 648 496 768
f 648 495 450
f 450 449 648
f 648 449 448
f 648 448 452
f 480 769 481
f 481 769 474
f 480 479 770
f 769 479 478
f 769 478 771
f 771 478 482
f 771 482 483
f 483 485 771
f 771 485 484
f 771 484 765
f 765 484 488
f 765 488 487
f 459 464 660
f 660 464 462
f 660 462 461
f 461 460 660
f 660 460 465
f 660 465 466
f 471 469 772
f 772 469 468
f 468 467 772
f 772 467 472
f 772 472 473
f 773 477 772
f 772 477 476
f 772 476 770
f 769 476 475
f 769 475 474
f 548 502 774
f 502 504 774
f 774 504 503
f 774 503 506
f 507 514 649
f 506 505 774
f 774 505 509
f 774 509 508
f 514 512 649
f 649 512 511
f 649 511 510
f 510 517 649
f 649 517 516
f 649 516 515
f 540 539 764
f 764 539 538
f 764 538 775
f 775 538 544
f 544 543 775
f 775 543 547
f 775 547 546
f 546 545 775
f 775 545 550
f 775 550 774
f 774 550 549
f 774 549 548
f 508 507 774
f 774 507 649
f 774 649 776
f 776 649 777
f 776 653 778
f 778 653 654
f 778 654 779
f 779 654 647
f 528 529 659
f 659 529 762
f 659 762 658
f 658 762 780
f 658 780 657
f 657 780 781
f 657 781 664
f 664 781 782
f 447 446 765
f 765 446 648
f 765 648 783
f 783 648 784
f 783 662 782
f 782 662 663
f 782 663 664
f 785 667 786
f 786 667 669
f 786 669 787
f 788 669 671
f 788 671 772
f 772 671 660
f 772 660 470
f 471 660 466
f 789 790 791
f 792 793 794
f 795 646 577
f 577 646 568
f 796 797 578
f 578 797 798
f 578 798 577
f 577 798 799
f 577 799 795
f 796 578 800
f 800 578 591
f 800 591 801
f 592 802 803
f 804 801 805
f 805 801 591
f 805 591 806
f 806 591 592
f 806 592 807
f 807 592 803
f 807 803 808
f 802 592 809
f 809 592 596
f 809 596 810
f 811 812 563
f 554 812 553
f 811 554 813
f 813 554 814
f 813 814 815
f 565 816 564
f 564 816 817
f 817 792 564
f 564 792 794
f 564 794 563
f 554 794 818
f 554 818 814
f 666 665 575
f 665 789 575
f 585 789 791
f 585 791 565
f 565 791 819
f 565 819 816
f 816 819 820
f 646 645 568
f 568 645 655
f 568 655 561
f 561 655 650
f 561 650 560
f 560 650 651
f 560 651 570
f 570 651 652
f 570 652 571
f 571 652 656
f 571 656 587
f 587 656 670
f 587 661 586
f 586 661 668
f 586 668 590
f 590 668 666
f 590 666 584
f 584 666 575
f 812 821 553
f 553 821 822
f 553 823 552
f 823 824 552
f 552 824 825
f 552 825 597
f 825 826 597
f 597 826 827
f 597 827 595
f 827 828 595
f 595 828 829
f 595 829 583
f 829 830 583
f 583 830 831
f 583 831 576
f 831 832 576
f 582 832 833
f 582 833 569
f 833 834 569
f 569 834 835
f 569 835 567
f 835 836 567
f 567 836 837
f 567 837 566
f 837 838 566
f 566 838 839
f 566 839 556
f 839 840 556
f 556 840 841
f 556 841 558
f 841 842 558
f 559 842 843
f 559 843 572
f 573 843 844
f 573 845 574
f 574 845 846
f 574 846 593
f 846 847 593
f 593 847 848
f 593 848 594
f 848 849 594
f 594 849 850
f 594 850 588
f 850 851 588
f 588 851 852
f 588 852 581
f 852 853 581
f 581 853 854
f 581 854 580
f 854 855 580
f 580 855 856
f 580 856 579
f 856 857 579
f 579 857 858
f 579 858 562
f 858 859 562
f 562 859 860
f 562 860 555
f 860 861 555
f 555 861 862
f 555 862 551
f 862 863 551
f 551 863 864
f 551 864 599
f 864 865 599
f 599 865 866
f 599 866 598
f 866 867 598
f 598 867 868
f 598 868 596
f 596 868 869
f 596 869 810
f 870 871 872
f 785 871 873
f 873 811 872
f 785 811 813
f 785 813 815
f 815 814 872
f 785 814 818
f 785 818 794
f 794 793 872
f 785 793 874
f 785 792 817
f 817 816 872
f 785 816 820
f 785 820 819
f 819 791 872
f 785 791 790
f 785 790 667
f 667 790 789
f 667 789 665
f 401 404 875
f 876 432 431
f 632 631 644
f 644 631 876
f 644 876 643
f 643 876 431
f 643 431 435
f 402 401 601
f 601 401 875
f 601 875 602
f 618 606 607
f 605 602 611
f 611 602 875
f 611 875 609
f 612 875 877
f 612 878 607
f 607 878 879
f 607 879 618
f 631 637 876
f 876 637 634
f 876 634 880
f 881 627 882
f 883 627 622
f 883 622 884
f 884 622 620
f 884 621 879
f 879 621 619
f 879 619 618
f 634 613 880
f 880 613 614
f 880 614 885
f 885 614 615
f 885 616 886
f 616 617 886
f 886 617 623
f 886 623 887
f 887 623 624
f 887 624 881
f 881 624 625
f 881 625 626
f 888 889 779
f 807 808 779
f 779 808 803
f 888 779 890
f 803 802 779
f 779 802 809
f 779 809 890
f 801 804 779
f 804 805 779
f 779 805 806
f 779 806 807
f 797 796 779
f 779 796 800
f 779 800 801
f 647 646 779
f 779 646 795
f 795 799 779
f 779 799 798
f 779 798 891
f 892 893 894
f 895 896 897
f 892 894 898
f 898 894 899
f 898 899 900
f 900 901 902
f 903 892 904
f 904 892 898
f 904 898 905
f 905 898 906
f 895 897 907
f 907 897 908
f 907 908 909
f 900 902 898
f 898 902 910
f 898 910 911
f 911 910 907
f 911 907 912
f 912 907 909
f 912 909 913
f 914 895 915
f 915 895 907
f 915 907 916
f 916 907 917
f 918 919 920
f 921 922 923
f 924 925 926
f 926 925 923
f 926 923 927
f 928 929 930
f 930 929 921
f 925 931 923
f 923 931 932
f 923 932 921
f 921 932 933
f 921 933 930
f 934 920 923
f 923 920 935
f 923 935 927
f 936 937 938
f 938 937 920
f 938 920 939
f 939 920 934
f 940 941 942
f 942 941 943
f 937 944 920
f 920 944 942
f 920 942 918
f 918 942 943
f 918 943 945
f 946 947 948
f 949 950 951
f 952 953 948
f 948 953 954
f 948 954 955
f 956 957 946
f 958 959 951
f 951 959 956
f 956 946 951
f 951 946 948
f 951 948 949
f 949 948 955
f 949 955 960
f 961 962 963
f 952 948 964
f 965 948 966
f 965 966 967
f 967 961 964
f 965 961 963
f 965 963 968
f 968 963 969
f 968 969 970
f 971 969 972
f 971 972 973
f 973 972 974
f 973 974 975
f 976 977 978
f 979 980 981
f 981 980 982
f 981 982 976
f 976 978 981
f 981 978 983
f 981 983 984
f 985 981 986
f 986 981 984
f 986 984 987
f 987 984 988
f 989 990 981
f 981 990 991
f 981 991 979
f 992 993 994
f 995 996 992
f 990 997 991
f 991 997 998
f 991 998 995
f 995 992 991
f 991 992 994
f 991 994 999
f 999 994 1000
f 999 1000 1001
f 1001 1000 1002
f 1001 1002 1003
f 1004 1005 1006
f 1007 727 1008
f 1008 727 726
f 1008 726 1009
f 1009 726 725
f 720 1010 724
f 724 1010 1011
f 724 1011 725
f 725 1011 1012
f 725 1012 1009
f 718 1013 719
f 719 1013 1014
f 719 1014 720
f 720 1014 1015
f 720 1015 1016
f 717 1017 718
f 718 1017 1018
f 718 1019 1013
f 715 1020 716
f 716 1020 1021
f 716 1021 717
f 717 1021 1022
f 717 1022 1017
f 713 1023 714
f 714 1023 1024
f 714 1024 1025
f 715 1024 1026
f 715 1026 1020
f 1027 1028 711
f 711 1028 1029
f 711 1029 710
f 710 1029 1030
f 710 1031 713
f 713 1031 1032
f 713 1032 1023
f 1027 711 1033
f 1033 711 712
f 1033 712 1034
f 1034 712 709
f 1034 709 1035
f 1035 709 1036
f 1036 709 1037
f 1036 708 1038
f 1039 708 706
f 1039 707 1040
f 1040 707 1041
f 1041 707 704
f 1041 705 1042
f 1042 705 703
f 1042 703 1043
f 1043 703 1044
f 1045 703 702
f 1045 702 1046
f 1046 702 1047
f 1047 702 701
f 1047 701 1048
f 1049 701 700
f 1049 700 1050
f 1051 700 1052
f 1053 700 699
f 1053 699 1054
f 1054 699 698
f 1054 698 1055
f 1055 698 1056
f 1057 698 1058
f 1057 695 1059
f 1059 695 696
f 1059 696 1060
f 693 692 1061
f 1061 1062 693
f 693 1062 1063
f 693 1063 694
f 694 1063 1004
f 694 1004 697
f 697 1004 1006
f 697 1006 696
f 696 1006 1064
f 696 1064 1060
f 691 690 1065
f 1065 1066 691
f 691 1066 1067
f 691 1067 692
f 692 1067 1068
f 692 1068 1061
f 688 1069 689
f 689 1069 1070
f 689 1070 690
f 690 1070 1071
f 690 1071 1065
f 687 1072 688
f 688 1072 1073
f 688 1073 1069
f 1074 1075 685
f 685 1075 1076
f 685 1077 686
f 686 1077 1078
f 686 1078 687
f 687 1078 1079
f 687 1079 1072
f 1074 685 1080
f 1080 685 681
f 1080 681 1081
f 1081 681 682
f 1081 682 1082
f 680 1083 683
f 684 1083 1084
f 684 1084 682
f 682 1084 1085
f 682 1085 1082
f 678 1086 679
f 679 1086 1087
f 679 1087 680
f 680 1087 1088
f 680 1088 1083
f 677 1089 678
f 678 1089 1090
f 678 1090 1086
f 675 1091 676
f 676 1091 1092
f 676 1092 677
f 677 1092 1093
f 677 1093 1089
f 673 1094 674
f 674 1094 1095
f 674 1095 675
f 675 1095 1096
f 675 1096 1091
f 1097 1098 741
f 741 1098 1099
f 741 1099 672
f 672 1099 1100
f 672 1100 673
f 673 1100 1101
f 673 1101 1102
f 1097 741 1103
f 1103 741 740
f 1103 740 1104
f 1104 740 1105
f 1105 740 739
f 1105 739 1106
f 1106 739 738
f 1106 738 1107
f 736 1108 737
f 737 1108 1109
f 737 1110 738
f 738 1110 1111
f 738 1111 1107
f 734 1112 735
f 735 1112 1113
f 735 1113 736
f 736 1113 1114
f 736 1114 1108
f 732 1115 733
f 733 1115 1116
f 733 1116 734
f 734 1116 1117
f 734 1117 1112
f 731 1118 732
f 732 1118 1119
f 732 1119 1115
f 729 1120 730
f 730 1120 1121
f 730 1122 1123
f 731 1122 1124
f 731 1125 1126
f 722 1127 723
f 723 1127 1128
f 723 1128 729
f 729 1128 1129
f 729 1130 1120
f 1007 1131 727
f 727 1131 1132
f 727 1132 728
f 728 1132 1133
f 728 1133 722
f 722 1133 1134
f 722 1134 1135
f 1136 1084 1083
f 1111 1110 1137
f 1112 1138 1139
f 1041 1042 1140
f 1083 1088 1136
f 1136 1088 1087
f 1136 1087 1141
f 1087 1086 1141
f 1141 1086 1090
f 1141 1090 1142
f 1142 1090 1089
f 1142 1089 1143
f 1008 1009 1144
f 1144 1009 1012
f 1144 1012 1011
f 1011 1010 1144
f 1144 1010 1015
f 1144 1015 1145
f 1145 1015 1014
f 1145 1014 1146
f 1041 1140 1040
f 1042 1043 1140
f 1140 1043 1044
f 1140 1045 1046
f 1110 1108 1137
f 1137 1108 1114
f 1137 1114 1147
f 1147 1114 1113
f 1147 1113 1148
f 1148 1113 1149
f 1139 1150 1112
f 1112 1150 1151
f 1112 1151 1113
f 1113 1151 1152
f 1113 1152 1149
f 1046 1047 1140
f 1140 1047 1048
f 1140 1049 1050
f 1089 1093 1143
f 1143 1093 1092
f 1143 1092 1091
f 1014 1013 1146
f 1146 1013 1018
f 1146 1019 1153
f 1153 1019 1017
f 1153 1017 1154
f 1155 1035 1156
f 1157 1035 1036
f 1157 1036 1140
f 1140 1036 1038
f 1140 1039 1040
f 1158 1116 1159
f 1159 1116 1115
f 1159 1115 1160
f 1138 1112 1161
f 1161 1112 1117
f 1161 1117 1162
f 1162 1117 1116
f 1162 1116 1163
f 1163 1116 1158
f 1163 1158 1164
f 1115 1119 1160
f 1160 1119 1126
f 1160 1118 1124
f 1057 1059 1165
f 1165 1059 1060
f 1091 1096 1143
f 1143 1096 1095
f 1143 1095 1166
f 1166 1095 1102
f 1166 1094 1101
f 1017 1022 1154
f 1154 1022 1021
f 1154 1021 1167
f 1167 1021 1020
f 1167 1020 1168
f 1051 1053 1140
f 1140 1053 1054
f 1140 1054 1165
f 1165 1054 1055
f 1165 1055 1056
f 1125 1122 1160
f 1160 1122 1120
f 1160 1120 1129
f 1133 1132 1144
f 1060 1064 1165
f 1165 1064 1006
f 1165 1006 1005
f 1020 1026 1168
f 1168 1026 1024
f 1168 1024 1169
f 1169 1024 1023
f 1169 1023 1170
f 1130 1128 1160
f 1160 1128 1135
f 1160 1127 1144
f 1144 1127 1134
f 1144 1134 1133
f 1132 1131 1144
f 1144 1131 1007
f 1144 1007 1008
f 1171 1027 1172
f 1173 1027 1033
f 1173 1033 1155
f 1155 1033 1034
f 1155 1034 1035
f 1174 1097 1175
f 1175 1097 1103
f 1175 1103 1104
f 1104 1105 1175
f 1175 1105 1106
f 1175 1106 1137
f 1137 1106 1107
f 1137 1107 1111
f 1023 1032 1170
f 1170 1032 1030
f 1170 1031 1176
f 1176 1031 1029
f 1176 1029 1171
f 1171 1029 1177
f 1171 1028 1027
f 1101 1100 1166
f 1166 1100 1099
f 1166 1099 1174
f 1174 1099 1098
f 1174 1098 1097
f 750 747 1178
f 756 757 758
f 745 744 1179
f 1180 1181 755
f 743 742 752
f 437 1179 438
f 438 1179 744
f 438 744 445
f 445 744 751
f 1178 747 1182
f 746 745 760
f 760 745 1179
f 760 1179 758
f 759 1179 1180
f 759 1180 756
f 756 1180 755
f 747 743 1182
f 1183 743 752
f 1183 752 1181
f 1181 752 753
f 1181 753 755
f 755 753 754
f 405 749 406
f 406 749 750
f 406 750 407
f 407 750 1178
f 1184 870 1185
f 1185 870 872
f 1186 778 1187
f 1187 778 779
f 1187 779 1188
f 1189 774 1190
f 1190 774 776
f 1190 776 1191
f 1186 1192 778
f 778 1192 1193
f 778 1193 776
f 776 1193 1194
f 776 1194 1191
f 1195 764 1196
f 1196 764 775
f 1196 775 1197
f 1189 1198 774
f 774 1198 1199
f 774 1199 775
f 775 1199 1200
f 775 1200 1197
f 1201 780 1202
f 1202 780 762
f 1202 762 1203
f 1195 1204 764
f 764 1204 1205
f 764 1205 762
f 762 1205 1206
f 762 1206 1203
f 1201 1207 780
f 780 1207 1208
f 780 1208 781
f 781 1208 1209
f 781 1209 1210
f 1210 1211 781
f 781 1211 1212
f 781 1212 782
f 782 1212 1213
f 782 1213 1214
f 1215 783 1216
f 1216 783 782
f 1216 782 1217
f 1217 782 1214
f 1218 765 1219
f 1219 765 783
f 1219 783 1220
f 1220 783 1221
f 1222 771 1223
f 1223 771 765
f 1223 765 1224
f 1224 765 1218
f 1225 769 1226
f 1227 769 771
f 1227 771 1228
f 1228 771 1229
f 1230 772 1231
f 1231 772 770
f 1231 769 1232
f 1232 769 1225
f 1233 788 1234
f 1234 788 772
f 1234 772 1235
f 1235 772 1230
f 1185 785 1236
f 1237 785 786
f 1237 786 1238
f 1238 786 787
f 1238 788 1239
f 1239 788 1233
f 1188 779 1240
f 1241 779 889
f 1242 1241 889
f 867 1243 868
f 868 1243 1244
f 868 1244 869
f 866 1245 867
f 867 1245 1246
f 867 1246 1243
f 865 1247 866
f 866 1247 1248
f 866 1248 1245
f 863 1249 864
f 864 1249 1250
f 864 1250 865
f 865 1250 1251
f 865 1251 1247
f 861 1252 862
f 862 1252 1253
f 862 1253 863
f 863 1253 1254
f 863 1254 1249
f 859 1255 860
f 860 1255 1256
f 860 1256 861
f 861 1256 1257
f 861 1257 1252
f 857 1258 858
f 858 1258 1259
f 858 1259 859
f 859 1259 1260
f 859 1260 1255
f 855 1261 856
f 856 1261 1262
f 856 1262 857
f 857 1262 1263
f 857 1263 1258
f 854 1264 855
f 855 1264 1265
f 855 1265 1261
f 852 1266 853
f 853 1266 1267
f 853 1267 854
f 854 1267 1268
f 854 1268 1264
f 851 404 852
f 852 404 1269
f 852 1269 1266
f 839 432 840
f 840 432 876
f 840 876 841
f 841 876 880
f 841 880 842
f 842 880 885
f 842 885 843
f 843 885 886
f 843 886 844
f 845 886 887
f 845 887 846
f 846 887 881
f 846 881 847
f 847 881 882
f 847 883 848
f 848 883 884
f 848 884 849
f 849 884 879
f 849 879 850
f 850 879 877
f 850 878 851
f 851 878 875
f 851 875 404
f 837 1270 838
f 838 1270 1271
f 838 1271 839
f 839 1271 1272
f 839 1272 432
f 835 1273 836
f 836 1273 1274
f 836 1275 837
f 837 1275 1276
f 837 1277 1270
f 833 1278 834
f 834 1278 1279
f 834 1279 835
f 835 1279 1280
f 835 1281 1273
f 832 1282 833
f 833 1282 1283
f 833 1283 1278
f 830 1284 831
f 831 1284 1285
f 831 1285 832
f 832 1285 1286
f 832 1286 1282
f 828 1287 829
f 829 1287 1288
f 829 1288 830
f 830 1288 1289
f 830 1289 1284
f 826 1290 827
f 827 1290 1291
f 827 1291 828
f 828 1291 1292
f 828 1292 1287
f 1293 1294 824
f 824 1294 1295
f 824 1295 825
f 825 1295 1296
f 825 1296 826
f 826 1296 1297
f 826 1297 1290
f 871 870 1298
f 1293 824 1299
f 1299 824 822
f 1299 823 1300
f 1300 823 1298
f 1300 821 1301
f 1301 821 870
f 1301 870 1302
f 821 812 871
f 871 812 811
f 871 811 873
f 1244 1242 869
f 869 1242 889
f 869 889 810
f 810 889 888
f 810 888 809
f 809 888 890
f 1303 917 907
f 1303 907 1304
f 1304 907 910
f 1304 910 1305
f 1305 910 902
f 1305 902 1306
f 1306 902 901
f 1306 901 1307
f 1307 901 900
f 1307 900 1308
f 1308 900 899
f 1308 899 1309
f 1309 899 1310
f 1310 899 894
f 1310 894 1311
f 1311 894 893
f 1311 893 1312
f 1312 893 892
f 1312 892 1313
f 1313 892 903
f 1313 903 1314
f 1314 903 904
f 1314 904 1315
f 1315 904 905
f 1315 905 1316
f 905 906 1316
f 1316 906 898
f 1316 898 1317
f 1317 898 911
f 1317 911 1318
f 1318 911 912
f 1318 912 1319
f 1319 912 913
f 1319 913 1320
f 1320 913 909
f 1320 909 1321
f 1321 909 908
f 917 1303 916
f 916 1303 1322
f 916 1322 915
f 915 1322 1323
f 915 1323 914
f 914 1323 1324
f 914 1324 895
f 895 1324 1325
f 895 1325 896
f 896 1325 1326
f 896 1326 897
f 897 1326 1327
f 897 1327 908
f 908 1327 1328
f 908 1328 1321
f 940 1329 1330
f 941 1329 1331
f 941 1331 943
f 943 1331 1332
f 943 1332 945
f 945 1332 1333
f 945 1333 918
f 918 1333 1334
f 918 1334 919
f 919 1334 1335
f 919 1335 920
f 920 1335 1336
f 920 1336 935
f 935 1336 1337
f 935 1337 927
f 927 1337 1338
f 927 1338 926
f 926 1338 1339
f 926 1339 924
f 924 1339 1340
f 924 1340 925
f 925 1340 1341
f 925 1341 931
f 931 1341 1342
f 931 1342 932
f 932 1342 1343
f 932 1343 933
f 933 1343 1344
f 933 1344 930
f 930 1344 1345
f 930 1345 928
f 928 1345 1346
f 928 1346 929
f 929 1346 1347
f 929 1347 921
f 921 1347 1348
f 921 1348 1349
f 922 1348 1350
f 922 1350 923
f 923 1350 1351
f 923 1351 934
f 934 1351 1352
f 934 1352 939
f 939 1352 1353
f 939 1353 938
f 938 1353 1354
f 938 1354 936
f 936 1354 1355
f 936 1355 937
f 937 1355 1356
f 937 1356 944
f 944 1356 1357
f 944 1357 942
f 942 1357 1358
f 942 1358 940
f 940 1358 1329
f 1359 1360 955
f 955 1360 1361
f 955 1361 960
f 1362 1361 1363
f 1362 1363 949
f 949 1363 1364
f 949 1364 950
f 950 1364 1365
f 950 1365 951
f 951 1365 1366
f 951 1366 958
f 958 1366 1367
f 958 1367 959
f 959 1367 1368
f 959 1368 956
f 956 1368 1369
f 956 1369 957
f 957 1369 1370
f 957 1370 946
f 946 1370 1371
f 946 1371 947
f 947 1371 1372
f 947 1372 948
f 948 1372 1373
f 948 1373 966
f 966 1373 1374
f 966 1374 967
f 967 1374 1375
f 967 1375 961
f 961 1375 1376
f 961 1376 962
f 962 1376 1377
f 962 1377 963
f 963 1377 1378
f 963 1378 969
f 969 1378 1379
f 969 1379 972
f 972 1379 1380
f 972 1380 974
f 974 1380 1381
f 974 1381 975
f 975 1381 1382
f 975 1382 973
f 973 1382 1383
f 973 1383 970
f 971 1383 1384
f 971 1384 968
f 968 1384 1385
f 968 1385 964
f 965 1385 1386
f 965 1386 1387
f 952 1386 1388
f 952 1389 953
f 953 1389 1359
f 953 1359 954
f 954 1359 955
f 1390 1391 995
f 995 1391 1392
f 995 1392 1393
f 996 1392 1394
f 996 1394 992
f 992 1394 1395
f 992 1395 993
f 993 1395 1396
f 993 1396 994
f 994 1396 1397
f 994 1397 1000
f 1000 1397 1398
f 1000 1398 1002
f 1002 1398 1399
f 1002 1399 1003
f 1003 1399 1400
f 1003 1400 1001
f 1001 1400 1401
f 1001 1401 999
f 999 1401 1402
f 999 1402 991
f 991 1402 1403
f 991 1403 979
f 979 1403 1404
f 979 1404 980
f 980 1404 1405
f 980 1405 982
f 982 1405 1406
f 982 1406 976
f 976 1406 1407
f 976 1407 977
f 977 1407 1408
f 977 1408 978
f 978 1408 1409
f 978 1409 983
f 983 1409 1410
f 983 1410 984
f 984 1410 1411
f 984 1411 988
f 988 1411 1412
f 988 1412 987
f 987 1412 1413
f 987 1413 986
f 986 1413 1414
f 986 1414 1415
f 985 1414 1416
f 985 1416 981
f 981 1416 1417
f 981 1417 1418
f 989 1417 1419
f 989 1419 1420
f 990 1419 1421
f 990 1422 997
f 997 1422 1390
f 997 1390 998
f 998 1390 995
f 1423 1157 1424
f 1424 1157 1140
f 1425 1155 1426
f 1426 1155 1156
f 1426 1157 1427
f 1427 1157 1423
f 1428 1173 1429
f 1429 1173 1155
f 1429 1155 1430
f 1430 1155 1425
f 1431 1171 1432
f 1432 1171 1172
f 1432 1173 1433
f 1433 1173 1428
f 1434 1176 1435
f 1435 1176 1171
f 1435 1171 1436
f 1436 1171 1431
f 1437 1169 1438
f 1439 1169 1170
f 1439 1170 1440
f 1434 1441 1176
f 1176 1441 1442
f 1176 1442 1170
f 1170 1442 1443
f 1170 1444 1440
f 1445 1167 1446
f 1446 1167 1168
f 1446 1168 1447
f 1437 1448 1169
f 1169 1448 1449
f 1169 1450 1168
f 1168 1450 1451
f 1168 1451 1447
f 1452 1154 1453
f 1453 1154 1167
f 1453 1167 1454
f 1455 1167 1456
f 1457 1153 1458
f 1458 1153 1154
f 1458 1154 1459
f 1459 1154 1452
f 1460 1146 1461
f 1461 1146 1153
f 1461 1153 1462
f 1462 1153 1457
f 1463 1144 1464
f 1464 1144 1145
f 1464 1145 1465
f 1465 1145 1146
f 1465 1146 1466
f 1467 1146 1460
f 1140 1165 1424
f 1424 1165 1468
f 1074 1080 1468
f 1136 1469 1084
f 1084 1469 1470
f 1084 1470 1085
f 1085 1470 1468
f 1085 1471 1082
f 1082 1471 1080
f 1082 1080 1081
f 1063 1062 1061
f 1078 1077 1075
f 1165 1005 1468
f 1471 1005 1004
f 1471 1004 1063
f 1471 1069 1073
f 1063 1061 1468
f 1471 1061 1068
f 1471 1068 1067
f 1075 1074 1078
f 1078 1074 1468
f 1078 1471 1079
f 1079 1471 1073
f 1079 1073 1072
f 1070 1069 1071
f 1071 1069 1468
f 1071 1471 1065
f 1065 1471 1067
f 1065 1067 1066
f 1470 1469 1472
f 1472 1469 1473
f 1474 1475 1473
f 1473 1475 1476
f 1473 1476 1472
f 1469 1136 1473
f 1473 1136 1141
f 1473 1141 1474
f 1474 1141 1142
f 1474 1142 1143
f 1474 1143 1166
f 1477 1478 1174
f 1174 1478 1479
f 1174 1479 1166
f 1166 1479 1480
f 1166 1480 1474
f 1474 1480 1481
f 1474 1481 1475
f 1482 1483 1484
f 1484 1483 1485
f 1484 1485 1486
f 1477 1174 1487
f 1487 1174 1175
f 1487 1175 1486
f 1486 1175 1137
f 1486 1137 1484
f 1488 1484 1137
f 1489 1490 1491
f 1152 1151 1491
f 1492 1493 1494
f 1492 1494 1495
f 1495 1496 1163
f 1163 1164 1495
f 1495 1164 1158
f 1495 1158 1492
f 1492 1158 1159
f 1492 1159 1160
f 1151 1150 1491
f 1491 1150 1497
f 1491 1497 1489
f 1490 1498 1491
f 1491 1498 1499
f 1491 1499 1152
f 1500 1501 1496
f 1494 1502 1495
f 1495 1502 1503
f 1495 1503 1496
f 1496 1503 1504
f 1496 1504 1500
f 1137 1147 1488
f 1488 1147 1148
f 1488 1148 1499
f 1499 1148 1149
f 1499 1149 1152
f 1150 1139 1497
f 1497 1139 1138
f 1497 1138 1501
f 1501 1138 1161
f 1501 1161 1496
f 1496 1161 1162
f 1496 1162 1163
f 1482 1484 1505
f 1505 1484 1488
f 1505 1488 1506
f 1506 1488 1499
f 1506 1499 1507
f 1507 1499 1498
f 1500 1508 1501
f 1501 1508 1509
f 1501 1509 1497
f 1497 1509 1510
f 1497 1510 1489
f 1160 1144 1492
f 1492 1144 1463
f 1492 1463 1493
f 1511 1512 1513
f 1513 1512 1514
f 1178 1515 407
f 407 1515 1516
f 407 1516 1517
f 1517 1516 1518
f 1517 1518 1519
f 1519 1518 1520
f 1519 1520 1521
f 1521 1520 1522
f 1521 1522 1523
f 1523 1522 1514
f 1523 1514 1524
f 1524 1514 1512
f 1524 1512 1525
f 1526 1527 1182
f 1183 1527 1528
f 1183 1529 1178
f 1178 1529 1530
f 1178 1530 1515
f 1526 1183 1531
f 1532 1183 1181
f 1532 1181 1533
f 1534 1181 1535
f 1535 1181 1180
f 1534 1536 1181
f 1181 1536 1537
f 1181 1537 1533
f 1538 1539 1179
f 1179 1539 1540
f 1179 1540 1180
f 1180 1540 1541
f 1180 1541 1535
f 1542 1543 1544
f 1538 1179 1544
f 1545 1179 437
f 1545 437 1542
f 1542 437 1546
f 1542 1546 1547
f 1548 1549 1550
f 1511 1551 1512
f 1512 1551 1552
f 1512 1552 1525
f 1551 1553 1552
f 1552 1553 1548
f 1552 1548 1554
f 1554 1548 1550
f 1554 1550 1555
f 1556 1513 1557
f 1557 1513 1514
f 1557 1514 1558
f 1558 1514 1522
f 1559 1560 1561
f 1561 1560 1549
f 1561 1549 1548
f 1556 1562 1561
f 1548 1553 1561
f 1561 1553 1551
f 1561 1551 1556
f 1556 1551 1511
f 1556 1511 1513
f 1563 1564 1565
f 1565 1543 1542
f 1566 1563 1567
f 1567 1563 1565
f 1567 1565 1568
f 1568 1565 1542
f 1568 1542 1547
f 403 407 1517
f 1569 1570 1202
f 1202 1570 1571
f 1202 1572 1201
f 1204 1573 1205
f 1205 1573 1570
f 1205 1570 1206
f 1206 1570 1203
f 1235 1574 1234
f 1234 1574 1575
f 1234 1575 1233
f 1197 1576 1196
f 1196 1576 1573
f 1196 1573 1195
f 1195 1573 1204
f 1235 1230 1577
f 1574 1230 1231
f 1574 1231 1578
f 1578 1231 1232
f 1210 1209 1579
f 1579 1209 1208
f 1579 1208 1571
f 1572 1208 1207
f 1572 1207 1201
f 1198 1580 1199
f 1199 1580 1576
f 1199 1576 1200
f 1200 1576 1197
f 1275 1581 1276
f 1277 1581 1582
f 1277 1582 1270
f 1191 1583 1190
f 1190 1583 1580
f 1190 1580 1189
f 1189 1580 1198
f 1191 1194 1583
f 1583 1194 1193
f 1583 1193 1584
f 437 436 1546
f 1546 436 1568
f 1546 1568 1547
f 1270 1582 1271
f 1271 1582 1566
f 1271 1566 1272
f 1279 1585 1280
f 1281 1585 1581
f 1281 1581 1273
f 1273 1581 1274
f 1232 1225 1578
f 1578 1225 1226
f 1578 1227 1586
f 1586 1227 1228
f 1228 1222 1586
f 1586 1222 1223
f 1586 1223 1587
f 1588 1223 1224
f 436 432 1568
f 1568 432 1272
f 1568 1272 1567
f 1567 1272 1566
f 1282 1589 1283
f 1283 1589 1590
f 1283 1585 1278
f 1278 1585 1279
f 1287 1591 1288
f 1288 1591 1592
f 1288 1592 1289
f 1224 1218 1587
f 1588 1218 1219
f 1588 1219 1593
f 1593 1219 1220
f 1220 1215 1593
f 1593 1215 1216
f 1593 1216 1594
f 1594 1216 1217
f 1594 1217 1214
f 1282 1286 1589
f 1589 1286 1285
f 1589 1285 1592
f 1592 1285 1284
f 1592 1284 1289
f 1249 1595 1250
f 1250 1595 1596
f 1250 1596 1251
f 1597 1299 1598
f 1598 1299 1300
f 1598 1300 1599
f 1252 1600 1253
f 1253 1600 1595
f 1253 1595 1254
f 1254 1595 1249
f 1290 1601 1291
f 1291 1601 1591
f 1291 1591 1292
f 1292 1591 1287
f 1214 1213 1594
f 1594 1213 1212
f 1594 1212 1579
f 1579 1212 1211
f 1579 1211 1210
f 1193 1192 1584
f 1584 1192 1186
f 1584 1186 1602
f 1255 1603 1256
f 1256 1603 1600
f 1256 1600 1257
f 1257 1600 1252
f 1255 1260 1603
f 1603 1260 1259
f 1603 1259 1604
f 1605 1237 1606
f 1606 1237 1238
f 1606 1238 1575
f 1575 1238 1239
f 1575 1239 1233
f 1242 1607 1240
f 1241 1607 1608
f 1241 1608 1188
f 1188 1608 1602
f 1188 1602 1187
f 1187 1602 1186
f 1290 1297 1601
f 1601 1297 1296
f 1601 1296 1609
f 1300 1301 1599
f 1599 1301 1302
f 1599 1184 1605
f 1605 1184 1185
f 1605 1185 1236
f 1242 1244 1607
f 1607 1244 1243
f 1607 1243 1610
f 1610 1243 1246
f 1246 1245 1610
f 1610 1245 1248
f 1610 1248 1596
f 1596 1248 1247
f 1596 1247 1251
f 1259 1258 1604
f 1604 1258 1263
f 1604 1263 1555
f 1555 1263 1262
f 1555 1262 1554
f 1554 1262 1261
f 1554 1261 1552
f 1552 1261 1265
f 1296 1295 1609
f 1609 1295 1294
f 1609 1294 1597
f 1597 1294 1293
f 1597 1293 1299
f 404 403 1269
f 1269 403 1517
f 1269 1517 1266
f 1266 1517 1519
f 1266 1519 1267
f 1267 1519 1521
f 1267 1521 1268
f 1268 1521 1523
f 1268 1523 1264
f 1264 1523 1524
f 1264 1524 1265
f 1265 1524 1525
f 1265 1525 1552
f 1305 1611 1304
f 1304 1611 1612
f 1304 1612 1303
f 1303 1612 1613
f 1303 1613 1322
f 1322 1613 1614
f 1322 1614 1323
f 1615 1309 1616
f 1616 1309 1310
f 1310 1311 1616
f 1616 1311 1312
f 1616 1312 1617
f 1312 1313 1617
f 1617 1313 1314
f 1617 1314 1618
f 1618 1314 1315
f 1618 1315 1619
f 1619 1315 1316
f 1619 1316 1620
f 1305 1306 1611
f 1611 1306 1307
f 1611 1307 1615
f 1615 1307 1308
f 1615 1308 1309
f 1316 1317 1620
f 1620 1317 1318
f 1620 1318 1621
f 1327 1622 1328
f 1328 1622 1623
f 1328 1623 1321
f 1321 1623 1624
f 1321 1624 1320
f 1320 1624 1621
f 1320 1621 1319
f 1319 1621 1318
f 1327 1326 1622
f 1622 1326 1325
f 1622 1325 1614
f 1614 1325 1324
f 1614 1324 1323
f 1625 1626 1338
f 1329 1358 1627
f 1627 1358 1628
f 1338 1337 1625
f 1625 1337 1336
f 1625 1336 1629
f 1336 1335 1629
f 1629 1335 1334
f 1629 1334 1630
f 1334 1333 1630
f 1630 1333 1332
f 1630 1332 1627
f 1627 1332 1331
f 1627 1331 1329
f 1631 1632 1353
f 1344 1343 1633
f 1633 1343 1634
f 1343 1342 1634
f 1634 1342 1341
f 1634 1341 1635
f 1635 1341 1340
f 1635 1340 1626
f 1626 1340 1339
f 1626 1339 1338
f 1358 1357 1628
f 1636 1357 1356
f 1636 1356 1637
f 1637 1356 1355
f 1637 1355 1638
f 1632 1355 1354
f 1632 1354 1353
f 1353 1352 1631
f 1631 1352 1351
f 1631 1351 1639
f 1351 1350 1639
f 1640 1350 1348
f 1640 1348 1641
f 1348 1347 1641
f 1641 1347 1346
f 1641 1346 1633
f 1633 1346 1345
f 1633 1345 1344
f 1642 1643 1375
f 1367 1366 1644
f 1644 1366 1645
f 1375 1374 1642
f 1642 1374 1373
f 1642 1373 1646
f 1373 1372 1646
f 1646 1372 1371
f 1646 1371 1647
f 1371 1370 1647
f 1647 1370 1369
f 1647 1369 1644
f 1644 1369 1368
f 1644 1368 1367
f 1648 1649 1360
f 1381 1380 1650
f 1650 1380 1651
f 1380 1379 1651
f 1651 1379 1378
f 1651 1378 1652
f 1652 1378 1377
f 1652 1377 1643
f 1643 1377 1376
f 1643 1376 1375
f 1366 1365 1645
f 1645 1365 1364
f 1645 1364 1653
f 1653 1364 1363
f 1653 1363 1649
f 1649 1363 1361
f 1649 1361 1360
f 1360 1359 1648
f 1648 1359 1388
f 1648 1389 1654
f 1389 1386 1654
f 1654 1386 1385
f 1654 1385 1655
f 1385 1384 1655
f 1655 1384 1383
f 1655 1383 1650
f 1650 1383 1382
f 1650 1382 1381
f 1656 1657 1406
f 1398 1397 1658
f 1658 1397 1659
f 1406 1405 1656
f 1656 1405 1404
f 1656 1404 1660
f 1404 1403 1660
f 1660 1403 1402
f 1660 1402 1661
f 1402 1401 1661
f 1661 1401 1400
f 1661 1400 1658
f 1658 1400 1399
f 1658 1399 1398
f 1662 1663 1391
f 1412 1411 1664
f 1664 1411 1665
f 1411 1410 1665
f 1665 1410 1409
f 1665 1409 1666
f 1666 1409 1408
f 1666 1408 1657
f 1657 1408 1407
f 1657 1407 1406
f 1397 1396 1659
f 1659 1396 1395
f 1659 1395 1667
f 1667 1395 1394
f 1667 1394 1663
f 1663 1394 1392
f 1663 1392 1391
f 1391 1390 1662
f 1662 1390 1421
f 1662 1422 1668
f 1422 1419 1668
f 1668 1419 1417
f 1668 1417 1669
f 1417 1416 1669
f 1669 1416 1414
f 1669 1414 1664
f 1664 1414 1413
f 1664 1413 1412
f 1430 1670 1429
f 1429 1670 1671
f 1429 1672 1428
f 1673 1482 1505
f 1673 1505 1674
f 1674 1505 1506
f 1674 1506 1507
f 1430 1425 1670
f 1670 1425 1426
f 1670 1426 1675
f 1507 1498 1674
f 1674 1498 1490
f 1674 1490 1676
f 1426 1427 1675
f 1675 1427 1423
f 1675 1423 1677
f 1677 1423 1424
f 1677 1424 1678
f 1678 1424 1468
f 1678 1471 1558
f 1558 1471 1470
f 1558 1470 1557
f 1557 1470 1472
f 1557 1472 1556
f 1556 1472 1476
f 1556 1476 1562
f 1562 1476 1475
f 1562 1475 1679
f 1679 1475 1481
f 1487 1680 1477
f 1477 1680 1681
f 1487 1486 1680
f 1680 1486 1485
f 1680 1485 1673
f 1673 1485 1483
f 1673 1483 1482
f 1490 1489 1676
f 1676 1489 1510
f 1676 1510 1682
f 1682 1510 1509
f 1682 1509 1508
f 1481 1480 1679
f 1679 1480 1479
f 1679 1479 1681
f 1681 1479 1478
f 1681 1478 1477
f 1441 1683 1442
f 1442 1683 1684
f 1442 1684 1443
f 1444 1684 1440
f 1441 1434 1683
f 1683 1434 1435
f 1683 1435 1685
f 1503 1686 1504
f 1504 1686 1682
f 1504 1682 1500
f 1500 1682 1508
f 1503 1502 1686
f 1686 1502 1494
f 1686 1494 1687
f 1687 1494 1493
f 1687 1493 1688
f 1462 1689 1461
f 1461 1689 1690
f 1461 1691 1460
f 1493 1463 1688
f 1688 1463 1464
f 1688 1464 1692
f 1692 1464 1465
f 1692 1465 1690
f 1691 1465 1466
f 1691 1467 1460
f 1435 1436 1685
f 1693 1436 1431
f 1693 1431 1694
f 1694 1431 1432
f 1694 1432 1671
f 1672 1432 1433
f 1672 1433 1428
f 1462 1457 1689
f 1689 1457 1458
f 1689 1458 1695
f 1695 1458 1459
f 1440 1684 1438
f 1439 1684 1696
f 1439 1696 1697
f 1459 1452 1695
f 1695 1452 1453
f 1695 1453 1698
f 1698 1453 1454
f 1699 1700 1446
f 1446 1700 1698
f 1446 1698 1456
f 1445 1698 1454
f 1699 1451 1700
f 1700 1451 1449
f 1700 1450 1696
f 1696 1450 1448
f 1696 1448 1697
f 1558 1522 1520
f 1515 1530 1558
f 1558 1530 1528
f 1520 1518 1558
f 1558 1518 1516
f 1558 1516 1515
f 1529 1527 1558
f 1558 1527 1526
f 1558 1526 1531
f 1536 1678 1537
f 1537 1678 1558
f 1537 1558 1533
f 1533 1558 1531
f 1536 1534 1678
f 1678 1534 1535
f 1678 1535 1541
f 1541 1540 1678
f 1678 1540 1701
f 1678 1539 1702
f 1538 1545 1678
f 1678 1545 1543
f 1678 1543 1565
f 1565 1564 1678
f 1678 1564 1703
f 1678 1704 1705
f 1611 1615 1706
f 1706 1615 1707
f 1706 1707 1708
f 1707 1615 1709
f 1709 1615 1616
f 1623 1710 1711
f 1623 1711 1624
f 1624 1711 1712
f 1624 1712 1713
f 1714 1621 1715
f 1715 1621 1624
f 1715 1624 1716
f 1716 1624 1713
f 1717 1619 1718
f 1718 1619 1620
f 1718 1620 1719
f 1714 1720 1621
f 1621 1720 1721
f 1621 1721 1620
f 1620 1721 1722
f 1620 1722 1719
f 1723 1618 1724
f 1725 1618 1619
f 1725 1619 1726
f 1726 1619 1717
f 1727 1617 1728
f 1728 1617 1618
f 1728 1618 1729
f 1729 1618 1723
f 1727 1730 1617
f 1617 1730 1731
f 1617 1731 1616
f 1616 1731 1732
f 1616 1732 1709
f 1733 1710 1734
f 1734 1710 1623
f 1734 1623 1622
f 1608 1735 1602
f 1602 1735 1736
f 1604 1555 1550
f 1550 1549 1560
f 1550 1560 1604
f 1604 1560 1559
f 1604 1559 1737
f 1737 1559 1738
f 1737 1738 1739
f 1735 1608 1740
f 1740 1608 1607
f 1740 1607 1741
f 1741 1607 1742
f 1742 1607 1610
f 1742 1610 1743
f 1744 1745 1596
f 1596 1745 1746
f 1596 1746 1610
f 1610 1746 1747
f 1610 1747 1743
f 1744 1596 1748
f 1748 1596 1595
f 1748 1595 1749
f 1750 1751 1600
f 1600 1751 1752
f 1600 1752 1595
f 1595 1752 1753
f 1595 1753 1749
f 1750 1600 1754
f 1754 1600 1603
f 1754 1603 1755
f 1737 1756 1604
f 1604 1756 1757
f 1604 1757 1603
f 1603 1757 1758
f 1603 1758 1755
f 1759 1739 1738
f 1679 1760 1562
f 1562 1760 1759
f 1562 1759 1561
f 1561 1759 1738
f 1561 1738 1559
f 1761 1762 1763
f 1763 1762 1764
f 1763 1764 1681
f 1681 1764 1765
f 1681 1765 1679
f 1679 1765 1766
f 1679 1766 1760
f 1564 1563 1703
f 1704 1563 1566
f 1704 1566 1705
f 1705 1566 1582
f 1705 1582 1767
f 1768 1582 1769
f 1769 1582 1581
f 1769 1581 1770
f 1771 1772 1773
f 1770 1581 1773
f 1773 1581 1590
f 1773 1585 1774
f 1775 1598 1776
f 1777 1598 1599
f 1777 1599 1778
f 1779 1780 1589
f 1589 1780 1781
f 1589 1781 1590
f 1585 1781 1782
f 1585 1782 1774
f 1779 1589 1783
f 1783 1589 1592
f 1783 1592 1784
f 1785 1786 1591
f 1591 1786 1787
f 1591 1787 1592
f 1592 1787 1788
f 1592 1788 1784
f 1785 1591 1789
f 1789 1591 1601
f 1789 1601 1790
f 1791 1609 1597
f 1791 1792 1609
f 1609 1792 1793
f 1609 1793 1601
f 1601 1793 1794
f 1601 1794 1790
f 1775 1795 1598
f 1598 1795 1796
f 1598 1797 1597
f 1597 1797 1798
f 1597 1798 1791
f 1605 1799 1599
f 1599 1799 1778
f 1800 1584 1736
f 1736 1584 1602
f 1612 1611 1570
f 1801 1570 1802
f 1802 1570 1611
f 1802 1611 1708
f 1708 1611 1706
f 1570 1573 1612
f 1612 1573 1576
f 1612 1576 1613
f 1613 1576 1580
f 1613 1580 1614
f 1614 1580 1622
f 1622 1580 1583
f 1622 1583 1734
f 1734 1583 1803
f 1734 1803 1733
f 1799 1605 1804
f 1804 1605 1606
f 1804 1606 1805
f 1805 1606 1575
f 1805 1575 1806
f 1807 1808 1577
f 1574 1808 1809
f 1574 1810 1575
f 1575 1810 1811
f 1575 1811 1806
f 1807 1574 1812
f 1812 1574 1578
f 1812 1578 1813
f 1814 1815 1586
f 1586 1815 1816
f 1586 1816 1578
f 1578 1816 1817
f 1578 1817 1813
f 1814 1586 1818
f 1818 1586 1587
f 1818 1588 1819
f 1593 1820 1821
f 1821 1822 1593
f 1593 1822 1823
f 1593 1823 1587
f 1588 1823 1824
f 1588 1824 1819
f 1820 1593 1825
f 1825 1593 1594
f 1825 1594 1826
f 1827 1828 1579
f 1579 1828 1829
f 1579 1829 1594
f 1594 1829 1830
f 1594 1830 1826
f 1827 1579 1831
f 1831 1579 1571
f 1831 1572 1832
f 1801 1833 1570
f 1570 1833 1834
f 1570 1834 1571
f 1572 1834 1835
f 1572 1835 1832
f 1800 1836 1584
f 1584 1836 1837
f 1584 1837 1583
f 1583 1837 1838
f 1583 1838 1803
f 1839 1840 1841
f 1842 1843 1844
f 1844 1843 1845
f 1844 1845 1846
f 1841 1847 1848
f 1839 1841 1849
f 1849 1841 1848
f 1849 1848 1850
f 1844 1851 1842
f 1842 1851 1852
f 1842 1852 1841
f 1841 1852 1853
f 1841 1853 1847
f 1854 1632 1855
f 1855 1632 1631
f 1855 1631 1856
f 1640 1857 1858
f 1640 1858 1631
f 1631 1858 1859
f 1631 1859 1856
f 1641 1860 1861
f 1641 1861 1639
f 1640 1861 1862
f 1640 1862 1857
f 1633 1863 1641
f 1641 1863 1864
f 1641 1864 1860
f 1865 1866 1634
f 1634 1866 1867
f 1634 1867 1633
f 1633 1867 1868
f 1633 1868 1863
f 1865 1634 1869
f 1870 1634 1635
f 1870 1635 1871
f 1872 1873 1626
f 1626 1873 1874
f 1626 1874 1635
f 1635 1874 1875
f 1635 1875 1871
f 1872 1626 1876
f 1877 1626 1625
f 1877 1625 1878
f 1879 1880 1629
f 1629 1880 1881
f 1629 1881 1625
f 1625 1881 1882
f 1625 1882 1878
f 1883 1884 1630
f 1630 1884 1885
f 1630 1885 1629
f 1629 1885 1886
f 1629 1886 1887
f 1883 1630 1888
f 1888 1630 1627
f 1888 1627 1889
f 1890 1891 1628
f 1636 1891 1892
f 1636 1892 1627
f 1627 1892 1893
f 1627 1894 1889
f 1890 1636 1895
f 1896 1636 1637
f 1896 1637 1897
f 1854 1898 1638
f 1632 1898 1899
f 1632 1899 1637
f 1637 1899 1900
f 1637 1900 1897
f 1901 1902 1647
f 1903 1904 1648
f 1648 1904 1905
f 1648 1906 1649
f 1903 1648 1907
f 1907 1648 1654
f 1907 1654 1908
f 1909 1910 1655
f 1655 1910 1911
f 1655 1911 1654
f 1654 1911 1912
f 1654 1913 1908
f 1909 1655 1914
f 1914 1655 1650
f 1914 1650 1915
f 1916 1917 1651
f 1651 1917 1918
f 1651 1918 1650
f 1650 1918 1919
f 1650 1919 1915
f 1920 1921 1652
f 1652 1921 1922
f 1652 1922 1651
f 1651 1922 1923
f 1651 1923 1916
f 1920 1652 1924
f 1924 1652 1643
f 1924 1643 1925
f 1926 1927 1642
f 1642 1927 1928
f 1642 1928 1643
f 1643 1928 1929
f 1643 1929 1925
f 1926 1642 1930
f 1930 1642 1646
f 1930 1646 1931
f 1647 1932 1646
f 1646 1932 1933
f 1646 1933 1931
f 1902 1934 1647
f 1647 1934 1935
f 1647 1935 1932
f 1901 1647 1936
f 1936 1647 1644
f 1936 1644 1937
f 1938 1939 1645
f 1645 1939 1940
f 1645 1940 1644
f 1644 1940 1941
f 1644 1942 1937
f 1938 1645 1943
f 1943 1645 1653
f 1943 1653 1944
f 1906 1945 1649
f 1649 1945 1946
f 1649 1947 1653
f 1653 1947 1948
f 1653 1948 1944
f 1949 1950 1661
f 1951 1952 1662
f 1662 1952 1953
f 1662 1954 1663
f 1951 1662 1955
f 1955 1662 1668
f 1955 1668 1956
f 1957 1958 1669
f 1669 1958 1959
f 1669 1959 1668
f 1668 1959 1960
f 1668 1961 1956
f 1957 1669 1962
f 1962 1669 1664
f 1962 1664 1963
f 1964 1965 1665
f 1665 1965 1966
f 1665 1966 1664
f 1664 1966 1967
f 1664 1967 1963
f 1968 1969 1666
f 1666 1969 1970
f 1666 1970 1665
f 1665 1970 1971
f 1665 1971 1964
f 1968 1666 1972
f 1972 1666 1657
f 1972 1657 1973
f 1974 1975 1656
f 1656 1975 1976
f 1656 1976 1657
f 1657 1976 1977
f 1657 1977 1973
f 1974 1656 1978
f 1978 1656 1660
f 1978 1660 1979
f 1661 1980 1660
f 1660 1980 1981
f 1660 1981 1979
f 1950 1982 1661
f 1661 1982 1983
f 1661 1983 1980
f 1949 1661 1984
f 1984 1661 1658
f 1984 1658 1985
f 1986 1987 1659
f 1659 1987 1988
f 1659 1988 1658
f 1658 1988 1989
f 1658 1990 1985
f 1986 1659 1991
f 1991 1659 1667
f 1991 1667 1992
f 1954 1993 1663
f 1663 1993 1994
f 1663 1995 1667
f 1667 1995 1996
f 1667 1996 1992
f 1997 1998 1999
f 2000 2001 2002
f 2003 2004 2005
f 2006 2007 2003
f 2008 2006 2009
f 2010 2006 2003
f 2010 2003 2011
f 2012 2003 2005
f 2013 2014 2006
f 2006 2014 2015
f 2006 2015 2007
f 2016 2017 2018
f 2018 2017 2019
f 2018 2020 2013
f 2013 2020 2021
f 2013 2022 2014
f 2001 2023 2002
f 2002 2023 2024
f 2002 2024 2018
f 2018 2024 2025
f 2018 2025 2016
f 2026 2027 1999
f 1999 2027 2028
f 1999 2028 2000
f 2026 1999 2029
f 2029 1999 2030
f 2029 2031 2032
f 2033 2034 2030
f 2034 2035 2030
f 2031 2035 2036
f 2031 2036 2032
f 2037 2038 2039
f 2039 2038 2040
f 2039 2040 2041
f 2042 2033 2043
f 2040 2042 2041
f 2041 2042 2043
f 2041 2043 2044
f 2044 2043 2045
f 2033 2031 2043
f 2043 2031 2046
f 2043 2046 2047
f 2047 2048 2043
f 2043 2048 2049
f 2043 2049 2045
f 1998 2050 1999
f 1999 2050 2051
f 1999 2052 2030
f 2031 2052 2053
f 2031 2053 2046
f 2000 2002 1999
f 1999 2002 2054
f 1999 2054 1997
f 2055 2056 2018
f 2018 2056 2057
f 2018 2057 2002
f 2002 2057 2058
f 2002 2058 2054
f 2059 2013 2060
f 2060 2013 2006
f 2060 2006 2061
f 2061 2006 2008
f 2059 2062 2013
f 2013 2062 2063
f 2013 2064 2018
f 2018 2064 2065
f 2018 2065 2055
f 2066 2067 2068
f 2069 2070 2068
f 2071 2072 2073
f 2073 2072 2074
f 2075 2076 2077
f 2077 2076 2078
f 2077 2078 2074
f 2074 2078 2079
f 2074 2079 2073
f 2045 2069 2044
f 2044 2069 2068
f 2044 2068 2041
f 2041 2068 2039
f 2080 2081 2082
f 2037 2039 2082
f 2082 2039 2068
f 2082 2068 2080
f 2080 2068 2067
f 2083 2066 2077
f 2077 2066 2068
f 2077 2068 2075
f 2075 2068 2070
f 2084 2085 2074
f 2074 2085 2086
f 2074 2086 2077
f 2077 2086 2087
f 2077 2087 2083
f 2084 2074 2088
f 2088 2074 2072
f 2088 2072 2089
f 1762 1761 2090
f 2091 1839 1849
f 2091 1765 1764
f 1840 1839 2092
f 2093 1839 2091
f 2093 2091 2090
f 2090 2091 1764
f 2090 1764 1762
f 2094 1759 1760
f 2094 2091 2095
f 2095 2091 1849
f 2095 1849 1850
f 2094 1760 2091
f 2091 1760 1766
f 2091 1766 1765
f 1763 1681 1680
f 1680 2096 1763
f 1763 2096 2097
f 1763 2097 1761
f 2098 2099 2100
f 1680 1673 2096
f 2096 1673 2098
f 2096 2098 2101
f 2101 2098 2100
f 2098 1673 1674
f 2102 2103 1674
f 1674 2103 2104
f 1674 2104 2098
f 2098 2104 2105
f 2098 2105 2099
f 2102 1674 2106
f 2106 1674 1676
f 2106 1676 2107
f 1686 2108 1682
f 1682 2108 2109
f 1682 2110 1676
f 1676 2110 2111
f 1676 2111 2107
f 1687 2112 2113
f 2114 2115 1686
f 1686 2115 2116
f 1686 2117 2108
f 1687 2113 1686
f 1686 2113 2118
f 1686 2118 2114
f 2119 2112 1687
f 2119 1687 2120
f 2121 2122 1688
f 1688 2122 2123
f 2123 2124 1688
f 1688 2124 2125
f 1688 2125 1687
f 1687 2125 2126
f 1687 2126 2120
f 2127 2128 1689
f 1692 2129 1688
f 1688 2129 2121
f 1691 2130 2131
f 1691 2131 1692
f 1692 2131 2132
f 1692 2132 2133
f 2128 2134 1689
f 1689 2134 2135
f 1689 2136 1690
f 1691 2136 2137
f 1691 2137 2130
f 2127 1689 2138
f 2138 1689 1695
f 2138 1695 2139
f 2139 1695 2140
f 2140 1695 1698
f 2140 1698 2141
f 1700 2142 1698
f 1698 2142 2143
f 1698 2143 2141
f 2144 2145 1700
f 1700 2145 2146
f 1700 2146 2142
f 2144 1700 2147
f 2147 1700 1696
f 2147 1696 2148
f 1684 2149 1696
f 1696 2149 2150
f 1696 2150 2148
f 1683 2151 2152
f 2153 2154 1684
f 1684 2154 2155
f 1684 2155 2149
f 1683 2152 1684
f 1684 2152 2156
f 1684 2156 2153
f 2151 1683 2157
f 2157 1683 1685
f 2157 1693 2158
f 1694 2159 1685
f 1693 2159 2160
f 1693 2161 2158
f 2162 2163 1671
f 1672 2163 2164
f 1672 2164 1694
f 1694 2164 2165
f 1694 2165 2166
f 2167 2168 1670
f 1670 2168 2169
f 1670 2169 1671
f 1672 2169 2170
f 1672 2170 2162
f 2167 1670 2171
f 2171 1670 1675
f 2171 1675 2172
f 2172 1675 1677
f 2172 1677 2173
f 2174 2173 1677
f 1768 1769 2175
f 1769 1770 2175
f 2175 1770 1773
f 2175 1773 1772
f 2176 2177 1677
f 1677 2177 2178
f 1677 2178 2174
f 1705 1768 1678
f 1678 1768 2175
f 1678 2175 1677
f 1677 2175 2179
f 1677 2179 2176
f 2180 2181 2182
f 2177 2183 2184
f 2183 2177 2176
f 2182 2185 2186
f 2185 2182 2187
f 2187 2182 2184
f 2187 2184 2188
f 2175 2189 2179
f 2179 2189 2176
f 2190 2180 2191
f 2191 2180 2182
f 2191 2182 2192
f 2192 2182 2186
f 2192 2186 2193
f 2176 2189 2183
f 2183 2189 2194
f 2183 2194 2184
f 2184 2194 2195
f 2184 2195 2188
f 2178 2177 2196
f 2196 2177 2184
f 2196 2184 2197
f 2197 2184 2182
f 2197 2182 2198
f 2198 2182 2181
f 1728 2199 1727
f 1727 2199 2200
f 1727 2200 1730
f 1709 2200 1707
f 1707 2200 2201
f 1709 1732 2200
f 2200 1732 1731
f 2200 1731 1730
f 1721 2202 1722
f 1722 2202 2203
f 1722 2203 1719
f 1721 1720 2202
f 2202 1720 2204
f 2202 1714 2205
f 1714 1715 2205
f 2205 1715 1716
f 2205 1716 2206
f 2206 1716 1713
f 2206 1713 2207
f 2207 1713 2208
f 1710 1733 1803
f 1833 2209 1834
f 1834 2209 2210
f 1834 2210 1835
f 1728 1729 2199
f 2199 1729 1723
f 2199 1723 1724
f 1810 2211 1811
f 1811 2211 2212
f 1811 2213 1806
f 1725 1726 2199
f 2199 1726 1717
f 2199 1717 2203
f 2203 1717 1718
f 2203 1718 1719
f 1710 1803 1711
f 1711 1803 1838
f 1711 1838 1837
f 1833 1801 2209
f 2209 1801 1802
f 2209 1802 2201
f 2201 1802 1708
f 2201 1708 1707
f 1743 1846 1742
f 1742 1846 2208
f 1742 2208 1741
f 1741 2208 1740
f 1743 1747 1846
f 1846 1747 1746
f 1846 1746 1844
f 1844 1746 1745
f 1812 2214 1807
f 1807 2214 2211
f 1807 2211 1808
f 1808 2211 1809
f 1837 1836 1711
f 1711 1836 1800
f 1711 1800 1712
f 1781 1780 2187
f 2187 1780 1779
f 1712 1800 1713
f 1713 1800 1736
f 1713 1736 2208
f 2208 1736 1735
f 2208 1735 1740
f 1745 1744 1844
f 1844 1744 1748
f 1844 1748 1851
f 1851 1748 1749
f 2188 1771 2187
f 2187 1771 1782
f 2187 1782 1781
f 1749 1753 1851
f 1851 1753 1752
f 1851 1752 1852
f 2175 1772 2189
f 2189 1772 1774
f 2189 1771 2194
f 2194 1771 2188
f 2194 2188 2195
f 1779 1783 2187
f 2187 1783 1784
f 2187 2215 1788
f 1828 1827 2216
f 2216 1827 1831
f 2216 1831 2210
f 2210 1831 1832
f 2210 1832 1835
f 1816 2217 1817
f 1817 2217 2218
f 1817 2214 1813
f 1813 2214 1812
f 1752 1751 1852
f 1852 1751 1750
f 1852 1750 1853
f 1853 1750 1754
f 1853 1754 1755
f 1788 1787 2187
f 2187 1787 1786
f 2187 1786 1785
f 1818 2219 1814
f 1814 2219 2217
f 1814 2217 1815
f 1815 2217 1816
f 1755 1758 1853
f 1853 1758 1757
f 1853 1757 1847
f 1798 1797 2212
f 2213 1797 1795
f 2213 1795 1775
f 1785 1789 2187
f 2187 1789 1790
f 2187 2220 1794
f 1775 1777 2212
f 2213 1777 1778
f 2213 1778 1799
f 1799 1804 2212
f 2213 1804 1805
f 2213 1805 1806
f 1759 2094 1739
f 1739 2094 2095
f 1823 2221 1824
f 1824 2221 2219
f 1824 2219 1819
f 1819 2219 1818
f 1757 1756 1847
f 1847 1756 1737
f 1847 1737 1848
f 1848 1737 1739
f 1848 1739 1850
f 1850 1739 2095
f 1794 1793 2187
f 2187 1793 2222
f 2187 1792 2212
f 2213 1792 1791
f 2213 1791 1798
f 1825 1826 2223
f 2223 1826 1830
f 2223 1830 2216
f 2216 1830 1829
f 2216 1829 1828
f 1823 1822 2221
f 2221 1822 1821
f 2221 1821 2223
f 2223 1821 1820
f 2223 1820 1825
f 2224 2225 2226
f 2226 2225 2227
f 2213 2226 2187
f 2187 2226 2227
f 2187 2227 2228
f 2185 2227 2229
f 2185 2229 2186
f 2186 2229 2193
f 2230 2203 2202
f 1845 1843 2231
f 1845 2231 1846
f 2232 2207 2231
f 2231 2207 2208
f 2231 2208 1846
f 2233 2230 2234
f 2234 2230 2202
f 2234 2202 2235
f 2235 2202 2205
f 2235 2205 2232
f 2232 2205 2206
f 2232 2206 2207
f 2089 2236 2088
f 2088 2236 1843
f 2088 1843 2084
f 2084 1843 1842
f 2084 1842 2085
f 2066 2083 1841
f 1841 2083 2087
f 1841 2087 1842
f 1842 2087 2086
f 1842 2086 2085
f 2237 2081 2080
f 1840 2238 1841
f 1841 2238 2237
f 2237 2080 1841
f 1841 2080 2067
f 1841 2067 2066
f 2239 2240 2241
f 2242 2243 2241
f 2244 2242 2245
f 2245 2242 2241
f 2245 2241 2246
f 2246 2241 2247
f 2248 2247 2249
f 2249 2247 2241
f 2249 2241 2250
f 2251 2241 2240
f 2089 2072 2252
f 2252 2072 2241
f 2252 2241 2253
f 2253 2241 2243
f 2239 2241 2254
f 2254 2241 2072
f 2254 2072 2071
f 2255 2256 2257
f 2257 2256 2258
f 2258 2256 2259
f 2258 2260 2261
f 2262 2263 2264
f 2265 2266 2267
f 2267 2266 2268
f 2267 2268 2269
f 2269 2268 2270
f 2269 2270 2271
f 2272 2273 2274
f 2265 2275 2276
f 2276 2275 2277
f 2276 2272 2278
f 2278 2272 2274
f 2278 2274 2279
f 2280 2273 2281
f 2281 2273 2277
f 2281 2272 2282
f 2283 2272 2275
f 2283 2275 2284
f 2284 2275 2285
f 2265 2267 2275
f 2275 2267 2286
f 2275 2286 2285
f 2287 2288 2269
f 2269 2288 2289
f 2269 2289 2267
f 2267 2289 2290
f 2267 2290 2286
f 2291 2287 2262
f 2262 2287 2269
f 2262 2269 2263
f 2263 2269 2271
f 2255 2257 2262
f 2262 2257 2292
f 2262 2292 2291
f 2293 2294 2258
f 2258 2294 2295
f 2258 2295 2257
f 2257 2295 2296
f 2257 2296 2292
f 2297 2293 2298
f 2299 2293 2258
f 2299 2258 2300
f 2301 2258 2261
f 2301 2261 2302
f 2303 2304 2305
f 2268 2266 2306
f 2271 2270 2305
f 2305 2270 2268
f 2268 2265 2305
f 2305 2265 2276
f 2305 2276 2278
f 2260 2256 2305
f 2307 2302 2261
f 2271 2305 2263
f 2263 2305 2256
f 2263 2256 2264
f 2304 2308 2305
f 2305 2308 2307
f 2305 2307 2259
f 2260 2307 2261
f 2309 2310 2311
f 2311 2310 2307
f 2311 2307 2312
f 2312 2307 2308
f 2313 2303 2314
f 2314 2303 2305
f 2314 2305 2315
f 2316 2305 2278
f 2316 2278 2279
f 1968 1972 2070
f 2070 1972 1973
f 2070 1973 2075
f 2075 1973 1977
f 2075 1977 1976
f 1978 2076 1974
f 1974 2076 2075
f 1974 2075 1975
f 1975 2075 1976
f 1978 1979 2076
f 2076 1979 1981
f 2076 1981 1980
f 1922 2078 1923
f 1923 2078 2076
f 1923 2076 1916
f 1916 2076 1980
f 1916 1980 1917
f 1922 1921 2078
f 2078 1921 1920
f 2078 1920 2079
f 1920 1924 2079
f 2079 1924 1925
f 2079 1925 2073
f 1927 2071 1928
f 1928 2071 2073
f 1928 2073 1929
f 1929 2073 1925
f 1927 1926 2071
f 2071 1926 1930
f 2071 1930 2254
f 2254 1930 1931
f 2254 1931 2239
f 2251 2240 2317
f 2317 2240 2239
f 2317 2239 2318
f 2318 2239 1931
f 2318 1931 2319
f 2319 1931 1933
f 2319 1933 1932
f 1939 1938 2320
f 1932 1935 2319
f 2319 1935 1934
f 2319 1934 2321
f 1934 1902 2321
f 2321 1902 1901
f 2321 1901 2322
f 1901 1936 2322
f 2323 1936 1937
f 2323 1937 2324
f 2324 1937 1941
f 2324 1942 2320
f 2320 1942 1940
f 2320 1940 2325
f 1938 1943 2320
f 2320 1943 1944
f 2320 1944 1948
f 1948 1947 2320
f 2320 1947 1945
f 2320 1945 1905
f 1988 1907 1908
f 1908 1913 1988
f 1988 1913 1911
f 1988 1911 1910
f 1980 1983 1917
f 1917 1983 1982
f 1917 1982 1918
f 1918 1982 1950
f 1918 1950 1919
f 1919 1950 1949
f 1919 1949 1915
f 1915 1949 1914
f 1914 1949 1984
f 1914 1984 1909
f 1909 1984 1985
f 1909 1985 1910
f 1910 1985 1989
f 1910 1990 1988
f 1904 1903 1986
f 1986 1903 1907
f 1986 1907 2326
f 1987 1907 1988
f 1991 2320 1986
f 1986 2320 1905
f 1986 1906 1904
f 1954 1952 2327
f 1954 2050 1993
f 1991 1992 2320
f 2320 1992 1996
f 2320 1996 2327
f 2050 1996 1994
f 2050 1995 1993
f 1959 2046 1960
f 1961 2046 2053
f 1961 2053 1956
f 1956 2053 2051
f 1956 2052 1955
f 1955 2052 2327
f 1955 2050 1951
f 1951 2050 1952
f 1967 1966 2048
f 2048 1966 1965
f 2048 1965 2049
f 2049 1965 1964
f 2049 1964 2045
f 2045 1964 1971
f 2045 1971 2069
f 2069 1971 1970
f 2069 1970 2070
f 2070 1970 1969
f 2070 1969 1968
f 1959 1958 2046
f 2046 1958 1957
f 2046 1957 2047
f 2047 1957 1962
f 2047 1962 2048
f 2048 1962 1963
f 2048 1963 1967
f 1877 1878 2320
f 2320 1878 1882
f 1882 1881 2320
f 2320 1881 1880
f 2320 1880 1887
f 1879 1886 2320
f 2320 1886 1885
f 2320 1885 2328
f 1885 1884 2328
f 2329 1884 1883
f 2329 1883 2330
f 2330 1883 1888
f 2330 1888 2331
f 2331 1888 1889
f 2331 1889 2332
f 2332 1889 1893
f 2332 1894 1892
f 1892 1891 2332
f 2332 1891 1890
f 2332 1890 1895
f 1854 1855 2057
f 1854 2057 2333
f 1896 1897 2332
f 2332 1897 1900
f 2332 1900 1899
f 1855 1856 2057
f 2057 1856 1859
f 2057 1859 1858
f 1858 1857 2057
f 2057 1857 1862
f 2057 1862 2058
f 2058 1862 1861
f 2058 1861 2054
f 2054 1861 1997
f 1861 1860 1997
f 1997 1860 1864
f 1997 1864 1998
f 1998 1864 1863
f 1998 1863 2327
f 2050 1863 1868
f 1868 1867 2327
f 2050 1867 2334
f 2050 1866 1865
f 1865 1870 2327
f 2050 1870 1871
f 2050 1871 1875
f 1875 1874 2327
f 2050 1874 1873
f 2050 1873 2320
f 2320 1873 1872
f 2320 1872 1876
f 2335 2336 2055
f 2055 2336 2056
f 2056 2336 2332
f 2056 2332 2057
f 2057 2332 1899
f 2057 1899 2333
f 2337 2338 2339
f 2312 2340 2311
f 2311 2340 2341
f 2311 2341 2342
f 2309 2341 2337
f 2309 2337 2343
f 2343 2337 2339
f 2343 2339 2344
f 2345 2061 2340
f 2340 2061 2008
f 2340 2008 2341
f 2062 2059 2060
f 2055 2065 2335
f 2335 2065 2063
f 2335 2064 2346
f 2346 2064 2062
f 2346 2062 2345
f 2345 2062 2060
f 2345 2060 2061
f 2012 2005 2009
f 2010 2005 2347
f 2347 2348 2349
f 2008 2010 2341
f 2341 2010 2347
f 2341 2347 2337
f 2337 2347 2349
f 2337 2349 2338
f 2350 2351 2352
f 2352 2351 2348
f 2352 2348 2353
f 2353 2348 2347
f 2353 2347 2354
f 2354 2347 2005
f 2354 2005 2355
f 2356 2005 2004
f 2356 2004 2357
f 2033 2042 2040
f 2157 2358 2151
f 2151 2358 2152
f 2157 2158 2358
f 2358 2158 2160
f 2358 2161 2166
f 2165 2164 2197
f 2197 2164 2163
f 2163 2162 2197
f 2197 2162 2170
f 2197 2170 2169
f 2169 2168 2197
f 2197 2168 2167
f 2197 2167 2171
f 2171 2172 2197
f 2197 2172 2173
f 2197 2173 2196
f 2196 2173 2174
f 2196 2174 2178
f 2154 2153 2358
f 2358 2153 2156
f 2358 2156 2152
f 2145 2007 2015
f 2145 2015 2146
f 2145 2144 2007
f 2007 2144 2147
f 2007 2147 2148
f 2359 2150 2007
f 2007 2150 2149
f 2007 2149 2155
f 2025 2024 2135
f 2136 2134 2025
f 2025 2134 2360
f 2025 2128 2016
f 2016 2128 2127
f 2016 2127 2017
f 2127 2138 2017
f 2017 2138 2139
f 2017 2139 2019
f 2020 2139 2140
f 2020 2140 2141
f 2015 2014 2146
f 2146 2014 2021
f 2146 2022 2142
f 2142 2022 2019
f 2142 2020 2143
f 2143 2020 2141
f 2000 2121 2133
f 2000 2129 2001
f 2001 2129 2132
f 2001 2132 2023
f 2132 2131 2023
f 2023 2131 2130
f 2023 2130 2024
f 2024 2130 2137
f 2024 2137 2135
f 2121 2000 2122
f 2122 2000 2028
f 2122 2028 2123
f 2123 2028 2027
f 2123 2027 2124
f 2124 2027 2026
f 2124 2026 2125
f 2026 2029 2125
f 2125 2029 2032
f 2125 2032 2126
f 2032 2036 2126
f 2126 2036 2035
f 2126 2035 2120
f 2120 2035 2034
f 2120 2034 2119
f 2119 2034 2033
f 2119 2033 2112
f 2112 2033 2040
f 2112 2040 2113
f 2113 2040 2118
f 2038 2037 2082
f 2040 2038 2118
f 2118 2038 2082
f 2118 2082 2114
f 2114 2082 2081
f 2114 2081 2115
f 2099 2105 2238
f 2099 2238 2100
f 2090 1761 2097
f 2090 2097 2092
f 2093 2097 1840
f 1840 2097 2096
f 1840 2096 2238
f 2238 2096 2101
f 2238 2101 2100
f 2105 2104 2238
f 2238 2104 2103
f 2238 2103 2237
f 2237 2103 2361
f 2102 2106 2237
f 2237 2106 2107
f 2237 2107 2111
f 2111 2110 2237
f 2237 2110 2108
f 2237 2108 2081
f 2081 2108 2116
f 2081 2117 2115
f 2362 2363 2358
f 2358 2363 2355
f 2358 2356 2357
f 2155 2154 2007
f 2007 2154 2358
f 2007 2358 2003
f 2003 2358 2357
f 2003 2357 2004
f 2198 2358 2197
f 2197 2358 2166
f 2197 2159 2165
f 2190 2362 2180
f 2180 2362 2358
f 2180 2358 2181
f 2181 2358 2198
f 2193 2229 2192
f 2192 2229 2364
f 2192 2364 2191
f 2191 2364 2365
f 2191 2365 2190
f 2364 2229 2227
f 2230 2233 2366
f 2230 2366 2203
f 2211 2367 2212
f 2213 2367 2368
f 2213 2368 2226
f 2365 2364 2369
f 2369 2364 2227
f 2369 2227 2370
f 2371 2227 2225
f 2371 2225 2368
f 2368 2225 2224
f 2368 2224 2226
f 2203 2366 2199
f 2199 2366 2372
f 2199 2372 2200
f 2372 2373 2200
f 2200 2373 2374
f 2200 2374 2201
f 2374 2375 2201
f 2201 2375 2376
f 2201 2376 2209
f 2376 2377 2209
f 2209 2377 2378
f 2209 2378 2210
f 2378 2379 2210
f 2210 2379 2380
f 2210 2380 2216
f 2380 2381 2216
f 2216 2381 2382
f 2216 2382 2223
f 2382 2383 2223
f 2223 2383 2384
f 2223 2385 2221
f 2385 2386 2221
f 2221 2386 2387
f 2221 2387 2219
f 2387 2388 2219
f 2219 2388 2389
f 2219 2390 2217
f 2390 2391 2217
f 2217 2391 2392
f 2217 2392 2218
f 2392 2393 2218
f 2214 2393 2394
f 2214 2394 2211
f 2211 2394 2395
f 2211 2395 2367
f 2396 2233 2234
f 2397 2396 2398
f 2398 2396 2234
f 2398 2234 2399
f 2399 2234 2400
f 2235 2401 2402
f 2402 2403 2235
f 2235 2403 2404
f 2235 2404 2234
f 2234 2404 2405
f 2234 2405 2400
f 2406 2407 2232
f 2232 2407 2408
f 2232 2408 2235
f 2235 2408 2409
f 2235 2409 2401
f 2253 2243 2231
f 2231 2243 2242
f 2231 2242 2244
f 2244 2410 2231
f 2231 2410 2411
f 2231 2411 2232
f 2232 2411 2412
f 2232 2412 2406
f 2231 1843 2236
f 2253 2231 2252
f 2252 2231 2236
f 2252 2236 2089
f 2413 2414 2415
f 2411 2416 2412
f 2412 2416 2417
f 2418 2407 2417
f 2417 2407 2406
f 2417 2406 2412
f 2402 2401 2419
f 2419 2401 2409
f 2419 2409 2418
f 2418 2409 2408
f 2418 2408 2407
f 2402 2419 2403
f 2403 2419 2420
f 2403 2420 2404
f 2404 2420 2405
f 2405 2420 2421
f 2405 2421 2400
f 2415 2422 2423
f 2400 2421 2399
f 2399 2421 2415
f 2399 2415 2398
f 2398 2415 2423
f 2398 2423 2397
f 2424 2425 2414
f 2414 2425 2426
f 2414 2426 2415
f 2415 2426 2427
f 2415 2427 2422
f 2413 2415 2428
f 2428 2415 2421
f 2428 2421 2429
f 2429 2421 2420
f 2429 2420 2430
f 2430 2420 2419
f 2430 2419 2431
f 2432 2433 2418
f 2418 2433 2434
f 2418 2434 2419
f 2419 2434 2435
f 2419 2435 2431
f 2410 2244 2411
f 2411 2244 2245
f 2411 2245 2416
f 2416 2245 2246
f 2416 2246 2247
f 2432 2418 2436
f 2436 2418 2417
f 2436 2417 2437
f 2437 2417 2416
f 2437 2416 2438
f 2438 2416 2247
f 2438 2247 2248
f 2435 2434 2431
f 2431 2434 2439
f 2440 2441 2442
f 2441 2428 2442
f 2442 2428 2429
f 2442 2429 2439
f 2439 2429 2430
f 2439 2430 2431
f 2424 2414 2441
f 2441 2414 2413
f 2441 2413 2428
f 2443 2444 2445
f 2445 2444 2446
f 2445 2446 2447
f 2447 2446 2448
f 2449 2446 2450
f 2450 2446 2451
f 2450 2444 2452
f 2452 2444 2453
f 2454 2440 2455
f 2455 2440 2442
f 2455 2442 2456
f 2456 2442 2446
f 2456 2446 2457
f 2457 2446 2449
f 2457 2449 2458
f 2331 2303 2313
f 2340 2312 2345
f 2345 2312 2308
f 2345 2308 2346
f 2346 2308 2304
f 2331 2332 2459
f 2303 2332 2336
f 2303 2336 2304
f 2304 2336 2335
f 2304 2335 2346
f 2317 2318 2319
f 2436 2437 2460
f 2460 2437 2438
f 2438 2248 2460
f 2460 2248 2249
f 2460 2249 2250
f 2251 2317 2460
f 2460 2317 2319
f 2460 2319 2461
f 2461 2319 2321
f 2461 2321 2313
f 2313 2321 2322
f 2324 2320 2322
f 2323 2320 2328
f 2323 2329 2313
f 2313 2329 2330
f 2313 2330 2331
f 2432 2436 2433
f 2433 2436 2460
f 2433 2460 2434
f 2434 2460 2462
f 2434 2462 2439
f 2279 2274 2315
f 2316 2274 2461
f 2316 2461 2314
f 2314 2461 2313
f 2273 2280 2463
f 2464 2439 2462
f 2462 2460 2464
f 2464 2460 2461
f 2464 2461 2463
f 2463 2461 2274
f 2463 2274 2273
f 2439 2464 2442
f 2442 2464 2465
f 2442 2465 2446
f 2446 2465 2466
f 2446 2467 2448
f 2468 2465 2469
f 2469 2465 2464
f 2469 2464 2470
f 2470 2464 2463
f 2471 2472 2473
f 2295 2294 2474
f 2297 2475 2293
f 2293 2475 2294
f 2476 2477 2478
f 2479 2474 2478
f 2478 2474 2294
f 2478 2294 2476
f 2476 2294 2475
f 2474 2471 2295
f 2295 2471 2473
f 2295 2473 2296
f 2296 2473 2480
f 2296 2480 2292
f 2292 2480 2291
f 2481 2482 2483
f 2484 2485 2486
f 2486 2485 2290
f 2486 2290 2487
f 2487 2290 2289
f 2487 2289 2488
f 2489 2289 2288
f 2489 2288 2490
f 2490 2288 2287
f 2490 2287 2491
f 2491 2287 2291
f 2491 2291 2492
f 2492 2291 2480
f 2463 2280 2281
f 2470 2493 2469
f 2469 2493 2494
f 2469 2494 2468
f 2470 2463 2493
f 2493 2463 2281
f 2493 2281 2495
f 2495 2281 2282
f 2495 2283 2483
f 2483 2283 2284
f 2483 2284 2481
f 2481 2284 2285
f 2481 2285 2485
f 2485 2285 2286
f 2485 2286 2290
f 2309 2343 2310
f 2310 2343 2300
f 2310 2301 2307
f 2307 2301 2302
f 2476 2475 2496
f 2496 2475 2297
f 2496 2297 2298
f 2343 2344 2300
f 2301 2344 2497
f 2301 2497 2298
f 2498 2499 2496
f 2496 2499 2500
f 2477 2476 2501
f 2501 2476 2496
f 2501 2496 2502
f 2502 2496 2500
f 2502 2500 2503
f 2299 2497 2496
f 2496 2497 2504
f 2496 2505 2498
f 2506 2498 2350
f 2350 2498 2504
f 2350 2505 2507
f 2351 2505 2348
f 2344 2339 2497
f 2497 2339 2338
f 2497 2338 2504
f 2505 2338 2349
f 2505 2349 2348
f 2508 2509 2510
f 2510 2509 2500
f 2510 2500 2506
f 2506 2500 2499
f 2506 2499 2498
f 2511 2503 2512
f 2512 2503 2500
f 2512 2500 2513
f 2513 2500 2509
f 2363 2362 2190
f 2514 2508 2365
f 2365 2508 2510
f 2365 2510 2506
f 2356 2363 2354
f 2354 2363 2190
f 2354 2190 2353
f 2353 2190 2365
f 2353 2365 2352
f 2352 2365 2506
f 2352 2506 2350
f 2509 2508 2514
f 2425 2424 2441
f 2388 2387 2481
f 2477 2501 2478
f 2478 2501 2502
f 2367 2503 2368
f 2368 2503 2511
f 2368 2511 2370
f 2474 2479 2394
f 2394 2479 2395
f 2395 2479 2478
f 2395 2478 2367
f 2367 2478 2502
f 2367 2502 2503
f 2392 2492 2480
f 2392 2480 2393
f 2480 2473 2393
f 2393 2473 2472
f 2393 2472 2394
f 2394 2472 2471
f 2394 2471 2474
f 2492 2392 2491
f 2491 2392 2391
f 2491 2391 2490
f 2490 2391 2488
f 2489 2391 2389
f 2489 2390 2487
f 2481 2485 2388
f 2388 2485 2484
f 2388 2484 2389
f 2390 2484 2486
f 2390 2486 2487
f 2385 2493 2495
f 2385 2495 2515
f 2386 2495 2483
f 2386 2483 2387
f 2387 2483 2516
f 2387 2482 2481
f 2380 2444 2381
f 2381 2444 2517
f 2381 2443 2382
f 2468 2494 2465
f 2465 2494 2493
f 2465 2493 2466
f 2467 2493 2384
f 2467 2385 2448
f 2448 2385 2383
f 2448 2383 2447
f 2447 2383 2382
f 2447 2382 2445
f 2445 2382 2517
f 2378 2450 2379
f 2379 2450 2452
f 2379 2452 2380
f 2380 2452 2453
f 2380 2453 2451
f 2376 2457 2377
f 2377 2457 2458
f 2377 2458 2378
f 2378 2458 2449
f 2378 2449 2450
f 2374 2440 2454
f 2374 2454 2375
f 2375 2454 2455
f 2375 2455 2376
f 2376 2455 2456
f 2376 2456 2457
f 2396 2397 2423
f 2366 2233 2396
f 2366 2396 2372
f 2372 2396 2423
f 2372 2423 2422
f 2422 2427 2372
f 2372 2427 2426
f 2372 2426 2373
f 2373 2426 2425
f 2373 2425 2374
f 2374 2425 2441
f 2374 2441 2440
f 2511 2512 2370
f 2371 2512 2513
f 2371 2513 2369
f 2369 2513 2509
f 2369 2509 2365
f 2365 2509 2514

