# https://github.com/mikedh/trimesh
v 0.33208585 -0.05399800 0.04406708
v 0.32565731 -0.05399800 0.04678911
v 0.32446146 -0.05849800 0.03045213
v 0.31857872 -0.05849800 0.03335375
v 0.31683725 -0.06299800 0.01683730
v 0.31150007 -0.06299800 0.01991862
v 0.31922889 -0.05399800 0.04951006
v 0.31269598 -0.05849800 0.03625524
v 0.30616283 -0.06299800 0.02300006
v 0.28077126 -0.05399800 0.04951006
v 0.28730410 -0.05849800 0.03625524
v 0.29383725 -0.06299800 0.02300006
v 0.31922889 -0.05399800 -0.04951042
v 0.32565731 -0.05399800 -0.04678875
v 0.31269598 -0.05849800 -0.03625524
v 0.31269598 -0.05849800 -0.03625512
v 0.31857872 -0.05849800 -0.03335363
v 0.30616283 -0.06299800 -0.02299994
v 0.31150007 -0.06299800 -0.01991850
v 0.33208585 -0.05399800 -0.04406697
v 0.32446146 -0.05849800 -0.03045201
v 0.31683725 -0.06299800 -0.01683718
v 0.33555555 -0.05399800 -0.04154605
v 0.32650298 -0.05849800 -0.02866066
v 0.31745034 -0.06299800 -0.01577526
v 0.33902538 -0.05399800 -0.03902513
v 0.32854438 -0.05849800 -0.02686930
v 0.31806332 -0.06299800 -0.01471335
v 0.34409994 -0.05399800 -0.03204048
v 0.33169878 -0.05849800 -0.02230805
v 0.31929755 -0.06299800 -0.01257575
v 0.34917474 -0.05399800 -0.02505565
v 0.33485311 -0.05849800 -0.01774681
v 0.31929755 -0.06299800 -0.01257563
v 0.32053173 -0.06299800 -0.01043802
v 0.35184264 -0.05399800 -0.01684469
v 0.33680427 -0.05849800 -0.01257253
v 0.32176584 -0.06299800 -0.00830042
v 0.35451066 -0.05399800 -0.00863355
v 0.33875525 -0.05849800 -0.00739813
v 0.32300007 -0.06299800 -0.00616270
v 0.35451066 -0.05399800 0.00863367
v 0.33875525 -0.05849800 0.00431681
v 0.32300007 -0.06299800 0.00000006
v 0.33021075 -0.06074800 0.00652230
v 0.32300007 -0.06299800 0.00308150
v 0.32300007 -0.06299800 0.00154078
v 0.33808839 -0.05849800 0.00713992
v 0.35184264 -0.05399800 0.01684481
v 0.33742136 -0.05849800 0.00996310
v 0.34917474 -0.05399800 0.02505577
v 0.33608735 -0.05849800 0.01560938
v 0.32954365 -0.06074800 0.01088619
v 0.32954365 -0.06074800 0.01088607
v 0.32300007 -0.06299800 0.00616282
v 0.34409994 -0.05399800 0.03204060
v 0.33252066 -0.05849800 0.02088463
v 0.32094133 -0.06299800 0.00972873
v 0.32094133 -0.06299800 0.00972861
v 0.33902538 -0.05399800 0.03902513
v 0.32895398 -0.05849800 0.02615994
v 0.31888270 -0.06299800 0.01329446
v 0.33555555 -0.05399800 0.04154605
v 0.32670760 -0.05849800 0.02830607
v 0.31785995 -0.06299800 0.01506585
v 0.31785995 -0.06299800 0.01506597
v 0.28077126 -0.05399800 -0.04951042
v 0.28730410 -0.05849800 -0.03625524
v 0.28730410 -0.05849800 -0.03625512
v 0.29383725 -0.06299800 -0.02299994
v 0.28067183 -0.04699800 0.05000001
v 0.31932825 -0.04699800 0.05000001
v 0.33232826 -0.04699800 0.04449600
v 0.31922889 -0.05399800 0.04951102
v 0.33937573 -0.04699800 0.03937608
v 0.34961629 -0.04699800 0.02528077
v 0.35500008 -0.04699800 0.00871116
v 0.34917474 -0.05399800 0.02505583
v 0.35500008 -0.04699800 -0.00871110
v 0.34961629 -0.04699800 -0.02528065
v 0.33937573 -0.04699800 -0.03937560
v 0.33232826 -0.04699800 -0.04449594
v 0.31932825 -0.04699800 -0.04999995
v 0.27434278 -0.05399800 0.04678911
v 0.28243691 -0.05849800 0.03394008
v 0.29053116 -0.06299800 0.02109134
v 0.26791424 -0.05399800 0.04406708
v 0.27756965 -0.05849800 0.03162485
v 0.29053116 -0.06299800 0.02109122
v 0.28722501 -0.06299800 0.01918256
v 0.28519404 -0.06299800 0.01800990
v 0.28316283 -0.06299800 0.01683730
v 0.28162211 -0.06299800 0.01416862
v 0.28008145 -0.06299800 0.01150006
v 0.27700007 -0.06299800 0.00616282
v 0.27700007 -0.06299800 0.00000006
v 0.27854073 -0.06299800 0.00883150
v 0.27700007 -0.06299800 -0.00616270
v 0.27905875 -0.06299800 -0.00972867
v 0.27700007 -0.06299800 -0.00308138
v 0.27700007 -0.06299800 -0.00154066
v 0.28214014 -0.06299800 -0.01506573
v 0.28111744 -0.06299800 -0.01329446
v 0.28850007 -0.06299800 -0.01991850
v 0.28316283 -0.06299800 -0.01683718
v 0.26791424 -0.05399800 -0.04406697
v 0.27434278 -0.05399800 -0.04678875
v 0.27553862 -0.05849800 -0.03045201
v 0.28142136 -0.05849800 -0.03335363
v 0.28067183 -0.04699800 -0.04999995
v 0.26767188 -0.04699800 0.04449600
v 0.30522501 0.06100200 0.01950008
v 0.31427509 0.06100200 0.01427507
v 0.28572500 0.06100200 -0.01427495
v 0.30522501 0.06100200 -0.01949996
v 0.29477507 0.06100200 -0.01949996
v 0.31427509 0.06100200 -0.01427495
v 0.31950003 0.06100200 -0.00522494
v 0.31950003 0.06100200 0.00522500
v 0.29477507 0.06100200 0.01950008
v 0.28572500 0.06100200 0.01427507
v 0.28050005 0.06100200 0.00522500
v 0.28050005 0.06100200 -0.00522494
v 0.34850007 0.04750200 0.00550008
v 0.34850007 0.03250200 0.00550008
v 0.34850007 0.04750200 -0.00549996
v 0.34850007 0.03250200 -0.00549996
v 0.28067183 -0.03069800 0.05000001
v 0.31932825 -0.03069800 0.05000001
v 0.32582825 -0.03069800 0.04724807
v 0.33232826 -0.03069800 0.04449600
v 0.33937573 -0.03069800 0.03937608
v 0.34961629 -0.03069800 0.02528077
v 0.35500008 -0.03069800 0.00871116
v 0.35500008 -0.03069800 -0.00871110
v 0.34961629 -0.03069800 -0.02528065
v 0.33937573 -0.03069800 -0.03937560
v 0.33232826 -0.03069800 -0.04449594
v 0.32582825 -0.03069800 -0.04724795
v 0.31932825 -0.03069800 -0.04999995
v 0.28067183 -0.03069800 -0.04999995
v 0.26714838 -0.05399800 0.04351002
v 0.26444459 -0.05399800 0.04154605
v 0.27481925 -0.05849800 0.02977806
v 0.26097471 -0.05399800 0.03902513
v 0.27206886 -0.05849800 0.02793127
v 0.26714838 -0.05399800 -0.04351044
v 0.26097471 -0.05399800 -0.03902513
v 0.26444459 -0.05399800 -0.04154605
v 0.27104610 -0.05849800 -0.02615976
v 0.27104610 -0.05849800 -0.02615988
v 0.27329248 -0.05849800 -0.02830595
v 0.25082535 -0.05399800 -0.02505565
v 0.25590014 -0.05399800 -0.03204048
v 0.26391274 -0.05849800 -0.01560926
v 0.26747942 -0.05849800 -0.02088451
v 0.27045649 -0.06074800 -0.01088607
v 0.26978934 -0.06074800 -0.00652224
v 0.26124483 -0.05849800 -0.00431669
v 0.24548942 -0.05399800 -0.00863355
v 0.26191175 -0.05849800 -0.00713986
v 0.26191175 -0.05849800 -0.00713998
v 0.24815744 -0.05399800 -0.01684469
v 0.26257873 -0.05849800 -0.00996298
v 0.26978934 -0.06074800 -0.00652218
v 0.26257873 -0.05849800 -0.00996304
v 0.24548942 -0.05399800 0.00863367
v 0.26124483 -0.05849800 0.00739825
v 0.26124483 -0.05849800 0.00739837
v 0.25082535 -0.05399800 0.02505577
v 0.24815744 -0.05399800 0.01684481
v 0.26545346 -0.05849800 0.01827794
v 0.26334918 -0.05849800 0.01283813
v 0.25590014 -0.05399800 0.03204060
v 0.26876116 -0.05849800 0.02310455
v 0.26876116 -0.05849800 0.02310467
v 0.26767188 -0.04699800 -0.04449594
v 0.26698923 -0.04699800 0.04400009
v 0.26767188 -0.03069800 0.04449600
v 0.27417189 -0.03069800 0.04724807
v 0.30629689 0.05700200 0.02350008
v 0.29370326 0.05700200 0.02350008
v 0.28279686 0.05700200 0.01720327
v 0.27650005 0.05700200 0.00629687
v 0.27650005 0.05700200 -0.00629675
v 0.28279686 0.05700200 -0.01720315
v 0.29370326 0.05700200 -0.02349997
v 0.30629689 0.05700200 -0.02349997
v 0.31720322 0.05700200 -0.01720315
v 0.32350004 0.05700200 -0.00629675
v 0.32350004 0.05700200 0.00629687
v 0.31720322 0.05700200 0.01720327
v 0.28184384 0.05700200 0.03563356
v 0.27172118 0.05700200 0.02827895
v 0.27816665 0.04900200 0.04285008
v 0.26599383 0.04900200 0.03400630
v 0.29374385 0.05700200 -0.03949994
v 0.30625629 0.05700200 -0.03949994
v 0.29247671 0.04900200 -0.04749995
v 0.30752337 0.04900200 -0.04749995
v 0.31815624 0.05700200 -0.03563344
v 0.32183343 0.04900200 -0.04285038
v 0.32827890 0.05700200 -0.02827883
v 0.33400625 0.04900200 -0.03400618
v 0.33563346 0.05700200 -0.01815611
v 0.34285045 0.04900200 -0.02183330
v 0.33950007 0.05700200 -0.00625616
v 0.34750003 0.04900200 -0.00752312
v 0.34750003 0.04758949 -0.00558746
v 0.34750003 0.03241451 -0.00558746
v 0.34750003 0.03241451 0.00558758
v 0.34750003 0.04758949 0.00558758
v 0.33950007 0.05700200 0.00625628
v 0.34750003 0.04900200 -0.00752324
v 0.34750003 0.04900200 0.00752336
v 0.33563346 0.05700200 0.01815623
v 0.34285045 0.04900200 0.02183336
v 0.32827890 0.05700200 0.02827895
v 0.34285045 0.04900200 0.02183342
v 0.33400625 0.04900200 0.03400630
v 0.31815624 0.05700200 0.03563356
v 0.32183343 0.04900200 0.04285008
v 0.30625629 0.05700200 0.03950006
v 0.30752337 0.04900200 0.04750007
v 0.29374385 0.05700200 0.03950006
v 0.29247671 0.04900200 0.04750007
v 0.31172752 0.02000200 -0.00935239
v 0.31396312 0.02000200 -0.00548005
v 0.31495816 0.02000200 -0.00112087
v 0.28504193 0.02000200 -0.00112087
v 0.31462407 0.02000200 0.00333786
v 0.31299049 0.02000200 0.00750005
v 0.30844986 0.02000200 -0.01239353
v 0.30442137 0.02000200 -0.01433355
v 0.29557872 0.02000200 -0.01433355
v 0.30000007 0.02000200 -0.01499993
v 0.31020260 0.02000200 0.01099586
v 0.30650824 0.02000200 0.01351458
v 0.28700966 0.02000200 0.00750005
v 0.28537601 0.02000200 0.00333786
v 0.29155022 0.02000200 -0.01239353
v 0.28827256 0.02000200 -0.00935227
v 0.28827256 0.02000200 -0.00935239
v 0.31172752 0.02000200 -0.00935227
v 0.28603697 0.02000200 -0.00548005
v 0.29349184 0.02000200 0.01351458
v 0.28979748 0.02000200 0.01099586
v 0.29776430 0.02000200 0.01483256
v 0.30223578 0.02000200 0.01483256
v 0.28184384 0.05700200 -0.03563344
v 0.27816665 0.04900200 -0.04285038
v 0.28657430 -0.02694800 0.04875010
v 0.31342578 -0.02694800 0.04875010
v 0.29247671 -0.02319800 0.04750007
v 0.30752337 -0.02319800 0.04750007
v 0.32025319 -0.02694800 0.04621202
v 0.31467831 -0.02319800 0.04517502
v 0.32708073 -0.02694800 0.04367298
v 0.32183343 -0.02319800 0.04285008
v 0.33400625 -0.02319800 0.03400630
v 0.34285045 -0.02319800 0.02183336
v 0.34285045 -0.02319800 0.02183342
v 0.34750003 -0.02319800 0.00752336
v 0.34750003 -0.02319800 -0.00752312
v 0.34750003 -0.02319800 -0.00752324
v 0.34285045 -0.02319800 -0.02183330
v 0.33400625 -0.02319800 -0.03400618
v 0.32183343 -0.02319800 -0.04285038
v 0.32708073 -0.02694800 -0.04367316
v 0.32025319 -0.02694800 -0.04621154
v 0.32025319 -0.02694800 -0.04621142
v 0.31467831 -0.02319800 -0.04517514
v 0.31342578 -0.02694800 -0.04874992
v 0.30752337 -0.02319800 -0.04749995
v 0.28657430 -0.02694800 -0.04874992
v 0.29247671 -0.02319800 -0.04749995
v 0.23288685 -0.04199800 0.03700006
v 0.23144346 -0.04199800 0.03950006
v 0.23144346 -0.04199800 0.03450006
v 0.22855663 -0.04199800 0.03950006
v 0.22855663 -0.04199800 0.03450006
v 0.22711325 -0.04199800 0.03700006
v 0.22855663 -0.04199800 -0.03449994
v 0.22711325 -0.04199800 -0.03699994
v 0.23144346 -0.04199800 -0.03449994
v 0.22855663 -0.04199800 -0.03949994
v 0.23288685 -0.04199800 -0.03699994
v 0.23144346 -0.04199800 -0.03949994
v 0.27417189 -0.03069800 -0.04724795
v 0.26767188 -0.03069800 -0.04449594
v 0.23848957 -0.05399800 0.04351002
v 0.23848957 -0.05399800 -0.04351044
v 0.26698923 -0.04699800 -0.04399997
v 0.23800004 -0.04699800 0.04400009
v 0.26581353 -0.03069800 0.04314607
v 0.26532209 -0.03069800 0.04278904
v 0.25905085 -0.03069800 0.04314607
v 0.26995474 -0.02906652 0.04413801
v 0.27223772 -0.02743505 0.04378003
v 0.27830738 -0.02525604 0.04435903
v 0.27358264 -0.02695223 0.04390806
v 0.27974689 -0.02694800 0.04621202
v 0.28442717 -0.02319800 0.04488510
v 0.28532177 -0.02319800 0.04517502
v 0.28845209 -0.02319800 0.04619211
v 0.26599383 0.04710259 0.03400630
v 0.27509195 0.04050913 0.04061610
v 0.27816665 0.03483392 0.04285008
v 0.26454365 0.04900200 0.03201038
v 0.26436663 0.05700200 0.01815623
v 0.26330423 0.05700200 0.01488680
v 0.26309031 0.05558727 0.01880646
v 0.26568013 0.05180075 0.02881306
v 0.26309031 0.05558727 0.01880658
v 0.26632273 0.05700200 -0.02084851
v 0.27416235 0.05700200 -0.01964736
v 0.27172118 0.05700200 -0.02827883
v 0.27416235 0.05700200 0.01322293
v 0.26896036 0.05314563 -0.03103960
v 0.27152091 0.05165507 -0.03474253
v 0.26913136 0.04900200 -0.03628576
v 0.29247671 0.01400200 -0.04749995
v 0.30752337 0.01400200 -0.04749995
v 0.32183343 0.01400200 -0.04285038
v 0.33400625 0.01400200 -0.03400618
v 0.34285045 0.01400200 -0.02183330
v 0.34750003 0.01400200 -0.00752312
v 0.34750003 0.01400200 -0.00752324
v 0.34750003 0.01400200 0.00752336
v 0.34285045 0.01400200 0.02183336
v 0.34285045 0.01400200 0.02183342
v 0.33400625 0.01400200 0.03400630
v 0.32183343 0.01400200 0.04285008
v 0.30752337 0.01400200 0.04750007
v 0.29247671 0.01400200 0.04750007
v 0.28860795 0.01400200 0.04624301
v 0.28860795 0.02544107 0.04624301
v 0.30000007 0.01400200 -0.01499993
v 0.30442137 0.01400200 -0.01433355
v 0.30844986 0.01400200 -0.01239353
v 0.31172752 0.01400200 -0.00935227
v 0.31172752 0.01400200 -0.00935239
v 0.31396312 0.01400200 -0.00548005
v 0.31495816 0.01400200 -0.00112087
v 0.31462407 0.01400200 0.00333786
v 0.31299049 0.01400200 0.00750005
v 0.31020260 0.01400200 0.01099586
v 0.30650824 0.01400200 0.01351458
v 0.30223578 0.01400200 0.01483256
v 0.29776430 0.01400200 0.01483256
v 0.29349184 0.01400200 0.01351458
v 0.28979748 0.01400200 0.01099586
v 0.28700966 0.01400200 0.00750005
v 0.28537601 0.01400200 0.00333786
v 0.28504193 0.01400200 -0.00112087
v 0.28603697 0.01400200 -0.00548005
v 0.28827256 0.01400200 -0.00935227
v 0.28827256 0.01400200 -0.00935239
v 0.29155022 0.01400200 -0.01239353
v 0.29557872 0.01400200 -0.01433355
v 0.27696556 0.03734870 -0.04197764
v 0.27816665 0.03203687 -0.04285038
v 0.28330755 0.02101232 -0.04452062
v 0.28330755 0.02101232 -0.04452074
v 0.28330755 0.01400200 -0.04452062
v 0.23600006 0.02122923 -0.04699993
v 0.23600006 0.01400200 -0.04699993
v 0.27291936 -0.02694800 -0.04367316
v 0.27598941 -0.02475391 -0.04319173
v 0.27974689 -0.02694800 -0.04621154
v 0.27974689 -0.02694800 -0.04621142
v 0.27773637 -0.02397003 -0.04323697
v 0.27183068 -0.02772595 -0.04384375
v 0.28598279 -0.02319800 -0.04538995
v 0.28532177 -0.02319800 -0.04517514
v 0.27948856 -0.02319800 -0.04327983
v 0.26581353 -0.03069800 -0.04314578
v 0.26522285 -0.03069800 -0.04271656
v 0.27598941 -0.02475391 -0.04319167
v 0.26581353 -0.03069800 -0.04314566
v 0.24404079 -0.01399800 -0.03001672
v 0.18700004 -0.01399800 -0.03332591
v 0.24404079 0.01400200 -0.03001672
v 0.18700004 0.01400200 -0.03332591
v 0.25277084 -0.01399800 -0.03115654
v 0.25277084 0.01400200 -0.03115654
v 0.25694489 -0.01399800 -0.03685445
v 0.25694489 -0.01399800 -0.03685433
v 0.25694489 0.01400200 -0.03685445
v 0.25694489 0.01400200 -0.03685433
v 0.26523215 0.01400200 -0.04071879
v 0.26523215 -0.01399800 -0.04071879
v 0.26914883 0.01400200 -0.03659153
v 0.26914883 -0.01399800 -0.03659153
v 0.26416558 0.01400200 -0.02721912
v 0.26416558 -0.01399800 -0.02721912
v 0.26416558 0.01400200 0.02721924
v 0.26416558 -0.01399800 0.02721924
v 0.26023608 -0.01399800 0.02106714
v 0.26023608 0.01400200 0.02106714
v 0.25735295 -0.01399800 0.01436055
v 0.25735295 0.01400200 0.01436055
v 0.25559217 -0.01399800 0.00727606
v 0.25559217 0.01400200 0.00727606
v 0.25500005 -0.01399800 0.00000006
v 0.25500005 0.01400200 0.00000006
v 0.25559217 -0.01399800 -0.00727582
v 0.25559217 0.01400200 -0.00727582
v 0.25735295 -0.01399800 -0.01436043
v 0.25735295 0.01400200 -0.01436043
v 0.26023608 -0.01399800 -0.02106696
v 0.26023608 0.01400200 -0.02106696
v 0.26914883 0.01400200 0.03659165
v 0.26914883 -0.01399800 0.03659165
v 0.26523215 0.01400200 0.04071909
v 0.26523215 -0.01399800 0.04071909
v 0.25694489 0.01400200 0.03685445
v 0.25694489 -0.01399800 0.03685445
v 0.25192362 0.01400200 0.03000003
v 0.25192362 -0.01399800 0.03000003
v 0.24433011 0.01400200 0.03000003
v 0.24433011 -0.01399800 0.03000003
v 0.29247671 -0.01399800 0.04750007
v 0.28860795 -0.01399800 0.04624301
v 0.28860795 -0.01943707 0.04624301
v 0.30752337 -0.01399800 0.04750007
v 0.32183343 -0.01399800 0.04285008
v 0.33400625 -0.01399800 0.03400630
v 0.34285045 -0.01399800 0.02183336
v 0.34285045 -0.01399800 0.02183342
v 0.34750003 -0.01399800 0.00752336
v 0.34750003 -0.01399800 -0.00752312
v 0.34750003 -0.01399800 -0.00752324
v 0.34285045 -0.01399800 -0.02183330
v 0.33400625 -0.01399800 -0.03400618
v 0.32183343 -0.01399800 -0.04285038
v 0.30752337 -0.01399800 -0.04749995
v 0.29247671 -0.01399800 -0.04749995
v 0.28330755 -0.01500832 -0.04452074
v 0.28330755 -0.01399800 -0.04452074
v 0.23600006 -0.01399800 -0.04699993
v 0.23600006 -0.01522523 -0.04699993
v 0.23144346 -0.04699800 0.03950006
v 0.22855663 -0.04699800 0.03950006
v 0.23288685 -0.04699800 0.03700006
v 0.23144346 -0.04699800 0.03450006
v 0.22855663 -0.04699800 0.03450006
v 0.22711325 -0.04699800 0.03700006
v 0.23144346 -0.04699800 -0.03449994
v 0.22855663 -0.04699800 -0.03449994
v 0.23288685 -0.04699800 -0.03699994
v 0.23144346 -0.04699800 -0.03949994
v 0.22855663 -0.04699800 -0.03949994
v 0.22711325 -0.04699800 -0.03699994
v 0.23800004 -0.04699800 -0.04399997
v 0.25715870 -0.03069800 -0.04314578
v 0.22100002 -0.04833168 0.03000003
v 0.22100002 -0.04699800 0.03000003
v 0.22100002 -0.04766484 0.03073376
v 0.22100002 -0.04699800 0.03146744
v 0.22260749 -0.03540923 0.04339308
v 0.22258091 -0.03591394 0.04317003
v 0.22200006 -0.04699800 0.04400009
v 0.22255445 -0.03641864 0.04294711
v 0.22218788 -0.04341500 0.03528166
v 0.22200006 -0.04699800 0.03135747
v 0.22223645 -0.04248770 0.03629750
v 0.22237128 -0.03991661 0.03911406
v 0.23424274 -0.04699800 0.03000003
v 0.22762132 -0.04766480 0.03000003
v 0.22930574 -0.03444360 0.04334205
v 0.23600006 -0.03344997 0.04329008
v 0.23600006 -0.02786086 0.04566211
v 0.23600006 -0.02672398 0.04614502
v 0.23600006 -0.01999800 0.04900008
v 0.23600006 -0.01399800 0.04900008
v 0.23320943 0.01400200 0.04926211
v 0.23320943 -0.01399800 0.04926211
v 0.23600006 0.02600200 0.04900008
v 0.23600006 0.01400200 0.04900008
v 0.23600006 0.03386486 0.04566211
v 0.23600006 0.04172771 0.04232508
v 0.23600006 0.05315900 0.02962917
v 0.23600006 0.04744336 0.03597707
v 0.23600006 0.05608051 0.02160233
v 0.23600006 0.05900200 0.01357567
v 0.23600006 0.05900200 -0.01999992
v 0.23600006 0.04938262 -0.03804845
v 0.23600006 0.05315900 -0.03605348
v 0.23600006 0.03805348 -0.04403335
v 0.23600006 0.04182986 -0.04203844
v 0.23600006 0.04560624 -0.04004347
v 0.19480187 0.01400200 -0.05214971
v 0.18700004 0.01400200 -0.05288368
v 0.28330755 0.01400200 -0.04452074
v 0.22097433 -0.01399800 -0.04887813
v 0.23600006 -0.03562064 -0.04340363
v 0.18700004 0.01263338 -0.05312496
v 0.18700004 -0.01122313 -0.05312496
v 0.18700004 -0.01399800 -0.05263561
v 0.28330755 -0.01399800 -0.04452062
v 0.22215366 -0.04406661 -0.04096633
v 0.22230691 -0.04114207 -0.04369307
v 0.22210944 -0.04490949 -0.04018146
v 0.22200006 -0.04699800 -0.04399997
v 0.22200006 -0.04699800 -0.03823644
v 0.22150004 -0.04699800 0.03141248
v 0.23600006 -0.04699800 -0.02799994
v 0.21784204 -0.04699800 -0.03880596
v 0.22100002 -0.04699800 -0.03064483
v 0.21368265 -0.04699800 -0.03936535
v 0.22100002 -0.04699800 0.03146732
v 0.22200006 -0.04699800 0.03135735
v 0.23600006 -0.04699800 0.02980345
v 0.23600006 -0.04699800 0.02980357
v 0.23512131 -0.04699800 0.02990186
v 0.25715870 -0.03069800 -0.04314566
v 0.22382379 -0.04096245 -0.04368365
v 0.22531354 -0.04078779 -0.04367447
v 0.22531354 -0.04078779 -0.04367459
v 0.23600006 -0.03562064 -0.04340374
v 0.21489936 -0.04840392 -0.03791535
v 0.22100002 -0.05123294 -0.03064483
v 0.21611965 -0.04980232 -0.03646106
v 0.23600006 -0.05008624 -0.02799994
v 0.23600006 -0.04707650 0.02971637
v 0.23600006 -0.04715500 0.02962917
v 0.23600006 -0.05007650 0.02160233
v 0.23600006 -0.05299800 -0.01999992
v 0.23600006 -0.05299800 0.01357567
v 0.17350006 -0.06057808 0.01291937
v 0.17350006 -0.06178706 0.01008385
v 0.20475006 -0.05739253 0.01182979
v 0.17350006 -0.05701170 0.02128369
v 0.17350006 -0.05761620 0.01986587
v 0.20475006 -0.05384636 0.02073413
v 0.17350006 -0.05344534 0.02964795
v 0.20475006 -0.05030017 0.02963853
v 0.20475006 -0.04381951 0.03670460
v 0.17350006 -0.03895401 0.04521602
v 0.17350006 -0.04619967 0.03743207
v 0.19802725 -0.03768633 0.04408103
v 0.20475006 -0.03733886 0.04377013
v 0.20475006 -0.03733886 0.04377109
v 0.20475006 -0.02866843 0.04785007
v 0.17350006 -0.01999800 0.05485910
v 0.17350006 -0.02136223 0.05416507
v 0.20475006 -0.01999800 0.05193001
v 0.17350006 -0.02272646 0.05347103
v 0.17350006 -0.02947600 0.05003804
v 0.17350006 -0.03084023 0.04934400
v 0.20475006 0.02307231 0.05193001
v 0.17350006 -0.01733365 0.05485910
v 0.17350006 0.01733765 0.05485910
v 0.17350006 0.02014262 0.05485910
v 0.17350006 0.02309965 0.05335504
v 0.17350006 0.03909864 0.04521602
v 0.17350006 0.02962063 0.05003804
v 0.20475006 0.04041317 0.04377013
v 0.20475006 0.04041317 0.04377109
v 0.20475006 0.03174274 0.04785007
v 0.17350006 0.04996713 0.03354001
v 0.17350006 0.04634430 0.03743207
v 0.20475006 0.04689383 0.03670460
v 0.17350006 0.05358995 0.02964795
v 0.20475006 0.05337448 0.02963853
v 0.17350006 0.06039281 0.01369303
v 0.17350006 0.05776082 0.01986587
v 0.20475006 0.05692066 0.02073413
v 0.17350006 0.06193169 0.01008385
v 0.20475006 0.06046685 0.01182979
v 0.17350006 0.06193169 -0.01999992
v 0.17350006 0.06193169 -0.00307226
v 0.17350006 0.06193169 0.00424361
v 0.17350006 0.05200494 -0.04034275
v 0.17350006 0.05562226 -0.03733498
v 0.18912506 0.05134936 -0.03976917
v 0.18912506 0.05500645 -0.03701454
v 0.20475006 0.05069378 -0.03919554
v 0.20475006 0.05439063 -0.03669417
v 0.22037506 0.05377482 -0.03637373
v 0.22037506 0.05003820 -0.03862202
v 0.22037506 0.04630158 -0.04087025
v 0.22037506 0.04630158 -0.04087013
v 0.18912506 0.04037809 -0.04803294
v 0.17350006 0.04115295 -0.04936606
v 0.17350006 0.04219072 -0.04850310
v 0.22037506 0.03882835 -0.04536653
v 0.20475006 0.03960321 -0.04669976
v 0.20475006 0.04330007 -0.04419839
v 0.18912506 0.04403518 -0.04527831
v 0.17350006 0.04477028 -0.04635835
v 0.17350006 0.04838761 -0.04335052
v 0.18912506 0.04769227 -0.04252374
v 0.20475006 0.04699693 -0.04169697
v 0.22037506 0.04256496 -0.04311836
v 0.17350006 0.04477028 -0.04635823
v 0.17350006 0.05824239 -0.03013623
v 0.17350006 0.06086250 -0.02293742
v 0.17350006 0.06086250 -0.02293760
v 0.17350006 0.01026514 -0.05481243
v 0.17350006 0.03829575 -0.04986995
v 0.17350006 -0.01012051 -0.05481243
v 0.17350006 -0.03852661 -0.04980367
v 0.17350006 -0.03852661 -0.04980373
v 0.19956225 -0.04099817 -0.04648542
v 0.19940686 -0.04099944 -0.04650247
v 0.17350006 -0.04121109 -0.04933035
v 0.17350006 -0.04170717 -0.04891330
v 0.19956225 -0.04650266 -0.04164296
v 0.19956225 -0.05200714 -0.03680056
v 0.19956225 -0.05200714 -0.03680068
v 0.19480985 -0.05263998 -0.03689802
v 0.17350006 -0.05547764 -0.03733498
v 0.17350006 -0.04884045 -0.04291552
v 0.17350006 -0.04220326 -0.04849619
v 0.17350006 -0.04834437 -0.04333264
v 0.17350006 -0.06178706 -0.01999992
v 0.17350006 -0.06090261 -0.02242994
v 0.17350006 -0.06178706 -0.00575554
v 0.17350006 -0.06178706 0.00580454
v 0.17350006 -0.06139924 0.00876039
v 0.17350006 -0.02339365 0.05325907
v 0.17350006 -0.03151216 0.04989606
v 0.17350006 -0.05383655 0.02925992
v 0.17350006 -0.05598506 0.02542359
v 0.17350006 -0.05761620 0.01986599
v 0.17350006 -0.05934787 0.01730496
v 0.17350006 -0.03900467 0.04530507
v 0.17350006 -0.04568668 0.03959805
v 0.17350006 -0.05139365 0.03291607
v 0.17350006 -0.02004732 0.05423206
v 0.17350006 -0.01484902 0.05531102
v 0.17350006 -0.00608870 0.05600005
v 0.17350006 0.00609270 0.05600005
v 0.17350006 0.01485303 0.05531102
v 0.17350006 0.02023866 0.05418414
v 0.17350006 0.05139766 0.03291607
v 0.17350006 0.05265499 0.03111196
v 0.17350006 0.05598906 0.02542359
v 0.17350006 0.05935186 0.01730496
v 0.17350006 0.05776082 0.01986599
v 0.17350006 0.04569068 0.03959805
v 0.17350006 0.03900867 0.04530507
v 0.17350006 0.03151616 0.04989606
v 0.17350006 0.02339765 0.05325907
v 0.17350006 0.05384055 0.02925992
v 0.17350006 0.06140324 0.00876039
v 0.17350006 0.06091800 -0.02228045
v 0.17350006 0.06095951 -0.02162230
v 0.17350006 0.06205243 0.00212336
v 0.17350006 0.06209270 0.00000006
v 0.17350006 0.05119090 -0.04262805
v 0.17350006 0.05510982 -0.03818226
v 0.17350006 0.05673286 -0.03569907
v 0.17350006 0.05811111 -0.03307205
v 0.17350006 0.06008505 -0.02748394
v 0.17350006 0.04649755 -0.04624677
v 0.17350006 0.04120133 -0.04890627
v 0.17350006 0.03690318 -0.05022192
v 0.17350006 0.03549579 -0.05050921
v 0.17350006 -0.00992227 -0.05511355
v 0.17350006 -0.03549179 -0.05050921
v 0.17350006 -0.03701807 -0.05019462
v 0.17350006 -0.00332170 -0.05590123
v 0.17350006 0.00332570 -0.05590123
v 0.17350006 0.00992627 -0.05511355
v 0.17350006 -0.04119733 -0.04890627
v 0.17350006 -0.06008105 -0.02748394
v 0.17350006 -0.05118689 -0.04262805
v 0.17350006 -0.04649355 -0.04624677
v 0.17350006 -0.05810711 -0.03307205
v 0.17350006 -0.05510582 -0.03818226
v 0.17350006 -0.06201324 0.00290626
v 0.17350006 -0.06208870 0.00000006
v 0.17350006 -0.06095552 -0.02162230
v 0.17350006 -0.06093170 -0.02202636
v 0.16300023 -0.02980254 0.05073112
v 0.16300023 -0.03149516 0.04986304
v 0.16299963 -0.05255148 0.03122145
v 0.16825002 -0.06208870 0.00000006
v 0.16300005 -0.06208870 0.00000006
v 0.16299993 -0.06198590 0.00279224
v 0.16299987 -0.06193710 0.00411785
v 0.16299987 -0.06193710 0.00411797
v 0.16299987 -0.06177714 0.00556415
v 0.16299963 -0.06148716 0.00818604
v 0.16299963 -0.06146278 0.00831771
v 0.16300023 -0.05797587 0.02106476
v 0.16300017 -0.05934366 0.01730347
v 0.16300017 -0.05938638 0.01718605
v 0.16300017 -0.05963761 0.01638037
v 0.16299975 -0.06095943 0.01103503
v 0.16299963 -0.06138139 0.00875705
v 0.16300017 -0.05970832 0.01615357
v 0.16299993 -0.06034540 0.01372075
v 0.16299987 -0.06074371 0.01219964
v 0.16300023 -0.05776037 0.02154446
v 0.16300023 -0.05629755 0.02480066
v 0.16299993 -0.05435817 0.02839124
v 0.16300017 -0.05538132 0.02649695
v 0.16300017 -0.05596654 0.02541345
v 0.16300017 -0.05596654 0.02541357
v 0.16299963 -0.05069326 0.03385907
v 0.16299963 -0.05138237 0.03290784
v 0.16299963 -0.05216159 0.03183228
v 0.16300005 -0.04548907 0.03977901
v 0.16300005 -0.04567304 0.03958505
v 0.16299987 -0.04807840 0.03705221
v 0.16299975 -0.04923006 0.03564584
v 0.16299963 -0.04132930 0.04348201
v 0.16299975 -0.04223953 0.04276806
v 0.16300005 -0.04525806 0.04002208
v 0.16299963 -0.03697132 0.04671508
v 0.16299957 -0.03900431 0.04530412
v 0.16299957 -0.03902777 0.04528803
v 0.16300017 -0.03212379 0.04954106
v 0.16299993 -0.03344690 0.04886204
v 0.16299963 -0.03688097 0.04677004
v 0.16300035 -0.02714305 0.05185801
v 0.16300035 -0.02604516 0.05232304
v 0.16299987 -0.01976760 0.05430406
v 0.16300017 -0.02196545 0.05369800
v 0.16300017 -0.02218033 0.05363804
v 0.16300023 -0.02338337 0.05322903
v 0.16300005 -0.00608870 0.05600005
v 0.16299993 -0.00762095 0.05597907
v 0.16825002 -0.00608870 0.05600005
v 0.16299957 -0.01170030 0.05571812
v 0.16299945 -0.01484549 0.05528504
v 0.16299945 -0.01575107 0.05515999
v 0.16299957 -0.01660672 0.05497807
v 0.16299957 -0.01112745 0.05575508
v 0.16300005 0.00000200 0.05600005
v 0.16300005 0.00018523 0.05600005
v 0.16300005 0.00609270 0.05600005
v 0.16300017 0.00645738 0.05598706
v 0.16300285 0.01427865 0.05539805
v 0.16300237 0.01268099 0.05557507
v 0.16300130 0.01021054 0.05584806
v 0.16300124 0.00957943 0.05587202
v 0.16299802 0.02328569 0.05329508
v 0.16299909 0.02224608 0.05362004
v 0.16300178 0.01880600 0.05452102
v 0.16300213 0.01829222 0.05465513
v 0.16300273 0.01484972 0.05529314
v 0.16300285 0.01427865 0.05539900
v 0.16299707 0.02475943 0.05275899
v 0.16299796 0.02339621 0.05325502
v 0.16299582 0.03089982 0.05020601
v 0.16299582 0.03050877 0.05038100
v 0.16299522 0.02716416 0.05188400
v 0.16300631 0.03900049 0.04529411
v 0.16300601 0.03793037 0.04606909
v 0.16300303 0.03596834 0.04732209
v 0.16300070 0.03448994 0.04826599
v 0.16299677 0.03150624 0.04987806
v 0.16300052 0.04567760 0.03958410
v 0.16300303 0.04315032 0.04198509
v 0.16300535 0.04109770 0.04366606
v 0.16300660 0.03995750 0.04460007
v 0.16300493 0.04998819 0.03471416
v 0.16300404 0.04886535 0.03614569
v 0.16300285 0.04796249 0.03713822
v 0.16300023 0.04611969 0.03916401
v 0.16300046 0.04581153 0.03945702
v 0.16299939 0.05520646 0.02686834
v 0.16299975 0.05495839 0.02735221
v 0.16300285 0.05361049 0.02956486
v 0.16300464 0.05281119 0.03087705
v 0.16300565 0.05189363 0.03220010
v 0.16300613 0.05139725 0.03291577
v 0.16300613 0.05138473 0.03293383
v 0.16299909 0.05932156 0.01729465
v 0.16299844 0.05897087 0.01832598
v 0.16299766 0.05841851 0.01995015
v 0.16299742 0.05787481 0.02123374
v 0.16299742 0.05787481 0.02123362
v 0.16299713 0.05682676 0.02370775
v 0.16299742 0.05663141 0.02408874
v 0.16299832 0.05595589 0.02540654
v 0.16300166 0.06130137 0.00931144
v 0.16300178 0.06125397 0.00965589
v 0.16300124 0.06067839 0.01235676
v 0.16300094 0.06039801 0.01367247
v 0.16300005 0.05992970 0.01537114
v 0.16300005 0.05992970 0.01537126
v 0.16299963 0.05973286 0.01608527
v 0.16300052 0.06197004 0.00312144
v 0.16825002 0.06209270 0.00000006
v 0.16300052 0.06197004 0.00312132
v 0.16300023 0.06207191 0.00152564
v 0.16300005 0.06209270 0.00000006
v 0.16300112 0.06181150 0.00560498
v 0.16300124 0.06172577 0.00622797
v 0.16300166 0.06137770 0.00875682
v 0.16300005 0.06095951 -0.02162230
v 0.16300005 0.06105869 -0.01972991
v 0.16825002 0.06095951 -0.02162230
v 0.16300005 0.06140288 -0.01316255
v 0.16300005 0.06174783 -0.00658047
v 0.16300005 0.06174783 -0.00658059
v 0.16300005 0.06152612 -0.01081115
v 0.16300303 0.05101366 -0.04279268
v 0.16300315 0.05118303 -0.04262036
v 0.16299927 0.06081886 -0.02299899
v 0.16299623 0.06004262 -0.02765244
v 0.16299629 0.06007718 -0.02748239
v 0.16299725 0.06032817 -0.02624649
v 0.16299832 0.06064787 -0.02467239
v 0.16299850 0.05831937 -0.03254002
v 0.16299772 0.05867738 -0.03177804
v 0.16299689 0.05914919 -0.03055650
v 0.16299665 0.05949273 -0.02943981
v 0.16300374 0.05498790 -0.03828686
v 0.16300362 0.05508088 -0.03816098
v 0.16300350 0.05581616 -0.03716475
v 0.16300350 0.05581616 -0.03716463
v 0.16300154 0.05680773 -0.03550196
v 0.16300046 0.05737374 -0.03455287
v 0.16299909 0.05807699 -0.03305596
v 0.16300362 0.05290304 -0.04086977
v 0.16300374 0.05316232 -0.04060572
v 0.16300380 0.05401183 -0.03960931
v 0.16300267 0.05054548 -0.04318368
v 0.16300082 0.04867934 -0.04474175
v 0.16299665 0.04237668 -0.04841775
v 0.16299665 0.04228624 -0.04846215
v 0.16299707 0.04118893 -0.04887319
v 0.16299844 0.04616749 -0.04645139
v 0.16299874 0.04648821 -0.04623318
v 0.16300023 0.04797712 -0.04521966
v 0.16299713 0.04381409 -0.04771107
v 0.16299766 0.04503614 -0.04711038
v 0.16299772 0.04525154 -0.04698485
v 0.16300005 0.03549579 -0.05050921
v 0.16299987 0.03637113 -0.05033660
v 0.16299713 0.04088967 -0.04898524
v 0.16299772 0.03943866 -0.04952878
v 0.17350006 0.03690318 -0.05022204
v 0.16299987 0.03650154 -0.05031091
v 0.16299880 0.03788547 -0.04994231
v 0.16300005 0.03332781 -0.05089968
v 0.16300005 0.00992627 -0.05511355
v 0.16300005 0.01065196 -0.05498284
v 0.16300005 0.01616329 -0.05399042
v 0.16300005 0.02456743 -0.05247712
v 0.16300005 0.02743562 -0.05196065
v 0.16300005 0.03035179 -0.05143553
v 0.16300005 0.02173801 -0.05298662
v 0.16300005 0.02271103 -0.05281144
v 0.16299939 0.00583486 -0.05569530
v 0.16299927 0.00525091 -0.05573493
v 0.16299939 -0.00233406 -0.05595112
v 0.16299880 0.00000218 -0.05596358
v 0.16299844 0.00174625 -0.05597270
v 0.16299880 0.00332329 -0.05586571
v 0.16300005 -0.00992227 -0.05511355
v 0.16299957 -0.00640069 -0.05563277
v 0.16299957 -0.00524587 -0.05572313
v 0.16299939 -0.00331957 -0.05587405
v 0.16300005 -0.01064796 -0.05498284
v 0.16300005 -0.01615913 -0.05399054
v 0.16300005 -0.03549179 -0.05050921
v 0.16300005 -0.03332380 -0.05089968
v 0.16300005 -0.03034773 -0.05143553
v 0.16300005 -0.02743171 -0.05196065
v 0.16300005 -0.02743171 -0.05196053
v 0.16300005 -0.02456388 -0.05247706
v 0.16300005 -0.02270703 -0.05281144
v 0.16300005 -0.02173444 -0.05298650
v 0.16299725 -0.04089230 -0.04900092
v 0.16299802 -0.03939252 -0.04950827
v 0.16299963 -0.03636048 -0.05030805
v 0.16299963 -0.03636048 -0.05030793
v 0.16299880 -0.03788575 -0.04995471
v 0.16299850 -0.03847855 -0.04981744
v 0.16299850 -0.03847855 -0.04981732
v 0.16299713 -0.04382071 -0.04773116
v 0.16299874 -0.04647337 -0.04621500
v 0.16299766 -0.04528084 -0.04697084
v 0.16299713 -0.04412827 -0.04759222
v 0.16299695 -0.04236076 -0.04839063
v 0.16299695 -0.04135923 -0.04884297
v 0.16299707 -0.04119475 -0.04889864
v 0.16300303 -0.05116208 -0.04260206
v 0.16300267 -0.05054540 -0.04319006
v 0.16300243 -0.05026598 -0.04345644
v 0.16300023 -0.04798586 -0.04523903
v 0.16300017 -0.04787022 -0.04532945
v 0.16300285 -0.05509718 -0.03817540
v 0.16300297 -0.05500037 -0.03829807
v 0.16300380 -0.05334687 -0.04039186
v 0.16300392 -0.05290543 -0.04087621
v 0.16300404 -0.05246490 -0.04135960
v 0.16300112 -0.05682907 -0.03551686
v 0.16300285 -0.05524695 -0.03798574
v 0.16299736 -0.06004665 -0.02747577
v 0.16299707 -0.05977657 -0.02861601
v 0.16299844 -0.05826863 -0.03271896
v 0.16299874 -0.05809232 -0.03306448
v 0.16300100 -0.05688771 -0.03542536
v 0.16299725 -0.05949307 -0.02944088
v 0.16299772 -0.05878048 -0.03151375
v 0.16299832 -0.05833966 -0.03255165
v 0.16299766 -0.06033731 -0.02624875
v 0.16299772 -0.06047744 -0.02565718
v 0.16300005 -0.06095552 -0.02162230
v 0.16299987 -0.06088495 -0.02264500
v 0.16299963 -0.06083680 -0.02300090
v 0.16300005 -0.06174383 -0.00658059
v 0.16300005 -0.06152211 -0.01081115
v 0.16300005 -0.06105470 -0.01972991
v 0.16300005 -0.06139888 -0.01316255
v 0.14115638 -0.04999038 0.01428527
v 0.14115638 -0.05054241 0.01218307
v 0.14849579 -0.05432875 0.00996041
v 0.15583515 -0.05770303 0.01027554
v 0.15583515 -0.04574055 0.03532386
v 0.13399702 -0.00787498 0.04835409
v 0.14849579 -0.00950203 0.05206710
v 0.13400006 -0.00427107 0.04881305
v 0.14849579 -0.00517961 0.05240601
v 0.14850014 -0.00517989 0.05240709
v 0.14850003 -0.00517988 0.05240709
v 0.14849579 -0.01418849 0.05128402
v 0.14849579 -0.01875351 0.05008608
v 0.14849579 -0.02317136 0.04848605
v 0.14849579 -0.02741633 0.04649800
v 0.14849579 -0.03146270 0.04413706
v 0.14849579 -0.03528476 0.04141611
v 0.14849579 -0.03885677 0.03834862
v 0.15583515 -0.04887194 0.03127784
v 0.15583515 -0.05159592 0.02696955
v 0.15583515 -0.05389737 0.02243018
v 0.15583515 -0.05576112 0.01769084
v 0.15583515 -0.05652415 0.01525605
v 0.15583515 -0.05717208 0.01278293
v 0.15583515 -0.05840639 0.00517327
v 0.15584004 -0.05857741 0.00258434
v 0.15584004 -0.05857741 0.00258446
v 0.15583515 -0.05840639 0.00517315
v 0.15583515 -0.05857502 0.00258619
v 0.13399798 -0.04689314 0.01420724
v 0.13399893 -0.04735947 0.01241636
v 0.14115638 -0.05100504 0.01004863
v 0.13400006 -0.04786697 0.01046729
v 0.13399488 -0.04563978 0.01782787
v 0.13399625 -0.04619329 0.01622885
v 0.14115638 -0.04999038 0.01428515
v 0.13399786 -0.04684405 0.01434904
v 0.13399786 -0.04684405 0.01434916
v 0.13399476 -0.04552532 0.01809013
v 0.14115638 -0.04935073 0.01635277
v 0.13399464 -0.04544970 0.01826352
v 0.14115638 -0.04781582 0.02037466
v 0.13399357 -0.04411411 0.02132535
v 0.13399374 -0.04392652 0.02167773
v 0.13399488 -0.04231990 0.02469540
v 0.14115638 -0.04595207 0.02423048
v 0.13399523 -0.04206865 0.02510422
v 0.13399583 -0.04171218 0.02568460
v 0.13399583 -0.04171218 0.02568442
v 0.14115638 -0.04377388 0.02790153
v 0.13399661 -0.04115491 0.02659154
v 0.13400406 -0.03676936 0.03236359
v 0.13400275 -0.03757495 0.03139043
v 0.14115638 -0.04129562 0.03136939
v 0.13400054 -0.03893447 0.02974814
v 0.13399875 -0.03992900 0.02833432
v 0.13400680 -0.03383703 0.03543907
v 0.14849579 -0.04213614 0.03496969
v 0.14849579 -0.04213614 0.03496957
v 0.13400584 -0.03499389 0.03424489
v 0.13400441 -0.03649271 0.03269774
v 0.13400596 -0.02921038 0.03930300
v 0.13400674 -0.03003303 0.03871602
v 0.13400704 -0.03077929 0.03812194
v 0.13400710 -0.03097206 0.03796858
v 0.13400704 -0.03219933 0.03688508
v 0.13400704 -0.03219933 0.03688496
v 0.13400680 -0.03383703 0.03543895
v 0.13400376 -0.02689290 0.04095906
v 0.13399816 -0.02268204 0.04340011
v 0.13399935 -0.02361247 0.04293412
v 0.13399971 -0.02388909 0.04276806
v 0.13400269 -0.02603154 0.04147810
v 0.13399488 -0.02019911 0.04464203
v 0.13399154 -0.01552501 0.04647499
v 0.13399172 -0.01632084 0.04619807
v 0.13399184 -0.01665839 0.04608101
v 0.13399392 -0.01917688 0.04505712
v 0.13399684 -0.00809512 0.04832608
v 0.13399661 -0.00827763 0.04828805
v 0.13399285 -0.01176452 0.04756302
v 0.13399273 -0.01183909 0.04754800
v 0.14115638 -0.04935073 0.01635265
v 0.14849579 -0.05384670 0.01228034
v 0.15583515 -0.05811509 0.00773770
v 0.14115638 -0.05137645 0.00788426
v 0.14116275 -0.05137962 0.00788194
v 0.14849579 -0.05470571 0.00761086
v 0.14850003 -0.05497784 0.00523365
v 0.14850146 -0.05497852 0.00523317
v 0.15583515 -0.05811509 0.00773752
v 0.14849579 -0.05326141 0.01456785
v 0.14849579 -0.05178848 0.01903278
v 0.14849579 -0.04992472 0.02333039
v 0.14849579 -0.04768490 0.02743554
v 0.14849579 -0.04508378 0.03132355
v 0.15584254 0.01742584 0.05272311
v 0.14850014 0.01600599 0.05086309
v 0.14850014 0.01079446 0.05189806
v 0.13399404 0.04429931 0.02088350
v 0.14115763 0.04818086 0.01953119
v 0.14115763 0.04904516 0.01726913
v 0.13400495 0.03677998 0.03236836
v 0.13400626 0.03561679 0.03359950
v 0.14115763 0.03918848 0.03389925
v 0.13399577 0.01141118 0.04765302
v 0.13399798 0.00889764 0.04815203
v 0.14115763 0.00983733 0.05001801
v 0.13399851 -0.00044839 0.04899806
v 0.14850014 0.00015779 0.05250007
v 0.13399851 0.00000200 0.04900008
v 0.13399845 0.00827909 0.04827505
v 0.13399905 0.00766851 0.04839700
v 0.14115763 0.00500727 0.05056900
v 0.13399988 0.00452938 0.04876906
v 0.13399994 0.00386384 0.04884809
v 0.13399404 0.01319078 0.04715306
v 0.13399243 0.01508641 0.04662007
v 0.13399243 0.01632178 0.04618913
v 0.14850014 0.02108323 0.04930300
v 0.13399243 0.01719500 0.04588503
v 0.13399708 0.02143635 0.04403704
v 0.13399613 0.02075283 0.04438907
v 0.13399267 0.01738903 0.04580301
v 0.14850014 0.02598209 0.04722708
v 0.14850014 0.03065942 0.04464811
v 0.13400275 0.02531506 0.04191500
v 0.13400102 0.02415560 0.04263300
v 0.13400072 0.02389418 0.04276806
v 0.13400930 0.03078275 0.03812134
v 0.14850014 0.03506506 0.04158908
v 0.13400954 0.03141379 0.03760725
v 0.14115763 0.03575677 0.03738636
v 0.13400894 0.03243952 0.03667945
v 0.13400924 0.03048333 0.03836524
v 0.13400745 0.02899376 0.03945702
v 0.13400573 0.02740060 0.04062408
v 0.13400793 0.03427608 0.03501844
v 0.14115763 0.04494022 0.02603996
v 0.13399774 0.04108550 0.02666533
v 0.14115763 0.04365060 0.02810204
v 0.13400084 0.03930293 0.02926493
v 0.14115763 0.04225986 0.03010279
v 0.13400209 0.03850629 0.03025210
v 0.13400489 0.03690587 0.03223515
v 0.13400495 0.03677998 0.03236848
v 0.13399583 0.04225311 0.02479225
v 0.13399601 0.04209117 0.02508986
v 0.13399661 0.04172389 0.02568913
v 0.13399708 0.04146426 0.02611285
v 0.13399708 0.04146426 0.02611297
v 0.14115763 0.04612652 0.02392113
v 0.14115763 0.04720743 0.02175003
v 0.14115763 0.04720743 0.02174991
v 0.13399464 0.04330809 0.02285284
v 0.13399380 0.04393359 0.02170295
v 0.13399583 0.04599038 0.01681095
v 0.13399476 0.04549364 0.01820743
v 0.13399476 0.04546620 0.01826900
v 0.14115763 0.04904516 0.01726902
v 0.13399452 0.04519867 0.01886845
v 0.13399452 0.04519867 0.01886833
v 0.14115763 0.04979874 0.01496869
v 0.14115763 0.05044007 0.01263446
v 0.13399768 0.04672990 0.01473194
v 0.14116275 0.05138362 0.00788194
v 0.14115763 0.05138111 0.00788379
v 0.14115763 0.05096791 0.01027125
v 0.13400006 0.04787098 0.01046729
v 0.13400006 0.04777018 0.01091796
v 0.13399893 0.04731485 0.01260418
v 0.13399774 0.04677304 0.01461065
v 0.15584254 0.05858262 0.00258344
v 0.15584254 0.05838844 0.00546604
v 0.15584254 0.05804005 0.00832933
v 0.15584254 0.05753920 0.01116669
v 0.15584254 0.05688765 0.01397127
v 0.15584254 0.05608727 0.01673645
v 0.16300094 0.06039801 0.01367235
v 0.15584254 0.05404673 0.02212298
v 0.15584254 0.05513979 0.01945567
v 0.15584254 0.05280970 0.02473235
v 0.15584254 0.05143032 0.02727795
v 0.15584254 0.04991041 0.02975357
v 0.15584254 0.04825404 0.03215146
v 0.15584254 0.04991041 0.02975368
v 0.15584254 0.04646689 0.03446215
v 0.16300464 0.05281119 0.03087693
v 0.15584254 0.04455463 0.03667659
v 0.15584254 0.04252306 0.03878504
v 0.15584254 0.03812987 0.04265410
v 0.15584254 0.01175159 0.05377811
v 0.15584254 0.00598249 0.05422002
v 0.15584254 0.00887551 0.05407602
v 0.14850014 0.00549488 0.05239409
v 0.13399851 0.00013016 0.04899508
v 0.14850014 0.03913992 0.03808588
v 0.14850014 0.04282768 0.03418076
v 0.14850014 0.04451262 0.03209424
v 0.14850014 0.04608514 0.02992815
v 0.14850014 0.04754046 0.02768993
v 0.14850014 0.04887495 0.02538615
v 0.14850014 0.05008662 0.02302206
v 0.14850014 0.05117361 0.02060282
v 0.14850014 0.05117361 0.02060276
v 0.14850014 0.05213406 0.01813376
v 0.14850014 0.05296640 0.01562023
v 0.14850014 0.05366897 0.01306766
v 0.14850014 0.05424006 0.01048189
v 0.14850014 0.05467818 0.00786865
v 0.15584004 0.05858141 0.00258446
v 0.14850146 0.05498252 0.00523317
v 0.14850003 0.05498183 0.00523365
v 0.15584004 0.01102249 -0.05312788
v 0.14850146 0.01140226 -0.05122656
v 0.14850146 0.01699230 -0.04981774
v 0.14850146 0.05513852 0.00232184
v 0.15584004 0.05858141 0.00258434
v 0.14483213 -0.03281593 -0.04197705
v 0.14850146 -0.03291851 -0.04377913
v 0.14850146 -0.03418314 -0.04317981
v 0.14483213 -0.03036653 -0.04329741
v 0.14850146 -0.03036273 -0.04494119
v 0.14850146 -0.03291851 -0.04377908
v 0.15584004 -0.03999735 -0.04477906
v 0.15584004 -0.03865335 -0.04541665
v 0.13749343 -0.02802431 -0.04156107
v 0.13400048 -0.02742065 -0.04057217
v 0.13400048 -0.02569012 -0.04169780
v 0.13400072 0.02317575 -0.04315764
v 0.14116275 0.02282542 -0.04559475
v 0.14116275 0.02015137 -0.04670835
v 0.13399959 0.03807248 -0.03079635
v 0.14116275 0.03915534 -0.03516626
v 0.14116275 0.03815242 -0.03608155
v 0.13399971 0.03937650 -0.02912182
v 0.13399988 0.03966890 -0.02870834
v 0.14116275 0.04106959 -0.03323871
v 0.13399959 0.04761018 -0.01159579
v 0.13399971 0.04792806 -0.01002365
v 0.14850146 0.05416577 -0.01814407
v 0.13400036 0.04899234 -0.00097299
v 0.13400048 0.04896930 0.00023395
v 0.14116275 0.05206437 -0.00307423
v 0.13400048 0.04891952 0.00284183
v 0.13400036 0.04867247 0.00537676
v 0.14116275 0.05192693 0.00242597
v 0.13400024 0.04854766 0.00665730
v 0.13400024 0.04832202 0.00792772
v 0.14116275 0.05170583 0.00516188
v 0.15584004 -0.03590830 -0.04649884
v 0.15584004 -0.03451466 -0.04694921
v 0.15584004 -0.03312365 -0.04738325
v 0.15584004 -0.03035514 -0.04822832
v 0.15584004 -0.02759806 -0.04904133
v 0.15584004 -0.02484497 -0.04982030
v 0.15584004 -0.02209088 -0.05056292
v 0.15584004 -0.01933275 -0.05126685
v 0.15584004 -0.01933275 -0.05126673
v 0.15584004 -0.01656857 -0.05192983
v 0.16300005 -0.01615913 -0.05399042
v 0.15584004 -0.01101849 -0.05312788
v 0.15584004 -0.00548453 -0.05398846
v 0.14850146 0.00000197 -0.05250037
v 0.14850146 -0.00286676 -0.05241984
v 0.15584004 0.00548845 -0.05398852
v 0.15584004 0.01657268 -0.05192983
v 0.15584004 0.01933668 -0.05126673
v 0.15584004 0.02209455 -0.05056292
v 0.15584004 0.02484857 -0.04982030
v 0.15584004 0.02760188 -0.04904133
v 0.15584004 0.03035907 -0.04822832
v 0.15584004 0.03312763 -0.04738325
v 0.15584004 0.03451866 -0.04694921
v 0.15584004 0.03591228 -0.04649884
v 0.15584004 0.03729324 -0.04598987
v 0.15584004 0.03865718 -0.04541665
v 0.15584004 0.04000124 -0.04477906
v 0.15584004 0.04132224 -0.04407716
v 0.15584004 0.04132224 -0.04407704
v 0.15584004 0.04261698 -0.04331106
v 0.15584004 0.04388210 -0.04248124
v 0.15584004 0.05064799 -0.03624099
v 0.15584004 0.04857403 -0.03854930
v 0.16299874 0.04648821 -0.04623306
v 0.15584004 0.04630903 -0.04063511
v 0.15584004 0.05250255 -0.03373098
v 0.14850146 0.05250105 -0.02377248
v 0.14850146 0.05132252 -0.02646267
v 0.14850146 0.05132252 -0.02646279
v 0.14850146 0.05345111 -0.02099228
v 0.14850146 0.05416577 -0.01814419
v 0.14850146 0.05464160 -0.01524913
v 0.14850146 0.05490688 -0.01232797
v 0.14850146 0.05490688 -0.01232809
v 0.14850146 0.05520267 -0.00646454
v 0.14850146 0.05520267 -0.00646442
v 0.15584004 0.05852776 -0.00362742
v 0.13400006 0.04789671 0.01032239
v 0.13400048 0.04893408 0.00207931
v 0.13400018 0.04876817 -0.00478125
v 0.13400018 0.04874965 -0.00492400
v 0.13400006 0.04858153 -0.00622076
v 0.13399994 0.04841665 -0.00749254
v 0.13399994 0.04837511 -0.00781286
v 0.13399953 0.04734568 -0.01252246
v 0.13399911 0.04682685 -0.01434046
v 0.13399905 0.04664268 -0.01498586
v 0.14116275 0.04734978 -0.02435166
v 0.13399911 0.04522897 -0.01885521
v 0.13399911 0.04577317 -0.01739186
v 0.13399911 0.04577317 -0.01739174
v 0.13399905 0.04655935 -0.01527786
v 0.14116275 0.04600419 -0.02673423
v 0.13399988 0.04374574 -0.02205545
v 0.13399935 0.04480878 -0.01976186
v 0.13399935 0.04480878 -0.01976174
v 0.13399994 0.04248919 -0.02434689
v 0.13399994 0.04306214 -0.02338421
v 0.14116275 0.04600419 -0.02673411
v 0.13399988 0.04362183 -0.02232283
v 0.13399988 0.04372942 -0.02209061
v 0.13399988 0.04372942 -0.02209079
v 0.14116275 0.04450290 -0.02901554
v 0.14116275 0.04285500 -0.03118646
v 0.13399994 0.04116450 -0.02657247
v 0.13399994 0.04108820 -0.02670056
v 0.13399959 0.03636726 -0.03283578
v 0.13399959 0.03643827 -0.03276277
v 0.14116275 0.03815242 -0.03608143
v 0.13399959 0.03722511 -0.03181595
v 0.14116275 0.03497089 -0.03862762
v 0.13399988 0.03543215 -0.03379744
v 0.14116275 0.03605941 -0.03781265
v 0.14116275 0.03712016 -0.03696376
v 0.14850146 0.03544158 -0.04256338
v 0.14116275 0.03385563 -0.03941047
v 0.14116275 0.03497089 -0.03862774
v 0.13400018 0.03353004 -0.03572923
v 0.13400006 0.03377395 -0.03550285
v 0.13400006 0.03390211 -0.03537107
v 0.13399994 0.03449046 -0.03476596
v 0.13400048 0.03289446 -0.03631914
v 0.13749343 0.03261469 -0.03837287
v 0.13400054 0.03250592 -0.03664416
v 0.13749343 0.03037772 -0.04001027
v 0.13400126 0.03036907 -0.03843135
v 0.13749343 0.02802789 -0.04156119
v 0.13400126 0.02808802 -0.04010767
v 0.13400143 0.02993407 -0.03879517
v 0.14116275 0.02542488 -0.04437435
v 0.13400066 0.02353974 -0.04297632
v 0.14116275 0.02542488 -0.04437429
v 0.13400096 0.02568886 -0.04168814
v 0.14116275 0.02794269 -0.04305714
v 0.13400102 0.02681334 -0.04101390
v 0.13400102 0.02742706 -0.04057765
v 0.14116275 0.01741191 -0.04770565
v 0.13400239 0.01780949 -0.04561323
v 0.13400161 0.01901843 -0.04515946
v 0.13400102 0.02011869 -0.04468012
v 0.13400102 0.02018392 -0.04464763
v 0.13400096 0.02054169 -0.04446942
v 0.14116275 0.01461808 -0.04857981
v 0.13400304 0.01501251 -0.04662919
v 0.13400346 0.01540533 -0.04651594
v 0.13400066 0.01234314 -0.04739875
v 0.14116275 0.01178204 -0.04932517
v 0.14116275 0.01178204 -0.04932529
v 0.13400054 0.01214846 -0.04745495
v 0.14850146 0.00857534 -0.05178052
v 0.14850146 0.00573067 -0.05217946
v 0.13400203 0.00620461 -0.04856837
v 0.13400096 0.00798744 -0.04834485
v 0.14850146 0.00857534 -0.05178064
v 0.13400066 0.00922074 -0.04809141
v 0.13400066 0.00922074 -0.04809153
v 0.13400018 0.01172607 -0.04757667
v 0.14850146 0.00287060 -0.05241972
v 0.13400322 0.00415746 -0.04882294
v 0.13400322 0.00419543 -0.04882014
v 0.13400173 0.00000200 -0.04899997
v 0.13400316 0.00299850 -0.04890829
v 0.13400316 0.00312293 -0.04889905
v 0.13400179 -0.00386613 -0.04884708
v 0.13400179 -0.00311837 -0.04887652
v 0.14850146 -0.00857137 -0.05178064
v 0.14850146 -0.01139826 -0.05122656
v 0.14116275 -0.01177803 -0.04932529
v 0.13400018 -0.01214232 -0.04744673
v 0.13400006 -0.01141573 -0.04765111
v 0.13400024 -0.00921650 -0.04808831
v 0.13400048 -0.00767357 -0.04839504
v 0.14850146 -0.00572675 -0.05217946
v 0.13400096 -0.00620117 -0.04856986
v 0.13400173 -0.00415226 -0.04881305
v 0.14116275 -0.01740791 -0.04770595
v 0.13400126 -0.01781321 -0.04563314
v 0.13400048 -0.01508741 -0.04661870
v 0.13400131 -0.01821002 -0.04548973
v 0.14116275 -0.02014741 -0.04670835
v 0.13400096 -0.02016584 -0.04461586
v 0.14116275 -0.02282155 -0.04559475
v 0.13400072 -0.02173365 -0.04391533
v 0.13400096 -0.02053097 -0.04445267
v 0.13400096 -0.02053097 -0.04445279
v 0.14116275 -0.02542118 -0.04437429
v 0.13400048 -0.02509646 -0.04208392
v 0.13400066 -0.02316062 -0.04313827
v 0.13400054 -0.03035800 -0.03841990
v 0.13400048 -0.02829591 -0.04000276
v 0.13400048 -0.02810082 -0.04012966
v 0.13400048 -0.02810082 -0.04012978
v 0.13749343 -0.03037411 -0.04001027
v 0.13400066 -0.03132761 -0.03767568
v 0.13749343 -0.03261079 -0.03837287
v 0.13400048 -0.03224077 -0.03689718
v 0.13400048 -0.03250425 -0.03664798
v 0.13400018 -0.03350219 -0.03570408
v 0.14116275 -0.03385163 -0.03941047
v 0.13400006 -0.03387762 -0.03534895
v 0.14116275 -0.03496690 -0.03862774
v 0.14116275 -0.03814868 -0.03608167
v 0.13399911 -0.03633841 -0.03281313
v 0.14116275 -0.03711639 -0.03696394
v 0.14116275 -0.03711639 -0.03696388
v 0.13399953 -0.03543891 -0.03380871
v 0.14116275 -0.03605554 -0.03781265
v 0.13399959 -0.03504463 -0.03424513
v 0.14116275 -0.03496690 -0.03862762
v 0.13399988 -0.03449094 -0.03476888
v 0.14116275 -0.04012430 -0.03421861
v 0.13399875 -0.03807521 -0.03080261
v 0.14116275 -0.03915163 -0.03516644
v 0.13399863 -0.03761168 -0.03140396
v 0.13399875 -0.03723232 -0.03182387
v 0.13399911 -0.03633841 -0.03281325
v 0.14116275 -0.04106575 -0.03323895
v 0.13399911 -0.03937210 -0.02912027
v 0.13399905 -0.03888026 -0.02975827
v 0.14116275 -0.04285109 -0.03118646
v 0.13399935 -0.03994189 -0.02838093
v 0.13399923 -0.03968139 -0.02871895
v 0.14116275 -0.04449894 -0.02901566
v 0.13399988 -0.04203238 -0.02518147
v 0.13399959 -0.04113484 -0.02655524
v 0.13399959 -0.04113484 -0.02655512
v 0.13399935 -0.03994189 -0.02838105
v 0.14116275 -0.04600019 -0.02673411
v 0.13399988 -0.04263638 -0.02414465
v 0.13399988 -0.04251002 -0.02436149
v 0.13399959 -0.04480368 -0.01976264
v 0.13399959 -0.04440437 -0.02071404
v 0.14116275 -0.04734583 -0.02435166
v 0.13399971 -0.04371930 -0.02204347
v 0.13399971 -0.04370152 -0.02207780
v 0.13399953 -0.04579482 -0.01740110
v 0.14850146 -0.05131852 -0.02646279
v 0.13399953 -0.04588625 -0.01718336
v 0.13399953 -0.04588625 -0.01718324
v 0.14850146 -0.05249693 -0.02377248
v 0.14850146 -0.05344687 -0.02099234
v 0.13399941 -0.04682630 -0.01434034
v 0.13399941 -0.04661552 -0.01497787
v 0.13399953 -0.04799809 -0.00984836
v 0.13399953 -0.04795356 -0.01002926
v 0.14850146 -0.05416172 -0.01814425
v 0.13399941 -0.04733966 -0.01252300
v 0.14850146 -0.05344687 -0.02099228
v 0.13399935 -0.04708450 -0.01355946
v 0.14850146 -0.05463759 -0.01524925
v 0.13399959 -0.04822485 -0.00867003
v 0.13400018 -0.04875761 -0.00484765
v 0.13400018 -0.04874694 -0.00492424
v 0.14850146 -0.05490287 -0.01232809
v 0.13399994 -0.04856647 -0.00621891
v 0.13399994 -0.04856647 -0.00621909
v 0.13399988 -0.04838945 -0.00748914
v 0.13399988 -0.04838945 -0.00748903
v 0.13400036 -0.04898727 -0.00102544
v 0.14850146 -0.05519867 -0.00646454
v 0.14116275 -0.05192294 0.00242597
v 0.13400048 -0.04891847 0.00279075
v 0.13400048 -0.04893129 0.00207931
v 0.14116275 -0.05170183 0.00516176
v 0.13400024 -0.04855215 0.00659513
v 0.13400036 -0.04866945 0.00537694
v 0.13400006 -0.04789439 0.01032263
v 0.13400018 -0.04834750 0.00793284
v 0.13400018 -0.04834750 0.00793296
v 0.14116275 -0.05170183 0.00516188
v 0.13400018 -0.04837611 0.00778204
v 0.15584004 -0.05852376 -0.00362742
v 0.16300005 -0.06174383 -0.00658047
v 0.15584004 -0.05249894 -0.03373116
v 0.15584004 -0.05249894 -0.03373128
v 0.15584004 -0.05064393 -0.03624076
v 0.15584004 -0.04857005 -0.03854942
v 0.15584004 -0.04630508 -0.04063499
v 0.15584004 -0.04387816 -0.04248130
v 0.15584004 -0.04131840 -0.04407704
v 0.15584004 -0.04261314 -0.04331094
v 0.16299766 -0.04528084 -0.04697096
v 0.15584004 -0.03728938 -0.04598975
v 0.14116275 0.05170583 0.00516176
v 0.13400024 0.04832202 0.00792766
v 0.14850146 0.05522735 -0.00060076
v 0.13399959 0.03887782 -0.02982736
v 0.14116275 0.04012804 -0.03421855
v 0.14850146 0.04247585 -0.03785992
v 0.14850146 0.04458201 -0.03591084
v 0.14850146 0.04458201 -0.03591079
v 0.14850146 0.04653846 -0.03378242
v 0.14850146 0.04832610 -0.03148758
v 0.14850146 0.04992617 -0.02904135
v 0.14850146 0.03667632 -0.04190123
v 0.14850146 0.03788867 -0.04119027
v 0.14850146 0.03907684 -0.04043025
v 0.14850146 0.04023879 -0.03962165
v 0.14850146 0.04137251 -0.03876472
v 0.14850146 0.02777228 -0.04604924
v 0.14483213 0.03037025 -0.04329741
v 0.14850146 0.03036653 -0.04494107
v 0.14850146 0.03036653 -0.04494119
v 0.14483213 0.03281987 -0.04197705
v 0.14850146 0.03292245 -0.04377908
v 0.14850146 0.03292245 -0.04377913
v 0.14850146 0.03418715 -0.04317981
v 0.14116275 0.03271728 -0.04017496
v 0.14116275 0.03037399 -0.04165381
v 0.13749343 0.02802789 -0.04156107
v 0.14850146 0.01974402 -0.04898757
v 0.14850146 0.01974402 -0.04898745
v 0.14850146 0.02245999 -0.04807884
v 0.14850146 0.02513672 -0.04709738
v 0.14850146 -0.02776856 -0.04604924
v 0.14116275 -0.02793906 -0.04305714
v 0.14116275 -0.02793906 -0.04305708
v 0.14850146 -0.02513308 -0.04709721
v 0.14850146 -0.02513308 -0.04709738
v 0.14116275 -0.02542118 -0.04437435
v 0.14850146 -0.02245622 -0.04807872
v 0.14850146 -0.02245622 -0.04807884
v 0.14850146 -0.01974008 -0.04898757
v 0.14850146 -0.01698824 -0.04981792
v 0.14116275 -0.01461417 -0.04858035
v 0.13400018 -0.01233737 -0.04739195
v 0.14116275 -0.03271336 -0.04017496
v 0.14116275 -0.03037032 -0.04165381
v 0.14850146 -0.03543760 -0.04256326
v 0.14850146 -0.03543760 -0.04256338
v 0.14850146 -0.03667246 -0.04190123
v 0.14850146 -0.03788487 -0.04119027
v 0.14850146 -0.03907302 -0.04043037
v 0.14850146 -0.04023501 -0.03962177
v 0.14850146 -0.04136872 -0.03876472
v 0.14850146 -0.04992239 -0.02904147
v 0.14850146 -0.04832206 -0.03148741
v 0.14850146 -0.04653450 -0.03378254
v 0.14850146 -0.04653450 -0.03378242
v 0.14850146 -0.04457809 -0.03591079
v 0.14850146 -0.04247196 -0.03786016
v 0.14850146 -0.05513452 0.00232184
v 0.14850146 -0.05522335 -0.00060076
v 0.14116275 -0.05206037 -0.00307423
v 0.13400048 -0.04896456 0.00023407
v 0.14850146 -0.03036273 -0.04494107
v 0.15584004 -0.01656857 -0.05192995
v 0.13400018 -0.01214232 -0.04744685
v 0.13400239 0.01780949 -0.04561335
v 0.15584004 0.01657268 -0.05192977
v 0.15584004 0.01933668 -0.05126685
v 0.14850146 0.03544158 -0.04256326
v 0.12604505 0.00000200 0.04900008
v 0.12604505 -0.03927347 -0.02904320
v 0.12604505 -0.04536746 0.01823664
v 0.12604505 -0.04749862 0.01202887
v 0.12604505 -0.04778632 0.01030469
v 0.12604505 -0.04883064 0.00404644
v 0.12604505 -0.04883064 0.00207967
v 0.12604505 -0.04883064 -0.00404632
v 0.13400036 -0.04898727 -0.00102532
v 0.12604505 -0.04847091 -0.00620204
v 0.12604505 -0.04749862 -0.01202863
v 0.12604505 -0.04671791 -0.01430285
v 0.12604505 -0.04749862 -0.01202875
v 0.12604505 -0.04847091 -0.00620216
v 0.12604505 -0.04487090 -0.01968306
v 0.12604505 -0.04487090 -0.01968294
v 0.12604505 -0.04101916 -0.02680039
v 0.12604505 -0.04362236 -0.02199012
v 0.12604505 -0.03379637 -0.03525996
v 0.12604505 -0.03604847 -0.03318679
v 0.12604505 -0.02734851 -0.04046184
v 0.12604505 -0.03009442 -0.03866774
v 0.12604505 -0.03009442 -0.03866786
v 0.12604505 -0.02011516 -0.04449964
v 0.12604505 -0.02331942 -0.04309410
v 0.12604505 -0.01590827 -0.04634506
v 0.13400126 -0.01781321 -0.04563326
v 0.12604505 -0.01230411 -0.04725778
v 0.12604505 -0.00806314 -0.04833168
v 0.12604505 -0.01230411 -0.04725766
v 0.12604505 0.00414368 -0.04865688
v 0.12604505 -0.00413968 -0.04865676
v 0.12604505 -0.00413968 -0.04865688
v 0.12604505 0.00000200 -0.04899997
v 0.13400179 -0.00311837 -0.04887664
v 0.12604505 0.00806714 -0.04833168
v 0.12604505 0.01230811 -0.04725766
v 0.12604505 0.01230811 -0.04725778
v 0.12604505 0.00414368 -0.04865676
v 0.12604505 0.01591227 -0.04634506
v 0.12604505 0.02011916 -0.04449964
v 0.12604505 0.02332342 -0.04309410
v 0.12604505 0.02735251 -0.04046184
v 0.12604505 0.03380036 -0.03525996
v 0.12604505 0.03009842 -0.03866774
v 0.12604505 0.03009842 -0.03866786
v 0.12604505 0.03927747 -0.02904320
v 0.12604505 0.03605247 -0.03318679
v 0.13399994 0.04116450 -0.02657235
v 0.13399988 0.03966890 -0.02870828
v 0.13399905 0.04664268 -0.01498574
v 0.12604505 0.04672190 -0.01430285
v 0.12604505 0.04487489 -0.01968306
v 0.12604505 0.04487489 -0.01968294
v 0.12604505 0.04362636 -0.02199012
v 0.12604505 0.04102316 -0.02680039
v 0.12604505 0.04750261 -0.01202863
v 0.12604505 0.04847491 -0.00620216
v 0.12604505 0.04847491 -0.00620204
v 0.12604505 0.04750261 -0.01202875
v 0.12604505 0.04883464 0.00207967
v 0.13400036 0.04899234 -0.00097287
v 0.12604505 0.04883464 -0.00404632
v 0.12604505 0.04779033 0.01030469
v 0.12604505 0.04883464 0.00404644
v 0.12604505 0.04537146 0.01823664
v 0.12604505 0.04750261 0.01202887
v 0.12604505 0.04164696 0.02564788
v 0.12604505 0.04487489 0.01968306
v 0.12604505 0.04487489 0.01968318
v 0.12604505 0.03672322 0.03232509
v 0.12604505 0.04102316 0.02680045
v 0.13399661 0.04172389 0.02568924
v 0.12604505 0.03074108 0.03807634
v 0.12604505 0.03605247 0.03318691
v 0.12604505 0.02387178 0.04273611
v 0.12604505 0.03009842 0.03866810
v 0.12604505 0.01631211 0.04617006
v 0.12604505 0.02332342 0.04309410
v 0.12604505 0.01591227 0.04634506
v 0.12604505 0.00827872 0.04827803
v 0.12604505 0.00806714 0.04833204
v 0.12604505 -0.00806314 0.04833204
v 0.12604505 -0.00827472 0.04827803
v 0.12604505 -0.01590827 0.04634506
v 0.12604505 -0.01630811 0.04617006
v 0.12604505 -0.02386778 0.04273611
v 0.12604505 -0.02331942 0.04309410
v 0.12604505 -0.03009442 0.03866810
v 0.12604505 -0.03073708 0.03807634
v 0.12604505 -0.03604847 0.03318691
v 0.12604505 -0.04101916 0.02680045
v 0.12604505 -0.03671922 0.03232509
v 0.12604505 -0.04487090 0.01968318
v 0.12604505 -0.04164296 0.02564788
v 0.12604505 -0.04487090 0.01968306
v 0.13399661 -0.04115491 0.02659166
v 0.01400003 0.01718272 0.05004603
v 0.01400003 0.02518566 0.04653507
v 0.01400003 0.03250165 0.04175609
v 0.01400003 0.01718272 -0.05004567
v 0.01400003 0.00871114 -0.05219090
v 0.01400003 0.00000200 -0.05291265
v 0.01400003 -0.02518166 0.04653507
v 0.01400003 0.02518566 -0.04653525
v 0.01400003 -0.01717873 0.05004603
v 0.01400003 -0.00870715 0.05219108
v 0.01400003 0.00000200 0.05291313
v 0.01400003 0.00871114 0.05219108
v 0.01400003 0.04429874 -0.02894044
v 0.01400003 0.03893114 0.03583688
v 0.01400003 -0.00870715 -0.05219090
v 0.01400003 -0.01717873 -0.05004567
v 0.01400003 -0.04429474 -0.02894044
v 0.01400003 -0.04845404 -0.02125478
v 0.01400003 -0.05129158 -0.01298928
v 0.01400003 -0.03249765 0.04175609
v 0.01400003 -0.03892714 0.03583688
v 0.01400003 -0.04429474 0.02894056
v 0.01400003 0.03250165 -0.04175556
v 0.01400003 0.03893114 -0.03583676
v 0.01400003 -0.05129158 0.01298940
v 0.01400003 -0.04845404 0.02125490
v 0.01400003 -0.05272998 0.00436956
v 0.01400003 -0.05272998 -0.00436944
v 0.01400003 0.04429874 0.02894056
v 0.01400003 0.04845803 0.02125490
v 0.01400003 0.05129559 0.01298940
v 0.01400003 -0.03892714 -0.03583676
v 0.01400003 -0.03249765 -0.04175556
v 0.01400003 -0.02518166 -0.04653525
v 0.01400003 0.04845803 -0.02125478
v 0.01400003 0.05129559 -0.01298928
v 0.01400003 0.05273397 -0.00436944
v 0.01400003 0.05273397 0.00436956
f 1 2 3
f 3 2 4
f 3 4 5
f 5 4 6
f 2 7 4
f 4 7 8
f 4 8 6
f 6 8 9
f 7 10 8
f 8 10 11
f 8 11 9
f 9 11 12
f 13 14 15
f 16 14 17
f 16 17 18
f 18 17 19
f 14 20 17
f 17 20 21
f 17 21 19
f 19 21 22
f 20 23 21
f 21 23 24
f 21 24 22
f 22 24 25
f 23 26 24
f 24 26 27
f 24 27 25
f 25 27 28
f 26 29 27
f 27 29 30
f 27 30 28
f 28 30 31
f 29 32 30
f 30 32 33
f 30 33 31
f 34 33 35
f 32 36 33
f 33 36 37
f 33 37 35
f 35 37 38
f 36 39 37
f 37 39 40
f 37 40 38
f 38 40 41
f 39 42 40
f 40 42 43
f 40 43 41
f 41 43 44
f 45 46 47
f 43 42 48
f 48 42 49
f 48 49 50
f 44 43 47
f 47 43 48
f 47 48 45
f 45 48 50
f 49 51 50
f 50 51 52
f 50 52 45
f 45 52 53
f 45 54 46
f 46 54 55
f 51 56 52
f 52 56 57
f 52 57 53
f 54 57 58
f 54 59 55
f 56 60 57
f 57 60 61
f 57 61 58
f 59 61 62
f 60 63 61
f 61 63 64
f 61 64 62
f 62 64 65
f 63 1 64
f 64 1 3
f 64 3 65
f 66 3 5
f 67 13 15
f 67 16 68
f 69 16 18
f 69 18 70
f 10 7 71
f 71 7 72
f 1 73 2
f 2 73 72
f 2 72 74
f 60 75 63
f 63 75 73
f 63 73 1
f 51 76 56
f 56 76 75
f 56 75 60
f 42 77 49
f 49 77 76
f 49 76 78
f 42 39 77
f 77 39 79
f 32 80 36
f 36 80 79
f 36 79 39
f 26 81 29
f 29 81 80
f 29 80 32
f 20 82 23
f 23 82 81
f 23 81 26
f 13 83 14
f 14 83 82
f 14 82 20
f 10 84 11
f 11 84 85
f 11 85 12
f 12 85 86
f 84 87 85
f 85 87 88
f 85 88 86
f 89 88 90
f 9 12 86
f 89 90 9
f 9 90 91
f 9 91 6
f 6 91 92
f 6 92 5
f 5 92 93
f 5 93 65
f 66 93 94
f 66 94 62
f 62 94 58
f 95 96 97
f 97 96 35
f 97 35 94
f 98 99 100
f 100 99 35
f 100 35 101
f 101 35 96
f 35 38 94
f 94 38 41
f 94 41 44
f 28 102 25
f 25 102 19
f 25 19 22
f 99 103 35
f 35 103 102
f 35 102 31
f 34 102 28
f 55 59 46
f 46 59 94
f 46 94 47
f 47 94 44
f 70 18 104
f 104 18 19
f 104 19 105
f 105 19 102
f 106 107 108
f 108 107 109
f 108 109 105
f 105 109 104
f 107 67 109
f 109 67 68
f 109 69 104
f 104 69 70
f 13 67 83
f 83 67 110
f 10 71 84
f 84 71 111
f 84 111 87
f 112 113 114
f 115 116 114
f 117 115 118
f 118 115 114
f 118 114 119
f 119 114 113
f 120 112 121
f 121 112 114
f 121 114 122
f 122 114 123
f 124 125 126
f 126 125 127
f 71 72 128
f 128 72 129
f 129 72 130
f 130 72 73
f 130 73 131
f 73 75 131
f 131 75 132
f 75 76 132
f 132 76 133
f 76 77 133
f 133 77 134
f 77 79 134
f 134 79 135
f 79 80 135
f 135 80 136
f 80 81 136
f 136 81 137
f 81 82 137
f 137 82 138
f 138 82 139
f 139 82 83
f 139 83 140
f 83 110 140
f 140 110 141
f 142 143 144
f 87 142 88
f 88 142 144
f 88 144 90
f 90 144 91
f 143 145 144
f 144 145 146
f 144 146 91
f 91 146 92
f 147 106 108
f 148 149 150
f 151 149 152
f 151 152 103
f 103 152 102
f 149 147 152
f 152 147 108
f 152 108 102
f 102 108 105
f 153 154 155
f 155 154 156
f 155 156 157
f 157 156 99
f 157 99 98
f 154 148 156
f 156 148 150
f 156 151 99
f 99 151 103
f 158 100 101
f 159 160 161
f 162 160 163
f 162 163 164
f 96 159 101
f 101 159 161
f 101 162 165
f 158 162 164
f 163 153 164
f 166 153 155
f 166 155 165
f 158 155 157
f 158 157 100
f 100 157 98
f 167 160 168
f 169 160 159
f 169 159 95
f 95 159 96
f 170 171 172
f 172 171 173
f 172 173 94
f 94 173 97
f 171 167 173
f 173 167 168
f 173 169 97
f 97 169 95
f 145 174 146
f 146 174 175
f 146 176 92
f 92 176 93
f 174 170 175
f 176 170 172
f 176 172 93
f 93 172 94
f 106 177 107
f 107 177 110
f 107 110 67
f 142 87 178
f 178 87 111
f 179 111 180
f 180 111 71
f 180 71 128
f 112 120 181
f 181 120 182
f 120 121 182
f 182 121 183
f 121 122 183
f 183 122 184
f 122 123 184
f 184 123 185
f 123 114 185
f 185 114 186
f 114 116 186
f 186 116 187
f 116 115 187
f 187 115 188
f 115 117 188
f 188 117 189
f 117 118 189
f 189 118 190
f 118 119 190
f 190 119 191
f 119 113 191
f 191 113 192
f 113 112 192
f 192 112 181
f 193 194 195
f 195 194 196
f 197 198 199
f 199 198 200
f 198 201 200
f 200 201 202
f 201 203 202
f 202 203 204
f 203 205 204
f 204 205 206
f 205 207 206
f 206 207 208
f 209 126 210
f 210 126 127
f 210 127 211
f 211 127 125
f 211 125 212
f 212 125 124
f 212 124 209
f 209 124 126
f 207 213 208
f 214 213 215
f 213 216 215
f 215 216 217
f 216 218 217
f 219 218 220
f 218 221 220
f 220 221 222
f 221 223 222
f 222 223 224
f 223 225 224
f 224 225 226
f 225 193 226
f 226 193 195
f 227 228 229
f 227 229 230
f 230 229 231
f 230 231 232
f 233 227 234
f 234 227 235
f 234 235 236
f 237 238 232
f 232 238 239
f 232 239 230
f 230 239 240
f 241 235 242
f 243 235 244
f 243 227 245
f 245 227 230
f 246 247 248
f 248 247 239
f 248 239 249
f 249 239 238
f 250 197 251
f 251 197 199
f 128 129 252
f 252 129 253
f 252 253 254
f 254 253 255
f 129 130 253
f 253 130 256
f 253 256 255
f 255 256 257
f 130 131 256
f 256 131 258
f 256 258 257
f 257 258 259
f 131 132 258
f 258 132 260
f 258 260 259
f 260 132 261
f 262 132 133
f 262 133 263
f 263 133 134
f 263 134 264
f 265 134 135
f 265 135 266
f 266 135 136
f 266 136 267
f 267 136 137
f 268 267 269
f 269 267 137
f 269 137 138
f 138 139 269
f 269 139 270
f 269 271 268
f 268 271 272
f 139 140 270
f 271 140 273
f 271 273 272
f 272 273 274
f 140 141 273
f 273 141 275
f 273 275 274
f 274 275 276
f 277 278 279
f 279 278 280
f 279 280 281
f 281 280 282
f 283 284 285
f 285 284 286
f 285 286 287
f 287 286 288
f 141 110 289
f 289 110 177
f 289 177 290
f 143 142 291
f 292 147 149
f 171 170 291
f 170 174 291
f 291 174 145
f 291 145 143
f 149 148 292
f 292 148 154
f 292 154 153
f 153 163 292
f 292 163 160
f 292 160 291
f 291 160 167
f 291 167 171
f 106 147 177
f 177 147 293
f 291 142 294
f 294 142 178
f 179 295 111
f 111 295 178
f 295 296 297
f 179 298 295
f 295 298 299
f 295 299 296
f 298 179 180
f 300 301 302
f 302 301 299
f 302 299 298
f 298 180 302
f 302 180 128
f 302 128 252
f 303 300 304
f 304 300 302
f 304 302 305
f 305 302 252
f 305 252 254
f 196 306 195
f 195 306 307
f 195 307 308
f 306 196 309
f 310 311 312
f 309 196 313
f 313 196 194
f 313 194 312
f 314 194 310
f 315 316 317
f 317 316 197
f 317 197 250
f 318 311 310
f 223 318 225
f 225 318 310
f 225 310 193
f 193 310 194
f 190 191 213
f 213 191 216
f 216 191 192
f 216 192 218
f 218 192 221
f 221 192 181
f 221 181 223
f 223 181 182
f 223 182 318
f 182 183 318
f 318 183 184
f 318 184 316
f 213 207 190
f 190 207 205
f 190 205 189
f 205 203 189
f 189 203 201
f 189 201 188
f 188 201 198
f 188 198 187
f 187 198 197
f 187 197 186
f 186 197 316
f 186 316 185
f 185 316 184
f 317 319 315
f 319 317 320
f 320 317 250
f 320 250 321
f 321 250 251
f 322 199 323
f 323 199 200
f 323 200 324
f 324 200 202
f 324 202 325
f 325 202 204
f 325 204 326
f 326 204 206
f 326 206 327
f 328 206 208
f 212 215 329
f 215 212 208
f 214 212 209
f 214 209 327
f 328 209 210
f 328 210 329
f 329 210 211
f 329 211 212
f 329 215 330
f 331 215 217
f 331 219 332
f 332 219 220
f 332 220 333
f 333 220 222
f 333 222 334
f 334 222 224
f 334 224 335
f 335 224 226
f 336 335 337
f 337 335 226
f 337 226 308
f 308 226 195
f 235 338 236
f 236 338 339
f 236 339 234
f 234 339 340
f 234 340 233
f 233 340 341
f 233 342 244
f 227 342 343
f 227 343 228
f 228 343 344
f 228 344 229
f 229 344 345
f 229 345 231
f 231 345 346
f 231 346 232
f 232 346 347
f 232 347 237
f 237 347 348
f 237 348 238
f 238 348 349
f 238 349 249
f 249 349 350
f 249 350 248
f 248 350 351
f 248 351 246
f 246 351 352
f 246 352 247
f 247 352 353
f 247 353 239
f 239 353 354
f 239 354 240
f 240 354 355
f 240 355 230
f 230 355 356
f 230 356 245
f 245 356 357
f 245 358 242
f 243 358 359
f 243 359 241
f 241 359 360
f 241 360 235
f 235 360 338
f 321 251 361
f 361 251 362
f 251 199 362
f 362 199 322
f 362 322 363
f 364 322 365
f 366 364 367
f 367 364 365
f 368 369 370
f 371 369 372
f 141 289 275
f 275 289 370
f 368 371 373
f 373 371 289
f 373 289 290
f 276 275 374
f 374 275 370
f 374 371 375
f 375 371 372
f 375 372 376
f 377 378 379
f 369 368 380
f 377 368 373
f 377 373 290
f 381 382 383
f 383 382 384
f 385 381 386
f 386 381 383
f 385 386 387
f 388 386 389
f 390 391 387
f 388 391 392
f 391 393 392
f 392 393 394
f 393 395 394
f 394 395 396
f 397 398 399
f 397 399 400
f 400 399 401
f 400 401 402
f 402 401 403
f 402 403 404
f 404 403 405
f 404 405 406
f 406 405 407
f 406 407 408
f 408 407 409
f 408 409 410
f 410 409 411
f 410 411 412
f 412 411 396
f 412 396 395
f 397 413 398
f 398 413 414
f 413 415 414
f 414 415 416
f 415 417 416
f 416 417 418
f 417 419 418
f 418 419 420
f 419 421 420
f 420 421 422
f 423 424 254
f 254 424 425
f 303 304 425
f 425 304 305
f 425 305 254
f 254 255 423
f 423 255 426
f 259 427 257
f 257 427 426
f 257 426 255
f 259 260 427
f 427 260 428
f 260 262 428
f 428 262 429
f 262 263 429
f 430 263 431
f 263 265 431
f 431 265 432
f 265 266 432
f 433 266 434
f 266 267 434
f 434 267 435
f 267 268 435
f 435 268 436
f 274 437 272
f 272 437 436
f 272 436 268
f 274 276 437
f 437 276 438
f 439 440 438
f 376 439 375
f 375 439 438
f 375 438 374
f 374 438 276
f 440 439 441
f 441 439 442
f 443 444 278
f 278 444 280
f 445 443 277
f 277 443 278
f 446 445 279
f 279 445 277
f 447 446 281
f 281 446 279
f 448 447 282
f 282 447 281
f 444 448 280
f 280 448 282
f 449 450 285
f 285 450 283
f 451 449 287
f 287 449 285
f 452 451 288
f 288 451 287
f 453 452 286
f 286 452 288
f 454 453 284
f 284 453 286
f 450 454 283
f 283 454 284
f 292 291 455
f 455 291 294
f 377 456 378
f 177 293 290
f 290 293 380
f 147 292 293
f 293 292 455
f 457 458 459
f 459 458 460
f 461 462 463
f 463 462 464
f 465 466 467
f 467 466 463
f 467 463 468
f 468 463 464
f 469 458 470
f 470 458 457
f 461 463 471
f 471 463 294
f 471 294 472
f 472 294 178
f 472 178 297
f 297 178 295
f 473 472 297
f 473 297 474
f 474 297 475
f 475 297 296
f 475 296 299
f 303 425 300
f 300 425 475
f 300 475 301
f 301 475 299
f 476 475 424
f 424 475 425
f 421 477 422
f 422 477 478
f 337 479 336
f 336 479 480
f 479 337 308
f 479 308 481
f 481 308 307
f 481 307 482
f 313 483 309
f 309 483 484
f 309 484 306
f 306 484 482
f 306 482 307
f 483 313 485
f 485 313 312
f 485 314 486
f 486 314 311
f 486 311 318
f 316 487 318
f 318 487 486
f 361 488 321
f 321 488 489
f 321 489 320
f 490 491 361
f 361 491 492
f 361 492 488
f 487 316 315
f 487 315 489
f 489 315 319
f 489 319 320
f 493 366 367
f 393 391 338
f 477 421 480
f 480 421 419
f 386 383 389
f 390 383 384
f 390 384 391
f 391 384 494
f 391 494 493
f 334 335 333
f 333 335 336
f 355 354 404
f 404 354 402
f 402 354 353
f 402 353 400
f 400 353 397
f 397 353 352
f 397 352 413
f 413 352 351
f 413 351 350
f 338 360 393
f 393 360 359
f 393 359 395
f 395 359 357
f 395 358 412
f 412 358 356
f 419 417 480
f 480 417 415
f 480 415 336
f 336 415 413
f 336 413 333
f 333 413 350
f 404 406 355
f 355 406 408
f 355 408 356
f 356 408 410
f 356 410 412
f 493 367 391
f 391 367 365
f 391 495 338
f 338 495 322
f 338 322 339
f 339 322 323
f 339 323 340
f 340 323 324
f 340 324 341
f 342 324 325
f 342 325 343
f 343 325 326
f 343 326 344
f 344 326 327
f 344 328 345
f 345 328 329
f 345 329 346
f 346 329 330
f 346 331 347
f 347 331 332
f 347 332 348
f 348 332 333
f 348 333 349
f 349 333 350
f 490 361 366
f 366 361 362
f 366 362 363
f 442 496 441
f 456 497 442
f 442 439 376
f 378 456 379
f 369 456 442
f 369 442 372
f 372 442 376
f 494 384 498
f 498 384 382
f 498 382 499
f 499 382 500
f 414 416 426
f 500 382 496
f 496 382 381
f 496 381 441
f 441 381 385
f 385 388 441
f 441 388 392
f 441 392 501
f 440 392 394
f 422 478 476
f 436 437 438
f 422 476 420
f 423 426 424
f 424 426 416
f 424 416 476
f 476 416 418
f 476 418 420
f 430 431 396
f 396 431 432
f 407 405 409
f 409 405 403
f 409 403 411
f 411 403 401
f 411 401 396
f 396 401 399
f 396 399 429
f 430 399 398
f 430 398 428
f 428 398 414
f 428 414 427
f 427 414 426
f 438 440 436
f 436 440 394
f 436 394 435
f 435 394 396
f 435 396 434
f 434 396 432
f 502 503 504
f 504 503 505
f 504 505 506
f 466 507 460
f 451 452 455
f 506 508 509
f 509 508 510
f 509 510 511
f 455 452 505
f 505 452 453
f 505 453 506
f 512 458 513
f 466 458 448
f 466 448 463
f 463 448 444
f 463 444 294
f 294 444 443
f 294 443 445
f 453 454 506
f 506 454 450
f 506 450 508
f 508 450 449
f 449 451 508
f 508 451 455
f 508 455 514
f 515 455 294
f 515 294 516
f 516 294 445
f 516 445 469
f 469 445 446
f 469 446 458
f 458 446 447
f 458 447 448
f 377 293 517
f 456 293 455
f 503 518 505
f 505 518 519
f 505 520 455
f 455 520 521
f 455 497 517
f 511 510 522
f 522 510 523
f 522 523 524
f 508 525 510
f 510 525 523
f 526 527 528
f 529 525 508
f 530 529 528
f 528 529 508
f 528 508 526
f 526 508 514
f 531 532 533
f 534 535 536
f 537 534 538
f 538 534 536
f 538 536 527
f 527 536 528
f 535 531 536
f 536 531 533
f 536 533 528
f 528 533 530
f 539 467 468
f 526 515 516
f 538 527 457
f 457 527 526
f 457 526 470
f 470 526 516
f 470 516 469
f 466 465 507
f 507 465 467
f 507 467 460
f 512 467 539
f 512 539 459
f 540 541 542
f 542 541 539
f 542 539 543
f 544 539 468
f 544 468 464
f 541 537 539
f 539 537 538
f 539 538 459
f 459 538 457
f 462 461 545
f 545 461 471
f 546 547 548
f 548 547 549
f 548 549 545
f 545 549 550
f 545 550 551
f 464 462 543
f 544 462 545
f 544 545 542
f 542 545 551
f 542 551 540
f 475 548 474
f 474 548 545
f 474 545 473
f 473 545 471
f 473 471 472
f 475 476 548
f 548 476 478
f 480 479 477
f 477 479 552
f 546 548 553
f 553 548 478
f 553 478 554
f 554 478 477
f 554 477 555
f 555 477 552
f 556 555 552
f 557 558 559
f 560 558 561
f 560 561 482
f 482 561 481
f 558 556 561
f 561 556 552
f 561 552 481
f 481 552 479
f 562 563 564
f 565 562 566
f 566 562 564
f 566 564 483
f 483 564 484
f 563 557 564
f 564 557 559
f 564 560 484
f 484 560 482
f 567 568 569
f 570 567 571
f 571 567 569
f 571 569 486
f 486 569 485
f 568 565 569
f 569 565 566
f 569 566 485
f 485 566 483
f 487 572 486
f 486 572 573
f 486 573 571
f 571 573 574
f 571 574 570
f 575 576 577
f 577 576 578
f 577 578 579
f 579 578 580
f 581 489 582
f 582 489 488
f 582 488 583
f 584 488 492
f 584 492 491
f 585 586 587
f 588 589 590
f 590 589 585
f 590 585 591
f 591 585 587
f 591 587 592
f 593 575 594
f 594 575 577
f 594 577 595
f 595 577 579
f 490 588 596
f 596 588 590
f 596 590 595
f 595 590 591
f 595 591 594
f 594 591 592
f 594 597 593
f 580 581 579
f 579 581 582
f 579 582 595
f 595 582 583
f 595 584 596
f 596 584 491
f 596 491 490
f 578 576 598
f 489 581 487
f 487 581 580
f 487 580 578
f 578 598 487
f 487 598 599
f 487 600 572
f 498 601 494
f 494 601 602
f 602 586 494
f 494 586 585
f 494 585 493
f 490 366 588
f 588 366 493
f 588 493 589
f 589 493 585
f 603 601 499
f 499 601 498
f 603 499 604
f 605 499 500
f 442 497 496
f 496 497 519
f 496 520 500
f 500 520 606
f 500 606 604
f 605 606 607
f 605 607 608
f 609 608 607
f 509 511 610
f 610 511 611
f 612 511 522
f 612 522 524
f 606 520 518
f 506 509 504
f 504 509 610
f 504 610 502
f 502 610 606
f 502 606 503
f 503 606 518
f 613 614 615
f 609 607 616
f 616 607 606
f 616 606 617
f 617 606 610
f 617 610 615
f 615 610 611
f 615 612 613
f 525 529 523
f 523 529 618
f 524 523 611
f 612 523 618
f 612 618 613
f 613 618 619
f 613 619 614
f 618 529 620
f 620 529 530
f 620 530 621
f 621 530 533
f 621 533 532
f 621 532 622
f 622 532 531
f 549 623 550
f 550 623 624
f 550 624 551
f 537 625 534
f 534 625 626
f 534 626 627
f 535 626 628
f 535 628 531
f 551 624 540
f 540 624 629
f 540 629 541
f 541 629 630
f 541 630 537
f 537 630 631
f 537 631 625
f 549 547 632
f 632 547 546
f 632 546 553
f 633 553 634
f 634 553 554
f 634 554 635
f 635 554 636
f 554 555 637
f 637 555 556
f 638 557 639
f 639 557 563
f 640 565 641
f 641 565 642
f 641 568 567
f 638 643 557
f 557 643 644
f 557 644 558
f 558 644 645
f 558 645 556
f 556 645 646
f 640 647 565
f 565 647 639
f 565 639 562
f 562 639 563
f 567 570 648
f 648 570 574
f 600 649 572
f 572 649 650
f 572 650 573
f 574 573 651
f 651 573 652
f 576 575 653
f 653 654 576
f 576 654 655
f 576 655 598
f 598 655 656
f 598 656 599
f 600 656 657
f 587 658 592
f 597 658 653
f 597 653 593
f 593 653 575
f 587 586 659
f 659 586 602
f 660 602 661
f 661 602 601
f 662 603 663
f 663 603 604
f 663 605 664
f 662 665 603
f 603 665 666
f 603 666 601
f 601 666 667
f 601 667 661
f 605 608 668
f 668 608 609
f 668 609 616
f 614 619 669
f 670 671 616
f 669 672 614
f 614 672 673
f 614 673 615
f 615 673 670
f 615 670 617
f 617 670 616
f 621 674 620
f 620 674 675
f 620 676 618
f 618 676 677
f 618 677 619
f 678 679 624
f 625 631 680
f 681 675 674
f 682 681 683
f 683 681 674
f 683 674 684
f 685 674 621
f 685 621 686
f 686 621 687
f 687 621 622
f 687 622 688
f 689 690 628
f 628 690 691
f 628 691 692
f 531 693 622
f 622 693 694
f 622 694 688
f 692 695 628
f 628 695 696
f 628 696 531
f 531 696 697
f 531 697 693
f 689 628 698
f 698 628 626
f 698 626 699
f 680 700 625
f 625 700 701
f 625 701 626
f 626 701 702
f 626 703 699
f 704 705 631
f 631 705 706
f 631 706 680
f 707 708 630
f 630 708 709
f 630 709 631
f 631 709 710
f 631 710 704
f 629 711 712
f 629 712 630
f 630 712 713
f 630 713 707
f 714 715 629
f 629 715 716
f 629 716 711
f 679 717 624
f 624 717 718
f 624 718 629
f 629 718 719
f 629 719 714
f 678 624 720
f 720 624 623
f 720 623 721
f 553 722 632
f 632 722 723
f 632 723 549
f 549 723 724
f 549 724 623
f 623 724 725
f 623 725 721
f 726 727 728
f 728 727 634
f 729 730 633
f 633 730 731
f 633 731 553
f 553 731 732
f 553 732 722
f 634 727 633
f 633 727 733
f 633 733 729
f 728 634 635
f 726 728 734
f 734 728 635
f 734 635 735
f 735 635 736
f 737 736 635
f 738 739 636
f 636 739 740
f 636 740 635
f 635 740 741
f 635 741 737
f 646 742 556
f 556 742 743
f 556 743 637
f 637 743 744
f 637 744 554
f 554 744 745
f 554 745 636
f 636 745 746
f 636 746 747
f 645 748 646
f 646 748 749
f 646 749 742
f 750 751 645
f 645 751 752
f 645 752 748
f 644 753 754
f 754 755 644
f 644 755 756
f 644 756 645
f 645 756 757
f 645 757 750
f 758 759 643
f 643 759 760
f 643 760 644
f 644 760 761
f 644 761 753
f 762 763 643
f 643 763 764
f 764 765 643
f 643 765 766
f 643 766 758
f 640 767 768
f 640 768 647
f 647 768 769
f 647 769 639
f 769 770 639
f 639 770 771
f 639 771 638
f 638 771 772
f 638 772 643
f 643 772 773
f 643 773 762
f 774 775 641
f 641 775 776
f 641 776 777
f 778 779 641
f 641 779 780
f 641 780 640
f 640 780 781
f 640 781 767
f 782 783 648
f 648 783 784
f 648 784 567
f 784 785 567
f 567 785 786
f 567 787 641
f 641 787 788
f 641 788 774
f 574 651 789
f 651 652 790
f 791 651 792
f 792 651 790
f 792 790 793
f 791 794 574
f 574 794 795
f 574 795 648
f 648 795 796
f 648 796 782
f 797 798 799
f 799 798 800
f 650 799 573
f 573 799 790
f 573 790 652
f 793 790 801
f 802 790 799
f 802 799 803
f 803 799 800
f 804 805 653
f 799 650 649
f 600 806 649
f 649 806 797
f 649 797 799
f 807 808 657
f 657 808 809
f 657 809 599
f 600 809 810
f 600 810 806
f 811 812 656
f 656 812 813
f 656 813 657
f 657 813 814
f 657 814 807
f 815 816 654
f 654 816 817
f 654 818 655
f 818 819 655
f 655 819 820
f 655 820 656
f 656 820 821
f 656 821 811
f 805 822 653
f 653 822 823
f 653 823 654
f 654 823 824
f 654 824 815
f 804 653 825
f 825 653 658
f 825 658 826
f 827 587 828
f 828 587 659
f 828 659 829
f 830 831 658
f 658 831 832
f 658 832 826
f 827 833 587
f 587 833 834
f 587 834 658
f 658 834 835
f 658 835 830
f 661 836 837
f 829 659 838
f 838 659 602
f 838 602 839
f 661 837 840
f 660 837 841
f 660 841 602
f 602 841 842
f 602 842 839
f 843 836 661
f 844 845 667
f 667 845 846
f 847 848 667
f 667 848 661
f 661 848 849
f 661 849 843
f 846 850 667
f 667 850 851
f 667 851 847
f 844 667 852
f 852 667 666
f 852 666 853
f 665 854 666
f 666 854 855
f 855 856 666
f 666 856 857
f 666 857 853
f 858 859 662
f 662 859 860
f 662 860 665
f 665 860 861
f 665 861 854
f 858 662 862
f 862 662 863
f 864 865 663
f 663 865 866
f 663 866 867
f 868 869 663
f 663 869 870
f 663 870 662
f 662 870 871
f 662 871 863
f 872 873 668
f 668 873 604
f 864 663 874
f 875 663 664
f 875 664 876
f 876 664 604
f 876 605 877
f 878 605 873
f 879 616 671
f 880 881 671
f 671 881 882
f 671 882 879
f 879 883 616
f 616 883 884
f 616 884 668
f 668 884 885
f 668 885 872
f 670 886 887
f 887 888 670
f 670 888 889
f 670 889 671
f 671 889 890
f 671 890 880
f 673 891 892
f 892 893 673
f 673 893 894
f 673 894 670
f 670 894 895
f 670 895 886
f 672 896 673
f 673 896 897
f 673 897 891
f 669 898 899
f 900 901 672
f 672 901 902
f 672 902 896
f 899 903 669
f 669 903 904
f 669 904 672
f 672 904 905
f 672 905 900
f 898 669 906
f 906 669 619
f 906 619 907
f 676 908 677
f 677 908 909
f 677 909 619
f 619 909 910
f 619 910 907
f 682 911 681
f 681 911 912
f 681 912 675
f 675 912 620
f 908 676 913
f 913 676 620
f 913 620 914
f 914 620 912
f 915 916 917
f 687 688 918
f 708 707 919
f 920 921 922
f 922 921 923
f 727 726 924
f 727 924 921
f 921 924 925
f 921 925 923
f 731 730 926
f 926 730 729
f 926 729 921
f 921 729 733
f 921 733 727
f 927 722 926
f 926 722 732
f 926 732 731
f 678 720 928
f 928 720 721
f 721 725 928
f 928 725 724
f 928 724 927
f 927 724 723
f 927 723 722
f 929 679 678
f 714 719 930
f 930 719 718
f 930 718 929
f 929 718 717
f 929 717 679
f 716 715 931
f 931 715 714
f 932 712 931
f 931 712 711
f 931 711 716
f 708 919 709
f 933 680 706
f 706 705 933
f 933 705 704
f 933 704 919
f 919 704 710
f 919 710 709
f 680 933 700
f 700 933 934
f 700 934 701
f 701 934 702
f 703 934 935
f 703 935 699
f 695 692 936
f 936 692 691
f 691 690 936
f 936 690 689
f 936 689 935
f 935 689 698
f 935 698 699
f 696 937 697
f 697 937 938
f 697 938 693
f 693 938 694
f 939 683 684
f 682 683 940
f 941 683 942
f 941 939 943
f 944 945 946
f 946 945 947
f 948 949 950
f 915 949 951
f 915 952 916
f 916 952 944
f 953 954 955
f 955 954 956
f 955 956 957
f 957 956 958
f 958 956 959
f 959 956 960
f 959 960 961
f 961 960 962
f 963 960 964
f 963 964 965
f 966 967 968
f 968 967 969
f 968 969 964
f 964 969 970
f 964 970 965
f 932 971 972
f 973 971 974
f 973 974 975
f 931 976 977
f 977 978 931
f 931 978 979
f 931 979 932
f 932 979 980
f 932 981 982
f 714 930 931
f 931 930 983
f 931 983 976
f 984 985 929
f 929 985 986
f 929 986 930
f 930 986 987
f 930 987 983
f 678 928 929
f 929 928 988
f 929 988 984
f 989 990 927
f 927 990 991
f 927 991 928
f 928 991 992
f 928 992 988
f 920 993 921
f 921 993 994
f 921 994 926
f 926 994 995
f 926 995 927
f 927 995 996
f 927 996 989
f 953 948 997
f 954 948 950
f 954 915 998
f 998 915 917
f 998 917 999
f 947 1000 946
f 946 1000 1001
f 946 1001 1002
f 1002 1001 1003
f 1002 1003 942
f 939 1003 1004
f 939 1004 943
f 944 946 916
f 916 946 1002
f 916 1002 917
f 917 1002 942
f 917 939 999
f 1005 939 684
f 1005 685 686
f 688 694 918
f 918 694 938
f 918 938 1006
f 1006 938 937
f 1006 937 1007
f 686 687 999
f 1005 687 918
f 1005 918 998
f 998 918 1006
f 998 1006 997
f 954 1006 1007
f 954 1007 956
f 956 1007 1008
f 956 1008 960
f 960 1008 1009
f 960 1009 964
f 964 1009 1010
f 964 1010 968
f 968 1010 972
f 968 973 966
f 966 973 975
f 696 695 937
f 937 695 936
f 937 936 1007
f 1007 936 935
f 1007 935 1008
f 1008 935 934
f 1008 934 1009
f 1009 934 933
f 1009 933 1010
f 1010 933 919
f 1010 919 972
f 973 919 707
f 973 707 932
f 932 707 713
f 932 713 712
f 1011 1012 1013
f 1014 1015 1016
f 1017 1018 1019
f 1020 1021 1022
f 922 923 1023
f 1023 923 1024
f 1023 1024 1025
f 1021 1026 1022
f 1022 1026 1027
f 1022 1027 1028
f 1028 1027 1029
f 1028 1029 1030
f 1020 1013 1031
f 1031 1013 1012
f 1031 1012 1032
f 1032 1012 1033
f 1033 1012 1034
f 1033 1034 1035
f 1036 1037 1034
f 1034 1037 1038
f 1034 1038 1035
f 1039 1040 1041
f 1041 1042 1039
f 1039 1042 1043
f 1039 1043 1036
f 1044 1045 1046
f 1046 1045 1047
f 1046 1047 1048
f 1044 1049 1045
f 1045 1049 1050
f 1045 1050 1040
f 1040 1050 1051
f 1040 1051 1041
f 1019 1018 1047
f 1047 1018 1052
f 1047 1052 1048
f 1053 1054 1055
f 1055 1054 1056
f 1055 1056 1057
f 1057 1056 1058
f 1057 1058 1019
f 1019 1058 1059
f 1019 1059 1060
f 1061 1062 1053
f 1062 1063 1053
f 1053 1063 1064
f 1053 1065 1054
f 1053 1066 1061
f 1061 1066 1067
f 1061 1068 1069
f 1015 1014 1067
f 1068 1014 1070
f 1068 1070 1069
f 1071 1072 1016
f 1072 1073 1016
f 1074 1073 1075
f 1074 1076 1014
f 1074 1077 1071
f 1071 1077 1078
f 1071 1078 1079
f 1080 1081 1082
f 1082 1081 1083
f 1083 1084 1082
f 1082 1084 1085
f 1082 1085 1078
f 1078 1085 1086
f 1078 1086 1079
f 793 1087 792
f 792 1087 1088
f 1089 794 1088
f 1088 794 789
f 1088 791 792
f 1090 796 1089
f 1089 796 795
f 1089 795 794
f 1091 783 1090
f 1090 783 782
f 1090 782 796
f 788 787 1092
f 1092 787 1093
f 1092 785 1091
f 1091 785 784
f 1091 784 783
f 1094 776 1095
f 1095 776 775
f 1095 775 1092
f 1092 775 774
f 1092 774 788
f 1096 779 1094
f 1094 779 777
f 1094 778 776
f 1097 781 1096
f 1096 781 780
f 1096 780 779
f 1098 768 1097
f 1097 768 767
f 1097 767 781
f 1099 770 1100
f 1098 770 769
f 1098 769 768
f 762 773 1101
f 1101 773 772
f 1101 772 1099
f 1099 772 771
f 1099 771 1102
f 762 1101 763
f 763 1101 1103
f 763 1103 764
f 764 1103 765
f 765 1103 1104
f 765 1104 766
f 766 1104 758
f 758 1104 1105
f 758 1105 759
f 755 754 1105
f 1105 754 753
f 753 761 1105
f 1105 761 760
f 1105 760 759
f 1039 751 750
f 1039 750 1040
f 1040 750 757
f 1040 757 756
f 1036 1034 1039
f 1039 1034 752
f 1039 752 751
f 744 743 1011
f 1011 743 742
f 1011 742 1012
f 1012 742 749
f 1012 749 1034
f 1034 749 748
f 1034 748 752
f 738 746 1106
f 1106 746 745
f 1107 741 1108
f 1108 741 740
f 1108 740 1106
f 1106 740 739
f 1106 739 747
f 735 736 1107
f 1107 736 737
f 1107 737 741
f 726 734 924
f 924 734 1024
f 924 1024 925
f 925 1024 923
f 1020 1022 1013
f 1013 1022 1028
f 1013 1028 1109
f 1109 1028 1030
f 1109 1030 1024
f 1024 1030 1110
f 1024 1110 1025
f 1045 1111 1047
f 1047 1111 1112
f 1047 1112 1019
f 1019 1112 1113
f 1019 1113 1057
f 1057 1113 1114
f 1057 1114 1055
f 1055 1114 1115
f 1055 1115 1053
f 1053 1115 1116
f 1053 1116 1066
f 1066 1116 1117
f 1066 1117 1067
f 1068 1117 1118
f 1068 1119 1015
f 1015 1119 1120
f 1015 1120 1016
f 1074 1120 1121
f 1074 1121 1077
f 1077 1121 1122
f 1077 1122 1078
f 1078 1122 1123
f 1078 1123 1082
f 1082 1123 1124
f 1082 1124 1080
f 734 735 1024
f 1024 735 1107
f 1024 1107 1109
f 1109 1107 1108
f 1109 1108 1013
f 1013 1108 1106
f 1013 1106 1011
f 1011 1106 745
f 1011 745 744
f 1125 1126 1124
f 1124 1126 1127
f 1124 1127 1080
f 1087 1125 1088
f 1088 1125 1124
f 1088 1124 1089
f 1089 1124 1123
f 1089 1123 1090
f 1090 1123 1122
f 1090 1122 1091
f 1091 1122 1121
f 1091 1121 1092
f 1092 1121 1120
f 1092 1120 1095
f 1095 1120 1118
f 1095 1119 1094
f 1094 1119 1117
f 1094 1117 1096
f 1096 1117 1116
f 1096 1116 1097
f 1097 1116 1115
f 1097 1115 1100
f 1098 1115 1114
f 1098 1114 1099
f 1099 1114 1113
f 1099 1113 1101
f 1101 1113 1112
f 1101 1112 1103
f 1103 1112 1111
f 1103 1111 1104
f 1104 1111 1045
f 1104 1045 1105
f 1105 1045 1040
f 1105 1040 755
f 755 1040 756
f 1128 1129 1130
f 1131 1126 1132
f 1133 1134 1135
f 1136 1137 1138
f 872 1139 1140
f 1141 1142 1143
f 1144 1145 1146
f 1147 1148 1149
f 1150 1151 1152
f 1153 1154 1155
f 1156 1157 1158
f 1159 1160 1161
f 1162 1163 1164
f 1165 1166 864
f 864 1166 865
f 1166 1167 865
f 865 1167 1168
f 865 1168 866
f 866 1168 1169
f 866 1169 867
f 868 1169 1170
f 868 1170 869
f 869 1170 870
f 870 1170 1171
f 870 1171 871
f 871 1171 1172
f 871 1173 863
f 1173 1174 863
f 1175 1174 1176
f 1175 1176 862
f 862 1176 858
f 858 1176 1177
f 858 1177 859
f 856 855 1178
f 1178 855 854
f 1178 854 1179
f 1179 854 861
f 1179 861 1177
f 1177 861 860
f 1177 860 859
f 845 844 1128
f 1128 844 852
f 1128 852 1180
f 1180 852 853
f 1180 853 857
f 1181 846 845
f 846 1181 850
f 1181 1182 850
f 850 1182 1183
f 850 1183 851
f 851 1183 1184
f 851 1184 847
f 847 1184 1185
f 847 1185 848
f 848 1185 1186
f 848 1186 849
f 849 1186 1187
f 849 1187 843
f 843 1187 836
f 836 1187 1188
f 836 1188 837
f 837 1188 1189
f 837 1189 841
f 841 1189 1190
f 841 1190 842
f 842 1190 1191
f 842 1191 839
f 839 1191 1192
f 839 1192 838
f 838 1192 829
f 829 1192 1193
f 829 1194 828
f 828 1194 827
f 827 1194 1195
f 827 1195 833
f 833 1195 834
f 834 1195 1196
f 834 1196 835
f 1197 822 1198
f 1198 822 805
f 830 835 1199
f 831 835 1196
f 831 1196 832
f 832 1196 1200
f 832 1200 826
f 826 1200 1198
f 826 1198 825
f 825 1198 805
f 825 805 804
f 823 822 824
f 824 822 1197
f 824 1197 815
f 815 1197 1201
f 815 1201 816
f 816 1201 819
f 816 819 817
f 1202 811 1203
f 1204 811 821
f 812 811 813
f 813 811 1202
f 813 1202 814
f 814 1202 1205
f 814 1205 807
f 807 1205 808
f 808 1205 809
f 809 1205 1155
f 809 1206 810
f 810 1206 1207
f 810 1207 806
f 806 1207 797
f 797 1207 1208
f 797 1209 798
f 798 1209 1210
f 798 1211 800
f 800 1211 803
f 803 1211 1212
f 803 1212 801
f 1083 1081 1213
f 1213 1081 1080
f 1159 1161 1214
f 1156 1158 1215
f 1215 1158 1210
f 1215 1211 1216
f 1216 1211 1208
f 1216 1209 1217
f 1217 1209 1207
f 1217 1207 1218
f 1206 1154 1207
f 1207 1154 1219
f 1207 1219 1218
f 1153 1206 1220
f 1220 1206 1205
f 1220 1205 1221
f 1221 1205 1202
f 1221 1202 1222
f 1223 1224 1203
f 1204 1224 1225
f 1204 1226 1202
f 1202 1226 1227
f 1202 1227 1222
f 1228 1229 1223
f 1223 1229 1230
f 1223 1231 1224
f 1232 1233 1234
f 1233 1235 1234
f 1228 1235 1236
f 1228 1237 1229
f 1228 1238 1232
f 1232 1238 1239
f 1232 1239 1240
f 1152 1151 1239
f 1239 1151 1241
f 1239 1241 1240
f 1242 1243 1149
f 1244 1243 1245
f 1244 1245 1147
f 1246 1247 1248
f 1248 1247 1242
f 1248 1242 1249
f 1249 1242 1149
f 1250 1251 1252
f 1246 1251 1253
f 1246 1253 1254
f 1254 1255 1252
f 1246 1255 1256
f 1246 1256 1247
f 1257 1258 1259
f 1259 1258 1260
f 1259 1260 1261
f 1262 1263 1260
f 1260 1263 1264
f 1260 1264 1261
f 1145 1144 1265
f 1144 1266 1265
f 1267 1266 1268
f 1267 1268 1269
f 1269 1268 1270
f 1269 1270 1271
f 1272 1273 1146
f 1146 1273 1274
f 1146 1274 1275
f 1275 1276 1146
f 1146 1276 1277
f 1146 1277 1144
f 1278 1279 1280
f 1279 1278 1281
f 1281 1278 1282
f 1281 1283 1284
f 1285 1286 1287
f 1287 1288 1289
f 1285 1288 1290
f 1285 1291 1282
f 1283 1291 1292
f 1283 1292 1284
f 1293 1294 1286
f 1286 1294 1295
f 1286 1295 1287
f 1296 1297 1293
f 1293 1297 1298
f 1293 1298 1294
f 1299 1300 1179
f 1179 1300 1296
f 1179 1296 1178
f 1178 1296 1293
f 1178 1293 856
f 856 1293 857
f 1301 1302 1303
f 1304 1305 1303
f 1303 1305 1306
f 1303 1306 1301
f 1301 1306 1307
f 1301 1307 1308
f 1308 1307 1309
f 1308 1309 1310
f 1311 1312 1313
f 1312 1311 1314
f 1314 1311 1315
f 1314 1315 1316
f 1317 1318 1315
f 1315 1318 1319
f 1315 1320 1316
f 1321 1322 1317
f 1317 1322 1323
f 1317 1323 1318
f 1324 1325 1141
f 1141 1325 1326
f 1141 1327 1142
f 1324 1328 1329
f 1329 1328 1330
f 1329 1330 1331
f 1331 1330 1332
f 1333 1334 1335
f 1335 1334 1336
f 1337 1338 1339
f 1340 1338 1341
f 1340 1341 1342
f 1342 1341 1343
f 1342 1343 1336
f 1344 1343 1345
f 1344 1345 1335
f 1346 1347 1348
f 1348 1347 1349
f 1348 1349 1337
f 1337 1349 1350
f 1337 1350 1351
f 1352 1353 1346
f 1346 1353 1354
f 1346 1354 1347
f 1355 1356 1352
f 1352 1356 1357
f 1352 1357 1353
f 1358 1359 1355
f 1355 1359 1360
f 1355 1361 1362
f 1363 1364 1358
f 1358 1364 1365
f 1358 1365 1359
f 1366 1367 1368
f 1368 1367 1369
f 1368 1369 1363
f 1363 1369 1370
f 1363 1370 1364
f 1371 1372 1373
f 1374 1372 1375
f 1376 1377 1375
f 1375 1377 1378
f 1375 1378 1373
f 1379 1380 1381
f 1381 1380 1382
f 1381 1382 1383
f 1376 1382 1384
f 1376 1384 1377
f 1385 1386 1379
f 1387 1388 1389
f 1389 1388 1390
f 1389 1391 1385
f 1385 1391 1392
f 1385 1393 1386
f 1394 1387 1395
f 1396 1397 1398
f 1399 1400 1396
f 1396 1400 1401
f 1396 1401 1397
f 947 1402 1000
f 1000 1402 1403
f 1000 1404 1405
f 1399 1404 1406
f 1399 1406 1400
f 941 1407 682
f 682 1407 1408
f 1387 1389 1395
f 1395 1389 914
f 1395 914 1407
f 1407 914 912
f 1407 912 1408
f 910 909 1385
f 1385 909 908
f 1385 908 1389
f 1389 908 913
f 1389 913 914
f 1379 1381 1385
f 1385 1381 907
f 1385 907 910
f 903 899 1383
f 1376 899 898
f 1376 898 1381
f 1381 898 906
f 1381 906 907
f 903 1376 904
f 904 1376 1375
f 904 1375 905
f 905 1375 900
f 900 1375 1372
f 900 1372 901
f 897 896 891
f 891 896 1409
f 891 1410 892
f 892 1410 893
f 893 1410 1411
f 893 1411 894
f 894 1411 895
f 895 1411 1412
f 895 1412 886
f 890 889 1413
f 1413 889 888
f 1413 888 1412
f 1412 888 887
f 1412 887 886
f 1414 880 890
f 1415 879 1416
f 1416 879 882
f 1416 882 1414
f 1414 882 1417
f 1414 881 880
f 872 885 1139
f 1139 885 884
f 1139 884 1415
f 1415 884 883
f 1415 883 879
f 864 875 1165
f 1165 875 876
f 1165 876 1418
f 1418 876 877
f 1418 878 1140
f 1140 878 873
f 1140 873 872
f 1126 1131 1127
f 1127 1131 1164
f 1127 1419 1080
f 1080 1419 1420
f 1080 1163 1213
f 1157 1214 1158
f 1158 1214 1161
f 1158 1161 1210
f 1211 1161 1421
f 1211 1421 1212
f 1422 1150 1423
f 1423 1150 1152
f 1423 1152 1424
f 1424 1152 1239
f 1424 1239 1425
f 1426 1239 1238
f 1426 1238 1427
f 1427 1238 1234
f 1427 1228 1428
f 1428 1228 1223
f 1428 1223 1429
f 1429 1223 1203
f 1250 1246 1430
f 1430 1246 1248
f 1430 1248 1431
f 1431 1248 1249
f 1431 1249 1432
f 1432 1249 1149
f 1432 1244 1433
f 1433 1244 1148
f 1433 1148 1434
f 1435 1436 1437
f 1438 1436 1439
f 1438 1439 1440
f 1441 1439 1442
f 1250 1442 1251
f 1251 1442 1439
f 1251 1439 1443
f 1443 1439 1436
f 1258 1444 1260
f 1260 1444 1269
f 1260 1269 1445
f 1262 1269 1271
f 1262 1271 1263
f 1130 1272 1446
f 1447 1272 1146
f 1447 1146 1448
f 1448 1146 1145
f 1448 1145 1449
f 1449 1145 1265
f 1449 1267 1435
f 1435 1267 1269
f 1435 1269 1436
f 1436 1269 1444
f 1436 1444 1443
f 1443 1444 1258
f 1443 1258 1251
f 1251 1258 1257
f 1251 1257 1253
f 1137 1136 1450
f 1450 1136 1451
f 1450 1452 1453
f 1454 1452 1455
f 1454 1321 1456
f 1457 1321 1317
f 1457 1317 1458
f 1458 1317 1315
f 1458 1315 1459
f 1459 1315 1311
f 1459 1311 1460
f 1460 1311 1313
f 1460 1313 1461
f 1333 1332 1334
f 1334 1332 1330
f 1334 1330 1462
f 1462 1330 1328
f 1134 1133 1136
f 1136 1133 1463
f 1136 1463 1451
f 1452 1463 1141
f 1452 1141 1455
f 1321 1141 1143
f 1321 1143 1322
f 1324 1141 1328
f 1328 1141 1463
f 1328 1463 1462
f 1462 1463 1133
f 1462 1133 1334
f 1334 1133 1135
f 1334 1135 1336
f 1344 1135 1464
f 1344 1465 1342
f 1342 1465 1466
f 1342 1466 1339
f 1340 1466 1467
f 1340 1467 1337
f 1337 1467 1468
f 1337 1468 1348
f 1348 1468 1469
f 1348 1469 1346
f 1346 1469 1470
f 1346 1470 1352
f 1371 1366 1372
f 1372 1366 1368
f 1372 1368 1471
f 1471 1368 1363
f 1471 1363 1472
f 1472 1363 1358
f 1472 1358 1473
f 1474 1358 1355
f 1474 1355 1475
f 1475 1355 1352
f 1475 1352 1476
f 1476 1352 1470
f 1477 1399 1478
f 1478 1399 1396
f 1478 1396 1479
f 1479 1396 1398
f 1479 1398 1480
f 1174 1302 1176
f 1176 1302 1301
f 1176 1301 1177
f 1177 1301 1308
f 1177 1308 1179
f 1179 1308 1310
f 1179 1310 1299
f 1476 1413 1475
f 1475 1413 1412
f 1475 1412 1473
f 1474 1412 1411
f 1474 1411 1472
f 1472 1411 1409
f 1472 1410 1471
f 1471 1410 896
f 1471 896 1372
f 1372 896 902
f 1372 902 901
f 890 1413 1414
f 1414 1413 1476
f 1414 1476 1416
f 1416 1476 1470
f 1416 1470 1415
f 1415 1470 1469
f 1415 1469 1139
f 1139 1469 1468
f 1139 1468 1140
f 1140 1468 1467
f 1140 1467 1418
f 1418 1467 1466
f 1418 1466 1165
f 1165 1466 1464
f 1165 1465 1166
f 1166 1465 1135
f 1166 1135 1167
f 1167 1135 1138
f 1167 1134 1168
f 1168 1134 1481
f 1168 1137 1169
f 1169 1137 1450
f 1169 1450 1170
f 1170 1450 1453
f 1170 1454 1171
f 1171 1454 1456
f 1171 1457 1172
f 1173 1457 1458
f 1173 1458 1482
f 1174 1458 1459
f 1174 1459 1302
f 1302 1459 1460
f 1302 1460 1303
f 1303 1460 1461
f 1303 1461 1483
f 793 802 1087
f 1087 802 1212
f 1087 1212 1132
f 1125 1212 1421
f 1125 1421 1131
f 1131 1421 1161
f 1131 1161 1164
f 1419 1161 1160
f 1419 1160 1162
f 857 1293 1180
f 1180 1293 1286
f 1180 1286 1128
f 1128 1286 1289
f 1128 1285 1129
f 1129 1285 1282
f 1129 1283 1130
f 1130 1283 1278
f 1130 1278 1272
f 1272 1278 1280
f 1272 1280 1484
f 845 1128 1485
f 1181 1128 1130
f 1181 1130 1486
f 1182 1130 1446
f 1182 1447 1183
f 1183 1447 1448
f 1183 1448 1184
f 1184 1448 1449
f 1184 1449 1185
f 1185 1449 1435
f 1185 1435 1186
f 1186 1435 1437
f 1186 1438 1187
f 1187 1438 1440
f 1187 1441 1188
f 1188 1441 1442
f 1188 1442 1189
f 1189 1442 1487
f 1189 1250 1190
f 1190 1250 1430
f 1190 1430 1191
f 1191 1430 1431
f 1191 1431 1192
f 1192 1431 1432
f 1192 1432 1193
f 1194 1432 1433
f 1194 1433 1195
f 1195 1433 1434
f 1195 1434 1196
f 1147 1422 1148
f 1148 1422 1423
f 1148 1423 1434
f 1434 1423 1424
f 1434 1424 1196
f 1196 1424 1425
f 1196 1426 1200
f 1200 1426 1427
f 1200 1427 1198
f 1198 1427 1428
f 1198 1428 1197
f 1197 1428 1429
f 1197 1429 1201
f 1201 1429 1203
f 1201 1204 819
f 819 1204 821
f 819 821 820
f 943 1004 1477
f 1477 1004 1003
f 1477 1003 1405
f 1399 1003 1001
f 1399 1001 1000
f 1480 1394 1479
f 1479 1394 1395
f 1479 1395 1478
f 1478 1395 1407
f 1478 1407 1477
f 1477 1407 940
f 1477 941 943
f 1023 1025 1488
f 1354 1353 1489
f 948 1490 949
f 949 1490 1491
f 949 1491 951
f 952 1491 1492
f 1404 1402 1492
f 1492 1402 947
f 947 945 1492
f 1492 945 944
f 1492 944 951
f 1397 1401 1493
f 1493 1401 1400
f 1493 1400 1492
f 1492 1400 1406
f 1492 1406 1403
f 1397 1493 1398
f 1398 1493 1494
f 1398 1494 1480
f 1480 1494 1495
f 1480 1495 1496
f 1497 1388 1495
f 1495 1388 1387
f 1495 1387 1496
f 1379 1498 1380
f 1380 1498 1499
f 1380 1499 1382
f 1382 1499 1384
f 1379 1386 1500
f 1498 1386 1392
f 1498 1393 1501
f 1497 1393 1390
f 1497 1391 1388
f 1366 1371 1502
f 1371 1374 1502
f 1503 1374 1378
f 1503 1378 1499
f 1499 1378 1377
f 1499 1377 1384
f 1489 1364 1504
f 1504 1364 1370
f 1504 1370 1505
f 1505 1370 1369
f 1505 1369 1502
f 1503 1369 1367
f 1503 1367 1366
f 1353 1357 1489
f 1489 1357 1362
f 1489 1356 1360
f 1361 1359 1489
f 1489 1359 1365
f 1489 1365 1364
f 1506 1345 1343
f 1506 1343 1507
f 1507 1343 1341
f 1507 1341 1351
f 1338 1350 1507
f 1507 1350 1349
f 1507 1349 1489
f 1489 1349 1347
f 1489 1347 1354
f 1327 1325 1508
f 1509 1333 1506
f 1506 1333 1335
f 1506 1335 1345
f 1329 1331 1510
f 1509 1331 1332
f 1509 1332 1333
f 1508 1325 1510
f 1509 1325 1324
f 1509 1324 1329
f 1511 1316 1319
f 1320 1318 1511
f 1511 1318 1323
f 1511 1323 1512
f 1323 1322 1512
f 1512 1322 1143
f 1512 1143 1508
f 1508 1143 1142
f 1508 1142 1326
f 1316 1511 1314
f 1314 1511 1513
f 1314 1513 1514
f 1305 1515 1306
f 1306 1515 1516
f 1305 1304 1517
f 1515 1304 1461
f 1515 1461 1513
f 1513 1461 1313
f 1513 1313 1514
f 1518 1298 1297
f 1299 1310 1519
f 1520 1310 1309
f 1520 1309 1516
f 1516 1309 1307
f 1516 1307 1306
f 1518 1297 1521
f 1521 1297 1296
f 1521 1296 1519
f 1520 1296 1522
f 1520 1300 1299
f 1288 1523 1290
f 1291 1523 1524
f 1291 1525 1292
f 1292 1525 1284
f 1288 1287 1523
f 1523 1287 1295
f 1523 1295 1526
f 1518 1295 1294
f 1518 1294 1298
f 1273 1527 1274
f 1274 1527 1528
f 1274 1528 1275
f 1273 1280 1527
f 1527 1280 1279
f 1527 1279 1524
f 1525 1279 1281
f 1525 1281 1284
f 1266 1529 1268
f 1268 1529 1530
f 1268 1530 1270
f 1266 1144 1529
f 1529 1144 1277
f 1529 1277 1528
f 1528 1277 1276
f 1528 1276 1275
f 1254 1253 1531
f 1531 1253 1257
f 1532 1263 1530
f 1530 1263 1271
f 1530 1271 1270
f 1257 1259 1531
f 1531 1259 1261
f 1531 1261 1533
f 1532 1261 1264
f 1532 1264 1263
f 1534 1150 1422
f 1422 1147 1534
f 1534 1147 1245
f 1534 1245 1535
f 1535 1245 1243
f 1535 1243 1242
f 1242 1247 1535
f 1535 1247 1256
f 1535 1256 1531
f 1531 1256 1255
f 1531 1255 1254
f 1232 1536 1534
f 1232 1534 1233
f 1536 1241 1534
f 1534 1241 1537
f 1534 1151 1150
f 1538 1227 1539
f 1539 1227 1225
f 1539 1226 1540
f 1226 1224 1540
f 1541 1224 1230
f 1541 1231 1542
f 1542 1231 1229
f 1542 1229 1543
f 1543 1229 1236
f 1543 1237 1534
f 1534 1237 1235
f 1534 1235 1233
f 1154 1544 1219
f 1219 1544 1545
f 1219 1546 1218
f 1154 1153 1547
f 1544 1153 1220
f 1544 1220 1539
f 1539 1220 1221
f 1539 1221 1222
f 1548 1157 1549
f 1548 1156 1550
f 1156 1215 1550
f 1550 1215 1216
f 1550 1216 1545
f 1546 1216 1217
f 1546 1217 1218
f 1163 1162 1551
f 1551 1162 1160
f 1551 1160 1552
f 1552 1160 1159
f 1552 1159 1548
f 1548 1159 1214
f 1548 1214 1157
f 1553 1072 1071
f 1554 1083 1551
f 1551 1083 1213
f 1551 1213 1420
f 1086 1085 1554
f 1554 1085 1084
f 1554 1084 1083
f 1553 1071 1554
f 1554 1071 1079
f 1554 1079 1086
f 1555 1063 1062
f 1070 1556 1069
f 1069 1556 1555
f 1069 1555 1061
f 1061 1555 1062
f 1070 1014 1557
f 1556 1014 1075
f 1556 1076 1553
f 1553 1076 1073
f 1553 1073 1072
f 1059 1058 1558
f 1558 1058 1559
f 1058 1056 1559
f 1559 1056 1054
f 1559 1054 1555
f 1555 1054 1064
f 1555 1065 1560
f 1046 1048 1561
f 1561 1048 1052
f 1561 1052 1562
f 1562 1052 1018
f 1562 1018 1558
f 1558 1018 1060
f 1558 1017 1059
f 1042 1041 1563
f 1563 1041 1051
f 1563 1051 1564
f 1051 1050 1564
f 1564 1050 1049
f 1564 1049 1561
f 1561 1049 1044
f 1561 1044 1046
f 1033 1035 1565
f 1565 1035 1038
f 1565 1038 1566
f 1038 1037 1566
f 1566 1037 1036
f 1566 1036 1563
f 1563 1036 1043
f 1563 1043 1042
f 1033 1565 1032
f 1032 1565 1567
f 1032 1567 1031
f 1031 1567 1568
f 1031 1568 1020
f 1029 1569 1030
f 1030 1569 1488
f 1030 1488 1110
f 1110 1488 1025
f 1029 1027 1569
f 1569 1027 1026
f 1569 1026 1568
f 1568 1026 1021
f 1568 1021 1020
f 1023 1488 922
f 922 1488 1570
f 922 1570 920
f 996 1571 989
f 989 1571 1572
f 989 1572 990
f 990 1572 1573
f 996 995 1571
f 1571 995 994
f 1571 994 1570
f 1570 994 993
f 1570 993 920
f 986 985 1574
f 1574 985 984
f 1574 984 1575
f 984 988 1575
f 1575 988 992
f 1575 992 1573
f 1573 992 991
f 1573 991 990
f 986 1574 987
f 987 1574 1576
f 987 1576 983
f 983 1576 1577
f 983 1577 976
f 1578 974 982
f 979 978 1577
f 1577 978 977
f 1577 977 976
f 1578 971 1577
f 1577 971 980
f 1577 981 979
f 970 969 1579
f 1579 969 967
f 1579 967 1580
f 1580 967 966
f 1580 966 1578
f 1578 966 975
f 1578 975 974
f 948 953 1490
f 1490 953 955
f 1490 955 1581
f 959 1582 958
f 958 1582 1581
f 958 1583 957
f 957 1583 955
f 959 961 1582
f 1582 961 962
f 1582 963 1579
f 1579 963 965
f 1579 1584 970
f 1585 1586 1587
f 1588 1589 1590
f 1591 1592 1588
f 1591 1593 1594
f 1591 1594 1592
f 1592 1594 1595
f 1592 1595 1596
f 1597 1587 1598
f 1588 1590 1591
f 1591 1590 1599
f 1591 1599 1600
f 1601 1602 1603
f 1604 1591 1605
f 1605 1591 1601
f 1605 1601 1606
f 1606 1601 1603
f 1596 1585 1592
f 1592 1585 1587
f 1592 1587 1607
f 1607 1587 1597
f 1607 1597 1608
f 1609 1610 1611
f 1611 1610 1606
f 1611 1606 1612
f 1612 1606 1603
f 1598 1613 1597
f 1597 1613 1614
f 1597 1614 1615
f 1616 1601 1617
f 1617 1601 1591
f 1617 1591 1618
f 1618 1591 1600
f 1619 1597 1620
f 1620 1597 1615
f 1620 1615 1621
f 1621 1615 1622
f 1575 1573 1591
f 1591 1573 1593
f 1575 1591 1574
f 1574 1591 1604
f 1574 1604 1576
f 1576 1604 1577
f 1577 1604 1605
f 1577 1605 1578
f 1578 1605 1580
f 1580 1605 1606
f 1580 1606 1579
f 1579 1606 1582
f 1582 1606 1610
f 1582 1610 1581
f 1583 1610 1490
f 1490 1610 1609
f 1490 1609 1491
f 1491 1609 1492
f 1492 1609 1611
f 1492 1611 1493
f 1493 1611 1494
f 1494 1611 1612
f 1494 1612 1495
f 1495 1612 1501
f 1497 1612 1603
f 1497 1603 1500
f 1498 1603 1499
f 1499 1603 1602
f 1499 1602 1502
f 1503 1602 1505
f 1505 1602 1601
f 1505 1601 1504
f 1504 1601 1489
f 1489 1601 1616
f 1489 1616 1507
f 1507 1616 1506
f 1506 1616 1617
f 1506 1617 1510
f 1509 1617 1508
f 1508 1617 1618
f 1508 1618 1512
f 1512 1618 1511
f 1511 1618 1600
f 1511 1600 1513
f 1513 1600 1517
f 1515 1600 1599
f 1515 1599 1516
f 1516 1599 1519
f 1520 1599 1590
f 1520 1590 1521
f 1521 1590 1526
f 1518 1590 1589
f 1518 1589 1523
f 1523 1589 1524
f 1525 1589 1588
f 1525 1588 1527
f 1527 1588 1528
f 1528 1588 1592
f 1528 1592 1529
f 1529 1592 1530
f 1530 1592 1607
f 1530 1607 1533
f 1532 1607 1531
f 1531 1607 1608
f 1531 1608 1535
f 1535 1608 1534
f 1534 1608 1597
f 1534 1597 1543
f 1543 1597 1542
f 1542 1597 1619
f 1542 1619 1540
f 1541 1619 1539
f 1539 1619 1620
f 1539 1620 1547
f 1544 1620 1545
f 1546 1620 1621
f 1546 1621 1550
f 1550 1621 1548
f 1548 1621 1622
f 1548 1622 1552
f 1552 1622 1551
f 1551 1622 1615
f 1551 1615 1554
f 1554 1615 1553
f 1553 1615 1614
f 1553 1614 1557
f 1556 1614 1555
f 1555 1614 1613
f 1555 1613 1559
f 1559 1613 1558
f 1558 1613 1598
f 1558 1598 1562
f 1562 1598 1561
f 1561 1598 1587
f 1561 1587 1564
f 1564 1587 1563
f 1563 1587 1586
f 1563 1586 1566
f 1585 1567 1586
f 1586 1567 1565
f 1586 1565 1566
f 1573 1572 1593
f 1593 1572 1571
f 1593 1571 1594
f 1594 1571 1570
f 1594 1570 1595
f 1595 1570 1488
f 1595 1488 1596
f 1596 1488 1569
f 1596 1569 1585
f 1585 1569 1568
f 1585 1568 1567

