# https://github.com/mikedh/trimesh
v 82.55000305 368.30001831 1181.10009766
v 82.55000305 12.69999886 1181.10009766
v 82.39364624 12.69999886 1179.11328125
v 82.39364624 368.30001831 1179.11328125
v 81.92841339 12.69999886 1177.17553711
v 81.92841339 368.30001831 1177.17553711
v 81.16578674 12.69999886 1175.33435059
v 81.16578674 368.30001831 1175.33435059
v 80.12451935 12.69999886 1173.63513184
v 80.12451935 368.30001831 1173.63513184
v 78.83025360 12.69999886 1172.11975098
v 78.83025360 368.30001831 1172.11975098
v 77.31487274 12.69999886 1170.82556152
v 77.31487274 368.30001831 1170.82556152
v 75.61567688 12.69999886 1169.78430176
v 75.61567688 368.30001831 1169.78430176
v 73.77451324 12.69999886 1169.02160645
v 73.77451324 368.30001831 1169.02160645
v 71.83671570 12.69999886 1168.55639648
v 71.83671570 368.30001831 1168.55639648
v 69.84999847 12.69999886 1168.40002441
v 69.84999847 368.30001831 1168.40002441
v 19.05000114 12.69999886 1168.40002441
v 19.05000114 368.30001831 1168.40002441
v 17.06328201 12.69999886 1168.55639648
v 17.06328201 368.30001831 1168.55639648
v 15.12548351 12.69999886 1169.02160645
v 15.12548351 368.30001831 1169.02160645
v 13.28431988 12.69999886 1169.78430176
v 13.28431988 368.30001831 1169.78430176
v 11.58512783 12.69999886 1170.82556152
v 11.58512783 368.30001831 1170.82556152
v 10.06974316 12.69999886 1172.11975098
v 10.06974316 368.30001831 1172.11975098
v 8.77548409 12.69999886 1173.63513184
v 8.77548409 368.30001831 1173.63513184
v 7.73421669 12.69999886 1175.33435059
v 7.73421669 368.30001831 1175.33435059
v 6.97158289 12.69999886 1177.17553711
v 6.97158289 368.30001831 1177.17553711
v 6.50635719 12.69999886 1179.11328125
v 6.50635719 368.30001831 1179.11328125
v 6.34999943 12.69999886 1181.10009766
v 6.34999943 368.30001831 1181.10009766
v 6.34999943 12.69999886 1231.90002441
v 6.34999943 368.30001831 1231.90002441
v 6.50635719 12.69999886 1233.88671875
v 6.50635719 368.30001831 1233.88671875
v 6.97158289 12.69999886 1235.82458496
v 6.97158289 368.30001831 1235.82458496
v 7.73421669 12.69999886 1237.66577148
v 7.73421669 368.30001831 1237.66577148
v 8.77548409 12.69999886 1239.36486816
v 8.77548409 368.30001831 1239.36486816
v 10.06974316 12.69999886 1240.88037109
v 10.06974316 368.30001831 1240.88037109
v 11.58512783 12.69999886 1242.17456055
v 11.58512783 368.30001831 1242.17456055
v 13.28431988 12.69999886 1243.21582031
v 13.28431988 368.30001831 1243.21582031
v 15.12548351 12.69999886 1243.97851562
v 15.12548351 368.30001831 1243.97851562
v 17.06328201 12.69999886 1244.44372559
v 17.06328201 368.30001831 1244.44372559
v 19.05000114 12.69999886 1244.60009766
v 19.05000114 368.30001831 1244.60009766
v 69.84999847 12.69999886 1244.60009766
v 69.84999847 368.30001831 1244.60009766
v 71.83671570 12.69999886 1244.44372559
v 71.83671570 368.30001831 1244.44372559
v 73.77451324 12.69999886 1243.97851562
v 73.77451324 368.30001831 1243.97851562
v 75.61567688 12.69999886 1243.21582031
v 75.61567688 368.30001831 1243.21582031
v 77.31487274 12.69999886 1242.17456055
v 77.31487274 368.30001831 1242.17456055
v 78.83025360 12.69999886 1240.88037109
v 78.83025360 368.30001831 1240.88037109
v 80.12451935 12.69999886 1239.36486816
v 80.12451935 368.30001831 1239.36486816
v 81.16578674 12.69999886 1237.66577148
v 81.16578674 368.30001831 1237.66577148
v 81.92841339 12.69999886 1235.82458496
v 81.92841339 368.30001831 1235.82458496
v 82.39364624 12.69999886 1233.88671875
v 82.39364624 368.30001831 1233.88671875
v 82.55000305 12.69999886 1231.90002441
v 82.55000305 368.30001831 1231.90002441
v 12.69999886 368.30001831 1181.10009766
v 12.69999886 12.69999886 1181.10009766
v 12.77817822 368.30001831 1180.10668945
v 12.77817822 12.69999886 1180.10668945
v 13.01079273 368.30001831 1179.13781738
v 13.01079273 12.69999886 1179.13781738
v 13.39210987 368.30001831 1178.21716309
v 13.39210987 12.69999886 1178.21716309
v 13.91274071 368.30001831 1177.36767578
v 13.91274071 12.69999886 1177.36767578
v 14.55987263 368.30001831 1176.60998535
v 14.55987263 12.69999886 1176.60998535
v 15.31756306 368.30001831 1175.96276855
v 15.31756306 12.69999886 1175.96276855
v 16.16716003 368.30001831 1175.44213867
v 16.16716003 12.69999886 1175.44213867
v 17.08774185 368.30001831 1175.06079102
v 17.08774185 12.69999886 1175.06079102
v 18.05664062 368.30001831 1174.82824707
v 18.05664062 12.69999886 1174.82824707
v 19.05000114 368.30001831 1174.75000000
v 19.05000114 12.69999886 1174.75000000
v 69.84999847 368.30001831 1174.75000000
v 69.84999847 12.69999886 1174.75000000
v 70.84336090 368.30001831 1174.82824707
v 70.84336090 12.69999886 1174.82824707
v 71.81225586 368.30001831 1175.06079102
v 71.81225586 12.69999886 1175.06079102
v 72.73284149 368.30001831 1175.44213867
v 72.73284149 12.69999886 1175.44213867
v 73.58243561 368.30001831 1175.96276855
v 73.58243561 12.69999886 1175.96276855
v 74.34012604 368.30001831 1176.60998535
v 74.34012604 12.69999886 1176.60998535
v 74.98725891 368.30001831 1177.36767578
v 74.98725891 12.69999886 1177.36767578
v 75.50788879 368.30001831 1178.21716309
v 75.50788879 12.69999886 1178.21716309
v 75.88920593 368.30001831 1179.13781738
v 75.88920593 12.69999886 1179.13781738
v 76.12181854 368.30001831 1180.10668945
v 76.12181854 12.69999886 1180.10668945
v 76.20000458 368.30001831 1181.10009766
v 76.20000458 12.69999886 1181.10009766
v 76.20000458 368.30001831 1231.90002441
v 76.20000458 12.69999886 1231.90002441
v 76.12181854 368.30001831 1232.89343262
v 76.12181854 12.69999886 1232.89343262
v 75.88920593 368.30001831 1233.86230469
v 75.88920593 12.69999886 1233.86230469
v 75.50788879 368.30001831 1234.78283691
v 75.50788879 12.69999886 1234.78283691
v 74.98725891 368.30001831 1235.63244629
v 74.98725891 12.69999886 1235.63244629
v 74.34012604 368.30001831 1236.39013672
v 74.34012604 12.69999886 1236.39013672
v 73.58243561 368.30001831 1237.03735352
v 73.58243561 12.69999886 1237.03735352
v 72.73284149 368.30001831 1237.55798340
v 72.73284149 12.69999886 1237.55798340
v 71.81225586 368.30001831 1237.93920898
v 71.81225586 12.69999886 1237.93920898
v 70.84336090 368.30001831 1238.17187500
v 70.84336090 12.69999886 1238.17187500
v 69.84999847 368.30001831 1238.25000000
v 69.84999847 12.69999886 1238.25000000
v 19.05000114 368.30001831 1238.25000000
v 19.05000114 12.69999886 1238.25000000
v 18.05664062 368.30001831 1238.17187500
v 18.05664062 12.69999886 1238.17187500
v 17.08774185 368.30001831 1237.93920898
v 17.08774185 12.69999886 1237.93920898
v 16.16716003 368.30001831 1237.55798340
v 16.16716003 12.69999886 1237.55798340
v 15.31756306 368.30001831 1237.03735352
v 15.31756306 12.69999886 1237.03735352
v 14.55987263 368.30001831 1236.39013672
v 14.55987263 12.69999886 1236.39013672
v 13.91274071 368.30001831 1235.63244629
v 13.91274071 12.69999886 1235.63244629
v 13.39210987 368.30001831 1234.78283691
v 13.39210987 12.69999886 1234.78283691
v 13.01079273 368.30001831 1233.86230469
v 13.01079273 12.69999886 1233.86230469
v 12.77817822 368.30001831 1232.89343262
v 12.77817822 12.69999886 1232.89343262
v 12.69999886 368.30001831 1231.90002441
v 12.69999886 12.69999886 1231.90002441
v 1098.55004883 368.30001831 1181.10009766
v 1098.55004883 12.69999886 1181.10009766
v 1098.39367676 12.69999886 1179.11328125
v 1098.39367676 368.30001831 1179.11328125
v 1097.92834473 12.69999886 1177.17553711
v 1097.92834473 368.30001831 1177.17553711
v 1097.16577148 12.69999886 1175.33435059
v 1097.16577148 368.30001831 1175.33435059
v 1096.12451172 12.69999886 1173.63513184
v 1096.12451172 368.30001831 1173.63513184
v 1094.83020020 12.69999886 1172.11975098
v 1094.83020020 368.30001831 1172.11975098
v 1093.31481934 12.69999886 1170.82556152
v 1093.31481934 368.30001831 1170.82556152
v 1091.61560059 12.69999886 1169.78430176
v 1091.61560059 368.30001831 1169.78430176
v 1089.77453613 12.69999886 1169.02160645
v 1089.77453613 368.30001831 1169.02160645
v 1087.83666992 12.69999886 1168.55639648
v 1087.83666992 368.30001831 1168.55639648
v 1085.84997559 12.69999886 1168.40002441
v 1085.84997559 368.30001831 1168.40002441
v 1035.05004883 12.69999886 1168.40002441
v 1035.05004883 368.30001831 1168.40002441
v 1033.06335449 12.69999886 1168.55639648
v 1033.06335449 368.30001831 1168.55639648
v 1031.12548828 12.69999886 1169.02160645
v 1031.12548828 368.30001831 1169.02160645
v 1029.28430176 12.69999886 1169.78430176
v 1029.28430176 368.30001831 1169.78430176
v 1027.58508301 12.69999886 1170.82556152
v 1027.58508301 368.30001831 1170.82556152
v 1026.06970215 12.69999886 1172.11975098
v 1026.06970215 368.30001831 1172.11975098
v 1024.77551270 12.69999886 1173.63513184
v 1024.77551270 368.30001831 1173.63513184
v 1023.73425293 12.69999886 1175.33435059
v 1023.73425293 368.30001831 1175.33435059
v 1022.97155762 12.69999886 1177.17553711
v 1022.97155762 368.30001831 1177.17553711
v 1022.50634766 12.69999886 1179.11328125
v 1022.50634766 368.30001831 1179.11328125
v 1022.35003662 12.69999886 1181.10009766
v 1022.35003662 368.30001831 1181.10009766
v 1022.35003662 12.69999886 1231.90002441
v 1022.35003662 368.30001831 1231.90002441
v 1022.50634766 12.69999886 1233.88671875
v 1022.50634766 368.30001831 1233.88671875
v 1022.97155762 12.69999886 1235.82458496
v 1022.97155762 368.30001831 1235.82458496
v 1023.73425293 12.69999886 1237.66577148
v 1023.73425293 368.30001831 1237.66577148
v 1024.77551270 12.69999886 1239.36486816
v 1024.77551270 368.30001831 1239.36486816
v 1026.06970215 12.69999886 1240.88037109
v 1026.06970215 368.30001831 1240.88037109
v 1027.58508301 12.69999886 1242.17456055
v 1027.58508301 368.30001831 1242.17456055
v 1029.28430176 12.69999886 1243.21582031
v 1029.28430176 368.30001831 1243.21582031
v 1031.12548828 12.69999886 1243.97851562
v 1031.12548828 368.30001831 1243.97851562
v 1033.06335449 12.69999886 1244.44372559
v 1033.06335449 368.30001831 1244.44372559
v 1035.05004883 12.69999886 1244.60009766
v 1035.05004883 368.30001831 1244.60009766
v 1085.84997559 12.69999886 1244.60009766
v 1085.84997559 368.30001831 1244.60009766
v 1087.83666992 12.69999886 1244.44372559
v 1087.83666992 368.30001831 1244.44372559
v 1089.77453613 12.69999886 1243.97851562
v 1089.77453613 368.30001831 1243.97851562
v 1091.61560059 12.69999886 1243.21582031
v 1091.61560059 368.30001831 1243.21582031
v 1093.31481934 12.69999886 1242.17456055
v 1093.31481934 368.30001831 1242.17456055
v 1094.83020020 12.69999886 1240.88037109
v 1094.83020020 368.30001831 1240.88037109
v 1096.12451172 12.69999886 1239.36486816
v 1096.12451172 368.30001831 1239.36486816
v 1097.16577148 12.69999886 1237.66577148
v 1097.16577148 368.30001831 1237.66577148
v 1097.92834473 12.69999886 1235.82458496
v 1097.92834473 368.30001831 1235.82458496
v 1098.39367676 12.69999886 1233.88671875
v 1098.39367676 368.30001831 1233.88671875
v 1098.55004883 12.69999886 1231.90002441
v 1098.55004883 368.30001831 1231.90002441
v 1028.69995117 368.30001831 1181.10009766
v 1028.69995117 12.69999886 1181.10009766
v 1028.77819824 368.30001831 1180.10668945
v 1028.77819824 12.69999886 1180.10668945
v 1029.01074219 368.30001831 1179.13781738
v 1029.01074219 12.69999886 1179.13781738
v 1029.39208984 368.30001831 1178.21716309
v 1029.39208984 12.69999886 1178.21716309
v 1029.91271973 368.30001831 1177.36767578
v 1029.91271973 12.69999886 1177.36767578
v 1030.55981445 368.30001831 1176.60998535
v 1030.55981445 12.69999886 1176.60998535
v 1031.31750488 368.30001831 1175.96276855
v 1031.31750488 12.69999886 1175.96276855
v 1032.16711426 368.30001831 1175.44213867
v 1032.16711426 12.69999886 1175.44213867
v 1033.08776855 368.30001831 1175.06079102
v 1033.08776855 12.69999886 1175.06079102
v 1034.05664062 368.30001831 1174.82824707
v 1034.05664062 12.69999886 1174.82824707
v 1035.05004883 368.30001831 1174.75000000
v 1035.05004883 12.69999886 1174.75000000
v 1085.84997559 368.30001831 1174.75000000
v 1085.84997559 12.69999886 1174.75000000
v 1086.84338379 368.30001831 1174.82824707
v 1086.84338379 12.69999886 1174.82824707
v 1087.81225586 368.30001831 1175.06079102
v 1087.81225586 12.69999886 1175.06079102
v 1088.73278809 368.30001831 1175.44213867
v 1088.73278809 12.69999886 1175.44213867
v 1089.58239746 368.30001831 1175.96276855
v 1089.58239746 12.69999886 1175.96276855
v 1090.34008789 368.30001831 1176.60998535
v 1090.34008789 12.69999886 1176.60998535
v 1090.98730469 368.30001831 1177.36767578
v 1090.98730469 12.69999886 1177.36767578
v 1091.50781250 368.30001831 1178.21716309
v 1091.50781250 12.69999886 1178.21716309
v 1091.88916016 368.30001831 1179.13781738
v 1091.88916016 12.69999886 1179.13781738
v 1092.12182617 368.30001831 1180.10668945
v 1092.12182617 12.69999886 1180.10668945
v 1092.19995117 368.30001831 1181.10009766
v 1092.19995117 12.69999886 1181.10009766
v 1092.19995117 368.30001831 1231.90002441
v 1092.19995117 12.69999886 1231.90002441
v 1092.12182617 368.30001831 1232.89343262
v 1092.12182617 12.69999886 1232.89343262
v 1091.88916016 368.30001831 1233.86230469
v 1091.88916016 12.69999886 1233.86230469
v 1091.50781250 368.30001831 1234.78283691
v 1091.50781250 12.69999886 1234.78283691
v 1090.98730469 368.30001831 1235.63244629
v 1090.98730469 12.69999886 1235.63244629
v 1090.34008789 368.30001831 1236.39013672
v 1090.34008789 12.69999886 1236.39013672
v 1089.58239746 368.30001831 1237.03735352
v 1089.58239746 12.69999886 1237.03735352
v 1088.73278809 368.30001831 1237.55798340
v 1088.73278809 12.69999886 1237.55798340
v 1087.81225586 368.30001831 1237.93920898
v 1087.81225586 12.69999886 1237.93920898
v 1086.84338379 368.30001831 1238.17187500
v 1086.84338379 12.69999886 1238.17187500
v 1085.84997559 368.30001831 1238.25000000
v 1085.84997559 12.69999886 1238.25000000
v 1035.05004883 368.30001831 1238.25000000
v 1035.05004883 12.69999886 1238.25000000
v 1034.05664062 368.30001831 1238.17187500
v 1034.05664062 12.69999886 1238.17187500
v 1033.08776855 368.30001831 1237.93920898
v 1033.08776855 12.69999886 1237.93920898
v 1032.16711426 368.30001831 1237.55798340
v 1032.16711426 12.69999886 1237.55798340
v 1031.31750488 368.30001831 1237.03735352
v 1031.31750488 12.69999886 1237.03735352
v 1030.55981445 368.30001831 1236.39013672
v 1030.55981445 12.69999886 1236.39013672
v 1029.91271973 368.30001831 1235.63244629
v 1029.91271973 12.69999886 1235.63244629
v 1029.39208984 368.30001831 1234.78283691
v 1029.39208984 12.69999886 1234.78283691
v 1029.01074219 368.30001831 1233.86230469
v 1029.01074219 12.69999886 1233.86230469
v 1028.77819824 368.30001831 1232.89343262
v 1028.77819824 12.69999886 1232.89343262
v 1028.69995117 368.30001831 1231.90002441
v 1028.69995117 12.69999886 1231.90002441
v 82.55000305 368.30001831 165.10009766
v 82.55000305 12.69999886 165.10009766
v 82.39364624 12.69999886 163.11335754
v 82.39364624 368.30001831 163.11335754
v 81.92841339 12.69999886 161.17549133
v 81.92841339 368.30001831 161.17549133
v 81.16578674 12.69999886 159.33442688
v 81.16578674 368.30001831 159.33442688
v 80.12451935 12.69999886 157.63520813
v 80.12451935 368.30001831 157.63520813
v 78.83025360 12.69999886 156.11982727
v 78.83025360 368.30001831 156.11982727
v 77.31487274 12.69999886 154.82556152
v 77.31487274 368.30001831 154.82556152
v 75.61567688 12.69999886 153.78427124
v 75.61567688 368.30001831 153.78427124
v 73.77451324 12.69999886 153.02169800
v 73.77451324 368.30001831 153.02169800
v 71.83671570 12.69999886 152.55642700
v 71.83671570 368.30001831 152.55642700
v 69.84999847 12.69999886 152.40002441
v 69.84999847 368.30001831 152.40002441
v 19.05000114 12.69999886 152.40002441
v 19.05000114 368.30001831 152.40002441
v 17.06328201 12.69999886 152.55642700
v 17.06328201 368.30001831 152.55642700
v 15.12548351 12.69999886 153.02169800
v 15.12548351 368.30001831 153.02169800
v 13.28431988 12.69999886 153.78427124
v 13.28431988 368.30001831 153.78427124
v 11.58512783 12.69999886 154.82556152
v 11.58512783 368.30001831 154.82556152
v 10.06974316 12.69999886 156.11982727
v 10.06974316 368.30001831 156.11982727
v 8.77548409 12.69999886 157.63520813
v 8.77548409 368.30001831 157.63520813
v 7.73421669 12.69999886 159.33442688
v 7.73421669 368.30001831 159.33442688
v 6.97158289 12.69999886 161.17549133
v 6.97158289 368.30001831 161.17549133
v 6.50635719 12.69999886 163.11335754
v 6.50635719 368.30001831 163.11335754
v 6.34999943 12.69999886 165.10009766
v 6.34999943 368.30001831 165.10009766
v 6.34999943 12.69999886 215.90007019
v 6.34999943 368.30001831 215.90007019
v 6.50635719 12.69999886 217.88674927
v 6.50635719 368.30001831 217.88674927
v 6.97158289 12.69999886 219.82455444
v 6.97158289 368.30001831 219.82455444
v 7.73421669 12.69999886 221.66574097
v 7.73421669 368.30001831 221.66574097
v 8.77548409 12.69999886 223.36494446
v 8.77548409 368.30001831 223.36494446
v 10.06974316 12.69999886 224.88034058
v 10.06974316 368.30001831 224.88034058
v 11.58512783 12.69999886 226.17459106
v 11.58512783 368.30001831 226.17459106
v 13.28431988 12.69999886 227.21582031
v 13.28431988 368.30001831 227.21582031
v 15.12548351 12.69999886 227.97846985
v 15.12548351 368.30001831 227.97846985
v 17.06328201 12.69999886 228.44367981
v 17.06328201 368.30001831 228.44367981
v 19.05000114 12.69999886 228.60002136
v 19.05000114 368.30001831 228.60002136
v 69.84999847 12.69999886 228.60002136
v 69.84999847 368.30001831 228.60002136
v 71.83671570 12.69999886 228.44367981
v 71.83671570 368.30001831 228.44367981
v 73.77451324 12.69999886 227.97846985
v 73.77451324 368.30001831 227.97846985
v 75.61567688 12.69999886 227.21582031
v 75.61567688 368.30001831 227.21582031
v 77.31487274 12.69999886 226.17459106
v 77.31487274 368.30001831 226.17459106
v 78.83025360 12.69999886 224.88034058
v 78.83025360 368.30001831 224.88034058
v 80.12451935 12.69999886 223.36494446
v 80.12451935 368.30001831 223.36494446
v 81.16578674 12.69999886 221.66574097
v 81.16578674 368.30001831 221.66574097
v 81.92841339 12.69999886 219.82455444
v 81.92841339 368.30001831 219.82455444
v 82.39364624 12.69999886 217.88674927
v 82.39364624 368.30001831 217.88674927
v 82.55000305 12.69999886 215.90007019
v 82.55000305 368.30001831 215.90007019
v 12.69999886 368.30001831 165.10009766
v 12.69999886 12.69999886 165.10009766
v 12.77817822 368.30001831 164.10671997
v 12.77817822 12.69999886 164.10671997
v 13.01079273 368.30001831 163.13778687
v 13.01079273 12.69999886 163.13778687
v 13.39210987 368.30001831 162.21725464
v 13.39210987 12.69999886 162.21725464
v 13.91274071 368.30001831 161.36766052
v 13.91274071 12.69999886 161.36766052
v 14.55987263 368.30001831 160.60995483
v 14.55987263 12.69999886 160.60995483
v 15.31756306 368.30001831 159.96276855
v 15.31756306 12.69999886 159.96276855
v 16.16716003 368.30001831 159.44218445
v 16.16716003 12.69999886 159.44218445
v 17.08774185 368.30001831 159.06083679
v 17.08774185 12.69999886 159.06083679
v 18.05664062 368.30001831 158.82826233
v 18.05664062 12.69999886 158.82826233
v 19.05000114 368.30001831 158.75006104
v 19.05000114 12.69999886 158.75006104
v 69.84999847 368.30001831 158.75006104
v 69.84999847 12.69999886 158.75006104
v 70.84336090 368.30001831 158.82826233
v 70.84336090 12.69999886 158.82826233
v 71.81225586 368.30001831 159.06083679
v 71.81225586 12.69999886 159.06083679
v 72.73284149 368.30001831 159.44218445
v 72.73284149 12.69999886 159.44218445
v 73.58243561 368.30001831 159.96276855
v 73.58243561 12.69999886 159.96276855
v 74.34012604 368.30001831 160.60995483
v 74.34012604 12.69999886 160.60995483
v 74.98725891 368.30001831 161.36766052
v 74.98725891 12.69999886 161.36766052
v 75.50788879 368.30001831 162.21725464
v 75.50788879 12.69999886 162.21725464
v 75.88920593 368.30001831 163.13778687
v 75.88920593 12.69999886 163.13778687
v 76.12181854 368.30001831 164.10671997
v 76.12181854 12.69999886 164.10671997
v 76.20000458 368.30001831 165.10009766
v 76.20000458 12.69999886 165.10009766
v 76.20000458 368.30001831 215.90007019
v 76.20000458 12.69999886 215.90007019
v 76.12181854 368.30001831 216.89343262
v 76.12181854 12.69999886 216.89343262
v 75.88920593 368.30001831 217.86230469
v 75.88920593 12.69999886 217.86230469
v 75.50788879 368.30001831 218.78289795
v 75.50788879 12.69999886 218.78289795
v 74.98725891 368.30001831 219.63250732
v 74.98725891 12.69999886 219.63250732
v 74.34012604 368.30001831 220.39019775
v 74.34012604 12.69999886 220.39019775
v 73.58243561 368.30001831 221.03732300
v 73.58243561 12.69999886 221.03732300
v 72.73284149 368.30001831 221.55792236
v 72.73284149 12.69999886 221.55792236
v 71.81225586 368.30001831 221.93927002
v 71.81225586 12.69999886 221.93927002
v 70.84336090 368.30001831 222.17190552
v 70.84336090 12.69999886 222.17190552
v 69.84999847 368.30001831 222.25004578
v 69.84999847 12.69999886 222.25004578
v 19.05000114 368.30001831 222.25004578
v 19.05000114 12.69999886 222.25004578
v 18.05664062 368.30001831 222.17190552
v 18.05664062 12.69999886 222.17190552
v 17.08774185 368.30001831 221.93927002
v 17.08774185 12.69999886 221.93927002
v 16.16716003 368.30001831 221.55792236
v 16.16716003 12.69999886 221.55792236
v 15.31756306 368.30001831 221.03732300
v 15.31756306 12.69999886 221.03732300
v 14.55987263 368.30001831 220.39019775
v 14.55987263 12.69999886 220.39019775
v 13.91274071 368.30001831 219.63250732
v 13.91274071 12.69999886 219.63250732
v 13.39210987 368.30001831 218.78289795
v 13.39210987 12.69999886 218.78289795
v 13.01079273 368.30001831 217.86230469
v 13.01079273 12.69999886 217.86230469
v 12.77817822 368.30001831 216.89343262
v 12.77817822 12.69999886 216.89343262
v 12.69999886 368.30001831 215.90007019
v 12.69999886 12.69999886 215.90007019
v 1098.55004883 368.30001831 165.10009766
v 1098.55004883 12.69999886 165.10009766
v 1098.39367676 12.69999886 163.11335754
v 1098.39367676 368.30001831 163.11335754
v 1097.92834473 12.69999886 161.17549133
v 1097.92834473 368.30001831 161.17549133
v 1097.16577148 12.69999886 159.33442688
v 1097.16577148 368.30001831 159.33442688
v 1096.12451172 12.69999886 157.63520813
v 1096.12451172 368.30001831 157.63520813
v 1094.83020020 12.69999886 156.11982727
v 1094.83020020 368.30001831 156.11982727
v 1093.31481934 12.69999886 154.82556152
v 1093.31481934 368.30001831 154.82556152
v 1091.61560059 12.69999886 153.78427124
v 1091.61560059 368.30001831 153.78427124
v 1089.77453613 12.69999886 153.02169800
v 1089.77453613 368.30001831 153.02169800
v 1087.83666992 12.69999886 152.55642700
v 1087.83666992 368.30001831 152.55642700
v 1085.84997559 12.69999886 152.40002441
v 1085.84997559 368.30001831 152.40002441
v 1035.05004883 12.69999886 152.40002441
v 1035.05004883 368.30001831 152.40002441
v 1033.06335449 12.69999886 152.55642700
v 1033.06335449 368.30001831 152.55642700
v 1031.12548828 12.69999886 153.02169800
v 1031.12548828 368.30001831 153.02169800
v 1029.28430176 12.69999886 153.78427124
v 1029.28430176 368.30001831 153.78427124
v 1027.58508301 12.69999886 154.82556152
v 1027.58508301 368.30001831 154.82556152
v 1026.06970215 12.69999886 156.11982727
v 1026.06970215 368.30001831 156.11982727
v 1024.77551270 12.69999886 157.63520813
v 1024.77551270 368.30001831 157.63520813
v 1023.73425293 12.69999886 159.33442688
v 1023.73425293 368.30001831 159.33442688
v 1022.97155762 12.69999886 161.17549133
v 1022.97155762 368.30001831 161.17549133
v 1022.50634766 12.69999886 163.11335754
v 1022.50634766 368.30001831 163.11335754
v 1022.35003662 12.69999886 165.10009766
v 1022.35003662 368.30001831 165.10009766
v 1022.35003662 12.69999886 215.90007019
v 1022.35003662 368.30001831 215.90007019
v 1022.50634766 12.69999886 217.88674927
v 1022.50634766 368.30001831 217.88674927
v 1022.97155762 12.69999886 219.82455444
v 1022.97155762 368.30001831 219.82455444
v 1023.73425293 12.69999886 221.66574097
v 1023.73425293 368.30001831 221.66574097
v 1024.77551270 12.69999886 223.36494446
v 1024.77551270 368.30001831 223.36494446
v 1026.06970215 12.69999886 224.88034058
v 1026.06970215 368.30001831 224.88034058
v 1027.58508301 12.69999886 226.17459106
v 1027.58508301 368.30001831 226.17459106
v 1029.28430176 12.69999886 227.21582031
v 1029.28430176 368.30001831 227.21582031
v 1031.12548828 12.69999886 227.97846985
v 1031.12548828 368.30001831 227.97846985
v 1033.06335449 12.69999886 228.44367981
v 1033.06335449 368.30001831 228.44367981
v 1035.05004883 12.69999886 228.60002136
v 1035.05004883 368.30001831 228.60002136
v 1085.84997559 12.69999886 228.60002136
v 1085.84997559 368.30001831 228.60002136
v 1087.83666992 12.69999886 228.44367981
v 1087.83666992 368.30001831 228.44367981
v 1089.77453613 12.69999886 227.97846985
v 1089.77453613 368.30001831 227.97846985
v 1091.61560059 12.69999886 227.21582031
v 1091.61560059 368.30001831 227.21582031
v 1093.31481934 12.69999886 226.17459106
v 1093.31481934 368.30001831 226.17459106
v 1094.83020020 12.69999886 224.88034058
v 1094.83020020 368.30001831 224.88034058
v 1096.12451172 12.69999886 223.36494446
v 1096.12451172 368.30001831 223.36494446
v 1097.16577148 12.69999886 221.66574097
v 1097.16577148 368.30001831 221.66574097
v 1097.92834473 12.69999886 219.82455444
v 1097.92834473 368.30001831 219.82455444
v 1098.39367676 12.69999886 217.88674927
v 1098.39367676 368.30001831 217.88674927
v 1098.55004883 12.69999886 215.90007019
v 1098.55004883 368.30001831 215.90007019
v 1028.69995117 368.30001831 165.10009766
v 1028.69995117 12.69999886 165.10009766
v 1028.77819824 368.30001831 164.10671997
v 1028.77819824 12.69999886 164.10671997
v 1029.01074219 368.30001831 163.13778687
v 1029.01074219 12.69999886 163.13778687
v 1029.39208984 368.30001831 162.21725464
v 1029.39208984 12.69999886 162.21725464
v 1029.91271973 368.30001831 161.36766052
v 1029.91271973 12.69999886 161.36766052
v 1030.55981445 368.30001831 160.60995483
v 1030.55981445 12.69999886 160.60995483
v 1031.31750488 368.30001831 159.96276855
v 1031.31750488 12.69999886 159.96276855
v 1032.16711426 368.30001831 159.44218445
v 1032.16711426 12.69999886 159.44218445
v 1033.08776855 368.30001831 159.06083679
v 1033.08776855 12.69999886 159.06083679
v 1034.05664062 368.30001831 158.82826233
v 1034.05664062 12.69999886 158.82826233
v 1035.05004883 368.30001831 158.75006104
v 1035.05004883 12.69999886 158.75006104
v 1085.84997559 368.30001831 158.75006104
v 1085.84997559 12.69999886 158.75006104
v 1086.84338379 368.30001831 158.82826233
v 1086.84338379 12.69999886 158.82826233
v 1087.81225586 368.30001831 159.06083679
v 1087.81225586 12.69999886 159.06083679
v 1088.73278809 368.30001831 159.44218445
v 1088.73278809 12.69999886 159.44218445
v 1089.58239746 368.30001831 159.96276855
v 1089.58239746 12.69999886 159.96276855
v 1090.34008789 368.30001831 160.60995483
v 1090.34008789 12.69999886 160.60995483
v 1090.98730469 368.30001831 161.36766052
v 1090.98730469 12.69999886 161.36766052
v 1091.50781250 368.30001831 162.21725464
v 1091.50781250 12.69999886 162.21725464
v 1091.88916016 368.30001831 163.13778687
v 1091.88916016 12.69999886 163.13778687
v 1092.12182617 368.30001831 164.10671997
v 1092.12182617 12.69999886 164.10671997
v 1092.19995117 368.30001831 165.10009766
v 1092.19995117 12.69999886 165.10009766
v 1092.19995117 368.30001831 215.90007019
v 1092.19995117 12.69999886 215.90007019
v 1092.12182617 368.30001831 216.89343262
v 1092.12182617 12.69999886 216.89343262
v 1091.88916016 368.30001831 217.86230469
v 1091.88916016 12.69999886 217.86230469
v 1091.50781250 368.30001831 218.78289795
v 1091.50781250 12.69999886 218.78289795
v 1090.98730469 368.30001831 219.63250732
v 1090.98730469 12.69999886 219.63250732
v 1090.34008789 368.30001831 220.39019775
v 1090.34008789 12.69999886 220.39019775
v 1089.58239746 368.30001831 221.03732300
v 1089.58239746 12.69999886 221.03732300
v 1088.73278809 368.30001831 221.55792236
v 1088.73278809 12.69999886 221.55792236
v 1087.81225586 368.30001831 221.93927002
v 1087.81225586 12.69999886 221.93927002
v 1086.84338379 368.30001831 222.17190552
v 1086.84338379 12.69999886 222.17190552
v 1085.84997559 368.30001831 222.25004578
v 1085.84997559 12.69999886 222.25004578
v 1035.05004883 368.30001831 222.25004578
v 1035.05004883 12.69999886 222.25004578
v 1034.05664062 368.30001831 222.17190552
v 1034.05664062 12.69999886 222.17190552
v 1033.08776855 368.30001831 221.93927002
v 1033.08776855 12.69999886 221.93927002
v 1032.16711426 368.30001831 221.55792236
v 1032.16711426 12.69999886 221.55792236
v 1031.31750488 368.30001831 221.03732300
v 1031.31750488 12.69999886 221.03732300
v 1030.55981445 368.30001831 220.39019775
v 1030.55981445 12.69999886 220.39019775
v 1029.91271973 368.30001831 219.63250732
v 1029.91271973 12.69999886 219.63250732
v 1029.39208984 368.30001831 218.78289795
v 1029.39208984 12.69999886 218.78289795
v 1029.01074219 368.30001831 217.86230469
v 1029.01074219 12.69999886 217.86230469
v 1028.77819824 368.30001831 216.89343262
v 1028.77819824 12.69999886 216.89343262
v 1028.69995117 368.30001831 215.90007019
v 1028.69995117 12.69999886 215.90007019
v 82.55000305 139.69999695 1238.25000000
v 1022.35003662 139.69999695 1238.25000000
v 82.55000305 88.90000153 1238.25000000
v 1022.35003662 88.90000153 1238.25000000
v 1022.35003662 82.54999542 1231.90002441
v 82.55000305 82.54999542 1231.90002441
v 1022.35003662 82.62817383 1232.89343262
v 82.55000305 82.62817383 1232.89343262
v 1022.35003662 82.86078644 1233.86230469
v 82.55000305 82.86078644 1233.86230469
v 1022.35003662 83.24210358 1234.78283691
v 82.55000305 83.24210358 1234.78283691
v 1022.35003662 83.76274109 1235.63244629
v 82.55000305 83.76274109 1235.63244629
v 1022.35003662 84.40987396 1236.39013672
v 82.55000305 84.40987396 1236.39013672
v 1022.35003662 85.16756439 1237.03735352
v 82.55000305 85.16756439 1237.03735352
v 1022.35003662 86.01715851 1237.55798340
v 82.55000305 86.01715851 1237.55798340
v 1022.35003662 86.93774414 1237.93920898
v 82.55000305 86.93774414 1237.93920898
v 1022.35003662 87.90663910 1238.17187500
v 82.55000305 87.90663910 1238.17187500
v 82.55000305 82.54999542 1181.10009766
v 1022.35003662 82.54999542 1181.10009766
v 1022.35003662 88.90000153 1174.75000000
v 82.55000305 88.90000153 1174.75000000
v 1022.35003662 87.90663910 1174.82824707
v 82.55000305 87.90663910 1174.82824707
v 1022.35003662 86.93774414 1175.06079102
v 82.55000305 86.93774414 1175.06079102
v 1022.35003662 86.01715851 1175.44213867
v 82.55000305 86.01715851 1175.44213867
v 1022.35003662 85.16756439 1175.96276855
v 82.55000305 85.16756439 1175.96276855
v 1022.35003662 84.40987396 1176.60998535
v 82.55000305 84.40987396 1176.60998535
v 1022.35003662 83.76274109 1177.36767578
v 82.55000305 83.76274109 1177.36767578
v 1022.35003662 83.24210358 1178.21716309
v 82.55000305 83.24210358 1178.21716309
v 1022.35003662 82.86078644 1179.13781738
v 82.55000305 82.86078644 1179.13781738
v 1022.35003662 82.62817383 1180.10668945
v 82.55000305 82.62817383 1180.10668945
v 82.55000305 139.69999695 1174.75000000
v 1022.35003662 139.69999695 1174.75000000
v 1022.35003662 146.05000305 1181.10009766
v 82.55000305 146.05000305 1181.10009766
v 1022.35003662 145.97181702 1180.10668945
v 82.55000305 145.97181702 1180.10668945
v 1022.35003662 145.73921204 1179.13781738
v 82.55000305 145.73921204 1179.13781738
v 1022.35003662 145.35789490 1178.21716309
v 82.55000305 145.35789490 1178.21716309
v 1022.35003662 144.83724976 1177.36767578
v 82.55000305 144.83724976 1177.36767578
v 1022.35003662 144.19012451 1176.60998535
v 82.55000305 144.19012451 1176.60998535
v 1022.35003662 143.43243408 1175.96276855
v 82.55000305 143.43243408 1175.96276855
v 1022.35003662 142.58283997 1175.44213867
v 82.55000305 142.58283997 1175.44213867
v 1022.35003662 141.66226196 1175.06079102
v 82.55000305 141.66226196 1175.06079102
v 1022.35003662 140.69335938 1174.82824707
v 82.55000305 140.69335938 1174.82824707
v 82.55000305 146.05000305 1231.90002441
v 1022.35003662 146.05000305 1231.90002441
v 1022.35003662 140.69335938 1238.17187500
v 82.55000305 140.69335938 1238.17187500
v 1022.35003662 141.66226196 1237.93920898
v 82.55000305 141.66226196 1237.93920898
v 1022.35003662 142.58283997 1237.55798340
v 82.55000305 142.58283997 1237.55798340
v 1022.35003662 143.43243408 1237.03735352
v 82.55000305 143.43243408 1237.03735352
v 1022.35003662 144.19012451 1236.39013672
v 82.55000305 144.19012451 1236.39013672
v 1022.35003662 144.83724976 1235.63244629
v 82.55000305 144.83724976 1235.63244629
v 1022.35003662 145.35789490 1234.78283691
v 82.55000305 145.35789490 1234.78283691
v 1022.35003662 145.73921204 1233.86230469
v 82.55000305 145.73921204 1233.86230469
v 1022.35003662 145.97181702 1232.89343262
v 82.55000305 145.97181702 1232.89343262
v 1022.35003662 139.69999695 1168.40002441
v 1022.35003662 88.90000153 1168.40002441
v 82.55000305 139.69999695 1168.40002441
v 82.55000305 88.90000153 1168.40002441
v 1022.35003662 76.19999695 1181.10009766
v 82.55000305 76.19999695 1181.10009766
v 82.55000305 76.35635376 1179.11328125
v 1022.35003662 76.35635376 1179.11328125
v 82.55000305 76.82157898 1177.17553711
v 1022.35003662 76.82157898 1177.17553711
v 82.55000305 77.58421326 1175.33435059
v 1022.35003662 77.58421326 1175.33435059
v 82.55000305 78.62548065 1173.63513184
v 1022.35003662 78.62548065 1173.63513184
v 82.55000305 79.91973877 1172.11975098
v 1022.35003662 79.91973877 1172.11975098
v 82.55000305 81.43512726 1170.82556152
v 1022.35003662 81.43512726 1170.82556152
v 82.55000305 83.13431549 1169.78430176
v 1022.35003662 83.13431549 1169.78430176
v 82.55000305 84.97547913 1169.02160645
v 1022.35003662 84.97547913 1169.02160645
v 82.55000305 86.91327667 1168.55639648
v 1022.35003662 86.91327667 1168.55639648
v 1022.35003662 76.19999695 1231.90002441
v 82.55000305 76.19999695 1231.90002441
v 1022.35003662 88.90000153 1244.60009766
v 82.55000305 88.90000153 1244.60009766
v 82.55000305 86.91327667 1244.44372559
v 1022.35003662 86.91327667 1244.44372559
v 82.55000305 84.97547913 1243.97851562
v 1022.35003662 84.97547913 1243.97851562
v 82.55000305 83.13431549 1243.21582031
v 1022.35003662 83.13431549 1243.21582031
v 82.55000305 81.43512726 1242.17456055
v 1022.35003662 81.43512726 1242.17456055
v 82.55000305 79.91973877 1240.88037109
v 1022.35003662 79.91973877 1240.88037109
v 82.55000305 78.62548065 1239.36486816
v 1022.35003662 78.62548065 1239.36486816
v 82.55000305 77.58421326 1237.66577148
v 1022.35003662 77.58421326 1237.66577148
v 82.55000305 76.82157898 1235.82458496
v 1022.35003662 76.82157898 1235.82458496
v 82.55000305 76.35635376 1233.88671875
v 1022.35003662 76.35635376 1233.88671875
v 1022.35003662 139.69999695 1244.60009766
v 82.55000305 139.69999695 1244.60009766
v 1022.35003662 152.39999390 1231.90002441
v 82.55000305 152.39999390 1231.90002441
v 82.55000305 152.24363708 1233.88671875
v 1022.35003662 152.24363708 1233.88671875
v 82.55000305 151.77841187 1235.82458496
v 1022.35003662 151.77841187 1235.82458496
v 82.55000305 151.01577759 1237.66577148
v 1022.35003662 151.01577759 1237.66577148
v 82.55000305 149.97451782 1239.36486816
v 1022.35003662 149.97451782 1239.36486816
v 82.55000305 148.68025208 1240.88037109
v 1022.35003662 148.68025208 1240.88037109
v 82.55000305 147.16487122 1242.17456055
v 1022.35003662 147.16487122 1242.17456055
v 82.55000305 145.46568298 1243.21582031
v 1022.35003662 145.46568298 1243.21582031
v 82.55000305 143.62451172 1243.97851562
v 1022.35003662 143.62451172 1243.97851562
v 82.55000305 141.68672180 1244.44372559
v 1022.35003662 141.68672180 1244.44372559
v 1022.35003662 152.39999390 1181.10009766
v 82.55000305 152.39999390 1181.10009766
v 82.55000305 141.68672180 1168.55639648
v 1022.35003662 141.68672180 1168.55639648
v 82.55000305 143.62451172 1169.02160645
v 1022.35003662 143.62451172 1169.02160645
v 82.55000305 145.46568298 1169.78430176
v 1022.35003662 145.46568298 1169.78430176
v 82.55000305 147.16487122 1170.82556152
v 1022.35003662 147.16487122 1170.82556152
v 82.55000305 148.68025208 1172.11975098
v 1022.35003662 148.68025208 1172.11975098
v 82.55000305 149.97451782 1173.63513184
v 1022.35003662 149.97451782 1173.63513184
v 82.55000305 151.01577759 1175.33435059
v 1022.35003662 151.01577759 1175.33435059
v 82.55000305 151.77841187 1177.17553711
v 1022.35003662 151.77841187 1177.17553711
v 82.55000305 152.24363708 1179.11328125
v 1022.35003662 152.24363708 1179.11328125
v 1022.35003662 88.90000153 222.25004578
v 82.55000305 88.90000153 222.25004578
v 1022.35003662 139.69999695 222.25004578
v 82.55000305 139.69999695 222.25004578
v 1022.35003662 82.54999542 215.90007019
v 82.55000305 82.54999542 215.90007019
v 1022.35003662 82.62817383 216.89343262
v 82.55000305 82.62817383 216.89343262
v 1022.35003662 82.86078644 217.86230469
v 82.55000305 82.86078644 217.86230469
v 1022.35003662 83.24210358 218.78289795
v 82.55000305 83.24210358 218.78289795
v 1022.35003662 83.76274109 219.63250732
v 82.55000305 83.76274109 219.63250732
v 1022.35003662 84.40987396 220.39019775
v 82.55000305 84.40987396 220.39019775
v 1022.35003662 85.16756439 221.03732300
v 82.55000305 85.16756439 221.03732300
v 1022.35003662 86.01715851 221.55792236
v 82.55000305 86.01715851 221.55792236
v 1022.35003662 86.93774414 221.93927002
v 82.55000305 86.93774414 221.93927002
v 1022.35003662 87.90663910 222.17190552
v 82.55000305 87.90663910 222.17190552
v 1022.35003662 82.54999542 165.10009766
v 82.55000305 82.54999542 165.10009766
v 1022.35003662 88.90000153 158.75006104
v 82.55000305 88.90000153 158.75006104
v 1022.35003662 87.90663910 158.82826233
v 82.55000305 87.90663910 158.82826233
v 1022.35003662 86.93774414 159.06083679
v 82.55000305 86.93774414 159.06083679
v 1022.35003662 86.01715851 159.44218445
v 82.55000305 86.01715851 159.44218445
v 1022.35003662 85.16756439 159.96276855
v 82.55000305 85.16756439 159.96276855
v 1022.35003662 84.40987396 160.60995483
v 82.55000305 84.40987396 160.60995483
v 1022.35003662 83.76274109 161.36766052
v 82.55000305 83.76274109 161.36766052
v 1022.35003662 83.24210358 162.21725464
v 82.55000305 83.24210358 162.21725464
v 1022.35003662 82.86078644 163.13778687
v 82.55000305 82.86078644 163.13778687
v 1022.35003662 82.62817383 164.10671997
v 82.55000305 82.62817383 164.10671997
v 1022.35003662 139.69999695 158.75006104
v 82.55000305 139.69999695 158.75006104
v 1022.35003662 146.05000305 165.10009766
v 82.55000305 146.05000305 165.10009766
v 1022.35003662 145.97181702 164.10671997
v 82.55000305 145.97181702 164.10671997
v 1022.35003662 145.73921204 163.13778687
v 82.55000305 145.73921204 163.13778687
v 1022.35003662 145.35789490 162.21725464
v 82.55000305 145.35789490 162.21725464
v 1022.35003662 144.83724976 161.36766052
v 82.55000305 144.83724976 161.36766052
v 1022.35003662 144.19012451 160.60995483
v 82.55000305 144.19012451 160.60995483
v 1022.35003662 143.43243408 159.96276855
v 82.55000305 143.43243408 159.96276855
v 1022.35003662 142.58283997 159.44218445
v 82.55000305 142.58283997 159.44218445
v 1022.35003662 141.66226196 159.06083679
v 82.55000305 141.66226196 159.06083679
v 1022.35003662 140.69335938 158.82826233
v 82.55000305 140.69335938 158.82826233
v 1022.35003662 146.05000305 215.90007019
v 82.55000305 146.05000305 215.90007019
v 1022.35003662 140.69335938 222.17190552
v 82.55000305 140.69335938 222.17190552
v 1022.35003662 141.66226196 221.93927002
v 82.55000305 141.66226196 221.93927002
v 1022.35003662 142.58283997 221.55792236
v 82.55000305 142.58283997 221.55792236
v 1022.35003662 143.43243408 221.03732300
v 82.55000305 143.43243408 221.03732300
v 1022.35003662 144.19012451 220.39019775
v 82.55000305 144.19012451 220.39019775
v 1022.35003662 144.83724976 219.63250732
v 82.55000305 144.83724976 219.63250732
v 1022.35003662 145.35789490 218.78289795
v 82.55000305 145.35789490 218.78289795
v 1022.35003662 145.73921204 217.86230469
v 82.55000305 145.73921204 217.86230469
v 1022.35003662 145.97181702 216.89343262
v 82.55000305 145.97181702 216.89343262
v 82.55000305 152.39999390 165.10009766
v 82.55000305 152.24363708 163.11335754
v 82.55000305 151.77841187 161.17549133
v 82.55000305 151.01577759 159.33442688
v 82.55000305 149.97451782 157.63520813
v 82.55000305 148.68025208 156.11982727
v 82.55000305 147.16487122 154.82556152
v 82.55000305 145.46568298 153.78427124
v 82.55000305 143.62451172 153.02169800
v 82.55000305 141.68672180 152.55642700
v 82.55000305 139.69999695 152.40002441
v 82.55000305 88.90000153 152.40002441
v 82.55000305 86.91327667 152.55642700
v 82.55000305 84.97547913 153.02169800
v 82.55000305 83.13431549 153.78427124
v 82.55000305 81.43512726 154.82556152
v 82.55000305 79.91973877 156.11982727
v 82.55000305 78.62548065 157.63520813
v 82.55000305 77.58421326 159.33442688
v 82.55000305 76.82157898 161.17549133
v 82.55000305 76.35635376 163.11335754
v 82.55000305 76.19999695 165.10009766
v 82.55000305 76.19999695 215.90007019
v 82.55000305 76.35635376 217.88674927
v 82.55000305 76.82157898 219.82455444
v 82.55000305 77.58421326 221.66574097
v 82.55000305 78.62548065 223.36494446
v 82.55000305 79.91973877 224.88034058
v 82.55000305 81.43512726 226.17459106
v 82.55000305 83.13431549 227.21582031
v 82.55000305 84.97547913 227.97846985
v 82.55000305 86.91327667 228.44367981
v 82.55000305 88.90000153 228.60002136
v 82.55000305 139.69999695 228.60002136
v 82.55000305 141.68672180 228.44367981
v 82.55000305 143.62451172 227.97846985
v 82.55000305 145.46568298 227.21582031
v 82.55000305 147.16487122 226.17459106
v 82.55000305 148.68025208 224.88034058
v 82.55000305 149.97451782 223.36494446
v 82.55000305 151.01577759 221.66574097
v 82.55000305 151.77841187 219.82455444
v 82.55000305 152.24363708 217.88674927
v 82.55000305 152.39999390 215.90007019
v 1022.35003662 88.90000153 152.40002441
v 1022.35003662 139.69999695 152.40002441
v 1022.35003662 76.19999695 165.10009766
v 1022.35003662 76.35635376 163.11335754
v 1022.35003662 76.82157898 161.17549133
v 1022.35003662 77.58421326 159.33442688
v 1022.35003662 78.62548065 157.63520813
v 1022.35003662 79.91973877 156.11982727
v 1022.35003662 81.43512726 154.82556152
v 1022.35003662 83.13431549 153.78427124
v 1022.35003662 84.97547913 153.02169800
v 1022.35003662 86.91327667 152.55642700
v 1022.35003662 76.19999695 215.90007019
v 1022.35003662 88.90000153 228.60002136
v 1022.35003662 86.91327667 228.44367981
v 1022.35003662 84.97547913 227.97846985
v 1022.35003662 83.13431549 227.21582031
v 1022.35003662 81.43512726 226.17459106
v 1022.35003662 79.91973877 224.88034058
v 1022.35003662 78.62548065 223.36494446
v 1022.35003662 77.58421326 221.66574097
v 1022.35003662 76.82157898 219.82455444
v 1022.35003662 76.35635376 217.88674927
v 1022.35003662 139.69999695 228.60002136
v 1022.35003662 152.39999390 215.90007019
v 1022.35003662 152.24363708 217.88674927
v 1022.35003662 151.77841187 219.82455444
v 1022.35003662 151.01577759 221.66574097
v 1022.35003662 149.97451782 223.36494446
v 1022.35003662 148.68025208 224.88034058
v 1022.35003662 147.16487122 226.17459106
v 1022.35003662 145.46568298 227.21582031
v 1022.35003662 143.62451172 227.97846985
v 1022.35003662 141.68672180 228.44367981
v 1022.35003662 152.39999390 165.10009766
v 1022.35003662 141.68672180 152.55642700
v 1022.35003662 143.62451172 153.02169800
v 1022.35003662 145.46568298 153.78427124
v 1022.35003662 147.16487122 154.82556152
v 1022.35003662 148.68025208 156.11982727
v 1022.35003662 149.97451782 157.63520813
v 1022.35003662 151.01577759 159.33442688
v 1022.35003662 151.77841187 161.17549133
v 1022.35003662 152.24363708 163.11335754
v 12.69999886 88.90000153 1168.40002441
v 12.69999886 88.90000153 228.60002136
v 12.69999886 139.69999695 1168.40002441
v 12.69999886 139.69999695 228.60002136
v 19.05000114 82.54999542 1168.40002441
v 19.05000114 82.54999542 228.60002136
v 18.05664062 82.62817383 1168.40002441
v 18.05664062 82.62817383 228.60002136
v 17.08774185 82.86078644 1168.40002441
v 17.08774185 82.86078644 228.60002136
v 16.16716003 83.24210358 1168.40002441
v 16.16716003 83.24210358 228.60002136
v 15.31756306 83.76274109 1168.40002441
v 15.31756306 83.76274109 228.60002136
v 14.55987263 84.40987396 1168.40002441
v 14.55987263 84.40987396 228.60002136
v 13.91274071 85.16756439 1168.40002441
v 13.91274071 85.16756439 228.60002136
v 13.39210987 86.01715851 1168.40002441
v 13.39210987 86.01715851 228.60002136
v 13.01079273 86.93774414 1168.40002441
v 13.01079273 86.93774414 228.60002136
v 12.77817822 87.90663910 1168.40002441
v 12.77817822 87.90663910 228.60002136
v 69.84999847 82.54999542 1168.40002441
v 69.84999847 82.54999542 228.60002136
v 76.20000458 88.90000153 1168.40002441
v 76.20000458 88.90000153 228.60002136
v 76.12181854 87.90663910 1168.40002441
v 76.12181854 87.90663910 228.60002136
v 75.88920593 86.93774414 1168.40002441
v 75.88920593 86.93774414 228.60002136
v 75.50788879 86.01715851 1168.40002441
v 75.50788879 86.01715851 228.60002136
v 74.98725891 85.16756439 1168.40002441
v 74.98725891 85.16756439 228.60002136
v 74.34012604 84.40987396 1168.40002441
v 74.34012604 84.40987396 228.60002136
v 73.58243561 83.76274109 1168.40002441
v 73.58243561 83.76274109 228.60002136
v 72.73284149 83.24210358 1168.40002441
v 72.73284149 83.24210358 228.60002136
v 71.81225586 82.86078644 1168.40002441
v 71.81225586 82.86078644 228.60002136
v 70.84336090 82.62817383 1168.40002441
v 70.84336090 82.62817383 228.60002136
v 76.20000458 139.69999695 1168.40002441
v 76.20000458 139.69999695 228.60002136
v 69.84999847 146.05000305 1168.40002441
v 69.84999847 146.05000305 228.60002136
v 70.84336090 145.97181702 1168.40002441
v 70.84336090 145.97181702 228.60002136
v 71.81225586 145.73921204 1168.40002441
v 71.81225586 145.73921204 228.60002136
v 72.73284149 145.35789490 1168.40002441
v 72.73284149 145.35789490 228.60002136
v 73.58243561 144.83724976 1168.40002441
v 73.58243561 144.83724976 228.60002136
v 74.34012604 144.19012451 1168.40002441
v 74.34012604 144.19012451 228.60002136
v 74.98725891 143.43243408 1168.40002441
v 74.98725891 143.43243408 228.60002136
v 75.50788879 142.58283997 1168.40002441
v 75.50788879 142.58283997 228.60002136
v 75.88920593 141.66226196 1168.40002441
v 75.88920593 141.66226196 228.60002136
v 76.12181854 140.69335938 1168.40002441
v 76.12181854 140.69335938 228.60002136
v 19.05000114 146.05000305 1168.40002441
v 19.05000114 146.05000305 228.60002136
v 12.77817822 140.69335938 1168.40002441
v 12.77817822 140.69335938 228.60002136
v 13.01079273 141.66226196 1168.40002441
v 13.01079273 141.66226196 228.60002136
v 13.39210987 142.58283997 1168.40002441
v 13.39210987 142.58283997 228.60002136
v 13.91274071 143.43243408 1168.40002441
v 13.91274071 143.43243408 228.60002136
v 14.55987263 144.19012451 1168.40002441
v 14.55987263 144.19012451 228.60002136
v 15.31756306 144.83724976 1168.40002441
v 15.31756306 144.83724976 228.60002136
v 16.16716003 145.35789490 1168.40002441
v 16.16716003 145.35789490 228.60002136
v 17.08774185 145.73921204 1168.40002441
v 17.08774185 145.73921204 228.60002136
v 18.05664062 145.97181702 1168.40002441
v 18.05664062 145.97181702 228.60002136
v 69.84999847 76.19999695 1168.40002441
v 69.84999847 76.19999695 228.60002136
v 71.83671570 76.35635376 228.60002136
v 71.83671570 76.35635376 1168.40002441
v 73.77451324 76.82157898 228.60002136
v 73.77451324 76.82157898 1168.40002441
v 75.61567688 77.58421326 228.60002136
v 75.61567688 77.58421326 1168.40002441
v 77.31487274 78.62548065 228.60002136
v 77.31487274 78.62548065 1168.40002441
v 78.83025360 79.91973877 228.60002136
v 78.83025360 79.91973877 1168.40002441
v 80.12451935 81.43512726 228.60002136
v 80.12451935 81.43512726 1168.40002441
v 81.16578674 83.13431549 228.60002136
v 81.16578674 83.13431549 1168.40002441
v 81.92841339 84.97547913 228.60002136
v 81.92841339 84.97547913 1168.40002441
v 82.39364624 86.91327667 228.60002136
v 82.39364624 86.91327667 1168.40002441
v 19.05000114 76.19999695 228.60002136
v 19.05000114 76.19999695 1168.40002441
v 6.34999943 88.90000153 1168.40002441
v 6.34999943 88.90000153 228.60002136
v 6.50635719 86.91327667 228.60002136
v 6.50635719 86.91327667 1168.40002441
v 6.97158289 84.97547913 228.60002136
v 6.97158289 84.97547913 1168.40002441
v 7.73421669 83.13431549 228.60002136
v 7.73421669 83.13431549 1168.40002441
v 8.77548409 81.43512726 228.60002136
v 8.77548409 81.43512726 1168.40002441
v 10.06974316 79.91973877 228.60002136
v 10.06974316 79.91973877 1168.40002441
v 11.58512783 78.62548065 228.60002136
v 11.58512783 78.62548065 1168.40002441
v 13.28431988 77.58421326 228.60002136
v 13.28431988 77.58421326 1168.40002441
v 15.12548351 76.82157898 228.60002136
v 15.12548351 76.82157898 1168.40002441
v 17.06328201 76.35635376 228.60002136
v 17.06328201 76.35635376 1168.40002441
v 6.34999943 139.69999695 228.60002136
v 6.34999943 139.69999695 1168.40002441
v 19.05000114 152.39999390 1168.40002441
v 19.05000114 152.39999390 228.60002136
v 17.06328201 152.24363708 228.60002136
v 17.06328201 152.24363708 1168.40002441
v 15.12548351 151.77841187 228.60002136
v 15.12548351 151.77841187 1168.40002441
v 13.28431988 151.01577759 228.60002136
v 13.28431988 151.01577759 1168.40002441
v 11.58512783 149.97451782 228.60002136
v 11.58512783 149.97451782 1168.40002441
v 10.06974316 148.68025208 228.60002136
v 10.06974316 148.68025208 1168.40002441
v 8.77548409 147.16487122 228.60002136
v 8.77548409 147.16487122 1168.40002441
v 7.73421669 145.46568298 228.60002136
v 7.73421669 145.46568298 1168.40002441
v 6.97158289 143.62451172 228.60002136
v 6.97158289 143.62451172 1168.40002441
v 6.50635719 141.68672180 228.60002136
v 6.50635719 141.68672180 1168.40002441
v 69.84999847 152.39999390 228.60002136
v 69.84999847 152.39999390 1168.40002441
v 82.39364624 141.68672180 228.60002136
v 82.39364624 141.68672180 1168.40002441
v 81.92841339 143.62451172 228.60002136
v 81.92841339 143.62451172 1168.40002441
v 81.16578674 145.46568298 228.60002136
v 81.16578674 145.46568298 1168.40002441
v 80.12451935 147.16487122 228.60002136
v 80.12451935 147.16487122 1168.40002441
v 78.83025360 148.68025208 228.60002136
v 78.83025360 148.68025208 1168.40002441
v 77.31487274 149.97451782 228.60002136
v 77.31487274 149.97451782 1168.40002441
v 75.61567688 151.01577759 228.60002136
v 75.61567688 151.01577759 1168.40002441
v 73.77451324 151.77841187 228.60002136
v 73.77451324 151.77841187 1168.40002441
v 71.83671570 152.24363708 228.60002136
v 71.83671570 152.24363708 1168.40002441
v 1028.69995117 88.90000153 1168.40002441
v 1028.69995117 88.90000153 228.60002136
v 1028.69995117 139.69999695 1168.40002441
v 1028.69995117 139.69999695 228.60002136
v 1035.05004883 82.54999542 1168.40002441
v 1035.05004883 82.54999542 228.60002136
v 1034.05664062 82.62817383 1168.40002441
v 1034.05664062 82.62817383 228.60002136
v 1033.08776855 82.86078644 1168.40002441
v 1033.08776855 82.86078644 228.60002136
v 1032.16711426 83.24210358 1168.40002441
v 1032.16711426 83.24210358 228.60002136
v 1031.31750488 83.76274109 1168.40002441
v 1031.31750488 83.76274109 228.60002136
v 1030.55981445 84.40987396 1168.40002441
v 1030.55981445 84.40987396 228.60002136
v 1029.91271973 85.16756439 1168.40002441
v 1029.91271973 85.16756439 228.60002136
v 1029.39208984 86.01715851 1168.40002441
v 1029.39208984 86.01715851 228.60002136
v 1029.01074219 86.93774414 1168.40002441
v 1029.01074219 86.93774414 228.60002136
v 1028.77819824 87.90663910 1168.40002441
v 1028.77819824 87.90663910 228.60002136
v 1085.84997559 82.54999542 1168.40002441
v 1085.84997559 82.54999542 228.60002136
v 1092.19995117 88.90000153 1168.40002441
v 1092.19995117 88.90000153 228.60002136
v 1092.12182617 87.90663910 1168.40002441
v 1092.12182617 87.90663910 228.60002136
v 1091.88916016 86.93774414 1168.40002441
v 1091.88916016 86.93774414 228.60002136
v 1091.50781250 86.01715851 1168.40002441
v 1091.50781250 86.01715851 228.60002136
v 1090.98730469 85.16756439 1168.40002441
v 1090.98730469 85.16756439 228.60002136
v 1090.34008789 84.40987396 1168.40002441
v 1090.34008789 84.40987396 228.60002136
v 1089.58239746 83.76274109 1168.40002441
v 1089.58239746 83.76274109 228.60002136
v 1088.73278809 83.24210358 1168.40002441
v 1088.73278809 83.24210358 228.60002136
v 1087.81225586 82.86078644 1168.40002441
v 1087.81225586 82.86078644 228.60002136
v 1086.84338379 82.62817383 1168.40002441
v 1086.84338379 82.62817383 228.60002136
v 1092.19995117 139.69999695 1168.40002441
v 1092.19995117 139.69999695 228.60002136
v 1085.84997559 146.05000305 1168.40002441
v 1085.84997559 146.05000305 228.60002136
v 1086.84338379 145.97181702 1168.40002441
v 1086.84338379 145.97181702 228.60002136
v 1087.81225586 145.73921204 1168.40002441
v 1087.81225586 145.73921204 228.60002136
v 1088.73278809 145.35789490 1168.40002441
v 1088.73278809 145.35789490 228.60002136
v 1089.58239746 144.83724976 1168.40002441
v 1089.58239746 144.83724976 228.60002136
v 1090.34008789 144.19012451 1168.40002441
v 1090.34008789 144.19012451 228.60002136
v 1090.98730469 143.43243408 1168.40002441
v 1090.98730469 143.43243408 228.60002136
v 1091.50781250 142.58283997 1168.40002441
v 1091.50781250 142.58283997 228.60002136
v 1091.88916016 141.66226196 1168.40002441
v 1091.88916016 141.66226196 228.60002136
v 1092.12182617 140.69335938 1168.40002441
v 1092.12182617 140.69335938 228.60002136
v 1035.05004883 146.05000305 1168.40002441
v 1035.05004883 146.05000305 228.60002136
v 1028.77819824 140.69335938 1168.40002441
v 1028.77819824 140.69335938 228.60002136
v 1029.01074219 141.66226196 1168.40002441
v 1029.01074219 141.66226196 228.60002136
v 1029.39208984 142.58283997 1168.40002441
v 1029.39208984 142.58283997 228.60002136
v 1029.91271973 143.43243408 1168.40002441
v 1029.91271973 143.43243408 228.60002136
v 1030.55981445 144.19012451 1168.40002441
v 1030.55981445 144.19012451 228.60002136
v 1031.31750488 144.83724976 1168.40002441
v 1031.31750488 144.83724976 228.60002136
v 1032.16711426 145.35789490 1168.40002441
v 1032.16711426 145.35789490 228.60002136
v 1033.08776855 145.73921204 1168.40002441
v 1033.08776855 145.73921204 228.60002136
v 1034.05664062 145.97181702 1168.40002441
v 1034.05664062 145.97181702 228.60002136
v 1098.55004883 88.90000153 228.60002136
v 1098.55004883 139.69999695 228.60002136
v 1098.55004883 88.90000153 1168.40002441
v 1098.55004883 139.69999695 1168.40002441
v 1085.84997559 76.19999695 1168.40002441
v 1085.84997559 76.19999695 228.60002136
v 1087.83666992 76.35635376 228.60002136
v 1087.83666992 76.35635376 1168.40002441
v 1089.77453613 76.82157898 228.60002136
v 1089.77453613 76.82157898 1168.40002441
v 1091.61560059 77.58421326 228.60002136
v 1091.61560059 77.58421326 1168.40002441
v 1093.31481934 78.62548065 228.60002136
v 1093.31481934 78.62548065 1168.40002441
v 1094.83020020 79.91973877 228.60002136
v 1094.83020020 79.91973877 1168.40002441
v 1096.12451172 81.43512726 228.60002136
v 1096.12451172 81.43512726 1168.40002441
v 1097.16577148 83.13431549 228.60002136
v 1097.16577148 83.13431549 1168.40002441
v 1097.92834473 84.97547913 228.60002136
v 1097.92834473 84.97547913 1168.40002441
v 1098.39367676 86.91327667 228.60002136
v 1098.39367676 86.91327667 1168.40002441
v 1035.05004883 76.19999695 228.60002136
v 1035.05004883 76.19999695 1168.40002441
v 1022.50634766 86.91327667 228.60002136
v 1022.50634766 86.91327667 1168.40002441
v 1022.97155762 84.97547913 228.60002136
v 1022.97155762 84.97547913 1168.40002441
v 1023.73425293 83.13431549 228.60002136
v 1023.73425293 83.13431549 1168.40002441
v 1024.77551270 81.43512726 228.60002136
v 1024.77551270 81.43512726 1168.40002441
v 1026.06970215 79.91973877 228.60002136
v 1026.06970215 79.91973877 1168.40002441
v 1027.58508301 78.62548065 228.60002136
v 1027.58508301 78.62548065 1168.40002441
v 1029.28430176 77.58421326 228.60002136
v 1029.28430176 77.58421326 1168.40002441
v 1031.12548828 76.82157898 228.60002136
v 1031.12548828 76.82157898 1168.40002441
v 1033.06335449 76.35635376 228.60002136
v 1033.06335449 76.35635376 1168.40002441
v 1035.05004883 152.39999390 1168.40002441
v 1035.05004883 152.39999390 228.60002136
v 1033.06335449 152.24363708 228.60002136
v 1033.06335449 152.24363708 1168.40002441
v 1031.12548828 151.77841187 228.60002136
v 1031.12548828 151.77841187 1168.40002441
v 1029.28430176 151.01577759 228.60002136
v 1029.28430176 151.01577759 1168.40002441
v 1027.58508301 149.97451782 228.60002136
v 1027.58508301 149.97451782 1168.40002441
v 1026.06970215 148.68025208 228.60002136
v 1026.06970215 148.68025208 1168.40002441
v 1024.77551270 147.16487122 228.60002136
v 1024.77551270 147.16487122 1168.40002441
v 1023.73425293 145.46568298 228.60002136
v 1023.73425293 145.46568298 1168.40002441
v 1022.97155762 143.62451172 228.60002136
v 1022.97155762 143.62451172 1168.40002441
v 1022.50634766 141.68672180 228.60002136
v 1022.50634766 141.68672180 1168.40002441
v 1085.84997559 152.39999390 228.60002136
v 1085.84997559 152.39999390 1168.40002441
v 1098.39367676 141.68672180 228.60002136
v 1098.39367676 141.68672180 1168.40002441
v 1097.92834473 143.62451172 228.60002136
v 1097.92834473 143.62451172 1168.40002441
v 1097.16577148 145.46568298 228.60002136
v 1097.16577148 145.46568298 1168.40002441
v 1096.12451172 147.16487122 228.60002136
v 1096.12451172 147.16487122 1168.40002441
v 1094.83020020 148.68025208 228.60002136
v 1094.83020020 148.68025208 1168.40002441
v 1093.31481934 149.97451782 228.60002136
v 1093.31481934 149.97451782 1168.40002441
v 1091.61560059 151.01577759 228.60002136
v 1091.61560059 151.01577759 1168.40002441
v 1089.77453613 151.77841187 228.60002136
v 1089.77453613 151.77841187 1168.40002441
v 1087.83666992 152.24363708 228.60002136
v 1087.83666992 152.24363708 1168.40002441
v 1092.19995117 431.79998779 1238.25000000
v 1092.19995117 381.00000000 1238.25000000
v 12.69999886 431.79998779 1238.25000000
v 12.69999886 381.00000000 1238.25000000
v 1085.84997559 374.64999390 1231.90002441
v 19.05000114 374.64999390 1231.90002441
v 18.05664062 374.72817993 1232.89343262
v 1086.84338379 374.72817993 1232.89343262
v 17.08774185 374.96078491 1233.86230469
v 1087.81225586 374.96078491 1233.86230469
v 16.16716003 375.34210205 1234.78283691
v 1088.73278809 375.34210205 1234.78283691
v 15.31756306 375.86273193 1235.63244629
v 1089.58239746 375.86273193 1235.63244629
v 14.55987263 376.50985718 1236.39013672
v 1090.34008789 376.50985718 1236.39013672
v 13.91274071 377.26754761 1237.03735352
v 1090.98730469 377.26754761 1237.03735352
v 1091.26428223 377.68212891 1237.31433105
v 13.63573456 377.68212891 1237.31433105
v 1091.50781250 378.11715698 1237.55798340
v 13.39210987 378.11715698 1237.55798340
v 13.18336678 378.56994629 1237.76672363
v 1091.71655273 378.56994629 1237.76672363
v 13.01079273 379.03775024 1237.93920898
v 1091.88916016 379.03775024 1237.93920898
v 1092.02453613 379.51763916 1238.07458496
v 12.87545300 379.51763916 1238.07458496
v 1092.12182617 380.00662231 1238.17187500
v 12.77817822 380.00662231 1238.17187500
v 12.71957493 380.50180054 1238.23046875
v 1092.18041992 380.50180054 1238.23046875
v 1035.05004883 374.64999390 1181.10009766
v 69.84999847 374.64999390 1181.10009766
v 1028.71960449 380.50180054 1174.76965332
v 1028.69995117 381.00000000 1174.75000000
v 76.20000458 381.00000000 1174.75000000
v 1028.77819824 380.00662231 1174.82824707
v 76.18042755 380.50180054 1174.76965332
v 76.12181854 380.00662231 1174.82824707
v 1028.87536621 379.51763916 1174.92553711
v 1029.01074219 379.03775024 1175.06079102
v 76.02454376 379.51763916 1174.92553711
v 75.88920593 379.03775024 1175.06079102
v 1029.18334961 378.56994629 1175.23339844
v 1029.39208984 378.11715698 1175.44213867
v 75.50788879 378.11715698 1175.44213867
v 75.26426697 377.68212891 1175.68579102
v 1029.91271973 377.26754761 1175.96276855
v 75.71663666 378.56994629 1175.23339844
v 1029.63574219 377.68212891 1175.68579102
v 74.98725891 377.26754761 1175.96276855
v 74.34012604 376.50985718 1176.60998535
v 1030.55981445 376.50985718 1176.60998535
v 73.58243561 375.86273193 1177.36767578
v 1031.31750488 375.86273193 1177.36767578
v 72.73284149 375.34210205 1178.21716309
v 1032.16711426 375.34210205 1178.21716309
v 71.81225586 374.96078491 1179.13781738
v 1033.08776855 374.96078491 1179.13781738
v 70.84336090 374.72817993 1180.10668945
v 1034.05664062 374.72817993 1180.10668945
v 1028.69995117 431.79998779 1174.75000000
v 76.20000458 431.79998779 1174.75000000
v 1029.63574219 435.11785889 1175.68579102
v 1029.91271973 435.53244019 1175.96276855
v 74.98725891 435.53244019 1175.96276855
v 1030.55981445 436.29013062 1176.60998535
v 74.34012604 436.29013062 1176.60998535
v 1031.31750488 436.93725586 1177.36767578
v 73.58243561 436.93725586 1177.36767578
v 1032.16711426 437.45788574 1178.21716309
v 72.73284149 437.45788574 1178.21716309
v 1033.08776855 437.83920288 1179.13781738
v 71.81225586 437.83920288 1179.13781738
v 1034.05664062 438.07183838 1180.10668945
v 70.84336090 438.07183838 1180.10668945
v 1035.05004883 438.14999390 1181.10009766
v 69.84999847 438.14999390 1181.10009766
v 1029.39208984 434.68283081 1175.44213867
v 75.26426697 435.11785889 1175.68579102
v 75.50788879 434.68283081 1175.44213867
v 75.71663666 434.23004150 1175.23339844
v 75.88920593 433.76226807 1175.06079102
v 1029.01074219 433.76226807 1175.06079102
v 1029.18334961 434.23004150 1175.23339844
v 76.02454376 433.28237915 1174.92553711
v 76.12181854 432.79336548 1174.82824707
v 1028.77819824 432.79336548 1174.82824707
v 1028.87536621 433.28237915 1174.92553711
v 76.18042755 432.29818726 1174.76965332
v 1028.71960449 432.29818726 1174.76965332
v 1085.84997559 438.14999390 1231.90002441
v 19.05000114 438.14999390 1231.90002441
v 12.71957493 432.29818726 1238.23046875
v 1092.18041992 432.29818726 1238.23046875
v 12.77817822 432.79336548 1238.17187500
v 1092.12182617 432.79336548 1238.17187500
v 1092.02453613 433.28237915 1238.07458496
v 12.87545300 433.28237915 1238.07458496
v 1091.88916016 433.76226807 1237.93920898
v 13.01079273 433.76226807 1237.93920898
v 1091.71655273 434.23004150 1237.76672363
v 13.18336678 434.23004150 1237.76672363
v 1091.50781250 434.68283081 1237.55798340
v 13.39210987 434.68283081 1237.55798340
v 1091.26428223 435.11785889 1237.31433105
v 13.63573456 435.11785889 1237.31433105
v 1090.98730469 435.53244019 1237.03735352
v 13.91274071 435.53244019 1237.03735352
v 14.55987263 436.29013062 1236.39013672
v 1090.34008789 436.29013062 1236.39013672
v 15.31756306 436.93725586 1235.63244629
v 1089.58239746 436.93725586 1235.63244629
v 16.16716003 437.45788574 1234.78283691
v 1088.73278809 437.45788574 1234.78283691
v 17.08774185 437.83920288 1233.86230469
v 1087.81225586 437.83920288 1233.86230469
v 18.05664062 438.07183838 1232.89343262
v 1086.84338379 438.07183838 1232.89343262
v 1022.35003662 431.79998779 1168.40002441
v 1022.35003662 381.00000000 1168.40002441
v 1022.38909912 380.00357056 1168.43920898
v 1022.50634766 379.01327515 1168.55639648
v 1022.70092773 378.03521729 1168.75097656
v 1022.38909912 432.79644775 1168.43920898
v 1022.50634766 433.78671265 1168.55639648
v 1022.70092773 434.76477051 1168.75097656
v 1026.06970215 372.01974487 1172.11975098
v 1027.58508301 370.72546387 1173.63513184
v 1029.28430176 369.68420410 1175.33435059
v 1031.12548828 368.92160034 1177.17553711
v 1089.77453613 368.92160034 1235.82458496
v 1091.61560059 369.68420410 1237.66577148
v 1093.31481934 370.72546387 1239.36486816
v 1094.83020020 372.01974487 1240.88037109
v 1094.83020020 440.78027344 1240.88037109
v 1093.31481934 442.07452393 1239.36486816
v 1091.61560059 443.11578369 1237.66577148
v 1089.77453613 443.87841797 1235.82458496
v 1022.97155762 377.07546997 1169.02160645
v 1023.31677246 376.13992310 1169.36682129
v 1023.73425293 375.23431396 1169.78430176
v 1031.12548828 443.87841797 1177.17553711
v 1029.28430176 443.11578369 1175.33435059
v 1027.58508301 442.07452393 1173.63513184
v 1026.06970215 440.78027344 1172.11975098
v 1098.39367676 379.01327515 1244.44372559
v 1098.19909668 378.03521729 1244.24914551
v 1098.19909668 434.76477051 1244.24914551
v 1098.39367676 433.78671265 1244.44372559
v 1022.97155762 435.72451782 1169.02160645
v 1023.31677246 436.66006470 1169.36682129
v 1023.73425293 437.56567383 1169.78430176
v 1024.22143555 438.43572998 1170.27148438
v 1024.77551270 439.26489258 1170.82556152
v 1024.22143555 374.36425781 1170.27148438
v 1024.77551270 373.53512573 1170.82556152
v 1098.51086426 432.79644775 1244.56091309
v 1098.55004883 431.79998779 1244.60009766
v 1098.55004883 381.00000000 1244.60009766
v 1098.51086426 380.00357056 1244.56091309
v 1097.92834473 435.72451782 1243.97851562
v 1097.58325195 436.66006470 1243.63330078
v 1097.16577148 437.56567383 1243.21582031
v 1033.06335449 368.45635986 1179.11328125
v 1035.05004883 368.30001831 1181.10009766
v 1085.84997559 368.30001831 1231.90002441
v 1087.83666992 368.45635986 1233.88671875
v 1097.92834473 377.07546997 1243.97851562
v 1097.58325195 376.13992310 1243.63330078
v 1097.16577148 375.23431396 1243.21582031
v 1096.67858887 374.36425781 1242.72863770
v 1096.12451172 373.53512573 1242.17456055
v 1096.67858887 438.43572998 1242.72863770
v 1096.12451172 439.26489258 1242.17456055
v 1087.83666992 444.34362793 1233.88671875
v 1085.84997559 444.49996948 1231.90002441
v 1035.05004883 444.49996948 1181.10009766
v 1033.06335449 444.34362793 1179.11328125
v 82.55000305 431.79998779 1168.40002441
v 82.55000305 381.00000000 1168.40002441
v 82.39364624 379.01327515 1168.55639648
v 69.84999847 368.30001831 1181.10009766
v 71.83671570 368.45635986 1179.11328125
v 73.77451324 368.92160034 1177.17553711
v 75.61567688 369.68420410 1175.33435059
v 77.31487274 370.72546387 1173.63513184
v 78.83025360 372.01974487 1172.11975098
v 80.12451935 373.53512573 1170.82556152
v 80.67852783 374.36425781 1170.27148438
v 81.16578674 375.23431396 1169.78430176
v 81.58326721 376.13992310 1169.36682129
v 81.92841339 377.07546997 1169.02160645
v 82.19909668 378.03521729 1168.75097656
v 82.51084900 380.00357056 1168.43920898
v 19.05000114 368.30001831 1231.90002441
v 6.34999943 381.00000000 1244.60009766
v 6.38914871 380.00357056 1244.56091309
v 6.50635719 379.01327515 1244.44372559
v 6.70090294 378.03521729 1244.24914551
v 6.97158289 377.07546997 1243.97851562
v 7.31673098 376.13992310 1243.63330078
v 7.73421669 375.23431396 1243.21582031
v 8.22146988 374.36425781 1242.72863770
v 8.77548409 373.53512573 1242.17456055
v 10.06974316 372.01974487 1240.88037109
v 11.58512783 370.72546387 1239.36486816
v 13.28431988 369.68420410 1237.66577148
v 15.12548351 368.92160034 1235.82458496
v 17.06328201 368.45635986 1233.88671875
v 6.34999943 431.79998779 1244.60009766
v 6.38914871 432.79644775 1244.56091309
v 6.50635719 433.78671265 1244.44372559
v 6.70090294 434.76477051 1244.24914551
v 6.97158289 435.72451782 1243.97851562
v 7.31673098 436.66006470 1243.63330078
v 7.73421669 437.56567383 1243.21582031
v 8.22146988 438.43572998 1242.72863770
v 8.77548409 439.26489258 1242.17456055
v 10.06974316 440.78027344 1240.88037109
v 11.58512783 442.07452393 1239.36486816
v 13.28431988 443.11578369 1237.66577148
v 15.12548351 443.87841797 1235.82458496
v 17.06328201 444.34362793 1233.88671875
v 19.05000114 444.49996948 1231.90002441
v 69.84999847 444.49996948 1181.10009766
v 81.58326721 436.66006470 1169.36682129
v 81.16578674 437.56567383 1169.78430176
v 82.51084900 432.79644775 1168.43920898
v 82.39364624 433.78671265 1168.55639648
v 82.19909668 434.76477051 1168.75097656
v 81.92841339 435.72451782 1169.02160645
v 80.67852783 438.43572998 1170.27148438
v 80.12451935 439.26489258 1170.82556152
v 78.83025360 440.78027344 1172.11975098
v 77.31487274 442.07452393 1173.63513184
v 75.61567688 443.11578369 1175.33435059
v 73.77451324 443.87841797 1177.17553711
v 71.83671570 444.34362793 1179.11328125
v 12.69999886 431.79998779 158.75006104
v 12.71957493 432.29818726 158.76960754
v 12.77817822 432.79336548 158.82826233
v 12.87545300 433.28237915 158.92553711
v 13.01079273 433.76226807 159.06083679
v 13.18336678 434.23004150 159.23344421
v 13.39210987 434.68283081 159.44218445
v 13.63573456 435.11785889 159.68572998
v 13.91274071 435.53244019 159.96276855
v 14.55987263 436.29013062 160.60995483
v 15.31756306 436.93725586 161.36766052
v 16.16716003 437.45788574 162.21725464
v 17.08774185 437.83920288 163.13778687
v 18.05664062 438.07183838 164.10671997
v 19.05000114 438.14999390 165.10009766
v 69.84999847 438.14999390 215.90007019
v 70.84336090 438.07183838 216.89343262
v 71.81225586 437.83920288 217.86230469
v 72.73284149 437.45788574 218.78289795
v 73.58243561 436.93725586 219.63250732
v 74.34012604 436.29013062 220.39019775
v 74.98725891 435.53244019 221.03732300
v 75.26426697 435.11785889 221.31431580
v 75.50788879 434.68283081 221.55792236
v 75.71663666 434.23004150 221.76670837
v 75.88920593 433.76226807 221.93927002
v 76.02454376 433.28237915 222.07463074
v 76.12181854 432.79336548 222.17190552
v 76.18042755 432.29818726 222.23049927
v 76.20000458 431.79998779 222.25004578
v 76.20000458 381.00000000 222.25004578
v 76.18042755 380.50180054 222.23049927
v 76.12181854 380.00662231 222.17190552
v 76.02454376 379.51763916 222.07463074
v 75.88920593 379.03775024 221.93927002
v 75.50788879 378.11715698 221.55792236
v 75.26426697 377.68212891 221.31431580
v 75.71663666 378.56994629 221.76670837
v 74.98725891 377.26754761 221.03732300
v 74.34012604 376.50985718 220.39019775
v 73.58243561 375.86273193 219.63250732
v 72.73284149 375.34210205 218.78289795
v 71.81225586 374.96078491 217.86230469
v 70.84336090 374.72817993 216.89343262
v 69.84999847 374.64999390 215.90007019
v 19.05000114 374.64999390 165.10009766
v 18.05664062 374.72817993 164.10671997
v 17.08774185 374.96078491 163.13778687
v 16.16716003 375.34210205 162.21725464
v 15.31756306 375.86273193 161.36766052
v 14.55987263 376.50985718 160.60995483
v 13.91274071 377.26754761 159.96276855
v 13.63573456 377.68212891 159.68572998
v 12.77817822 380.00662231 158.82826233
v 12.87545300 379.51763916 158.92553711
v 13.01079273 379.03775024 159.06083679
v 13.18336678 378.56994629 159.23344421
v 13.39210987 378.11715698 159.44218445
v 12.69999886 381.00000000 158.75006104
v 12.71957493 380.50180054 158.76960754
v 82.55000305 431.79998779 228.60002136
v 82.51084900 432.79644775 228.56092834
v 82.39364624 433.78671265 228.44367981
v 82.19909668 434.76477051 228.24913025
v 81.92841339 435.72451782 227.97846985
v 81.16578674 437.56567383 227.21582031
v 80.67852783 438.43572998 226.72856140
v 81.58326721 436.66006470 227.63330078
v 80.12451935 439.26489258 226.17459106
v 78.83025360 440.78027344 224.88034058
v 77.31487274 442.07452393 223.36494446
v 75.61567688 443.11578369 221.66574097
v 73.77451324 443.87841797 219.82455444
v 71.83671570 444.34362793 217.88674927
v 69.84999847 444.49996948 215.90007019
v 19.05000114 444.49996948 165.10009766
v 17.06328201 444.34362793 163.11335754
v 15.12548351 443.87841797 161.17549133
v 13.28431988 443.11578369 159.33442688
v 11.58512783 442.07452393 157.63520813
v 10.06974316 440.78027344 156.11982727
v 8.77548409 439.26489258 154.82556152
v 8.22146988 438.43572998 154.27148438
v 7.73421669 437.56567383 153.78427124
v 7.31673098 436.66006470 153.36680603
v 6.97158289 435.72451782 153.02169800
v 6.70090294 434.76477051 152.75097656
v 6.50635719 433.78671265 152.55642700
v 6.38914871 432.79644775 152.43923950
v 6.34999943 431.79998779 152.40002441
v 6.34999943 381.00000000 152.40002441
v 6.38914871 380.00357056 152.43923950
v 6.50635719 379.01327515 152.55642700
v 6.70090294 378.03521729 152.75097656
v 6.97158289 377.07546997 153.02169800
v 7.31673098 376.13992310 153.36680603
v 7.73421669 375.23431396 153.78427124
v 8.22146988 374.36425781 154.27148438
v 8.77548409 373.53512573 154.82556152
v 10.06974316 372.01974487 156.11982727
v 11.58512783 370.72546387 157.63520813
v 13.28431988 369.68420410 159.33442688
v 15.12548351 368.92160034 161.17549133
v 17.06328201 368.45635986 163.11335754
v 19.05000114 368.30001831 165.10009766
v 69.84999847 368.30001831 215.90007019
v 71.83671570 368.45635986 217.88674927
v 73.77451324 368.92160034 219.82455444
v 75.61567688 369.68420410 221.66574097
v 77.31487274 370.72546387 223.36494446
v 78.83025360 372.01974487 224.88034058
v 80.12451935 373.53512573 226.17459106
v 80.67852783 374.36425781 226.72856140
v 81.16578674 375.23431396 227.21582031
v 81.58326721 376.13992310 227.63330078
v 81.92841339 377.07546997 227.97846985
v 82.19909668 378.03521729 228.24913025
v 82.39364624 379.01327515 228.44367981
v 82.51084900 380.00357056 228.56092834
v 82.55000305 381.00000000 228.60002136
v 1085.84997559 444.49996948 165.10009766
v 1087.83666992 444.34362793 163.11335754
v 1089.77453613 443.87841797 161.17549133
v 1091.61560059 443.11578369 159.33442688
v 1093.31481934 442.07452393 157.63520813
v 1094.83020020 440.78027344 156.11982727
v 1096.12451172 439.26489258 154.82556152
v 1096.67858887 438.43572998 154.27148438
v 1097.16577148 437.56567383 153.78427124
v 1097.58325195 436.66006470 153.36680603
v 1097.92834473 435.72451782 153.02169800
v 1098.19909668 434.76477051 152.75097656
v 1098.39367676 433.78671265 152.55642700
v 1098.51086426 432.79644775 152.43923950
v 1098.55004883 431.79998779 152.40002441
v 1035.05004883 444.49996948 215.90007019
v 1022.35003662 431.79998779 228.60002136
v 1022.38909912 432.79644775 228.56092834
v 1022.50634766 433.78671265 228.44367981
v 1022.70092773 434.76477051 228.24913025
v 1022.97155762 435.72451782 227.97846985
v 1023.73425293 437.56567383 227.21582031
v 1024.22143555 438.43572998 226.72856140
v 1023.31677246 436.66006470 227.63330078
v 1024.77551270 439.26489258 226.17459106
v 1026.06970215 440.78027344 224.88034058
v 1027.58508301 442.07452393 223.36494446
v 1029.28430176 443.11578369 221.66574097
v 1031.12548828 443.87841797 219.82455444
v 1033.06335449 444.34362793 217.88674927
v 1022.35003662 381.00000000 228.60002136
v 1024.77551270 373.53512573 226.17459106
v 1026.06970215 372.01974487 224.88034058
v 1027.58508301 370.72546387 223.36494446
v 1029.28430176 369.68420410 221.66574097
v 1031.12548828 368.92160034 219.82455444
v 1033.06335449 368.45635986 217.88674927
v 1035.05004883 368.30001831 215.90007019
v 1024.22143555 374.36425781 226.72856140
v 1023.73425293 375.23431396 227.21582031
v 1023.31677246 376.13992310 227.63330078
v 1022.97155762 377.07546997 227.97846985
v 1022.70092773 378.03521729 228.24913025
v 1022.50634766 379.01327515 228.44367981
v 1022.38909912 380.00357056 228.56092834
v 1085.84997559 368.30001831 165.10009766
v 1098.55004883 381.00000000 152.40002441
v 1098.51086426 380.00357056 152.43923950
v 1098.39367676 379.01327515 152.55642700
v 1098.19909668 378.03521729 152.75097656
v 1097.92834473 377.07546997 153.02169800
v 1097.58325195 376.13992310 153.36680603
v 1097.16577148 375.23431396 153.78427124
v 1096.67858887 374.36425781 154.27148438
v 1096.12451172 373.53512573 154.82556152
v 1094.83020020 372.01974487 156.11982727
v 1093.31481934 370.72546387 157.63520813
v 1091.61560059 369.68420410 159.33442688
v 1089.77453613 368.92160034 161.17549133
v 1087.83666992 368.45635986 163.11335754
v 1035.05004883 438.14999390 215.90007019
v 1034.05664062 438.07183838 216.89343262
v 1033.08776855 437.83920288 217.86230469
v 1032.16711426 437.45788574 218.78289795
v 1031.31750488 436.93725586 219.63250732
v 1030.55981445 436.29013062 220.39019775
v 1029.91271973 435.53244019 221.03732300
v 1029.63574219 435.11785889 221.31431580
v 1029.39208984 434.68283081 221.55792236
v 1029.18334961 434.23004150 221.76670837
v 1029.01074219 433.76226807 221.93927002
v 1028.87536621 433.28237915 222.07463074
v 1028.77819824 432.79336548 222.17190552
v 1028.71960449 432.29818726 222.23049927
v 1028.69995117 431.79998779 222.25004578
v 1085.84997559 438.14999390 165.10009766
v 1092.19995117 431.79998779 158.75006104
v 1092.18041992 432.29818726 158.76960754
v 1092.12182617 432.79336548 158.82826233
v 1092.02453613 433.28237915 158.92553711
v 1091.88916016 433.76226807 159.06083679
v 1091.71655273 434.23004150 159.23344421
v 1091.50781250 434.68283081 159.44218445
v 1091.26428223 435.11785889 159.68572998
v 1090.98730469 435.53244019 159.96276855
v 1090.34008789 436.29013062 160.60995483
v 1089.58239746 436.93725586 161.36766052
v 1088.73278809 437.45788574 162.21725464
v 1087.81225586 437.83920288 163.13778687
v 1086.84338379 438.07183838 164.10671997
v 1092.19995117 381.00000000 158.75006104
v 1085.84997559 374.64999390 165.10009766
v 1086.84338379 374.72817993 164.10671997
v 1087.81225586 374.96078491 163.13778687
v 1088.73278809 375.34210205 162.21725464
v 1089.58239746 375.86273193 161.36766052
v 1090.34008789 376.50985718 160.60995483
v 1090.98730469 377.26754761 159.96276855
v 1091.26428223 377.68212891 159.68572998
v 1092.12182617 380.00662231 158.82826233
v 1092.02453613 379.51763916 158.92553711
v 1091.88916016 379.03775024 159.06083679
v 1091.71655273 378.56994629 159.23344421
v 1091.50781250 378.11715698 159.44218445
v 1092.18041992 380.50180054 158.76960754
v 1035.05004883 374.64999390 215.90007019
v 1029.18334961 378.56994629 221.76670837
v 1029.39208984 378.11715698 221.55792236
v 1028.87536621 379.51763916 222.07463074
v 1029.01074219 379.03775024 221.93927002
v 1028.71960449 380.50180054 222.23049927
v 1028.77819824 380.00662231 222.17190552
v 1028.69995117 381.00000000 222.25004578
v 1029.63574219 377.68212891 221.31431580
v 1029.91271973 377.26754761 221.03732300
v 1030.55981445 376.50985718 220.39019775
v 1031.31750488 375.86273193 219.63250732
v 1032.16711426 375.34210205 218.78289795
v 1033.08776855 374.96078491 217.86230469
v 1034.05664062 374.72817993 216.89343262
v 0.00000000 0.00000000 1308.10009766
v 0.00000000 12.69999886 1308.10009766
v 0.00000000 0.00000000 1155.70007324
v 0.00000000 12.69999886 1155.70007324
v 18.30794907 0.00000000 1280.33154297
v 16.84519196 0.00000000 1280.58239746
v 12.99553394 0.00000000 1282.73291016
v 12.01502609 0.00000000 1283.84704590
v 11.23689842 0.00000000 1285.11071777
v 71.32875824 0.00000000 1297.67419434
v 72.76496887 0.00000000 1297.30029297
v 88.90000153 0.00000000 1308.10009766
v 15.44586372 0.00000000 1281.07678223
v 14.15022087 0.00000000 1281.80053711
v 10.68354034 0.00000000 1286.48791504
v 10.37087250 0.00000000 1287.93859863
v 25.61838150 0.00000000 1294.83093262
v 24.54692459 0.00000000 1295.85791016
v 23.31733131 0.00000000 1296.68896484
v 69.84999847 0.00000000 1297.80004883
v 26.08497429 0.00000000 1283.84704590
v 25.10446548 0.00000000 1282.73291016
v 88.90000153 0.00000000 1155.70007324
v 23.94977951 0.00000000 1281.80053711
v 10.30788612 0.00000000 1289.42138672
v 10.49639320 0.00000000 1290.89355469
v 10.93097019 0.00000000 1292.31250000
v 11.59912014 0.00000000 1293.63769531
v 12.48161888 0.00000000 1294.83093262
v 13.55307579 0.00000000 1295.85791016
v 14.78266907 0.00000000 1296.68896484
v 16.13502693 0.00000000 1297.30029297
v 17.57124329 0.00000000 1297.67419434
v 19.05000114 0.00000000 1297.80004883
v 20.52875710 0.00000000 1297.67419434
v 21.96497345 0.00000000 1297.30029297
v 70.59204865 0.00000000 1280.33154297
v 69.10794830 0.00000000 1280.33154297
v 22.65413666 0.00000000 1281.07678223
v 21.25480843 0.00000000 1280.58239746
v 19.79205132 0.00000000 1280.33154297
v 76.41838074 0.00000000 1294.83093262
v 77.30088043 0.00000000 1293.63769531
v 77.96903229 0.00000000 1292.31250000
v 78.40361023 0.00000000 1290.89355469
v 77.66310120 0.00000000 1285.11071777
v 76.88497162 0.00000000 1283.84704590
v 75.90446472 0.00000000 1282.73291016
v 74.74977875 0.00000000 1281.80053711
v 73.45413971 0.00000000 1281.07678223
v 72.05480957 0.00000000 1280.58239746
v 67.64519501 0.00000000 1280.58239746
v 66.24586487 0.00000000 1281.07678223
v 64.95021820 0.00000000 1281.80053711
v 61.73097229 0.00000000 1292.31250000
v 62.39912033 0.00000000 1293.63769531
v 63.28161621 0.00000000 1294.83093262
v 64.35307312 0.00000000 1295.85791016
v 78.59211731 0.00000000 1289.42138672
v 78.52912903 0.00000000 1287.93859863
v 78.21646118 0.00000000 1286.48791504
v 65.58267212 0.00000000 1296.68896484
v 66.93502808 0.00000000 1297.30029297
v 68.37123871 0.00000000 1297.67419434
v 74.11733246 0.00000000 1296.68896484
v 75.34692383 0.00000000 1295.85791016
v 26.86310196 0.00000000 1285.11071777
v 27.41645813 0.00000000 1286.48791504
v 63.79553604 0.00000000 1282.73291016
v 62.81502533 0.00000000 1283.84704590
v 26.50088120 0.00000000 1293.63769531
v 27.16902924 0.00000000 1292.31250000
v 61.29639053 0.00000000 1290.89355469
v 61.10788345 0.00000000 1289.42138672
v 62.03689957 0.00000000 1285.11071777
v 61.48354340 0.00000000 1286.48791504
v 27.72912979 0.00000000 1287.93859863
v 61.17087173 0.00000000 1287.93859863
v 27.79211617 0.00000000 1289.42138672
v 27.60360718 0.00000000 1290.89355469
v 88.90000153 12.69999886 1308.10009766
v 88.90000153 12.69999886 1155.70007324
v 10.68354034 12.69999886 1286.48791504
v 10.37087250 12.69999886 1287.93859863
v 10.30788612 12.69999886 1289.42138672
v 23.31733131 12.69999886 1296.68896484
v 24.54692459 12.69999886 1295.85791016
v 25.61838150 12.69999886 1294.83093262
v 19.05000114 12.69999886 1297.80004883
v 20.52875710 12.69999886 1297.67419434
v 21.96497345 12.69999886 1297.30029297
v 17.57124329 12.69999886 1297.67419434
v 16.13502693 12.69999886 1297.30029297
v 14.78266907 12.69999886 1296.68896484
v 13.55307579 12.69999886 1295.85791016
v 12.48161888 12.69999886 1294.83093262
v 11.59912014 12.69999886 1293.63769531
v 10.93097019 12.69999886 1292.31250000
v 10.49639320 12.69999886 1290.89355469
v 11.23689842 12.69999886 1285.11071777
v 12.01502609 12.69999886 1283.84704590
v 12.99553394 12.69999886 1282.73291016
v 22.65413666 12.69999886 1281.07678223
v 23.94977951 12.69999886 1281.80053711
v 25.10446548 12.69999886 1282.73291016
v 26.08497429 12.69999886 1283.84704590
v 68.37123871 12.69999886 1297.67419434
v 27.72912979 12.69999886 1287.93859863
v 27.79211617 12.69999886 1289.42138672
v 14.15022087 12.69999886 1281.80053711
v 15.44586372 12.69999886 1281.07678223
v 16.84519196 12.69999886 1280.58239746
v 18.30794907 12.69999886 1280.33154297
v 19.79205132 12.69999886 1280.33154297
v 21.25480843 12.69999886 1280.58239746
v 71.32875824 12.69999886 1297.67419434
v 69.84999847 12.69999886 1297.80004883
v 78.40361023 12.69999886 1290.89355469
v 77.96903229 12.69999886 1292.31250000
v 27.60360718 12.69999886 1290.89355469
v 27.16902924 12.69999886 1292.31250000
v 26.50088120 12.69999886 1293.63769531
v 66.93502808 12.69999886 1297.30029297
v 65.58267212 12.69999886 1296.68896484
v 64.35307312 12.69999886 1295.85791016
v 63.28161621 12.69999886 1294.83093262
v 62.39912033 12.69999886 1293.63769531
v 61.73097229 12.69999886 1292.31250000
v 77.30088043 12.69999886 1293.63769531
v 76.41838074 12.69999886 1294.83093262
v 75.34692383 12.69999886 1295.85791016
v 66.24586487 12.69999886 1281.07678223
v 67.64519501 12.69999886 1280.58239746
v 69.10794830 12.69999886 1280.33154297
v 70.59204865 12.69999886 1280.33154297
v 72.05480957 12.69999886 1280.58239746
v 73.45413971 12.69999886 1281.07678223
v 74.74977875 12.69999886 1281.80053711
v 75.90446472 12.69999886 1282.73291016
v 76.88497162 12.69999886 1283.84704590
v 77.66310120 12.69999886 1285.11071777
v 78.21646118 12.69999886 1286.48791504
v 78.52912903 12.69999886 1287.93859863
v 78.59211731 12.69999886 1289.42138672
v 74.11733246 12.69999886 1296.68896484
v 72.76496887 12.69999886 1297.30029297
v 62.03689957 12.69999886 1285.11071777
v 61.48354340 12.69999886 1286.48791504
v 26.86310196 12.69999886 1285.11071777
v 27.41645813 12.69999886 1286.48791504
v 62.81502533 12.69999886 1283.84704590
v 63.79553604 12.69999886 1282.73291016
v 64.95021820 12.69999886 1281.80053711
v 61.29639053 12.69999886 1290.89355469
v 61.10788345 12.69999886 1289.42138672
v 61.17087173 12.69999886 1287.93859863
v 1104.89990234 12.69999886 1308.10009766
v 1104.89990234 0.00000000 1308.10009766
v 1104.89990234 12.69999886 1155.70007324
v 1104.89990234 0.00000000 1155.70007324
v 1093.66308594 0.00000000 1285.11071777
v 1092.88500977 0.00000000 1283.84704590
v 1093.96911621 0.00000000 1292.31250000
v 1094.40356445 0.00000000 1290.89355469
v 1089.45410156 0.00000000 1281.07678223
v 1088.05480957 0.00000000 1280.58239746
v 1091.90441895 0.00000000 1282.73291016
v 1090.74975586 0.00000000 1281.80053711
v 1082.24584961 0.00000000 1281.07678223
v 1080.95019531 0.00000000 1281.80053711
v 1016.00000000 0.00000000 1155.70007324
v 1079.79553223 0.00000000 1282.73291016
v 1078.81506348 0.00000000 1283.84704590
v 1086.59204102 0.00000000 1280.33154297
v 1085.10803223 0.00000000 1280.33154297
v 1083.64514160 0.00000000 1280.58239746
v 1077.17089844 0.00000000 1287.93859863
v 1037.96496582 0.00000000 1297.30029297
v 1077.48352051 0.00000000 1286.48791504
v 1039.31738281 0.00000000 1296.68896484
v 1040.54687500 0.00000000 1295.85791016
v 1041.61840820 0.00000000 1294.83093262
v 1042.50085449 0.00000000 1293.63769531
v 1043.16906738 0.00000000 1292.31250000
v 1094.59216309 0.00000000 1289.42138672
v 1094.52905273 0.00000000 1287.93859863
v 1094.21643066 0.00000000 1286.48791504
v 1043.60363770 0.00000000 1290.89355469
v 1043.79211426 0.00000000 1289.42138672
v 1078.03686523 0.00000000 1285.11071777
v 1043.72912598 0.00000000 1287.93859863
v 1043.41650391 0.00000000 1286.48791504
v 1042.86303711 0.00000000 1285.11071777
v 1038.65417480 0.00000000 1281.07678223
v 1037.25488281 0.00000000 1280.58239746
v 1035.79211426 0.00000000 1280.33154297
v 1034.30798340 0.00000000 1280.33154297
v 1032.84521484 0.00000000 1280.58239746
v 1080.35314941 0.00000000 1295.85791016
v 1081.58264160 0.00000000 1296.68896484
v 1016.00000000 0.00000000 1308.10009766
v 1042.08496094 0.00000000 1283.84704590
v 1041.10449219 0.00000000 1282.73291016
v 1039.94982910 0.00000000 1281.80053711
v 1026.49633789 0.00000000 1290.89355469
v 1026.93090820 0.00000000 1292.31250000
v 1027.59912109 0.00000000 1293.63769531
v 1028.48156738 0.00000000 1294.83093262
v 1079.28161621 0.00000000 1294.83093262
v 1027.23693848 0.00000000 1285.11071777
v 1028.01501465 0.00000000 1283.84704590
v 1028.99548340 0.00000000 1282.73291016
v 1026.68347168 0.00000000 1286.48791504
v 1026.37084961 0.00000000 1287.93859863
v 1026.30786133 0.00000000 1289.42138672
v 1029.55310059 0.00000000 1295.85791016
v 1030.78271484 0.00000000 1296.68896484
v 1032.13500977 0.00000000 1297.30029297
v 1031.44592285 0.00000000 1281.07678223
v 1030.15026855 0.00000000 1281.80053711
v 1033.57128906 0.00000000 1297.67419434
v 1035.05004883 0.00000000 1297.80004883
v 1036.52880859 0.00000000 1297.67419434
v 1087.32873535 0.00000000 1297.67419434
v 1088.76501465 0.00000000 1297.30029297
v 1090.11730957 0.00000000 1296.68896484
v 1091.34692383 0.00000000 1295.85791016
v 1092.41833496 0.00000000 1294.83093262
v 1093.30090332 0.00000000 1293.63769531
v 1077.10791016 0.00000000 1289.42138672
v 1077.29650879 0.00000000 1290.89355469
v 1077.73095703 0.00000000 1292.31250000
v 1078.39916992 0.00000000 1293.63769531
v 1082.93505859 0.00000000 1297.30029297
v 1084.37133789 0.00000000 1297.67419434
v 1085.84997559 0.00000000 1297.80004883
v 1016.00000000 12.69999886 1308.10009766
v 1016.00000000 12.69999886 1155.70007324
v 1081.58264160 12.69999886 1296.68896484
v 1080.35314941 12.69999886 1295.85791016
v 1077.48352051 12.69999886 1286.48791504
v 1043.41650391 12.69999886 1286.48791504
v 1043.72912598 12.69999886 1287.93859863
v 1077.29650879 12.69999886 1290.89355469
v 1041.61840820 12.69999886 1294.83093262
v 1040.54687500 12.69999886 1295.85791016
v 1093.30090332 12.69999886 1293.63769531
v 1093.96911621 12.69999886 1292.31250000
v 1094.40356445 12.69999886 1290.89355469
v 1084.37133789 12.69999886 1297.67419434
v 1082.93505859 12.69999886 1297.30029297
v 1079.28161621 12.69999886 1294.83093262
v 1078.39916992 12.69999886 1293.63769531
v 1077.73095703 12.69999886 1292.31250000
v 1036.52880859 12.69999886 1297.67419434
v 1043.60363770 12.69999886 1290.89355469
v 1043.16906738 12.69999886 1292.31250000
v 1042.50085449 12.69999886 1293.63769531
v 1033.57128906 12.69999886 1297.67419434
v 1032.13500977 12.69999886 1297.30029297
v 1093.66308594 12.69999886 1285.11071777
v 1094.21643066 12.69999886 1286.48791504
v 1094.52905273 12.69999886 1287.93859863
v 1094.59216309 12.69999886 1289.42138672
v 1090.11730957 12.69999886 1296.68896484
v 1088.76501465 12.69999886 1297.30029297
v 1035.79211426 12.69999886 1280.33154297
v 1037.25488281 12.69999886 1280.58239746
v 1038.65417480 12.69999886 1281.07678223
v 1039.94982910 12.69999886 1281.80053711
v 1041.10449219 12.69999886 1282.73291016
v 1039.31738281 12.69999886 1296.68896484
v 1037.96496582 12.69999886 1297.30029297
v 1035.05004883 12.69999886 1297.80004883
v 1028.48156738 12.69999886 1294.83093262
v 1027.59912109 12.69999886 1293.63769531
v 1026.93090820 12.69999886 1292.31250000
v 1026.37084961 12.69999886 1287.93859863
v 1026.68347168 12.69999886 1286.48791504
v 1027.23693848 12.69999886 1285.11071777
v 1092.41833496 12.69999886 1294.83093262
v 1091.34692383 12.69999886 1295.85791016
v 1087.32873535 12.69999886 1297.67419434
v 1085.84997559 12.69999886 1297.80004883
v 1042.08496094 12.69999886 1283.84704590
v 1042.86303711 12.69999886 1285.11071777
v 1043.79211426 12.69999886 1289.42138672
v 1077.10791016 12.69999886 1289.42138672
v 1077.17089844 12.69999886 1287.93859863
v 1030.78271484 12.69999886 1296.68896484
v 1029.55310059 12.69999886 1295.85791016
v 1026.49633789 12.69999886 1290.89355469
v 1026.30786133 12.69999886 1289.42138672
v 1090.74975586 12.69999886 1281.80053711
v 1091.90441895 12.69999886 1282.73291016
v 1092.88500977 12.69999886 1283.84704590
v 1028.01501465 12.69999886 1283.84704590
v 1028.99548340 12.69999886 1282.73291016
v 1030.15026855 12.69999886 1281.80053711
v 1034.30798340 12.69999886 1280.33154297
v 1080.95019531 12.69999886 1281.80053711
v 1082.24584961 12.69999886 1281.07678223
v 1083.64514160 12.69999886 1280.58239746
v 1085.10803223 12.69999886 1280.33154297
v 1086.59204102 12.69999886 1280.33154297
v 1088.05480957 12.69999886 1280.58239746
v 1089.45410156 12.69999886 1281.07678223
v 1031.44592285 12.69999886 1281.07678223
v 1032.84521484 12.69999886 1280.58239746
v 1078.03686523 12.69999886 1285.11071777
v 1078.81506348 12.69999886 1283.84704590
v 1079.79553223 12.69999886 1282.73291016
v 0.00000000 12.69999886 88.90008545
v 0.00000000 0.00000000 88.90008545
v 0.00000000 12.69999886 241.30004883
v 0.00000000 0.00000000 241.30004883
v 17.57124329 0.00000000 99.32589722
v 16.13502693 0.00000000 99.69985199
v 71.32875824 0.00000000 99.32589722
v 69.84999847 0.00000000 99.20001221
v 88.90000153 0.00000000 88.90008545
v 68.37123871 0.00000000 99.32589722
v 66.93502808 0.00000000 99.69985199
v 21.96497345 0.00000000 99.69985199
v 20.52875710 0.00000000 99.32589722
v 19.05000114 0.00000000 99.20001221
v 15.44586372 0.00000000 115.92328644
v 16.84519196 0.00000000 116.41776276
v 11.23689842 0.00000000 111.88935852
v 12.01502609 0.00000000 113.15309906
v 12.99553394 0.00000000 114.26711273
v 14.15022087 0.00000000 115.19956970
v 21.25480843 0.00000000 116.41776276
v 88.90000153 0.00000000 241.30004883
v 19.79205132 0.00000000 116.66857910
v 18.30794907 0.00000000 116.66857910
v 69.10794830 0.00000000 116.66857910
v 70.59204865 0.00000000 116.66857910
v 72.05480957 0.00000000 116.41776276
v 73.45413971 0.00000000 115.92328644
v 74.74977875 0.00000000 115.19956970
v 75.90446472 0.00000000 114.26711273
v 76.88497162 0.00000000 113.15309906
v 77.66310120 0.00000000 111.88935852
v 76.41838074 0.00000000 102.16915894
v 75.34692383 0.00000000 101.14228821
v 64.95021820 0.00000000 115.19956970
v 66.24586487 0.00000000 115.92328644
v 67.64519501 0.00000000 116.41776276
v 74.11733246 0.00000000 100.31115723
v 72.76496887 0.00000000 99.69985199
v 62.81502533 0.00000000 113.15309906
v 23.94977951 0.00000000 115.19956970
v 25.10446548 0.00000000 114.26711273
v 27.79211617 0.00000000 107.57863617
v 27.60360718 0.00000000 106.10663605
v 61.10788345 0.00000000 107.57863617
v 63.79553604 0.00000000 114.26711273
v 22.65413666 0.00000000 115.92328644
v 14.78266907 0.00000000 100.31115723
v 13.55307579 0.00000000 101.14228821
v 12.48161888 0.00000000 102.16915894
v 25.61838150 0.00000000 102.16915894
v 24.54692459 0.00000000 101.14228821
v 62.39912033 0.00000000 103.36231995
v 78.21646118 0.00000000 110.51225281
v 78.52912903 0.00000000 109.06147766
v 78.59211731 0.00000000 107.57863617
v 78.40361023 0.00000000 106.10663605
v 77.96903229 0.00000000 104.68756866
v 77.30088043 0.00000000 103.36231995
v 11.59912014 0.00000000 103.36231995
v 10.93097019 0.00000000 104.68756866
v 10.49639320 0.00000000 106.10663605
v 65.58267212 0.00000000 100.31115723
v 64.35307312 0.00000000 101.14228821
v 23.31733131 0.00000000 100.31115723
v 10.30788612 0.00000000 107.57863617
v 10.37087250 0.00000000 109.06147766
v 10.68354034 0.00000000 110.51225281
v 63.28161621 0.00000000 102.16915894
v 26.08497429 0.00000000 113.15309906
v 26.86310196 0.00000000 111.88935852
v 62.03689957 0.00000000 111.88935852
v 26.50088120 0.00000000 103.36231995
v 61.73097229 0.00000000 104.68756866
v 61.29639053 0.00000000 106.10663605
v 27.16902924 0.00000000 104.68756866
v 61.48354340 0.00000000 110.51225281
v 27.41645813 0.00000000 110.51225281
v 27.72912979 0.00000000 109.06147766
v 61.17087173 0.00000000 109.06147766
v 88.90000153 12.69999886 88.90008545
v 88.90000153 12.69999886 241.30004883
v 72.76496887 12.69999886 99.69985199
v 71.32875824 12.69999886 99.32589722
v 69.84999847 12.69999886 99.20001221
v 68.37123871 12.69999886 99.32589722
v 66.93502808 12.69999886 99.69985199
v 18.30794907 12.69999886 116.66857910
v 16.84519196 12.69999886 116.41776276
v 15.44586372 12.69999886 115.92328644
v 14.15022087 12.69999886 115.19956970
v 77.66310120 12.69999886 111.88935852
v 76.88497162 12.69999886 113.15309906
v 75.90446472 12.69999886 114.26711273
v 74.74977875 12.69999886 115.19956970
v 73.45413971 12.69999886 115.92328644
v 72.05480957 12.69999886 116.41776276
v 70.59204865 12.69999886 116.66857910
v 12.48161888 12.69999886 102.16915894
v 13.55307579 12.69999886 101.14228821
v 14.78266907 12.69999886 100.31115723
v 16.13502693 12.69999886 99.69985199
v 17.57124329 12.69999886 99.32589722
v 69.10794830 12.69999886 116.66857910
v 67.64519501 12.69999886 116.41776276
v 66.24586487 12.69999886 115.92328644
v 74.11733246 12.69999886 100.31115723
v 75.34692383 12.69999886 101.14228821
v 76.41838074 12.69999886 102.16915894
v 12.99553394 12.69999886 114.26711273
v 12.01502609 12.69999886 113.15309906
v 11.23689842 12.69999886 111.88935852
v 64.95021820 12.69999886 115.19956970
v 21.25480843 12.69999886 116.41776276
v 19.79205132 12.69999886 116.66857910
v 19.05000114 12.69999886 99.20001221
v 20.52875710 12.69999886 99.32589722
v 21.96497345 12.69999886 99.69985199
v 65.58267212 12.69999886 100.31115723
v 77.30088043 12.69999886 103.36231995
v 77.96903229 12.69999886 104.68756866
v 78.40361023 12.69999886 106.10663605
v 78.59211731 12.69999886 107.57863617
v 78.52912903 12.69999886 109.06147766
v 78.21646118 12.69999886 110.51225281
v 61.10788345 12.69999886 107.57863617
v 61.29639053 12.69999886 106.10663605
v 27.79211617 12.69999886 107.57863617
v 10.49639320 12.69999886 106.10663605
v 10.93097019 12.69999886 104.68756866
v 11.59912014 12.69999886 103.36231995
v 23.94977951 12.69999886 115.19956970
v 62.81502533 12.69999886 113.15309906
v 25.10446548 12.69999886 114.26711273
v 26.08497429 12.69999886 113.15309906
v 63.79553604 12.69999886 114.26711273
v 22.65413666 12.69999886 115.92328644
v 10.68354034 12.69999886 110.51225281
v 10.37087250 12.69999886 109.06147766
v 10.30788612 12.69999886 107.57863617
v 64.35307312 12.69999886 101.14228821
v 23.31733131 12.69999886 100.31115723
v 24.54692459 12.69999886 101.14228821
v 25.61838150 12.69999886 102.16915894
v 62.39912033 12.69999886 103.36231995
v 63.28161621 12.69999886 102.16915894
v 26.50088120 12.69999886 103.36231995
v 27.16902924 12.69999886 104.68756866
v 27.60360718 12.69999886 106.10663605
v 26.86310196 12.69999886 111.88935852
v 62.03689957 12.69999886 111.88935852
v 61.48354340 12.69999886 110.51225281
v 61.73097229 12.69999886 104.68756866
v 61.17087173 12.69999886 109.06147766
v 27.72912979 12.69999886 109.06147766
v 27.41645813 12.69999886 110.51225281
v 1104.89990234 0.00000000 88.90008545
v 1104.89990234 12.69999886 88.90008545
v 1104.89990234 0.00000000 241.30004883
v 1104.89990234 12.69999886 241.30004883
v 1032.13500977 0.00000000 99.69985199
v 1016.00000000 0.00000000 88.90008545
v 1033.57128906 0.00000000 99.32589722
v 1035.05004883 0.00000000 99.20001221
v 1079.79553223 0.00000000 114.26711273
v 1080.95019531 0.00000000 115.19956970
v 1016.00000000 0.00000000 241.30004883
v 1090.11730957 0.00000000 100.31115723
v 1088.76501465 0.00000000 99.69985199
v 1031.44592285 0.00000000 115.92328644
v 1032.84521484 0.00000000 116.41776276
v 1036.52880859 0.00000000 99.32589722
v 1037.96496582 0.00000000 99.69985199
v 1086.59204102 0.00000000 116.66857910
v 1088.05480957 0.00000000 116.41776276
v 1091.90441895 0.00000000 114.26711273
v 1092.88500977 0.00000000 113.15309906
v 1093.66308594 0.00000000 111.88935852
v 1089.45410156 0.00000000 115.92328644
v 1090.74975586 0.00000000 115.19956970
v 1093.30090332 0.00000000 103.36231995
v 1093.96911621 0.00000000 104.68756866
v 1094.40356445 0.00000000 106.10663605
v 1092.41833496 0.00000000 102.16915894
v 1091.34692383 0.00000000 101.14228821
v 1034.30798340 0.00000000 116.66857910
v 1035.79211426 0.00000000 116.66857910
v 1037.25488281 0.00000000 116.41776276
v 1082.24584961 0.00000000 115.92328644
v 1083.64514160 0.00000000 116.41776276
v 1085.10803223 0.00000000 116.66857910
v 1041.61840820 0.00000000 102.16915894
v 1040.54687500 0.00000000 101.14228821
v 1039.31738281 0.00000000 100.31115723
v 1027.23693848 0.00000000 111.88935852
v 1028.01501465 0.00000000 113.15309906
v 1081.58264160 0.00000000 100.31115723
v 1038.65417480 0.00000000 115.92328644
v 1082.93505859 0.00000000 99.69985199
v 1039.94982910 0.00000000 115.19956970
v 1041.10449219 0.00000000 114.26711273
v 1080.35314941 0.00000000 101.14228821
v 1079.28161621 0.00000000 102.16915894
v 1078.39916992 0.00000000 103.36231995
v 1094.21643066 0.00000000 110.51225281
v 1094.52905273 0.00000000 109.06147766
v 1094.59216309 0.00000000 107.57863617
v 1042.08496094 0.00000000 113.15309906
v 1042.86303711 0.00000000 111.88935852
v 1043.41650391 0.00000000 110.51225281
v 1043.72912598 0.00000000 109.06147766
v 1043.79211426 0.00000000 107.57863617
v 1084.37133789 0.00000000 99.32589722
v 1028.99548340 0.00000000 114.26711273
v 1030.15026855 0.00000000 115.19956970
v 1077.73095703 0.00000000 104.68756866
v 1077.29650879 0.00000000 106.10663605
v 1077.10791016 0.00000000 107.57863617
v 1030.78271484 0.00000000 100.31115723
v 1029.55310059 0.00000000 101.14228821
v 1028.48156738 0.00000000 102.16915894
v 1087.32873535 0.00000000 99.32589722
v 1085.84997559 0.00000000 99.20001221
v 1027.59912109 0.00000000 103.36231995
v 1026.93090820 0.00000000 104.68756866
v 1026.49633789 0.00000000 106.10663605
v 1026.30786133 0.00000000 107.57863617
v 1026.37084961 0.00000000 109.06147766
v 1026.68347168 0.00000000 110.51225281
v 1077.17089844 0.00000000 109.06147766
v 1077.48352051 0.00000000 110.51225281
v 1078.03686523 0.00000000 111.88935852
v 1078.81506348 0.00000000 113.15309906
v 1043.60363770 0.00000000 106.10663605
v 1043.16906738 0.00000000 104.68756866
v 1042.50085449 0.00000000 103.36231995
v 1016.00000000 12.69999886 88.90008545
v 1016.00000000 12.69999886 241.30004883
v 1093.66308594 12.69999886 111.88935852
v 1092.88500977 12.69999886 113.15309906
v 1091.90441895 12.69999886 114.26711273
v 1090.74975586 12.69999886 115.19956970
v 1089.45410156 12.69999886 115.92328644
v 1041.10449219 12.69999886 114.26711273
v 1039.94982910 12.69999886 115.19956970
v 1088.76501465 12.69999886 99.69985199
v 1087.32873535 12.69999886 99.32589722
v 1085.84997559 12.69999886 99.20001221
v 1088.05480957 12.69999886 116.41776276
v 1086.59204102 12.69999886 116.66857910
v 1085.10803223 12.69999886 116.66857910
v 1083.64514160 12.69999886 116.41776276
v 1082.24584961 12.69999886 115.92328644
v 1080.95019531 12.69999886 115.19956970
v 1038.65417480 12.69999886 115.92328644
v 1037.25488281 12.69999886 116.41776276
v 1035.79211426 12.69999886 116.66857910
v 1034.30798340 12.69999886 116.66857910
v 1032.84521484 12.69999886 116.41776276
v 1031.44592285 12.69999886 115.92328644
v 1030.15026855 12.69999886 115.19956970
v 1037.96496582 12.69999886 99.69985199
v 1039.31738281 12.69999886 100.31115723
v 1078.81506348 12.69999886 113.15309906
v 1040.54687500 12.69999886 101.14228821
v 1041.61840820 12.69999886 102.16915894
v 1028.48156738 12.69999886 102.16915894
v 1029.55310059 12.69999886 101.14228821
v 1030.78271484 12.69999886 100.31115723
v 1032.13500977 12.69999886 99.69985199
v 1084.37133789 12.69999886 99.32589722
v 1082.93505859 12.69999886 99.69985199
v 1090.11730957 12.69999886 100.31115723
v 1091.34692383 12.69999886 101.14228821
v 1092.41833496 12.69999886 102.16915894
v 1093.30090332 12.69999886 103.36231995
v 1093.96911621 12.69999886 104.68756866
v 1094.40356445 12.69999886 106.10663605
v 1079.28161621 12.69999886 102.16915894
v 1080.35314941 12.69999886 101.14228821
v 1081.58264160 12.69999886 100.31115723
v 1028.99548340 12.69999886 114.26711273
v 1028.01501465 12.69999886 113.15309906
v 1027.23693848 12.69999886 111.88935852
v 1094.59216309 12.69999886 107.57863617
v 1094.52905273 12.69999886 109.06147766
v 1094.21643066 12.69999886 110.51225281
v 1042.50085449 12.69999886 103.36231995
v 1043.16906738 12.69999886 104.68756866
v 1043.60363770 12.69999886 106.10663605
v 1078.03686523 12.69999886 111.88935852
v 1077.48352051 12.69999886 110.51225281
v 1077.17089844 12.69999886 109.06147766
v 1033.57128906 12.69999886 99.32589722
v 1035.05004883 12.69999886 99.20001221
v 1036.52880859 12.69999886 99.32589722
v 1043.79211426 12.69999886 107.57863617
v 1043.72912598 12.69999886 109.06147766
v 1079.79553223 12.69999886 114.26711273
v 1043.41650391 12.69999886 110.51225281
v 1042.86303711 12.69999886 111.88935852
v 1042.08496094 12.69999886 113.15309906
v 1026.68347168 12.69999886 110.51225281
v 1026.37084961 12.69999886 109.06147766
v 1026.30786133 12.69999886 107.57863617
v 1026.49633789 12.69999886 106.10663605
v 1026.93090820 12.69999886 104.68756866
v 1027.59912109 12.69999886 103.36231995
v 1077.10791016 12.69999886 107.57863617
v 1077.29650879 12.69999886 106.10663605
v 1077.73095703 12.69999886 104.68756866
v 1078.39916992 12.69999886 103.36231995
v 1085.84997559 482.59997559 177.80006409
v 1085.84997559 482.59997559 1219.20007324
v 1085.84997559 444.49996948 177.80006409
v 1085.84997559 444.49996948 1219.20007324
v 1075.13671875 444.49996948 1231.74365234
v 1073.15002441 444.49996948 1231.90002441
v 803.63299561 444.49996948 705.39941406
v 800.11804199 444.49996948 705.10015869
v 801.26696777 444.49996948 705.39941406
v 802.45001221 444.49996948 705.50006104
v 804.78198242 444.49996948 705.10015869
v 805.86389160 444.49996948 704.61120605
v 31.75000000 444.49996948 1231.90002441
v 798.05242920 444.49996948 703.94628906
v 799.03613281 444.49996948 704.61120605
v 1085.22839355 444.49996948 1223.12451172
v 1084.46582031 444.49996948 1224.96569824
v 806.84753418 444.49996948 703.94628906
v 807.70471191 444.49996948 703.12475586
v 808.41070557 444.49996948 702.17016602
v 425.68615723 444.49996948 475.21954346
v 31.75000000 444.49996948 165.10009766
v 426.85635376 444.49996948 475.01892090
v 428.04364014 444.49996948 475.01892090
v 1085.69372559 444.49996948 1221.18676758
v 1083.42456055 444.49996948 1226.66491699
v 1082.13024902 444.49996948 1228.18029785
v 1080.61486816 444.49996948 1229.47460938
v 1078.91564941 444.49996948 1230.51586914
v 1077.07446289 444.49996948 1231.27844238
v 808.94519043 444.49996948 701.11004639
v 809.29284668 444.49996948 699.97485352
v 809.44366455 444.49996948 698.79718018
v 809.39331055 444.49996948 697.61090088
v 809.14312744 444.49996948 696.45031738
v 808.70043945 444.49996948 695.34863281
v 808.07800293 444.49996948 694.33758545
v 805.33331299 444.49996948 692.12145996
v 1073.15002441 444.49996948 165.10009766
v 1075.13671875 444.49996948 165.25637817
v 433.07797241 444.49996948 477.83123779
v 432.29357910 444.49996948 476.94003296
v 1077.07446289 444.49996948 165.72164917
v 1078.91564941 444.49996948 166.48423767
v 1080.61486816 444.49996948 167.52552795
v 1082.13024902 444.49996948 168.81977844
v 1083.42456055 444.49996948 170.33517456
v 1084.46582031 444.49996948 172.03437805
v 807.29357910 444.49996948 693.44635010
v 806.36981201 444.49996948 692.70050049
v 1085.69372559 444.49996948 175.81332397
v 1085.22839355 444.49996948 173.87556458
v 422.60641479 444.49996948 476.94003296
v 19.05000114 444.49996948 177.80006409
v 19.20635796 444.49996948 175.81332397
v 429.78198242 444.49996948 488.59381104
v 430.86386108 444.49996948 488.10482788
v 428.04364014 444.49996948 908.03161621
v 431.36981201 444.49996948 476.19415283
v 430.33331299 444.49996948 475.61508179
v 429.21383667 444.49996948 475.21954346
v 19.67158127 444.49996948 173.87556458
v 20.43421745 444.49996948 172.03437805
v 21.47548485 444.49996948 170.33517456
v 22.76974297 444.49996948 168.81977844
v 24.28512573 444.49996948 167.52552795
v 25.98432159 444.49996948 166.48423767
v 424.56671143 444.49996948 475.61508179
v 423.53018188 444.49996948 476.19415283
v 29.76328278 444.49996948 165.25637817
v 27.82548332 444.49996948 165.72164917
v 421.82202148 444.49996948 477.83123779
v 421.19952393 444.49996948 478.84225464
v 420.75683594 444.49996948 479.94393921
v 420.50671387 444.49996948 481.10455322
v 420.45629883 444.49996948 482.29080200
v 420.60711670 444.49996948 483.46847534
v 420.95477295 444.49996948 484.60369873
v 423.53018188 444.49996948 909.20684814
v 421.48928833 444.49996948 485.66381836
v 422.19531250 444.49996948 486.61840820
v 425.68615723 444.49996948 908.23229980
v 424.03613281 444.49996948 488.10482788
v 426.85635376 444.49996948 908.03161621
v 425.11801147 444.49996948 488.59381104
v 434.14315796 444.49996948 912.95666504
v 798.53015137 444.49996948 692.70050049
v 434.39331055 444.49996948 914.11724854
v 434.44369507 444.49996948 915.30352783
v 804.21386719 444.49996948 691.72589111
v 803.04364014 444.49996948 691.52526855
v 801.85638428 444.49996948 691.52526855
v 800.68615723 444.49996948 691.72589111
v 799.56671143 444.49996948 692.12145996
v 433.70050049 444.49996948 911.85498047
v 433.07797241 444.49996948 910.84399414
v 432.29357910 444.49996948 909.95269775
v 430.86386108 444.49996948 921.11749268
v 796.19952393 444.49996948 695.34863281
v 795.75683594 444.49996948 696.45031738
v 795.50665283 444.49996948 697.61090088
v 795.45629883 444.49996948 698.79718018
v 795.60711670 444.49996948 699.97485352
v 424.56671143 444.49996948 908.62780762
v 423.05245972 444.49996948 487.43994141
v 797.60644531 444.49996948 693.44635010
v 796.82202148 444.49996948 694.33758545
v 434.44369507 444.49996948 482.29080200
v 434.39331055 444.49996948 481.10455322
v 434.14315796 444.49996948 479.94393921
v 433.70050049 444.49996948 478.84225464
v 426.26699829 444.49996948 488.89303589
v 427.44998169 444.49996948 488.99371338
v 428.63302612 444.49996948 488.89303589
v 431.84753418 444.49996948 487.43994141
v 432.70471191 444.49996948 486.61840820
v 433.41067505 444.49996948 485.66381836
v 433.94522095 444.49996948 484.60369873
v 434.29290771 444.49996948 483.46847534
v 431.84753418 444.49996948 920.45263672
v 432.70471191 444.49996948 919.63110352
v 433.41067505 444.49996948 918.67657471
v 422.60641479 444.49996948 909.95269775
v 19.05000114 444.49996948 1219.20007324
v 29.76328278 444.49996948 1231.74365234
v 27.82548332 444.49996948 1231.27844238
v 25.98432159 444.49996948 1230.51586914
v 24.28512573 444.49996948 1229.47460938
v 421.19952393 444.49996948 911.85498047
v 420.75683594 444.49996948 912.95666504
v 422.19531250 444.49996948 919.63110352
v 423.05245972 444.49996948 920.45263672
v 424.03613281 444.49996948 921.11749268
v 425.11801147 444.49996948 921.60656738
v 426.26699829 444.49996948 921.90570068
v 427.44998169 444.49996948 922.00640869
v 428.63302612 444.49996948 921.90570068
v 421.82202148 444.49996948 910.84399414
v 420.50671387 444.49996948 914.11724854
v 420.45629883 444.49996948 915.30352783
v 420.60711670 444.49996948 916.48114014
v 795.95477295 444.49996948 701.11004639
v 796.48931885 444.49996948 702.17016602
v 797.19525146 444.49996948 703.12475586
v 431.36981201 444.49996948 909.20684814
v 430.33331299 444.49996948 908.62780762
v 429.21383667 444.49996948 908.23229980
v 433.94522095 444.49996948 917.61639404
v 434.29290771 444.49996948 916.48114014
v 420.95477295 444.49996948 917.61639404
v 421.48928833 444.49996948 918.67657471
v 429.78198242 444.49996948 921.60656738
v 22.76974297 444.49996948 1228.18029785
v 21.47548485 444.49996948 1226.66491699
v 20.43421745 444.49996948 1224.96569824
v 19.67158127 444.49996948 1223.12451172
v 19.20635796 444.49996948 1221.18676758
v 19.05000114 482.59997559 1219.20007324
v 19.05000114 482.59997559 177.80006409
v 803.63299561 482.59997559 705.39941406
v 802.45001221 482.59997559 705.50006104
v 1073.15002441 482.59997559 1231.90002441
v 430.33331299 482.59997559 908.62780762
v 431.36981201 482.59997559 909.20684814
v 801.26696777 482.59997559 705.39941406
v 425.68615723 482.59997559 908.23229980
v 426.85635376 482.59997559 908.03161621
v 432.29357910 482.59997559 909.95269775
v 433.07797241 482.59997559 910.84399414
v 432.70471191 482.59997559 919.63110352
v 431.84753418 482.59997559 920.45263672
v 428.04364014 482.59997559 908.03161621
v 429.21383667 482.59997559 908.23229980
v 430.86386108 482.59997559 921.11749268
v 429.78198242 482.59997559 921.60656738
v 31.75000000 482.59997559 1231.90002441
v 421.82202148 482.59997559 910.84399414
v 427.44998169 482.59997559 488.99371338
v 421.19952393 482.59997559 911.85498047
v 420.75683594 482.59997559 912.95666504
v 422.60641479 482.59997559 909.95269775
v 423.53018188 482.59997559 909.20684814
v 428.63302612 482.59997559 488.89303589
v 805.33331299 482.59997559 692.12145996
v 806.36981201 482.59997559 692.70050049
v 799.03613281 482.59997559 704.61120605
v 431.84753418 482.59997559 487.43994141
v 424.56671143 482.59997559 908.62780762
v 430.86386108 482.59997559 488.10482788
v 429.78198242 482.59997559 488.59381104
v 1075.13671875 482.59997559 1231.74365234
v 805.86389160 482.59997559 704.61120605
v 804.78198242 482.59997559 705.10015869
v 434.44369507 482.59997559 915.30352783
v 434.29290771 482.59997559 916.48114014
v 433.94522095 482.59997559 484.60369873
v 434.29290771 482.59997559 483.46847534
v 434.44369507 482.59997559 482.29080200
v 800.11804199 482.59997559 705.10015869
v 421.48928833 482.59997559 485.66381836
v 420.95477295 482.59997559 484.60369873
v 420.45629883 482.59997559 482.29080200
v 420.50671387 482.59997559 481.10455322
v 24.28512573 482.59997559 167.52552795
v 421.82202148 482.59997559 477.83123779
v 25.98432159 482.59997559 166.48423767
v 27.82548332 482.59997559 165.72164917
v 422.60641479 482.59997559 476.94003296
v 423.53018188 482.59997559 476.19415283
v 31.75000000 482.59997559 165.10009766
v 424.56671143 482.59997559 475.61508179
v 425.68615723 482.59997559 475.21954346
v 795.50665283 482.59997559 697.61090088
v 795.75683594 482.59997559 696.45031738
v 796.19952393 482.59997559 695.34863281
v 796.82202148 482.59997559 694.33758545
v 800.68615723 482.59997559 691.72589111
v 801.85638428 482.59997559 691.52526855
v 809.29284668 482.59997559 699.97485352
v 808.94519043 482.59997559 701.11004639
v 808.41070557 482.59997559 702.17016602
v 1077.07446289 482.59997559 1231.27844238
v 1078.91564941 482.59997559 1230.51586914
v 1080.61486816 482.59997559 1229.47460938
v 1082.13024902 482.59997559 1228.18029785
v 1083.42456055 482.59997559 1226.66491699
v 1084.46582031 482.59997559 1224.96569824
v 807.70471191 482.59997559 703.12475586
v 806.84753418 482.59997559 703.94628906
v 1085.69372559 482.59997559 1221.18676758
v 1085.22839355 482.59997559 1223.12451172
v 433.70050049 482.59997559 911.85498047
v 434.14315796 482.59997559 912.95666504
v 434.39331055 482.59997559 914.11724854
v 433.94522095 482.59997559 917.61639404
v 433.41067505 482.59997559 918.67657471
v 433.70050049 482.59997559 478.84225464
v 434.14315796 482.59997559 479.94393921
v 434.39331055 482.59997559 481.10455322
v 433.41067505 482.59997559 485.66381836
v 432.70471191 482.59997559 486.61840820
v 423.05245972 482.59997559 920.45263672
v 424.03613281 482.59997559 921.11749268
v 425.11801147 482.59997559 921.60656738
v 420.60711670 482.59997559 483.46847534
v 420.75683594 482.59997559 479.94393921
v 421.19952393 482.59997559 478.84225464
v 29.76328278 482.59997559 165.25637817
v 22.76974297 482.59997559 168.81977844
v 21.47548485 482.59997559 170.33517456
v 20.43421745 482.59997559 172.03437805
v 19.67158127 482.59997559 173.87556458
v 19.20635796 482.59997559 175.81332397
v 426.85635376 482.59997559 475.01892090
v 428.04364014 482.59997559 475.01892090
v 429.21383667 482.59997559 475.21954346
v 798.05242920 482.59997559 703.94628906
v 797.19525146 482.59997559 703.12475586
v 796.48931885 482.59997559 702.17016602
v 795.95477295 482.59997559 701.11004639
v 795.60711670 482.59997559 699.97485352
v 795.45629883 482.59997559 698.79718018
v 797.60644531 482.59997559 693.44635010
v 798.53015137 482.59997559 692.70050049
v 1073.15002441 482.59997559 165.10009766
v 799.56671143 482.59997559 692.12145996
v 1075.13671875 482.59997559 165.25637817
v 803.04364014 482.59997559 691.52526855
v 804.21386719 482.59997559 691.72589111
v 808.70043945 482.59997559 695.34863281
v 809.14312744 482.59997559 696.45031738
v 809.39331055 482.59997559 697.61090088
v 809.44366455 482.59997559 698.79718018
v 19.67158127 482.59997559 1223.12451172
v 20.43421745 482.59997559 1224.96569824
v 426.26699829 482.59997559 921.90570068
v 21.47548485 482.59997559 1226.66491699
v 422.19531250 482.59997559 919.63110352
v 421.48928833 482.59997559 918.67657471
v 420.95477295 482.59997559 917.61639404
v 424.03613281 482.59997559 488.10482788
v 423.05245972 482.59997559 487.43994141
v 422.19531250 482.59997559 486.61840820
v 430.33331299 482.59997559 475.61508179
v 431.36981201 482.59997559 476.19415283
v 432.29357910 482.59997559 476.94003296
v 433.07797241 482.59997559 477.83123779
v 807.29357910 482.59997559 693.44635010
v 808.07800293 482.59997559 694.33758545
v 19.20635796 482.59997559 1221.18676758
v 22.76974297 482.59997559 1228.18029785
v 24.28512573 482.59997559 1229.47460938
v 25.98432159 482.59997559 1230.51586914
v 428.63302612 482.59997559 921.90570068
v 427.44998169 482.59997559 922.00640869
v 29.76328278 482.59997559 1231.74365234
v 27.82548332 482.59997559 1231.27844238
v 426.26699829 482.59997559 488.89303589
v 425.11801147 482.59997559 488.59381104
v 1085.22839355 482.59997559 173.87556458
v 1084.46582031 482.59997559 172.03437805
v 420.60711670 482.59997559 916.48114014
v 420.45629883 482.59997559 915.30352783
v 420.50671387 482.59997559 914.11724854
v 1085.69372559 482.59997559 175.81332397
v 1083.42456055 482.59997559 170.33517456
v 1082.13024902 482.59997559 168.81977844
v 1080.61486816 482.59997559 167.52552795
v 1078.91564941 482.59997559 166.48423767
v 1077.07446289 482.59997559 165.72164917
f 1 2 3
f 1 3 4
f 4 3 5
f 4 5 6
f 6 5 7
f 6 7 8
f 8 7 9
f 8 9 10
f 10 9 11
f 10 11 12
f 12 11 13
f 12 13 14
f 14 13 15
f 14 15 16
f 16 15 17
f 16 17 18
f 18 17 19
f 18 19 20
f 20 19 21
f 20 21 22
f 21 23 22
f 22 23 24
f 24 23 25
f 24 25 26
f 26 25 27
f 26 27 28
f 28 27 29
f 28 29 30
f 30 29 31
f 30 31 32
f 32 31 33
f 32 33 34
f 34 33 35
f 34 35 36
f 36 35 37
f 36 37 38
f 38 37 39
f 38 39 40
f 40 39 41
f 40 41 42
f 42 41 43
f 42 43 44
f 43 45 44
f 44 45 46
f 46 45 47
f 46 47 48
f 48 47 49
f 48 49 50
f 50 49 51
f 50 51 52
f 52 51 53
f 52 53 54
f 54 53 55
f 54 55 56
f 56 55 57
f 56 57 58
f 58 57 59
f 58 59 60
f 60 59 61
f 60 61 62
f 62 61 63
f 62 63 64
f 64 63 65
f 64 65 66
f 65 67 66
f 66 67 68
f 68 67 69
f 68 69 70
f 70 69 71
f 70 71 72
f 72 71 73
f 72 73 74
f 74 73 75
f 74 75 76
f 76 75 77
f 76 77 78
f 78 77 79
f 78 79 80
f 80 79 81
f 80 81 82
f 82 81 83
f 82 83 84
f 84 83 85
f 84 85 86
f 86 85 87
f 86 87 88
f 89 90 91
f 91 90 92
f 91 92 93
f 93 92 94
f 93 94 95
f 95 94 96
f 95 96 97
f 97 96 98
f 97 98 99
f 99 98 100
f 99 100 101
f 101 100 102
f 101 102 103
f 103 102 104
f 103 104 105
f 105 104 106
f 105 106 107
f 107 106 108
f 107 108 109
f 109 108 110
f 109 110 111
f 111 110 112
f 111 112 113
f 113 112 114
f 113 114 115
f 115 114 116
f 115 116 117
f 117 116 118
f 117 118 119
f 119 118 120
f 119 120 121
f 121 120 122
f 121 122 123
f 123 122 124
f 123 124 125
f 125 124 126
f 125 126 127
f 127 126 128
f 127 128 129
f 129 128 130
f 129 130 131
f 131 130 132
f 131 132 133
f 133 132 134
f 133 134 135
f 135 134 136
f 135 136 137
f 137 136 138
f 137 138 139
f 139 138 140
f 139 140 141
f 141 140 142
f 141 142 143
f 143 142 144
f 143 144 145
f 145 144 146
f 145 146 147
f 147 146 148
f 147 148 149
f 149 148 150
f 149 150 151
f 151 150 152
f 151 152 153
f 153 152 154
f 153 154 155
f 155 154 156
f 155 156 157
f 157 156 158
f 157 158 159
f 159 158 160
f 159 160 161
f 161 160 162
f 161 162 163
f 163 162 164
f 163 164 165
f 165 164 166
f 165 166 167
f 167 166 168
f 167 168 169
f 169 168 170
f 169 170 171
f 171 170 172
f 171 172 173
f 173 172 174
f 173 174 175
f 175 174 176
f 175 176 89
f 89 176 90
f 87 2 88
f 88 2 1
f 170 51 172
f 172 51 49
f 172 49 174
f 174 49 47
f 174 47 176
f 176 47 45
f 176 45 90
f 90 45 43
f 90 43 92
f 92 43 41
f 92 41 94
f 94 41 39
f 94 39 96
f 96 39 37
f 96 37 98
f 98 37 35
f 98 35 100
f 100 35 33
f 100 33 102
f 102 33 31
f 102 31 104
f 104 31 29
f 104 29 106
f 106 29 27
f 106 27 108
f 108 27 25
f 108 25 110
f 110 25 23
f 110 23 112
f 112 23 21
f 112 21 114
f 114 21 19
f 114 19 116
f 116 19 17
f 116 17 118
f 118 17 15
f 118 15 120
f 120 15 13
f 120 13 122
f 122 13 11
f 122 11 124
f 124 11 9
f 124 9 126
f 126 9 7
f 126 7 128
f 128 7 5
f 128 5 130
f 130 5 3
f 130 3 132
f 132 3 2
f 132 2 134
f 134 2 87
f 134 87 136
f 136 87 85
f 136 85 138
f 138 85 83
f 138 83 140
f 140 83 81
f 140 81 142
f 142 81 79
f 142 79 144
f 144 79 77
f 144 77 146
f 146 77 75
f 146 75 148
f 148 75 73
f 148 73 150
f 150 73 71
f 150 71 152
f 152 71 69
f 152 69 154
f 154 69 67
f 154 67 156
f 156 67 65
f 156 65 158
f 158 65 63
f 158 63 160
f 160 63 61
f 160 61 162
f 162 61 59
f 162 59 164
f 164 59 57
f 164 57 166
f 166 57 55
f 166 55 168
f 168 55 53
f 168 53 170
f 170 53 51
f 155 66 153
f 153 66 68
f 153 68 151
f 151 68 70
f 151 70 149
f 149 70 72
f 149 72 147
f 147 72 74
f 147 74 145
f 145 74 76
f 145 76 143
f 143 76 78
f 143 78 141
f 141 78 80
f 141 80 139
f 139 80 82
f 139 82 137
f 137 82 84
f 137 84 135
f 135 84 86
f 135 86 133
f 133 86 88
f 133 88 131
f 131 88 1
f 131 1 129
f 129 1 4
f 129 4 127
f 127 4 6
f 127 6 125
f 125 6 8
f 125 8 123
f 123 8 10
f 123 10 121
f 121 10 12
f 121 12 119
f 119 12 14
f 119 14 117
f 117 14 16
f 117 16 115
f 115 16 18
f 115 18 113
f 113 18 20
f 113 20 111
f 111 20 22
f 111 22 109
f 109 22 24
f 109 24 107
f 107 24 26
f 107 26 105
f 105 26 28
f 105 28 103
f 103 28 30
f 103 30 101
f 101 30 32
f 101 32 99
f 99 32 34
f 99 34 97
f 97 34 36
f 97 36 95
f 95 36 38
f 95 38 93
f 93 38 40
f 93 40 91
f 91 40 42
f 91 42 89
f 89 42 44
f 89 44 175
f 175 44 46
f 175 46 173
f 173 46 48
f 173 48 171
f 171 48 50
f 171 50 169
f 169 50 52
f 169 52 167
f 167 52 54
f 167 54 165
f 165 54 56
f 165 56 163
f 163 56 58
f 163 58 161
f 161 58 60
f 161 60 159
f 159 60 62
f 159 62 157
f 157 62 64
f 157 64 155
f 155 64 66
f 177 178 179
f 177 179 180
f 180 179 181
f 180 181 182
f 182 181 183
f 182 183 184
f 184 183 185
f 184 185 186
f 186 185 187
f 186 187 188
f 188 187 189
f 188 189 190
f 190 189 191
f 190 191 192
f 192 191 193
f 192 193 194
f 194 193 195
f 194 195 196
f 196 195 197
f 196 197 198
f 197 199 198
f 198 199 200
f 200 199 201
f 200 201 202
f 202 201 203
f 202 203 204
f 204 203 205
f 204 205 206
f 206 205 207
f 206 207 208
f 208 207 209
f 208 209 210
f 210 209 211
f 210 211 212
f 212 211 213
f 212 213 214
f 214 213 215
f 214 215 216
f 216 215 217
f 216 217 218
f 218 217 219
f 218 219 220
f 219 221 220
f 220 221 222
f 222 221 223
f 222 223 224
f 224 223 225
f 224 225 226
f 226 225 227
f 226 227 228
f 228 227 229
f 228 229 230
f 230 229 231
f 230 231 232
f 232 231 233
f 232 233 234
f 234 233 235
f 234 235 236
f 236 235 237
f 236 237 238
f 238 237 239
f 238 239 240
f 240 239 241
f 240 241 242
f 241 243 242
f 242 243 244
f 244 243 245
f 244 245 246
f 246 245 247
f 246 247 248
f 248 247 249
f 248 249 250
f 250 249 251
f 250 251 252
f 252 251 253
f 252 253 254
f 254 253 255
f 254 255 256
f 256 255 257
f 256 257 258
f 258 257 259
f 258 259 260
f 260 259 261
f 260 261 262
f 262 261 263
f 262 263 264
f 265 266 267
f 267 266 268
f 267 268 269
f 269 268 270
f 269 270 271
f 271 270 272
f 271 272 273
f 273 272 274
f 273 274 275
f 275 274 276
f 275 276 277
f 277 276 278
f 277 278 279
f 279 278 280
f 279 280 281
f 281 280 282
f 281 282 283
f 283 282 284
f 283 284 285
f 285 284 286
f 285 286 287
f 287 286 288
f 287 288 289
f 289 288 290
f 289 290 291
f 291 290 292
f 291 292 293
f 293 292 294
f 293 294 295
f 295 294 296
f 295 296 297
f 297 296 298
f 297 298 299
f 299 298 300
f 299 300 301
f 301 300 302
f 301 302 303
f 303 302 304
f 303 304 305
f 305 304 306
f 305 306 307
f 307 306 308
f 307 308 309
f 309 308 310
f 309 310 311
f 311 310 312
f 311 312 313
f 313 312 314
f 313 314 315
f 315 314 316
f 315 316 317
f 317 316 318
f 317 318 319
f 319 318 320
f 319 320 321
f 321 320 322
f 321 322 323
f 323 322 324
f 323 324 325
f 325 324 326
f 325 326 327
f 327 326 328
f 327 328 329
f 329 328 330
f 329 330 331
f 331 330 332
f 331 332 333
f 333 332 334
f 333 334 335
f 335 334 336
f 335 336 337
f 337 336 338
f 337 338 339
f 339 338 340
f 339 340 341
f 341 340 342
f 341 342 343
f 343 342 344
f 343 344 345
f 345 344 346
f 345 346 347
f 347 346 348
f 347 348 349
f 349 348 350
f 349 350 351
f 351 350 352
f 351 352 265
f 265 352 266
f 263 178 264
f 264 178 177
f 324 249 326
f 326 249 247
f 326 247 328
f 328 247 245
f 328 245 330
f 330 245 243
f 330 243 332
f 332 243 241
f 332 241 334
f 334 241 239
f 334 239 336
f 336 239 237
f 336 237 338
f 338 237 235
f 338 235 340
f 340 235 233
f 340 233 342
f 342 233 231
f 342 231 344
f 344 231 229
f 344 229 346
f 346 229 227
f 346 227 348
f 348 227 225
f 348 225 350
f 350 225 223
f 350 223 352
f 352 223 221
f 352 221 266
f 266 221 219
f 266 219 268
f 268 219 217
f 268 217 270
f 270 217 215
f 270 215 272
f 272 215 213
f 272 213 274
f 274 213 211
f 274 211 276
f 276 211 209
f 276 209 278
f 278 209 207
f 278 207 280
f 280 207 205
f 280 205 282
f 282 205 203
f 282 203 284
f 284 203 201
f 284 201 286
f 286 201 199
f 286 199 288
f 288 199 197
f 288 197 290
f 290 197 195
f 290 195 292
f 292 195 193
f 292 193 294
f 294 193 191
f 294 191 296
f 296 191 189
f 296 189 298
f 298 189 187
f 298 187 300
f 300 187 185
f 300 185 302
f 302 185 183
f 302 183 304
f 304 183 181
f 304 181 306
f 306 181 179
f 306 179 308
f 308 179 178
f 308 178 310
f 310 178 263
f 310 263 312
f 312 263 261
f 312 261 314
f 314 261 259
f 314 259 316
f 316 259 257
f 316 257 318
f 318 257 255
f 318 255 320
f 320 255 253
f 320 253 322
f 322 253 251
f 322 251 324
f 324 251 249
f 293 192 291
f 291 192 194
f 291 194 289
f 289 194 196
f 289 196 287
f 287 196 198
f 287 198 285
f 285 198 200
f 285 200 283
f 283 200 202
f 283 202 281
f 281 202 204
f 281 204 279
f 279 204 206
f 279 206 277
f 277 206 208
f 277 208 275
f 275 208 210
f 275 210 273
f 273 210 212
f 273 212 271
f 271 212 214
f 271 214 269
f 269 214 216
f 269 216 267
f 267 216 218
f 267 218 265
f 265 218 220
f 265 220 351
f 351 220 222
f 351 222 349
f 349 222 224
f 349 224 347
f 347 224 226
f 347 226 345
f 345 226 228
f 345 228 343
f 343 228 230
f 343 230 341
f 341 230 232
f 341 232 339
f 339 232 234
f 339 234 337
f 337 234 236
f 337 236 335
f 335 236 238
f 335 238 333
f 333 238 240
f 333 240 331
f 331 240 242
f 331 242 329
f 329 242 244
f 329 244 327
f 327 244 246
f 327 246 325
f 325 246 248
f 325 248 323
f 323 248 250
f 323 250 321
f 321 250 252
f 321 252 319
f 319 252 254
f 319 254 317
f 317 254 256
f 317 256 315
f 315 256 258
f 315 258 313
f 313 258 260
f 313 260 311
f 311 260 262
f 311 262 309
f 309 262 264
f 309 264 307
f 307 264 177
f 307 177 305
f 305 177 180
f 305 180 303
f 303 180 182
f 303 182 301
f 301 182 184
f 301 184 299
f 299 184 186
f 299 186 297
f 297 186 188
f 297 188 295
f 295 188 190
f 295 190 293
f 293 190 192
f 353 354 355
f 353 355 356
f 356 355 357
f 356 357 358
f 358 357 359
f 358 359 360
f 360 359 361
f 360 361 362
f 362 361 363
f 362 363 364
f 364 363 365
f 364 365 366
f 366 365 367
f 366 367 368
f 368 367 369
f 368 369 370
f 370 369 371
f 370 371 372
f 372 371 373
f 372 373 374
f 373 375 374
f 374 375 376
f 376 375 377
f 376 377 378
f 378 377 379
f 378 379 380
f 380 379 381
f 380 381 382
f 382 381 383
f 382 383 384
f 384 383 385
f 384 385 386
f 386 385 387
f 386 387 388
f 388 387 389
f 388 389 390
f 390 389 391
f 390 391 392
f 392 391 393
f 392 393 394
f 394 393 395
f 394 395 396
f 395 397 396
f 396 397 398
f 398 397 399
f 398 399 400
f 400 399 401
f 400 401 402
f 402 401 403
f 402 403 404
f 404 403 405
f 404 405 406
f 406 405 407
f 406 407 408
f 408 407 409
f 408 409 410
f 410 409 411
f 410 411 412
f 412 411 413
f 412 413 414
f 414 413 415
f 414 415 416
f 416 415 417
f 416 417 418
f 417 419 418
f 418 419 420
f 420 419 421
f 420 421 422
f 422 421 423
f 422 423 424
f 424 423 425
f 424 425 426
f 426 425 427
f 426 427 428
f 428 427 429
f 428 429 430
f 430 429 431
f 430 431 432
f 432 431 433
f 432 433 434
f 434 433 435
f 434 435 436
f 436 435 437
f 436 437 438
f 438 437 439
f 438 439 440
f 441 442 443
f 443 442 444
f 443 444 445
f 445 444 446
f 445 446 447
f 447 446 448
f 447 448 449
f 449 448 450
f 449 450 451
f 451 450 452
f 451 452 453
f 453 452 454
f 453 454 455
f 455 454 456
f 455 456 457
f 457 456 458
f 457 458 459
f 459 458 460
f 459 460 461
f 461 460 462
f 461 462 463
f 463 462 464
f 463 464 465
f 465 464 466
f 465 466 467
f 467 466 468
f 467 468 469
f 469 468 470
f 469 470 471
f 471 470 472
f 471 472 473
f 473 472 474
f 473 474 475
f 475 474 476
f 475 476 477
f 477 476 478
f 477 478 479
f 479 478 480
f 479 480 481
f 481 480 482
f 481 482 483
f 483 482 484
f 483 484 485
f 485 484 486
f 485 486 487
f 487 486 488
f 487 488 489
f 489 488 490
f 489 490 491
f 491 490 492
f 491 492 493
f 493 492 494
f 493 494 495
f 495 494 496
f 495 496 497
f 497 496 498
f 497 498 499
f 499 498 500
f 499 500 501
f 501 500 502
f 501 502 503
f 503 502 504
f 503 504 505
f 505 504 506
f 505 506 507
f 507 506 508
f 507 508 509
f 509 508 510
f 509 510 511
f 511 510 512
f 511 512 513
f 513 512 514
f 513 514 515
f 515 514 516
f 515 516 517
f 517 516 518
f 517 518 519
f 519 518 520
f 519 520 521
f 521 520 522
f 521 522 523
f 523 522 524
f 523 524 525
f 525 524 526
f 525 526 527
f 527 526 528
f 527 528 441
f 441 528 442
f 439 354 440
f 440 354 353
f 528 397 442
f 442 397 395
f 442 395 444
f 444 395 393
f 444 393 446
f 446 393 391
f 446 391 448
f 448 391 389
f 448 389 450
f 450 389 387
f 450 387 452
f 452 387 385
f 452 385 454
f 454 385 383
f 454 383 456
f 456 383 381
f 456 381 458
f 458 381 379
f 458 379 460
f 460 379 377
f 460 377 462
f 462 377 375
f 462 375 464
f 464 375 373
f 464 373 466
f 466 373 371
f 466 371 468
f 468 371 369
f 468 369 470
f 470 369 367
f 470 367 472
f 472 367 365
f 472 365 474
f 474 365 363
f 474 363 476
f 476 363 361
f 476 361 478
f 478 361 359
f 478 359 480
f 480 359 357
f 480 357 482
f 482 357 355
f 482 355 484
f 484 355 354
f 484 354 486
f 486 354 439
f 486 439 488
f 488 439 437
f 488 437 490
f 490 437 435
f 490 435 492
f 492 435 433
f 492 433 494
f 494 433 431
f 494 431 496
f 496 431 429
f 496 429 498
f 498 429 427
f 498 427 500
f 500 427 425
f 500 425 502
f 502 425 423
f 502 423 504
f 504 423 421
f 504 421 506
f 506 421 419
f 506 419 508
f 508 419 417
f 508 417 510
f 510 417 415
f 510 415 512
f 512 415 413
f 512 413 514
f 514 413 411
f 514 411 516
f 516 411 409
f 516 409 518
f 518 409 407
f 518 407 520
f 520 407 405
f 520 405 522
f 522 405 403
f 522 403 524
f 524 403 401
f 524 401 526
f 526 401 399
f 526 399 528
f 528 399 397
f 493 432 491
f 491 432 434
f 491 434 489
f 489 434 436
f 489 436 487
f 487 436 438
f 487 438 485
f 485 438 440
f 485 440 483
f 483 440 353
f 483 353 481
f 481 353 356
f 481 356 479
f 479 356 358
f 479 358 477
f 477 358 360
f 477 360 475
f 475 360 362
f 475 362 473
f 473 362 364
f 473 364 471
f 471 364 366
f 471 366 469
f 469 366 368
f 469 368 467
f 467 368 370
f 467 370 465
f 465 370 372
f 465 372 463
f 463 372 374
f 463 374 461
f 461 374 376
f 461 376 459
f 459 376 378
f 459 378 457
f 457 378 380
f 457 380 455
f 455 380 382
f 455 382 453
f 453 382 384
f 453 384 451
f 451 384 386
f 451 386 449
f 449 386 388
f 449 388 447
f 447 388 390
f 447 390 445
f 445 390 392
f 445 392 443
f 443 392 394
f 443 394 441
f 441 394 396
f 441 396 527
f 527 396 398
f 527 398 525
f 525 398 400
f 525 400 523
f 523 400 402
f 523 402 521
f 521 402 404
f 521 404 519
f 519 404 406
f 519 406 517
f 517 406 408
f 517 408 515
f 515 408 410
f 515 410 513
f 513 410 412
f 513 412 511
f 511 412 414
f 511 414 509
f 509 414 416
f 509 416 507
f 507 416 418
f 507 418 505
f 505 418 420
f 505 420 503
f 503 420 422
f 503 422 501
f 501 422 424
f 501 424 499
f 499 424 426
f 499 426 497
f 497 426 428
f 497 428 495
f 495 428 430
f 495 430 493
f 493 430 432
f 529 530 531
f 529 531 532
f 532 531 533
f 532 533 534
f 534 533 535
f 534 535 536
f 536 535 537
f 536 537 538
f 538 537 539
f 538 539 540
f 540 539 541
f 540 541 542
f 542 541 543
f 542 543 544
f 544 543 545
f 544 545 546
f 546 545 547
f 546 547 548
f 548 547 549
f 548 549 550
f 549 551 550
f 550 551 552
f 552 551 553
f 552 553 554
f 554 553 555
f 554 555 556
f 556 555 557
f 556 557 558
f 558 557 559
f 558 559 560
f 560 559 561
f 560 561 562
f 562 561 563
f 562 563 564
f 564 563 565
f 564 565 566
f 566 565 567
f 566 567 568
f 568 567 569
f 568 569 570
f 570 569 571
f 570 571 572
f 571 573 572
f 572 573 574
f 574 573 575
f 574 575 576
f 576 575 577
f 576 577 578
f 578 577 579
f 578 579 580
f 580 579 581
f 580 581 582
f 582 581 583
f 582 583 584
f 584 583 585
f 584 585 586
f 586 585 587
f 586 587 588
f 588 587 589
f 588 589 590
f 590 589 591
f 590 591 592
f 592 591 593
f 592 593 594
f 593 595 594
f 594 595 596
f 596 595 597
f 596 597 598
f 598 597 599
f 598 599 600
f 600 599 601
f 600 601 602
f 602 601 603
f 602 603 604
f 604 603 605
f 604 605 606
f 606 605 607
f 606 607 608
f 608 607 609
f 608 609 610
f 610 609 611
f 610 611 612
f 612 611 613
f 612 613 614
f 614 613 615
f 614 615 616
f 617 618 619
f 619 618 620
f 619 620 621
f 621 620 622
f 621 622 623
f 623 622 624
f 623 624 625
f 625 624 626
f 625 626 627
f 627 626 628
f 627 628 629
f 629 628 630
f 629 630 631
f 631 630 632
f 631 632 633
f 633 632 634
f 633 634 635
f 635 634 636
f 635 636 637
f 637 636 638
f 637 638 639
f 639 638 640
f 639 640 641
f 641 640 642
f 641 642 643
f 643 642 644
f 643 644 645
f 645 644 646
f 645 646 647
f 647 646 648
f 647 648 649
f 649 648 650
f 649 650 651
f 651 650 652
f 651 652 653
f 653 652 654
f 653 654 655
f 655 654 656
f 655 656 657
f 657 656 658
f 657 658 659
f 659 658 660
f 659 660 661
f 661 660 662
f 661 662 663
f 663 662 664
f 663 664 665
f 665 664 666
f 665 666 667
f 667 666 668
f 667 668 669
f 669 668 670
f 669 670 671
f 671 670 672
f 671 672 673
f 673 672 674
f 673 674 675
f 675 674 676
f 675 676 677
f 677 676 678
f 677 678 679
f 679 678 680
f 679 680 681
f 681 680 682
f 681 682 683
f 683 682 684
f 683 684 685
f 685 684 686
f 685 686 687
f 687 686 688
f 687 688 689
f 689 688 690
f 689 690 691
f 691 690 692
f 691 692 693
f 693 692 694
f 693 694 695
f 695 694 696
f 695 696 697
f 697 696 698
f 697 698 699
f 699 698 700
f 699 700 701
f 701 700 702
f 701 702 703
f 703 702 704
f 703 704 617
f 617 704 618
f 615 530 616
f 616 530 529
f 704 573 618
f 618 573 571
f 618 571 620
f 620 571 569
f 620 569 622
f 622 569 567
f 622 567 624
f 624 567 565
f 624 565 626
f 626 565 563
f 626 563 628
f 628 563 561
f 628 561 630
f 630 561 559
f 630 559 632
f 632 559 557
f 632 557 634
f 634 557 555
f 634 555 636
f 636 555 553
f 636 553 638
f 638 553 551
f 638 551 640
f 640 551 549
f 640 549 642
f 642 549 547
f 642 547 644
f 644 547 545
f 644 545 646
f 646 545 543
f 646 543 648
f 648 543 541
f 648 541 650
f 650 541 539
f 650 539 652
f 652 539 537
f 652 537 654
f 654 537 535
f 654 535 656
f 656 535 533
f 656 533 658
f 658 533 531
f 658 531 660
f 660 531 530
f 660 530 662
f 662 530 615
f 662 615 664
f 664 615 613
f 664 613 666
f 666 613 611
f 666 611 668
f 668 611 609
f 668 609 670
f 670 609 607
f 670 607 672
f 672 607 605
f 672 605 674
f 674 605 603
f 674 603 676
f 676 603 601
f 676 601 678
f 678 601 599
f 678 599 680
f 680 599 597
f 680 597 682
f 682 597 595
f 682 595 684
f 684 595 593
f 684 593 686
f 686 593 591
f 686 591 688
f 688 591 589
f 688 589 690
f 690 589 587
f 690 587 692
f 692 587 585
f 692 585 694
f 694 585 583
f 694 583 696
f 696 583 581
f 696 581 698
f 698 581 579
f 698 579 700
f 700 579 577
f 700 577 702
f 702 577 575
f 702 575 704
f 704 575 573
f 627 562 625
f 625 562 564
f 625 564 623
f 623 564 566
f 623 566 621
f 621 566 568
f 621 568 619
f 619 568 570
f 619 570 617
f 617 570 572
f 617 572 703
f 703 572 574
f 703 574 701
f 701 574 576
f 701 576 699
f 699 576 578
f 699 578 697
f 697 578 580
f 697 580 695
f 695 580 582
f 695 582 693
f 693 582 584
f 693 584 691
f 691 584 586
f 691 586 689
f 689 586 588
f 689 588 687
f 687 588 590
f 687 590 685
f 685 590 592
f 685 592 683
f 683 592 594
f 683 594 681
f 681 594 596
f 681 596 679
f 679 596 598
f 679 598 677
f 677 598 600
f 677 600 675
f 675 600 602
f 675 602 673
f 673 602 604
f 673 604 671
f 671 604 606
f 671 606 669
f 669 606 608
f 669 608 667
f 667 608 610
f 667 610 665
f 665 610 612
f 665 612 663
f 663 612 614
f 663 614 661
f 661 614 616
f 661 616 659
f 659 616 529
f 659 529 657
f 657 529 532
f 657 532 655
f 655 532 534
f 655 534 653
f 653 534 536
f 653 536 651
f 651 536 538
f 651 538 649
f 649 538 540
f 649 540 647
f 647 540 542
f 647 542 645
f 645 542 544
f 645 544 643
f 643 544 546
f 643 546 641
f 641 546 548
f 641 548 639
f 639 548 550
f 639 550 637
f 637 550 552
f 637 552 635
f 635 552 554
f 635 554 633
f 633 554 556
f 633 556 631
f 631 556 558
f 631 558 629
f 629 558 560
f 629 560 627
f 627 560 562
f 705 706 707
f 707 706 708
f 709 710 711
f 711 710 712
f 711 712 713
f 713 712 714
f 713 714 715
f 715 714 716
f 715 716 717
f 717 716 718
f 717 718 719
f 719 718 720
f 719 720 721
f 721 720 722
f 721 722 723
f 723 722 724
f 723 724 725
f 725 724 726
f 725 726 727
f 727 726 728
f 727 728 708
f 708 728 707
f 710 709 729
f 729 709 730
f 731 732 733
f 733 732 734
f 733 734 735
f 735 734 736
f 735 736 737
f 737 736 738
f 737 738 739
f 739 738 740
f 739 740 741
f 741 740 742
f 741 742 743
f 743 742 744
f 743 744 745
f 745 744 746
f 745 746 747
f 747 746 748
f 747 748 749
f 749 748 750
f 749 750 730
f 730 750 729
f 732 731 751
f 751 731 752
f 753 754 755
f 755 754 756
f 755 756 757
f 757 756 758
f 757 758 759
f 759 758 760
f 759 760 761
f 761 760 762
f 761 762 763
f 763 762 764
f 763 764 765
f 765 764 766
f 765 766 767
f 767 766 768
f 767 768 769
f 769 768 770
f 769 770 771
f 771 770 772
f 771 772 752
f 752 772 751
f 754 753 773
f 773 753 774
f 706 705 775
f 775 705 776
f 775 776 777
f 777 776 778
f 777 778 779
f 779 778 780
f 779 780 781
f 781 780 782
f 781 782 783
f 783 782 784
f 783 784 785
f 785 784 786
f 785 786 787
f 787 786 788
f 787 788 789
f 789 788 790
f 789 790 791
f 791 790 792
f 791 792 774
f 774 792 773
f 793 794 795
f 795 794 796
f 797 798 799
f 797 799 800
f 800 799 801
f 800 801 802
f 802 801 803
f 802 803 804
f 804 803 805
f 804 805 806
f 806 805 807
f 806 807 808
f 808 807 809
f 808 809 810
f 810 809 811
f 810 811 812
f 812 811 813
f 812 813 814
f 814 813 815
f 814 815 816
f 816 815 796
f 816 796 794
f 797 817 798
f 798 817 818
f 819 820 821
f 819 821 822
f 822 821 823
f 822 823 824
f 824 823 825
f 824 825 826
f 826 825 827
f 826 827 828
f 828 827 829
f 828 829 830
f 830 829 831
f 830 831 832
f 832 831 833
f 832 833 834
f 834 833 835
f 834 835 836
f 836 835 837
f 836 837 838
f 838 837 818
f 838 818 817
f 819 839 820
f 820 839 840
f 841 842 843
f 841 843 844
f 844 843 845
f 844 845 846
f 846 845 847
f 846 847 848
f 848 847 849
f 848 849 850
f 850 849 851
f 850 851 852
f 852 851 853
f 852 853 854
f 854 853 855
f 854 855 856
f 856 855 857
f 856 857 858
f 858 857 859
f 858 859 860
f 860 859 840
f 860 840 839
f 841 861 842
f 842 861 862
f 793 795 863
f 793 863 864
f 864 863 865
f 864 865 866
f 866 865 867
f 866 867 868
f 868 867 869
f 868 869 870
f 870 869 871
f 870 871 872
f 872 871 873
f 872 873 874
f 874 873 875
f 874 875 876
f 876 875 877
f 876 877 878
f 878 877 879
f 878 879 880
f 880 879 862
f 880 862 861
f 706 839 708
f 708 839 819
f 708 819 727
f 727 819 822
f 727 822 725
f 725 822 824
f 725 824 723
f 723 824 826
f 723 826 721
f 721 826 828
f 721 828 719
f 719 828 830
f 719 830 717
f 717 830 832
f 717 832 715
f 715 832 834
f 715 834 713
f 713 834 836
f 713 836 711
f 711 836 838
f 711 838 709
f 709 838 817
f 709 817 730
f 730 817 797
f 730 797 749
f 749 797 800
f 749 800 747
f 747 800 802
f 747 802 745
f 745 802 804
f 745 804 743
f 743 804 806
f 743 806 741
f 741 806 808
f 741 808 739
f 739 808 810
f 739 810 737
f 737 810 812
f 737 812 735
f 735 812 814
f 735 814 733
f 733 814 816
f 733 816 731
f 731 816 794
f 731 794 752
f 752 794 793
f 752 793 771
f 771 793 864
f 771 864 769
f 769 864 866
f 769 866 767
f 767 866 868
f 767 868 765
f 765 868 870
f 765 870 763
f 763 870 872
f 763 872 761
f 761 872 874
f 761 874 759
f 759 874 876
f 759 876 757
f 757 876 878
f 757 878 755
f 755 878 880
f 755 880 753
f 753 880 861
f 753 861 774
f 774 861 841
f 774 841 791
f 791 841 844
f 791 844 789
f 789 844 846
f 789 846 787
f 787 846 848
f 787 848 785
f 785 848 850
f 785 850 783
f 783 850 852
f 783 852 781
f 781 852 854
f 781 854 779
f 779 854 856
f 779 856 777
f 777 856 858
f 777 858 775
f 775 858 860
f 775 860 706
f 706 860 839
f 768 867 770
f 770 867 865
f 770 865 772
f 772 865 863
f 772 863 751
f 751 863 795
f 751 795 732
f 732 795 796
f 732 796 734
f 734 796 815
f 734 815 736
f 736 815 813
f 736 813 738
f 738 813 811
f 738 811 740
f 740 811 809
f 740 809 742
f 742 809 807
f 742 807 744
f 744 807 805
f 744 805 746
f 746 805 803
f 746 803 748
f 748 803 801
f 748 801 750
f 750 801 799
f 750 799 729
f 729 799 798
f 729 798 710
f 710 798 818
f 710 818 712
f 712 818 837
f 712 837 714
f 714 837 835
f 714 835 716
f 716 835 833
f 716 833 718
f 718 833 831
f 718 831 720
f 720 831 829
f 720 829 722
f 722 829 827
f 722 827 724
f 724 827 825
f 724 825 726
f 726 825 823
f 726 823 728
f 728 823 821
f 728 821 707
f 707 821 820
f 707 820 705
f 705 820 840
f 705 840 776
f 776 840 859
f 776 859 778
f 778 859 857
f 778 857 780
f 780 857 855
f 780 855 782
f 782 855 853
f 782 853 784
f 784 853 851
f 784 851 786
f 786 851 849
f 786 849 788
f 788 849 847
f 788 847 790
f 790 847 845
f 790 845 792
f 792 845 843
f 792 843 773
f 773 843 842
f 773 842 754
f 754 842 862
f 754 862 756
f 756 862 879
f 756 879 758
f 758 879 877
f 758 877 760
f 760 877 875
f 760 875 762
f 762 875 873
f 762 873 764
f 764 873 871
f 764 871 766
f 766 871 869
f 766 869 768
f 768 869 867
f 881 882 883
f 883 882 884
f 885 886 887
f 887 886 888
f 887 888 889
f 889 888 890
f 889 890 891
f 891 890 892
f 891 892 893
f 893 892 894
f 893 894 895
f 895 894 896
f 895 896 897
f 897 896 898
f 897 898 899
f 899 898 900
f 899 900 901
f 901 900 902
f 901 902 903
f 903 902 904
f 903 904 881
f 881 904 882
f 905 906 885
f 885 906 886
f 907 908 909
f 909 908 910
f 909 910 911
f 911 910 912
f 911 912 913
f 913 912 914
f 913 914 915
f 915 914 916
f 915 916 917
f 917 916 918
f 917 918 919
f 919 918 920
f 919 920 921
f 921 920 922
f 921 922 923
f 923 922 924
f 923 924 925
f 925 924 926
f 925 926 905
f 905 926 906
f 927 928 907
f 907 928 908
f 929 930 931
f 931 930 932
f 931 932 933
f 933 932 934
f 933 934 935
f 935 934 936
f 935 936 937
f 937 936 938
f 937 938 939
f 939 938 940
f 939 940 941
f 941 940 942
f 941 942 943
f 943 942 944
f 943 944 945
f 945 944 946
f 945 946 947
f 947 946 948
f 947 948 927
f 927 948 928
f 949 950 929
f 929 950 930
f 883 884 951
f 951 884 952
f 951 952 953
f 953 952 954
f 953 954 955
f 955 954 956
f 955 956 957
f 957 956 958
f 957 958 959
f 959 958 960
f 959 960 961
f 961 960 962
f 961 962 963
f 963 962 964
f 963 964 965
f 965 964 966
f 965 966 967
f 967 966 968
f 967 968 949
f 949 968 950
f 930 969 932
f 932 969 970
f 932 970 934
f 934 970 971
f 934 971 936
f 936 971 972
f 936 972 938
f 938 972 973
f 938 973 940
f 940 973 974
f 940 974 942
f 942 974 975
f 942 975 944
f 944 975 976
f 944 976 946
f 946 976 977
f 946 977 948
f 948 977 978
f 948 978 928
f 928 978 979
f 928 979 908
f 908 979 980
f 908 980 910
f 910 980 981
f 910 981 912
f 912 981 982
f 912 982 914
f 914 982 983
f 914 983 916
f 916 983 984
f 916 984 918
f 918 984 985
f 918 985 920
f 920 985 986
f 920 986 922
f 922 986 987
f 922 987 924
f 924 987 988
f 924 988 926
f 926 988 989
f 926 989 906
f 906 989 990
f 906 990 886
f 886 990 991
f 886 991 888
f 888 991 992
f 888 992 890
f 890 992 993
f 890 993 892
f 892 993 994
f 892 994 894
f 894 994 995
f 894 995 896
f 896 995 996
f 896 996 898
f 898 996 997
f 898 997 900
f 900 997 998
f 900 998 902
f 902 998 999
f 902 999 904
f 904 999 1000
f 904 1000 882
f 882 1000 1001
f 882 1001 884
f 884 1001 1002
f 884 1002 952
f 952 1002 1003
f 952 1003 954
f 954 1003 1004
f 954 1004 956
f 956 1004 1005
f 956 1005 958
f 958 1005 1006
f 958 1006 960
f 960 1006 1007
f 960 1007 962
f 962 1007 1008
f 962 1008 964
f 964 1008 1009
f 964 1009 966
f 966 1009 1010
f 966 1010 968
f 968 1010 1011
f 968 1011 950
f 950 1011 1012
f 950 1012 930
f 930 1012 969
f 980 979 1013
f 1013 979 1014
f 1015 990 989
f 1015 989 1016
f 1016 989 988
f 1016 988 1017
f 1017 988 987
f 1017 987 1018
f 1018 987 986
f 1018 986 1019
f 1019 986 985
f 1019 985 1020
f 1020 985 984
f 1020 984 1021
f 1021 984 983
f 1021 983 1022
f 1022 983 982
f 1022 982 1023
f 1023 982 981
f 1023 981 1024
f 1024 981 980
f 1024 980 1013
f 991 990 1025
f 1025 990 1015
f 1026 1001 1000
f 1026 1000 1027
f 1027 1000 999
f 1027 999 1028
f 1028 999 998
f 1028 998 1029
f 1029 998 997
f 1029 997 1030
f 1030 997 996
f 1030 996 1031
f 1031 996 995
f 1031 995 1032
f 1032 995 994
f 1032 994 1033
f 1033 994 993
f 1033 993 1034
f 1034 993 992
f 1034 992 1035
f 1035 992 991
f 1035 991 1025
f 1002 1001 1036
f 1036 1001 1026
f 1037 1012 1011
f 1037 1011 1038
f 1038 1011 1010
f 1038 1010 1039
f 1039 1010 1009
f 1039 1009 1040
f 1040 1009 1008
f 1040 1008 1041
f 1041 1008 1007
f 1041 1007 1042
f 1042 1007 1006
f 1042 1006 1043
f 1043 1006 1005
f 1043 1005 1044
f 1044 1005 1004
f 1044 1004 1045
f 1045 1004 1003
f 1045 1003 1046
f 1046 1003 1002
f 1046 1002 1036
f 969 1012 1047
f 1047 1012 1037
f 1014 979 978
f 1014 978 1048
f 1048 978 977
f 1048 977 1049
f 1049 977 976
f 1049 976 1050
f 1050 976 975
f 1050 975 1051
f 1051 975 974
f 1051 974 1052
f 1052 974 973
f 1052 973 1053
f 1053 973 972
f 1053 972 1054
f 1054 972 971
f 1054 971 1055
f 1055 971 970
f 1055 970 1056
f 1056 970 969
f 1056 969 1047
f 929 1047 949
f 949 1047 1037
f 949 1037 967
f 967 1037 1038
f 967 1038 965
f 965 1038 1039
f 965 1039 963
f 963 1039 1040
f 963 1040 961
f 961 1040 1041
f 961 1041 959
f 959 1041 1042
f 959 1042 957
f 957 1042 1043
f 957 1043 955
f 955 1043 1044
f 955 1044 953
f 953 1044 1045
f 953 1045 951
f 951 1045 1046
f 951 1046 883
f 883 1046 1036
f 883 1036 881
f 881 1036 1026
f 881 1026 903
f 903 1026 1027
f 903 1027 901
f 901 1027 1028
f 901 1028 899
f 899 1028 1029
f 899 1029 897
f 897 1029 1030
f 897 1030 895
f 895 1030 1031
f 895 1031 893
f 893 1031 1032
f 893 1032 891
f 891 1032 1033
f 891 1033 889
f 889 1033 1034
f 889 1034 887
f 887 1034 1035
f 887 1035 885
f 885 1035 1025
f 885 1025 905
f 905 1025 1015
f 905 1015 925
f 925 1015 1016
f 925 1016 923
f 923 1016 1017
f 923 1017 921
f 921 1017 1018
f 921 1018 919
f 919 1018 1019
f 919 1019 917
f 917 1019 1020
f 917 1020 915
f 915 1020 1021
f 915 1021 913
f 913 1021 1022
f 913 1022 911
f 911 1022 1023
f 911 1023 909
f 909 1023 1024
f 909 1024 907
f 907 1024 1013
f 907 1013 927
f 927 1013 1014
f 927 1014 947
f 947 1014 1048
f 947 1048 945
f 945 1048 1049
f 945 1049 943
f 943 1049 1050
f 943 1050 941
f 941 1050 1051
f 941 1051 939
f 939 1051 1052
f 939 1052 937
f 937 1052 1053
f 937 1053 935
f 935 1053 1054
f 935 1054 933
f 933 1054 1055
f 933 1055 931
f 931 1055 1056
f 931 1056 929
f 929 1056 1047
f 1057 1058 1059
f 1059 1058 1060
f 1061 1062 1063
f 1063 1062 1064
f 1063 1064 1065
f 1065 1064 1066
f 1065 1066 1067
f 1067 1066 1068
f 1067 1068 1069
f 1069 1068 1070
f 1069 1070 1071
f 1071 1070 1072
f 1071 1072 1073
f 1073 1072 1074
f 1073 1074 1075
f 1075 1074 1076
f 1075 1076 1077
f 1077 1076 1078
f 1077 1078 1079
f 1079 1078 1080
f 1079 1080 1057
f 1057 1080 1058
f 1081 1082 1061
f 1061 1082 1062
f 1083 1084 1085
f 1085 1084 1086
f 1085 1086 1087
f 1087 1086 1088
f 1087 1088 1089
f 1089 1088 1090
f 1089 1090 1091
f 1091 1090 1092
f 1091 1092 1093
f 1093 1092 1094
f 1093 1094 1095
f 1095 1094 1096
f 1095 1096 1097
f 1097 1096 1098
f 1097 1098 1099
f 1099 1098 1100
f 1099 1100 1101
f 1101 1100 1102
f 1101 1102 1081
f 1081 1102 1082
f 1103 1104 1083
f 1083 1104 1084
f 1105 1106 1107
f 1107 1106 1108
f 1107 1108 1109
f 1109 1108 1110
f 1109 1110 1111
f 1111 1110 1112
f 1111 1112 1113
f 1113 1112 1114
f 1113 1114 1115
f 1115 1114 1116
f 1115 1116 1117
f 1117 1116 1118
f 1117 1118 1119
f 1119 1118 1120
f 1119 1120 1121
f 1121 1120 1122
f 1121 1122 1123
f 1123 1122 1124
f 1123 1124 1103
f 1103 1124 1104
f 1125 1126 1105
f 1105 1126 1106
f 1059 1060 1127
f 1127 1060 1128
f 1127 1128 1129
f 1129 1128 1130
f 1129 1130 1131
f 1131 1130 1132
f 1131 1132 1133
f 1133 1132 1134
f 1133 1134 1135
f 1135 1134 1136
f 1135 1136 1137
f 1137 1136 1138
f 1137 1138 1139
f 1139 1138 1140
f 1139 1140 1141
f 1141 1140 1142
f 1141 1142 1143
f 1143 1142 1144
f 1143 1144 1125
f 1125 1144 1126
f 1001 1002 796
f 796 1002 795
f 1145 1146 1147
f 1145 1147 1148
f 1148 1147 1149
f 1148 1149 1150
f 1150 1149 1151
f 1150 1151 1152
f 1152 1151 1153
f 1152 1153 1154
f 1154 1153 1155
f 1154 1155 1156
f 1156 1155 1157
f 1156 1157 1158
f 1158 1157 1159
f 1158 1159 1160
f 1160 1159 1161
f 1160 1161 1162
f 1162 1161 1163
f 1162 1163 1164
f 1164 1163 1001
f 1164 1001 796
f 1165 1146 1166
f 1166 1146 1145
f 1167 1168 1169
f 1167 1169 1170
f 1170 1169 1171
f 1170 1171 1172
f 1172 1171 1173
f 1172 1173 1174
f 1174 1173 1175
f 1174 1175 1176
f 1176 1175 1177
f 1176 1177 1178
f 1178 1177 1179
f 1178 1179 1180
f 1180 1179 1181
f 1180 1181 1182
f 1182 1181 1183
f 1182 1183 1184
f 1184 1183 1185
f 1184 1185 1186
f 1186 1185 1165
f 1186 1165 1166
f 1187 1168 1188
f 1188 1168 1167
f 1189 1190 1191
f 1189 1191 1192
f 1192 1191 1193
f 1192 1193 1194
f 1194 1193 1195
f 1194 1195 1196
f 1196 1195 1197
f 1196 1197 1198
f 1198 1197 1199
f 1198 1199 1200
f 1200 1199 1201
f 1200 1201 1202
f 1202 1201 1203
f 1202 1203 1204
f 1204 1203 1205
f 1204 1205 1206
f 1206 1205 1207
f 1206 1207 1208
f 1208 1207 1187
f 1208 1187 1188
f 1209 1190 1210
f 1210 1190 1189
f 795 1002 1211
f 795 1211 1212
f 1212 1211 1213
f 1212 1213 1214
f 1214 1213 1215
f 1214 1215 1216
f 1216 1215 1217
f 1216 1217 1218
f 1218 1217 1219
f 1218 1219 1220
f 1220 1219 1221
f 1220 1221 1222
f 1222 1221 1223
f 1222 1223 1224
f 1224 1223 1225
f 1224 1225 1226
f 1226 1225 1227
f 1226 1227 1228
f 1228 1227 1209
f 1228 1209 1210
f 1082 1146 1062
f 1062 1146 1165
f 1062 1165 1064
f 1064 1165 1185
f 1064 1185 1066
f 1066 1185 1183
f 1066 1183 1068
f 1068 1183 1181
f 1068 1181 1070
f 1070 1181 1179
f 1070 1179 1072
f 1072 1179 1177
f 1072 1177 1074
f 1074 1177 1175
f 1074 1175 1076
f 1076 1175 1173
f 1076 1173 1078
f 1078 1173 1171
f 1078 1171 1080
f 1080 1171 1169
f 1080 1169 1058
f 1058 1169 1168
f 1058 1168 1060
f 1060 1168 1187
f 1060 1187 1128
f 1128 1187 1207
f 1128 1207 1130
f 1130 1207 1205
f 1130 1205 1132
f 1132 1205 1203
f 1132 1203 1134
f 1134 1203 1201
f 1134 1201 1136
f 1136 1201 1199
f 1136 1199 1138
f 1138 1199 1197
f 1138 1197 1140
f 1140 1197 1195
f 1140 1195 1142
f 1142 1195 1193
f 1142 1193 1144
f 1144 1193 1191
f 1144 1191 1126
f 1126 1191 1190
f 1126 1190 1106
f 1106 1190 1209
f 1106 1209 1108
f 1108 1209 1227
f 1108 1227 1110
f 1110 1227 1225
f 1110 1225 1112
f 1112 1225 1223
f 1112 1223 1114
f 1114 1223 1221
f 1114 1221 1116
f 1116 1221 1219
f 1116 1219 1118
f 1118 1219 1217
f 1118 1217 1120
f 1120 1217 1215
f 1120 1215 1122
f 1122 1215 1213
f 1122 1213 1124
f 1124 1213 1211
f 1124 1211 1104
f 1104 1211 1002
f 1104 1002 1084
f 1084 1002 1001
f 1084 1001 1086
f 1086 1001 1163
f 1086 1163 1088
f 1088 1163 1161
f 1088 1161 1090
f 1090 1161 1159
f 1090 1159 1092
f 1092 1159 1157
f 1092 1157 1094
f 1094 1157 1155
f 1094 1155 1096
f 1096 1155 1153
f 1096 1153 1098
f 1098 1153 1151
f 1098 1151 1100
f 1100 1151 1149
f 1100 1149 1102
f 1102 1149 1147
f 1102 1147 1082
f 1082 1147 1146
f 1105 1210 1125
f 1125 1210 1189
f 1125 1189 1143
f 1143 1189 1192
f 1143 1192 1141
f 1141 1192 1194
f 1141 1194 1139
f 1139 1194 1196
f 1139 1196 1137
f 1137 1196 1198
f 1137 1198 1135
f 1135 1198 1200
f 1135 1200 1133
f 1133 1200 1202
f 1133 1202 1131
f 1131 1202 1204
f 1131 1204 1129
f 1129 1204 1206
f 1129 1206 1127
f 1127 1206 1208
f 1127 1208 1059
f 1059 1208 1188
f 1059 1188 1057
f 1057 1188 1167
f 1057 1167 1079
f 1079 1167 1170
f 1079 1170 1077
f 1077 1170 1172
f 1077 1172 1075
f 1075 1172 1174
f 1075 1174 1073
f 1073 1174 1176
f 1073 1176 1071
f 1071 1176 1178
f 1071 1178 1069
f 1069 1178 1180
f 1069 1180 1067
f 1067 1180 1182
f 1067 1182 1065
f 1065 1182 1184
f 1065 1184 1063
f 1063 1184 1186
f 1063 1186 1061
f 1061 1186 1166
f 1061 1166 1081
f 1081 1166 1145
f 1081 1145 1101
f 1101 1145 1148
f 1101 1148 1099
f 1099 1148 1150
f 1099 1150 1097
f 1097 1150 1152
f 1097 1152 1095
f 1095 1152 1154
f 1095 1154 1093
f 1093 1154 1156
f 1093 1156 1091
f 1091 1156 1158
f 1091 1158 1089
f 1089 1158 1160
f 1089 1160 1087
f 1087 1160 1162
f 1087 1162 1085
f 1085 1162 1164
f 1085 1164 1083
f 1083 1164 796
f 1083 796 1103
f 1103 796 795
f 1103 795 1123
f 1123 795 1212
f 1123 1212 1121
f 1121 1212 1214
f 1121 1214 1119
f 1119 1214 1216
f 1119 1216 1117
f 1117 1216 1218
f 1117 1218 1115
f 1115 1218 1220
f 1115 1220 1113
f 1113 1220 1222
f 1113 1222 1111
f 1111 1222 1224
f 1111 1224 1109
f 1109 1224 1226
f 1109 1226 1107
f 1107 1226 1228
f 1107 1228 1105
f 1105 1228 1210
f 1229 1230 1231
f 1231 1230 1232
f 1233 1234 1235
f 1235 1234 1236
f 1235 1236 1237
f 1237 1236 1238
f 1237 1238 1239
f 1239 1238 1240
f 1239 1240 1241
f 1241 1240 1242
f 1241 1242 1243
f 1243 1242 1244
f 1243 1244 1245
f 1245 1244 1246
f 1245 1246 1247
f 1247 1246 1248
f 1247 1248 1249
f 1249 1248 1250
f 1249 1250 1251
f 1251 1250 1252
f 1251 1252 1229
f 1229 1252 1230
f 1253 1254 1233
f 1233 1254 1234
f 1255 1256 1257
f 1257 1256 1258
f 1257 1258 1259
f 1259 1258 1260
f 1259 1260 1261
f 1261 1260 1262
f 1261 1262 1263
f 1263 1262 1264
f 1263 1264 1265
f 1265 1264 1266
f 1265 1266 1267
f 1267 1266 1268
f 1267 1268 1269
f 1269 1268 1270
f 1269 1270 1271
f 1271 1270 1272
f 1271 1272 1273
f 1273 1272 1274
f 1273 1274 1253
f 1253 1274 1254
f 1275 1276 1255
f 1255 1276 1256
f 1277 1278 1279
f 1279 1278 1280
f 1279 1280 1281
f 1281 1280 1282
f 1281 1282 1283
f 1283 1282 1284
f 1283 1284 1285
f 1285 1284 1286
f 1285 1286 1287
f 1287 1286 1288
f 1287 1288 1289
f 1289 1288 1290
f 1289 1290 1291
f 1291 1290 1292
f 1291 1292 1293
f 1293 1292 1294
f 1293 1294 1295
f 1295 1294 1296
f 1295 1296 1275
f 1275 1296 1276
f 1297 1298 1277
f 1277 1298 1278
f 1231 1232 1299
f 1299 1232 1300
f 1299 1300 1301
f 1301 1300 1302
f 1301 1302 1303
f 1303 1302 1304
f 1303 1304 1305
f 1305 1304 1306
f 1305 1306 1307
f 1307 1306 1308
f 1307 1308 1309
f 1309 1308 1310
f 1309 1310 1311
f 1311 1310 1312
f 1311 1312 1313
f 1313 1312 1314
f 1313 1314 1315
f 1315 1314 1316
f 1315 1316 1297
f 1297 1316 1298
f 1317 1318 1319
f 1319 1318 1320
f 1321 1322 1323
f 1321 1323 1324
f 1324 1323 1325
f 1324 1325 1326
f 1326 1325 1327
f 1326 1327 1328
f 1328 1327 1329
f 1328 1329 1330
f 1330 1329 1331
f 1330 1331 1332
f 1332 1331 1333
f 1332 1333 1334
f 1334 1333 1335
f 1334 1335 1336
f 1336 1335 1337
f 1336 1337 1338
f 1338 1337 1339
f 1338 1339 1340
f 1340 1339 1317
f 1340 1317 1319
f 1341 1322 1342
f 1342 1322 1321
f 794 1026 1343
f 794 1343 1344
f 1344 1343 1345
f 1344 1345 1346
f 1346 1345 1347
f 1346 1347 1348
f 1348 1347 1349
f 1348 1349 1350
f 1350 1349 1351
f 1350 1351 1352
f 1352 1351 1353
f 1352 1353 1354
f 1354 1353 1355
f 1354 1355 1356
f 1356 1355 1357
f 1356 1357 1358
f 1358 1357 1359
f 1358 1359 1360
f 1360 1359 1341
f 1360 1341 1342
f 1036 1026 793
f 793 1026 794
f 1361 1362 1363
f 1361 1363 1364
f 1364 1363 1365
f 1364 1365 1366
f 1366 1365 1367
f 1366 1367 1368
f 1368 1367 1369
f 1368 1369 1370
f 1370 1369 1371
f 1370 1371 1372
f 1372 1371 1373
f 1372 1373 1374
f 1374 1373 1375
f 1374 1375 1376
f 1376 1375 1377
f 1376 1377 1378
f 1378 1377 1379
f 1378 1379 1380
f 1380 1379 1036
f 1380 1036 793
f 1381 1362 1382
f 1382 1362 1361
f 1320 1318 1383
f 1320 1383 1384
f 1384 1383 1385
f 1384 1385 1386
f 1386 1385 1387
f 1386 1387 1388
f 1388 1387 1389
f 1388 1389 1390
f 1390 1389 1391
f 1390 1391 1392
f 1392 1391 1393
f 1392 1393 1394
f 1394 1393 1395
f 1394 1395 1396
f 1396 1395 1397
f 1396 1397 1398
f 1398 1397 1399
f 1398 1399 1400
f 1400 1399 1381
f 1400 1381 1382
f 1270 1327 1272
f 1272 1327 1325
f 1272 1325 1274
f 1274 1325 1323
f 1274 1323 1254
f 1254 1323 1322
f 1254 1322 1234
f 1234 1322 1341
f 1234 1341 1236
f 1236 1341 1359
f 1236 1359 1238
f 1238 1359 1357
f 1238 1357 1240
f 1240 1357 1355
f 1240 1355 1242
f 1242 1355 1353
f 1242 1353 1244
f 1244 1353 1351
f 1244 1351 1246
f 1246 1351 1349
f 1246 1349 1248
f 1248 1349 1347
f 1248 1347 1250
f 1250 1347 1345
f 1250 1345 1252
f 1252 1345 1343
f 1252 1343 1230
f 1230 1343 1026
f 1230 1026 1232
f 1232 1026 1036
f 1232 1036 1300
f 1300 1036 1379
f 1300 1379 1302
f 1302 1379 1377
f 1302 1377 1304
f 1304 1377 1375
f 1304 1375 1306
f 1306 1375 1373
f 1306 1373 1308
f 1308 1373 1371
f 1308 1371 1310
f 1310 1371 1369
f 1310 1369 1312
f 1312 1369 1367
f 1312 1367 1314
f 1314 1367 1365
f 1314 1365 1316
f 1316 1365 1363
f 1316 1363 1298
f 1298 1363 1362
f 1298 1362 1278
f 1278 1362 1381
f 1278 1381 1280
f 1280 1381 1399
f 1280 1399 1282
f 1282 1399 1397
f 1282 1397 1284
f 1284 1397 1395
f 1284 1395 1286
f 1286 1395 1393
f 1286 1393 1288
f 1288 1393 1391
f 1288 1391 1290
f 1290 1391 1389
f 1290 1389 1292
f 1292 1389 1387
f 1292 1387 1294
f 1294 1387 1385
f 1294 1385 1296
f 1296 1385 1383
f 1296 1383 1276
f 1276 1383 1318
f 1276 1318 1256
f 1256 1318 1317
f 1256 1317 1258
f 1258 1317 1339
f 1258 1339 1260
f 1260 1339 1337
f 1260 1337 1262
f 1262 1337 1335
f 1262 1335 1264
f 1264 1335 1333
f 1264 1333 1266
f 1266 1333 1331
f 1266 1331 1268
f 1268 1331 1329
f 1268 1329 1270
f 1270 1329 1327
f 1283 1396 1281
f 1281 1396 1398
f 1281 1398 1279
f 1279 1398 1400
f 1279 1400 1277
f 1277 1400 1382
f 1277 1382 1297
f 1297 1382 1361
f 1297 1361 1315
f 1315 1361 1364
f 1315 1364 1313
f 1313 1364 1366
f 1313 1366 1311
f 1311 1366 1368
f 1311 1368 1309
f 1309 1368 1370
f 1309 1370 1307
f 1307 1370 1372
f 1307 1372 1305
f 1305 1372 1374
f 1305 1374 1303
f 1303 1374 1376
f 1303 1376 1301
f 1301 1376 1378
f 1301 1378 1299
f 1299 1378 1380
f 1299 1380 1231
f 1231 1380 793
f 1231 793 1229
f 1229 793 794
f 1229 794 1251
f 1251 794 1344
f 1251 1344 1249
f 1249 1344 1346
f 1249 1346 1247
f 1247 1346 1348
f 1247 1348 1245
f 1245 1348 1350
f 1245 1350 1243
f 1243 1350 1352
f 1243 1352 1241
f 1241 1352 1354
f 1241 1354 1239
f 1239 1354 1356
f 1239 1356 1237
f 1237 1356 1358
f 1237 1358 1235
f 1235 1358 1360
f 1235 1360 1233
f 1233 1360 1342
f 1233 1342 1253
f 1253 1342 1321
f 1253 1321 1273
f 1273 1321 1324
f 1273 1324 1271
f 1271 1324 1326
f 1271 1326 1269
f 1269 1326 1328
f 1269 1328 1267
f 1267 1328 1330
f 1267 1330 1265
f 1265 1330 1332
f 1265 1332 1263
f 1263 1332 1334
f 1263 1334 1261
f 1261 1334 1336
f 1261 1336 1259
f 1259 1336 1338
f 1259 1338 1257
f 1257 1338 1340
f 1257 1340 1255
f 1255 1340 1319
f 1255 1319 1275
f 1275 1319 1320
f 1275 1320 1295
f 1295 1320 1384
f 1295 1384 1293
f 1293 1384 1386
f 1293 1386 1291
f 1291 1386 1388
f 1291 1388 1289
f 1289 1388 1390
f 1289 1390 1287
f 1287 1390 1392
f 1287 1392 1285
f 1285 1392 1394
f 1285 1394 1283
f 1283 1394 1396
f 1401 1402 1403
f 1403 1402 1404
f 1405 1406 1407
f 1405 1407 1408
f 1408 1407 1409
f 1408 1409 1410
f 1410 1409 1411
f 1410 1411 1412
f 1412 1411 1413
f 1412 1413 1414
f 1414 1413 1415
f 1414 1415 1416
f 1416 1415 1417
f 1416 1417 1418
f 1418 1417 1419
f 1419 1417 1420
f 1419 1420 1421
f 1420 1422 1421
f 1421 1422 1423
f 1421 1423 1424
f 1424 1423 1425
f 1424 1425 1426
f 1426 1425 1427
f 1427 1425 1428
f 1427 1428 1429
f 1428 1430 1429
f 1429 1430 1431
f 1429 1431 1432
f 1432 1431 1404
f 1432 1404 1402
f 1405 1433 1406
f 1406 1433 1434
f 1435 1436 1437
f 1435 1437 1438
f 1437 1439 1438
f 1438 1439 1440
f 1438 1440 1441
f 1441 1440 1442
f 1440 1443 1442
f 1442 1443 1444
f 1442 1444 1445
f 1445 1444 1446
f 1447 1448 1449
f 1444 1450 1446
f 1446 1450 1447
f 1446 1447 1451
f 1451 1447 1449
f 1448 1452 1449
f 1449 1452 1453
f 1449 1453 1454
f 1454 1453 1455
f 1454 1455 1456
f 1456 1455 1457
f 1456 1457 1458
f 1458 1457 1459
f 1458 1459 1460
f 1460 1459 1461
f 1460 1461 1462
f 1462 1461 1434
f 1462 1434 1433
f 1436 1463 1437
f 1437 1463 1464
f 1465 1466 1467
f 1467 1466 1468
f 1467 1468 1469
f 1469 1468 1470
f 1469 1470 1471
f 1471 1470 1472
f 1471 1472 1473
f 1473 1472 1474
f 1473 1474 1475
f 1475 1474 1476
f 1475 1476 1477
f 1477 1476 1478
f 1477 1478 1479
f 1465 1467 1480
f 1480 1467 1481
f 1480 1481 1482
f 1483 1484 1485
f 1483 1485 1482
f 1482 1485 1486
f 1482 1486 1480
f 1487 1488 1489
f 1487 1489 1484
f 1484 1489 1490
f 1484 1490 1485
f 1491 1464 1463
f 1491 1463 1488
f 1488 1463 1492
f 1488 1492 1489
f 1478 1493 1479
f 1479 1493 1494
f 1401 1403 1495
f 1401 1495 1496
f 1496 1495 1497
f 1496 1497 1498
f 1498 1497 1499
f 1499 1497 1500
f 1499 1500 1501
f 1501 1500 1502
f 1501 1502 1503
f 1503 1502 1504
f 1503 1504 1505
f 1505 1504 1506
f 1505 1506 1507
f 1507 1506 1508
f 1507 1508 1509
f 1508 1510 1509
f 1509 1510 1511
f 1509 1511 1512
f 1512 1511 1513
f 1512 1513 1514
f 1514 1513 1515
f 1514 1515 1516
f 1516 1515 1517
f 1516 1517 1518
f 1518 1517 1519
f 1518 1519 1520
f 1520 1519 1494
f 1520 1494 1493
f 1492 1463 1521
f 1521 1463 1522
f 1522 1463 1436
f 1522 1436 1523
f 1523 1436 1435
f 1523 1435 1524
f 1524 1435 1438
f 1524 1438 1525
f 1521 1526 1492
f 1492 1526 1527
f 1492 1527 1489
f 1489 1527 1528
f 1489 1528 1490
f 1529 1449 1530
f 1530 1449 1454
f 1530 1454 1531
f 1531 1454 1456
f 1531 1456 1532
f 1533 1412 1534
f 1534 1412 1414
f 1534 1414 1535
f 1535 1414 1416
f 1535 1416 1536
f 1537 1509 1538
f 1538 1509 1512
f 1538 1512 1539
f 1539 1512 1514
f 1539 1514 1540
f 1525 1438 1541
f 1541 1438 1441
f 1541 1441 1542
f 1542 1441 1442
f 1542 1442 1543
f 1544 1472 1545
f 1545 1472 1470
f 1545 1470 1546
f 1546 1470 1468
f 1546 1468 1547
f 1432 1548 1429
f 1429 1548 1549
f 1429 1549 1427
f 1498 1550 1551
f 1528 1552 1490
f 1490 1552 1553
f 1490 1553 1485
f 1485 1553 1554
f 1485 1554 1486
f 1486 1554 1555
f 1486 1555 1480
f 1480 1555 1556
f 1480 1556 1465
f 1465 1556 1547
f 1465 1547 1466
f 1466 1547 1468
f 1543 1442 1557
f 1557 1442 1445
f 1557 1445 1558
f 1558 1445 1446
f 1558 1446 1529
f 1529 1446 1451
f 1529 1451 1449
f 1498 1551 1496
f 1496 1551 1559
f 1496 1559 1401
f 1401 1559 1560
f 1401 1560 1402
f 1402 1560 1561
f 1402 1561 1432
f 1432 1561 1562
f 1432 1562 1548
f 1550 1498 1563
f 1563 1498 1499
f 1563 1499 1564
f 1564 1499 1501
f 1564 1501 1565
f 1456 1458 1532
f 1532 1458 1460
f 1532 1460 1566
f 1566 1460 1462
f 1566 1462 1567
f 1567 1462 1433
f 1567 1433 1568
f 1568 1433 1405
f 1568 1405 1569
f 1569 1405 1408
f 1569 1408 1533
f 1533 1408 1410
f 1533 1410 1412
f 1549 1570 1427
f 1427 1570 1571
f 1427 1571 1426
f 1426 1571 1572
f 1426 1572 1424
f 1424 1572 1573
f 1424 1573 1421
f 1421 1573 1574
f 1421 1574 1419
f 1419 1574 1536
f 1419 1536 1418
f 1418 1536 1416
f 1565 1501 1575
f 1575 1501 1503
f 1575 1503 1576
f 1576 1503 1505
f 1576 1505 1537
f 1537 1505 1507
f 1537 1507 1509
f 1514 1516 1540
f 1540 1516 1518
f 1540 1518 1577
f 1577 1518 1520
f 1577 1520 1578
f 1578 1520 1493
f 1578 1493 1579
f 1579 1493 1478
f 1579 1478 1580
f 1580 1478 1476
f 1580 1476 1544
f 1544 1476 1474
f 1544 1474 1472
f 1581 1521 1582
f 1582 1521 1522
f 1523 1524 1583
f 1567 1584 1585
f 1567 1585 1566
f 1566 1585 1586
f 1566 1586 1532
f 1532 1586 1587
f 1532 1587 1531
f 1531 1587 1588
f 1531 1588 1530
f 1530 1588 1589
f 1530 1589 1529
f 1529 1589 1590
f 1529 1590 1558
f 1591 1592 1543
f 1591 1543 1590
f 1590 1543 1557
f 1590 1557 1558
f 1593 1594 1541
f 1593 1541 1592
f 1592 1541 1542
f 1592 1542 1543
f 1583 1524 1595
f 1595 1524 1594
f 1594 1524 1525
f 1594 1525 1541
f 1523 1583 1522
f 1522 1583 1596
f 1522 1596 1582
f 1584 1567 1597
f 1597 1567 1568
f 1561 1598 1562
f 1562 1598 1599
f 1562 1599 1548
f 1599 1600 1548
f 1548 1600 1601
f 1548 1601 1549
f 1549 1601 1602
f 1549 1602 1570
f 1570 1602 1571
f 1571 1602 1603
f 1571 1603 1572
f 1572 1603 1604
f 1572 1604 1573
f 1573 1604 1605
f 1573 1605 1574
f 1605 1606 1574
f 1574 1606 1607
f 1574 1607 1536
f 1536 1607 1608
f 1536 1608 1535
f 1535 1608 1609
f 1535 1609 1534
f 1534 1609 1610
f 1534 1610 1533
f 1533 1610 1611
f 1533 1611 1569
f 1569 1611 1597
f 1569 1597 1568
f 1598 1561 1612
f 1612 1561 1560
f 1612 1560 1559
f 1612 1559 1613
f 1613 1559 1551
f 1613 1551 1614
f 1614 1551 1550
f 1614 1550 1615
f 1615 1550 1563
f 1615 1563 1616
f 1616 1563 1564
f 1616 1564 1617
f 1617 1564 1565
f 1617 1565 1618
f 1618 1565 1575
f 1618 1575 1619
f 1619 1575 1576
f 1619 1576 1620
f 1620 1576 1537
f 1620 1537 1621
f 1621 1537 1538
f 1621 1538 1622
f 1622 1538 1539
f 1622 1539 1623
f 1623 1539 1540
f 1623 1540 1624
f 1624 1540 1577
f 1624 1577 1625
f 1625 1577 1578
f 1625 1578 1626
f 1626 1578 1627
f 1627 1578 1579
f 1628 1629 1554
f 1526 1521 1581
f 1526 1581 1527
f 1581 1630 1527
f 1527 1630 1631
f 1527 1631 1528
f 1528 1631 1552
f 1552 1631 1632
f 1552 1632 1633
f 1628 1554 1633
f 1633 1554 1553
f 1633 1553 1552
f 1634 1556 1629
f 1629 1556 1555
f 1629 1555 1554
f 1634 1635 1556
f 1556 1635 1636
f 1556 1636 1547
f 1547 1636 1637
f 1547 1637 1546
f 1546 1637 1638
f 1546 1638 1545
f 1545 1638 1639
f 1545 1639 1544
f 1544 1639 1640
f 1544 1640 1580
f 1580 1640 1627
f 1580 1627 1579
f 1495 1403 1612
f 1612 1403 1598
f 1598 1403 1404
f 1598 1404 1599
f 1599 1404 1431
f 1599 1431 1600
f 1600 1431 1430
f 1600 1430 1601
f 1607 1417 1608
f 1608 1417 1415
f 1608 1415 1609
f 1609 1415 1413
f 1609 1413 1610
f 1624 1515 1623
f 1623 1515 1513
f 1623 1513 1622
f 1622 1513 1511
f 1622 1511 1621
f 1612 1613 1495
f 1495 1613 1614
f 1495 1614 1497
f 1497 1614 1615
f 1497 1615 1500
f 1601 1430 1602
f 1602 1430 1428
f 1602 1428 1603
f 1603 1428 1425
f 1603 1425 1604
f 1586 1457 1587
f 1587 1457 1455
f 1587 1455 1588
f 1588 1455 1453
f 1588 1453 1589
f 1439 1583 1440
f 1440 1583 1595
f 1440 1595 1443
f 1488 1632 1631
f 1488 1631 1491
f 1491 1631 1630
f 1491 1630 1464
f 1464 1630 1581
f 1464 1581 1437
f 1437 1581 1582
f 1437 1582 1439
f 1439 1582 1596
f 1439 1596 1583
f 1604 1425 1605
f 1605 1425 1423
f 1605 1423 1606
f 1606 1423 1422
f 1606 1422 1607
f 1607 1422 1420
f 1607 1420 1417
f 1632 1488 1633
f 1633 1488 1487
f 1633 1487 1628
f 1628 1487 1484
f 1628 1484 1629
f 1615 1616 1500
f 1500 1616 1617
f 1500 1617 1502
f 1502 1617 1618
f 1502 1618 1504
f 1504 1618 1619
f 1504 1619 1506
f 1506 1619 1620
f 1506 1620 1508
f 1508 1620 1621
f 1508 1621 1510
f 1510 1621 1511
f 1595 1594 1443
f 1443 1594 1593
f 1443 1593 1444
f 1444 1593 1592
f 1444 1592 1450
f 1450 1592 1591
f 1450 1591 1447
f 1447 1591 1590
f 1447 1590 1448
f 1448 1590 1589
f 1448 1589 1452
f 1452 1589 1453
f 1629 1484 1634
f 1634 1484 1483
f 1634 1483 1635
f 1635 1483 1482
f 1635 1482 1636
f 1639 1475 1640
f 1640 1475 1477
f 1640 1477 1627
f 1627 1477 1479
f 1627 1479 1626
f 1626 1479 1494
f 1626 1494 1625
f 1625 1494 1519
f 1625 1519 1624
f 1624 1519 1517
f 1624 1517 1515
f 1413 1411 1610
f 1610 1411 1409
f 1610 1409 1611
f 1611 1409 1407
f 1611 1407 1597
f 1597 1407 1406
f 1597 1406 1584
f 1584 1406 1434
f 1584 1434 1585
f 1585 1434 1461
f 1585 1461 1586
f 1586 1461 1459
f 1586 1459 1457
f 1482 1481 1636
f 1636 1481 1467
f 1636 1467 1637
f 1637 1467 1469
f 1637 1469 1638
f 1638 1469 1471
f 1638 1471 1639
f 1639 1471 1473
f 1639 1473 1475
f 1403 1641 1495
f 1495 1641 1642
f 1495 1642 1497
f 1497 1642 1643
f 1497 1643 1500
f 1500 1643 1644
f 1500 1644 1502
f 1502 1644 1645
f 1502 1645 1504
f 1504 1645 1646
f 1504 1646 1506
f 1646 1647 1506
f 1506 1647 1648
f 1506 1648 1508
f 1508 1648 1649
f 1508 1649 1510
f 1510 1649 1650
f 1510 1650 1511
f 1511 1650 1651
f 1511 1651 1513
f 1513 1651 1652
f 1513 1652 1515
f 1515 1652 1653
f 1515 1653 1517
f 1517 1653 1654
f 1517 1654 1519
f 1519 1654 1655
f 1519 1655 1494
f 1479 1494 1656
f 1656 1494 1655
f 1479 1656 1657
f 1479 1657 1477
f 1477 1657 1658
f 1477 1658 1475
f 1475 1658 1659
f 1475 1659 1473
f 1473 1659 1660
f 1473 1660 1471
f 1471 1660 1661
f 1471 1661 1469
f 1469 1661 1662
f 1469 1662 1467
f 1663 1664 1482
f 1663 1482 1662
f 1662 1482 1481
f 1662 1481 1467
f 1665 1666 1484
f 1665 1484 1664
f 1664 1484 1483
f 1664 1483 1482
f 1667 1668 1488
f 1667 1488 1666
f 1666 1488 1487
f 1666 1487 1484
f 1669 1670 1464
f 1669 1464 1668
f 1668 1464 1491
f 1668 1491 1488
f 1437 1464 1671
f 1671 1464 1670
f 1439 1437 1671
f 1439 1671 1440
f 1671 1672 1440
f 1440 1672 1673
f 1440 1673 1443
f 1443 1673 1444
f 1673 1674 1444
f 1444 1674 1675
f 1444 1675 1450
f 1450 1675 1447
f 1676 1677 1452
f 1675 1678 1447
f 1447 1678 1676
f 1447 1676 1448
f 1448 1676 1452
f 1677 1679 1452
f 1452 1679 1680
f 1452 1680 1453
f 1453 1680 1681
f 1453 1681 1455
f 1455 1681 1682
f 1455 1682 1457
f 1457 1682 1683
f 1457 1683 1459
f 1459 1683 1684
f 1459 1684 1461
f 1461 1684 1685
f 1461 1685 1434
f 1406 1434 1686
f 1686 1434 1685
f 1406 1686 1687
f 1406 1687 1407
f 1407 1687 1688
f 1407 1688 1409
f 1409 1688 1689
f 1409 1689 1411
f 1411 1689 1690
f 1411 1690 1413
f 1413 1690 1691
f 1413 1691 1415
f 1415 1691 1692
f 1415 1692 1417
f 1417 1692 1420
f 1420 1692 1693
f 1420 1693 1422
f 1694 1428 1695
f 1695 1428 1425
f 1695 1425 1696
f 1696 1425 1423
f 1696 1423 1697
f 1697 1423 1422
f 1697 1422 1698
f 1698 1422 1693
f 1699 1404 1700
f 1700 1404 1431
f 1700 1431 1694
f 1694 1431 1430
f 1694 1430 1428
f 1403 1404 1641
f 1641 1404 1699
f 1491 1464 1581
f 1581 1464 1582
f 1582 1464 1437
f 1582 1437 1596
f 1596 1437 1439
f 1596 1439 1583
f 1583 1439 1440
f 1583 1440 1595
f 1589 1452 1588
f 1588 1452 1453
f 1588 1453 1587
f 1587 1453 1455
f 1587 1455 1586
f 1621 1510 1622
f 1622 1510 1511
f 1622 1511 1623
f 1623 1511 1513
f 1623 1513 1624
f 1639 1473 1638
f 1638 1473 1471
f 1638 1471 1637
f 1637 1471 1469
f 1637 1469 1636
f 1581 1630 1491
f 1491 1630 1631
f 1491 1631 1488
f 1488 1631 1632
f 1488 1632 1487
f 1595 1440 1594
f 1594 1440 1443
f 1594 1443 1593
f 1593 1443 1444
f 1593 1444 1592
f 1610 1411 1609
f 1609 1411 1413
f 1609 1413 1608
f 1608 1413 1415
f 1608 1415 1607
f 1497 1615 1614
f 1431 1600 1430
f 1430 1600 1601
f 1430 1601 1428
f 1497 1614 1495
f 1495 1614 1613
f 1495 1613 1403
f 1403 1613 1612
f 1403 1612 1404
f 1404 1612 1598
f 1404 1598 1431
f 1431 1598 1599
f 1431 1599 1600
f 1615 1497 1616
f 1616 1497 1500
f 1616 1500 1617
f 1617 1500 1502
f 1617 1502 1618
f 1592 1444 1591
f 1591 1444 1450
f 1591 1450 1590
f 1590 1450 1447
f 1590 1447 1589
f 1589 1447 1448
f 1589 1448 1452
f 1632 1633 1487
f 1487 1633 1628
f 1487 1628 1484
f 1484 1628 1629
f 1484 1629 1483
f 1483 1629 1634
f 1483 1634 1482
f 1482 1634 1635
f 1482 1635 1481
f 1481 1635 1636
f 1481 1636 1467
f 1467 1636 1469
f 1618 1502 1619
f 1619 1502 1504
f 1619 1504 1620
f 1620 1504 1506
f 1620 1506 1621
f 1621 1506 1508
f 1621 1508 1510
f 1513 1515 1624
f 1624 1515 1517
f 1624 1517 1625
f 1625 1517 1519
f 1625 1519 1626
f 1626 1519 1494
f 1626 1494 1627
f 1627 1494 1479
f 1627 1479 1640
f 1640 1479 1477
f 1640 1477 1639
f 1639 1477 1475
f 1639 1475 1473
f 1455 1457 1586
f 1586 1457 1459
f 1586 1459 1585
f 1585 1459 1461
f 1585 1461 1584
f 1584 1461 1434
f 1584 1434 1597
f 1597 1434 1406
f 1597 1406 1611
f 1611 1406 1407
f 1611 1407 1610
f 1610 1407 1409
f 1610 1409 1411
f 1601 1602 1428
f 1428 1602 1603
f 1428 1603 1425
f 1425 1603 1604
f 1425 1604 1423
f 1423 1604 1605
f 1423 1605 1422
f 1422 1605 1606
f 1422 1606 1420
f 1420 1606 1607
f 1420 1607 1417
f 1417 1607 1415
f 1630 1581 1701
f 1630 1701 1631
f 1701 1702 1631
f 1631 1702 1703
f 1631 1703 1632
f 1632 1703 1633
f 1703 1704 1633
f 1633 1704 1705
f 1633 1705 1628
f 1628 1705 1629
f 1706 1707 1635
f 1705 1708 1629
f 1629 1708 1706
f 1629 1706 1634
f 1634 1706 1635
f 1707 1709 1635
f 1635 1709 1710
f 1635 1710 1636
f 1636 1710 1711
f 1636 1711 1637
f 1637 1711 1712
f 1637 1712 1638
f 1638 1712 1713
f 1638 1713 1639
f 1639 1713 1714
f 1639 1714 1640
f 1640 1714 1715
f 1640 1715 1627
f 1716 1626 1715
f 1715 1626 1627
f 1626 1716 1717
f 1626 1717 1625
f 1625 1717 1718
f 1625 1718 1624
f 1624 1718 1719
f 1624 1719 1623
f 1623 1719 1720
f 1623 1720 1622
f 1622 1720 1721
f 1622 1721 1621
f 1621 1721 1722
f 1621 1722 1620
f 1620 1722 1619
f 1619 1722 1723
f 1619 1723 1618
f 1723 1724 1618
f 1618 1724 1725
f 1618 1725 1617
f 1617 1725 1726
f 1617 1726 1616
f 1616 1726 1727
f 1616 1727 1615
f 1615 1727 1728
f 1615 1728 1614
f 1614 1728 1729
f 1614 1729 1613
f 1613 1729 1730
f 1613 1730 1612
f 1731 1598 1730
f 1730 1598 1612
f 1598 1731 1732
f 1598 1732 1599
f 1599 1732 1733
f 1599 1733 1600
f 1600 1733 1601
f 1601 1733 1734
f 1601 1734 1602
f 1602 1734 1735
f 1602 1735 1603
f 1603 1735 1736
f 1603 1736 1604
f 1736 1737 1604
f 1604 1737 1738
f 1604 1738 1605
f 1605 1738 1739
f 1605 1739 1606
f 1606 1739 1740
f 1606 1740 1607
f 1607 1740 1741
f 1607 1741 1608
f 1608 1741 1742
f 1608 1742 1609
f 1609 1742 1743
f 1609 1743 1610
f 1610 1743 1744
f 1610 1744 1611
f 1611 1744 1745
f 1611 1745 1597
f 1746 1584 1745
f 1745 1584 1597
f 1584 1746 1747
f 1584 1747 1585
f 1585 1747 1748
f 1585 1748 1586
f 1586 1748 1749
f 1586 1749 1587
f 1587 1749 1750
f 1587 1750 1588
f 1588 1750 1751
f 1588 1751 1589
f 1589 1751 1752
f 1589 1752 1590
f 1753 1754 1592
f 1753 1592 1752
f 1752 1592 1591
f 1752 1591 1590
f 1755 1756 1594
f 1755 1594 1754
f 1754 1594 1593
f 1754 1593 1592
f 1757 1758 1583
f 1757 1583 1756
f 1756 1583 1595
f 1756 1595 1594
f 1759 1760 1582
f 1759 1582 1758
f 1758 1582 1596
f 1758 1596 1583
f 1701 1581 1760
f 1760 1581 1582
f 1740 1692 1741
f 1741 1692 1691
f 1741 1691 1742
f 1742 1691 1690
f 1742 1690 1743
f 1694 1734 1733
f 1694 1733 1700
f 1700 1733 1732
f 1700 1732 1699
f 1699 1732 1731
f 1699 1731 1641
f 1641 1731 1730
f 1641 1730 1642
f 1748 1682 1749
f 1749 1682 1681
f 1749 1681 1750
f 1750 1681 1680
f 1750 1680 1751
f 1710 1662 1711
f 1711 1662 1661
f 1711 1661 1712
f 1712 1661 1660
f 1712 1660 1713
f 1718 1652 1719
f 1719 1652 1651
f 1719 1651 1720
f 1720 1651 1650
f 1720 1650 1721
f 1730 1729 1642
f 1642 1729 1728
f 1642 1728 1643
f 1643 1728 1727
f 1643 1727 1644
f 1734 1694 1735
f 1735 1694 1695
f 1735 1695 1736
f 1736 1695 1696
f 1736 1696 1737
f 1668 1704 1703
f 1672 1758 1673
f 1673 1758 1757
f 1673 1757 1674
f 1668 1703 1669
f 1669 1703 1702
f 1669 1702 1670
f 1670 1702 1701
f 1670 1701 1671
f 1671 1701 1760
f 1671 1760 1672
f 1672 1760 1759
f 1672 1759 1758
f 1704 1668 1705
f 1705 1668 1667
f 1705 1667 1708
f 1708 1667 1666
f 1708 1666 1706
f 1737 1696 1738
f 1738 1696 1697
f 1738 1697 1739
f 1739 1697 1698
f 1739 1698 1740
f 1740 1698 1693
f 1740 1693 1692
f 1727 1726 1644
f 1644 1726 1725
f 1644 1725 1645
f 1645 1725 1724
f 1645 1724 1646
f 1646 1724 1723
f 1646 1723 1647
f 1647 1723 1722
f 1647 1722 1648
f 1648 1722 1721
f 1648 1721 1649
f 1649 1721 1650
f 1690 1689 1743
f 1743 1689 1688
f 1743 1688 1744
f 1744 1688 1687
f 1744 1687 1745
f 1745 1687 1686
f 1745 1686 1746
f 1746 1686 1685
f 1746 1685 1747
f 1747 1685 1684
f 1747 1684 1748
f 1748 1684 1683
f 1748 1683 1682
f 1706 1666 1707
f 1707 1666 1665
f 1707 1665 1709
f 1709 1665 1664
f 1709 1664 1710
f 1710 1664 1663
f 1710 1663 1662
f 1757 1756 1674
f 1674 1756 1755
f 1674 1755 1675
f 1675 1755 1754
f 1675 1754 1678
f 1678 1754 1753
f 1678 1753 1676
f 1676 1753 1752
f 1676 1752 1677
f 1677 1752 1751
f 1677 1751 1679
f 1679 1751 1680
f 1660 1659 1713
f 1713 1659 1658
f 1713 1658 1714
f 1714 1658 1657
f 1714 1657 1715
f 1715 1657 1656
f 1715 1656 1716
f 1716 1656 1655
f 1716 1655 1717
f 1717 1655 1654
f 1717 1654 1718
f 1718 1654 1653
f 1718 1653 1652
f 1716 1761 1762
f 1716 1762 1717
f 1717 1762 1763
f 1717 1763 1718
f 1718 1763 1764
f 1718 1764 1719
f 1719 1764 1765
f 1719 1765 1720
f 1720 1765 1766
f 1720 1766 1721
f 1721 1766 1767
f 1721 1767 1722
f 1722 1767 1723
f 1723 1767 1768
f 1723 1768 1724
f 1724 1768 1769
f 1724 1769 1725
f 1725 1769 1770
f 1725 1770 1726
f 1726 1770 1771
f 1726 1771 1727
f 1727 1771 1772
f 1727 1772 1728
f 1772 1773 1728
f 1728 1773 1774
f 1728 1774 1729
f 1729 1774 1775
f 1729 1775 1730
f 1716 1715 1761
f 1761 1715 1776
f 1702 1701 1777
f 1702 1777 1703
f 1777 1778 1703
f 1703 1778 1779
f 1703 1779 1704
f 1704 1779 1705
f 1779 1780 1705
f 1705 1780 1781
f 1705 1781 1708
f 1708 1781 1706
f 1782 1783 1709
f 1781 1784 1706
f 1706 1784 1782
f 1706 1782 1707
f 1707 1782 1709
f 1783 1785 1709
f 1709 1785 1786
f 1709 1786 1710
f 1710 1786 1787
f 1710 1787 1711
f 1711 1787 1788
f 1711 1788 1712
f 1712 1788 1789
f 1712 1789 1713
f 1713 1789 1790
f 1713 1790 1714
f 1714 1790 1776
f 1714 1776 1715
f 1701 1760 1777
f 1777 1760 1791
f 1753 1752 1792
f 1792 1752 1751
f 1792 1751 1793
f 1793 1751 1750
f 1793 1750 1794
f 1794 1750 1749
f 1794 1749 1795
f 1795 1749 1748
f 1795 1748 1796
f 1796 1748 1747
f 1796 1747 1797
f 1797 1747 1746
f 1797 1746 1798
f 1753 1792 1754
f 1754 1792 1799
f 1754 1799 1800
f 1801 1802 1756
f 1801 1756 1800
f 1800 1756 1755
f 1800 1755 1754
f 1803 1804 1758
f 1803 1758 1802
f 1802 1758 1757
f 1802 1757 1756
f 1805 1791 1760
f 1805 1760 1804
f 1804 1760 1759
f 1804 1759 1758
f 1746 1745 1798
f 1798 1745 1806
f 1731 1807 1732
f 1732 1807 1808
f 1732 1808 1733
f 1733 1808 1809
f 1733 1809 1734
f 1734 1809 1810
f 1734 1810 1735
f 1735 1810 1811
f 1735 1811 1736
f 1736 1811 1812
f 1736 1812 1737
f 1812 1813 1737
f 1737 1813 1814
f 1737 1814 1738
f 1738 1814 1815
f 1738 1815 1739
f 1739 1815 1816
f 1739 1816 1740
f 1740 1816 1817
f 1740 1817 1741
f 1741 1817 1818
f 1741 1818 1742
f 1742 1818 1819
f 1742 1819 1743
f 1743 1819 1820
f 1743 1820 1744
f 1744 1820 1806
f 1744 1806 1745
f 1656 1821 1822
f 1656 1822 1657
f 1657 1822 1823
f 1657 1823 1658
f 1658 1823 1824
f 1658 1824 1659
f 1659 1824 1825
f 1659 1825 1660
f 1660 1825 1826
f 1660 1826 1661
f 1661 1826 1827
f 1661 1827 1662
f 1828 1829 1664
f 1828 1664 1827
f 1827 1664 1663
f 1827 1663 1662
f 1830 1831 1666
f 1830 1666 1829
f 1829 1666 1665
f 1829 1665 1664
f 1832 1833 1668
f 1832 1668 1831
f 1831 1668 1667
f 1831 1667 1666
f 1834 1835 1670
f 1834 1670 1833
f 1833 1670 1669
f 1833 1669 1668
f 1821 1656 1836
f 1836 1656 1655
f 1641 1837 1838
f 1641 1838 1642
f 1642 1838 1839
f 1642 1839 1643
f 1643 1839 1840
f 1643 1840 1644
f 1644 1840 1841
f 1644 1841 1645
f 1645 1841 1842
f 1645 1842 1646
f 1646 1842 1843
f 1646 1843 1647
f 1647 1843 1844
f 1647 1844 1648
f 1648 1844 1845
f 1648 1845 1649
f 1649 1845 1846
f 1649 1846 1650
f 1650 1846 1847
f 1650 1847 1651
f 1651 1847 1848
f 1651 1848 1652
f 1652 1848 1849
f 1652 1849 1653
f 1653 1849 1850
f 1653 1850 1654
f 1654 1850 1836
f 1654 1836 1655
f 1837 1641 1851
f 1851 1641 1699
f 1686 1852 1853
f 1686 1853 1687
f 1687 1853 1854
f 1687 1854 1688
f 1688 1854 1855
f 1688 1855 1689
f 1689 1855 1856
f 1689 1856 1690
f 1690 1856 1857
f 1690 1857 1691
f 1691 1857 1858
f 1691 1858 1692
f 1692 1858 1693
f 1693 1858 1859
f 1693 1859 1698
f 1860 1695 1861
f 1861 1695 1696
f 1861 1696 1862
f 1862 1696 1697
f 1862 1697 1863
f 1863 1697 1698
f 1863 1698 1864
f 1864 1698 1859
f 1851 1699 1865
f 1865 1699 1700
f 1865 1700 1860
f 1860 1700 1694
f 1860 1694 1695
f 1852 1686 1866
f 1866 1686 1685
f 1867 1868 1676
f 1869 1870 1675
f 1871 1872 1673
f 1871 1673 1873
f 1873 1673 1672
f 1873 1672 1671
f 1869 1675 1872
f 1872 1675 1674
f 1872 1674 1673
f 1867 1676 1870
f 1870 1676 1678
f 1870 1678 1675
f 1874 1679 1868
f 1868 1679 1677
f 1868 1677 1676
f 1874 1875 1679
f 1679 1875 1876
f 1679 1876 1680
f 1680 1876 1877
f 1680 1877 1681
f 1681 1877 1878
f 1681 1878 1682
f 1682 1878 1879
f 1682 1879 1683
f 1683 1879 1880
f 1683 1880 1684
f 1684 1880 1866
f 1684 1866 1685
f 1873 1671 1835
f 1835 1671 1670
f 1731 1730 1807
f 1807 1730 1775
f 1669 1670 1701
f 1701 1670 1760
f 1760 1670 1671
f 1760 1671 1759
f 1759 1671 1672
f 1759 1672 1758
f 1758 1672 1673
f 1758 1673 1757
f 1751 1679 1750
f 1750 1679 1680
f 1750 1680 1749
f 1749 1680 1681
f 1749 1681 1748
f 1757 1673 1756
f 1756 1673 1674
f 1756 1674 1755
f 1755 1674 1675
f 1755 1675 1754
f 1701 1702 1669
f 1669 1702 1703
f 1669 1703 1668
f 1668 1703 1704
f 1668 1704 1667
f 1743 1689 1742
f 1742 1689 1690
f 1742 1690 1741
f 1741 1690 1691
f 1741 1691 1740
f 1721 1649 1720
f 1720 1649 1650
f 1720 1650 1719
f 1719 1650 1651
f 1719 1651 1718
f 1713 1659 1712
f 1712 1659 1660
f 1712 1660 1711
f 1711 1660 1661
f 1711 1661 1710
f 1754 1675 1753
f 1753 1675 1678
f 1753 1678 1752
f 1752 1678 1676
f 1752 1676 1751
f 1751 1676 1677
f 1751 1677 1679
f 1700 1733 1694
f 1694 1733 1734
f 1694 1734 1695
f 1643 1727 1728
f 1643 1728 1642
f 1642 1728 1729
f 1642 1729 1641
f 1641 1729 1730
f 1641 1730 1699
f 1699 1730 1731
f 1699 1731 1700
f 1700 1731 1732
f 1700 1732 1733
f 1704 1705 1667
f 1667 1705 1708
f 1667 1708 1666
f 1666 1708 1706
f 1666 1706 1665
f 1665 1706 1707
f 1665 1707 1664
f 1664 1707 1709
f 1664 1709 1663
f 1663 1709 1710
f 1663 1710 1662
f 1662 1710 1661
f 1727 1643 1726
f 1726 1643 1644
f 1726 1644 1725
f 1725 1644 1645
f 1725 1645 1724
f 1681 1682 1748
f 1748 1682 1683
f 1748 1683 1747
f 1747 1683 1684
f 1747 1684 1746
f 1746 1684 1685
f 1746 1685 1745
f 1745 1685 1686
f 1745 1686 1744
f 1744 1686 1687
f 1744 1687 1743
f 1743 1687 1688
f 1743 1688 1689
f 1734 1735 1695
f 1695 1735 1736
f 1695 1736 1696
f 1696 1736 1737
f 1696 1737 1697
f 1697 1737 1738
f 1697 1738 1698
f 1698 1738 1739
f 1698 1739 1693
f 1693 1739 1740
f 1693 1740 1692
f 1692 1740 1691
f 1724 1645 1723
f 1723 1645 1646
f 1723 1646 1722
f 1722 1646 1647
f 1722 1647 1721
f 1721 1647 1648
f 1721 1648 1649
f 1651 1652 1718
f 1718 1652 1653
f 1718 1653 1717
f 1717 1653 1654
f 1717 1654 1716
f 1716 1654 1655
f 1716 1655 1715
f 1715 1655 1656
f 1715 1656 1714
f 1714 1656 1657
f 1714 1657 1713
f 1713 1657 1658
f 1713 1658 1659
f 1838 1837 1775
f 1816 1858 1817
f 1817 1858 1857
f 1817 1857 1818
f 1818 1857 1856
f 1818 1856 1819
f 1786 1827 1787
f 1787 1827 1826
f 1787 1826 1788
f 1788 1826 1825
f 1788 1825 1789
f 1763 1848 1764
f 1764 1848 1847
f 1764 1847 1765
f 1765 1847 1846
f 1765 1846 1766
f 1775 1837 1807
f 1807 1837 1851
f 1807 1851 1808
f 1808 1851 1865
f 1808 1865 1809
f 1809 1865 1860
f 1809 1860 1810
f 1833 1780 1779
f 1775 1774 1838
f 1838 1774 1773
f 1838 1773 1839
f 1839 1773 1772
f 1839 1772 1840
f 1796 1878 1795
f 1795 1878 1877
f 1795 1877 1794
f 1794 1877 1876
f 1794 1876 1793
f 1810 1860 1811
f 1811 1860 1861
f 1811 1861 1812
f 1812 1861 1862
f 1812 1862 1813
f 1871 1804 1872
f 1872 1804 1803
f 1872 1803 1869
f 1833 1779 1834
f 1834 1779 1778
f 1834 1778 1835
f 1835 1778 1777
f 1835 1777 1873
f 1873 1777 1791
f 1873 1791 1871
f 1871 1791 1805
f 1871 1805 1804
f 1780 1833 1781
f 1781 1833 1832
f 1781 1832 1784
f 1784 1832 1831
f 1784 1831 1782
f 1772 1771 1840
f 1840 1771 1770
f 1840 1770 1841
f 1841 1770 1769
f 1841 1769 1842
f 1842 1769 1768
f 1842 1768 1843
f 1843 1768 1767
f 1843 1767 1844
f 1844 1767 1766
f 1844 1766 1845
f 1845 1766 1846
f 1813 1862 1814
f 1814 1862 1863
f 1814 1863 1815
f 1815 1863 1864
f 1815 1864 1816
f 1816 1864 1859
f 1816 1859 1858
f 1782 1831 1783
f 1783 1831 1830
f 1783 1830 1785
f 1785 1830 1829
f 1785 1829 1786
f 1786 1829 1828
f 1786 1828 1827
f 1803 1802 1869
f 1869 1802 1801
f 1869 1801 1870
f 1870 1801 1800
f 1870 1800 1867
f 1867 1800 1799
f 1867 1799 1868
f 1868 1799 1792
f 1868 1792 1874
f 1874 1792 1793
f 1874 1793 1875
f 1875 1793 1876
f 1825 1824 1789
f 1789 1824 1823
f 1789 1823 1790
f 1790 1823 1822
f 1790 1822 1776
f 1776 1822 1821
f 1776 1821 1761
f 1761 1821 1836
f 1761 1836 1762
f 1762 1836 1850
f 1762 1850 1763
f 1763 1850 1849
f 1763 1849 1848
f 1856 1855 1819
f 1819 1855 1854
f 1819 1854 1820
f 1820 1854 1853
f 1820 1853 1806
f 1806 1853 1852
f 1806 1852 1798
f 1798 1852 1866
f 1798 1866 1797
f 1797 1866 1880
f 1797 1880 1796
f 1796 1880 1879
f 1796 1879 1878
f 1463 1436 1835
f 1835 1436 1873
f 1435 1438 1872
f 1433 1866 1880
f 1433 1880 1462
f 1462 1880 1879
f 1462 1879 1460
f 1460 1879 1878
f 1460 1878 1458
f 1458 1878 1877
f 1458 1877 1456
f 1456 1877 1876
f 1456 1876 1454
f 1454 1876 1875
f 1454 1875 1449
f 1874 1868 1446
f 1874 1446 1875
f 1875 1446 1451
f 1875 1451 1449
f 1867 1870 1442
f 1867 1442 1868
f 1868 1442 1445
f 1868 1445 1446
f 1872 1438 1869
f 1869 1438 1870
f 1870 1438 1441
f 1870 1441 1442
f 1435 1872 1436
f 1436 1872 1871
f 1436 1871 1873
f 1433 1405 1866
f 1866 1405 1852
f 1402 1851 1432
f 1432 1851 1865
f 1432 1865 1429
f 1429 1865 1860
f 1429 1860 1427
f 1427 1860 1861
f 1427 1861 1426
f 1426 1861 1862
f 1426 1862 1424
f 1424 1862 1863
f 1424 1863 1421
f 1421 1863 1864
f 1421 1864 1419
f 1419 1864 1859
f 1419 1859 1418
f 1859 1858 1418
f 1418 1858 1857
f 1418 1857 1416
f 1416 1857 1856
f 1416 1856 1414
f 1414 1856 1855
f 1414 1855 1412
f 1412 1855 1854
f 1412 1854 1410
f 1410 1854 1853
f 1410 1853 1408
f 1408 1853 1852
f 1408 1852 1405
f 1402 1401 1851
f 1851 1401 1837
f 1493 1836 1850
f 1493 1850 1520
f 1520 1850 1849
f 1520 1849 1518
f 1518 1849 1848
f 1518 1848 1516
f 1516 1848 1847
f 1516 1847 1514
f 1514 1847 1846
f 1514 1846 1512
f 1512 1846 1845
f 1512 1845 1509
f 1509 1845 1507
f 1507 1845 1844
f 1507 1844 1505
f 1844 1843 1505
f 1505 1843 1842
f 1505 1842 1503
f 1503 1842 1841
f 1503 1841 1501
f 1501 1841 1840
f 1501 1840 1499
f 1499 1840 1839
f 1499 1839 1498
f 1498 1839 1838
f 1498 1838 1496
f 1496 1838 1837
f 1496 1837 1401
f 1493 1478 1836
f 1836 1478 1821
f 1830 1829 1480
f 1832 1831 1485
f 1834 1833 1489
f 1834 1489 1835
f 1835 1489 1492
f 1835 1492 1463
f 1832 1485 1833
f 1833 1485 1490
f 1833 1490 1489
f 1830 1480 1831
f 1831 1480 1486
f 1831 1486 1485
f 1828 1466 1829
f 1829 1466 1465
f 1829 1465 1480
f 1828 1827 1466
f 1466 1827 1826
f 1466 1826 1468
f 1468 1826 1825
f 1468 1825 1470
f 1470 1825 1824
f 1470 1824 1472
f 1472 1824 1823
f 1472 1823 1474
f 1474 1823 1822
f 1474 1822 1476
f 1476 1822 1821
f 1476 1821 1478
f 1496 1401 1560
f 1560 1401 1561
f 1561 1401 1402
f 1561 1402 1562
f 1562 1402 1432
f 1562 1432 1548
f 1548 1432 1429
f 1548 1429 1549
f 1536 1418 1535
f 1535 1418 1416
f 1535 1416 1534
f 1534 1416 1414
f 1534 1414 1533
f 1532 1458 1531
f 1531 1458 1456
f 1531 1456 1530
f 1530 1456 1454
f 1530 1454 1529
f 1547 1466 1546
f 1546 1466 1468
f 1546 1468 1545
f 1545 1468 1470
f 1545 1470 1544
f 1549 1429 1570
f 1570 1429 1427
f 1570 1427 1571
f 1571 1427 1426
f 1571 1426 1572
f 1435 1524 1438
f 1438 1524 1525
f 1438 1525 1441
f 1489 1528 1527
f 1540 1516 1539
f 1539 1516 1514
f 1539 1514 1538
f 1538 1514 1512
f 1538 1512 1537
f 1560 1559 1496
f 1496 1559 1551
f 1496 1551 1498
f 1498 1551 1550
f 1498 1550 1499
f 1489 1527 1492
f 1492 1527 1526
f 1492 1526 1463
f 1463 1526 1521
f 1463 1521 1436
f 1436 1521 1522
f 1436 1522 1435
f 1435 1522 1523
f 1435 1523 1524
f 1528 1489 1552
f 1552 1489 1490
f 1552 1490 1553
f 1553 1490 1485
f 1553 1485 1554
f 1572 1426 1573
f 1573 1426 1424
f 1573 1424 1574
f 1574 1424 1421
f 1574 1421 1536
f 1536 1421 1419
f 1536 1419 1418
f 1525 1541 1441
f 1441 1541 1542
f 1441 1542 1442
f 1442 1542 1543
f 1442 1543 1445
f 1445 1543 1557
f 1445 1557 1446
f 1446 1557 1558
f 1446 1558 1451
f 1451 1558 1529
f 1451 1529 1449
f 1449 1529 1454
f 1550 1563 1499
f 1499 1563 1564
f 1499 1564 1501
f 1501 1564 1565
f 1501 1565 1503
f 1503 1565 1575
f 1503 1575 1505
f 1505 1575 1576
f 1505 1576 1507
f 1507 1576 1537
f 1507 1537 1509
f 1509 1537 1512
f 1414 1412 1533
f 1533 1412 1410
f 1533 1410 1569
f 1569 1410 1408
f 1569 1408 1568
f 1568 1408 1405
f 1568 1405 1567
f 1567 1405 1433
f 1567 1433 1566
f 1566 1433 1462
f 1566 1462 1532
f 1532 1462 1460
f 1532 1460 1458
f 1554 1485 1555
f 1555 1485 1486
f 1555 1486 1556
f 1556 1486 1480
f 1556 1480 1547
f 1547 1480 1465
f 1547 1465 1466
f 1470 1472 1544
f 1544 1472 1474
f 1544 1474 1580
f 1580 1474 1476
f 1580 1476 1579
f 1579 1476 1478
f 1579 1478 1578
f 1578 1478 1493
f 1578 1493 1577
f 1577 1493 1520
f 1577 1520 1540
f 1540 1520 1518
f 1540 1518 1516
f 1775 1560 1807
f 1807 1560 1561
f 1813 1572 1573
f 1813 1573 1814
f 1814 1573 1574
f 1814 1574 1815
f 1815 1574 1536
f 1815 1536 1816
f 1816 1536 1535
f 1816 1535 1817
f 1817 1535 1534
f 1817 1534 1818
f 1818 1534 1533
f 1818 1533 1819
f 1819 1533 1569
f 1819 1569 1820
f 1820 1569 1568
f 1820 1568 1806
f 1572 1813 1571
f 1571 1813 1812
f 1571 1812 1570
f 1812 1811 1570
f 1570 1811 1810
f 1570 1810 1549
f 1549 1810 1809
f 1549 1809 1548
f 1548 1809 1808
f 1548 1808 1562
f 1562 1808 1807
f 1562 1807 1561
f 1806 1568 1798
f 1798 1568 1567
f 1523 1522 1791
f 1523 1791 1524
f 1791 1805 1524
f 1524 1805 1804
f 1524 1804 1525
f 1525 1804 1541
f 1804 1803 1541
f 1541 1803 1802
f 1541 1802 1542
f 1542 1802 1543
f 1800 1799 1558
f 1802 1801 1543
f 1543 1801 1800
f 1543 1800 1557
f 1557 1800 1558
f 1799 1792 1558
f 1558 1792 1793
f 1558 1793 1529
f 1529 1793 1794
f 1529 1794 1530
f 1530 1794 1795
f 1530 1795 1531
f 1531 1795 1796
f 1531 1796 1532
f 1532 1796 1797
f 1532 1797 1566
f 1566 1797 1798
f 1566 1798 1567
f 1791 1522 1777
f 1777 1522 1521
f 1528 1552 1781
f 1579 1776 1790
f 1579 1790 1580
f 1580 1790 1789
f 1580 1789 1544
f 1544 1789 1788
f 1544 1788 1545
f 1545 1788 1787
f 1545 1787 1546
f 1546 1787 1786
f 1546 1786 1547
f 1547 1786 1785
f 1547 1785 1556
f 1783 1782 1554
f 1783 1554 1785
f 1785 1554 1555
f 1785 1555 1556
f 1781 1552 1784
f 1784 1552 1782
f 1782 1552 1553
f 1782 1553 1554
f 1528 1781 1527
f 1527 1781 1780
f 1527 1780 1779
f 1778 1777 1521
f 1778 1521 1779
f 1779 1521 1526
f 1779 1526 1527
f 1776 1579 1761
f 1761 1579 1578
f 1560 1775 1774
f 1560 1774 1559
f 1559 1774 1773
f 1559 1773 1551
f 1551 1773 1550
f 1550 1773 1772
f 1550 1772 1563
f 1563 1772 1771
f 1563 1771 1564
f 1564 1771 1770
f 1564 1770 1565
f 1565 1770 1769
f 1565 1769 1575
f 1575 1769 1768
f 1575 1768 1576
f 1768 1767 1576
f 1576 1767 1766
f 1576 1766 1537
f 1537 1766 1765
f 1537 1765 1538
f 1538 1765 1764
f 1538 1764 1539
f 1539 1764 1763
f 1539 1763 1540
f 1540 1763 1762
f 1540 1762 1577
f 1577 1762 1761
f 1577 1761 1578
f 1834 1835 1777
f 1777 1835 1791
f 1791 1835 1873
f 1791 1873 1805
f 1805 1873 1871
f 1805 1871 1804
f 1804 1871 1872
f 1804 1872 1803
f 1803 1872 1802
f 1802 1872 1869
f 1802 1869 1801
f 1801 1869 1870
f 1801 1870 1800
f 1793 1875 1794
f 1794 1875 1876
f 1794 1876 1795
f 1795 1876 1877
f 1795 1877 1796
f 1819 1855 1818
f 1818 1855 1856
f 1818 1856 1817
f 1817 1856 1857
f 1817 1857 1816
f 1766 1845 1765
f 1765 1845 1846
f 1765 1846 1764
f 1764 1846 1847
f 1764 1847 1763
f 1777 1778 1834
f 1834 1778 1779
f 1834 1779 1833
f 1833 1779 1780
f 1833 1780 1832
f 1789 1824 1788
f 1788 1824 1825
f 1788 1825 1787
f 1787 1825 1826
f 1787 1826 1786
f 1800 1870 1799
f 1799 1870 1867
f 1799 1867 1792
f 1792 1867 1868
f 1792 1868 1793
f 1793 1868 1874
f 1793 1874 1875
f 1865 1809 1860
f 1860 1809 1810
f 1860 1810 1861
f 1839 1772 1773
f 1839 1773 1838
f 1838 1773 1774
f 1838 1774 1837
f 1837 1774 1775
f 1837 1775 1851
f 1851 1775 1807
f 1851 1807 1865
f 1865 1807 1808
f 1865 1808 1809
f 1780 1781 1832
f 1832 1781 1784
f 1832 1784 1831
f 1831 1784 1782
f 1831 1782 1830
f 1830 1782 1783
f 1830 1783 1829
f 1829 1783 1785
f 1829 1785 1828
f 1828 1785 1786
f 1828 1786 1827
f 1827 1786 1826
f 1772 1839 1771
f 1771 1839 1840
f 1771 1840 1770
f 1770 1840 1841
f 1770 1841 1769
f 1877 1878 1796
f 1796 1878 1879
f 1796 1879 1797
f 1797 1879 1880
f 1797 1880 1798
f 1798 1880 1866
f 1798 1866 1806
f 1806 1866 1852
f 1806 1852 1820
f 1820 1852 1853
f 1820 1853 1819
f 1819 1853 1854
f 1819 1854 1855
f 1810 1811 1861
f 1861 1811 1812
f 1861 1812 1862
f 1862 1812 1813
f 1862 1813 1863
f 1863 1813 1814
f 1863 1814 1864
f 1864 1814 1815
f 1864 1815 1859
f 1859 1815 1816
f 1859 1816 1858
f 1858 1816 1857
f 1769 1841 1768
f 1768 1841 1842
f 1768 1842 1767
f 1767 1842 1843
f 1767 1843 1766
f 1766 1843 1844
f 1766 1844 1845
f 1847 1848 1763
f 1763 1848 1849
f 1763 1849 1762
f 1762 1849 1850
f 1762 1850 1761
f 1761 1850 1836
f 1761 1836 1776
f 1776 1836 1821
f 1776 1821 1790
f 1790 1821 1822
f 1790 1822 1789
f 1789 1822 1823
f 1789 1823 1824
f 1881 1882 1883
f 1883 1882 1884
f 1883 1885 1886
f 1887 1888 1883
f 1883 1888 1889
f 1890 1891 1892
f 1886 1893 1883
f 1883 1893 1894
f 1883 1894 1887
f 1889 1895 1883
f 1883 1895 1896
f 1883 1896 1881
f 1897 1892 1898
f 1898 1892 1899
f 1890 1892 1900
f 1901 1902 1903
f 1903 1902 1904
f 1896 1905 1881
f 1881 1905 1906
f 1881 1906 1907
f 1907 1908 1881
f 1881 1908 1909
f 1881 1909 1910
f 1910 1911 1881
f 1881 1911 1912
f 1881 1912 1913
f 1913 1914 1881
f 1881 1914 1915
f 1881 1915 1892
f 1892 1915 1916
f 1892 1916 1899
f 1903 1917 1918
f 1904 1919 1903
f 1903 1919 1920
f 1903 1920 1883
f 1883 1920 1921
f 1883 1921 1885
f 1922 1923 1892
f 1892 1923 1924
f 1892 1924 1925
f 1926 1927 1903
f 1903 1927 1928
f 1903 1928 1929
f 1929 1930 1903
f 1903 1930 1931
f 1903 1931 1917
f 1918 1932 1903
f 1903 1932 1933
f 1903 1933 1934
f 1935 1936 1897
f 1897 1936 1937
f 1897 1937 1938
f 1925 1939 1892
f 1892 1939 1940
f 1892 1940 1903
f 1903 1940 1941
f 1903 1941 1926
f 1938 1942 1897
f 1897 1942 1943
f 1897 1943 1892
f 1892 1943 1944
f 1892 1944 1900
f 1891 1945 1892
f 1892 1945 1946
f 1892 1946 1922
f 1901 1903 1947
f 1947 1903 1934
f 1947 1934 1948
f 1948 1934 1949
f 1948 1949 1950
f 1897 1951 1935
f 1935 1951 1952
f 1935 1952 1953
f 1953 1952 1954
f 1950 1955 1948
f 1948 1955 1956
f 1948 1956 1957
f 1957 1956 1958
f 1957 1958 1959
f 1959 1958 1954
f 1959 1954 1960
f 1960 1954 1952
f 1961 1892 1962
f 1962 1892 1903
f 1963 1884 1964
f 1964 1884 1882
f 1964 1882 1965
f 1966 1961 1967
f 1967 1961 1968
f 1969 1882 1970
f 1970 1882 1961
f 1970 1961 1971
f 1971 1961 1966
f 1969 1972 1882
f 1882 1972 1973
f 1882 1973 1974
f 1974 1975 1882
f 1882 1975 1976
f 1882 1976 1977
f 1977 1978 1882
f 1882 1978 1979
f 1882 1979 1965
f 1963 1980 1884
f 1884 1980 1981
f 1884 1981 1982
f 1983 1984 1962
f 1962 1984 1985
f 1962 1985 1986
f 1987 1988 1989
f 1982 1990 1884
f 1884 1990 1991
f 1884 1991 1992
f 1992 1993 1884
f 1884 1993 1994
f 1884 1994 1962
f 1962 1994 1995
f 1962 1995 1983
f 1996 1997 1961
f 1961 1997 1987
f 1961 1998 1999
f 1989 2000 1987
f 1987 2000 2001
f 1987 2001 1961
f 1961 2001 2002
f 1961 2002 1968
f 1987 2003 1988
f 1988 2003 2004
f 1988 2004 2005
f 2005 2006 1988
f 1988 2006 2007
f 1988 2007 2008
f 1999 2009 1961
f 1961 2009 2010
f 1961 2010 2011
f 2012 2013 1962
f 1962 2013 2014
f 1962 2014 2015
f 2015 2016 1962
f 1962 2016 2017
f 1962 2017 2018
f 2018 2019 1962
f 1962 2019 2020
f 1962 2020 2021
f 2021 2022 1962
f 1962 2022 2023
f 1962 2023 1961
f 1961 2023 2024
f 1961 2024 1998
f 2011 2025 1961
f 1961 2025 2026
f 1961 2026 1996
f 2027 1986 2028
f 2028 1986 2029
f 2028 2029 2030
f 2027 2031 1986
f 1986 2031 2032
f 1986 2032 1962
f 1962 2032 2033
f 1962 2033 2012
f 2008 2034 1988
f 1988 2034 2035
f 1988 2035 2030
f 2030 2035 2036
f 2030 2036 2028
f 1892 1961 1881
f 1881 1961 1882
f 1962 1903 1884
f 1884 1903 1883
f 1900 1997 1890
f 1890 1997 1996
f 1890 1996 1891
f 1891 1996 2026
f 1891 2026 1945
f 1945 2026 2025
f 1945 2025 1946
f 1946 2025 2011
f 1946 2011 1922
f 1922 2011 2010
f 1922 2010 1923
f 1923 2010 2009
f 1923 2009 1924
f 1924 2009 1999
f 1924 1999 1925
f 1925 1999 1998
f 1925 1998 1939
f 1939 1998 2024
f 1939 2024 1940
f 1940 2024 2023
f 1940 2023 1941
f 1941 2023 2022
f 1941 2022 1926
f 1926 2022 2021
f 1926 2021 1927
f 1927 2021 2020
f 1927 2020 1928
f 1928 2020 2019
f 1928 2019 1929
f 1929 2019 2018
f 1929 2018 1930
f 1930 2018 2017
f 1930 2017 1931
f 1931 2017 2016
f 1931 2016 1917
f 1917 2016 2015
f 1917 2015 1918
f 1918 2015 2014
f 1918 2014 1932
f 1932 2014 2013
f 1932 2013 1933
f 1933 2013 2012
f 1933 2012 1934
f 1934 2012 2033
f 1934 2033 1949
f 1949 2033 2032
f 1949 2032 1950
f 1950 2032 2031
f 1950 2031 1955
f 1955 2031 2027
f 1955 2027 1956
f 1956 2027 2028
f 1956 2028 1958
f 1958 2028 2036
f 1958 2036 1954
f 1954 2036 2035
f 1954 2035 1953
f 1953 2035 2034
f 1953 2034 1935
f 1935 2034 2008
f 1935 2008 1936
f 1936 2008 2007
f 1936 2007 1937
f 1937 2007 2006
f 1937 2006 1938
f 1938 2006 2005
f 1938 2005 1942
f 1942 2005 2004
f 1942 2004 1943
f 1943 2004 2003
f 1943 2003 1944
f 1944 2003 1987
f 1944 1987 1900
f 1900 1987 1997
f 1914 1969 1915
f 1915 1969 1970
f 1915 1970 1916
f 1916 1970 1971
f 1916 1971 1899
f 1899 1971 1966
f 1899 1966 1898
f 1898 1966 1967
f 1898 1967 1897
f 1897 1967 1968
f 1897 1968 1951
f 1951 1968 2002
f 1951 2002 1952
f 1952 2002 2001
f 1952 2001 1960
f 1960 2001 2000
f 1960 2000 1959
f 1959 2000 1989
f 1959 1989 1957
f 1957 1989 1988
f 1957 1988 1948
f 1948 1988 2030
f 1948 2030 1947
f 1947 2030 2029
f 1947 2029 1901
f 1901 2029 1986
f 1901 1986 1902
f 1902 1986 1985
f 1902 1985 1904
f 1904 1985 1984
f 1904 1984 1919
f 1919 1984 1983
f 1919 1983 1920
f 1920 1983 1995
f 1920 1995 1921
f 1921 1995 1994
f 1921 1994 1885
f 1885 1994 1993
f 1885 1993 1886
f 1886 1993 1992
f 1886 1992 1893
f 1893 1992 1991
f 1893 1991 1894
f 1894 1991 1990
f 1894 1990 1887
f 1887 1990 1982
f 1887 1982 1888
f 1888 1982 1981
f 1888 1981 1889
f 1889 1981 1980
f 1889 1980 1895
f 1895 1980 1963
f 1895 1963 1896
f 1896 1963 1964
f 1896 1964 1905
f 1905 1964 1965
f 1905 1965 1906
f 1906 1965 1979
f 1906 1979 1907
f 1907 1979 1978
f 1907 1978 1908
f 1908 1978 1977
f 1908 1977 1909
f 1909 1977 1976
f 1909 1976 1910
f 1910 1976 1975
f 1910 1975 1911
f 1911 1975 1974
f 1911 1974 1912
f 1912 1974 1973
f 1912 1973 1913
f 1913 1973 1972
f 1913 1972 1914
f 1914 1972 1969
f 2037 2038 2039
f 2039 2038 2040
f 2041 2042 2040
f 2043 2044 2038
f 2040 2045 2046
f 2042 2047 2040
f 2040 2047 2048
f 2040 2048 2045
f 2049 2050 2051
f 2051 2050 2052
f 2051 2052 2053
f 2046 2054 2040
f 2040 2054 2055
f 2040 2055 2051
f 2051 2055 2056
f 2051 2056 2049
f 2057 2058 2059
f 2059 2058 2060
f 2059 2060 2061
f 2061 2062 2059
f 2059 2062 2063
f 2059 2063 2064
f 2044 2065 2038
f 2038 2065 2066
f 2038 2066 2040
f 2040 2066 2067
f 2040 2067 2041
f 2064 2068 2059
f 2059 2068 2069
f 2059 2069 2070
f 2070 2069 2071
f 2070 2071 2053
f 2053 2071 2072
f 2053 2072 2073
f 2051 2074 2075
f 2075 2076 2051
f 2051 2076 2077
f 2051 2077 2078
f 2079 2080 2081
f 2073 2082 2053
f 2053 2082 2083
f 2053 2083 2051
f 2051 2083 2084
f 2051 2084 2074
f 2085 2086 2081
f 2081 2086 2087
f 2081 2087 2088
f 2079 2081 2089
f 2090 2051 2091
f 2091 2051 2092
f 2090 2093 2051
f 2051 2093 2094
f 2051 2094 2081
f 2081 2094 2095
f 2081 2095 2085
f 2088 2096 2081
f 2081 2096 2097
f 2081 2097 2098
f 2078 2099 2051
f 2051 2099 2100
f 2051 2100 2092
f 2098 2101 2081
f 2081 2101 2102
f 2081 2102 2103
f 2104 2105 2038
f 2038 2105 2106
f 2038 2106 2107
f 2107 2108 2038
f 2038 2108 2109
f 2038 2109 2043
f 2057 2110 2058
f 2058 2110 2111
f 2058 2111 2103
f 2103 2111 2112
f 2103 2112 2081
f 2081 2112 2113
f 2081 2113 2089
f 2080 2114 2081
f 2081 2114 2115
f 2081 2115 2038
f 2038 2115 2116
f 2038 2116 2104
f 2081 2117 2051
f 2051 2117 2118
f 2117 2119 2120
f 2121 2122 2123
f 2124 2125 2126
f 2127 2037 2128
f 2128 2037 2129
f 2037 2130 2117
f 2117 2130 2131
f 2117 2131 2119
f 2120 2132 2117
f 2117 2132 2133
f 2117 2133 2134
f 2134 2124 2135
f 2136 2137 2124
f 2124 2137 2138
f 2124 2138 2125
f 2139 2140 2117
f 2141 2142 2039
f 2039 2142 2143
f 2039 2143 2037
f 2037 2143 2144
f 2037 2144 2129
f 2037 2145 2146
f 2121 2147 2148
f 2148 2149 2121
f 2121 2149 2150
f 2121 2150 2151
f 2126 2152 2124
f 2124 2152 2153
f 2124 2153 2135
f 2134 2135 2117
f 2117 2135 2154
f 2117 2154 2139
f 2155 2156 2117
f 2117 2156 2157
f 2117 2158 2118
f 2118 2158 2159
f 2118 2159 2160
f 2127 2161 2037
f 2037 2161 2162
f 2037 2162 2145
f 2146 2163 2037
f 2037 2163 2164
f 2037 2164 2130
f 2151 2165 2121
f 2121 2165 2166
f 2121 2166 2122
f 2136 2124 2167
f 2167 2124 2168
f 2167 2168 2123
f 2123 2168 2169
f 2123 2169 2121
f 2140 2170 2117
f 2117 2170 2171
f 2117 2171 2155
f 2157 2172 2117
f 2117 2172 2173
f 2117 2173 2158
f 2174 2175 2039
f 2039 2175 2176
f 2039 2176 2141
f 2160 2177 2118
f 2118 2177 2178
f 2118 2178 2179
f 2118 2180 2147
f 2181 2182 2118
f 2118 2182 2183
f 2118 2183 2039
f 2039 2183 2184
f 2039 2184 2185
f 2185 2186 2039
f 2039 2186 2187
f 2039 2187 2174
f 2179 2188 2118
f 2118 2188 2189
f 2118 2189 2180
f 2121 2190 2147
f 2147 2190 2191
f 2147 2191 2118
f 2118 2191 2192
f 2118 2192 2181
f 2117 2081 2037
f 2037 2081 2038
f 2051 2118 2040
f 2040 2118 2039
f 2102 2154 2103
f 2103 2154 2135
f 2103 2135 2058
f 2058 2135 2153
f 2058 2153 2060
f 2060 2153 2152
f 2060 2152 2061
f 2061 2152 2126
f 2061 2126 2062
f 2062 2126 2125
f 2062 2125 2063
f 2063 2125 2138
f 2063 2138 2064
f 2064 2138 2137
f 2064 2137 2068
f 2068 2137 2136
f 2068 2136 2069
f 2069 2136 2167
f 2069 2167 2071
f 2071 2167 2123
f 2071 2123 2072
f 2072 2123 2122
f 2072 2122 2073
f 2073 2122 2166
f 2073 2166 2082
f 2082 2166 2165
f 2082 2165 2083
f 2083 2165 2151
f 2083 2151 2084
f 2084 2151 2150
f 2084 2150 2074
f 2074 2150 2149
f 2074 2149 2075
f 2075 2149 2148
f 2075 2148 2076
f 2076 2148 2147
f 2076 2147 2077
f 2077 2147 2180
f 2077 2180 2078
f 2078 2180 2189
f 2078 2189 2099
f 2099 2189 2188
f 2099 2188 2100
f 2100 2188 2179
f 2100 2179 2092
f 2092 2179 2178
f 2092 2178 2091
f 2091 2178 2177
f 2091 2177 2090
f 2090 2177 2160
f 2090 2160 2093
f 2093 2160 2159
f 2093 2159 2094
f 2094 2159 2158
f 2094 2158 2095
f 2095 2158 2173
f 2095 2173 2085
f 2085 2173 2172
f 2085 2172 2086
f 2086 2172 2157
f 2086 2157 2087
f 2087 2157 2156
f 2087 2156 2088
f 2088 2156 2155
f 2088 2155 2096
f 2096 2155 2171
f 2096 2171 2097
f 2097 2171 2170
f 2097 2170 2098
f 2098 2170 2140
f 2098 2140 2101
f 2101 2140 2139
f 2101 2139 2102
f 2102 2139 2154
f 2116 2164 2104
f 2104 2164 2163
f 2104 2163 2105
f 2105 2163 2146
f 2105 2146 2106
f 2106 2146 2145
f 2106 2145 2107
f 2107 2145 2162
f 2107 2162 2108
f 2108 2162 2161
f 2108 2161 2109
f 2109 2161 2127
f 2109 2127 2043
f 2043 2127 2128
f 2043 2128 2044
f 2044 2128 2129
f 2044 2129 2065
f 2065 2129 2144
f 2065 2144 2066
f 2066 2144 2143
f 2066 2143 2067
f 2067 2143 2142
f 2067 2142 2041
f 2041 2142 2141
f 2041 2141 2042
f 2042 2141 2176
f 2042 2176 2047
f 2047 2176 2175
f 2047 2175 2048
f 2048 2175 2174
f 2048 2174 2045
f 2045 2174 2187
f 2045 2187 2046
f 2046 2187 2186
f 2046 2186 2054
f 2054 2186 2185
f 2054 2185 2055
f 2055 2185 2184
f 2055 2184 2056
f 2056 2184 2183
f 2056 2183 2049
f 2049 2183 2182
f 2049 2182 2050
f 2050 2182 2181
f 2050 2181 2052
f 2052 2181 2192
f 2052 2192 2053
f 2053 2192 2191
f 2053 2191 2070
f 2070 2191 2190
f 2070 2190 2059
f 2059 2190 2121
f 2059 2121 2057
f 2057 2121 2169
f 2057 2169 2110
f 2110 2169 2168
f 2110 2168 2111
f 2111 2168 2124
f 2111 2124 2112
f 2112 2124 2134
f 2112 2134 2113
f 2113 2134 2133
f 2113 2133 2089
f 2089 2133 2132
f 2089 2132 2079
f 2079 2132 2120
f 2079 2120 2080
f 2080 2120 2119
f 2080 2119 2114
f 2114 2119 2131
f 2114 2131 2115
f 2115 2131 2130
f 2115 2130 2116
f 2116 2130 2164
f 2193 2194 2195
f 2195 2194 2196
f 2197 2198 2194
f 2199 2200 2201
f 2201 2200 2202
f 2201 2202 2194
f 2194 2202 2203
f 2204 2205 2194
f 2194 2205 2206
f 2194 2206 2197
f 2207 2208 2196
f 2209 2210 2196
f 2210 2211 2196
f 2196 2211 2212
f 2196 2212 2207
f 2213 2214 2215
f 2215 2214 2196
f 2215 2196 2216
f 2216 2196 2208
f 2214 2217 2218
f 2218 2219 2214
f 2214 2219 2220
f 2214 2220 2221
f 2221 2222 2214
f 2214 2222 2223
f 2214 2223 2224
f 2225 2226 2201
f 2227 2228 2214
f 2214 2228 2229
f 2214 2229 2217
f 2226 2230 2201
f 2201 2230 2231
f 2201 2231 2199
f 2232 2233 2234
f 2235 2236 2237
f 2227 2214 2238
f 2238 2214 2213
f 2238 2213 2232
f 2232 2213 2239
f 2232 2239 2233
f 2198 2240 2194
f 2194 2240 2241
f 2194 2241 2242
f 2243 2244 2245
f 2224 2246 2214
f 2214 2246 2247
f 2214 2247 2201
f 2201 2247 2248
f 2201 2248 2249
f 2249 2250 2201
f 2201 2250 2251
f 2201 2251 2225
f 2242 2252 2194
f 2194 2252 2253
f 2194 2253 2254
f 2203 2255 2194
f 2194 2255 2256
f 2194 2256 2204
f 2204 2256 2257
f 2254 2258 2194
f 2194 2258 2259
f 2194 2259 2196
f 2196 2259 2260
f 2196 2260 2209
f 2257 2256 2244
f 2244 2256 2261
f 2244 2261 2245
f 2234 2262 2232
f 2232 2262 2263
f 2232 2263 2264
f 2243 2245 2265
f 2265 2245 2266
f 2265 2266 2267
f 2237 2236 2267
f 2267 2236 2268
f 2267 2268 2265
f 2264 2263 2269
f 2269 2263 2270
f 2269 2270 2271
f 2235 2237 2271
f 2271 2237 2272
f 2271 2272 2269
f 2201 2273 2214
f 2214 2273 2274
f 2275 2273 2276
f 2276 2273 2277
f 2277 2273 2278
f 2278 2273 2193
f 2278 2193 2279
f 2280 2281 2195
f 2195 2281 2282
f 2195 2282 2283
f 2284 2285 2274
f 2274 2285 2286
f 2274 2286 2287
f 2287 2288 2274
f 2274 2288 2289
f 2274 2289 2290
f 2291 2292 2193
f 2292 2293 2193
f 2193 2293 2294
f 2193 2294 2295
f 2290 2296 2274
f 2274 2296 2297
f 2274 2297 2298
f 2275 2299 2273
f 2273 2299 2300
f 2273 2300 2301
f 2283 2302 2195
f 2195 2302 2303
f 2195 2303 2304
f 2298 2305 2274
f 2274 2305 2306
f 2274 2306 2195
f 2195 2306 2307
f 2195 2307 2280
f 2295 2308 2193
f 2193 2308 2309
f 2193 2309 2279
f 2279 2309 2310
f 2279 2310 2311
f 2301 2312 2273
f 2273 2312 2313
f 2273 2313 2314
f 2314 2315 2273
f 2273 2315 2316
f 2273 2316 2274
f 2274 2316 2317
f 2274 2317 2284
f 2318 2319 2320
f 2321 2322 2193
f 2193 2322 2323
f 2193 2323 2291
f 2324 2325 2326
f 2326 2325 2327
f 2305 2328 2306
f 2306 2328 2325
f 2306 2325 2329
f 2329 2325 2324
f 2304 2330 2195
f 2195 2330 2331
f 2195 2331 2193
f 2193 2331 2332
f 2193 2332 2321
f 2311 2310 2333
f 2333 2310 2334
f 2333 2334 2335
f 2336 2337 2335
f 2335 2337 2338
f 2335 2338 2333
f 2336 2339 2337
f 2337 2339 2340
f 2337 2340 2341
f 2327 2325 2342
f 2342 2325 2343
f 2342 2343 2344
f 2320 2319 2341
f 2341 2319 2345
f 2341 2345 2337
f 2318 2320 2346
f 2346 2320 2347
f 2346 2347 2344
f 2344 2347 2348
f 2344 2348 2342
f 2273 2201 2193
f 2193 2201 2194
f 2214 2274 2196
f 2196 2274 2195
f 2200 2277 2202
f 2202 2277 2278
f 2202 2278 2203
f 2203 2278 2279
f 2203 2279 2255
f 2255 2279 2311
f 2255 2311 2256
f 2256 2311 2333
f 2256 2333 2261
f 2261 2333 2338
f 2261 2338 2245
f 2245 2338 2337
f 2245 2337 2266
f 2266 2337 2345
f 2266 2345 2267
f 2267 2345 2319
f 2267 2319 2237
f 2237 2319 2318
f 2237 2318 2272
f 2272 2318 2346
f 2272 2346 2269
f 2269 2346 2344
f 2269 2344 2264
f 2264 2344 2343
f 2264 2343 2232
f 2232 2343 2325
f 2232 2325 2238
f 2238 2325 2328
f 2238 2328 2227
f 2227 2328 2305
f 2227 2305 2228
f 2228 2305 2298
f 2228 2298 2229
f 2229 2298 2297
f 2229 2297 2217
f 2217 2297 2296
f 2217 2296 2218
f 2218 2296 2290
f 2218 2290 2219
f 2219 2290 2289
f 2219 2289 2220
f 2220 2289 2288
f 2220 2288 2221
f 2221 2288 2287
f 2221 2287 2222
f 2222 2287 2286
f 2222 2286 2223
f 2223 2286 2285
f 2223 2285 2224
f 2224 2285 2284
f 2224 2284 2246
f 2246 2284 2317
f 2246 2317 2247
f 2247 2317 2316
f 2247 2316 2248
f 2248 2316 2315
f 2248 2315 2249
f 2249 2315 2314
f 2249 2314 2250
f 2250 2314 2313
f 2250 2313 2251
f 2251 2313 2312
f 2251 2312 2225
f 2225 2312 2301
f 2225 2301 2226
f 2226 2301 2300
f 2226 2300 2230
f 2230 2300 2299
f 2230 2299 2231
f 2231 2299 2275
f 2231 2275 2199
f 2199 2275 2276
f 2199 2276 2200
f 2200 2276 2277
f 2206 2308 2197
f 2197 2308 2295
f 2197 2295 2198
f 2198 2295 2294
f 2198 2294 2240
f 2240 2294 2293
f 2240 2293 2241
f 2241 2293 2292
f 2241 2292 2242
f 2242 2292 2291
f 2242 2291 2252
f 2252 2291 2323
f 2252 2323 2253
f 2253 2323 2322
f 2253 2322 2254
f 2254 2322 2321
f 2254 2321 2258
f 2258 2321 2332
f 2258 2332 2259
f 2259 2332 2331
f 2259 2331 2260
f 2260 2331 2330
f 2260 2330 2209
f 2209 2330 2304
f 2209 2304 2210
f 2210 2304 2303
f 2210 2303 2211
f 2211 2303 2302
f 2211 2302 2212
f 2212 2302 2283
f 2212 2283 2207
f 2207 2283 2282
f 2207 2282 2208
f 2208 2282 2281
f 2208 2281 2216
f 2216 2281 2280
f 2216 2280 2215
f 2215 2280 2307
f 2215 2307 2213
f 2213 2307 2306
f 2213 2306 2239
f 2239 2306 2329
f 2239 2329 2233
f 2233 2329 2324
f 2233 2324 2234
f 2234 2324 2326
f 2234 2326 2262
f 2262 2326 2327
f 2262 2327 2263
f 2263 2327 2342
f 2263 2342 2270
f 2270 2342 2348
f 2270 2348 2271
f 2271 2348 2347
f 2271 2347 2235
f 2235 2347 2320
f 2235 2320 2236
f 2236 2320 2341
f 2236 2341 2268
f 2268 2341 2340
f 2268 2340 2265
f 2265 2340 2339
f 2265 2339 2243
f 2243 2339 2336
f 2243 2336 2244
f 2244 2336 2335
f 2244 2335 2257
f 2257 2335 2334
f 2257 2334 2204
f 2204 2334 2310
f 2204 2310 2205
f 2205 2310 2309
f 2205 2309 2206
f 2206 2309 2308
f 2349 2350 2351
f 2351 2350 2352
f 2353 2354 2355
f 2355 2354 2356
f 2357 2358 2359
f 2360 2361 2349
f 2362 2363 2359
f 2356 2354 2364
f 2364 2354 2349
f 2364 2349 2365
f 2366 2367 2351
f 2368 2369 2351
f 2351 2369 2370
f 2367 2371 2351
f 2351 2371 2372
f 2351 2372 2368
f 2373 2349 2374
f 2374 2349 2375
f 2373 2376 2349
f 2349 2376 2377
f 2349 2377 2360
f 2363 2378 2359
f 2359 2378 2379
f 2359 2379 2380
f 2358 2381 2359
f 2359 2381 2382
f 2359 2382 2351
f 2351 2382 2383
f 2351 2383 2366
f 2384 2385 2349
f 2349 2385 2386
f 2349 2386 2365
f 2359 2387 2388
f 2389 2390 2391
f 2391 2390 2392
f 2391 2392 2393
f 2389 2394 2390
f 2390 2394 2395
f 2390 2395 2396
f 2370 2397 2351
f 2351 2397 2398
f 2351 2398 2349
f 2349 2398 2399
f 2349 2399 2375
f 2393 2400 2391
f 2391 2400 2401
f 2391 2401 2402
f 2402 2403 2391
f 2391 2403 2404
f 2391 2404 2405
f 2388 2406 2359
f 2359 2406 2407
f 2359 2407 2362
f 2396 2408 2390
f 2390 2408 2409
f 2390 2409 2410
f 2353 2411 2354
f 2354 2411 2412
f 2354 2412 2413
f 2361 2414 2349
f 2349 2414 2415
f 2349 2415 2405
f 2413 2416 2354
f 2354 2416 2417
f 2354 2417 2418
f 2418 2419 2354
f 2354 2419 2420
f 2354 2420 2359
f 2359 2420 2421
f 2359 2421 2387
f 2410 2422 2390
f 2390 2422 2423
f 2390 2423 2380
f 2380 2423 2424
f 2380 2424 2359
f 2359 2424 2425
f 2359 2425 2357
f 2404 2426 2405
f 2405 2426 2427
f 2405 2427 2349
f 2349 2427 2428
f 2349 2428 2384
f 2429 2354 2430
f 2430 2354 2359
f 2431 2432 2352
f 2432 2433 2352
f 2352 2433 2434
f 2352 2434 2435
f 2436 2437 2352
f 2438 2350 2439
f 2439 2350 2440
f 2435 2441 2352
f 2352 2441 2442
f 2352 2442 2443
f 2443 2444 2352
f 2352 2444 2445
f 2352 2445 2446
f 2437 2447 2352
f 2352 2447 2448
f 2352 2448 2430
f 2430 2448 2449
f 2430 2449 2450
f 2450 2451 2430
f 2430 2451 2452
f 2430 2452 2453
f 2454 2455 2456
f 2456 2455 2457
f 2456 2457 2458
f 2459 2460 2429
f 2429 2460 2461
f 2429 2461 2462
f 2440 2350 2463
f 2463 2350 2429
f 2463 2429 2464
f 2438 2465 2350
f 2350 2465 2466
f 2350 2466 2467
f 2467 2468 2350
f 2350 2468 2469
f 2350 2469 2470
f 2471 2472 2429
f 2429 2472 2473
f 2429 2473 2464
f 2453 2474 2430
f 2430 2474 2475
f 2430 2475 2476
f 2470 2477 2350
f 2350 2477 2478
f 2350 2478 2352
f 2352 2478 2479
f 2352 2479 2431
f 2458 2480 2456
f 2456 2480 2481
f 2456 2481 2482
f 2456 2483 2454
f 2454 2483 2484
f 2454 2484 2485
f 2462 2486 2429
f 2429 2486 2487
f 2429 2487 2488
f 2482 2489 2456
f 2456 2489 2490
f 2456 2490 2491
f 2491 2490 2492
f 2491 2492 2446
f 2446 2492 2493
f 2446 2493 2352
f 2352 2493 2494
f 2352 2494 2436
f 2476 2495 2430
f 2430 2495 2496
f 2430 2496 2429
f 2429 2496 2497
f 2429 2497 2498
f 2498 2499 2429
f 2429 2499 2500
f 2429 2500 2459
f 2485 2501 2454
f 2454 2501 2502
f 2454 2502 2488
f 2488 2502 2503
f 2488 2503 2429
f 2429 2503 2504
f 2429 2504 2471
f 2354 2429 2349
f 2349 2429 2350
f 2430 2359 2352
f 2352 2359 2351
f 2356 2487 2355
f 2355 2487 2486
f 2355 2486 2353
f 2353 2486 2462
f 2353 2462 2411
f 2411 2462 2461
f 2411 2461 2412
f 2412 2461 2460
f 2412 2460 2413
f 2413 2460 2459
f 2413 2459 2416
f 2416 2459 2500
f 2416 2500 2417
f 2417 2500 2499
f 2417 2499 2418
f 2418 2499 2498
f 2418 2498 2419
f 2419 2498 2497
f 2419 2497 2420
f 2420 2497 2496
f 2420 2496 2421
f 2421 2496 2495
f 2421 2495 2387
f 2387 2495 2476
f 2387 2476 2388
f 2388 2476 2475
f 2388 2475 2406
f 2406 2475 2474
f 2406 2474 2407
f 2407 2474 2453
f 2407 2453 2362
f 2362 2453 2452
f 2362 2452 2363
f 2363 2452 2451
f 2363 2451 2378
f 2378 2451 2450
f 2378 2450 2379
f 2379 2450 2449
f 2379 2449 2380
f 2380 2449 2448
f 2380 2448 2390
f 2390 2448 2447
f 2390 2447 2392
f 2392 2447 2437
f 2392 2437 2393
f 2393 2437 2436
f 2393 2436 2400
f 2400 2436 2494
f 2400 2494 2401
f 2401 2494 2493
f 2401 2493 2402
f 2402 2493 2492
f 2402 2492 2403
f 2403 2492 2490
f 2403 2490 2404
f 2404 2490 2489
f 2404 2489 2426
f 2426 2489 2482
f 2426 2482 2427
f 2427 2482 2481
f 2427 2481 2428
f 2428 2481 2480
f 2428 2480 2384
f 2384 2480 2458
f 2384 2458 2385
f 2385 2458 2457
f 2385 2457 2386
f 2386 2457 2455
f 2386 2455 2365
f 2365 2455 2454
f 2365 2454 2364
f 2364 2454 2488
f 2364 2488 2356
f 2356 2488 2487
f 2415 2440 2405
f 2405 2440 2463
f 2405 2463 2391
f 2391 2463 2464
f 2391 2464 2389
f 2389 2464 2473
f 2389 2473 2394
f 2394 2473 2472
f 2394 2472 2395
f 2395 2472 2471
f 2395 2471 2396
f 2396 2471 2504
f 2396 2504 2408
f 2408 2504 2503
f 2408 2503 2409
f 2409 2503 2502
f 2409 2502 2410
f 2410 2502 2501
f 2410 2501 2422
f 2422 2501 2485
f 2422 2485 2423
f 2423 2485 2484
f 2423 2484 2424
f 2424 2484 2483
f 2424 2483 2425
f 2425 2483 2456
f 2425 2456 2357
f 2357 2456 2491
f 2357 2491 2358
f 2358 2491 2446
f 2358 2446 2381
f 2381 2446 2445
f 2381 2445 2382
f 2382 2445 2444
f 2382 2444 2383
f 2383 2444 2443
f 2383 2443 2366
f 2366 2443 2442
f 2366 2442 2367
f 2367 2442 2441
f 2367 2441 2371
f 2371 2441 2435
f 2371 2435 2372
f 2372 2435 2434
f 2372 2434 2368
f 2368 2434 2433
f 2368 2433 2369
f 2369 2433 2432
f 2369 2432 2370
f 2370 2432 2431
f 2370 2431 2397
f 2397 2431 2479
f 2397 2479 2398
f 2398 2479 2478
f 2398 2478 2399
f 2399 2478 2477
f 2399 2477 2375
f 2375 2477 2470
f 2375 2470 2374
f 2374 2470 2469
f 2374 2469 2373
f 2373 2469 2468
f 2373 2468 2376
f 2376 2468 2467
f 2376 2467 2377
f 2377 2467 2466
f 2377 2466 2360
f 2360 2466 2465
f 2360 2465 2361
f 2361 2465 2438
f 2361 2438 2414
f 2414 2438 2439
f 2414 2439 2415
f 2415 2439 2440
f 2505 2506 2507
f 2507 2506 2508
f 2509 2510 2511
f 2512 2513 2510
f 2510 2513 2514
f 2510 2514 2511
f 2508 2515 2516
f 2517 2518 2510
f 2510 2518 2519
f 2510 2519 2512
f 2520 2521 2511
f 2516 2522 2508
f 2508 2522 2523
f 2508 2523 2524
f 2525 2526 2527
f 2527 2526 2528
f 2515 2508 2511
f 2511 2508 2529
f 2511 2529 2520
f 2521 2530 2511
f 2511 2530 2531
f 2511 2531 2532
f 2532 2533 2511
f 2511 2533 2534
f 2511 2534 2509
f 2524 2535 2508
f 2508 2535 2536
f 2508 2536 2507
f 2507 2536 2537
f 2507 2537 2538
f 2538 2539 2507
f 2507 2539 2540
f 2507 2540 2541
f 2542 2543 2544
f 2543 2545 2546
f 2544 2547 2542
f 2542 2547 2548
f 2542 2548 2549
f 2549 2550 2542
f 2542 2550 2551
f 2542 2551 2552
f 2541 2553 2507
f 2507 2553 2554
f 2507 2554 2555
f 2555 2554 2542
f 2555 2542 2556
f 2556 2542 2552
f 2557 2558 2559
f 2560 2561 2562
f 2546 2563 2543
f 2543 2563 2564
f 2543 2564 2526
f 2526 2564 2565
f 2526 2565 2528
f 2559 2566 2557
f 2557 2566 2567
f 2557 2567 2568
f 2568 2569 2557
f 2557 2569 2570
f 2557 2570 2571
f 2525 2572 2526
f 2526 2572 2573
f 2526 2573 2574
f 2574 2573 2557
f 2574 2557 2575
f 2575 2557 2571
f 2557 2576 2558
f 2558 2576 2577
f 2558 2577 2578
f 2578 2579 2558
f 2558 2579 2580
f 2558 2580 2581
f 2581 2582 2583
f 2583 2582 2584
f 2583 2584 2585
f 2586 2587 2588
f 2588 2587 2589
f 2590 2591 2592
f 2592 2591 2593
f 2542 2594 2543
f 2543 2594 2595
f 2543 2595 2596
f 2596 2597 2543
f 2543 2597 2598
f 2543 2598 2591
f 2590 2599 2591
f 2591 2599 2600
f 2591 2600 2543
f 2543 2600 2601
f 2602 2603 2604
f 2604 2605 2602
f 2602 2605 2606
f 2602 2606 2607
f 2586 2608 2587
f 2587 2608 2583
f 2587 2583 2609
f 2609 2583 2585
f 2591 2610 2602
f 2602 2610 2611
f 2602 2611 2603
f 2612 2613 2543
f 2613 2614 2543
f 2543 2614 2615
f 2543 2615 2545
f 2589 2616 2588
f 2588 2616 2617
f 2588 2617 2562
f 2562 2617 2618
f 2562 2618 2560
f 2561 2619 2562
f 2562 2619 2620
f 2562 2620 2621
f 2621 2622 2562
f 2562 2622 2623
f 2562 2623 2612
f 2602 2624 2591
f 2591 2624 2625
f 2591 2625 2626
f 2581 2583 2558
f 2558 2583 2627
f 2558 2627 2628
f 2629 2630 2627
f 2627 2630 2631
f 2627 2631 2632
f 2633 2634 2517
f 2635 2636 2517
f 2517 2636 2637
f 2517 2637 2638
f 2638 2639 2517
f 2517 2639 2640
f 2517 2640 2641
f 2629 2627 2517
f 2517 2627 2642
f 2517 2642 2633
f 2634 2643 2517
f 2517 2643 2644
f 2517 2644 2645
f 2646 2647 2517
f 2517 2647 2648
f 2517 2648 2518
f 2601 2649 2543
f 2543 2649 2650
f 2543 2650 2612
f 2612 2650 2651
f 2612 2651 2562
f 2626 2652 2591
f 2591 2652 2653
f 2591 2653 2593
f 2645 2654 2517
f 2517 2654 2655
f 2517 2655 2635
f 2641 2656 2517
f 2517 2656 2602
f 2517 2602 2646
f 2646 2602 2607
f 2632 2657 2627
f 2627 2657 2658
f 2627 2658 2659
f 2659 2660 2627
f 2627 2660 2661
f 2627 2661 2628
f 2662 2663 2628
f 2628 2663 2558
f 2664 2665 2666
f 2667 2668 2669
f 2669 2670 2671
f 2668 2672 2669
f 2669 2672 2673
f 2669 2673 2665
f 2674 2675 2666
f 2671 2676 2669
f 2669 2676 2677
f 2669 2677 2667
f 2675 2678 2666
f 2666 2678 2679
f 2666 2679 2680
f 2681 2682 2683
f 2683 2682 2684
f 2681 2685 2682
f 2682 2685 2686
f 2682 2686 2687
f 2688 2689 2505
f 2690 2691 2692
f 2692 2691 2693
f 2692 2693 2686
f 2686 2693 2694
f 2686 2694 2687
f 2695 2696 2666
f 2666 2696 2697
f 2666 2697 2664
f 2666 2698 2699
f 2700 2690 2701
f 2701 2690 2702
f 2670 2669 2692
f 2692 2669 2703
f 2692 2703 2690
f 2704 2705 2662
f 2663 2706 2707
f 2708 2709 2710
f 2710 2709 2711
f 2712 2713 2714
f 2714 2713 2715
f 2714 2715 2716
f 2717 2718 2714
f 2714 2718 2719
f 2714 2719 2720
f 2505 2721 2722
f 2723 2724 2506
f 2506 2724 2725
f 2695 2726 2696
f 2696 2726 2727
f 2696 2727 2728
f 2728 2729 2696
f 2696 2729 2730
f 2696 2730 2731
f 2725 2732 2506
f 2506 2732 2733
f 2506 2733 2734
f 2734 2733 2696
f 2734 2696 2735
f 2735 2696 2731
f 2673 2736 2665
f 2665 2736 2737
f 2665 2737 2666
f 2666 2737 2738
f 2666 2738 2698
f 2699 2739 2666
f 2666 2739 2740
f 2666 2740 2674
f 2741 2742 2690
f 2690 2742 2743
f 2690 2743 2702
f 2700 2744 2690
f 2690 2744 2745
f 2690 2745 2691
f 2746 2662 2747
f 2747 2662 2748
f 2662 2705 2663
f 2663 2705 2749
f 2663 2749 2706
f 2707 2750 2663
f 2663 2750 2751
f 2663 2751 2709
f 2712 2714 2709
f 2709 2714 2752
f 2709 2752 2711
f 2708 2753 2709
f 2709 2753 2754
f 2709 2754 2755
f 2755 2756 2709
f 2709 2756 2757
f 2709 2757 2663
f 2716 2758 2714
f 2714 2758 2759
f 2714 2759 2760
f 2761 2762 2714
f 2714 2762 2763
f 2714 2763 2764
f 2764 2765 2714
f 2714 2765 2766
f 2714 2766 2717
f 2720 2767 2714
f 2714 2767 2768
f 2714 2768 2769
f 2769 2768 2770
f 2769 2770 2771
f 2722 2772 2505
f 2505 2772 2773
f 2505 2773 2688
f 2774 2775 2505
f 2505 2775 2776
f 2505 2776 2506
f 2506 2776 2777
f 2506 2777 2723
f 2778 2779 2780
f 2780 2779 2781
f 2746 2782 2662
f 2662 2782 2783
f 2662 2783 2784
f 2785 2786 2662
f 2662 2786 2787
f 2662 2787 2704
f 2760 2788 2714
f 2714 2788 2789
f 2714 2789 2761
f 2761 2789 2790
f 2761 2790 2690
f 2690 2790 2791
f 2690 2791 2741
f 2689 2792 2505
f 2505 2792 2793
f 2505 2793 2774
f 2748 2662 2780
f 2780 2662 2794
f 2780 2794 2778
f 2781 2795 2780
f 2780 2795 2796
f 2780 2796 2797
f 2679 2798 2680
f 2680 2798 2799
f 2680 2799 2800
f 2800 2799 2780
f 2800 2780 2801
f 2801 2780 2797
f 2682 2802 2662
f 2662 2802 2803
f 2662 2803 2785
f 2804 2805 2770
f 2784 2806 2662
f 2662 2806 2807
f 2662 2807 2682
f 2682 2807 2808
f 2682 2808 2684
f 2721 2505 2770
f 2770 2505 2809
f 2770 2809 2804
f 2805 2810 2770
f 2770 2810 2811
f 2770 2811 2812
f 2812 2813 2770
f 2770 2813 2814
f 2770 2814 2771
f 2543 2526 2769
f 2769 2526 2714
f 2666 2680 2510
f 2510 2680 2517
f 2543 2769 2771
f 2543 2771 2544
f 2544 2771 2814
f 2544 2814 2547
f 2547 2814 2813
f 2547 2813 2548
f 2548 2813 2812
f 2548 2812 2549
f 2549 2812 2811
f 2549 2811 2550
f 2550 2811 2810
f 2550 2810 2551
f 2551 2810 2805
f 2551 2805 2552
f 2552 2805 2804
f 2552 2804 2556
f 2556 2804 2809
f 2556 2809 2555
f 2555 2809 2505
f 2555 2505 2507
f 2666 2510 2509
f 2666 2509 2695
f 2695 2509 2534
f 2695 2534 2726
f 2726 2534 2533
f 2726 2533 2727
f 2727 2533 2532
f 2727 2532 2728
f 2728 2532 2531
f 2728 2531 2729
f 2729 2531 2530
f 2729 2530 2730
f 2730 2530 2521
f 2730 2521 2731
f 2731 2521 2520
f 2731 2520 2735
f 2735 2520 2529
f 2735 2529 2734
f 2734 2529 2508
f 2734 2508 2506
f 2517 2680 2800
f 2517 2800 2629
f 2629 2800 2801
f 2629 2801 2630
f 2630 2801 2797
f 2630 2797 2631
f 2631 2797 2796
f 2631 2796 2632
f 2632 2796 2795
f 2632 2795 2657
f 2657 2795 2781
f 2657 2781 2658
f 2658 2781 2779
f 2658 2779 2659
f 2659 2779 2778
f 2659 2778 2660
f 2660 2778 2794
f 2660 2794 2661
f 2661 2794 2662
f 2661 2662 2628
f 2714 2526 2574
f 2714 2574 2752
f 2752 2574 2575
f 2752 2575 2711
f 2711 2575 2571
f 2711 2571 2710
f 2710 2571 2570
f 2710 2570 2708
f 2708 2570 2569
f 2708 2569 2753
f 2753 2569 2568
f 2753 2568 2754
f 2754 2568 2567
f 2754 2567 2755
f 2755 2567 2566
f 2755 2566 2756
f 2756 2566 2559
f 2756 2559 2757
f 2757 2559 2558
f 2757 2558 2663
f 2617 2682 2618
f 2618 2682 2687
f 2618 2687 2560
f 2560 2687 2694
f 2560 2694 2561
f 2561 2694 2693
f 2561 2693 2619
f 2619 2693 2691
f 2619 2691 2620
f 2620 2691 2745
f 2620 2745 2621
f 2621 2745 2744
f 2621 2744 2622
f 2622 2744 2700
f 2622 2700 2623
f 2623 2700 2701
f 2623 2701 2612
f 2612 2701 2702
f 2612 2702 2613
f 2613 2702 2743
f 2613 2743 2614
f 2614 2743 2742
f 2614 2742 2615
f 2615 2742 2741
f 2615 2741 2545
f 2545 2741 2791
f 2545 2791 2546
f 2546 2791 2790
f 2546 2790 2563
f 2563 2790 2789
f 2563 2789 2564
f 2564 2789 2788
f 2564 2788 2565
f 2565 2788 2760
f 2565 2760 2528
f 2528 2760 2759
f 2528 2759 2527
f 2527 2759 2758
f 2527 2758 2525
f 2525 2758 2716
f 2525 2716 2572
f 2572 2716 2715
f 2572 2715 2573
f 2573 2715 2713
f 2573 2713 2557
f 2557 2713 2712
f 2557 2712 2576
f 2576 2712 2709
f 2576 2709 2577
f 2577 2709 2751
f 2577 2751 2578
f 2578 2751 2750
f 2578 2750 2579
f 2579 2750 2707
f 2579 2707 2580
f 2580 2707 2706
f 2580 2706 2581
f 2581 2706 2749
f 2581 2749 2582
f 2582 2749 2705
f 2582 2705 2584
f 2584 2705 2704
f 2584 2704 2585
f 2585 2704 2787
f 2585 2787 2609
f 2609 2787 2786
f 2609 2786 2587
f 2587 2786 2785
f 2587 2785 2589
f 2589 2785 2803
f 2589 2803 2616
f 2616 2803 2802
f 2616 2802 2617
f 2617 2802 2682
f 2514 2665 2511
f 2511 2665 2664
f 2511 2664 2515
f 2515 2664 2697
f 2515 2697 2516
f 2516 2697 2696
f 2516 2696 2522
f 2522 2696 2733
f 2522 2733 2523
f 2523 2733 2732
f 2523 2732 2524
f 2524 2732 2725
f 2524 2725 2535
f 2535 2725 2724
f 2535 2724 2536
f 2536 2724 2723
f 2536 2723 2537
f 2537 2723 2777
f 2537 2777 2538
f 2538 2777 2776
f 2538 2776 2539
f 2539 2776 2775
f 2539 2775 2540
f 2540 2775 2774
f 2540 2774 2541
f 2541 2774 2793
f 2541 2793 2553
f 2553 2793 2792
f 2553 2792 2554
f 2554 2792 2689
f 2554 2689 2542
f 2542 2689 2688
f 2542 2688 2594
f 2594 2688 2773
f 2594 2773 2595
f 2595 2773 2772
f 2595 2772 2596
f 2596 2772 2722
f 2596 2722 2597
f 2597 2722 2721
f 2597 2721 2598
f 2598 2721 2770
f 2598 2770 2591
f 2591 2770 2768
f 2591 2768 2610
f 2610 2768 2767
f 2610 2767 2611
f 2611 2767 2720
f 2611 2720 2603
f 2603 2720 2719
f 2603 2719 2604
f 2604 2719 2718
f 2604 2718 2605
f 2605 2718 2717
f 2605 2717 2606
f 2606 2717 2766
f 2606 2766 2607
f 2607 2766 2765
f 2607 2765 2646
f 2646 2765 2764
f 2646 2764 2647
f 2647 2764 2763
f 2647 2763 2648
f 2648 2763 2762
f 2648 2762 2518
f 2518 2762 2761
f 2518 2761 2519
f 2519 2761 2690
f 2519 2690 2512
f 2512 2690 2703
f 2512 2703 2513
f 2513 2703 2669
f 2513 2669 2514
f 2514 2669 2665
f 2640 2799 2641
f 2641 2799 2798
f 2641 2798 2656
f 2656 2798 2679
f 2656 2679 2602
f 2602 2679 2678
f 2602 2678 2624
f 2624 2678 2675
f 2624 2675 2625
f 2625 2675 2674
f 2625 2674 2626
f 2626 2674 2740
f 2626 2740 2652
f 2652 2740 2739
f 2652 2739 2653
f 2653 2739 2699
f 2653 2699 2593
f 2593 2699 2698
f 2593 2698 2592
f 2592 2698 2738
f 2592 2738 2590
f 2590 2738 2737
f 2590 2737 2599
f 2599 2737 2736
f 2599 2736 2600
f 2600 2736 2673
f 2600 2673 2601
f 2601 2673 2672
f 2601 2672 2649
f 2649 2672 2668
f 2649 2668 2650
f 2650 2668 2667
f 2650 2667 2651
f 2651 2667 2677
f 2651 2677 2562
f 2562 2677 2676
f 2562 2676 2588
f 2588 2676 2671
f 2588 2671 2586
f 2586 2671 2670
f 2586 2670 2608
f 2608 2670 2692
f 2608 2692 2583
f 2583 2692 2686
f 2583 2686 2627
f 2627 2686 2685
f 2627 2685 2642
f 2642 2685 2681
f 2642 2681 2633
f 2633 2681 2683
f 2633 2683 2634
f 2634 2683 2684
f 2634 2684 2643
f 2643 2684 2808
f 2643 2808 2644
f 2644 2808 2807
f 2644 2807 2645
f 2645 2807 2806
f 2645 2806 2654
f 2654 2806 2784
f 2654 2784 2655
f 2655 2784 2783
f 2655 2783 2635
f 2635 2783 2782
f 2635 2782 2636
f 2636 2782 2746
f 2636 2746 2637
f 2637 2746 2747
f 2637 2747 2638
f 2638 2747 2748
f 2638 2748 2639
f 2639 2748 2780
f 2639 2780 2640
f 2640 2780 2799

