# https://github.com/mikedh/trimesh
v 0.05204794 0.01339174 0.00128751
v 0.05197656 0.01339174 0.00022121
v 0.05358322 0.01317115 0.00069281
v 0.05378683 0.01314287 0.00022121
v 0.05522905 0.01297621 0.00057141
v 0.05568057 0.01292906 0.00022121
v 0.05696899 0.01282091 0.00044306
v 0.05667482 0.01284207 0.00022121
v 0.05771445 0.01277415 0.00022121
v 0.05789148 0.01276539 0.00037502
v 0.05881153 0.01273036 0.00022121
v 0.05885981 0.01272918 0.00030359
v 0.05997656 0.01271513 0.00022121
v 0.05789281 0.01276539 0.00005035
v 0.05886051 0.01272918 0.00012970
v 0.05697091 0.01282091 -0.00002524
v 0.05523207 0.01297621 -0.00016781
v 0.05358729 0.01317115 -0.00030268
v 0.05204794 0.01339174 -0.00084508
v 0.05365148 0.01317115 -0.00082306
v 0.05226080 0.01339174 -0.00189235
v 0.05375797 0.01317115 -0.00133646
v 0.05390606 0.01317115 -0.00183944
v 0.05546879 0.01297621 -0.00130897
v 0.05560891 0.01297621 -0.00167223
v 0.05720964 0.01282091 -0.00097829
v 0.05731691 0.01282091 -0.00120040
v 0.05813269 0.01276539 -0.00076436
v 0.05821939 0.01276539 -0.00091174
v 0.05903544 0.01272918 -0.00038559
v 0.05908817 0.01272918 -0.00046047
v 0.05261135 0.01339174 -0.00290190
v 0.05409477 0.01317115 -0.00232864
v 0.05577825 0.01297621 -0.00202283
v 0.05744199 0.01282091 -0.00141299
v 0.05831786 0.01276539 -0.00105155
v 0.05914686 0.01272918 -0.00053079
v 0.05432282 0.01317115 -0.00280077
v 0.05309334 0.01339174 -0.00385572
v 0.05458869 0.01317115 -0.00325270
v 0.05369816 0.01339174 -0.00473679
v 0.05489060 0.01317115 -0.00368138
v 0.05522653 0.01317115 -0.00408396
v 0.05644934 0.01297621 -0.00297568
v 0.05672238 0.01297621 -0.00325324
v 0.05791502 0.01282091 -0.00197987
v 0.05810180 0.01282091 -0.00214098
v 0.05867682 0.01276539 -0.00141644
v 0.05881501 0.01276539 -0.00151718
v 0.05935444 0.01272918 -0.00070986
v 0.05943260 0.01272918 -0.00075758
v 0.05441502 0.01339174 -0.00552938
v 0.05559425 0.01317115 -0.00445773
v 0.05701721 0.01297621 -0.00350755
v 0.05830111 0.01282091 -0.00228628
v 0.05896095 0.01276539 -0.00160629
v 0.05951441 0.01272918 -0.00079876
v 0.05599127 0.01317115 -0.00480021
v 0.05523112 0.01339174 -0.00621935
v 0.05641496 0.01317115 -0.00510910
v 0.05613191 0.01339174 -0.00679439
v 0.05686247 0.01317115 -0.00538233
v 0.05733081 0.01317115 -0.00561807
v 0.05801190 0.01297621 -0.00411487
v 0.05837283 0.01297621 -0.00426092
v 0.05896059 0.01282091 -0.00261824
v 0.05919603 0.01282091 -0.00269177
v 0.05943543 0.01276539 -0.00179829
v 0.05960228 0.01276539 -0.00183576
v 0.05977609 0.01272918 -0.00088049
v 0.05986680 0.01272918 -0.00089318
v 0.05710130 0.01339174 -0.00724423
v 0.05781686 0.01317115 -0.00581475
v 0.05874448 0.01297621 -0.00437698
v 0.05943669 0.01282091 -0.00274581
v 0.05977163 0.01276539 -0.00185946
v 0.05995824 0.01272918 -0.00089843
v 0.05831735 0.01317115 -0.00597106
v 0.05812200 0.01339174 -0.00756086
v 0.05882894 0.01317115 -0.00608594
v 0.05917579 0.01339174 -0.00773861
v 0.05934820 0.01317115 -0.00615863
v 0.05987167 0.01317115 -0.00618864
v 0.05989867 0.01297621 -0.00453855
v 0.06028790 0.01297621 -0.00452900
v 0.06017380 0.01282091 -0.00278807
v 0.06041906 0.01282091 -0.00276189
v 0.06028334 0.01276539 -0.00184690
v 0.06045132 0.01276539 -0.00181492
v 0.06023084 0.01272918 -0.00086932
v 0.06031910 0.01272918 -0.00084490
v 0.06024387 0.01339174 -0.00777432
v 0.06039584 0.01317115 -0.00617577
v 0.06067505 0.01297621 -0.00448767
v 0.06066136 0.01282091 -0.00271575
v 0.06061612 0.01276539 -0.00176931
v 0.06040509 0.01272918 -0.00081334
v 0.06130719 0.01339174 -0.00766735
v 0.06091720 0.01317115 -0.00612011
v 0.06105754 0.01297621 -0.00441483
v 0.06089908 0.01282091 -0.00264996
v 0.06077665 0.01276539 -0.00171038
v 0.06048819 0.01272918 -0.00077486
v 0.06143228 0.01317115 -0.00602203
v 0.06234677 0.01339174 -0.00741961
v 0.06193761 0.01317115 -0.00588218
v 0.06242983 0.01317115 -0.00570151
v 0.06179829 0.01297621 -0.00417683
v 0.06215161 0.01297621 -0.00401324
v 0.06135447 0.01282091 -0.00246134
v 0.06156907 0.01282091 -0.00233976
v 0.06108062 0.01276539 -0.00155425
v 0.06122201 0.01276539 -0.00145809
v 0.06064362 0.01272918 -0.00067821
v 0.06071489 0.01272918 -0.00062069
v 0.06334403 0.01339174 -0.00703552
v 0.06290563 0.01317115 -0.00548121
v 0.06249037 0.01297621 -0.00382133
v 0.06177303 0.01282091 -0.00220105
v 0.06135508 0.01276539 -0.00135069
v 0.06078121 0.01272918 -0.00055754
v 0.06428122 0.01339174 -0.00652193
v 0.06336185 0.01317115 -0.00522277
v 0.06281233 0.01297621 -0.00360238
v 0.06196498 0.01282091 -0.00204614
v 0.06147893 0.01276539 -0.00123278
v 0.06084217 0.01272918 -0.00048917
v 0.06379541 0.01317115 -0.00492792
v 0.06514158 0.01339174 -0.00588801
v 0.06420343 0.01317115 -0.00459861
v 0.06458317 0.01317115 -0.00423707
v 0.06339730 0.01297621 -0.00308938
v 0.06365640 0.01297621 -0.00279876
v 0.06230776 0.01282091 -0.00169195
v 0.06245630 0.01282091 -0.00149505
v 0.06169571 0.01276539 -0.00096863
v 0.06178720 0.01276539 -0.00082416
v 0.06094632 0.01272918 -0.00033868
v 0.06098883 0.01272918 -0.00025756
v 0.06590978 0.01339174 -0.00514507
v 0.06493210 0.01317115 -0.00384570
v 0.06389089 0.01297621 -0.00248793
v 0.06258827 0.01282091 -0.00128666
v 0.06186657 0.01276539 -0.00067270
v 0.06102458 0.01272918 -0.00017323
v 0.06657209 0.01339174 -0.00430636
v 0.06524788 0.01317115 -0.00342712
v 0.06409919 0.01297621 -0.00215899
v 0.06270275 0.01282091 -0.00106818
v 0.06193330 0.01276539 -0.00051525
v 0.06105330 0.01272918 -0.00008627
v 0.06552839 0.01317115 -0.00298414
v 0.06711671 0.01339174 -0.00338687
v 0.06577177 0.01317115 -0.00251972
v 0.06753391 0.01339174 -0.00240299
v 0.06597637 0.01317115 -0.00203696
v 0.06614085 0.01317115 -0.00153909
v 0.06455398 0.01297621 -0.00108594
v 0.06464550 0.01297621 -0.00070750
v 0.06293435 0.01282091 -0.00036713
v 0.06297254 0.01282091 -0.00012345
v 0.06205361 0.01276539 -0.00001773
v 0.06206618 0.01276539 0.00015281
v 0.06109574 0.01272918 0.00018457
v 0.06109500 0.01272918 0.00027616
v 0.06781625 0.01339174 -0.00137228
v 0.06626409 0.01317115 -0.00102945
v 0.06470577 0.01297621 -0.00032284
v 0.06299068 0.01282091 0.00012254
v 0.06206479 0.01276539 0.00032380
v 0.06108676 0.01272918 0.00036737
v 0.06634527 0.01317115 -0.00051145
v 0.06795869 0.01339174 -0.00031313
v 0.06638383 0.01317115 0.00001146
v 0.06795869 0.01339174 0.00075555
v 0.06637954 0.01317115 0.00053577
v 0.06633242 0.01317115 0.00105798
v 0.06469624 0.01297621 0.00084257
v 0.06462967 0.01297621 0.00122619
v 0.06292433 0.01282091 0.00085787
v 0.06286244 0.01282091 0.00109664
v 0.06197727 0.01276539 0.00082812
v 0.06192099 0.01276539 0.00098959
v 0.06101798 0.01272918 0.00063275
v 0.06098087 0.01272918 0.00071648
v 0.06781625 0.01339174 0.00181470
v 0.06624278 0.01317115 0.00157459
v 0.06453197 0.01297621 0.00160309
v 0.06278124 0.01282091 0.00132954
v 0.06185169 0.01276539 0.00114593
v 0.06093703 0.01272918 0.00079690
v 0.06611122 0.01317115 0.00208214
v 0.06753391 0.01339174 0.00284541
v 0.06593862 0.01317115 0.00257725
v 0.06711671 0.01339174 0.00382929
v 0.06572615 0.01317115 0.00305660
v 0.06547521 0.01317115 0.00351697
v 0.06405970 0.01297621 0.00266855
v 0.06384604 0.01297621 0.00299404
v 0.06242789 0.01282091 0.00197781
v 0.06227614 0.01282091 0.00217226
v 0.06157081 0.01276539 0.00157383
v 0.06145494 0.01276539 0.00169959
v 0.06076837 0.01272918 0.00101302
v 0.06070797 0.01272918 0.00106913
v 0.06657209 0.01339174 0.00474879
v 0.06518748 0.01317115 0.00395531
v 0.06360649 0.01297621 0.00330098
v 0.06210900 0.01282091 0.00235366
v 0.06134217 0.01276539 0.00180434
v 0.06064362 0.01272918 0.00112063
v 0.06486490 0.01317115 0.00436866
v 0.06590978 0.01339174 0.00558749
v 0.06450962 0.01317115 0.00475427
v 0.06514158 0.01339174 0.00633043
v 0.06416386 0.01317115 0.00507546
v 0.06379541 0.01317115 0.00537034
v 0.06281233 0.01297621 0.00404480
v 0.06252337 0.01297621 0.00424306
v 0.06158997 0.01282091 0.00276907
v 0.06139817 0.01282091 0.00288086
v 0.06096213 0.01276539 0.00206509
v 0.06082382 0.01276539 0.00213259
v 0.06043034 0.01272918 0.00124493
v 0.06035380 0.01272918 0.00127554
v 0.06428122 0.01339174 0.00696435
v 0.06340627 0.01317115 0.00563732
v 0.06222060 0.01297621 0.00441951
v 0.06119866 0.01282091 0.00297823
v 0.06068091 0.01276539 0.00218974
v 0.06027522 0.01272918 0.00130044
v 0.06299855 0.01317115 0.00587495
v 0.06334403 0.01339174 0.00747794
v 0.06257445 0.01317115 0.00608194
v 0.06213626 0.01317115 0.00625718
v 0.06158029 0.01297621 0.00470334
v 0.06124622 0.01297621 0.00480917
v 0.06078089 0.01282091 0.00312771
v 0.06056490 0.01282091 0.00317900
v 0.06038444 0.01276539 0.00227178
v 0.06023249 0.01276539 0.00229623
v 0.06011363 0.01272918 0.00133258
v 0.06003150 0.01272918 0.00133965
v 0.06234677 0.01339174 0.00786203
v 0.06168637 0.01317115 0.00639970
v 0.06090527 0.01297621 0.00489015
v 0.06034571 0.01282091 0.00321427
v 0.06007914 0.01276539 0.00230944
v 0.05994908 0.01272918 0.00134066
v 0.06130719 0.01339174 0.00810978
v 0.06122722 0.01317115 0.00650874
v 0.06055928 0.01297621 0.00494582
v 0.06012454 0.01282091 0.00323332
v 0.05992525 0.01276539 0.00231133
v 0.05986680 0.01272918 0.00133561
v 0.06076130 0.01317115 0.00658371
v 0.06024387 0.01339174 0.00821675
v 0.06029112 0.01317115 0.00662420
v 0.05981923 0.01317115 0.00662999
v 0.05985973 0.01297621 0.00498018
v 0.05950996 0.01297621 0.00495869
v 0.05968096 0.01282091 0.00322243
v 0.05946098 0.01282091 0.00319255
v 0.05961912 0.01276539 0.00228118
v 0.05946855 0.01276539 0.00224930
v 0.05970447 0.01272918 0.00130744
v 0.05962530 0.01272918 0.00128448
v 0.05917579 0.01339174 0.00818104
v 0.05934820 0.01317115 0.00660105
v 0.05916271 0.01297621 0.00491153
v 0.05924379 0.01282091 0.00314657
v 0.05932073 0.01276539 0.00220643
v 0.05954804 0.01272918 0.00125576
v 0.05888057 0.01317115 0.00653754
v 0.05812200 0.01339174 0.00800328
v 0.05841889 0.01317115 0.00643980
v 0.05796564 0.01317115 0.00630836
v 0.05848331 0.01297621 0.00474135
v 0.05815483 0.01297621 0.00461925
v 0.05882248 0.01282091 0.00300739
v 0.05862065 0.01282091 0.00291494
v 0.05903653 0.01276539 0.00208872
v 0.05890170 0.01276539 0.00201450
v 0.05940088 0.01272918 0.00118169
v 0.05933177 0.01272918 0.00113673
v 0.05710130 0.01339174 0.00768666
v 0.05752329 0.01317115 0.00614393
v 0.05783623 0.01297621 0.00447332
v 0.05842616 0.01282091 0.00280790
v 0.05877269 0.01276539 0.00193057
v 0.05926617 0.01272918 0.00108682
v 0.05709423 0.01317115 0.00594741
v 0.05613191 0.01339174 0.00723681
v 0.05668079 0.01317115 0.00571986
v 0.05523112 0.01339174 0.00666177
v 0.05628522 0.01317115 0.00546251
v 0.05590965 0.01317115 0.00517676
v 0.05695659 0.01297621 0.00390105
v 0.05669406 0.01297621 0.00366892
v 0.05789708 0.01282091 0.00240535
v 0.05774204 0.01282091 0.00224646
v 0.05842742 0.01276539 0.00162527
v 0.05832833 0.01276539 0.00150750
v 0.05909378 0.01272918 0.00091014
v 0.05904549 0.01272918 0.00084333
v 0.05441502 0.01339174 0.00597180
v 0.05555612 0.01317115 0.00486415
v 0.05644934 0.01297621 0.00341810
v 0.05759911 0.01282091 0.00207659
v 0.05823817 0.01276539 0.00138277
v 0.05900225 0.01272918 0.00077315
v 0.05522653 0.01317115 0.00452638
v 0.05369816 0.01339174 0.00517921
v 0.05492270 0.01317115 0.00416528
v 0.05464625 0.01317115 0.00378281
v 0.05601843 0.01297621 0.00286595
v 0.05583459 0.01297621 0.00256761
v 0.05735260 0.01282091 0.00170767
v 0.05725036 0.01282091 0.00151061
v 0.05808655 0.01276539 0.00111512
v 0.05802591 0.01276539 0.00097366
v 0.05893181 0.01272918 0.00062422
v 0.05890499 0.01272918 0.00054627
v 0.05309334 0.01339174 0.00429815
v 0.05439869 0.01317115 0.00338104
v 0.05567320 0.01297621 0.00225655
v 0.05716290 0.01282091 0.00130656
v 0.05797584 0.01276539 0.00082812
v 0.05888398 0.01272918 0.00046656
v 0.05418134 0.01317115 0.00296214
v 0.05261135 0.01339174 0.00334433
v 0.05399541 0.01317115 0.00252839
v 0.05226080 0.01339174 0.00233478
v 0.05384189 0.01317115 0.00208214
v 0.05372161 0.01317115 0.00162581
v 0.05533182 0.01297621 0.00126422
v 0.05526768 0.01297621 0.00091971
v 0.05699346 0.01282091 0.00066371
v 0.05363523 0.01317115 0.00116186
v 0.05886889 0.01272918 0.00038552
v 0.05896428 0.01272918 0.00069998
v 0.05914686 0.01272918 0.00097322
v 0.05920442 0.01272918 0.00103222
v 0.05947309 0.01272918 0.00122143
v 0.05978512 0.01272918 0.00132451
v 0.06019502 0.01272918 0.00131948
v 0.06050442 0.01272918 0.00120878
v 0.06057564 0.01272918 0.00116727
v 0.06083043 0.01272918 0.00094567
v 0.06088677 0.01272918 0.00087346
v 0.06104813 0.01272918 0.00054627
v 0.06107111 0.01272918 0.00045761
v 0.06108901 0.01272918 0.00009324
v 0.06107483 0.01272918 0.00000275
v 0.06089733 0.01272918 -0.00041606
v 0.06056788 0.01272918 -0.00072971
v 0.06014086 0.01272918 -0.00088646
v 0.06004979 0.01272918 -0.00089618
v 0.05968673 0.01272918 -0.00086042
v 0.05959931 0.01272918 -0.00083312
v 0.05928043 0.01272918 -0.00065590
v 0.05921108 0.01272918 -0.00059608
v 0.05898899 0.01272918 -0.00030665
v 0.05894916 0.01272918 -0.00022418
v 0.05891620 0.01272918 -0.00013873
v 0.05889033 0.01272918 -0.00005087
v 0.05887173 0.01272918 0.00003880
v 0.05790844 0.01276539 0.00052799
v 0.05793662 0.01276539 0.00067930
v 0.05527974 0.01297621 -0.00055424
v 0.05535882 0.01297621 -0.00093547
v 0.05700110 0.01282091 -0.00027004
v 0.05705120 0.01282091 -0.00051155
v 0.05712087 0.01282091 -0.00074817
v 0.05791374 0.01276539 -0.00011936
v 0.05794847 0.01276539 -0.00028680
v 0.05799677 0.01276539 -0.00045084
v 0.05805831 0.01276539 -0.00061038
v 0.05597569 0.01297621 -0.00235841
v 0.05758401 0.01282091 -0.00161465
v 0.05842742 0.01276539 -0.00118285
v 0.05619988 0.01297621 -0.00267674
v 0.05774204 0.01282091 -0.00180403
v 0.05854734 0.01276539 -0.00130475
v 0.05733182 0.01297621 -0.00373692
v 0.05851162 0.01282091 -0.00241482
v 0.05911370 0.01276539 -0.00168317
v 0.05766413 0.01297621 -0.00393981
v 0.05873194 0.01282091 -0.00252571
v 0.05927220 0.01276539 -0.00174732
v 0.05912437 0.01297621 -0.00446229
v 0.05968096 0.01282091 -0.00278000
v 0.05994235 0.01276539 -0.00186925
v 0.05950996 0.01297621 -0.00451627
v 0.05992722 0.01282091 -0.00279412
v 0.06011330 0.01276539 -0.00186506
v 0.06143278 0.01297621 -0.00431099
v 0.06113063 0.01282091 -0.00256497
v 0.06093183 0.01276539 -0.00163854
v 0.06311531 0.01297621 -0.00335785
v 0.06214361 0.01282091 -0.00187606
v 0.06159272 0.01276539 -0.00110514
v 0.06427991 0.01297621 -0.00181412
v 0.06279901 0.01282091 -0.00084108
v 0.06198694 0.01276539 -0.00035288
v 0.06443185 0.01297621 -0.00145564
v 0.06287637 0.01282091 -0.00060688
v 0.06202713 0.01276539 -0.00018667
v 0.06473441 0.01297621 0.00006546
v 0.06298867 0.01282091 0.00036919
v 0.06204942 0.01276539 0.00049411
v 0.06473123 0.01297621 0.00045479
v 0.06296650 0.01282091 0.00061485
v 0.06202018 0.01276539 0.00066259
v 0.06440382 0.01297621 0.00197074
v 0.06268129 0.01282091 0.00155504
v 0.06176985 0.01276539 0.00129607
v 0.06424604 0.01297621 0.00232669
v 0.06256324 0.01282091 0.00177161
v 0.06167601 0.01276539 0.00143903
v 0.06334267 0.01297621 0.00358733
v 0.06194636 0.01282091 0.00250476
v 0.06122201 0.01276539 0.00190051
v 0.06308593 0.01297621 0.00382583
v 0.06177303 0.01282091 0.00264348
v 0.06109510 0.01276539 0.00198759
v 0.06190567 0.01297621 0.00457322
v 0.06099254 0.01282091 0.00306066
v 0.06053419 0.01276539 0.00223622
v 0.06021014 0.01297621 0.00497588
v 0.05990255 0.01282091 0.00323604
v 0.05977163 0.01276539 0.00230189
v 0.05881987 0.01297621 0.00483895
v 0.05903057 0.01282091 0.00308474
v 0.05917646 0.01276539 0.00215281
v 0.05752922 0.01297621 0.00430435
v 0.05824007 0.01282091 0.00268683
v 0.05865020 0.01276539 0.00183738
v 0.05723548 0.01297621 0.00411325
v 0.05806340 0.01282091 0.00255241
v 0.05853491 0.01276539 0.00173543
v 0.05622371 0.01297621 0.00314996
v 0.05746907 0.01282091 0.00189667
v 0.05815743 0.01276539 0.00125174
v 0.05553514 0.01297621 0.00193446
v 0.05709068 0.01282091 0.00109664
v 0.05542114 0.01297621 0.00160309
v 0.05703410 0.01282091 0.00088196
v 0.05197656 0.01411920 0.00022121
v 0.05204794 0.01411920 -0.00084508
v 0.05226080 0.01411920 -0.00189235
v 0.05261135 0.01411920 -0.00290190
v 0.05309334 0.01411920 -0.00385572
v 0.05369816 0.01411920 -0.00473679
v 0.05441502 0.01411920 -0.00552938
v 0.05523112 0.01411920 -0.00621935
v 0.05613191 0.01411920 -0.00679439
v 0.05710130 0.01411920 -0.00724423
v 0.05812200 0.01411920 -0.00756086
v 0.05917579 0.01411920 -0.00773861
v 0.06024387 0.01411920 -0.00777432
v 0.06130719 0.01411920 -0.00766735
v 0.06234677 0.01411920 -0.00741961
v 0.06334403 0.01411920 -0.00703552
v 0.06428122 0.01411920 -0.00652193
v 0.06514158 0.01411920 -0.00588801
v 0.06590978 0.01411920 -0.00514507
v 0.06657209 0.01411920 -0.00430636
v 0.06711671 0.01411920 -0.00338687
v 0.06753391 0.01411920 -0.00240299
v 0.06781625 0.01411920 -0.00137228
v 0.06795869 0.01411920 -0.00031313
v 0.06795869 0.01411920 0.00075555
v 0.06781625 0.01411920 0.00181470
v 0.06753391 0.01411920 0.00284541
v 0.06711671 0.01411920 0.00382929
v 0.06657209 0.01411920 0.00474879
v 0.06590978 0.01411920 0.00558749
v 0.06514158 0.01411920 0.00633043
v 0.06428122 0.01411920 0.00696435
v 0.06334403 0.01411920 0.00747794
v 0.06234677 0.01411920 0.00786203
v 0.06130719 0.01411920 0.00810978
v 0.06024387 0.01411920 0.00821675
v 0.05917579 0.01411920 0.00818104
v 0.05812200 0.01411920 0.00800328
v 0.05710130 0.01411920 0.00768666
v 0.05613191 0.01411920 0.00723681
v 0.05523112 0.01411920 0.00666177
v 0.05441502 0.01411920 0.00597180
v 0.05369816 0.01411920 0.00517921
v 0.05309334 0.01411920 0.00429815
v 0.05261135 0.01411920 0.00334433
v 0.05226080 0.01411920 0.00233478
v 0.05204794 0.01411920 0.00128751
v 0.05997656 0.01491513 0.00022121
v 0.05897838 0.01490812 0.00022121
v 0.05865853 0.01490902 0.00031844
v 0.05801750 0.01493207 0.00022121
v 0.05802280 0.01493207 0.00036533
v 0.05740213 0.01498987 0.00041111
v 0.05803870 0.01493207 0.00050867
v 0.05742307 0.01498987 0.00059999
v 0.05806510 0.01493207 0.00065045
v 0.05745786 0.01498987 0.00078681
v 0.05810185 0.01493207 0.00078990
v 0.05750629 0.01498987 0.00097056
v 0.05814877 0.01493207 0.00092627
v 0.05756811 0.01498987 0.00115025
v 0.05820559 0.01493207 0.00105882
v 0.05764298 0.01498987 0.00132491
v 0.05827200 0.01493207 0.00118683
v 0.05773050 0.01498987 0.00149359
v 0.05834766 0.01493207 0.00130961
v 0.05783018 0.01498987 0.00165538
v 0.05843214 0.01493207 0.00142649
v 0.05794150 0.01498987 0.00180939
v 0.05852499 0.01493207 0.00153684
v 0.05806385 0.01498987 0.00195479
v 0.05862571 0.01493207 0.00164006
v 0.05819656 0.01498987 0.00209080
v 0.05873375 0.01493207 0.00173559
v 0.05833892 0.01498987 0.00221668
v 0.05884852 0.01493207 0.00182291
v 0.05849015 0.01498987 0.00233175
v 0.05896940 0.01493207 0.00190156
v 0.05864944 0.01498987 0.00243537
v 0.05909574 0.01493207 0.00197110
v 0.05881592 0.01498987 0.00252700
v 0.05922686 0.01493207 0.00203115
v 0.05898869 0.01498987 0.00260614
v 0.05936203 0.01493207 0.00208140
v 0.05916681 0.01498987 0.00267235
v 0.05950055 0.01493207 0.00212157
v 0.05934932 0.01498987 0.00272527
v 0.05964163 0.01493207 0.00215143
v 0.05953524 0.01498987 0.00276463
v 0.05978454 0.01493207 0.00217084
v 0.05972354 0.01498987 0.00279021
v 0.05992848 0.01493207 0.00217969
v 0.05991321 0.01498987 0.00280186
v 0.06007269 0.01493207 0.00217792
v 0.06010322 0.01498987 0.00279953
v 0.06021637 0.01493207 0.00216554
v 0.06029255 0.01498987 0.00278322
v 0.06035875 0.01493207 0.00214263
v 0.06048017 0.01498987 0.00275304
v 0.06049906 0.01493207 0.00210931
v 0.06066506 0.01498987 0.00270913
v 0.06063655 0.01493207 0.00206576
v 0.06084622 0.01498987 0.00265174
v 0.06077045 0.01493207 0.00201221
v 0.06102265 0.01498987 0.00258118
v 0.06090006 0.01493207 0.00194895
v 0.06119343 0.01498987 0.00249783
v 0.06102465 0.01493207 0.00187634
v 0.06135762 0.01498987 0.00240214
v 0.06114357 0.01493207 0.00179475
v 0.06151431 0.01498987 0.00229463
v 0.06125617 0.01493207 0.00170463
v 0.06166268 0.01498987 0.00217589
v 0.06136183 0.01493207 0.00160648
v 0.06180190 0.01498987 0.00204656
v 0.06147040 0.01493207 0.00148864
v 0.06194497 0.01498987 0.00189128
v 0.06156898 0.01493207 0.00136232
v 0.06207486 0.01498987 0.00172484
v 0.06165690 0.01493207 0.00122837
v 0.06219072 0.01498987 0.00154833
v 0.06173359 0.01493207 0.00108768
v 0.06229177 0.01498987 0.00136295
v 0.06179852 0.01493207 0.00094120
v 0.06237733 0.01498987 0.00116993
v 0.06185127 0.01493207 0.00078990
v 0.06244683 0.01498987 0.00097056
v 0.06189147 0.01493207 0.00063479
v 0.06249981 0.01498987 0.00076618
v 0.06191887 0.01493207 0.00047692
v 0.06253590 0.01498987 0.00055816
v 0.06193326 0.01493207 0.00031734
v 0.06255487 0.01498987 0.00034788
v 0.06193457 0.01493207 0.00015711
v 0.06255659 0.01498987 0.00013675
v 0.06192278 0.01493207 -0.00000268
v 0.06254108 0.01498987 -0.00007381
v 0.06189798 0.01493207 -0.00016098
v 0.06250838 0.01498987 -0.00028240
v 0.06186032 0.01493207 -0.00031672
v 0.06245876 0.01498987 -0.00048762
v 0.06181006 0.01493207 -0.00046887
v 0.06239253 0.01498987 -0.00068809
v 0.06174753 0.01493207 -0.00061640
v 0.06231014 0.01498987 -0.00088249
v 0.06167316 0.01493207 -0.00075832
v 0.06221214 0.01498987 -0.00106950
v 0.06158743 0.01493207 -0.00089369
v 0.06209918 0.01498987 -0.00124788
v 0.06149094 0.01493207 -0.00102160
v 0.06197203 0.01498987 -0.00141643
v 0.06138430 0.01493207 -0.00114120
v 0.06183152 0.01498987 -0.00157402
v 0.06126826 0.01493207 -0.00125169
v 0.06167861 0.01498987 -0.00171960
v 0.06114357 0.01493207 -0.00135232
v 0.06151431 0.01498987 -0.00185221
v 0.06101108 0.01493207 -0.00144243
v 0.06133972 0.01498987 -0.00197094
v 0.06087166 0.01493207 -0.00152141
v 0.06115602 0.01498987 -0.00207501
v 0.06072626 0.01493207 -0.00158873
v 0.06096443 0.01498987 -0.00216371
v 0.06057584 0.01493207 -0.00164394
v 0.06076622 0.01498987 -0.00223647
v 0.06042141 0.01493207 -0.00168667
v 0.06056274 0.01498987 -0.00229278
v 0.06026401 0.01493207 -0.00171665
v 0.06035534 0.01498987 -0.00233227
v 0.06010469 0.01493207 -0.00173366
v 0.06014539 0.01498987 -0.00235468
v 0.05994451 0.01493207 -0.00173759
v 0.05993432 0.01498987 -0.00235987
v 0.05978454 0.01493207 -0.00172842
v 0.05972354 0.01498987 -0.00234778
v 0.05962585 0.01493207 -0.00170621
v 0.05951444 0.01498987 -0.00231851
v 0.05946952 0.01493207 -0.00167110
v 0.05930844 0.01498987 -0.00227225
v 0.05931657 0.01493207 -0.00162333
v 0.05910691 0.01498987 -0.00220931
v 0.05916804 0.01493207 -0.00156323
v 0.05891119 0.01498987 -0.00213011
v 0.05902492 0.01493207 -0.00149119
v 0.05872260 0.01498987 -0.00203519
v 0.05888816 0.01493207 -0.00140769
v 0.05854240 0.01498987 -0.00192516
v 0.05875868 0.01493207 -0.00131330
v 0.05837179 0.01498987 -0.00180078
v 0.05863735 0.01493207 -0.00120864
v 0.05821192 0.01498987 -0.00166288
v 0.05852499 0.01493207 -0.00109441
v 0.05806385 0.01498987 -0.00151237
v 0.05842233 0.01493207 -0.00097139
v 0.05792858 0.01498987 -0.00135026
v 0.05833007 0.01493207 -0.00084039
v 0.05780700 0.01498987 -0.00117764
v 0.05824882 0.01493207 -0.00070228
v 0.05769994 0.01498987 -0.00099566
v 0.05817913 0.01493207 -0.00055800
v 0.05760812 0.01498987 -0.00080555
v 0.05812146 0.01493207 -0.00040851
v 0.05753213 0.01498987 -0.00060856
v 0.05807621 0.01493207 -0.00025480
v 0.05747250 0.01498987 -0.00040602
v 0.05804366 0.01493207 -0.00009791
v 0.05742962 0.01498987 -0.00019929
v 0.05802404 0.01493207 0.00006112
v 0.05740377 0.01498987 0.00001026
v 0.05709454 0.01502636 0.00022121
v 0.05621743 0.01513242 -0.00008702
v 0.05620482 0.01513242 0.00022121
v 0.05571846 0.01517638 0.00022121
v 0.05555917 0.01518847 -0.00014099
v 0.05517722 0.01520616 0.00022121
v 0.05480792 0.01520979 -0.00020259
v 0.05459340 0.01520392 0.00022121
v 0.05441419 0.01519173 -0.00023487
v 0.05400256 0.01514549 0.00022121
v 0.05402254 0.01514549 -0.00026699
v 0.05364070 0.01506657 -0.00029830
v 0.05370435 0.01506657 -0.00081433
v 0.05334118 0.01495215 -0.00087429
v 0.05345290 0.01495215 -0.00141288
v 0.05311364 0.01480066 -0.00149786
v 0.05327708 0.01480066 -0.00205295
v 0.05296507 0.01461138 -0.00215887
v 0.05318302 0.01461138 -0.00272389
v 0.05290005 0.01438418 -0.00284657
v 0.05317442 0.01438418 -0.00341461
v 0.05349430 0.01438418 -0.00395832
v 0.05385753 0.01438418 -0.00447408
v 0.05426170 0.01438418 -0.00495843
v 0.05410222 0.01461138 -0.00428632
v 0.05449023 0.01461138 -0.00475130
v 0.05436363 0.01480066 -0.00408574
v 0.05473437 0.01480066 -0.00453003
v 0.05464109 0.01495215 -0.00387283
v 0.05499351 0.01495215 -0.00429516
v 0.05493312 0.01506657 -0.00364876
v 0.05526625 0.01506657 -0.00404797
v 0.05523707 0.01514549 -0.00341553
v 0.05555012 0.01514549 -0.00379068
v 0.05554883 0.01519173 -0.00317630
v 0.05584129 0.01519173 -0.00352678
v 0.05586225 0.01520979 -0.00293581
v 0.05613400 0.01520979 -0.00326148
v 0.05646025 0.01518847 -0.00247695
v 0.05669251 0.01518847 -0.00275528
v 0.05698423 0.01513242 -0.00207488
v 0.05718188 0.01513242 -0.00231173
v 0.05621504 0.01513242 0.00049868
v 0.05624564 0.01513242 0.00077464
v 0.05629646 0.01513242 0.00104761
v 0.05636723 0.01513242 0.00131609
v 0.05645755 0.01513242 0.00157864
v 0.05656694 0.01513242 0.00183384
v 0.05669482 0.01513242 0.00208030
v 0.05684047 0.01513242 0.00231668
v 0.05700312 0.01513242 0.00254171
v 0.05718188 0.01513242 0.00275416
v 0.05737579 0.01513242 0.00295288
v 0.05758379 0.01513242 0.00313681
v 0.05780476 0.01513242 0.00330493
v 0.05803749 0.01513242 0.00345634
v 0.05828074 0.01513242 0.00359022
v 0.05853318 0.01513242 0.00370585
v 0.05879343 0.01513242 0.00380259
v 0.05906010 0.01513242 0.00387992
v 0.05933174 0.01513242 0.00393742
v 0.05960686 0.01513242 0.00397479
v 0.05988400 0.01513242 0.00399182
v 0.06016163 0.01513242 0.00398841
v 0.06043826 0.01513242 0.00396459
v 0.06071239 0.01513242 0.00392048
v 0.06098253 0.01513242 0.00385632
v 0.06124722 0.01513242 0.00377247
v 0.06150502 0.01513242 0.00366937
v 0.06175454 0.01513242 0.00354759
v 0.06199443 0.01513242 0.00340778
v 0.06222338 0.01513242 0.00325070
v 0.06244016 0.01513242 0.00307721
v 0.06264358 0.01513242 0.00288823
v 0.06285261 0.01513242 0.00266136
v 0.06304241 0.01513242 0.00241817
v 0.06321169 0.01513242 0.00216027
v 0.06335934 0.01513242 0.00188941
v 0.06348434 0.01513242 0.00160739
v 0.06358588 0.01513242 0.00131609
v 0.06366329 0.01513242 0.00101747
v 0.06371603 0.01513242 0.00071352
v 0.06374376 0.01513242 0.00040628
v 0.06374628 0.01513242 0.00009781
v 0.06372358 0.01513242 -0.00020985
v 0.06367582 0.01513242 -0.00051462
v 0.06360332 0.01513242 -0.00081446
v 0.06350655 0.01513242 -0.00110738
v 0.06338617 0.01513242 -0.00139141
v 0.06324299 0.01513242 -0.00166466
v 0.06307793 0.01513242 -0.00192528
v 0.06289215 0.01513242 -0.00217155
v 0.06268686 0.01513242 -0.00240182
v 0.06246344 0.01513242 -0.00261453
v 0.06222338 0.01513242 -0.00280828
v 0.06196830 0.01513242 -0.00298176
v 0.06169988 0.01513242 -0.00313381
v 0.06141994 0.01513242 -0.00326342
v 0.06113034 0.01513242 -0.00336972
v 0.06083303 0.01513242 -0.00345200
v 0.06052998 0.01513242 -0.00350970
v 0.06022324 0.01513242 -0.00354245
v 0.05991484 0.01513242 -0.00355002
v 0.05960686 0.01513242 -0.00353237
v 0.05930136 0.01513242 -0.00348960
v 0.05900036 0.01513242 -0.00342201
v 0.05870590 0.01513242 -0.00333005
v 0.05841993 0.01513242 -0.00321433
v 0.05814439 0.01513242 -0.00307563
v 0.05788109 0.01513242 -0.00291487
v 0.05763182 0.01513242 -0.00273314
v 0.05739823 0.01513242 -0.00253164
v 0.05555635 0.01518847 0.00054727
v 0.05480463 0.01520979 0.00060272
v 0.05441066 0.01519173 0.00063178
v 0.05401875 0.01514549 0.00066069
v 0.05363666 0.01506657 0.00068887
v 0.05406722 0.01514549 0.00109778
v 0.05368824 0.01506657 0.00115400
v 0.05414772 0.01514549 0.00153012
v 0.05377391 0.01506657 0.00161407
v 0.05425980 0.01514549 0.00195537
v 0.05389317 0.01506657 0.00206659
v 0.05440286 0.01514549 0.00237122
v 0.05404541 0.01506657 0.00250911
v 0.05457613 0.01514549 0.00277542
v 0.05422979 0.01506657 0.00293923
v 0.05477866 0.01514549 0.00316578
v 0.05444531 0.01506657 0.00335462
v 0.05500937 0.01514549 0.00354019
v 0.05469080 0.01506657 0.00375304
v 0.05526698 0.01514549 0.00389660
v 0.05496494 0.01506657 0.00413231
v 0.05555012 0.01514549 0.00423310
v 0.05526625 0.01506657 0.00449039
v 0.05585725 0.01514549 0.00454786
v 0.05559307 0.01506657 0.00482534
v 0.05618669 0.01514549 0.00483917
v 0.05594365 0.01506657 0.00513533
v 0.05653669 0.01514549 0.00510546
v 0.05631608 0.01506657 0.00541869
v 0.05690531 0.01514549 0.00534528
v 0.05670835 0.01506657 0.00567389
v 0.05729058 0.01514549 0.00555733
v 0.05711833 0.01506657 0.00589954
v 0.05769041 0.01514549 0.00574047
v 0.05754380 0.01506657 0.00609442
v 0.05810263 0.01514549 0.00589369
v 0.05798245 0.01506657 0.00625747
v 0.05852500 0.01514549 0.00601618
v 0.05843190 0.01506657 0.00638782
v 0.05895523 0.01514549 0.00610726
v 0.05888974 0.01506657 0.00648474
v 0.05939100 0.01514549 0.00616644
v 0.05935345 0.01506657 0.00654772
v 0.05982995 0.01514549 0.00619341
v 0.05982054 0.01506657 0.00657642
v 0.06026969 0.01514549 0.00618801
v 0.06028849 0.01506657 0.00657067
v 0.06070784 0.01514549 0.00615028
v 0.06075474 0.01506657 0.00653052
v 0.06114202 0.01514549 0.00608042
v 0.06121677 0.01506657 0.00645618
v 0.06156990 0.01514549 0.00597881
v 0.06167208 0.01506657 0.00634805
v 0.06198914 0.01514549 0.00584599
v 0.06211821 0.01506657 0.00620672
v 0.06239747 0.01514549 0.00568270
v 0.06255272 0.01506657 0.00603295
v 0.06279268 0.01514549 0.00548981
v 0.06297328 0.01506657 0.00582769
v 0.06317263 0.01514549 0.00526836
v 0.06337760 0.01506657 0.00559205
v 0.06353527 0.01514549 0.00501957
v 0.06376349 0.01506657 0.00532730
v 0.06387861 0.01514549 0.00474478
v 0.06412885 0.01506657 0.00503488
v 0.06420081 0.01514549 0.00444547
v 0.06447172 0.01506657 0.00471637
v 0.06453189 0.01514549 0.00408613
v 0.06482403 0.01506657 0.00433399
v 0.06483250 0.01514549 0.00370093
v 0.06514392 0.01506657 0.00392409
v 0.06510063 0.01514549 0.00329246
v 0.06542924 0.01506657 0.00348942
v 0.06533448 0.01514549 0.00286344
v 0.06567808 0.01506657 0.00303289
v 0.06553248 0.01514549 0.00241675
v 0.06588879 0.01506657 0.00255755
v 0.06569332 0.01514549 0.00195537
v 0.06605994 0.01506657 0.00206659
v 0.06581591 0.01514549 0.00148239
v 0.06619040 0.01506657 0.00156327
v 0.06589945 0.01514549 0.00100098
v 0.06627929 0.01506657 0.00105098
v 0.06594336 0.01514549 0.00051434
v 0.06632602 0.01506657 0.00053314
v 0.06594735 0.01514549 0.00002575
v 0.06633027 0.01506657 0.00001321
v 0.06591141 0.01514549 -0.00046154
v 0.06629203 0.01506657 -0.00050532
v 0.06583577 0.01514549 -0.00094426
v 0.06621153 0.01506657 -0.00101900
v 0.06572093 0.01514549 -0.00141918
v 0.06608932 0.01506657 -0.00152438
v 0.06556766 0.01514549 -0.00188313
v 0.06592622 0.01506657 -0.00201808
v 0.06537699 0.01514549 -0.00233300
v 0.06572332 0.01506657 -0.00249681
v 0.06515019 0.01514549 -0.00276579
v 0.06548198 0.01506657 -0.00295735
v 0.06488879 0.01514549 -0.00317859
v 0.06520382 0.01506657 -0.00339662
v 0.06459452 0.01514549 -0.00356865
v 0.06489068 0.01506657 -0.00381170
v 0.06426936 0.01514549 -0.00393336
v 0.06454466 0.01506657 -0.00419980
v 0.06391548 0.01514549 -0.00427028
v 0.06416810 0.01506657 -0.00455832
v 0.06353527 0.01514549 -0.00457715
v 0.06376349 0.01506657 -0.00488487
v 0.06313124 0.01514549 -0.00485192
v 0.06333354 0.01506657 -0.00517727
v 0.06270611 0.01514549 -0.00509275
v 0.06288115 0.01506657 -0.00543355
v 0.06226271 0.01514549 -0.00529804
v 0.06240932 0.01506657 -0.00565200
v 0.06180402 0.01514549 -0.00546641
v 0.06192122 0.01506657 -0.00583116
v 0.06133311 0.01514549 -0.00559673
v 0.06142011 0.01506657 -0.00596984
v 0.06085313 0.01514549 -0.00568812
v 0.06090934 0.01506657 -0.00606710
v 0.06036728 0.01514549 -0.00573999
v 0.06039234 0.01506657 -0.00612229
v 0.05987881 0.01514549 -0.00575198
v 0.05987255 0.01506657 -0.00613505
v 0.05939100 0.01514549 -0.00572402
v 0.05935345 0.01506657 -0.00610529
v 0.05890711 0.01514549 -0.00565628
v 0.05883853 0.01506657 -0.00603321
v 0.05843038 0.01514549 -0.00554922
v 0.05833122 0.01506657 -0.00591929
v 0.05796398 0.01514549 -0.00540357
v 0.05783491 0.01506657 -0.00576429
v 0.05751105 0.01514549 -0.00522029
v 0.05735293 0.01506657 -0.00556926
v 0.05707461 0.01514549 -0.00500060
v 0.05688851 0.01506657 -0.00533548
v 0.05665758 0.01514549 -0.00474598
v 0.05644473 0.01506657 -0.00506454
v 0.05626276 0.01514549 -0.00445814
v 0.05602459 0.01506657 -0.00475823
v 0.05589278 0.01514549 -0.00413899
v 0.05563089 0.01506657 -0.00441862
v 0.05343328 0.01501392 0.00022121
v 0.05326958 0.01495215 0.00071595
v 0.05332414 0.01495215 0.00120801
v 0.05341476 0.01495215 0.00169471
v 0.05354094 0.01495215 0.00217344
v 0.05370199 0.01495215 0.00264158
v 0.05389705 0.01495215 0.00309661
v 0.05412505 0.01495215 0.00353605
v 0.05438475 0.01495215 0.00395754
v 0.05467477 0.01495215 0.00435877
v 0.05499351 0.01495215 0.00473758
v 0.05533926 0.01495215 0.00509192
v 0.05571013 0.01495215 0.00541986
v 0.05610413 0.01495215 0.00571964
v 0.05651911 0.01495215 0.00598961
v 0.05695283 0.01495215 0.00622833
v 0.05740293 0.01495215 0.00643449
v 0.05786698 0.01495215 0.00660698
v 0.05834247 0.01495215 0.00674487
v 0.05882681 0.01495216 0.00684740
v 0.05931737 0.01495216 0.00691403
v 0.05981151 0.01495216 0.00694439
v 0.06030655 0.01495216 0.00693831
v 0.06079979 0.01495216 0.00689584
v 0.06128858 0.01495216 0.00681719
v 0.06177026 0.01495216 0.00670280
v 0.06224221 0.01495216 0.00655329
v 0.06270189 0.01495216 0.00636946
v 0.06314680 0.01495216 0.00615231
v 0.06357453 0.01495216 0.00590302
v 0.06398276 0.01495216 0.00562295
v 0.06436928 0.01495216 0.00531360
v 0.06473200 0.01495216 0.00497665
v 0.06510471 0.01495216 0.00457212
v 0.06544312 0.01495216 0.00413849
v 0.06574496 0.01495216 0.00367866
v 0.06600821 0.01495216 0.00319569
v 0.06623111 0.01495216 0.00269283
v 0.06641217 0.01495216 0.00217344
v 0.06655019 0.01495216 0.00164098
v 0.06664423 0.01495216 0.00109903
v 0.06669366 0.01495216 0.00055120
v 0.06669816 0.01495216 0.00000117
v 0.06665769 0.01495216 -0.00054739
v 0.06657254 0.01495216 -0.00109081
v 0.06644326 0.01495216 -0.00162545
v 0.06627072 0.01495216 -0.00214774
v 0.06605607 0.01495216 -0.00265418
v 0.06580076 0.01495216 -0.00314139
v 0.06550648 0.01495216 -0.00360610
v 0.06517521 0.01495216 -0.00404521
v 0.06480917 0.01495216 -0.00445578
v 0.06441079 0.01495216 -0.00483506
v 0.06398276 0.01495216 -0.00518052
v 0.06352792 0.01495216 -0.00548984
v 0.06304932 0.01495216 -0.00576096
v 0.06255018 0.01495216 -0.00599206
v 0.06203382 0.01495216 -0.00618160
v 0.06150370 0.01495216 -0.00632831
v 0.06096335 0.01495216 -0.00643120
v 0.06041641 0.01495216 -0.00648959
v 0.05986652 0.01495216 -0.00650309
v 0.05931737 0.01495216 -0.00647161
v 0.05877263 0.01495216 -0.00639535
v 0.05823595 0.01495215 -0.00627483
v 0.05771090 0.01495215 -0.00611086
v 0.05720102 0.01495215 -0.00590453
v 0.05670970 0.01495215 -0.00565722
v 0.05624024 0.01495215 -0.00537059
v 0.05579576 0.01495215 -0.00504655
v 0.05537926 0.01495215 -0.00468727
v 0.05290161 0.01480066 0.00022121
v 0.05292078 0.01480066 0.00074168
v 0.05297819 0.01480066 0.00125932
v 0.05307352 0.01480066 0.00177134
v 0.05320625 0.01480066 0.00227496
v 0.05337569 0.01480066 0.00276745
v 0.05358088 0.01480066 0.00324614
v 0.05382074 0.01480066 0.00370844
v 0.05409396 0.01480066 0.00415184
v 0.05439905 0.01480066 0.00457394
v 0.05473437 0.01480066 0.00497245
v 0.05509810 0.01480066 0.00534522
v 0.05548826 0.01480066 0.00569022
v 0.05590275 0.01480066 0.00600558
v 0.05633931 0.01480066 0.00628959
v 0.05679558 0.01480066 0.00654072
v 0.05726910 0.01480066 0.00675761
v 0.05775728 0.01480066 0.00693907
v 0.05825749 0.01480066 0.00708413
v 0.05876702 0.01480066 0.00719199
v 0.05928309 0.01480066 0.00726209
v 0.05980293 0.01480066 0.00729402
v 0.06032371 0.01480066 0.00728763
v 0.06084261 0.01480066 0.00724295
v 0.06135681 0.01480066 0.00716021
v 0.06186353 0.01480066 0.00703987
v 0.06236003 0.01480066 0.00688258
v 0.06284361 0.01480066 0.00668919
v 0.06331167 0.01480066 0.00646075
v 0.06376164 0.01480066 0.00619850
v 0.06419110 0.01480066 0.00590386
v 0.06459772 0.01480066 0.00557842
v 0.06497930 0.01480066 0.00522395
v 0.06537139 0.01480066 0.00479839
v 0.06572741 0.01480066 0.00434221
v 0.06604494 0.01480066 0.00385846
v 0.06632188 0.01480066 0.00335038
v 0.06655638 0.01480066 0.00282137
v 0.06674685 0.01480066 0.00227496
v 0.06689205 0.01480066 0.00171481
v 0.06699097 0.01480066 0.00114468
v 0.06704298 0.01480066 0.00056836
v 0.06704771 0.01480066 -0.00001027
v 0.06700514 0.01480066 -0.00058736
v 0.06691556 0.01480066 -0.00115904
v 0.06677955 0.01480066 -0.00172149
v 0.06659804 0.01480066 -0.00227094
v 0.06637223 0.01480066 -0.00280371
v 0.06610364 0.01480066 -0.00331626
v 0.06579406 0.01480066 -0.00380514
v 0.06544556 0.01480066 -0.00426708
v 0.06506048 0.01480066 -0.00469900
v 0.06464139 0.01480066 -0.00509801
v 0.06419110 0.01480066 -0.00546143
v 0.06371261 0.01480066 -0.00578684
v 0.06320912 0.01480066 -0.00607206
v 0.06268402 0.01480066 -0.00631518
v 0.06214080 0.01480066 -0.00651458
v 0.06158311 0.01480066 -0.00666891
v 0.06101467 0.01480066 -0.00677715
v 0.06043928 0.01480066 -0.00683858
v 0.05986080 0.01480066 -0.00685278
v 0.05928309 0.01480066 -0.00681966
v 0.05871002 0.01480066 -0.00673944
v 0.05814543 0.01480066 -0.00661266
v 0.05759308 0.01480066 -0.00644016
v 0.05705668 0.01480066 -0.00622310
v 0.05653981 0.01480066 -0.00596293
v 0.05604593 0.01480066 -0.00566139
v 0.05557835 0.01480066 -0.00532050
v 0.05514019 0.01480066 -0.00494253
v 0.05259218 0.01461138 0.00076592
v 0.05241525 0.01450251 0.00022121
v 0.05228459 0.01438418 0.00078861
v 0.05245110 0.01438418 0.00191111
v 0.05234717 0.01438418 0.00135292
v 0.05265226 0.01461138 0.00130767
v 0.05278051 0.01438418 0.00299703
v 0.05259581 0.01438418 0.00246014
v 0.05289095 0.01461138 0.00237061
v 0.05275203 0.01461138 0.00184353
v 0.05300421 0.01438418 0.00351889
v 0.05326569 0.01438418 0.00402287
v 0.05356355 0.01438418 0.00450625
v 0.05381999 0.01461138 0.00433490
v 0.05413929 0.01461138 0.00477666
v 0.05389615 0.01438418 0.00496641
v 0.05449023 0.01461138 0.00519373
v 0.05426170 0.01438418 0.00540085
v 0.05465822 0.01438418 0.00580723
v 0.05508357 0.01438418 0.00618334
v 0.05527923 0.01461138 0.00594492
v 0.05571302 0.01461138 0.00627497
v 0.05553542 0.01438418 0.00652713
v 0.05616992 0.01461138 0.00657221
v 0.05601136 0.01438418 0.00683676
v 0.05650877 0.01438418 0.00711053
v 0.05702497 0.01438418 0.00734697
v 0.05755718 0.01438418 0.00754479
v 0.05765392 0.01461138 0.00725194
v 0.05817742 0.01461138 0.00740375
v 0.05810249 0.01438418 0.00770293
v 0.05871068 0.01461138 0.00751664
v 0.05865796 0.01438418 0.00782053
v 0.05922057 0.01438418 0.00789694
v 0.05978727 0.01438418 0.00793175
v 0.05979484 0.01461138 0.00762342
v 0.06033988 0.01461138 0.00761673
v 0.06035502 0.01438418 0.00792479
v 0.06088294 0.01461138 0.00756997
v 0.06092070 0.01438418 0.00787607
v 0.06148126 0.01438418 0.00778588
v 0.06203368 0.01438418 0.00765469
v 0.06195142 0.01461138 0.00735743
v 0.06247104 0.01461138 0.00719282
v 0.06257495 0.01438418 0.00748321
v 0.06297714 0.01461138 0.00699042
v 0.06310213 0.01438418 0.00727239
v 0.06346698 0.01461138 0.00675134
v 0.06361238 0.01438418 0.00702335
v 0.06410293 0.01438418 0.00673745
v 0.06457111 0.01438418 0.00641624
v 0.06438738 0.01461138 0.00616851
v 0.06481294 0.01461138 0.00582792
v 0.06501439 0.01438418 0.00606146
v 0.06521229 0.01461138 0.00545694
v 0.06543038 0.01438418 0.00567503
v 0.06585783 0.01438418 0.00521110
v 0.06624594 0.01438418 0.00471378
v 0.06659210 0.01438418 0.00418642
v 0.06632756 0.01461138 0.00402785
v 0.06661740 0.01461138 0.00349611
v 0.06689402 0.01438418 0.00363252
v 0.06686281 0.01461138 0.00294246
v 0.06714965 0.01438418 0.00305581
v 0.06735731 0.01438418 0.00246014
v 0.06751559 0.01438418 0.00184949
v 0.06762344 0.01438418 0.00122794
v 0.06731765 0.01461138 0.00118769
v 0.06737208 0.01461138 0.00058453
v 0.06768014 0.01438418 0.00059967
v 0.06737703 0.01461138 -0.00002105
v 0.06768529 0.01438418 -0.00003115
v 0.06763889 0.01438418 -0.00066027
v 0.06754123 0.01438418 -0.00128349
v 0.06739295 0.01438418 -0.00189665
v 0.06709638 0.01461138 -0.00181196
v 0.06690641 0.01461138 -0.00238700
v 0.06719507 0.01438418 -0.00249564
v 0.06667009 0.01461138 -0.00294459
v 0.06694890 0.01438418 -0.00307646
v 0.06665609 0.01438418 -0.00363522
v 0.06631860 0.01438418 -0.00416818
v 0.06593869 0.01438418 -0.00467178
v 0.06570027 0.01461138 -0.00447611
v 0.06529725 0.01461138 -0.00492815
v 0.06551888 0.01438418 -0.00514264
v 0.06485865 0.01461138 -0.00534574
v 0.06506200 0.01438418 -0.00557763
v 0.06438738 0.01461138 -0.00572609
v 0.06457111 0.01438418 -0.00597382
v 0.06404947 0.01438418 -0.00632857
v 0.06350060 0.01438418 -0.00663950
v 0.06335968 0.01461138 -0.00636516
v 0.06281012 0.01461138 -0.00661960
v 0.06292814 0.01438418 -0.00690455
v 0.06224160 0.01461138 -0.00682828
v 0.06233595 0.01438418 -0.00712192
v 0.06165793 0.01461138 -0.00698980
v 0.06172797 0.01438418 -0.00729017
v 0.06110827 0.01438418 -0.00740817
v 0.06048100 0.01438418 -0.00747514
v 0.06046083 0.01461138 -0.00716737
v 0.05985541 0.01461138 -0.00718224
v 0.05985036 0.01438418 -0.00749062
v 0.05925080 0.01461138 -0.00714757
v 0.05922057 0.01438418 -0.00745451
v 0.05865104 0.01461138 -0.00706362
v 0.05859583 0.01438418 -0.00736706
v 0.05798032 0.01438418 -0.00722884
v 0.05737818 0.01438418 -0.00704079
v 0.05679341 0.01438418 -0.00680416
v 0.05692070 0.01461138 -0.00652322
v 0.05637975 0.01461138 -0.00625094
v 0.05622993 0.01438418 -0.00652053
v 0.05586287 0.01461138 -0.00593535
v 0.05569152 0.01438418 -0.00619180
v 0.05518177 0.01438418 -0.00582017
v 0.05470410 0.01438418 -0.00540813
v 0.05267302 0.01438418 -0.00225801
v 0.05249484 0.01438418 -0.00165286
v 0.05236671 0.01438418 -0.00103518
v 0.05267102 0.01461138 -0.00098494
v 0.05259688 0.01461138 -0.00038389
v 0.05292528 0.01480066 -0.00035696
v 0.05327385 0.01495215 -0.00032838
v 0.05228949 0.01438418 -0.00040909
v 0.05865937 0.01490902 0.00011321
v 0.05867260 0.01490902 0.00000593
v 0.05869456 0.01490902 -0.00009991
v 0.05872509 0.01490902 -0.00020360
v 0.05876400 0.01490902 -0.00030445
v 0.05881101 0.01490902 -0.00040179
v 0.05886582 0.01490902 -0.00049495
v 0.05892806 0.01490902 -0.00058333
v 0.05899732 0.01490902 -0.00066632
v 0.05907312 0.01490902 -0.00074338
v 0.05915497 0.01490902 -0.00081398
v 0.05924231 0.01490902 -0.00087766
v 0.05933458 0.01490902 -0.00093399
v 0.05943112 0.01490902 -0.00098259
v 0.05953132 0.01490902 -0.00102314
v 0.05963450 0.01490902 -0.00105536
v 0.05973997 0.01490902 -0.00107904
v 0.05984702 0.01490902 -0.00109403
v 0.05995494 0.01490902 -0.00110022
v 0.06006300 0.01490902 -0.00109756
v 0.06017048 0.01490902 -0.00108609
v 0.06027666 0.01490902 -0.00106587
v 0.06038084 0.01490902 -0.00103704
v 0.06048232 0.01490902 -0.00099979
v 0.06058040 0.01490902 -0.00095438
v 0.06067446 0.01490902 -0.00090110
v 0.06076384 0.01490902 -0.00084031
v 0.06084796 0.01490902 -0.00077242
v 0.06092624 0.01490902 -0.00069789
v 0.06099817 0.01490902 -0.00061720
v 0.06106327 0.01490902 -0.00053091
v 0.06112110 0.01490902 -0.00043959
v 0.06117127 0.01490902 -0.00034385
v 0.06121346 0.01490902 -0.00024432
v 0.06124736 0.01490902 -0.00014169
v 0.06127277 0.01490902 -0.00003662
v 0.06128950 0.01490902 0.00007017
v 0.06129746 0.01490902 0.00017797
v 0.06129657 0.01490902 0.00028606
v 0.06128685 0.01490902 0.00039372
v 0.06126837 0.01490902 0.00050022
v 0.06124125 0.01490902 0.00060485
v 0.06120568 0.01490902 0.00070692
v 0.06116187 0.01490902 0.00080574
v 0.06111013 0.01490902 0.00090065
v 0.06105082 0.01490902 0.00099102
v 0.06098432 0.01490902 0.00107623
v 0.06091107 0.01490902 0.00115573
v 0.06083979 0.01490902 0.00122194
v 0.06076384 0.01490902 0.00128274
v 0.06068361 0.01490902 0.00133778
v 0.06059956 0.01490902 0.00138676
v 0.06051213 0.01490902 0.00142944
v 0.06042179 0.01490902 0.00146556
v 0.06032905 0.01490902 0.00149494
v 0.06023439 0.01490902 0.00151742
v 0.06013834 0.01490902 0.00153288
v 0.06004141 0.01490902 0.00154123
v 0.05994413 0.01490902 0.00154242
v 0.05984702 0.01490902 0.00153645
v 0.05975061 0.01490902 0.00152336
v 0.05965544 0.01490902 0.00150321
v 0.05956199 0.01490902 0.00147611
v 0.05947081 0.01490902 0.00144222
v 0.05938235 0.01490902 0.00140170
v 0.05929711 0.01490902 0.00135479
v 0.05921557 0.01490902 0.00130174
v 0.05913814 0.01490902 0.00124283
v 0.05906526 0.01490902 0.00117838
v 0.05899732 0.01490902 0.00110875
v 0.05893467 0.01490902 0.00103431
v 0.05887768 0.01490902 0.00095546
v 0.05882665 0.01490902 0.00087263
v 0.05878184 0.01490902 0.00078627
v 0.05874351 0.01490902 0.00069685
v 0.05871186 0.01490902 0.00060485
v 0.05868707 0.01490902 0.00051078
v 0.05866926 0.01490902 0.00041513
v 0.05445594 0.01519173 0.00104012
v 0.05453114 0.01519173 0.00144402
v 0.05463585 0.01519173 0.00184130
v 0.05476950 0.01519173 0.00222980
v 0.05493137 0.01519173 0.00260741
v 0.05512058 0.01519173 0.00297209
v 0.05533611 0.01519173 0.00332186
v 0.05557678 0.01519173 0.00365484
v 0.05584129 0.01519173 0.00396920
v 0.05612822 0.01519173 0.00426325
v 0.05643599 0.01519173 0.00453540
v 0.05676296 0.01519173 0.00478417
v 0.05710734 0.01519173 0.00500822
v 0.05746726 0.01519173 0.00520632
v 0.05784079 0.01519173 0.00537741
v 0.05822589 0.01519173 0.00552055
v 0.05862048 0.01519173 0.00563498
v 0.05902242 0.01519173 0.00572007
v 0.05942952 0.01519173 0.00577536
v 0.05983960 0.01519173 0.00580056
v 0.06025041 0.01519173 0.00579552
v 0.06065973 0.01519173 0.00576027
v 0.06106536 0.01519173 0.00569500
v 0.06146509 0.01519173 0.00560007
v 0.06185675 0.01519173 0.00547599
v 0.06223822 0.01519173 0.00532344
v 0.06260743 0.01519173 0.00514324
v 0.06296239 0.01519173 0.00493636
v 0.06330118 0.01519173 0.00470393
v 0.06362194 0.01519173 0.00444721
v 0.06392294 0.01519173 0.00416759
v 0.06423225 0.01519173 0.00383189
v 0.06451308 0.01519173 0.00347204
v 0.06476356 0.01519173 0.00309043
v 0.06498203 0.01519173 0.00268964
v 0.06516701 0.01519173 0.00227233
v 0.06531727 0.01519173 0.00184130
v 0.06543180 0.01519173 0.00139943
v 0.06550984 0.01519173 0.00094968
v 0.06555086 0.01519173 0.00049506
v 0.06555460 0.01519173 0.00003861
v 0.06552102 0.01519173 -0.00041663
v 0.06545034 0.01519173 -0.00086759
v 0.06534306 0.01519173 -0.00131127
v 0.06519987 0.01519173 -0.00174470
v 0.06502175 0.01519173 -0.00216498
v 0.06480987 0.01519173 -0.00256930
v 0.06456566 0.01519173 -0.00295495
v 0.06429075 0.01519173 -0.00331935
v 0.06398698 0.01519173 -0.00366007
v 0.06365638 0.01519173 -0.00397482
v 0.06330118 0.01519173 -0.00426151
v 0.06292371 0.01519173 -0.00451821
v 0.06252655 0.01519173 -0.00474320
v 0.06211232 0.01519173 -0.00493498
v 0.06168381 0.01519173 -0.00509227
v 0.06124388 0.01519173 -0.00521402
v 0.06079547 0.01519173 -0.00529941
v 0.06034158 0.01519173 -0.00534786
v 0.05988524 0.01519173 -0.00535907
v 0.05942952 0.01519173 -0.00533294
v 0.05897746 0.01519173 -0.00526966
v 0.05853209 0.01519173 -0.00516964
v 0.05809637 0.01519173 -0.00503357
v 0.05767323 0.01519173 -0.00486234
v 0.05726550 0.01519173 -0.00465711
v 0.05687590 0.01519173 -0.00441924
v 0.05650705 0.01519173 -0.00415033
v 0.05616141 0.01519173 -0.00385218
v 0.05484670 0.01520979 0.00098215
v 0.05491658 0.01520979 0.00135747
v 0.05501389 0.01520979 0.00172662
v 0.05513808 0.01520979 0.00208762
v 0.05528849 0.01520979 0.00243850
v 0.05546430 0.01520979 0.00277737
v 0.05566458 0.01520979 0.00310239
v 0.05588821 0.01520979 0.00341179
v 0.05613400 0.01520979 0.00370390
v 0.05640062 0.01520979 0.00397714
v 0.05668661 0.01520979 0.00423003
v 0.05699043 0.01520979 0.00446119
v 0.05731044 0.01520979 0.00466937
v 0.05764489 0.01520979 0.00485345
v 0.05799197 0.01520979 0.00501243
v 0.05834981 0.01520979 0.00514545
v 0.05871647 0.01520979 0.00525177
v 0.05908995 0.01520979 0.00533084
v 0.05946824 0.01520979 0.00538222
v 0.05984929 0.01520979 0.00540563
v 0.06023102 0.01520979 0.00540094
v 0.06061138 0.01520979 0.00536819
v 0.06098829 0.01520979 0.00530754
v 0.06135973 0.01520979 0.00521933
v 0.06172366 0.01520979 0.00510404
v 0.06207813 0.01520979 0.00496229
v 0.06242121 0.01520979 0.00479484
v 0.06275105 0.01520979 0.00460261
v 0.06306584 0.01520979 0.00438663
v 0.06336390 0.01520979 0.00414808
v 0.06364360 0.01520979 0.00388825
v 0.06393101 0.01520979 0.00357631
v 0.06419197 0.01520979 0.00324193
v 0.06442472 0.01520979 0.00288734
v 0.06462772 0.01520979 0.00251491
v 0.06479961 0.01520979 0.00212714
v 0.06493924 0.01520979 0.00172662
v 0.06504565 0.01520979 0.00131603
v 0.06511817 0.01520979 0.00089812
v 0.06515629 0.01520979 0.00047568
v 0.06515976 0.01520979 0.00005153
v 0.06512856 0.01520979 -0.00037148
v 0.06506290 0.01520979 -0.00079052
v 0.06496320 0.01520979 -0.00120280
v 0.06483015 0.01520979 -0.00160555
v 0.06466463 0.01520979 -0.00199608
v 0.06446774 0.01520979 -0.00237178
v 0.06424083 0.01520979 -0.00273013
v 0.06398538 0.01520979 -0.00306874
v 0.06370310 0.01520979 -0.00338534
v 0.06339592 0.01520979 -0.00367781
v 0.06306584 0.01520979 -0.00394421
v 0.06271511 0.01520979 -0.00418273
v 0.06234605 0.01520979 -0.00439180
v 0.06196115 0.01520979 -0.00457001
v 0.06156297 0.01520979 -0.00471617
v 0.06115417 0.01520979 -0.00482929
v 0.06073750 0.01520979 -0.00490864
v 0.06031574 0.01520979 -0.00495366
v 0.05989170 0.01520979 -0.00496407
v 0.05946824 0.01520979 -0.00493980
v 0.05904818 0.01520979 -0.00488099
v 0.05863433 0.01520979 -0.00478806
v 0.05822946 0.01520979 -0.00466162
v 0.05783627 0.01520979 -0.00450251
v 0.05745740 0.01520979 -0.00431180
v 0.05709539 0.01520979 -0.00409077
v 0.05675264 0.01520979 -0.00384090
v 0.05643146 0.01520979 -0.00356385
v 0.05559232 0.01518847 0.00087155
v 0.05565204 0.01518847 0.00119232
v 0.05573519 0.01518847 0.00150782
v 0.05584133 0.01518847 0.00181634
v 0.05596988 0.01518847 0.00211623
v 0.05612015 0.01518847 0.00240584
v 0.05629131 0.01518847 0.00268362
v 0.05648244 0.01518847 0.00294805
v 0.05669251 0.01518847 0.00319770
v 0.05692037 0.01518847 0.00343123
v 0.05716479 0.01518847 0.00364736
v 0.05742446 0.01518847 0.00384492
v 0.05769795 0.01518847 0.00402285
v 0.05798378 0.01518847 0.00418017
v 0.05828042 0.01518847 0.00431604
v 0.05858625 0.01518847 0.00442972
v 0.05889961 0.01518847 0.00452060
v 0.05921882 0.01518847 0.00458817
v 0.05954212 0.01518847 0.00463208
v 0.05986778 0.01518847 0.00465209
v 0.06019403 0.01518847 0.00464809
v 0.06051911 0.01518847 0.00462009
v 0.06084124 0.01518847 0.00456826
v 0.06115869 0.01518847 0.00449287
v 0.06146973 0.01518847 0.00439434
v 0.06177268 0.01518847 0.00427319
v 0.06206589 0.01518847 0.00413007
v 0.06234778 0.01518847 0.00396578
v 0.06261683 0.01518847 0.00378120
v 0.06287156 0.01518847 0.00357732
v 0.06311060 0.01518847 0.00335526
v 0.06335624 0.01518847 0.00308866
v 0.06357926 0.01518847 0.00280288
v 0.06377819 0.01518847 0.00249983
v 0.06395169 0.01518847 0.00218153
v 0.06409859 0.01518847 0.00185012
v 0.06421793 0.01518847 0.00150782
v 0.06430888 0.01518847 0.00115690
v 0.06437086 0.01518847 0.00079973
v 0.06440343 0.01518847 0.00043869
v 0.06440639 0.01518847 0.00007619
v 0.06437974 0.01518847 -0.00028533
v 0.06432361 0.01518847 -0.00064347
v 0.06423841 0.01518847 -0.00099582
v 0.06412469 0.01518847 -0.00134003
v 0.06398323 0.01518847 -0.00167380
v 0.06381497 0.01518847 -0.00199489
v 0.06362103 0.01518847 -0.00230116
v 0.06340270 0.01518847 -0.00259055
v 0.06316146 0.01518847 -0.00286114
v 0.06289892 0.01518847 -0.00311110
v 0.06261683 0.01518847 -0.00333877
v 0.06231707 0.01518847 -0.00354263
v 0.06200165 0.01518847 -0.00372131
v 0.06167269 0.01518847 -0.00387362
v 0.06133239 0.01518847 -0.00399853
v 0.06098301 0.01518847 -0.00409522
v 0.06062690 0.01518847 -0.00416303
v 0.06026644 0.01518847 -0.00420151
v 0.05990404 0.01518847 -0.00421041
v 0.05954212 0.01518847 -0.00418966
v 0.05918312 0.01518847 -0.00413940
v 0.05882942 0.01518847 -0.00405998
v 0.05848339 0.01518847 -0.00395191
v 0.05814735 0.01518847 -0.00381593
v 0.05782355 0.01518847 -0.00365294
v 0.05751415 0.01518847 -0.00346404
v 0.05722123 0.01518847 -0.00325048
v 0.05694674 0.01518847 -0.00301370
v 0.05306827 0.01461138 0.00288603
v 0.05328302 0.01461138 0.00338702
v 0.05353405 0.01461138 0.00387085
v 0.05487090 0.01461138 0.00558385
v 0.05664744 0.01461138 0.00683504
v 0.05714300 0.01461138 0.00706202
v 0.05925080 0.01461138 0.00759000
v 0.06142109 0.01461138 0.00748338
v 0.06393792 0.01461138 0.00647688
v 0.06562264 0.01461138 0.00501156
v 0.06599523 0.01461138 0.00453413
v 0.06706217 0.01461138 0.00237061
v 0.06721412 0.01461138 0.00178438
v 0.06733248 0.01461138 -0.00062502
v 0.06723872 0.01461138 -0.00122332
v 0.06638899 0.01461138 -0.00348101
v 0.06606499 0.01461138 -0.00399265
v 0.06388661 0.01461138 -0.00606665
v 0.06106301 0.01461138 -0.00710309
v 0.05806015 0.01461138 -0.00693093
v 0.05748208 0.01461138 -0.00675039
v 0.05537351 0.01461138 -0.00557859
v 0.05491494 0.01461138 -0.00518302
v 0.05375350 0.01461138 -0.00379119
v 0.05344642 0.01461138 -0.00326922
v 0.05403044 0.01480066 -0.00361264
v 0.05373702 0.01480066 -0.00311389
v 0.05348534 0.01480066 -0.00259283
v 0.05432437 0.01495215 -0.00342312
v 0.05404546 0.01495215 -0.00294903
v 0.05380622 0.01495215 -0.00245373
v 0.05360826 0.01495215 -0.00194053
v 0.05463373 0.01506657 -0.00322366
v 0.05437008 0.01506657 -0.00277551
v 0.05414394 0.01506657 -0.00230732
v 0.05395681 0.01506657 -0.00182222
v 0.05380996 0.01506657 -0.00132344
v 0.05495572 0.01514549 -0.00301605
v 0.05470796 0.01514549 -0.00259491
v 0.05449545 0.01514549 -0.00215494
v 0.05431960 0.01514549 -0.00169907
v 0.05418159 0.01514549 -0.00123035
v 0.05408235 0.01514549 -0.00075192
v 0.05528600 0.01519173 -0.00280310
v 0.05505453 0.01519173 -0.00240966
v 0.05485600 0.01519173 -0.00199863
v 0.05469171 0.01519173 -0.00157275
v 0.05456278 0.01519173 -0.00113487
v 0.05447007 0.01519173 -0.00068791
v 0.05561801 0.01520979 -0.00258903
v 0.05540293 0.01520979 -0.00222344
v 0.05521845 0.01520979 -0.00184150
v 0.05506580 0.01520979 -0.00144577
v 0.05494599 0.01520979 -0.00103888
v 0.05485984 0.01520979 -0.00062356
v 0.05625151 0.01518847 -0.00218057
v 0.05606770 0.01518847 -0.00186812
v 0.05591003 0.01518847 -0.00154169
v 0.05577956 0.01518847 -0.00120348
v 0.05567717 0.01518847 -0.00085573
v 0.05560354 0.01518847 -0.00050078
v 0.05680661 0.01513242 -0.00182266
v 0.05665018 0.01513242 -0.00155677
v 0.05651601 0.01513242 -0.00127899
v 0.05640499 0.01513242 -0.00099117
v 0.05631785 0.01513242 -0.00069525
v 0.05625520 0.01513242 -0.00039319
v 0.05279402 0.01461138 -0.00157792
v 0.05299611 0.01480066 -0.00093126
v 0.05595359 0.00740387 -0.00053081
v 0.05596434 0.00811455 -0.00016191
v 0.05588391 0.00740387 0.00022121
v 0.05596434 0.00811455 0.00060433
v 0.05595359 0.00740387 0.00097324
v 0.05610935 0.00811455 0.00135673
v 0.05616027 0.00740387 0.00169965
v 0.05639413 0.00811455 0.00206808
v 0.05649691 0.00740387 0.00237572
v 0.05680839 0.00811455 0.00271269
v 0.05695205 0.00740387 0.00297841
v 0.05733716 0.00811455 0.00326724
v 0.05751019 0.00740387 0.00348722
v 0.05796132 0.00811455 0.00371171
v 0.05815231 0.00740387 0.00388480
v 0.05865832 0.00811455 0.00403002
v 0.05885655 0.00740387 0.00415763
v 0.05940297 0.00811455 0.00421066
v 0.05959893 0.00740387 0.00429641
v 0.06016834 0.00811455 0.00424712
v 0.06035418 0.00740387 0.00429641
v 0.06092678 0.00811455 0.00413808
v 0.06109657 0.00740387 0.00415763
v 0.06165088 0.00811455 0.00388746
v 0.06180081 0.00740387 0.00388480
v 0.06231446 0.00811455 0.00350434
v 0.06244294 0.00740387 0.00348722
v 0.06289355 0.00811455 0.00300256
v 0.06300107 0.00740387 0.00297841
v 0.06336721 0.00811455 0.00240025
v 0.06345620 0.00740387 0.00237572
v 0.06371833 0.00811455 0.00171919
v 0.06379284 0.00740387 0.00169965
v 0.06393420 0.00811455 0.00098399
v 0.06399952 0.00740387 0.00097324
v 0.06400704 0.00811455 0.00022121
v 0.06406921 0.00740387 0.00022121
v 0.06399952 0.00740387 -0.00053081
v 0.06393420 0.00811455 -0.00054156
v 0.06379284 0.00740387 -0.00125722
v 0.06371833 0.00811455 -0.00127676
v 0.06345620 0.00740387 -0.00193329
v 0.06336721 0.00811455 -0.00195783
v 0.06300107 0.00740387 -0.00253599
v 0.06289355 0.00811455 -0.00256013
v 0.06244294 0.00740387 -0.00304479
v 0.06231446 0.00811455 -0.00306192
v 0.06180081 0.00740387 -0.00344238
v 0.06165088 0.00811455 -0.00344504
v 0.06109657 0.00740387 -0.00371521
v 0.06092678 0.00811455 -0.00369565
v 0.06035418 0.00740387 -0.00385398
v 0.06016834 0.00811455 -0.00380470
v 0.05959893 0.00740387 -0.00385398
v 0.05940297 0.00811455 -0.00376824
v 0.05885655 0.00740387 -0.00371521
v 0.05865832 0.00811455 -0.00358759
v 0.05815231 0.00740387 -0.00344238
v 0.05796132 0.00811455 -0.00326928
v 0.05751019 0.00740387 -0.00304479
v 0.05733716 0.00811455 -0.00282482
v 0.05695205 0.00740387 -0.00253599
v 0.05680839 0.00811455 -0.00227026
v 0.05649691 0.00740387 -0.00193329
v 0.05639413 0.00811455 -0.00162566
v 0.05616027 0.00740387 -0.00125722
v 0.05610935 0.00811455 -0.00091430
v 0.06068724 0.01143435 0.00022121
v 0.05997656 0.01149652 0.00022121
v 0.06067440 0.01143435 0.00008672
v 0.06063633 0.01143435 -0.00004292
v 0.06057442 0.01143435 -0.00016301
v 0.06049090 0.01143435 -0.00026921
v 0.06038880 0.01143435 -0.00035769
v 0.06027178 0.01143435 -0.00042525
v 0.06014411 0.01143435 -0.00046944
v 0.06001037 0.01143435 -0.00048866
v 0.05987541 0.01143435 -0.00048224
v 0.05974412 0.01143435 -0.00045038
v 0.05962122 0.01143435 -0.00039426
v 0.05951117 0.01143435 -0.00031588
v 0.05941793 0.01143435 -0.00021810
v 0.05934488 0.01143435 -0.00010444
v 0.05929467 0.01143435 0.00002099
v 0.05926909 0.01143435 0.00015366
v 0.05926909 0.01143435 0.00028877
v 0.05929467 0.01143435 0.00042143
v 0.05934488 0.01143435 0.00054687
v 0.05941793 0.01143435 0.00066053
v 0.05951117 0.01143435 0.00075831
v 0.05962122 0.01143435 0.00083668
v 0.05974412 0.01143435 0.00089281
v 0.05987541 0.01143435 0.00092466
v 0.06001037 0.01143435 0.00093109
v 0.06014411 0.01143435 0.00091186
v 0.06027178 0.01143435 0.00086767
v 0.06038880 0.01143435 0.00080012
v 0.06049090 0.01143435 0.00071164
v 0.06057442 0.01143435 0.00060544
v 0.06063633 0.01143435 0.00048535
v 0.06067440 0.01143435 0.00035571
v 0.06382239 0.00880364 0.00022121
v 0.06375290 0.00880364 -0.00050662
v 0.06354691 0.00880364 -0.00120814
v 0.06321188 0.00880364 -0.00185800
v 0.06275992 0.00880364 -0.00243272
v 0.06220736 0.00880364 -0.00291151
v 0.06157418 0.00880364 -0.00327708
v 0.06088325 0.00880364 -0.00351621
v 0.06015955 0.00880364 -0.00362027
v 0.05942924 0.00880364 -0.00358548
v 0.05871871 0.00880364 -0.00341310
v 0.05805364 0.00880364 -0.00310938
v 0.05745807 0.00880364 -0.00268528
v 0.05695352 0.00880364 -0.00215612
v 0.05655824 0.00880364 -0.00154105
v 0.05628651 0.00880364 -0.00086228
v 0.05614813 0.00880364 -0.00014436
v 0.05614813 0.00880364 0.00058678
v 0.05628651 0.00880364 0.00130471
v 0.05655824 0.00880364 0.00198348
v 0.05695352 0.00880364 0.00259855
v 0.05745807 0.00880364 0.00312770
v 0.05805364 0.00880364 0.00355180
v 0.05871871 0.00880364 0.00385553
v 0.05942924 0.00880364 0.00402790
v 0.06015955 0.00880364 0.00406269
v 0.06088325 0.00880364 0.00395864
v 0.06157418 0.00880364 0.00371951
v 0.06220736 0.00880364 0.00335394
v 0.06275992 0.00880364 0.00287514
v 0.06321188 0.00880364 0.00230043
v 0.06354691 0.00880364 0.00165057
v 0.06375290 0.00880364 0.00094904
v 0.06352090 0.00945020 0.00022121
v 0.06345685 0.00945020 -0.00044956
v 0.06326701 0.00945020 -0.00109609
v 0.06295825 0.00945020 -0.00169500
v 0.06254172 0.00945020 -0.00222466
v 0.06203248 0.00945020 -0.00266592
v 0.06144893 0.00945020 -0.00300283
v 0.06081217 0.00945020 -0.00322322
v 0.06014521 0.00945020 -0.00331911
v 0.05947215 0.00945020 -0.00328705
v 0.05881732 0.00945020 -0.00312819
v 0.05820439 0.00945019 -0.00284828
v 0.05765551 0.00945019 -0.00245742
v 0.05719052 0.00945019 -0.00196975
v 0.05682622 0.00945019 -0.00140290
v 0.05657579 0.00945019 -0.00077734
v 0.05644827 0.00945019 -0.00011570
v 0.05644827 0.00945019 0.00055812
v 0.05657579 0.00945019 0.00121977
v 0.05682622 0.00945019 0.00184532
v 0.05719052 0.00945019 0.00241218
v 0.05765551 0.00945019 0.00289985
v 0.05820439 0.00945019 0.00329070
v 0.05881732 0.00945020 0.00357062
v 0.05947215 0.00945020 0.00372948
v 0.06014521 0.00945020 0.00376154
v 0.06081217 0.00945020 0.00366564
v 0.06144893 0.00945020 0.00344526
v 0.06203248 0.00945020 0.00310835
v 0.06254172 0.00945020 0.00266709
v 0.06295825 0.00945020 0.00213743
v 0.06326701 0.00945020 0.00153851
v 0.06345685 0.00945020 0.00089198
v 0.06311172 0.01003458 0.00022121
v 0.06305505 0.01003458 -0.00037212
v 0.06288713 0.01003458 -0.00094401
v 0.06261402 0.01003458 -0.00147378
v 0.06224558 0.01003458 -0.00194229
v 0.06179512 0.01003458 -0.00233261
v 0.06127895 0.01003458 -0.00263062
v 0.06071570 0.01003458 -0.00282557
v 0.06012573 0.01003458 -0.00291039
v 0.05953038 0.01003458 -0.00288203
v 0.05895115 0.01003458 -0.00274151
v 0.05840898 0.01003458 -0.00249391
v 0.05792347 0.01003458 -0.00214818
v 0.05751216 0.01003458 -0.00171681
v 0.05718992 0.01003458 -0.00121540
v 0.05696840 0.01003458 -0.00066206
v 0.05685560 0.01003458 -0.00007680
v 0.05685560 0.01003458 0.00051923
v 0.05696840 0.01003458 0.00110449
v 0.05718992 0.01003458 0.00165782
v 0.05751216 0.01003458 0.00215924
v 0.05792347 0.01003458 0.00259060
v 0.05840898 0.01003458 0.00293633
v 0.05895115 0.01003458 0.00318393
v 0.05953038 0.01003458 0.00332445
v 0.06012573 0.01003458 0.00335281
v 0.06071570 0.01003458 0.00326799
v 0.06127895 0.01003458 0.00307305
v 0.06179512 0.01003458 0.00277503
v 0.06224558 0.01003458 0.00238472
v 0.06261402 0.01003458 0.00191620
v 0.06288713 0.01003458 0.00138643
v 0.06305505 0.01003458 0.00081454
v 0.06260727 0.01053902 0.00022121
v 0.06255972 0.01053902 -0.00027665
v 0.06241882 0.01053902 -0.00075652
v 0.06218965 0.01053902 -0.00120105
v 0.06188049 0.01053902 -0.00159418
v 0.06150252 0.01053902 -0.00192170
v 0.06106939 0.01053902 -0.00217176
v 0.06059678 0.01053902 -0.00233534
v 0.06010173 0.01053902 -0.00240651
v 0.05960217 0.01053902 -0.00238272
v 0.05911614 0.01053902 -0.00226481
v 0.05866120 0.01053902 -0.00205705
v 0.05825381 0.01053902 -0.00176694
v 0.05790869 0.01053902 -0.00140498
v 0.05763829 0.01053902 -0.00098425
v 0.05745241 0.01053902 -0.00051994
v 0.05735777 0.01053902 -0.00002885
v 0.05735777 0.01053902 0.00047128
v 0.05745241 0.01053902 0.00096237
v 0.05763829 0.01053902 0.00142667
v 0.05790869 0.01053902 0.00184741
v 0.05825381 0.01053902 0.00220937
v 0.05866120 0.01053902 0.00249947
v 0.05911614 0.01053902 0.00270723
v 0.05960217 0.01053902 0.00282514
v 0.06010173 0.01053902 0.00284894
v 0.06059678 0.01053902 0.00277776
v 0.06106939 0.01053902 0.00261419
v 0.06150252 0.01053902 0.00236412
v 0.06188049 0.01053902 0.00203661
v 0.06218965 0.01053902 0.00164348
v 0.06241882 0.01053902 0.00119895
v 0.06255972 0.01053902 0.00071908
v 0.06202288 0.01094821 0.00022121
v 0.06198590 0.01094821 -0.00016606
v 0.06187630 0.01094821 -0.00053933
v 0.06169804 0.01094821 -0.00088511
v 0.06145755 0.01094821 -0.00119091
v 0.06116355 0.01094821 -0.00144568
v 0.06082663 0.01094821 -0.00164019
v 0.06045900 0.01094821 -0.00176743
v 0.06007392 0.01094821 -0.00182280
v 0.05968533 0.01094821 -0.00180428
v 0.05930727 0.01094821 -0.00171257
v 0.05895339 0.01094821 -0.00155096
v 0.05863650 0.01094821 -0.00132530
v 0.05836804 0.01094821 -0.00104374
v 0.05815771 0.01094821 -0.00071647
v 0.05801313 0.01094821 -0.00035530
v 0.05793950 0.01094821 0.00002670
v 0.05793950 0.01094821 0.00041573
v 0.05801313 0.01094821 0.00079773
v 0.05815771 0.01094821 0.00115889
v 0.05836804 0.01094821 0.00148617
v 0.05863650 0.01094821 0.00176772
v 0.05895339 0.01094821 0.00199338
v 0.05930727 0.01094821 0.00215499
v 0.05968533 0.01094821 0.00224671
v 0.06007392 0.01094821 0.00226522
v 0.06045900 0.01094821 0.00220986
v 0.06082663 0.01094821 0.00208262
v 0.06116355 0.01094821 0.00188810
v 0.06145755 0.01094821 0.00163334
v 0.06169804 0.01094821 0.00132754
v 0.06187630 0.01094821 0.00098176
v 0.06198590 0.01094821 0.00060848
v 0.06137633 0.01124970 0.00022121
v 0.06135103 0.01124970 -0.00004370
v 0.06127606 0.01124970 -0.00029903
v 0.06115412 0.01124970 -0.00053556
v 0.06098962 0.01124970 -0.00074474
v 0.06078850 0.01124970 -0.00091901
v 0.06055805 0.01124970 -0.00105206
v 0.06030657 0.01124970 -0.00113910
v 0.06004316 0.01124970 -0.00117697
v 0.05977735 0.01124970 -0.00116431
v 0.05951874 0.01124970 -0.00110157
v 0.05927667 0.01124970 -0.00099102
v 0.05905990 0.01124970 -0.00083666
v 0.05887626 0.01124970 -0.00064407
v 0.05873239 0.01124970 -0.00042020
v 0.05863349 0.01124970 -0.00017315
v 0.05858313 0.01124970 0.00008816
v 0.05858313 0.01124970 0.00035427
v 0.05863349 0.01124970 0.00061557
v 0.05873239 0.01124970 0.00086262
v 0.05887626 0.01124970 0.00108649
v 0.05905990 0.01124970 0.00127909
v 0.05927667 0.01124970 0.00143345
v 0.05951874 0.01124970 0.00154400
v 0.05977735 0.01124970 0.00160673
v 0.06004316 0.01124970 0.00161940
v 0.06030657 0.01124970 0.00158152
v 0.06055805 0.01124970 0.00149449
v 0.06078850 0.01124970 0.00136143
v 0.06098962 0.01124970 0.00118716
v 0.06115412 0.01124970 0.00097799
v 0.06127606 0.01124970 0.00074145
v 0.06135103 0.01124970 0.00048612
v 0.05404687 0.00740387 0.00113711
v 0.05397656 0.00740387 0.00022121
v 0.05404687 0.00740387 -0.00069468
v 0.05425617 0.00740387 0.00203154
v 0.05459956 0.00740387 0.00288353
v 0.05506898 0.00740387 0.00367312
v 0.05565343 0.00740387 0.00438181
v 0.05633920 0.00740387 0.00499297
v 0.05711024 0.00740387 0.00549229
v 0.05794846 0.00740387 0.00586805
v 0.05883421 0.00740387 0.00611146
v 0.05974675 0.00740387 0.00621681
v 0.06066466 0.00740387 0.00618163
v 0.06156645 0.00740387 0.00600673
v 0.06243097 0.00740387 0.00569623
v 0.06323797 0.00740387 0.00525740
v 0.06396852 0.00740387 0.00470053
v 0.06460550 0.00740387 0.00403867
v 0.06513397 0.00740387 0.00328732
v 0.06554157 0.00740387 0.00246411
v 0.06581873 0.00740387 0.00158833
v 0.06595895 0.00740387 0.00068051
v 0.06595895 0.00740387 -0.00023808
v 0.06581873 0.00740387 -0.00114591
v 0.06554157 0.00740387 -0.00202169
v 0.06513397 0.00740387 -0.00284490
v 0.06460550 0.00740387 -0.00359624
v 0.06396852 0.00740387 -0.00425811
v 0.06323797 0.00740387 -0.00481498
v 0.06243097 0.00740387 -0.00525381
v 0.06156645 0.00740387 -0.00556431
v 0.06066466 0.00740387 -0.00573920
v 0.05974675 0.00740387 -0.00577439
v 0.05883421 0.00740387 -0.00566904
v 0.05794846 0.00740387 -0.00542563
v 0.05711024 0.00740387 -0.00504986
v 0.05633920 0.00740387 -0.00455054
v 0.05565343 0.00740387 -0.00393938
v 0.05506898 0.00740387 -0.00323070
v 0.05459956 0.00740387 -0.00244111
v 0.05425617 0.00740387 -0.00158911
v 0.05404687 0.00760387 0.00113711
v 0.05397656 0.00760387 0.00022121
v 0.05404687 0.00760387 -0.00069468
v 0.05425617 0.00760387 -0.00158911
v 0.05425617 0.00760387 0.00203154
v 0.05459956 0.00760387 0.00288353
v 0.05506898 0.00760387 0.00367312
v 0.05565343 0.00760387 0.00438181
v 0.05633920 0.00760387 0.00499297
v 0.05711024 0.00760387 0.00549229
v 0.05794846 0.00760387 0.00586805
v 0.05883421 0.00760387 0.00611146
v 0.05974675 0.00760387 0.00621681
v 0.06066466 0.00760387 0.00618163
v 0.06156645 0.00760387 0.00600673
v 0.06243097 0.00760387 0.00569623
v 0.06323797 0.00760387 0.00525740
v 0.06396852 0.00760387 0.00470053
v 0.06460550 0.00760387 0.00403867
v 0.06513397 0.00760387 0.00328732
v 0.06554157 0.00760387 0.00246411
v 0.06581873 0.00760387 0.00158833
v 0.06595895 0.00760387 0.00068051
v 0.06595895 0.00760387 -0.00023808
v 0.06581873 0.00760387 -0.00114591
v 0.06554157 0.00760387 -0.00202169
v 0.06513397 0.00760387 -0.00284490
v 0.06460550 0.00760387 -0.00359624
v 0.06396852 0.00760387 -0.00425811
v 0.06323797 0.00760387 -0.00481498
v 0.06243097 0.00760387 -0.00525381
v 0.06156645 0.00760387 -0.00556431
v 0.06066466 0.00760387 -0.00573920
v 0.05974675 0.00760387 -0.00577439
v 0.05883421 0.00760387 -0.00566904
v 0.05794846 0.00760387 -0.00542563
v 0.05711024 0.00760387 -0.00504986
v 0.05633920 0.00760387 -0.00455054
v 0.05565343 0.00760387 -0.00393938
v 0.05506898 0.00760387 -0.00323070
v 0.05459956 0.00760387 -0.00244111
v 0.05568857 0.00760387 0.00022121
v 0.05576158 0.00760387 0.00100913
v 0.05597813 0.00760387 0.00177021
v 0.05633084 0.00760387 0.00247855
v 0.05680770 0.00760387 0.00311001
v 0.05739247 0.00760387 0.00364310
v 0.05806524 0.00760387 0.00405966
v 0.05880310 0.00760387 0.00434551
v 0.05958091 0.00760387 0.00449091
v 0.06037220 0.00760387 0.00449091
v 0.06115002 0.00760387 0.00434551
v 0.06188788 0.00760387 0.00405966
v 0.06256065 0.00760387 0.00364310
v 0.06314542 0.00760387 0.00311001
v 0.06362228 0.00760387 0.00247855
v 0.06397499 0.00760387 0.00177021
v 0.06419154 0.00760387 0.00100913
v 0.06426455 0.00760387 0.00022121
v 0.06419154 0.00760387 -0.00056670
v 0.06397499 0.00760387 -0.00132779
v 0.06362228 0.00760387 -0.00203612
v 0.06314542 0.00760387 -0.00266759
v 0.06256065 0.00760387 -0.00320068
v 0.06188788 0.00760387 -0.00361724
v 0.06115002 0.00760387 -0.00390309
v 0.06037220 0.00760387 -0.00404849
v 0.05958091 0.00760387 -0.00404849
v 0.05880310 0.00760387 -0.00390309
v 0.05806524 0.00760387 -0.00361724
v 0.05739247 0.00760387 -0.00320068
v 0.05680770 0.00760387 -0.00266759
v 0.05633084 0.00760387 -0.00203612
v 0.05597813 0.00760387 -0.00132779
v 0.05576158 0.00760387 -0.00056670
v 0.05585501 0.00832373 0.00099166
v 0.05578363 0.00832373 0.00022121
v 0.05585501 0.00832373 -0.00054924
v 0.05606676 0.00832373 -0.00129345
v 0.05641165 0.00832373 -0.00198608
v 0.05687794 0.00832373 -0.00260355
v 0.05744975 0.00832373 -0.00312482
v 0.05810761 0.00832373 -0.00353215
v 0.05882910 0.00832373 -0.00381166
v 0.05958969 0.00832373 -0.00395384
v 0.06036344 0.00832373 -0.00395384
v 0.06112401 0.00832373 -0.00381166
v 0.06184551 0.00832373 -0.00353215
v 0.06250337 0.00832373 -0.00312482
v 0.06307518 0.00832373 -0.00260355
v 0.06354146 0.00832373 -0.00198608
v 0.06388635 0.00832373 -0.00129345
v 0.06409810 0.00832373 -0.00054924
v 0.06416950 0.00832373 0.00022121
v 0.06409810 0.00832373 0.00099166
v 0.06388635 0.00832373 0.00173588
v 0.06354146 0.00832373 0.00242851
v 0.06307518 0.00832373 0.00304598
v 0.06250337 0.00832373 0.00356725
v 0.06184551 0.00832373 0.00397458
v 0.06112401 0.00832373 0.00425409
v 0.06036344 0.00832373 0.00439626
v 0.05958969 0.00832373 0.00439626
v 0.05882910 0.00832373 0.00425409
v 0.05810761 0.00832373 0.00397458
v 0.05744975 0.00832373 0.00356725
v 0.05687794 0.00832373 0.00304598
v 0.05641165 0.00832373 0.00242851
v 0.05606676 0.00832373 0.00173588
v 0.06070007 0.01163511 0.00022121
v 0.05997656 0.01169652 0.00022121
v 0.06068775 0.01163511 0.00035416
v 0.06065121 0.01163511 0.00048257
v 0.06059170 0.01163511 0.00060209
v 0.06051124 0.01163511 0.00070864
v 0.06041257 0.01163511 0.00079859
v 0.06029905 0.01163511 0.00086887
v 0.06017455 0.01163511 0.00091710
v 0.06004332 0.01163511 0.00094164
v 0.05990980 0.01163511 0.00094164
v 0.05977856 0.01163511 0.00091710
v 0.05965406 0.01163511 0.00086887
v 0.05954054 0.01163511 0.00079859
v 0.05944188 0.01163511 0.00070864
v 0.05936142 0.01163511 0.00060209
v 0.05930191 0.01163511 0.00048257
v 0.05926537 0.01163511 0.00035416
v 0.05925305 0.01163511 0.00022121
v 0.05926537 0.01163511 0.00008827
v 0.05930191 0.01163511 -0.00004015
v 0.05936142 0.01163511 -0.00015967
v 0.05944188 0.01163511 -0.00026621
v 0.05954054 0.01163511 -0.00035616
v 0.05965406 0.01163511 -0.00042645
v 0.05977856 0.01163511 -0.00047468
v 0.05990980 0.01163511 -0.00049921
v 0.06004332 0.01163511 -0.00049921
v 0.06017455 0.01163511 -0.00047468
v 0.06029905 0.01163511 -0.00042645
v 0.06041257 0.01163511 -0.00035616
v 0.06051124 0.01163511 -0.00026621
v 0.06059170 0.01163511 -0.00015967
v 0.06065121 0.01163511 -0.00004015
v 0.06068775 0.01163511 0.00008827
v 0.06395447 0.00901727 0.00022121
v 0.06388674 0.00901727 0.00095215
v 0.06368586 0.00901727 0.00165820
v 0.06335864 0.00901727 0.00231531
v 0.06291627 0.00901727 0.00290111
v 0.06237379 0.00901727 0.00339566
v 0.06174967 0.00901727 0.00378209
v 0.06106517 0.00901727 0.00404727
v 0.06034359 0.00901727 0.00418216
v 0.05960952 0.00901727 0.00418216
v 0.05888795 0.00901727 0.00404727
v 0.05820345 0.00901727 0.00378209
v 0.05757933 0.00901727 0.00339566
v 0.05703685 0.00901727 0.00290111
v 0.05659447 0.00901727 0.00231531
v 0.05626727 0.00901727 0.00165820
v 0.05606638 0.00901727 0.00095215
v 0.05599865 0.00901727 0.00022121
v 0.05606638 0.00901727 -0.00050973
v 0.05626727 0.00901727 -0.00121578
v 0.05659447 0.00901727 -0.00187289
v 0.05703685 0.00901727 -0.00245869
v 0.05757933 0.00901727 -0.00295323
v 0.05820345 0.00901727 -0.00333967
v 0.05888795 0.00901727 -0.00360485
v 0.05960952 0.00901727 -0.00373973
v 0.06034359 0.00901727 -0.00373973
v 0.06106517 0.00901727 -0.00360485
v 0.06174967 0.00901727 -0.00333967
v 0.06237379 0.00901727 -0.00295323
v 0.06291627 0.00901727 -0.00245869
v 0.06335864 0.00901727 -0.00187289
v 0.06368586 0.00901727 -0.00121578
v 0.06388674 0.00901727 -0.00050973
v 0.06362563 0.00966465 0.00022121
v 0.06356350 0.00966465 0.00089173
v 0.06337921 0.00966465 0.00153941
v 0.06307906 0.00966465 0.00214220
v 0.06267325 0.00966465 0.00267958
v 0.06217562 0.00966465 0.00313323
v 0.06160309 0.00966465 0.00348773
v 0.06097518 0.00966465 0.00373098
v 0.06031325 0.00966465 0.00385472
v 0.05963986 0.00966465 0.00385472
v 0.05897795 0.00966465 0.00373098
v 0.05835002 0.00966465 0.00348773
v 0.05777750 0.00966465 0.00313323
v 0.05727986 0.00966465 0.00267958
v 0.05687406 0.00966465 0.00214220
v 0.05657390 0.00966465 0.00153941
v 0.05638962 0.00966465 0.00089173
v 0.05632749 0.00966465 0.00022121
v 0.05638962 0.00966465 -0.00044930
v 0.05657390 0.00966465 -0.00109698
v 0.05687406 0.00966465 -0.00169978
v 0.05727986 0.00966465 -0.00223715
v 0.05777750 0.00966465 -0.00269081
v 0.05835002 0.00966465 -0.00304530
v 0.05897795 0.00966465 -0.00328856
v 0.05963986 0.00966465 -0.00341229
v 0.06031325 0.00966465 -0.00341229
v 0.06097518 0.00966465 -0.00328856
v 0.06160309 0.00966465 -0.00304530
v 0.06217562 0.00966465 -0.00269081
v 0.06267325 0.00966465 -0.00223715
v 0.06307906 0.00966465 -0.00169978
v 0.06337921 0.00966465 -0.00109698
v 0.06356350 0.00966465 -0.00044930
v 0.06319238 0.01024735 0.00022121
v 0.06313762 0.01024735 0.00081212
v 0.06297522 0.01024735 0.00138290
v 0.06271070 0.01024735 0.00191412
v 0.06235307 0.01024735 0.00238770
v 0.06191452 0.01024735 0.00278749
v 0.06140998 0.01024735 0.00309990
v 0.06085661 0.01024735 0.00331427
v 0.06027328 0.01024735 0.00342332
v 0.05967984 0.01024735 0.00342332
v 0.05909651 0.01024735 0.00331427
v 0.05854315 0.01024734 0.00309990
v 0.05803859 0.01024734 0.00278749
v 0.05760004 0.01024734 0.00238770
v 0.05724241 0.01024734 0.00191412
v 0.05697789 0.01024734 0.00138290
v 0.05681549 0.01024734 0.00081212
v 0.05676074 0.01024734 0.00022121
v 0.05681549 0.01024734 -0.00036969
v 0.05697789 0.01024734 -0.00094048
v 0.05724241 0.01024734 -0.00147170
v 0.05760004 0.01024734 -0.00194527
v 0.05803859 0.01024734 -0.00234507
v 0.05854315 0.01024734 -0.00265747
v 0.05909651 0.01024735 -0.00287185
v 0.05967984 0.01024735 -0.00298089
v 0.06027328 0.01024735 -0.00298089
v 0.06085661 0.01024735 -0.00287185
v 0.06140998 0.01024735 -0.00265747
v 0.06191452 0.01024735 -0.00234507
v 0.06235307 0.01024735 -0.00194527
v 0.06271070 0.01024735 -0.00147170
v 0.06297522 0.01024735 -0.00094048
v 0.06313762 0.01024735 -0.00036969
v 0.06266712 0.01074868 0.00022121
v 0.06262130 0.01074868 0.00071560
v 0.06248543 0.01074868 0.00119315
v 0.06226412 0.01074868 0.00163761
v 0.06196491 0.01074868 0.00203383
v 0.06159798 0.01074868 0.00236832
v 0.06117585 0.01074868 0.00262970
v 0.06071286 0.01074868 0.00280906
v 0.06022481 0.01074868 0.00290029
v 0.05972831 0.01074868 0.00290029
v 0.05924025 0.01074868 0.00280906
v 0.05877727 0.01074868 0.00262970
v 0.05835513 0.01074868 0.00236832
v 0.05798821 0.01074868 0.00203383
v 0.05768900 0.01074868 0.00163761
v 0.05746768 0.01074868 0.00119315
v 0.05733181 0.01074868 0.00071560
v 0.05728600 0.01074868 0.00022121
v 0.05733181 0.01074868 -0.00027318
v 0.05746768 0.01074868 -0.00075073
v 0.05768900 0.01074868 -0.00119518
v 0.05798821 0.01074868 -0.00159141
v 0.05835513 0.01074868 -0.00192590
v 0.05877727 0.01074868 -0.00218728
v 0.05924025 0.01074868 -0.00236664
v 0.05972831 0.01074868 -0.00245787
v 0.06022481 0.01074868 -0.00245787
v 0.06071286 0.01074868 -0.00236664
v 0.06117585 0.01074868 -0.00218728
v 0.06159798 0.01074868 -0.00192590
v 0.06196491 0.01074868 -0.00159141
v 0.06226412 0.01074868 -0.00119518
v 0.06248543 0.01074868 -0.00075073
v 0.06262130 0.01074868 -0.00027318
v 0.06206487 0.01115431 0.00022121
v 0.06202931 0.01115431 0.00060494
v 0.06192385 0.01115431 0.00097560
v 0.06175208 0.01115431 0.00132057
v 0.06151984 0.01115431 0.00162810
v 0.06123505 0.01115431 0.00188772
v 0.06090740 0.01115431 0.00209059
v 0.06054805 0.01115431 0.00222981
v 0.06016925 0.01115431 0.00230062
v 0.05978387 0.01115431 0.00230062
v 0.05940506 0.01115431 0.00222981
v 0.05904572 0.01115431 0.00209059
v 0.05871807 0.01115431 0.00188772
v 0.05843328 0.01115431 0.00162810
v 0.05820104 0.01115431 0.00132057
v 0.05802926 0.01115431 0.00097560
v 0.05792380 0.01115431 0.00060494
v 0.05788825 0.01115431 0.00022121
v 0.05792380 0.01115431 -0.00016251
v 0.05802926 0.01115431 -0.00053317
v 0.05820104 0.01115431 -0.00087814
v 0.05843328 0.01115431 -0.00118567
v 0.05871807 0.01115431 -0.00144530
v 0.05904572 0.01115431 -0.00164817
v 0.05940506 0.01115431 -0.00178738
v 0.05978387 0.01115431 -0.00185819
v 0.06016925 0.01115431 -0.00185819
v 0.06054805 0.01115431 -0.00178738
v 0.06090740 0.01115431 -0.00164817
v 0.06123505 0.01115431 -0.00144530
v 0.06151984 0.01115431 -0.00118567
v 0.06175208 0.01115431 -0.00087814
v 0.06192385 0.01115431 -0.00053317
v 0.06202931 0.01115431 -0.00016251
v 0.06140287 0.01145263 0.00022121
v 0.06137859 0.01145263 0.00048330
v 0.06130656 0.01145263 0.00073646
v 0.06118923 0.01145263 0.00097207
v 0.06103062 0.01145263 0.00118212
v 0.06083611 0.01145263 0.00135944
v 0.06061232 0.01145263 0.00149800
v 0.06036688 0.01145263 0.00159308
v 0.06010817 0.01145263 0.00164144
v 0.05984496 0.01145263 0.00164144
v 0.05958623 0.01145263 0.00159308
v 0.05934079 0.01145263 0.00149800
v 0.05911701 0.01145263 0.00135944
v 0.05892250 0.01145263 0.00118212
v 0.05876388 0.01145263 0.00097207
v 0.05864656 0.01145263 0.00073646
v 0.05857453 0.01145263 0.00048330
v 0.05855024 0.01145263 0.00022121
v 0.05857453 0.01145263 -0.00004087
v 0.05864656 0.01145263 -0.00029403
v 0.05876388 0.01145263 -0.00052965
v 0.05892250 0.01145263 -0.00073969
v 0.05911701 0.01145263 -0.00091701
v 0.05934079 0.01145263 -0.00105557
v 0.05958623 0.01145263 -0.00115065
v 0.05984496 0.01145263 -0.00119902
v 0.06010817 0.01145263 -0.00119902
v 0.06036688 0.01145263 -0.00115065
v 0.06061232 0.01145263 -0.00105557
v 0.06083611 0.01145263 -0.00091701
v 0.06103062 0.01145263 -0.00073969
v 0.06118923 0.01145263 -0.00052965
v 0.06130656 0.01145263 -0.00029403
v 0.06137859 0.01145263 -0.00004087
v 0.05898216 0.00701513 -0.00004524
v 0.05901604 0.00728158 -0.00003616
v 0.05894708 0.00701513 0.00022121
v 0.05898216 0.00728158 0.00022121
v 0.05898216 0.00701513 0.00048766
v 0.05901604 0.00728158 0.00047858
v 0.05908500 0.00701513 0.00073595
v 0.05911538 0.00728158 0.00071841
v 0.05924861 0.00701513 0.00094917
v 0.05927341 0.00728158 0.00092436
v 0.05946182 0.00701513 0.00111277
v 0.05947936 0.00728158 0.00108239
v 0.05971011 0.00701513 0.00121562
v 0.05971919 0.00728158 0.00118173
v 0.05997656 0.00701513 0.00125069
v 0.05997656 0.00728158 0.00121562
v 0.06024301 0.00701513 0.00121562
v 0.06023393 0.00728158 0.00118173
v 0.06049130 0.00701513 0.00111277
v 0.06047376 0.00728158 0.00108239
v 0.06070451 0.00701513 0.00094917
v 0.06067970 0.00728158 0.00092436
v 0.06086811 0.00701513 0.00073595
v 0.06083773 0.00728158 0.00071841
v 0.06097096 0.00701513 0.00048766
v 0.06093708 0.00728158 0.00047858
v 0.06100604 0.00701513 0.00022121
v 0.06097096 0.00728158 0.00022121
v 0.06097096 0.00701513 -0.00004524
v 0.06093708 0.00728158 -0.00003616
v 0.06086811 0.00701513 -0.00029353
v 0.06083773 0.00728158 -0.00027599
v 0.06070451 0.00701513 -0.00050674
v 0.06067970 0.00728158 -0.00048194
v 0.06049130 0.00701513 -0.00067034
v 0.06047376 0.00728158 -0.00063997
v 0.06024301 0.00701513 -0.00077319
v 0.06023393 0.00728158 -0.00073931
v 0.05997656 0.00701513 -0.00080827
v 0.05997656 0.00728158 -0.00077319
v 0.05971011 0.00701513 -0.00077319
v 0.05971919 0.00728158 -0.00073931
v 0.05946182 0.00701513 -0.00067034
v 0.05947936 0.00728158 -0.00063997
v 0.05924861 0.00701513 -0.00050674
v 0.05927341 0.00728158 -0.00048194
v 0.05908500 0.00701513 -0.00029353
v 0.05911538 0.00728158 -0.00027599
v 0.06024301 0.00800953 0.00022121
v 0.05997656 0.00804461 0.00022121
v 0.06023393 0.00800953 0.00015225
v 0.06020731 0.00800953 0.00008799
v 0.06016497 0.00800953 0.00003280
v 0.06010978 0.00800953 -0.00000954
v 0.06004552 0.00800953 -0.00003616
v 0.05997656 0.00800953 -0.00004524
v 0.05990760 0.00800953 -0.00003616
v 0.05984333 0.00800953 -0.00000954
v 0.05978815 0.00800953 0.00003280
v 0.05974581 0.00800953 0.00008799
v 0.05971919 0.00800953 0.00015225
v 0.05971011 0.00800953 0.00022121
v 0.05971919 0.00800953 0.00029017
v 0.05974581 0.00800953 0.00035444
v 0.05978815 0.00800953 0.00040962
v 0.05984333 0.00800953 0.00045196
v 0.05990760 0.00800953 0.00047858
v 0.05997656 0.00800953 0.00048766
v 0.06004552 0.00800953 0.00047858
v 0.06010978 0.00800953 0.00045196
v 0.06016497 0.00800953 0.00040962
v 0.06020731 0.00800953 0.00035444
v 0.06023393 0.00800953 0.00029017
v 0.06086811 0.00752987 0.00022121
v 0.06083773 0.00752987 -0.00000954
v 0.06074867 0.00752987 -0.00022457
v 0.06060698 0.00752987 -0.00040921
v 0.06042233 0.00752987 -0.00055090
v 0.06020731 0.00752987 -0.00063997
v 0.05997656 0.00752987 -0.00067034
v 0.05974581 0.00752987 -0.00063997
v 0.05953078 0.00752987 -0.00055090
v 0.05934613 0.00752987 -0.00040921
v 0.05920445 0.00752987 -0.00022457
v 0.05911538 0.00752987 -0.00000954
v 0.05908500 0.00752987 0.00022121
v 0.05911538 0.00752987 0.00045196
v 0.05920445 0.00752987 0.00066699
v 0.05934613 0.00752987 0.00085164
v 0.05953078 0.00752987 0.00099332
v 0.05974581 0.00752987 0.00108239
v 0.05997656 0.00752987 0.00111277
v 0.06020731 0.00752987 0.00108239
v 0.06042233 0.00752987 0.00099332
v 0.06060698 0.00752987 0.00085164
v 0.06074867 0.00752987 0.00066699
v 0.06083773 0.00752987 0.00045196
v 0.06070451 0.00774308 0.00022121
v 0.06067970 0.00774308 0.00003280
v 0.06060698 0.00774308 -0.00014276
v 0.06049130 0.00774308 -0.00029353
v 0.06034053 0.00774308 -0.00040921
v 0.06016497 0.00774308 -0.00048194
v 0.05997656 0.00774308 -0.00050674
v 0.05978815 0.00774308 -0.00048194
v 0.05961258 0.00774308 -0.00040921
v 0.05946182 0.00774308 -0.00029353
v 0.05934613 0.00774308 -0.00014276
v 0.05927341 0.00774308 0.00003280
v 0.05924861 0.00774308 0.00022121
v 0.05927341 0.00774308 0.00040962
v 0.05934613 0.00774308 0.00058519
v 0.05946182 0.00774308 0.00073595
v 0.05961258 0.00774308 0.00085164
v 0.05978815 0.00774308 0.00092436
v 0.05997656 0.00774308 0.00094917
v 0.06016497 0.00774308 0.00092436
v 0.06034053 0.00774308 0.00085164
v 0.06049130 0.00774308 0.00073595
v 0.06060698 0.00774308 0.00058519
v 0.06067970 0.00774308 0.00040962
v 0.06049130 0.00790668 0.00022121
v 0.06047376 0.00790668 0.00008799
v 0.06042233 0.00790668 -0.00003616
v 0.06034053 0.00790668 -0.00014276
v 0.06023393 0.00790668 -0.00022457
v 0.06010978 0.00790668 -0.00027599
v 0.05997656 0.00790668 -0.00029353
v 0.05984333 0.00790668 -0.00027599
v 0.05971919 0.00790668 -0.00022457
v 0.05961258 0.00790668 -0.00014276
v 0.05953078 0.00790668 -0.00003616
v 0.05947936 0.00790668 0.00008799
v 0.05946182 0.00790668 0.00022121
v 0.05947936 0.00790668 0.00035444
v 0.05953078 0.00790668 0.00047858
v 0.05961258 0.00790668 0.00058519
v 0.05971919 0.00790668 0.00066699
v 0.05984333 0.00790668 0.00071841
v 0.05997656 0.00790668 0.00073595
v 0.06010978 0.00790668 0.00071841
v 0.06023393 0.00790668 0.00066699
v 0.06034053 0.00790668 0.00058519
v 0.06042233 0.00790668 0.00047858
v 0.06047376 0.00790668 0.00035444
v 0.05404687 0.00701513 0.00113711
v 0.05397656 0.00701513 0.00022121
v 0.05404687 0.00701513 -0.00069468
v 0.05459956 0.00701513 0.00288353
v 0.05425617 0.00701513 0.00203154
v 0.05506898 0.00701513 0.00367312
v 0.05565343 0.00701513 0.00438181
v 0.05633920 0.00701513 0.00499297
v 0.05711024 0.00701513 0.00549229
v 0.05794846 0.00701513 0.00586805
v 0.05883421 0.00701513 0.00611146
v 0.05974675 0.00701513 0.00621681
v 0.06066466 0.00701513 0.00618163
v 0.06156645 0.00701513 0.00600673
v 0.06243097 0.00701513 0.00569623
v 0.06323797 0.00701513 0.00525740
v 0.06396852 0.00701513 0.00470053
v 0.06460550 0.00701513 0.00403867
v 0.06513397 0.00701513 0.00328732
v 0.06554157 0.00701513 0.00246411
v 0.06581873 0.00701513 0.00158833
v 0.06595895 0.00701513 0.00068051
v 0.06595895 0.00701513 -0.00023808
v 0.06581873 0.00701513 -0.00114591
v 0.06554157 0.00701513 -0.00202169
v 0.06513397 0.00701513 -0.00284490
v 0.06460550 0.00701513 -0.00359624
v 0.06396852 0.00701513 -0.00425811
v 0.06323797 0.00701513 -0.00481498
v 0.06243097 0.00701513 -0.00525381
v 0.06156645 0.00701513 -0.00556431
v 0.06066466 0.00701513 -0.00573920
v 0.05974675 0.00701513 -0.00577439
v 0.05883421 0.00701513 -0.00566904
v 0.05794846 0.00701513 -0.00542563
v 0.05711024 0.00701513 -0.00504986
v 0.05633920 0.00701513 -0.00455054
v 0.05565343 0.00701513 -0.00393938
v 0.05506898 0.00701513 -0.00323070
v 0.05459956 0.00701513 -0.00244111
v 0.05425617 0.00701513 -0.00158911
v 0.05404687 0.00721512 0.00113711
v 0.05397656 0.00721512 0.00022121
v 0.05404687 0.00721512 -0.00069468
v 0.05425617 0.00721512 -0.00158911
v 0.05425617 0.00721512 0.00203154
v 0.05459956 0.00721512 0.00288353
v 0.05506898 0.00721512 0.00367312
v 0.05565343 0.00721512 0.00438181
v 0.05633920 0.00721513 0.00499297
v 0.05711024 0.00721513 0.00549229
v 0.05794846 0.00721513 0.00586805
v 0.05883421 0.00721513 0.00611146
v 0.05974675 0.00721513 0.00621681
v 0.06066466 0.00721513 0.00618163
v 0.06156645 0.00721513 0.00600673
v 0.06243097 0.00721513 0.00569623
v 0.06323797 0.00721513 0.00525740
v 0.06396852 0.00721513 0.00470053
v 0.06460550 0.00721513 0.00403867
v 0.06513397 0.00721513 0.00328732
v 0.06554157 0.00721513 0.00246411
v 0.06581873 0.00721513 0.00158833
v 0.06595895 0.00721513 0.00068051
v 0.06595895 0.00721513 -0.00023808
v 0.06581873 0.00721513 -0.00114591
v 0.06554157 0.00721513 -0.00202169
v 0.06513397 0.00721513 -0.00284490
v 0.06460550 0.00721513 -0.00359624
v 0.06396852 0.00721513 -0.00425811
v 0.06323797 0.00721513 -0.00481498
v 0.06243097 0.00721513 -0.00525381
v 0.06156645 0.00721513 -0.00556431
v 0.06066466 0.00721513 -0.00573920
v 0.05974675 0.00721513 -0.00577439
v 0.05883421 0.00721513 -0.00566904
v 0.05794846 0.00721513 -0.00542563
v 0.05711024 0.00721513 -0.00504986
v 0.05633920 0.00721513 -0.00455054
v 0.05565343 0.00721512 -0.00393938
v 0.05506898 0.00721512 -0.00323070
v 0.05459956 0.00721512 -0.00244111
v 0.05876345 0.00721513 0.00022121
v 0.05880479 0.00721513 0.00053519
v 0.05892598 0.00721513 0.00082777
v 0.05911876 0.00721513 0.00107901
v 0.05937001 0.00721513 0.00127179
v 0.05966258 0.00721513 0.00139298
v 0.05997656 0.00721513 0.00143432
v 0.06029053 0.00721513 0.00139298
v 0.06058311 0.00721513 0.00127179
v 0.06083435 0.00721513 0.00107901
v 0.06102714 0.00721513 0.00082777
v 0.06114833 0.00721513 0.00053519
v 0.06118966 0.00721513 0.00022121
v 0.06114833 0.00721513 -0.00009276
v 0.06102714 0.00721513 -0.00038534
v 0.06083435 0.00721513 -0.00063658
v 0.06058311 0.00721513 -0.00082937
v 0.06029053 0.00721513 -0.00095056
v 0.05997656 0.00721513 -0.00099189
v 0.05966258 0.00721513 -0.00095056
v 0.05937001 0.00721513 -0.00082937
v 0.05911876 0.00721513 -0.00063658
v 0.05892598 0.00721513 -0.00038534
v 0.05880479 0.00721513 -0.00009276
v 0.05888178 0.00749160 0.00051456
v 0.05884316 0.00749160 0.00022121
v 0.05888178 0.00749160 -0.00007213
v 0.05899500 0.00749160 -0.00034549
v 0.05917512 0.00749160 -0.00058022
v 0.05940986 0.00749160 -0.00076034
v 0.05968321 0.00749160 -0.00087357
v 0.05997656 0.00749160 -0.00091219
v 0.06026990 0.00749160 -0.00087357
v 0.06054326 0.00749160 -0.00076034
v 0.06077800 0.00749160 -0.00058022
v 0.06095811 0.00749160 -0.00034549
v 0.06107134 0.00749160 -0.00007213
v 0.06110996 0.00749160 0.00022121
v 0.06107134 0.00749160 0.00051456
v 0.06095811 0.00749160 0.00078791
v 0.06077800 0.00749160 0.00102265
v 0.06054326 0.00749160 0.00120277
v 0.06026990 0.00749160 0.00131599
v 0.05997656 0.00749160 0.00135461
v 0.05968321 0.00749160 0.00131599
v 0.05940986 0.00749160 0.00120277
v 0.05917512 0.00749160 0.00102265
v 0.05899500 0.00749160 0.00078791
v 0.06026231 0.00821094 0.00022121
v 0.05997656 0.00824461 0.00022121
v 0.06025258 0.00821094 0.00029517
v 0.06022403 0.00821094 0.00036409
v 0.06017862 0.00821094 0.00042327
v 0.06011944 0.00821094 0.00046869
v 0.06005052 0.00821094 0.00049723
v 0.05997656 0.00821094 0.00050697
v 0.05990260 0.00821094 0.00049723
v 0.05983368 0.00821094 0.00046869
v 0.05977449 0.00821094 0.00042327
v 0.05972908 0.00821094 0.00036409
v 0.05970053 0.00821094 0.00029517
v 0.05969080 0.00821094 0.00022121
v 0.05970053 0.00821094 0.00014725
v 0.05972908 0.00821094 0.00007833
v 0.05977449 0.00821094 0.00001915
v 0.05983368 0.00821094 -0.00002626
v 0.05990260 0.00821094 -0.00005481
v 0.05997656 0.00821094 -0.00006455
v 0.06005052 0.00821094 -0.00005481
v 0.06011944 0.00821094 -0.00002626
v 0.06017862 0.00821094 0.00001915
v 0.06022403 0.00821094 0.00007833
v 0.06025258 0.00821094 0.00014725
v 0.06096818 0.00774198 0.00022121
v 0.06093439 0.00774198 0.00047786
v 0.06083532 0.00774198 0.00071702
v 0.06067774 0.00774198 0.00092239
v 0.06047237 0.00774198 0.00107998
v 0.06023321 0.00774198 0.00117904
v 0.05997656 0.00774198 0.00121283
v 0.05971991 0.00774198 0.00117904
v 0.05948075 0.00774198 0.00107998
v 0.05927538 0.00774198 0.00092239
v 0.05911779 0.00774198 0.00071702
v 0.05901872 0.00774198 0.00047786
v 0.05898494 0.00774198 0.00022121
v 0.05901872 0.00774198 -0.00003544
v 0.05911779 0.00774198 -0.00027460
v 0.05927538 0.00774198 -0.00047997
v 0.05948075 0.00774198 -0.00063756
v 0.05971991 0.00774198 -0.00073662
v 0.05997656 0.00774198 -0.00077041
v 0.06023321 0.00774198 -0.00073662
v 0.06047237 0.00774198 -0.00063756
v 0.06067774 0.00774198 -0.00047997
v 0.06083532 0.00774198 -0.00027460
v 0.06093439 0.00774198 -0.00003544
v 0.06077209 0.00795255 0.00022121
v 0.06074498 0.00795255 0.00042711
v 0.06066551 0.00795255 0.00061898
v 0.06053908 0.00795255 0.00078374
v 0.06037432 0.00795255 0.00091016
v 0.06018246 0.00795255 0.00098963
v 0.05997656 0.00795255 0.00101674
v 0.05977066 0.00795255 0.00098963
v 0.05957879 0.00795255 0.00091016
v 0.05941404 0.00795255 0.00078374
v 0.05928761 0.00795255 0.00061898
v 0.05920814 0.00795255 0.00042711
v 0.05918103 0.00795255 0.00022121
v 0.05920814 0.00795255 0.00001531
v 0.05928761 0.00795255 -0.00017655
v 0.05941404 0.00795255 -0.00034131
v 0.05957879 0.00795255 -0.00046773
v 0.05977066 0.00795255 -0.00054721
v 0.05997656 0.00795255 -0.00057432
v 0.06018246 0.00795255 -0.00054721
v 0.06037432 0.00795255 -0.00046773
v 0.06053908 0.00795255 -0.00034131
v 0.06066551 0.00795255 -0.00017655
v 0.06074498 0.00795255 0.00001531
v 0.06053242 0.00811178 0.00022121
v 0.06051349 0.00811178 0.00036508
v 0.06045795 0.00811178 0.00049915
v 0.06036962 0.00811178 0.00061427
v 0.06025449 0.00811178 0.00070261
v 0.06012043 0.00811178 0.00075814
v 0.05997656 0.00811178 0.00077708
v 0.05983269 0.00811178 0.00075814
v 0.05969863 0.00811178 0.00070261
v 0.05958350 0.00811178 0.00061427
v 0.05949517 0.00811178 0.00049915
v 0.05943963 0.00811178 0.00036508
v 0.05942069 0.00811178 0.00022121
v 0.05943963 0.00811178 0.00007734
v 0.05949517 0.00811178 -0.00005672
v 0.05958350 0.00811178 -0.00017184
v 0.05969863 0.00811178 -0.00026018
v 0.05983269 0.00811178 -0.00031571
v 0.05997656 0.00811178 -0.00033465
v 0.06012043 0.00811178 -0.00031571
v 0.06025449 0.00811178 -0.00026018
v 0.06036962 0.00811178 -0.00017184
v 0.06045795 0.00811178 -0.00005672
v 0.06051349 0.00811178 0.00007734
v 0.05124880 0.01591512 -0.00090411
v 0.05117656 0.01591512 0.00022121
v 0.05197656 0.01541513 0.00022121
v 0.05124880 0.01591512 0.00134653
v 0.05204794 0.01541513 0.00128751
v 0.05146436 0.01591512 0.00245337
v 0.05226080 0.01541513 0.00233478
v 0.05181969 0.01591512 0.00352356
v 0.05261135 0.01541513 0.00334433
v 0.05230895 0.01591512 0.00453953
v 0.05309334 0.01541513 0.00429815
v 0.05292411 0.01591512 0.00548459
v 0.05369816 0.01541513 0.00517921
v 0.05365508 0.01591513 0.00634322
v 0.05441502 0.01541513 0.00597180
v 0.05448985 0.01591513 0.00710133
v 0.05523112 0.01541513 0.00666177
v 0.05541471 0.01591513 0.00774647
v 0.05613191 0.01541513 0.00723681
v 0.05641446 0.01591513 0.00826804
v 0.05710130 0.01541513 0.00768666
v 0.05747271 0.01591513 0.00865749
v 0.05812200 0.01541513 0.00800328
v 0.05857208 0.01591513 0.00890841
v 0.05917579 0.01541513 0.00818104
v 0.05969451 0.01591513 0.00901669
v 0.06024387 0.01541513 0.00821675
v 0.06082156 0.01591513 0.00898055
v 0.06130719 0.01541513 0.00810978
v 0.06193474 0.01591513 0.00880058
v 0.06234677 0.01541513 0.00786203
v 0.06301577 0.01591513 0.00847973
v 0.06334403 0.01541513 0.00747794
v 0.06404690 0.01591513 0.00802329
v 0.06428122 0.01541513 0.00696435
v 0.06501119 0.01591513 0.00743873
v 0.06514158 0.01541513 0.00633043
v 0.06589281 0.01591513 0.00673566
v 0.06590978 0.01541513 0.00558749
v 0.06667728 0.01591513 0.00592562
v 0.06657209 0.01541513 0.00474879
v 0.06735174 0.01591513 0.00502192
v 0.06711671 0.01541513 0.00382929
v 0.06790508 0.01591513 0.00403939
v 0.06753391 0.01541513 0.00284541
v 0.06832825 0.01591513 0.00299416
v 0.06781625 0.01541513 0.00181470
v 0.06861427 0.01591513 0.00190341
v 0.06795869 0.01541513 0.00075555
v 0.06875847 0.01591513 0.00078503
v 0.06875847 0.01591513 -0.00034261
v 0.06795869 0.01541513 -0.00031313
v 0.06861427 0.01591513 -0.00146098
v 0.06781625 0.01541513 -0.00137228
v 0.06832825 0.01591513 -0.00255174
v 0.06753391 0.01541513 -0.00240299
v 0.06790508 0.01591513 -0.00359696
v 0.06711671 0.01541513 -0.00338687
v 0.06735174 0.01591513 -0.00457950
v 0.06657209 0.01541513 -0.00430636
v 0.06667728 0.01591513 -0.00548320
v 0.06590978 0.01541513 -0.00514507
v 0.06589281 0.01591513 -0.00629324
v 0.06514158 0.01541513 -0.00588801
v 0.06501119 0.01591513 -0.00699630
v 0.06428122 0.01541513 -0.00652193
v 0.06404690 0.01591513 -0.00758086
v 0.06334403 0.01541513 -0.00703552
v 0.06301577 0.01591513 -0.00803731
v 0.06234677 0.01541513 -0.00741961
v 0.06193474 0.01591513 -0.00835815
v 0.06130719 0.01541513 -0.00766735
v 0.06082156 0.01591513 -0.00853812
v 0.06024387 0.01541513 -0.00777432
v 0.05969451 0.01591513 -0.00857427
v 0.05917579 0.01541513 -0.00773861
v 0.05857208 0.01591513 -0.00846599
v 0.05812200 0.01541513 -0.00756086
v 0.05747271 0.01591513 -0.00821507
v 0.05710130 0.01541513 -0.00724423
v 0.05641446 0.01591513 -0.00782562
v 0.05613191 0.01541513 -0.00679439
v 0.05541471 0.01591513 -0.00730404
v 0.05523112 0.01541513 -0.00621935
v 0.05448985 0.01591513 -0.00665891
v 0.05441502 0.01541513 -0.00552938
v 0.05365508 0.01591513 -0.00590079
v 0.05369816 0.01541513 -0.00473679
v 0.05292411 0.01591512 -0.00504216
v 0.05309334 0.01541513 -0.00385572
v 0.05230895 0.01591512 -0.00409710
v 0.05261135 0.01541513 -0.00290190
v 0.05181969 0.01591512 -0.00308114
v 0.05226080 0.01541513 -0.00189235
v 0.05146436 0.01591512 -0.00201095
v 0.05204794 0.01541513 -0.00084508
v 0.05104753 0.01591512 -0.00090679
v 0.05097656 0.01591512 0.00022121
v 0.05104753 0.01591512 0.00134921
v 0.05125931 0.01591512 0.00245942
v 0.05160857 0.01591512 0.00353433
v 0.05208979 0.01591512 0.00455700
v 0.05269540 0.01591512 0.00551128
v 0.05341583 0.01591513 0.00638214
v 0.05423974 0.01591513 0.00715583
v 0.05515411 0.01591513 0.00782016
v 0.05614454 0.01591513 0.00836466
v 0.05719541 0.01591513 0.00878072
v 0.05829012 0.01591513 0.00906180
v 0.05941144 0.01591513 0.00920345
v 0.06054167 0.01591513 0.00920345
v 0.06166299 0.01591513 0.00906180
v 0.06275771 0.01591513 0.00878072
v 0.06380858 0.01591513 0.00836466
v 0.06479900 0.01591513 0.00782016
v 0.06571338 0.01591513 0.00715583
v 0.06653728 0.01591513 0.00638214
v 0.06725771 0.01591513 0.00551128
v 0.06786332 0.01591513 0.00455700
v 0.06834455 0.01591513 0.00353433
v 0.06869380 0.01591513 0.00245942
v 0.06890558 0.01591513 0.00134921
v 0.06897655 0.01591513 0.00022121
v 0.06890558 0.01591513 -0.00090679
v 0.06869380 0.01591513 -0.00201700
v 0.06834455 0.01591513 -0.00309191
v 0.06786332 0.01591513 -0.00411457
v 0.06725771 0.01591513 -0.00506885
v 0.06653728 0.01591513 -0.00593971
v 0.06571338 0.01591513 -0.00671341
v 0.06479900 0.01591513 -0.00737774
v 0.06380858 0.01591513 -0.00792223
v 0.06275771 0.01591513 -0.00833830
v 0.06166299 0.01591513 -0.00861937
v 0.06054167 0.01591513 -0.00876103
v 0.05941144 0.01591513 -0.00876103
v 0.05829012 0.01591513 -0.00861937
v 0.05719541 0.01591513 -0.00833830
v 0.05614454 0.01591513 -0.00792223
v 0.05515411 0.01591513 -0.00737774
v 0.05423974 0.01591513 -0.00671341
v 0.05341583 0.01591513 -0.00593971
v 0.05269540 0.01591512 -0.00506885
v 0.05208979 0.01591512 -0.00411457
v 0.05160857 0.01591512 -0.00309191
v 0.05125931 0.01591512 -0.00201700
v 0.05204794 0.01091513 -0.00084508
v 0.05197656 0.01091513 0.00022121
v 0.05204794 0.01091513 0.00128751
v 0.05226080 0.01091513 0.00233478
v 0.05261135 0.01091513 0.00334433
v 0.05309334 0.01091513 0.00429815
v 0.05369816 0.01091513 0.00517921
v 0.05441502 0.01091513 0.00597180
v 0.05523112 0.01091513 0.00666177
v 0.05613191 0.01091513 0.00723681
v 0.05710130 0.01091513 0.00768666
v 0.05812200 0.01091513 0.00800328
v 0.05917579 0.01091513 0.00818104
v 0.06024387 0.01091513 0.00821675
v 0.06130719 0.01091513 0.00810978
v 0.06234677 0.01091513 0.00786203
v 0.06334403 0.01091513 0.00747794
v 0.06428122 0.01091513 0.00696435
v 0.06514158 0.01091513 0.00633043
v 0.06590978 0.01091513 0.00558749
v 0.06657209 0.01091513 0.00474879
v 0.06711671 0.01091513 0.00382929
v 0.06753391 0.01091513 0.00284541
v 0.06781625 0.01091513 0.00181470
v 0.06795869 0.01091513 0.00075555
v 0.06795869 0.01091513 -0.00031313
v 0.06781625 0.01091513 -0.00137228
v 0.06753391 0.01091513 -0.00240299
v 0.06711671 0.01091513 -0.00338687
v 0.06657209 0.01091513 -0.00430636
v 0.06590978 0.01091513 -0.00514507
v 0.06514158 0.01091513 -0.00588801
v 0.06428122 0.01091513 -0.00652193
v 0.06334403 0.01091513 -0.00703552
v 0.06234677 0.01091513 -0.00741961
v 0.06130719 0.01091513 -0.00766735
v 0.06024387 0.01091513 -0.00777432
v 0.05917579 0.01091513 -0.00773861
v 0.05812200 0.01091513 -0.00756086
v 0.05710130 0.01091513 -0.00724423
v 0.05613191 0.01091513 -0.00679439
v 0.05523112 0.01091513 -0.00621935
v 0.05441502 0.01091513 -0.00552938
v 0.05369816 0.01091513 -0.00473679
v 0.05309334 0.01091513 -0.00385572
v 0.05261135 0.01091513 -0.00290190
v 0.05226080 0.01091513 -0.00189235
v 0.05397656 0.01091513 0.00022121
v 0.05404687 0.01091513 0.00113711
v 0.05425617 0.01091513 0.00203154
v 0.05459956 0.01091513 0.00288353
v 0.05506898 0.01091513 0.00367312
v 0.05565343 0.01091513 0.00438181
v 0.05633920 0.01091513 0.00499297
v 0.05711024 0.01091513 0.00549229
v 0.05794846 0.01091513 0.00586805
v 0.05883421 0.01091513 0.00611146
v 0.05974675 0.01091513 0.00621681
v 0.06066466 0.01091513 0.00618163
v 0.06156645 0.01091513 0.00600673
v 0.06243097 0.01091513 0.00569623
v 0.06323797 0.01091513 0.00525740
v 0.06396852 0.01091513 0.00470053
v 0.06460550 0.01091513 0.00403867
v 0.06513397 0.01091513 0.00328732
v 0.06554157 0.01091513 0.00246411
v 0.06581873 0.01091513 0.00158833
v 0.06595895 0.01091513 0.00068051
v 0.06595895 0.01091513 -0.00023808
v 0.06581873 0.01091513 -0.00114591
v 0.06554157 0.01091513 -0.00202169
v 0.06513397 0.01091513 -0.00284490
v 0.06460550 0.01091513 -0.00359624
v 0.06396852 0.01091513 -0.00425811
v 0.06323797 0.01091513 -0.00481498
v 0.06243097 0.01091513 -0.00525381
v 0.06156645 0.01091513 -0.00556431
v 0.06066466 0.01091513 -0.00573920
v 0.05974675 0.01091513 -0.00577439
v 0.05883421 0.01091513 -0.00566904
v 0.05794846 0.01091513 -0.00542563
v 0.05711024 0.01091513 -0.00504986
v 0.05633920 0.01091513 -0.00455054
v 0.05565343 0.01091513 -0.00393938
v 0.05506898 0.01091513 -0.00323070
v 0.05459956 0.01091513 -0.00244111
v 0.05425617 0.01091513 -0.00158911
v 0.05404687 0.01091513 -0.00069468
v 0.05404687 0.00191513 0.00113711
v 0.05397656 0.00191513 0.00022121
v 0.05404687 0.00191513 -0.00069468
v 0.05425617 0.00191513 -0.00158911
v 0.05425617 0.00191513 0.00203154
v 0.05459956 0.00191513 0.00288353
v 0.05506898 0.00191513 0.00367312
v 0.05565343 0.00191513 0.00438181
v 0.05633920 0.00191513 0.00499297
v 0.05711024 0.00191513 0.00549229
v 0.05794846 0.00191513 0.00586805
v 0.05883421 0.00191513 0.00611146
v 0.05974675 0.00191513 0.00621681
v 0.06066466 0.00191513 0.00618163
v 0.06156645 0.00191513 0.00600673
v 0.06243097 0.00191513 0.00569623
v 0.06323797 0.00191513 0.00525740
v 0.06396852 0.00191513 0.00470053
v 0.06460550 0.00191513 0.00403867
v 0.06513397 0.00191513 0.00328732
v 0.06554157 0.00191513 0.00246411
v 0.06581873 0.00191513 0.00158833
v 0.06595895 0.00191513 0.00068051
v 0.06595895 0.00191513 -0.00023808
v 0.06581873 0.00191513 -0.00114591
v 0.06554157 0.00191513 -0.00202169
v 0.06513397 0.00191513 -0.00284490
v 0.06460550 0.00191513 -0.00359624
v 0.06396852 0.00191513 -0.00425811
v 0.06323797 0.00191513 -0.00481498
v 0.06243097 0.00191513 -0.00525381
v 0.06156645 0.00191513 -0.00556431
v 0.06066466 0.00191513 -0.00573920
v 0.05974675 0.00191513 -0.00577439
v 0.05883421 0.00191513 -0.00566904
v 0.05794846 0.00191513 -0.00542563
v 0.05711024 0.00191513 -0.00504986
v 0.05633920 0.00191513 -0.00455054
v 0.05565343 0.00191513 -0.00393938
v 0.05506898 0.00191513 -0.00323070
v 0.05459956 0.00191513 -0.00244111
v 0.05304781 0.00091513 -0.00077499
v 0.06690530 0.00091513 -0.00077499
v 0.05297656 0.00091513 0.00022121
v 0.06697655 0.00091513 0.00022121
v 0.05304781 0.00091513 0.00121742
v 0.06690530 0.00091513 0.00121742
v 0.05326010 0.00091513 0.00219334
v 0.06669301 0.00091513 0.00219334
v 0.05360913 0.00091513 0.00312912
v 0.06634399 0.00091513 0.00312912
v 0.05408778 0.00091513 0.00400570
v 0.06586534 0.00091513 0.00400570
v 0.05468631 0.00091513 0.00480524
v 0.06526680 0.00091513 0.00480524
v 0.05539253 0.00091513 0.00551146
v 0.06456058 0.00091513 0.00551146
v 0.05619207 0.00091513 0.00610999
v 0.06376104 0.00091513 0.00610999
v 0.05706865 0.00091513 0.00658864
v 0.06288446 0.00091513 0.00658864
v 0.05800443 0.00091513 0.00693766
v 0.06194869 0.00091513 0.00693766
v 0.05898036 0.00091513 0.00714996
v 0.06097277 0.00091513 0.00714996
v 0.05997656 0.00091513 0.00722121
v 0.06669301 0.00091513 -0.00175092
v 0.05326010 0.00091513 -0.00175092
v 0.06634399 0.00091513 -0.00268669
v 0.05360913 0.00091513 -0.00268669
v 0.06586534 0.00091513 -0.00356327
v 0.05408778 0.00091513 -0.00356327
v 0.06526680 0.00091513 -0.00436281
v 0.05468631 0.00091513 -0.00436281
v 0.06456058 0.00091513 -0.00506903
v 0.05539253 0.00091513 -0.00506903
v 0.06376104 0.00091513 -0.00566756
v 0.05619207 0.00091513 -0.00566756
v 0.06288446 0.00091513 -0.00614621
v 0.05706865 0.00091513 -0.00614621
v 0.06194869 0.00091513 -0.00649524
v 0.05800443 0.00091513 -0.00649524
v 0.06097277 0.00091513 -0.00670754
v 0.05898036 0.00091513 -0.00670754
v 0.05997656 0.00091513 -0.00677879
v 0.05304781 0.00991513 0.00121742
v 0.05297656 0.00991513 0.00022121
v 0.05304781 0.00991513 -0.00077499
v 0.05326010 0.00991513 -0.00175092
v 0.05360913 0.00991513 -0.00268669
v 0.05408778 0.00991513 -0.00356327
v 0.05468631 0.00991513 -0.00436281
v 0.05539253 0.00991513 -0.00506903
v 0.05619207 0.00991513 -0.00566756
v 0.05706865 0.00991513 -0.00614621
v 0.05800443 0.00991513 -0.00649524
v 0.05898036 0.00991513 -0.00670754
v 0.05997656 0.00991513 -0.00677879
v 0.06097277 0.00991513 -0.00670754
v 0.06194869 0.00991513 -0.00649524
v 0.06288446 0.00991513 -0.00614621
v 0.06376104 0.00991513 -0.00566756
v 0.06456058 0.00991513 -0.00506903
v 0.06526680 0.00991513 -0.00436281
v 0.06586534 0.00991513 -0.00356327
v 0.06634399 0.00991513 -0.00268669
v 0.06669301 0.00991513 -0.00175092
v 0.06690530 0.00991513 -0.00077499
v 0.06697655 0.00991513 0.00022121
v 0.06690530 0.00991513 0.00121742
v 0.06669301 0.00991513 0.00219334
v 0.06634399 0.00991513 0.00312912
v 0.06586534 0.00991513 0.00400570
v 0.06526680 0.00991513 0.00480524
v 0.06456058 0.00991513 0.00551146
v 0.06376104 0.00991513 0.00610999
v 0.06288446 0.00991513 0.00658864
v 0.06194869 0.00991513 0.00693766
v 0.06097277 0.00991513 0.00714996
v 0.05997656 0.00991513 0.00722121
v 0.05898036 0.00991513 0.00714996
v 0.05800443 0.00991513 0.00693766
v 0.05706865 0.00991513 0.00658864
v 0.05619207 0.00991513 0.00610999
v 0.05539253 0.00991513 0.00551146
v 0.05468631 0.00991513 0.00480524
v 0.05408778 0.00991513 0.00400570
v 0.05360913 0.00991513 0.00312912
v 0.05326010 0.00991513 0.00219334
v 0.05104753 0.00991513 0.00134921
v 0.05097656 0.00991513 0.00022121
v 0.05104753 0.00991513 -0.00090679
v 0.05125931 0.00991513 0.00245942
v 0.05160857 0.00991513 0.00353433
v 0.05208979 0.00991513 0.00455700
v 0.05269540 0.00991513 0.00551128
v 0.05341583 0.00991513 0.00638214
v 0.05423974 0.00991513 0.00715583
v 0.05515411 0.00991513 0.00782016
v 0.05614454 0.00991513 0.00836466
v 0.05719541 0.00991513 0.00878072
v 0.05829012 0.00991513 0.00906180
v 0.05941144 0.00991513 0.00920345
v 0.06054167 0.00991513 0.00920345
v 0.06166299 0.00991513 0.00906180
v 0.06275771 0.00991513 0.00878072
v 0.06380858 0.00991513 0.00836466
v 0.06479900 0.00991513 0.00782016
v 0.06571338 0.00991513 0.00715583
v 0.06653728 0.00991513 0.00638214
v 0.06725771 0.00991513 0.00551128
v 0.06786332 0.00991513 0.00455700
v 0.06834455 0.00991513 0.00353433
v 0.06869380 0.00991513 0.00245942
v 0.06890558 0.00991513 0.00134921
v 0.06897655 0.00991513 0.00022121
v 0.06890558 0.00991513 -0.00090679
v 0.06869380 0.00991513 -0.00201700
v 0.06834455 0.00991513 -0.00309191
v 0.06786332 0.00991513 -0.00411457
v 0.06725771 0.00991513 -0.00506885
v 0.06653728 0.00991513 -0.00593971
v 0.06571338 0.00991513 -0.00671341
v 0.06479900 0.00991513 -0.00737774
v 0.06380858 0.00991513 -0.00792223
v 0.06275771 0.00991513 -0.00833830
v 0.06166299 0.00991513 -0.00861937
v 0.06054167 0.00991513 -0.00876103
v 0.05941144 0.00991513 -0.00876103
v 0.05829012 0.00991513 -0.00861937
v 0.05719541 0.00991513 -0.00833830
v 0.05614454 0.00991513 -0.00792223
v 0.05515411 0.00991513 -0.00737774
v 0.05423974 0.00991513 -0.00671341
v 0.05341583 0.00991513 -0.00593971
v 0.05269540 0.00991513 -0.00506885
v 0.05208979 0.00991513 -0.00411457
v 0.05160857 0.00991513 -0.00309191
v 0.05125931 0.00991513 -0.00201700
v -0.06795207 0.01339173 0.00128751
v -0.06802346 0.01339173 0.00022121
v -0.06641680 0.01317114 0.00069281
v -0.06621318 0.01314286 0.00022121
v -0.06477096 0.01297620 0.00057141
v -0.06431945 0.01292905 0.00022121
v -0.06303102 0.01282090 0.00044306
v -0.06332520 0.01284206 0.00022121
v -0.06228556 0.01277413 0.00022121
v -0.06210854 0.01276538 0.00037502
v -0.06118848 0.01273035 0.00022121
v -0.06114021 0.01272917 0.00030359
v -0.06002345 0.01271511 0.00022121
v -0.06210721 0.01276538 0.00005035
v -0.06113949 0.01272917 0.00012970
v -0.06302910 0.01282090 -0.00002524
v -0.06476794 0.01297620 -0.00016781
v -0.06641272 0.01317114 -0.00030268
v -0.06795207 0.01339173 -0.00084508
v -0.06634854 0.01317114 -0.00082306
v -0.06773921 0.01339173 -0.00189235
v -0.06624205 0.01317114 -0.00133646
v -0.06609395 0.01317114 -0.00183944
v -0.06453122 0.01297620 -0.00130897
v -0.06439110 0.01297620 -0.00167223
v -0.06279037 0.01282090 -0.00097829
v -0.06268310 0.01282090 -0.00120040
v -0.06186732 0.01276538 -0.00076436
v -0.06178062 0.01276538 -0.00091174
v -0.06096458 0.01272917 -0.00038559
v -0.06091184 0.01272917 -0.00046047
v -0.06738866 0.01339173 -0.00290190
v -0.06590524 0.01317114 -0.00232864
v -0.06422176 0.01297620 -0.00202283
v -0.06255803 0.01282090 -0.00141299
v -0.06168215 0.01276538 -0.00105155
v -0.06085316 0.01272917 -0.00053079
v -0.06567720 0.01317114 -0.00280077
v -0.06690668 0.01339173 -0.00385572
v -0.06541133 0.01317114 -0.00325270
v -0.06630185 0.01339173 -0.00473679
v -0.06510942 0.01317114 -0.00368138
v -0.06477348 0.01317114 -0.00408396
v -0.06355068 0.01297620 -0.00297568
v -0.06327762 0.01297620 -0.00325324
v -0.06208499 0.01282090 -0.00197987
v -0.06189822 0.01282090 -0.00214098
v -0.06132319 0.01276538 -0.00141644
v -0.06118501 0.01276538 -0.00151718
v -0.06064558 0.01272917 -0.00070986
v -0.06056741 0.01272917 -0.00075758
v -0.06558499 0.01339173 -0.00552938
v -0.06440576 0.01317114 -0.00445773
v -0.06298281 0.01297620 -0.00350755
v -0.06169891 0.01282090 -0.00228628
v -0.06103906 0.01276538 -0.00160629
v -0.06048559 0.01272917 -0.00079876
v -0.06400874 0.01317114 -0.00480021
v -0.06476890 0.01339173 -0.00621935
v -0.06358505 0.01317114 -0.00510910
v -0.06386811 0.01339173 -0.00679439
v -0.06313754 0.01317114 -0.00538233
v -0.06266920 0.01317114 -0.00561807
v -0.06198810 0.01297620 -0.00411487
v -0.06162718 0.01297620 -0.00426092
v -0.06103943 0.01282090 -0.00261824
v -0.06080398 0.01282090 -0.00269177
v -0.06056457 0.01276538 -0.00179829
v -0.06039773 0.01276538 -0.00183576
v -0.06022391 0.01272917 -0.00088049
v -0.06013321 0.01272917 -0.00089318
v -0.06289872 0.01339173 -0.00724423
v -0.06218316 0.01317114 -0.00581475
v -0.06125554 0.01297620 -0.00437698
v -0.06056332 0.01282090 -0.00274581
v -0.06022839 0.01276538 -0.00185946
v -0.06004178 0.01272917 -0.00089843
v -0.06168267 0.01317114 -0.00597106
v -0.06187801 0.01339173 -0.00756086
v -0.06117108 0.01317114 -0.00608594
v -0.06082422 0.01339173 -0.00773861
v -0.06065181 0.01317114 -0.00615863
v -0.06012834 0.01317114 -0.00618864
v -0.06010134 0.01297620 -0.00453855
v -0.05971211 0.01297620 -0.00452900
v -0.05982622 0.01282090 -0.00278807
v -0.05958096 0.01282090 -0.00276189
v -0.05971668 0.01276538 -0.00184690
v -0.05954870 0.01276538 -0.00181492
v -0.05976918 0.01272917 -0.00086932
v -0.05968091 0.01272917 -0.00084490
v -0.05975613 0.01339173 -0.00777432
v -0.05960417 0.01317114 -0.00617577
v -0.05932496 0.01297620 -0.00448767
v -0.05933865 0.01282090 -0.00271575
v -0.05938389 0.01276538 -0.00176931
v -0.05959493 0.01272917 -0.00081334
v -0.05869281 0.01339173 -0.00766735
v -0.05908281 0.01317114 -0.00612011
v -0.05894248 0.01297620 -0.00441483
v -0.05910093 0.01282090 -0.00264996
v -0.05922335 0.01276538 -0.00171038
v -0.05951182 0.01272917 -0.00077486
v -0.05856773 0.01317114 -0.00602203
v -0.05765325 0.01339173 -0.00741961
v -0.05806240 0.01317114 -0.00588218
v -0.05757018 0.01317114 -0.00570151
v -0.05820172 0.01297620 -0.00417683
v -0.05784840 0.01297620 -0.00401324
v -0.05864555 0.01282090 -0.00246134
v -0.05843093 0.01282090 -0.00233976
v -0.05891939 0.01276538 -0.00155425
v -0.05877800 0.01276538 -0.00145809
v -0.05935640 0.01272917 -0.00067821
v -0.05928512 0.01272917 -0.00062069
v -0.05665597 0.01339173 -0.00703552
v -0.05709437 0.01317114 -0.00548121
v -0.05750963 0.01297620 -0.00382133
v -0.05822698 0.01282090 -0.00220105
v -0.05864492 0.01276538 -0.00135069
v -0.05921879 0.01272917 -0.00055754
v -0.05571879 0.01339173 -0.00652193
v -0.05663816 0.01317114 -0.00522277
v -0.05718768 0.01297620 -0.00360238
v -0.05803504 0.01282090 -0.00204614
v -0.05852107 0.01276538 -0.00123278
v -0.05915784 0.01272917 -0.00048917
v -0.05620459 0.01317114 -0.00492792
v -0.05485842 0.01339173 -0.00588801
v -0.05579658 0.01317114 -0.00459861
v -0.05541683 0.01317114 -0.00423707
v -0.05660271 0.01297620 -0.00308938
v -0.05634361 0.01297620 -0.00279876
v -0.05769225 0.01282090 -0.00169195
v -0.05754370 0.01282090 -0.00149505
v -0.05830429 0.01276538 -0.00096863
v -0.05821281 0.01276538 -0.00082416
v -0.05905368 0.01272917 -0.00033868
v -0.05901117 0.01272917 -0.00025756
v -0.05409024 0.01339173 -0.00514507
v -0.05506790 0.01317114 -0.00384570
v -0.05610912 0.01297620 -0.00248793
v -0.05741175 0.01282090 -0.00128666
v -0.05813344 0.01276538 -0.00067270
v -0.05897544 0.01272917 -0.00017323
v -0.05342792 0.01339173 -0.00430636
v -0.05475213 0.01317114 -0.00342712
v -0.05590082 0.01297620 -0.00215899
v -0.05729725 0.01282090 -0.00106818
v -0.05806671 0.01276538 -0.00051525
v -0.05894670 0.01272917 -0.00008627
v -0.05447161 0.01317114 -0.00298414
v -0.05288330 0.01339173 -0.00338687
v -0.05422824 0.01317114 -0.00251972
v -0.05246610 0.01339173 -0.00240299
v -0.05402363 0.01317114 -0.00203696
v -0.05385916 0.01317114 -0.00153909
v -0.05544602 0.01297620 -0.00108594
v -0.05535452 0.01297620 -0.00070750
v -0.05706565 0.01282090 -0.00036713
v -0.05702747 0.01282090 -0.00012345
v -0.05794641 0.01276538 -0.00001773
v -0.05793383 0.01276538 0.00015281
v -0.05890426 0.01272917 0.00018457
v -0.05890501 0.01272917 0.00027616
v -0.05218375 0.01339173 -0.00137228
v -0.05373592 0.01317114 -0.00102945
v -0.05529424 0.01297620 -0.00032284
v -0.05700932 0.01282090 0.00012254
v -0.05793522 0.01276538 0.00032380
v -0.05891324 0.01272917 0.00036737
v -0.05365475 0.01317114 -0.00051145
v -0.05204131 0.01339173 -0.00031313
v -0.05361617 0.01317114 0.00001146
v -0.05204131 0.01339173 0.00075555
v -0.05362046 0.01317114 0.00053577
v -0.05366759 0.01317114 0.00105798
v -0.05530377 0.01297620 0.00084257
v -0.05537033 0.01297620 0.00122619
v -0.05707568 0.01282090 0.00085787
v -0.05713757 0.01282090 0.00109664
v -0.05802273 0.01276538 0.00082812
v -0.05807902 0.01276538 0.00098959
v -0.05898203 0.01272917 0.00063275
v -0.05901914 0.01272917 0.00071648
v -0.05218375 0.01339173 0.00181470
v -0.05375723 0.01317114 0.00157459
v -0.05546803 0.01297620 0.00160309
v -0.05721876 0.01282090 0.00132954
v -0.05814832 0.01276538 0.00114593
v -0.05906298 0.01272917 0.00079690
v -0.05388879 0.01317114 0.00208214
v -0.05246610 0.01339173 0.00284541
v -0.05406138 0.01317114 0.00257725
v -0.05288330 0.01339173 0.00382929
v -0.05427386 0.01317114 0.00305660
v -0.05452481 0.01317114 0.00351697
v -0.05594032 0.01297620 0.00266855
v -0.05615397 0.01297620 0.00299404
v -0.05757212 0.01282090 0.00197781
v -0.05772386 0.01282090 0.00217226
v -0.05842920 0.01276538 0.00157383
v -0.05854507 0.01276538 0.00169959
v -0.05923164 0.01272917 0.00101302
v -0.05929203 0.01272917 0.00106913
v -0.05342792 0.01339173 0.00474879
v -0.05481252 0.01317114 0.00395531
v -0.05639351 0.01297620 0.00330098
v -0.05789100 0.01282090 0.00235366
v -0.05865783 0.01276538 0.00180434
v -0.05935640 0.01272917 0.00112063
v -0.05513511 0.01317114 0.00436866
v -0.05409024 0.01339173 0.00558749
v -0.05549040 0.01317114 0.00475427
v -0.05485842 0.01339173 0.00633043
v -0.05583614 0.01317114 0.00507546
v -0.05620459 0.01317114 0.00537034
v -0.05718768 0.01297620 0.00404480
v -0.05747664 0.01297620 0.00424306
v -0.05841004 0.01282090 0.00276907
v -0.05860184 0.01282090 0.00288086
v -0.05903788 0.01276538 0.00206509
v -0.05917620 0.01276538 0.00213259
v -0.05956967 0.01272917 0.00124493
v -0.05964621 0.01272917 0.00127554
v -0.05571879 0.01339173 0.00696435
v -0.05659374 0.01317114 0.00563732
v -0.05777941 0.01297620 0.00441951
v -0.05880135 0.01282090 0.00297823
v -0.05931910 0.01276538 0.00218974
v -0.05972479 0.01272917 0.00130044
v -0.05700146 0.01317114 0.00587495
v -0.05665597 0.01339173 0.00747794
v -0.05742556 0.01317114 0.00608194
v -0.05786375 0.01317114 0.00625718
v -0.05841972 0.01297620 0.00470334
v -0.05875379 0.01297620 0.00480917
v -0.05921911 0.01282090 0.00312771
v -0.05943511 0.01282090 0.00317900
v -0.05961557 0.01276538 0.00227178
v -0.05976752 0.01276538 0.00229623
v -0.05988638 0.01272917 0.00133258
v -0.05996851 0.01272917 0.00133965
v -0.05765325 0.01339173 0.00786203
v -0.05831363 0.01317114 0.00639970
v -0.05909474 0.01297620 0.00489015
v -0.05965430 0.01282090 0.00321427
v -0.05992087 0.01276538 0.00230944
v -0.06005093 0.01272917 0.00134066
v -0.05869281 0.01339173 0.00810978
v -0.05877278 0.01317114 0.00650874
v -0.05944072 0.01297620 0.00494582
v -0.05987548 0.01282090 0.00323332
v -0.06007476 0.01276538 0.00231133
v -0.06013321 0.01272917 0.00133561
v -0.05923871 0.01317114 0.00658371
v -0.05975613 0.01339173 0.00821675
v -0.05970889 0.01317114 0.00662420
v -0.06018078 0.01317114 0.00662999
v -0.06014028 0.01297620 0.00498018
v -0.06049006 0.01297620 0.00495869
v -0.06031904 0.01282090 0.00322243
v -0.06053903 0.01282090 0.00319255
v -0.06038089 0.01276538 0.00228118
v -0.06053146 0.01276538 0.00224930
v -0.06029554 0.01272917 0.00130744
v -0.06037471 0.01272917 0.00128448
v -0.06082422 0.01339173 0.00818104
v -0.06065181 0.01317114 0.00660105
v -0.06083730 0.01297620 0.00491153
v -0.06075622 0.01282090 0.00314657
v -0.06067928 0.01276538 0.00220643
v -0.06045198 0.01272917 0.00125576
v -0.06111944 0.01317114 0.00653754
v -0.06187801 0.01339173 0.00800328
v -0.06158113 0.01317114 0.00643980
v -0.06203438 0.01317114 0.00630836
v -0.06151671 0.01297620 0.00474135
v -0.06184518 0.01297620 0.00461925
v -0.06117753 0.01282090 0.00300739
v -0.06137936 0.01282090 0.00291494
v -0.06096348 0.01276538 0.00208872
v -0.06109831 0.01276538 0.00201450
v -0.06059914 0.01272917 0.00118169
v -0.06066823 0.01272917 0.00113673
v -0.06289872 0.01339173 0.00768666
v -0.06247672 0.01317114 0.00614393
v -0.06216379 0.01297620 0.00447332
v -0.06157385 0.01282090 0.00280790
v -0.06122733 0.01276538 0.00193057
v -0.06073384 0.01272917 0.00108682
v -0.06290577 0.01317114 0.00594741
v -0.06386811 0.01339173 0.00723681
v -0.06331921 0.01317114 0.00571986
v -0.06476890 0.01339173 0.00666177
v -0.06371479 0.01317114 0.00546251
v -0.06409036 0.01317114 0.00517676
v -0.06304342 0.01297620 0.00390105
v -0.06330594 0.01297620 0.00366892
v -0.06210293 0.01282090 0.00240535
v -0.06225797 0.01282090 0.00224646
v -0.06157259 0.01276538 0.00162527
v -0.06167168 0.01276538 0.00150750
v -0.06090624 0.01272917 0.00091014
v -0.06095452 0.01272917 0.00084333
v -0.06558499 0.01339173 0.00597180
v -0.06444389 0.01317114 0.00486415
v -0.06355068 0.01297620 0.00341810
v -0.06240090 0.01282090 0.00207659
v -0.06176185 0.01276538 0.00138277
v -0.06099777 0.01272917 0.00077315
v -0.06477348 0.01317114 0.00452638
v -0.06630185 0.01339173 0.00517921
v -0.06507731 0.01317114 0.00416528
v -0.06535377 0.01317114 0.00378281
v -0.06398159 0.01297620 0.00286595
v -0.06416542 0.01297620 0.00256761
v -0.06264741 0.01282090 0.00170767
v -0.06274965 0.01282090 0.00151061
v -0.06191347 0.01276538 0.00111512
v -0.06197410 0.01276538 0.00097366
v -0.06106821 0.01272917 0.00062422
v -0.06109502 0.01272917 0.00054627
v -0.06690668 0.01339173 0.00429815
v -0.06560133 0.01317114 0.00338104
v -0.06432681 0.01297620 0.00225655
v -0.06283712 0.01282090 0.00130656
v -0.06202417 0.01276538 0.00082812
v -0.06111604 0.01272917 0.00046656
v -0.06581867 0.01317114 0.00296214
v -0.06738866 0.01339173 0.00334433
v -0.06600460 0.01317114 0.00252839
v -0.06773921 0.01339173 0.00233478
v -0.06615812 0.01317114 0.00208214
v -0.06627840 0.01317114 0.00162581
v -0.06466819 0.01297620 0.00126422
v -0.06473234 0.01297620 0.00091971
v -0.06300655 0.01282090 0.00066371
v -0.06636478 0.01317114 0.00116186
v -0.06113112 0.01272917 0.00038552
v -0.06103573 0.01272917 0.00069998
v -0.06085316 0.01272917 0.00097322
v -0.06079559 0.01272917 0.00103222
v -0.06052692 0.01272917 0.00122143
v -0.06021490 0.01272917 0.00132451
v -0.05980499 0.01272917 0.00131948
v -0.05949559 0.01272917 0.00120878
v -0.05942437 0.01272917 0.00116727
v -0.05916958 0.01272917 0.00094567
v -0.05911323 0.01272917 0.00087346
v -0.05895188 0.01272917 0.00054627
v -0.05892890 0.01272917 0.00045761
v -0.05891100 0.01272917 0.00009324
v -0.05892518 0.01272917 0.00000275
v -0.05910269 0.01272917 -0.00041606
v -0.05943213 0.01272917 -0.00072971
v -0.05985915 0.01272917 -0.00088646
v -0.05995022 0.01272917 -0.00089618
v -0.06031328 0.01272917 -0.00086042
v -0.06040069 0.01272917 -0.00083312
v -0.06071958 0.01272917 -0.00065590
v -0.06078893 0.01272917 -0.00059608
v -0.06101102 0.01272917 -0.00030665
v -0.06105085 0.01272917 -0.00022418
v -0.06108382 0.01272917 -0.00013873
v -0.06110968 0.01272917 -0.00005087
v -0.06112829 0.01272917 0.00003880
v -0.06209157 0.01276538 0.00052799
v -0.06206340 0.01276538 0.00067930
v -0.06472028 0.01297620 -0.00055424
v -0.06464120 0.01297620 -0.00093547
v -0.06299891 0.01282090 -0.00027004
v -0.06294882 0.01282090 -0.00051155
v -0.06287915 0.01282090 -0.00074817
v -0.06208627 0.01276538 -0.00011936
v -0.06205154 0.01276538 -0.00028680
v -0.06200324 0.01276538 -0.00045084
v -0.06194170 0.01276538 -0.00061038
v -0.06402434 0.01297620 -0.00235841
v -0.06241600 0.01282090 -0.00161465
v -0.06157259 0.01276538 -0.00118285
v -0.06380013 0.01297620 -0.00267674
v -0.06225797 0.01282090 -0.00180403
v -0.06145267 0.01276538 -0.00130475
v -0.06266819 0.01297620 -0.00373692
v -0.06148839 0.01282090 -0.00241482
v -0.06088632 0.01276538 -0.00168317
v -0.06233588 0.01297620 -0.00393981
v -0.06126807 0.01282090 -0.00252571
v -0.06072780 0.01276538 -0.00174732
v -0.06087565 0.01297620 -0.00446229
v -0.06031904 0.01282090 -0.00278000
v -0.06005766 0.01276538 -0.00186925
v -0.06049006 0.01297620 -0.00451627
v -0.06007280 0.01282090 -0.00279412
v -0.05988671 0.01276538 -0.00186506
v -0.05856723 0.01297620 -0.00431099
v -0.05886937 0.01282090 -0.00256497
v -0.05906818 0.01276538 -0.00163854
v -0.05688470 0.01297620 -0.00335785
v -0.05785640 0.01282090 -0.00187606
v -0.05840728 0.01276538 -0.00110514
v -0.05572009 0.01297620 -0.00181412
v -0.05720100 0.01282090 -0.00084108
v -0.05801307 0.01276538 -0.00035288
v -0.05556815 0.01297620 -0.00145564
v -0.05712363 0.01282090 -0.00060688
v -0.05797288 0.01276538 -0.00018667
v -0.05526560 0.01297620 0.00006546
v -0.05701134 0.01282090 0.00036919
v -0.05795059 0.01276538 0.00049411
v -0.05526878 0.01297620 0.00045479
v -0.05703351 0.01282090 0.00061485
v -0.05797982 0.01276538 0.00066259
v -0.05559620 0.01297620 0.00197074
v -0.05731871 0.01282090 0.00155504
v -0.05823016 0.01276538 0.00129607
v -0.05575397 0.01297620 0.00232669
v -0.05743676 0.01282090 0.00177161
v -0.05832399 0.01276538 0.00143903
v -0.05665734 0.01297620 0.00358733
v -0.05805365 0.01282090 0.00250476
v -0.05877800 0.01276538 0.00190051
v -0.05691408 0.01297620 0.00382583
v -0.05822698 0.01282090 0.00264348
v -0.05890490 0.01276538 0.00198759
v -0.05809434 0.01297620 0.00457322
v -0.05900748 0.01282090 0.00306066
v -0.05946583 0.01276538 0.00223622
v -0.05978987 0.01297620 0.00497588
v -0.06009746 0.01282090 0.00323604
v -0.06022839 0.01276538 0.00230189
v -0.06118014 0.01297620 0.00483895
v -0.06096943 0.01282090 0.00308474
v -0.06082354 0.01276538 0.00215281
v -0.06247079 0.01297620 0.00430435
v -0.06175994 0.01282090 0.00268683
v -0.06134981 0.01276538 0.00183738
v -0.06276453 0.01297620 0.00411325
v -0.06193661 0.01282090 0.00255241
v -0.06146511 0.01276538 0.00173543
v -0.06377630 0.01297620 0.00314996
v -0.06253095 0.01282090 0.00189667
v -0.06184258 0.01276538 0.00125174
v -0.06446487 0.01297620 0.00193446
v -0.06290933 0.01282090 0.00109664
v -0.06457888 0.01297620 0.00160309
v -0.06296592 0.01282090 0.00088196
v -0.06802346 0.01411919 0.00022121
v -0.06795207 0.01411919 -0.00084508
v -0.06773921 0.01411919 -0.00189235
v -0.06738866 0.01411919 -0.00290190
v -0.06690668 0.01411919 -0.00385572
v -0.06630185 0.01411919 -0.00473679
v -0.06558499 0.01411919 -0.00552938
v -0.06476890 0.01411919 -0.00621935
v -0.06386811 0.01411919 -0.00679439
v -0.06289872 0.01411919 -0.00724423
v -0.06187801 0.01411919 -0.00756086
v -0.06082422 0.01411919 -0.00773861
v -0.05975613 0.01411919 -0.00777432
v -0.05869281 0.01411919 -0.00766735
v -0.05765325 0.01411919 -0.00741961
v -0.05665597 0.01411919 -0.00703552
v -0.05571879 0.01411919 -0.00652193
v -0.05485842 0.01411919 -0.00588801
v -0.05409024 0.01411919 -0.00514507
v -0.05342792 0.01411919 -0.00430636
v -0.05288330 0.01411919 -0.00338687
v -0.05246610 0.01411919 -0.00240299
v -0.05218375 0.01411919 -0.00137228
v -0.05204131 0.01411919 -0.00031313
v -0.05204131 0.01411919 0.00075555
v -0.05218375 0.01411919 0.00181470
v -0.05246610 0.01411919 0.00284541
v -0.05288330 0.01411919 0.00382929
v -0.05342792 0.01411919 0.00474879
v -0.05409024 0.01411919 0.00558749
v -0.05485842 0.01411919 0.00633043
v -0.05571879 0.01411919 0.00696435
v -0.05665597 0.01411919 0.00747794
v -0.05765325 0.01411919 0.00786203
v -0.05869281 0.01411919 0.00810978
v -0.05975613 0.01411919 0.00821675
v -0.06082422 0.01411919 0.00818104
v -0.06187801 0.01411919 0.00800328
v -0.06289872 0.01411919 0.00768666
v -0.06386811 0.01411919 0.00723681
v -0.06476890 0.01411919 0.00666177
v -0.06558499 0.01411919 0.00597180
v -0.06630185 0.01411919 0.00517921
v -0.06690668 0.01411919 0.00429815
v -0.06738866 0.01411919 0.00334433
v -0.06773921 0.01411919 0.00233478
v -0.06795207 0.01411919 0.00128751
v -0.06002345 0.01491512 0.00022121
v -0.06102164 0.01490810 0.00022121
v -0.06134148 0.01490901 0.00031844
v -0.06198252 0.01493206 0.00022121
v -0.06197721 0.01493206 0.00036533
v -0.06259789 0.01498986 0.00041111
v -0.06196131 0.01493206 0.00050867
v -0.06257693 0.01498986 0.00059999
v -0.06193491 0.01493206 0.00065045
v -0.06254215 0.01498986 0.00078681
v -0.06189816 0.01493206 0.00078990
v -0.06249372 0.01498986 0.00097056
v -0.06185125 0.01493206 0.00092627
v -0.06243191 0.01498986 0.00115025
v -0.06179443 0.01493206 0.00105882
v -0.06235703 0.01498986 0.00132491
v -0.06172801 0.01493206 0.00118683
v -0.06226952 0.01498986 0.00149359
v -0.06165236 0.01493206 0.00130961
v -0.06216983 0.01498986 0.00165538
v -0.06156788 0.01493206 0.00142649
v -0.06205851 0.01498986 0.00180939
v -0.06147502 0.01493206 0.00153684
v -0.06193616 0.01498986 0.00195479
v -0.06137431 0.01493206 0.00164006
v -0.06180345 0.01498986 0.00209080
v -0.06126627 0.01493206 0.00173559
v -0.06166109 0.01498986 0.00221668
v -0.06115150 0.01493206 0.00182291
v -0.06150986 0.01498986 0.00233175
v -0.06103062 0.01493206 0.00190156
v -0.06135057 0.01498986 0.00243537
v -0.06090427 0.01493206 0.00197110
v -0.06118409 0.01498986 0.00252700
v -0.06077315 0.01493206 0.00203115
v -0.06101132 0.01498986 0.00260614
v -0.06063798 0.01493206 0.00208140
v -0.06083320 0.01498986 0.00267235
v -0.06049946 0.01493206 0.00212157
v -0.06065069 0.01498986 0.00272527
v -0.06035838 0.01493206 0.00215143
v -0.06046478 0.01498986 0.00276463
v -0.06021548 0.01493206 0.00217084
v -0.06027648 0.01498986 0.00279021
v -0.06007153 0.01493206 0.00217969
v -0.06008681 0.01498986 0.00280186
v -0.05992733 0.01493206 0.00217792
v -0.05989679 0.01498986 0.00279953
v -0.05978364 0.01493206 0.00216554
v -0.05970746 0.01498986 0.00278322
v -0.05964126 0.01493206 0.00214263
v -0.05951984 0.01498986 0.00275304
v -0.05950094 0.01493206 0.00210931
v -0.05933495 0.01498986 0.00270913
v -0.05936346 0.01493206 0.00206576
v -0.05915380 0.01498986 0.00265174
v -0.05922956 0.01493206 0.00201221
v -0.05897735 0.01498986 0.00258118
v -0.05909996 0.01493206 0.00194895
v -0.05880658 0.01498986 0.00249783
v -0.05897535 0.01493206 0.00187634
v -0.05864239 0.01498986 0.00240214
v -0.05885643 0.01493206 0.00179475
v -0.05848570 0.01498986 0.00229463
v -0.05874384 0.01493206 0.00170463
v -0.05833734 0.01498986 0.00217589
v -0.05863818 0.01493206 0.00160648
v -0.05819811 0.01498986 0.00204656
v -0.05852961 0.01493206 0.00148864
v -0.05805504 0.01498986 0.00189128
v -0.05843103 0.01493206 0.00136232
v -0.05792515 0.01498986 0.00172484
v -0.05834311 0.01493206 0.00122837
v -0.05780929 0.01498986 0.00154833
v -0.05826642 0.01493206 0.00108768
v -0.05770824 0.01498986 0.00136295
v -0.05820149 0.01493206 0.00094120
v -0.05762268 0.01498986 0.00116993
v -0.05814874 0.01493206 0.00078990
v -0.05755318 0.01498986 0.00097056
v -0.05810854 0.01493206 0.00063479
v -0.05750021 0.01498986 0.00076618
v -0.05808114 0.01493206 0.00047692
v -0.05746411 0.01498986 0.00055816
v -0.05806674 0.01493206 0.00031734
v -0.05744513 0.01498986 0.00034788
v -0.05806543 0.01493206 0.00015711
v -0.05744341 0.01498986 0.00013675
v -0.05807722 0.01493206 -0.00000268
v -0.05745894 0.01498986 -0.00007381
v -0.05810203 0.01493206 -0.00016098
v -0.05749163 0.01498986 -0.00028240
v -0.05813969 0.01493206 -0.00031672
v -0.05754125 0.01498986 -0.00048762
v -0.05818995 0.01493206 -0.00046887
v -0.05760748 0.01498986 -0.00068809
v -0.05825248 0.01493206 -0.00061640
v -0.05768987 0.01498986 -0.00088249
v -0.05832685 0.01493206 -0.00075832
v -0.05778787 0.01498986 -0.00106950
v -0.05841257 0.01493206 -0.00089369
v -0.05790083 0.01498986 -0.00124788
v -0.05850907 0.01493206 -0.00102160
v -0.05802798 0.01498986 -0.00141643
v -0.05861570 0.01493206 -0.00114120
v -0.05816848 0.01498986 -0.00157402
v -0.05873175 0.01493206 -0.00125169
v -0.05832140 0.01498986 -0.00171960
v -0.05885643 0.01493206 -0.00135232
v -0.05848570 0.01498986 -0.00185221
v -0.05898893 0.01493206 -0.00144243
v -0.05866028 0.01498986 -0.00197094
v -0.05912834 0.01493206 -0.00152141
v -0.05884399 0.01498986 -0.00207501
v -0.05927375 0.01493206 -0.00158873
v -0.05903558 0.01498986 -0.00216371
v -0.05942417 0.01493206 -0.00164394
v -0.05923378 0.01498986 -0.00223647
v -0.05957860 0.01493206 -0.00168667
v -0.05943727 0.01498986 -0.00229278
v -0.05973600 0.01493206 -0.00171665
v -0.05964468 0.01498986 -0.00233227
v -0.05989533 0.01493206 -0.00173366
v -0.05985462 0.01498986 -0.00235468
v -0.06005551 0.01493206 -0.00173759
v -0.06006569 0.01498986 -0.00235987
v -0.06021548 0.01493206 -0.00172842
v -0.06027648 0.01498986 -0.00234778
v -0.06037416 0.01493206 -0.00170621
v -0.06048557 0.01498986 -0.00231851
v -0.06053049 0.01493206 -0.00167110
v -0.06069157 0.01498986 -0.00227225
v -0.06068344 0.01493206 -0.00162333
v -0.06089311 0.01498986 -0.00220931
v -0.06083197 0.01493206 -0.00156323
v -0.06108883 0.01498986 -0.00213011
v -0.06097510 0.01493206 -0.00149119
v -0.06127741 0.01498986 -0.00203519
v -0.06111185 0.01493206 -0.00140769
v -0.06145762 0.01498986 -0.00192516
v -0.06124132 0.01493206 -0.00131330
v -0.06162823 0.01498986 -0.00180078
v -0.06136265 0.01493206 -0.00120864
v -0.06178809 0.01498986 -0.00166288
v -0.06147502 0.01493206 -0.00109441
v -0.06193616 0.01498986 -0.00151237
v -0.06157768 0.01493206 -0.00097139
v -0.06207143 0.01498986 -0.00135026
v -0.06166995 0.01493206 -0.00084039
v -0.06219301 0.01498986 -0.00117764
v -0.06175120 0.01493206 -0.00070228
v -0.06230006 0.01498986 -0.00099566
v -0.06182088 0.01493206 -0.00055800
v -0.06239190 0.01498986 -0.00080555
v -0.06187855 0.01493206 -0.00040851
v -0.06246788 0.01498986 -0.00060856
v -0.06192381 0.01493206 -0.00025480
v -0.06252751 0.01498986 -0.00040602
v -0.06195635 0.01493206 -0.00009791
v -0.06257039 0.01498986 -0.00019929
v -0.06197597 0.01493206 0.00006112
v -0.06259625 0.01498986 0.00001026
v -0.06290547 0.01502635 0.00022121
v -0.06378258 0.01513241 -0.00008702
v -0.06379519 0.01513241 0.00022121
v -0.06428155 0.01517637 0.00022121
v -0.06444085 0.01518846 -0.00014099
v -0.06482280 0.01520615 0.00022121
v -0.06519209 0.01520978 -0.00020259
v -0.06540662 0.01520391 0.00022121
v -0.06558582 0.01519172 -0.00023487
v -0.06599745 0.01514548 0.00022121
v -0.06597748 0.01514548 -0.00026699
v -0.06635931 0.01506656 -0.00029830
v -0.06629567 0.01506656 -0.00081433
v -0.06665883 0.01495214 -0.00087429
v -0.06654712 0.01495214 -0.00141288
v -0.06688637 0.01480065 -0.00149786
v -0.06672294 0.01480065 -0.00205295
v -0.06703494 0.01461137 -0.00215887
v -0.06681699 0.01461137 -0.00272389
v -0.06709997 0.01438417 -0.00284657
v -0.06682560 0.01438417 -0.00341461
v -0.06650572 0.01438417 -0.00395832
v -0.06614248 0.01438417 -0.00447408
v -0.06573831 0.01438417 -0.00495843
v -0.06589779 0.01461137 -0.00428632
v -0.06550978 0.01461137 -0.00475130
v -0.06563639 0.01480065 -0.00408574
v -0.06526564 0.01480065 -0.00453003
v -0.06535892 0.01495214 -0.00387283
v -0.06500650 0.01495214 -0.00429516
v -0.06506690 0.01506656 -0.00364876
v -0.06473377 0.01506656 -0.00404797
v -0.06476295 0.01514548 -0.00341553
v -0.06444989 0.01514548 -0.00379068
v -0.06445118 0.01519172 -0.00317630
v -0.06415872 0.01519172 -0.00352678
v -0.06413777 0.01520978 -0.00293581
v -0.06386601 0.01520978 -0.00326148
v -0.06353977 0.01518846 -0.00247695
v -0.06330751 0.01518846 -0.00275528
v -0.06301577 0.01513241 -0.00207488
v -0.06281813 0.01513241 -0.00231173
v -0.06378497 0.01513241 0.00049868
v -0.06375437 0.01513241 0.00077464
v -0.06370354 0.01513241 0.00104761
v -0.06363278 0.01513241 0.00131609
v -0.06354246 0.01513241 0.00157864
v -0.06343307 0.01513241 0.00183384
v -0.06330520 0.01513241 0.00208030
v -0.06315954 0.01513241 0.00231668
v -0.06299689 0.01513241 0.00254171
v -0.06281813 0.01513241 0.00275416
v -0.06262422 0.01513241 0.00295288
v -0.06241622 0.01513241 0.00313681
v -0.06219525 0.01513241 0.00330493
v -0.06196252 0.01513241 0.00345634
v -0.06171927 0.01513241 0.00359022
v -0.06146684 0.01513241 0.00370585
v -0.06120658 0.01513241 0.00380259
v -0.06093991 0.01513241 0.00387992
v -0.06066827 0.01513241 0.00393742
v -0.06039315 0.01513241 0.00397479
v -0.06011602 0.01513241 0.00399182
v -0.05983838 0.01513241 0.00398841
v -0.05956175 0.01513241 0.00396459
v -0.05928762 0.01513241 0.00392048
v -0.05901748 0.01513241 0.00385632
v -0.05875279 0.01513241 0.00377247
v -0.05849498 0.01513241 0.00366937
v -0.05824546 0.01513241 0.00354759
v -0.05800558 0.01513241 0.00340778
v -0.05777663 0.01513241 0.00325070
v -0.05755985 0.01513241 0.00307721
v -0.05735642 0.01513241 0.00288823
v -0.05714739 0.01513241 0.00266136
v -0.05695761 0.01513241 0.00241817
v -0.05678832 0.01513241 0.00216027
v -0.05664068 0.01513241 0.00188941
v -0.05651567 0.01513241 0.00160739
v -0.05641412 0.01513241 0.00131609
v -0.05633672 0.01513241 0.00101747
v -0.05628398 0.01513241 0.00071352
v -0.05625625 0.01513241 0.00040628
v -0.05625373 0.01513241 0.00009781
v -0.05627642 0.01513241 -0.00020985
v -0.05632418 0.01513241 -0.00051462
v -0.05639669 0.01513241 -0.00081446
v -0.05649346 0.01513241 -0.00110738
v -0.05661383 0.01513241 -0.00139141
v -0.05675703 0.01513241 -0.00166466
v -0.05692207 0.01513241 -0.00192528
v -0.05710785 0.01513241 -0.00217155
v -0.05731314 0.01513241 -0.00240182
v -0.05753657 0.01513241 -0.00261453
v -0.05777663 0.01513241 -0.00280828
v -0.05803172 0.01513241 -0.00298176
v -0.05830013 0.01513241 -0.00313381
v -0.05858007 0.01513241 -0.00326342
v -0.05886966 0.01513241 -0.00336972
v -0.05916698 0.01513241 -0.00345200
v -0.05947002 0.01513241 -0.00350970
v -0.05977677 0.01513241 -0.00354245
v -0.06008517 0.01513241 -0.00355002
v -0.06039315 0.01513241 -0.00353237
v -0.06069866 0.01513241 -0.00348960
v -0.06099965 0.01513241 -0.00342201
v -0.06129411 0.01513241 -0.00333005
v -0.06158008 0.01513241 -0.00321433
v -0.06185563 0.01513241 -0.00307563
v -0.06211892 0.01513241 -0.00291487
v -0.06236820 0.01513241 -0.00273314
v -0.06260178 0.01513241 -0.00253164
v -0.06444366 0.01518846 0.00054727
v -0.06519538 0.01520978 0.00060272
v -0.06558936 0.01519172 0.00063178
v -0.06598127 0.01514548 0.00066069
v -0.06636335 0.01506656 0.00068887
v -0.06593280 0.01514548 0.00109778
v -0.06631177 0.01506656 0.00115400
v -0.06585230 0.01514548 0.00153012
v -0.06622611 0.01506656 0.00161407
v -0.06574021 0.01514548 0.00195537
v -0.06610684 0.01506656 0.00206659
v -0.06559715 0.01514548 0.00237122
v -0.06595460 0.01506656 0.00250911
v -0.06542388 0.01514548 0.00277542
v -0.06577022 0.01506656 0.00293923
v -0.06522135 0.01514548 0.00316578
v -0.06555471 0.01506656 0.00335462
v -0.06499065 0.01514548 0.00354019
v -0.06530920 0.01506656 0.00375304
v -0.06473304 0.01514548 0.00389660
v -0.06503507 0.01506656 0.00413231
v -0.06444989 0.01514548 0.00423310
v -0.06473377 0.01506656 0.00449039
v -0.06414277 0.01514548 0.00454786
v -0.06440695 0.01506656 0.00482534
v -0.06381331 0.01514548 0.00483917
v -0.06405637 0.01506656 0.00513533
v -0.06346333 0.01514548 0.00510546
v -0.06368393 0.01506656 0.00541869
v -0.06309471 0.01514548 0.00534528
v -0.06329166 0.01506656 0.00567389
v -0.06270943 0.01514548 0.00555733
v -0.06288169 0.01506656 0.00589954
v -0.06230960 0.01514548 0.00574047
v -0.06245621 0.01506656 0.00609442
v -0.06189738 0.01514548 0.00589369
v -0.06201756 0.01506656 0.00625747
v -0.06147501 0.01514548 0.00601618
v -0.06156811 0.01506656 0.00638782
v -0.06104477 0.01514548 0.00610726
v -0.06111027 0.01506656 0.00648474
v -0.06060901 0.01514548 0.00616644
v -0.06064656 0.01506656 0.00654772
v -0.06017007 0.01514548 0.00619341
v -0.06017946 0.01506656 0.00657642
v -0.05973032 0.01514548 0.00618801
v -0.05971152 0.01506656 0.00657067
v -0.05929217 0.01514548 0.00615028
v -0.05924527 0.01506656 0.00653052
v -0.05885798 0.01514548 0.00608042
v -0.05878324 0.01506656 0.00645618
v -0.05843011 0.01514548 0.00597881
v -0.05832792 0.01506656 0.00634805
v -0.05801087 0.01514548 0.00584599
v -0.05788180 0.01506656 0.00620672
v -0.05760254 0.01514548 0.00568270
v -0.05744728 0.01506656 0.00603295
v -0.05720732 0.01514548 0.00548981
v -0.05702672 0.01506656 0.00582769
v -0.05682737 0.01514548 0.00526836
v -0.05662241 0.01506656 0.00559205
v -0.05646475 0.01514548 0.00501957
v -0.05623652 0.01506656 0.00532730
v -0.05612139 0.01514548 0.00474478
v -0.05587115 0.01506656 0.00503488
v -0.05579920 0.01514548 0.00444547
v -0.05552828 0.01506656 0.00471637
v -0.05546811 0.01514548 0.00408613
v -0.05517597 0.01506656 0.00433399
v -0.05516751 0.01514548 0.00370093
v -0.05485609 0.01506656 0.00392409
v -0.05489938 0.01514548 0.00329246
v -0.05457076 0.01506656 0.00348942
v -0.05466554 0.01514548 0.00286344
v -0.05432193 0.01506656 0.00303289
v -0.05446753 0.01514548 0.00241675
v -0.05411122 0.01506656 0.00255755
v -0.05430669 0.01514548 0.00195537
v -0.05394007 0.01506656 0.00206659
v -0.05418409 0.01514548 0.00148239
v -0.05380961 0.01506656 0.00156327
v -0.05410056 0.01514548 0.00100098
v -0.05372072 0.01506656 0.00105098
v -0.05405665 0.01514548 0.00051434
v -0.05367399 0.01506656 0.00053314
v -0.05405265 0.01514548 0.00002575
v -0.05366973 0.01506656 0.00001321
v -0.05408860 0.01514548 -0.00046154
v -0.05370799 0.01506656 -0.00050532
v -0.05416424 0.01514548 -0.00094426
v -0.05378849 0.01506656 -0.00101900
v -0.05427909 0.01514548 -0.00141918
v -0.05391068 0.01506656 -0.00152438
v -0.05443235 0.01514548 -0.00188313
v -0.05407379 0.01506656 -0.00201808
v -0.05462302 0.01514548 -0.00233300
v -0.05427668 0.01506656 -0.00249681
v -0.05484982 0.01514548 -0.00276579
v -0.05451802 0.01506656 -0.00295735
v -0.05511123 0.01514548 -0.00317859
v -0.05479619 0.01506656 -0.00339662
v -0.05540549 0.01514548 -0.00356865
v -0.05510933 0.01506656 -0.00381170
v -0.05573065 0.01514548 -0.00393336
v -0.05545534 0.01506656 -0.00419980
v -0.05608452 0.01514548 -0.00427028
v -0.05583191 0.01506656 -0.00455832
v -0.05646475 0.01514548 -0.00457715
v -0.05623652 0.01506656 -0.00488487
v -0.05686878 0.01514548 -0.00485192
v -0.05666646 0.01506656 -0.00517727
v -0.05729391 0.01514548 -0.00509275
v -0.05711886 0.01506656 -0.00543355
v -0.05773730 0.01514548 -0.00529804
v -0.05759069 0.01506656 -0.00565200
v -0.05819599 0.01514548 -0.00546641
v -0.05807878 0.01506656 -0.00583116
v -0.05866690 0.01514548 -0.00559673
v -0.05857990 0.01506656 -0.00596984
v -0.05914688 0.01514548 -0.00568812
v -0.05909066 0.01506656 -0.00606710
v -0.05963273 0.01514548 -0.00573999
v -0.05960768 0.01506656 -0.00612229
v -0.06012120 0.01514548 -0.00575198
v -0.06012746 0.01506656 -0.00613505
v -0.06060901 0.01514548 -0.00572402
v -0.06064656 0.01506656 -0.00610529
v -0.06109290 0.01514548 -0.00565628
v -0.06116148 0.01506656 -0.00603321
v -0.06156964 0.01514548 -0.00554922
v -0.06166880 0.01506656 -0.00591929
v -0.06203603 0.01514548 -0.00540357
v -0.06216510 0.01506656 -0.00576429
v -0.06248897 0.01514548 -0.00522029
v -0.06264708 0.01506656 -0.00556926
v -0.06292540 0.01514548 -0.00500060
v -0.06311151 0.01506656 -0.00533548
v -0.06334243 0.01514548 -0.00474598
v -0.06355529 0.01506656 -0.00506454
v -0.06373725 0.01514548 -0.00445814
v -0.06397542 0.01506656 -0.00475823
v -0.06410723 0.01514548 -0.00413899
v -0.06436913 0.01506656 -0.00441862
v -0.06656674 0.01501391 0.00022121
v -0.06673043 0.01495214 0.00071595
v -0.06667587 0.01495214 0.00120801
v -0.06658526 0.01495214 0.00169471
v -0.06645907 0.01495214 0.00217344
v -0.06629802 0.01495214 0.00264158
v -0.06610297 0.01495214 0.00309661
v -0.06587496 0.01495214 0.00353605
v -0.06561526 0.01495214 0.00395754
v -0.06532525 0.01495214 0.00435877
v -0.06500650 0.01495214 0.00473758
v -0.06466076 0.01495214 0.00509192
v -0.06428988 0.01495214 0.00541986
v -0.06389588 0.01495214 0.00571964
v -0.06348090 0.01495214 0.00598961
v -0.06304718 0.01495214 0.00622833
v -0.06259707 0.01495214 0.00643449
v -0.06213303 0.01495214 0.00660698
v -0.06165755 0.01495214 0.00674487
v -0.06117321 0.01495214 0.00684740
v -0.06068264 0.01495214 0.00691403
v -0.06018850 0.01495214 0.00694439
v -0.05969347 0.01495214 0.00693831
v -0.05920021 0.01495214 0.00689584
v -0.05871143 0.01495214 0.00681719
v -0.05822976 0.01495215 0.00670280
v -0.05775780 0.01495215 0.00655329
v -0.05729812 0.01495215 0.00636946
v -0.05685321 0.01495215 0.00615231
v -0.05642548 0.01495215 0.00590302
v -0.05601725 0.01495215 0.00562295
v -0.05563073 0.01495215 0.00531360
v -0.05526802 0.01495215 0.00497665
v -0.05489530 0.01495215 0.00457212
v -0.05455689 0.01495215 0.00413849
v -0.05425505 0.01495215 0.00367866
v -0.05399180 0.01495215 0.00319569
v -0.05376889 0.01495215 0.00269283
v -0.05358783 0.01495215 0.00217344
v -0.05344982 0.01495215 0.00164098
v -0.05335578 0.01495215 0.00109903
v -0.05330634 0.01495215 0.00055120
v -0.05330184 0.01495215 0.00000117
v -0.05334231 0.01495215 -0.00054739
v -0.05342747 0.01495215 -0.00109081
v -0.05355675 0.01495215 -0.00162545
v -0.05372929 0.01495215 -0.00214774
v -0.05394394 0.01495215 -0.00265418
v -0.05419925 0.01495215 -0.00314139
v -0.05449352 0.01495215 -0.00360610
v -0.05482479 0.01495215 -0.00404521
v -0.05519084 0.01495215 -0.00445578
v -0.05558921 0.01495215 -0.00483506
v -0.05601725 0.01495215 -0.00518052
v -0.05647209 0.01495215 -0.00548984
v -0.05695068 0.01495215 -0.00576096
v -0.05744983 0.01495215 -0.00599206
v -0.05796619 0.01495215 -0.00618160
v -0.05849632 0.01495215 -0.00632831
v -0.05903665 0.01495214 -0.00643120
v -0.05958360 0.01495214 -0.00648959
v -0.06013349 0.01495214 -0.00650309
v -0.06068264 0.01495214 -0.00647161
v -0.06122738 0.01495214 -0.00639535
v -0.06176406 0.01495214 -0.00627483
v -0.06228911 0.01495214 -0.00611086
v -0.06279899 0.01495214 -0.00590453
v -0.06329031 0.01495214 -0.00565722
v -0.06375977 0.01495214 -0.00537059
v -0.06420425 0.01495214 -0.00504655
v -0.06462076 0.01495214 -0.00468727
v -0.06709840 0.01480065 0.00022121
v -0.06707922 0.01480065 0.00074168
v -0.06702182 0.01480065 0.00125932
v -0.06692649 0.01480065 0.00177134
v -0.06679375 0.01480065 0.00227496
v -0.06662432 0.01480065 0.00276745
v -0.06641913 0.01480065 0.00324614
v -0.06617927 0.01480065 0.00370844
v -0.06590606 0.01480065 0.00415184
v -0.06560096 0.01480065 0.00457394
v -0.06526564 0.01480065 0.00497245
v -0.06490192 0.01480065 0.00534522
v -0.06451175 0.01480065 0.00569022
v -0.06409727 0.01480065 0.00600558
v -0.06366070 0.01480065 0.00628959
v -0.06320443 0.01480065 0.00654072
v -0.06273092 0.01480065 0.00675761
v -0.06224274 0.01480065 0.00693907
v -0.06174252 0.01480065 0.00708413
v -0.06123300 0.01480065 0.00719199
v -0.06071692 0.01480065 0.00726209
v -0.06019708 0.01480065 0.00729402
v -0.05967630 0.01480065 0.00728763
v -0.05915740 0.01480065 0.00724295
v -0.05864320 0.01480065 0.00716021
v -0.05813647 0.01480065 0.00703987
v -0.05763997 0.01480065 0.00688258
v -0.05715639 0.01480065 0.00668919
v -0.05668834 0.01480065 0.00646075
v -0.05623838 0.01480065 0.00619850
v -0.05580891 0.01480065 0.00590386
v -0.05540229 0.01480065 0.00557842
v -0.05502071 0.01480065 0.00522395
v -0.05462861 0.01480065 0.00479839
v -0.05427261 0.01480065 0.00434221
v -0.05395507 0.01480065 0.00385846
v -0.05367813 0.01480065 0.00335038
v -0.05344363 0.01480065 0.00282137
v -0.05325316 0.01480065 0.00227496
v -0.05310797 0.01480065 0.00171481
v -0.05300904 0.01480065 0.00114468
v -0.05295702 0.01480065 0.00056836
v -0.05295230 0.01480065 -0.00001027
v -0.05299486 0.01480065 -0.00058736
v -0.05308445 0.01480065 -0.00115904
v -0.05322045 0.01480065 -0.00172149
v -0.05340197 0.01480065 -0.00227094
v -0.05362778 0.01480065 -0.00280371
v -0.05389637 0.01480065 -0.00331626
v -0.05420595 0.01480065 -0.00380514
v -0.05455445 0.01480065 -0.00426708
v -0.05493952 0.01480065 -0.00469900
v -0.05535861 0.01480065 -0.00509801
v -0.05580891 0.01480065 -0.00546143
v -0.05628740 0.01480065 -0.00578684
v -0.05679088 0.01480065 -0.00607206
v -0.05731599 0.01480065 -0.00631518
v -0.05785920 0.01480065 -0.00651458
v -0.05841690 0.01480065 -0.00666891
v -0.05898534 0.01480065 -0.00677715
v -0.05956073 0.01480065 -0.00683858
v -0.06013921 0.01480065 -0.00685278
v -0.06071692 0.01480065 -0.00681966
v -0.06128998 0.01480065 -0.00673944
v -0.06185458 0.01480065 -0.00661266
v -0.06240693 0.01480065 -0.00644016
v -0.06294332 0.01480065 -0.00622310
v -0.06346020 0.01480065 -0.00596293
v -0.06395408 0.01480065 -0.00566139
v -0.06442167 0.01480065 -0.00532050
v -0.06485984 0.01480065 -0.00494253
v -0.06740783 0.01461137 0.00076592
v -0.06758477 0.01450250 0.00022121
v -0.06771542 0.01438417 0.00078861
v -0.06754892 0.01438417 0.00191111
v -0.06765284 0.01438417 0.00135292
v -0.06734775 0.01461137 0.00130767
v -0.06721950 0.01438417 0.00299703
v -0.06740421 0.01438417 0.00246014
v -0.06710906 0.01461137 0.00237061
v -0.06724798 0.01461137 0.00184353
v -0.06699580 0.01438417 0.00351889
v -0.06673431 0.01438417 0.00402287
v -0.06643646 0.01438417 0.00450625
v -0.06618003 0.01461137 0.00433490
v -0.06586072 0.01461137 0.00477666
v -0.06610386 0.01438417 0.00496641
v -0.06550978 0.01461137 0.00519373
v -0.06573831 0.01438417 0.00540085
v -0.06534179 0.01438417 0.00580723
v -0.06491645 0.01438417 0.00618334
v -0.06472078 0.01461137 0.00594492
v -0.06428699 0.01461137 0.00627497
v -0.06446458 0.01438417 0.00652713
v -0.06383009 0.01461137 0.00657221
v -0.06398866 0.01438417 0.00683676
v -0.06349124 0.01438417 0.00711053
v -0.06297503 0.01438417 0.00734697
v -0.06244284 0.01438417 0.00754479
v -0.06234609 0.01461137 0.00725194
v -0.06182259 0.01461137 0.00740375
v -0.06189753 0.01438417 0.00770293
v -0.06128933 0.01461137 0.00751664
v -0.06134206 0.01438417 0.00782053
v -0.06077945 0.01438417 0.00789694
v -0.06021274 0.01438417 0.00793175
v -0.06020517 0.01461137 0.00762342
v -0.05966013 0.01461137 0.00761673
v -0.05964500 0.01438417 0.00792479
v -0.05911707 0.01461137 0.00756997
v -0.05907931 0.01438417 0.00787607
v -0.05851874 0.01438417 0.00778588
v -0.05796633 0.01438417 0.00765469
v -0.05804859 0.01461137 0.00735743
v -0.05752897 0.01461137 0.00719282
v -0.05742507 0.01438417 0.00748321
v -0.05702287 0.01461137 0.00699042
v -0.05689787 0.01438417 0.00727239
v -0.05653302 0.01461137 0.00675134
v -0.05638763 0.01438417 0.00702335
v -0.05589708 0.01438417 0.00673745
v -0.05542890 0.01438417 0.00641624
v -0.05561263 0.01461137 0.00616851
v -0.05518707 0.01461137 0.00582792
v -0.05498561 0.01438417 0.00606146
v -0.05478772 0.01461137 0.00545694
v -0.05456963 0.01438417 0.00567503
v -0.05414218 0.01438417 0.00521110
v -0.05375408 0.01438417 0.00471378
v -0.05340791 0.01438417 0.00418642
v -0.05367245 0.01461137 0.00402785
v -0.05338261 0.01461137 0.00349611
v -0.05310599 0.01438417 0.00363252
v -0.05313719 0.01461137 0.00294246
v -0.05285035 0.01438417 0.00305581
v -0.05264270 0.01438417 0.00246014
v -0.05248442 0.01438417 0.00184949
v -0.05237657 0.01438417 0.00122794
v -0.05268235 0.01461137 0.00118769
v -0.05262793 0.01461137 0.00058453
v -0.05231987 0.01438417 0.00059967
v -0.05262297 0.01461137 -0.00002105
v -0.05231471 0.01438417 -0.00003115
v -0.05236112 0.01438417 -0.00066027
v -0.05245879 0.01438417 -0.00128349
v -0.05260705 0.01438417 -0.00189665
v -0.05290362 0.01461137 -0.00181196
v -0.05309359 0.01461137 -0.00238700
v -0.05280494 0.01438417 -0.00249564
v -0.05332991 0.01461137 -0.00294459
v -0.05305110 0.01438417 -0.00307646
v -0.05334391 0.01438417 -0.00363522
v -0.05368141 0.01438417 -0.00416818
v -0.05406133 0.01438417 -0.00467178
v -0.05429974 0.01461137 -0.00447611
v -0.05470276 0.01461137 -0.00492815
v -0.05448113 0.01438417 -0.00514264
v -0.05514136 0.01461137 -0.00534574
v -0.05493801 0.01438417 -0.00557763
v -0.05561263 0.01461137 -0.00572609
v -0.05542890 0.01438417 -0.00597382
v -0.05595053 0.01438417 -0.00632857
v -0.05649941 0.01438417 -0.00663950
v -0.05664033 0.01461137 -0.00636516
v -0.05718989 0.01461137 -0.00661960
v -0.05707186 0.01438417 -0.00690455
v -0.05775841 0.01461137 -0.00682828
v -0.05766406 0.01438417 -0.00712192
v -0.05834207 0.01461137 -0.00698980
v -0.05827205 0.01438417 -0.00729017
v -0.05889173 0.01438417 -0.00740817
v -0.05951900 0.01438417 -0.00747514
v -0.05953918 0.01461137 -0.00716737
v -0.06014460 0.01461137 -0.00718224
v -0.06014965 0.01438417 -0.00749062
v -0.06074921 0.01461137 -0.00714757
v -0.06077945 0.01438417 -0.00745451
v -0.06134897 0.01461137 -0.00706362
v -0.06140419 0.01438417 -0.00736706
v -0.06201969 0.01438417 -0.00722884
v -0.06262184 0.01438417 -0.00704079
v -0.06320661 0.01438417 -0.00680416
v -0.06307931 0.01461137 -0.00652322
v -0.06362026 0.01461137 -0.00625094
v -0.06377008 0.01438417 -0.00652053
v -0.06413714 0.01461137 -0.00593535
v -0.06430849 0.01438417 -0.00619180
v -0.06481824 0.01438417 -0.00582017
v -0.06529591 0.01438417 -0.00540813
v -0.06732700 0.01438417 -0.00225801
v -0.06750517 0.01438417 -0.00165286
v -0.06763330 0.01438417 -0.00103518
v -0.06732900 0.01461137 -0.00098494
v -0.06740313 0.01461137 -0.00038389
v -0.06707473 0.01480065 -0.00035696
v -0.06672617 0.01495214 -0.00032838
v -0.06771052 0.01438417 -0.00040909
v -0.06134064 0.01490901 0.00011321
v -0.06132741 0.01490901 0.00000593
v -0.06130545 0.01490901 -0.00009991
v -0.06127492 0.01490901 -0.00020360
v -0.06123601 0.01490901 -0.00030445
v -0.06118900 0.01490901 -0.00040179
v -0.06113419 0.01490901 -0.00049495
v -0.06107195 0.01490901 -0.00058333
v -0.06100270 0.01490901 -0.00066632
v -0.06092690 0.01490901 -0.00074338
v -0.06084505 0.01490901 -0.00081398
v -0.06075770 0.01490901 -0.00087766
v -0.06066544 0.01490901 -0.00093399
v -0.06056888 0.01490901 -0.00098259
v -0.06046869 0.01490901 -0.00102314
v -0.06036551 0.01490901 -0.00105536
v -0.06026004 0.01490901 -0.00107904
v -0.06015299 0.01490901 -0.00109403
v -0.06004507 0.01490901 -0.00110022
v -0.05993702 0.01490901 -0.00109756
v -0.05982954 0.01490901 -0.00108609
v -0.05972335 0.01490901 -0.00106587
v -0.05961917 0.01490901 -0.00103704
v -0.05951770 0.01490901 -0.00099979
v -0.05941961 0.01490901 -0.00095438
v -0.05932555 0.01490901 -0.00090110
v -0.05923617 0.01490901 -0.00084031
v -0.05915206 0.01490901 -0.00077242
v -0.05907377 0.01490901 -0.00069789
v -0.05900183 0.01490901 -0.00061720
v -0.05893673 0.01490901 -0.00053091
v -0.05887891 0.01490901 -0.00043959
v -0.05882873 0.01490901 -0.00034385
v -0.05878656 0.01490901 -0.00024432
v -0.05875264 0.01490901 -0.00014169
v -0.05872724 0.01490901 -0.00003662
v -0.05871050 0.01490901 0.00007017
v -0.05870255 0.01490901 0.00017797
v -0.05870343 0.01490901 0.00028606
v -0.05871315 0.01490901 0.00039372
v -0.05873163 0.01490901 0.00050022
v -0.05875875 0.01490901 0.00060485
v -0.05879434 0.01490901 0.00070692
v -0.05883814 0.01490901 0.00080574
v -0.05888987 0.01490901 0.00090065
v -0.05894919 0.01490901 0.00099102
v -0.05901569 0.01490901 0.00107623
v -0.05908893 0.01490901 0.00115573
v -0.05916021 0.01490901 0.00122194
v -0.05923617 0.01490901 0.00128274
v -0.05931640 0.01490901 0.00133778
v -0.05940045 0.01490901 0.00138676
v -0.05948788 0.01490901 0.00142944
v -0.05957821 0.01490901 0.00146556
v -0.05967097 0.01490901 0.00149494
v -0.05976563 0.01490901 0.00151742
v -0.05986168 0.01490901 0.00153288
v -0.05995860 0.01490901 0.00154123
v -0.06005589 0.01490901 0.00154242
v -0.06015299 0.01490901 0.00153645
v -0.06024940 0.01490901 0.00152336
v -0.06034457 0.01490901 0.00150321
v -0.06043802 0.01490901 0.00147611
v -0.06052921 0.01490901 0.00144222
v -0.06061766 0.01490901 0.00140170
v -0.06070289 0.01490901 0.00135479
v -0.06078444 0.01490901 0.00130174
v -0.06086187 0.01490901 0.00124283
v -0.06093475 0.01490901 0.00117838
v -0.06100270 0.01490901 0.00110875
v -0.06106534 0.01490901 0.00103431
v -0.06112233 0.01490901 0.00095546
v -0.06117336 0.01490901 0.00087263
v -0.06121817 0.01490901 0.00078627
v -0.06125650 0.01490901 0.00069685
v -0.06128815 0.01490901 0.00060485
v -0.06131295 0.01490901 0.00051078
v -0.06133076 0.01490901 0.00041513
v -0.06554408 0.01519172 0.00104012
v -0.06546888 0.01519172 0.00144402
v -0.06536416 0.01519172 0.00184130
v -0.06523051 0.01519172 0.00222980
v -0.06506865 0.01519172 0.00260741
v -0.06487943 0.01519172 0.00297209
v -0.06466391 0.01519172 0.00332186
v -0.06442323 0.01519172 0.00365484
v -0.06415872 0.01519172 0.00396920
v -0.06387179 0.01519172 0.00426325
v -0.06356402 0.01519172 0.00453540
v -0.06323705 0.01519172 0.00478417
v -0.06289268 0.01519172 0.00500822
v -0.06253275 0.01519172 0.00520632
v -0.06215922 0.01519172 0.00537741
v -0.06177412 0.01519172 0.00552055
v -0.06137953 0.01519172 0.00563498
v -0.06097760 0.01519172 0.00572007
v -0.06057049 0.01519172 0.00577536
v -0.06016041 0.01519172 0.00580056
v -0.05974960 0.01519172 0.00579552
v -0.05934028 0.01519172 0.00576027
v -0.05893464 0.01519172 0.00569500
v -0.05853492 0.01519172 0.00560007
v -0.05814326 0.01519172 0.00547599
v -0.05776179 0.01519172 0.00532344
v -0.05739257 0.01519172 0.00514324
v -0.05703761 0.01519172 0.00493636
v -0.05669884 0.01519172 0.00470393
v -0.05637808 0.01519172 0.00444721
v -0.05607707 0.01519172 0.00416759
v -0.05576776 0.01519172 0.00383189
v -0.05548693 0.01519172 0.00347204
v -0.05523644 0.01519172 0.00309043
v -0.05501798 0.01519172 0.00268964
v -0.05483300 0.01519172 0.00227233
v -0.05468274 0.01519172 0.00184130
v -0.05456821 0.01519172 0.00139943
v -0.05449017 0.01519172 0.00094968
v -0.05444914 0.01519172 0.00049506
v -0.05444542 0.01519172 0.00003861
v -0.05447899 0.01519172 -0.00041663
v -0.05454966 0.01519172 -0.00086759
v -0.05465695 0.01519172 -0.00131127
v -0.05480013 0.01519172 -0.00174470
v -0.05497826 0.01519172 -0.00216498
v -0.05519014 0.01519172 -0.00256930
v -0.05543435 0.01519172 -0.00295495
v -0.05570926 0.01519172 -0.00331935
v -0.05601303 0.01519172 -0.00366007
v -0.05634362 0.01519172 -0.00397482
v -0.05669884 0.01519172 -0.00426151
v -0.05707629 0.01519172 -0.00451821
v -0.05747346 0.01519172 -0.00474320
v -0.05788768 0.01519172 -0.00493498
v -0.05831620 0.01519172 -0.00509227
v -0.05875613 0.01519172 -0.00521402
v -0.05920454 0.01519172 -0.00529941
v -0.05965844 0.01519172 -0.00534786
v -0.06011477 0.01519172 -0.00535907
v -0.06057049 0.01519172 -0.00533294
v -0.06102255 0.01519172 -0.00526966
v -0.06146793 0.01519172 -0.00516964
v -0.06190365 0.01519172 -0.00503357
v -0.06232678 0.01519172 -0.00486234
v -0.06273451 0.01519172 -0.00465711
v -0.06312411 0.01519172 -0.00441924
v -0.06349295 0.01519172 -0.00415033
v -0.06383860 0.01519172 -0.00385218
v -0.06515331 0.01520978 0.00098215
v -0.06508343 0.01520978 0.00135747
v -0.06498613 0.01520978 0.00172662
v -0.06486194 0.01520978 0.00208762
v -0.06471153 0.01520978 0.00243850
v -0.06453571 0.01520978 0.00277737
v -0.06433544 0.01520978 0.00310239
v -0.06411181 0.01520978 0.00341179
v -0.06386601 0.01520978 0.00370390
v -0.06359939 0.01520978 0.00397714
v -0.06331341 0.01520978 0.00423003
v -0.06300958 0.01520978 0.00446119
v -0.06268958 0.01520978 0.00466937
v -0.06235512 0.01520978 0.00485345
v -0.06200804 0.01520978 0.00501243
v -0.06165020 0.01520978 0.00514545
v -0.06128354 0.01520978 0.00525177
v -0.06091006 0.01520978 0.00533084
v -0.06053177 0.01520978 0.00538222
v -0.06015072 0.01520978 0.00540563
v -0.05976899 0.01520978 0.00540094
v -0.05938863 0.01520978 0.00536819
v -0.05901171 0.01520978 0.00530754
v -0.05864028 0.01520978 0.00521933
v -0.05827635 0.01520978 0.00510404
v -0.05792188 0.01520978 0.00496229
v -0.05757880 0.01520978 0.00479484
v -0.05724896 0.01520978 0.00460261
v -0.05693416 0.01520978 0.00438663
v -0.05663611 0.01520978 0.00414808
v -0.05635641 0.01520978 0.00388825
v -0.05606899 0.01520978 0.00357631
v -0.05580804 0.01520978 0.00324193
v -0.05557529 0.01520978 0.00288734
v -0.05537229 0.01520978 0.00251491
v -0.05520040 0.01520978 0.00212714
v -0.05506078 0.01520978 0.00172662
v -0.05495435 0.01520978 0.00131603
v -0.05488184 0.01520978 0.00089812
v -0.05484371 0.01520978 0.00047568
v -0.05484024 0.01520978 0.00005153
v -0.05487145 0.01520978 -0.00037148
v -0.05493711 0.01520978 -0.00079052
v -0.05503681 0.01520978 -0.00120280
v -0.05516986 0.01520978 -0.00160555
v -0.05533538 0.01520978 -0.00199608
v -0.05553226 0.01520978 -0.00237178
v -0.05575918 0.01520978 -0.00273013
v -0.05601463 0.01520978 -0.00306874
v -0.05629690 0.01520978 -0.00338534
v -0.05660410 0.01520978 -0.00367781
v -0.05693416 0.01520978 -0.00394421
v -0.05728490 0.01520978 -0.00418273
v -0.05765396 0.01520978 -0.00439180
v -0.05803886 0.01520978 -0.00457001
v -0.05843705 0.01520978 -0.00471617
v -0.05884584 0.01520978 -0.00482929
v -0.05926251 0.01520978 -0.00490864
v -0.05968427 0.01520978 -0.00495366
v -0.06010831 0.01520978 -0.00496407
v -0.06053177 0.01520978 -0.00493980
v -0.06095183 0.01520978 -0.00488099
v -0.06136568 0.01520978 -0.00478806
v -0.06177056 0.01520978 -0.00466162
v -0.06216374 0.01520978 -0.00450251
v -0.06254261 0.01520978 -0.00431180
v -0.06290463 0.01520978 -0.00409077
v -0.06324738 0.01520978 -0.00384090
v -0.06356855 0.01520978 -0.00356385
v -0.06440769 0.01518846 0.00087155
v -0.06434798 0.01518846 0.00119232
v -0.06426482 0.01518846 0.00150782
v -0.06415868 0.01518846 0.00181634
v -0.06403013 0.01518846 0.00211623
v -0.06387987 0.01518846 0.00240584
v -0.06370870 0.01518846 0.00268362
v -0.06351757 0.01518846 0.00294805
v -0.06330751 0.01518846 0.00319770
v -0.06307964 0.01518846 0.00343123
v -0.06283522 0.01518846 0.00364736
v -0.06257556 0.01518846 0.00384492
v -0.06230207 0.01518846 0.00402285
v -0.06201623 0.01518846 0.00418017
v -0.06171959 0.01518846 0.00431604
v -0.06141376 0.01518846 0.00442972
v -0.06110039 0.01518846 0.00452060
v -0.06078120 0.01518846 0.00458817
v -0.06045789 0.01518846 0.00463208
v -0.06013222 0.01518846 0.00465209
v -0.05980597 0.01518846 0.00464809
v -0.05948090 0.01518846 0.00462009
v -0.05915877 0.01518846 0.00456826
v -0.05884132 0.01518846 0.00449287
v -0.05853028 0.01518846 0.00439434
v -0.05822733 0.01518846 0.00427319
v -0.05793412 0.01518846 0.00413007
v -0.05765222 0.01518846 0.00396578
v -0.05738318 0.01518846 0.00378120
v -0.05712845 0.01518846 0.00357732
v -0.05688940 0.01518846 0.00335526
v -0.05664376 0.01518846 0.00308866
v -0.05642074 0.01518846 0.00280288
v -0.05622181 0.01518846 0.00249983
v -0.05604832 0.01518846 0.00218153
v -0.05590142 0.01518846 0.00185012
v -0.05578208 0.01518846 0.00150782
v -0.05569113 0.01518846 0.00115690
v -0.05562915 0.01518846 0.00079973
v -0.05559658 0.01518846 0.00043869
v -0.05559361 0.01518846 0.00007619
v -0.05562028 0.01518846 -0.00028533
v -0.05567640 0.01518846 -0.00064347
v -0.05576160 0.01518846 -0.00099582
v -0.05587532 0.01518846 -0.00134003
v -0.05601678 0.01518846 -0.00167380
v -0.05618504 0.01518846 -0.00199489
v -0.05637898 0.01518846 -0.00230116
v -0.05659730 0.01518846 -0.00259055
v -0.05683854 0.01518846 -0.00286114
v -0.05710109 0.01518846 -0.00311110
v -0.05738318 0.01518846 -0.00333877
v -0.05768294 0.01518846 -0.00354263
v -0.05799836 0.01518846 -0.00372131
v -0.05832731 0.01518846 -0.00387362
v -0.05866762 0.01518846 -0.00399853
v -0.05901700 0.01518846 -0.00409522
v -0.05937311 0.01518846 -0.00416303
v -0.05973357 0.01518846 -0.00420151
v -0.06009597 0.01518846 -0.00421041
v -0.06045789 0.01518846 -0.00418966
v -0.06081690 0.01518846 -0.00413940
v -0.06117059 0.01518846 -0.00405998
v -0.06151662 0.01518846 -0.00395191
v -0.06185266 0.01518846 -0.00381593
v -0.06217646 0.01518846 -0.00365294
v -0.06248586 0.01518846 -0.00346404
v -0.06277879 0.01518846 -0.00325048
v -0.06305328 0.01518846 -0.00301370
v -0.06693174 0.01461137 0.00288603
v -0.06671699 0.01461137 0.00338702
v -0.06646596 0.01461137 0.00387085
v -0.06512912 0.01461137 0.00558385
v -0.06335258 0.01461137 0.00683504
v -0.06285701 0.01461137 0.00706202
v -0.06074921 0.01461137 0.00759000
v -0.05857891 0.01461137 0.00748338
v -0.05606209 0.01461137 0.00647688
v -0.05437736 0.01461137 0.00501156
v -0.05400478 0.01461137 0.00453413
v -0.05293785 0.01461137 0.00237061
v -0.05278589 0.01461137 0.00178438
v -0.05266753 0.01461137 -0.00062502
v -0.05276129 0.01461137 -0.00122332
v -0.05361102 0.01461137 -0.00348101
v -0.05393501 0.01461137 -0.00399265
v -0.05611341 0.01461137 -0.00606665
v -0.05893699 0.01461137 -0.00710309
v -0.06193987 0.01461137 -0.00693093
v -0.06251793 0.01461137 -0.00675039
v -0.06462651 0.01461137 -0.00557859
v -0.06508507 0.01461137 -0.00518302
v -0.06624651 0.01461137 -0.00379119
v -0.06655359 0.01461137 -0.00326922
v -0.06596958 0.01480065 -0.00361264
v -0.06626300 0.01480065 -0.00311389
v -0.06651467 0.01480065 -0.00259283
v -0.06567564 0.01495214 -0.00342312
v -0.06595456 0.01495214 -0.00294903
v -0.06619379 0.01495214 -0.00245373
v -0.06639176 0.01495214 -0.00194053
v -0.06536628 0.01506656 -0.00322366
v -0.06562993 0.01506656 -0.00277551
v -0.06585608 0.01506656 -0.00230732
v -0.06604320 0.01506656 -0.00182222
v -0.06619006 0.01506656 -0.00132344
v -0.06504429 0.01514548 -0.00301605
v -0.06529205 0.01514548 -0.00259491
v -0.06550457 0.01514548 -0.00215494
v -0.06568041 0.01514548 -0.00169907
v -0.06581842 0.01514548 -0.00123035
v -0.06591766 0.01514548 -0.00075192
v -0.06471402 0.01519172 -0.00280310
v -0.06494548 0.01519172 -0.00240966
v -0.06514402 0.01519172 -0.00199863
v -0.06530830 0.01519172 -0.00157275
v -0.06543723 0.01519172 -0.00113487
v -0.06552994 0.01519172 -0.00068791
v -0.06438201 0.01520978 -0.00258903
v -0.06459708 0.01520978 -0.00222344
v -0.06478157 0.01520978 -0.00184150
v -0.06493422 0.01520978 -0.00144577
v -0.06505402 0.01520978 -0.00103888
v -0.06514017 0.01520978 -0.00062356
v -0.06374849 0.01518846 -0.00218057
v -0.06393232 0.01518846 -0.00186812
v -0.06408999 0.01518846 -0.00154169
v -0.06422045 0.01518846 -0.00120348
v -0.06432284 0.01518846 -0.00085573
v -0.06439647 0.01518846 -0.00050078
v -0.06319340 0.01513241 -0.00182266
v -0.06334983 0.01513241 -0.00155677
v -0.06348400 0.01513241 -0.00127899
v -0.06359503 0.01513241 -0.00099117
v -0.06368216 0.01513241 -0.00069525
v -0.06374481 0.01513241 -0.00039319
v -0.06720600 0.01461137 -0.00157792
v -0.06700390 0.01480065 -0.00093126
v -0.06404642 0.00740386 -0.00053081
v -0.06403568 0.00811454 -0.00016191
v -0.06411611 0.00740386 0.00022121
v -0.06403568 0.00811454 0.00060433
v -0.06404642 0.00740386 0.00097324
v -0.06389067 0.00811454 0.00135673
v -0.06383973 0.00740386 0.00169965
v -0.06360588 0.00811454 0.00206808
v -0.06350309 0.00740386 0.00237572
v -0.06319162 0.00811454 0.00271269
v -0.06304796 0.00740386 0.00297841
v -0.06266285 0.00811454 0.00326724
v -0.06248983 0.00740386 0.00348722
v -0.06203869 0.00811454 0.00371171
v -0.06184771 0.00740386 0.00388480
v -0.06134169 0.00811454 0.00403002
v -0.06114346 0.00740386 0.00415763
v -0.06059705 0.00811454 0.00421066
v -0.06040107 0.00740386 0.00429641
v -0.05983167 0.00811454 0.00424712
v -0.05964583 0.00740386 0.00429641
v -0.05907323 0.00811454 0.00413808
v -0.05890344 0.00740386 0.00415763
v -0.05834913 0.00811454 0.00388746
v -0.05819920 0.00740386 0.00388480
v -0.05768554 0.00811454 0.00350434
v -0.05755708 0.00740386 0.00348722
v -0.05710645 0.00811454 0.00300256
v -0.05699894 0.00740386 0.00297841
v -0.05663280 0.00811454 0.00240025
v -0.05654380 0.00740386 0.00237572
v -0.05628169 0.00811454 0.00171919
v -0.05620717 0.00740386 0.00169965
v -0.05606581 0.00811454 0.00098399
v -0.05600048 0.00740386 0.00097324
v -0.05599298 0.00811454 0.00022121
v -0.05593080 0.00740386 0.00022121
v -0.05600048 0.00740386 -0.00053081
v -0.05606581 0.00811454 -0.00054156
v -0.05620717 0.00740386 -0.00125722
v -0.05628169 0.00811454 -0.00127676
v -0.05654380 0.00740386 -0.00193329
v -0.05663280 0.00811454 -0.00195783
v -0.05699894 0.00740386 -0.00253599
v -0.05710645 0.00811454 -0.00256013
v -0.05755708 0.00740386 -0.00304479
v -0.05768554 0.00811454 -0.00306192
v -0.05819920 0.00740386 -0.00344238
v -0.05834913 0.00811454 -0.00344504
v -0.05890344 0.00740386 -0.00371521
v -0.05907323 0.00811454 -0.00369565
v -0.05964583 0.00740386 -0.00385398
v -0.05983167 0.00811454 -0.00380470
v -0.06040107 0.00740386 -0.00385398
v -0.06059705 0.00811454 -0.00376824
v -0.06114346 0.00740386 -0.00371521
v -0.06134169 0.00811454 -0.00358759
v -0.06184771 0.00740386 -0.00344238
v -0.06203869 0.00811454 -0.00326928
v -0.06248983 0.00740386 -0.00304479
v -0.06266285 0.00811454 -0.00282482
v -0.06304796 0.00740386 -0.00253599
v -0.06319162 0.00811454 -0.00227026
v -0.06350309 0.00740386 -0.00193329
v -0.06360588 0.00811454 -0.00162566
v -0.06383973 0.00740386 -0.00125722
v -0.06389067 0.00811454 -0.00091430
v -0.05931277 0.01143433 0.00022121
v -0.06002345 0.01149651 0.00022121
v -0.05932561 0.01143433 0.00008672
v -0.05936368 0.01143433 -0.00004292
v -0.05942559 0.01143433 -0.00016301
v -0.05950911 0.01143433 -0.00026921
v -0.05961122 0.01143433 -0.00035769
v -0.05972822 0.01143433 -0.00042525
v -0.05985590 0.01143433 -0.00046944
v -0.05998964 0.01143433 -0.00048866
v -0.06012459 0.01143433 -0.00048224
v -0.06025590 0.01143433 -0.00045038
v -0.06037879 0.01143433 -0.00039426
v -0.06048885 0.01143433 -0.00031588
v -0.06058208 0.01143433 -0.00021810
v -0.06065514 0.01143433 -0.00010444
v -0.06070535 0.01143433 0.00002099
v -0.06073092 0.01143433 0.00015366
v -0.06073092 0.01143433 0.00028877
v -0.06070535 0.01143433 0.00042143
v -0.06065514 0.01143433 0.00054687
v -0.06058208 0.01143433 0.00066053
v -0.06048885 0.01143433 0.00075831
v -0.06037879 0.01143433 0.00083668
v -0.06025590 0.01143433 0.00089281
v -0.06012459 0.01143433 0.00092466
v -0.05998964 0.01143433 0.00093109
v -0.05985590 0.01143433 0.00091186
v -0.05972822 0.01143433 0.00086767
v -0.05961122 0.01143433 0.00080012
v -0.05950911 0.01143433 0.00071164
v -0.05942559 0.01143433 0.00060544
v -0.05936368 0.01143433 0.00048535
v -0.05932561 0.01143433 0.00035571
v -0.05617762 0.00880363 0.00022121
v -0.05624711 0.00880363 -0.00050662
v -0.05645310 0.00880363 -0.00120814
v -0.05678813 0.00880363 -0.00185800
v -0.05724008 0.00880363 -0.00243272
v -0.05779264 0.00880363 -0.00291151
v -0.05842583 0.00880363 -0.00327708
v -0.05911676 0.00880363 -0.00351621
v -0.05984046 0.00880363 -0.00362027
v -0.06057077 0.00880363 -0.00358548
v -0.06128130 0.00880363 -0.00341310
v -0.06194637 0.00880363 -0.00310938
v -0.06254194 0.00880363 -0.00268528
v -0.06304649 0.00880363 -0.00215612
v -0.06344176 0.00880363 -0.00154105
v -0.06371351 0.00880363 -0.00086228
v -0.06385188 0.00880363 -0.00014436
v -0.06385188 0.00880363 0.00058678
v -0.06371351 0.00880363 0.00130471
v -0.06344176 0.00880363 0.00198348
v -0.06304649 0.00880363 0.00259855
v -0.06254194 0.00880363 0.00312770
v -0.06194637 0.00880363 0.00355180
v -0.06128130 0.00880363 0.00385553
v -0.06057077 0.00880363 0.00402790
v -0.05984046 0.00880363 0.00406269
v -0.05911676 0.00880363 0.00395864
v -0.05842583 0.00880363 0.00371951
v -0.05779264 0.00880363 0.00335394
v -0.05724008 0.00880363 0.00287514
v -0.05678813 0.00880363 0.00230043
v -0.05645310 0.00880363 0.00165057
v -0.05624711 0.00880363 0.00094904
v -0.05647911 0.00945019 0.00022121
v -0.05654316 0.00945019 -0.00044956
v -0.05673300 0.00945019 -0.00109609
v -0.05704176 0.00945019 -0.00169500
v -0.05745829 0.00945019 -0.00222466
v -0.05796753 0.00945019 -0.00266592
v -0.05855107 0.00945019 -0.00300283
v -0.05918784 0.00945018 -0.00322322
v -0.05985481 0.00945018 -0.00331911
v -0.06052786 0.00945018 -0.00328705
v -0.06118269 0.00945018 -0.00312819
v -0.06179562 0.00945018 -0.00284828
v -0.06234450 0.00945018 -0.00245742
v -0.06280949 0.00945018 -0.00196975
v -0.06317379 0.00945018 -0.00140290
v -0.06342422 0.00945018 -0.00077734
v -0.06355174 0.00945018 -0.00011570
v -0.06355174 0.00945018 0.00055812
v -0.06342422 0.00945018 0.00121977
v -0.06317379 0.00945018 0.00184532
v -0.06280949 0.00945018 0.00241218
v -0.06234450 0.00945018 0.00289985
v -0.06179562 0.00945018 0.00329070
v -0.06118269 0.00945018 0.00357062
v -0.06052786 0.00945018 0.00372948
v -0.05985481 0.00945018 0.00376154
v -0.05918784 0.00945018 0.00366564
v -0.05855107 0.00945019 0.00344526
v -0.05796753 0.00945019 0.00310835
v -0.05745829 0.00945019 0.00266709
v -0.05704176 0.00945019 0.00213743
v -0.05673300 0.00945019 0.00153851
v -0.05654316 0.00945019 0.00089198
v -0.05688829 0.01003457 0.00022121
v -0.05694495 0.01003457 -0.00037212
v -0.05711287 0.01003457 -0.00094401
v -0.05738599 0.01003457 -0.00147378
v -0.05775443 0.01003457 -0.00194229
v -0.05820488 0.01003457 -0.00233261
v -0.05872106 0.01003457 -0.00263062
v -0.05928431 0.01003457 -0.00282557
v -0.05987427 0.01003457 -0.00291039
v -0.06046963 0.01003457 -0.00288203
v -0.06104886 0.01003457 -0.00274151
v -0.06159103 0.01003457 -0.00249391
v -0.06207655 0.01003457 -0.00214818
v -0.06248785 0.01003457 -0.00171681
v -0.06281009 0.01003457 -0.00121540
v -0.06303161 0.01003457 -0.00066206
v -0.06314441 0.01003457 -0.00007680
v -0.06314441 0.01003457 0.00051923
v -0.06303161 0.01003457 0.00110449
v -0.06281009 0.01003457 0.00165782
v -0.06248785 0.01003457 0.00215924
v -0.06207655 0.01003457 0.00259060
v -0.06159103 0.01003457 0.00293633
v -0.06104886 0.01003457 0.00318393
v -0.06046963 0.01003457 0.00332445
v -0.05987427 0.01003457 0.00335281
v -0.05928431 0.01003457 0.00326799
v -0.05872106 0.01003457 0.00307305
v -0.05820488 0.01003457 0.00277503
v -0.05775443 0.01003457 0.00238472
v -0.05738599 0.01003457 0.00191620
v -0.05711287 0.01003457 0.00138643
v -0.05694495 0.01003457 0.00081454
v -0.05739274 0.01053901 0.00022121
v -0.05744028 0.01053901 -0.00027665
v -0.05758119 0.01053901 -0.00075652
v -0.05781036 0.01053901 -0.00120105
v -0.05811952 0.01053901 -0.00159418
v -0.05849749 0.01053901 -0.00192170
v -0.05893061 0.01053901 -0.00217176
v -0.05940324 0.01053901 -0.00233534
v -0.05989828 0.01053901 -0.00240651
v -0.06039784 0.01053901 -0.00238272
v -0.06088387 0.01053901 -0.00226481
v -0.06133880 0.01053901 -0.00205705
v -0.06174620 0.01053901 -0.00176694
v -0.06209133 0.01053901 -0.00140498
v -0.06236172 0.01053901 -0.00098425
v -0.06254760 0.01053901 -0.00051994
v -0.06264225 0.01053901 -0.00002885
v -0.06264225 0.01053901 0.00047128
v -0.06254760 0.01053901 0.00096237
v -0.06236172 0.01053901 0.00142667
v -0.06209133 0.01053901 0.00184741
v -0.06174620 0.01053901 0.00220937
v -0.06133880 0.01053901 0.00249947
v -0.06088387 0.01053901 0.00270723
v -0.06039784 0.01053901 0.00282514
v -0.05989828 0.01053901 0.00284894
v -0.05940324 0.01053901 0.00277776
v -0.05893061 0.01053901 0.00261419
v -0.05849749 0.01053901 0.00236412
v -0.05811952 0.01053901 0.00203661
v -0.05781036 0.01053901 0.00164348
v -0.05758119 0.01053901 0.00119895
v -0.05744028 0.01053901 0.00071908
v -0.05797712 0.01094820 0.00022121
v -0.05801410 0.01094820 -0.00016606
v -0.05812370 0.01094820 -0.00053933
v -0.05830197 0.01094820 -0.00088511
v -0.05854245 0.01094820 -0.00119091
v -0.05883647 0.01094820 -0.00144568
v -0.05917337 0.01094820 -0.00164019
v -0.05954101 0.01094820 -0.00176743
v -0.05992609 0.01094820 -0.00182280
v -0.06031467 0.01094820 -0.00180428
v -0.06069274 0.01094820 -0.00171257
v -0.06104662 0.01094820 -0.00155096
v -0.06136351 0.01094820 -0.00132530
v -0.06163197 0.01094820 -0.00104374
v -0.06184230 0.01094820 -0.00071647
v -0.06198689 0.01094820 -0.00035530
v -0.06206052 0.01094820 0.00002670
v -0.06206052 0.01094820 0.00041573
v -0.06198689 0.01094820 0.00079773
v -0.06184230 0.01094820 0.00115889
v -0.06163197 0.01094820 0.00148617
v -0.06136351 0.01094820 0.00176772
v -0.06104662 0.01094820 0.00199338
v -0.06069274 0.01094820 0.00215499
v -0.06031467 0.01094820 0.00224671
v -0.05992609 0.01094820 0.00226522
v -0.05954101 0.01094820 0.00220986
v -0.05917337 0.01094820 0.00208262
v -0.05883647 0.01094820 0.00188810
v -0.05854245 0.01094820 0.00163334
v -0.05830197 0.01094820 0.00132754
v -0.05812370 0.01094820 0.00098176
v -0.05801410 0.01094820 0.00060848
v -0.05862368 0.01124969 0.00022121
v -0.05864897 0.01124969 -0.00004370
v -0.05872395 0.01124969 -0.00029903
v -0.05884589 0.01124969 -0.00053556
v -0.05901039 0.01124969 -0.00074474
v -0.05921150 0.01124969 -0.00091901
v -0.05944197 0.01124969 -0.00105206
v -0.05969344 0.01124969 -0.00113910
v -0.05995685 0.01124969 -0.00117697
v -0.06022266 0.01124969 -0.00116431
v -0.06048128 0.01124969 -0.00110157
v -0.06072333 0.01124969 -0.00099102
v -0.06094011 0.01124969 -0.00083666
v -0.06112375 0.01124969 -0.00064407
v -0.06126761 0.01124969 -0.00042020
v -0.06136652 0.01124969 -0.00017315
v -0.06141688 0.01124969 0.00008816
v -0.06141688 0.01124969 0.00035427
v -0.06136652 0.01124969 0.00061557
v -0.06126761 0.01124969 0.00086262
v -0.06112375 0.01124969 0.00108649
v -0.06094011 0.01124969 0.00127909
v -0.06072333 0.01124969 0.00143345
v -0.06048128 0.01124969 0.00154400
v -0.06022266 0.01124969 0.00160673
v -0.05995685 0.01124969 0.00161940
v -0.05969344 0.01124969 0.00158152
v -0.05944197 0.01124969 0.00149449
v -0.05921150 0.01124969 0.00136143
v -0.05901039 0.01124969 0.00118716
v -0.05884589 0.01124969 0.00097799
v -0.05872395 0.01124969 0.00074145
v -0.05864897 0.01124969 0.00048612
v -0.06595314 0.00740386 0.00113711
v -0.06602345 0.00740386 0.00022121
v -0.06595314 0.00740386 -0.00069468
v -0.06574384 0.00740386 0.00203154
v -0.06540044 0.00740386 0.00288353
v -0.06493104 0.00740386 0.00367312
v -0.06434658 0.00740386 0.00438181
v -0.06366080 0.00740386 0.00499297
v -0.06288977 0.00740386 0.00549229
v -0.06205155 0.00740386 0.00586805
v -0.06116580 0.00740386 0.00611146
v -0.06025327 0.00740386 0.00621681
v -0.05933535 0.00740386 0.00618163
v -0.05843356 0.00740386 0.00600673
v -0.05756903 0.00740386 0.00569623
v -0.05676204 0.00740386 0.00525740
v -0.05603150 0.00740386 0.00470053
v -0.05539451 0.00740386 0.00403867
v -0.05486603 0.00740386 0.00328732
v -0.05445844 0.00740386 0.00246411
v -0.05418128 0.00740386 0.00158833
v -0.05404106 0.00740386 0.00068051
v -0.05404106 0.00740386 -0.00023808
v -0.05418128 0.00740386 -0.00114591
v -0.05445844 0.00740386 -0.00202169
v -0.05486603 0.00740386 -0.00284490
v -0.05539451 0.00740386 -0.00359624
v -0.05603150 0.00740386 -0.00425811
v -0.05676204 0.00740386 -0.00481498
v -0.05756903 0.00740386 -0.00525381
v -0.05843356 0.00740386 -0.00556431
v -0.05933535 0.00740386 -0.00573920
v -0.06025327 0.00740386 -0.00577439
v -0.06116580 0.00740386 -0.00566904
v -0.06205155 0.00740386 -0.00542563
v -0.06288977 0.00740386 -0.00504986
v -0.06366080 0.00740386 -0.00455054
v -0.06434658 0.00740386 -0.00393938
v -0.06493104 0.00740386 -0.00323070
v -0.06540044 0.00740386 -0.00244111
v -0.06574384 0.00740386 -0.00158911
v -0.06595314 0.00760386 0.00113711
v -0.06602345 0.00760386 0.00022121
v -0.06595314 0.00760386 -0.00069468
v -0.06574384 0.00760386 -0.00158911
v -0.06574384 0.00760386 0.00203154
v -0.06540044 0.00760386 0.00288353
v -0.06493104 0.00760386 0.00367312
v -0.06434658 0.00760386 0.00438181
v -0.06366080 0.00760386 0.00499297
v -0.06288977 0.00760386 0.00549229
v -0.06205155 0.00760386 0.00586805
v -0.06116580 0.00760386 0.00611146
v -0.06025327 0.00760386 0.00621681
v -0.05933535 0.00760386 0.00618163
v -0.05843356 0.00760386 0.00600673
v -0.05756903 0.00760386 0.00569623
v -0.05676204 0.00760386 0.00525740
v -0.05603150 0.00760386 0.00470053
v -0.05539451 0.00760386 0.00403867
v -0.05486603 0.00760386 0.00328732
v -0.05445844 0.00760386 0.00246411
v -0.05418128 0.00760386 0.00158833
v -0.05404106 0.00760386 0.00068051
v -0.05404106 0.00760386 -0.00023808
v -0.05418128 0.00760386 -0.00114591
v -0.05445844 0.00760386 -0.00202169
v -0.05486603 0.00760386 -0.00284490
v -0.05539451 0.00760386 -0.00359624
v -0.05603150 0.00760386 -0.00425811
v -0.05676204 0.00760386 -0.00481498
v -0.05756903 0.00760386 -0.00525381
v -0.05843356 0.00760386 -0.00556431
v -0.05933535 0.00760386 -0.00573920
v -0.06025327 0.00760386 -0.00577439
v -0.06116580 0.00760386 -0.00566904
v -0.06205155 0.00760386 -0.00542563
v -0.06288977 0.00760386 -0.00504986
v -0.06366080 0.00760386 -0.00455054
v -0.06434658 0.00760386 -0.00393938
v -0.06493104 0.00760386 -0.00323070
v -0.06540044 0.00760386 -0.00244111
v -0.06431145 0.00760386 0.00022121
v -0.06423844 0.00760386 0.00100913
v -0.06402189 0.00760386 0.00177021
v -0.06366917 0.00760386 0.00247855
v -0.06319232 0.00760386 0.00311001
v -0.06260754 0.00760386 0.00364310
v -0.06193478 0.00760386 0.00405966
v -0.06119691 0.00760386 0.00434551
v -0.06041910 0.00760386 0.00449091
v -0.05962780 0.00760386 0.00449091
v -0.05884999 0.00760386 0.00434551
v -0.05811213 0.00760386 0.00405966
v -0.05743936 0.00760386 0.00364310
v -0.05685459 0.00760386 0.00311001
v -0.05637773 0.00760386 0.00247855
v -0.05602502 0.00760386 0.00177021
v -0.05580847 0.00760386 0.00100913
v -0.05573546 0.00760386 0.00022121
v -0.05580847 0.00760386 -0.00056670
v -0.05602502 0.00760386 -0.00132779
v -0.05637773 0.00760386 -0.00203612
v -0.05685459 0.00760386 -0.00266759
v -0.05743936 0.00760386 -0.00320068
v -0.05811213 0.00760386 -0.00361724
v -0.05884999 0.00760386 -0.00390309
v -0.05962780 0.00760386 -0.00404849
v -0.06041910 0.00760386 -0.00404849
v -0.06119691 0.00760386 -0.00390309
v -0.06193478 0.00760386 -0.00361724
v -0.06260754 0.00760386 -0.00320068
v -0.06319232 0.00760386 -0.00266759
v -0.06366917 0.00760386 -0.00203612
v -0.06402189 0.00760386 -0.00132779
v -0.06423844 0.00760386 -0.00056670
v -0.06414500 0.00832372 0.00099166
v -0.06421640 0.00832372 0.00022121
v -0.06414500 0.00832372 -0.00054924
v -0.06393325 0.00832372 -0.00129345
v -0.06358837 0.00832372 -0.00198608
v -0.06312207 0.00832372 -0.00260355
v -0.06255026 0.00832372 -0.00312482
v -0.06189241 0.00832372 -0.00353215
v -0.06117091 0.00832372 -0.00381166
v -0.06041033 0.00832372 -0.00395384
v -0.05963658 0.00832372 -0.00395384
v -0.05887599 0.00832372 -0.00381166
v -0.05815450 0.00832372 -0.00353215
v -0.05749664 0.00832372 -0.00312482
v -0.05692483 0.00832372 -0.00260355
v -0.05645854 0.00832372 -0.00198608
v -0.05611365 0.00832372 -0.00129345
v -0.05590190 0.00832372 -0.00054924
v -0.05583052 0.00832372 0.00022121
v -0.05590190 0.00832372 0.00099166
v -0.05611365 0.00832372 0.00173588
v -0.05645854 0.00832372 0.00242851
v -0.05692483 0.00832372 0.00304598
v -0.05749664 0.00832372 0.00356725
v -0.05815450 0.00832372 0.00397458
v -0.05887599 0.00832372 0.00425409
v -0.05963658 0.00832372 0.00439626
v -0.06041033 0.00832372 0.00439626
v -0.06117091 0.00832372 0.00425409
v -0.06189241 0.00832372 0.00397458
v -0.06255026 0.00832372 0.00356725
v -0.06312207 0.00832372 0.00304598
v -0.06358837 0.00832372 0.00242851
v -0.06393325 0.00832372 0.00173588
v -0.05929994 0.01163510 0.00022121
v -0.06002345 0.01169651 0.00022121
v -0.05931226 0.01163510 0.00035416
v -0.05934880 0.01163510 0.00048257
v -0.05940832 0.01163510 0.00060209
v -0.05948878 0.01163510 0.00070864
v -0.05958744 0.01163510 0.00079859
v -0.05970096 0.01163510 0.00086887
v -0.05982545 0.01163510 0.00091710
v -0.05995670 0.01163510 0.00094164
v -0.06009021 0.01163510 0.00094164
v -0.06022145 0.01163510 0.00091710
v -0.06034595 0.01163510 0.00086887
v -0.06045946 0.01163510 0.00079859
v -0.06055814 0.01163510 0.00070864
v -0.06063860 0.01163510 0.00060209
v -0.06069810 0.01163510 0.00048257
v -0.06073464 0.01163510 0.00035416
v -0.06074696 0.01163510 0.00022121
v -0.06073464 0.01163510 0.00008827
v -0.06069810 0.01163510 -0.00004015
v -0.06063860 0.01163510 -0.00015967
v -0.06055814 0.01163510 -0.00026621
v -0.06045946 0.01163510 -0.00035616
v -0.06034595 0.01163510 -0.00042645
v -0.06022145 0.01163510 -0.00047468
v -0.06009021 0.01163510 -0.00049921
v -0.05995670 0.01163510 -0.00049921
v -0.05982545 0.01163510 -0.00047468
v -0.05970096 0.01163510 -0.00042645
v -0.05958744 0.01163510 -0.00035616
v -0.05948878 0.01163510 -0.00026621
v -0.05940832 0.01163510 -0.00015967
v -0.05934880 0.01163510 -0.00004015
v -0.05931226 0.01163510 0.00008827
v -0.05604554 0.00901726 0.00022121
v -0.05611327 0.00901726 0.00095215
v -0.05631416 0.00901726 0.00165820
v -0.05664136 0.00901726 0.00231531
v -0.05708374 0.00901726 0.00290111
v -0.05762623 0.00901726 0.00339566
v -0.05825034 0.00901726 0.00378209
v -0.05893484 0.00901726 0.00404727
v -0.05965642 0.00901726 0.00418216
v -0.06039049 0.00901726 0.00418216
v -0.06111206 0.00901726 0.00404727
v -0.06179656 0.00901726 0.00378209
v -0.06242068 0.00901726 0.00339566
v -0.06296317 0.00901726 0.00290111
v -0.06340554 0.00901726 0.00231531
v -0.06373275 0.00901726 0.00165820
v -0.06393363 0.00901726 0.00095215
v -0.06400137 0.00901726 0.00022121
v -0.06393363 0.00901726 -0.00050973
v -0.06373275 0.00901726 -0.00121578
v -0.06340554 0.00901726 -0.00187289
v -0.06296317 0.00901726 -0.00245869
v -0.06242068 0.00901726 -0.00295323
v -0.06179656 0.00901726 -0.00333967
v -0.06111206 0.00901726 -0.00360485
v -0.06039049 0.00901726 -0.00373973
v -0.05965642 0.00901726 -0.00373973
v -0.05893484 0.00901726 -0.00360485
v -0.05825034 0.00901726 -0.00333967
v -0.05762623 0.00901726 -0.00295323
v -0.05708374 0.00901726 -0.00245869
v -0.05664136 0.00901726 -0.00187289
v -0.05631416 0.00901726 -0.00121578
v -0.05611327 0.00901726 -0.00050973
v -0.05637438 0.00966464 0.00022121
v -0.05643651 0.00966464 0.00089173
v -0.05662079 0.00966464 0.00153941
v -0.05692095 0.00966464 0.00214220
v -0.05732675 0.00966464 0.00267958
v -0.05782439 0.00966464 0.00313323
v -0.05839691 0.00966464 0.00348773
v -0.05902484 0.00966464 0.00373098
v -0.05968676 0.00966464 0.00385472
v -0.06036014 0.00966464 0.00385472
v -0.06102207 0.00966464 0.00373098
v -0.06164999 0.00966464 0.00348773
v -0.06222251 0.00966464 0.00313323
v -0.06272015 0.00966464 0.00267958
v -0.06312595 0.00966464 0.00214220
v -0.06342611 0.00966464 0.00153941
v -0.06361039 0.00966464 0.00089173
v -0.06367252 0.00966464 0.00022121
v -0.06361039 0.00966464 -0.00044930
v -0.06342611 0.00966464 -0.00109698
v -0.06312595 0.00966464 -0.00169978
v -0.06272015 0.00966464 -0.00223715
v -0.06222251 0.00966464 -0.00269081
v -0.06164999 0.00966464 -0.00304530
v -0.06102207 0.00966464 -0.00328856
v -0.06036014 0.00966464 -0.00341229
v -0.05968676 0.00966464 -0.00341229
v -0.05902484 0.00966464 -0.00328856
v -0.05839691 0.00966464 -0.00304530
v -0.05782439 0.00966464 -0.00269081
v -0.05732675 0.00966464 -0.00223715
v -0.05692095 0.00966464 -0.00169978
v -0.05662079 0.00966464 -0.00109698
v -0.05643651 0.00966464 -0.00044930
v -0.05680763 0.01024733 0.00022121
v -0.05686238 0.01024733 0.00081212
v -0.05702478 0.01024733 0.00138290
v -0.05728930 0.01024733 0.00191412
v -0.05764693 0.01024733 0.00238770
v -0.05808548 0.01024733 0.00278749
v -0.05859004 0.01024733 0.00309990
v -0.05914340 0.01024733 0.00331427
v -0.05972674 0.01024733 0.00342332
v -0.06032017 0.01024733 0.00342332
v -0.06090350 0.01024733 0.00331427
v -0.06145687 0.01024733 0.00309990
v -0.06196142 0.01024733 0.00278749
v -0.06239997 0.01024733 0.00238770
v -0.06275760 0.01024733 0.00191412
v -0.06302211 0.01024733 0.00138290
v -0.06318451 0.01024733 0.00081212
v -0.06323927 0.01024733 0.00022121
v -0.06318451 0.01024733 -0.00036969
v -0.06302211 0.01024733 -0.00094048
v -0.06275760 0.01024733 -0.00147170
v -0.06239997 0.01024733 -0.00194527
v -0.06196142 0.01024733 -0.00234507
v -0.06145687 0.01024733 -0.00265747
v -0.06090350 0.01024733 -0.00287185
v -0.06032017 0.01024733 -0.00298089
v -0.05972674 0.01024733 -0.00298089
v -0.05914340 0.01024733 -0.00287185
v -0.05859004 0.01024733 -0.00265747
v -0.05808548 0.01024733 -0.00234507
v -0.05764693 0.01024733 -0.00194527
v -0.05728930 0.01024733 -0.00147170
v -0.05702478 0.01024733 -0.00094048
v -0.05686238 0.01024733 -0.00036969
v -0.05733289 0.01074867 0.00022121
v -0.05737870 0.01074867 0.00071560
v -0.05751457 0.01074867 0.00119315
v -0.05773589 0.01074867 0.00163761
v -0.05803511 0.01074867 0.00203383
v -0.05840203 0.01074867 0.00236832
v -0.05882416 0.01074867 0.00262970
v -0.05928714 0.01074867 0.00280906
v -0.05977520 0.01074867 0.00290029
v -0.06027171 0.01074867 0.00290029
v -0.06075976 0.01074867 0.00280906
v -0.06122274 0.01074867 0.00262970
v -0.06164487 0.01074867 0.00236832
v -0.06201180 0.01074867 0.00203383
v -0.06231101 0.01074867 0.00163761
v -0.06253233 0.01074867 0.00119315
v -0.06266820 0.01074867 0.00071560
v -0.06271401 0.01074867 0.00022121
v -0.06266820 0.01074867 -0.00027318
v -0.06253233 0.01074867 -0.00075073
v -0.06231101 0.01074867 -0.00119518
v -0.06201180 0.01074867 -0.00159141
v -0.06164487 0.01074867 -0.00192590
v -0.06122274 0.01074867 -0.00218728
v -0.06075976 0.01074867 -0.00236664
v -0.06027171 0.01074867 -0.00245787
v -0.05977520 0.01074867 -0.00245787
v -0.05928714 0.01074867 -0.00236664
v -0.05882416 0.01074867 -0.00218728
v -0.05840203 0.01074867 -0.00192590
v -0.05803511 0.01074867 -0.00159141
v -0.05773589 0.01074867 -0.00119518
v -0.05751457 0.01074867 -0.00075073
v -0.05737870 0.01074867 -0.00027318
v -0.05793514 0.01115430 0.00022121
v -0.05797069 0.01115430 0.00060494
v -0.05807615 0.01115430 0.00097560
v -0.05824793 0.01115430 0.00132057
v -0.05848017 0.01115430 0.00162810
v -0.05876496 0.01115430 0.00188772
v -0.05909261 0.01115430 0.00209059
v -0.05945196 0.01115430 0.00222981
v -0.05983077 0.01115430 0.00230062
v -0.06021614 0.01115430 0.00230062
v -0.06059495 0.01115430 0.00222981
v -0.06095429 0.01115430 0.00209059
v -0.06128194 0.01115430 0.00188772
v -0.06156673 0.01115430 0.00162810
v -0.06179897 0.01115430 0.00132057
v -0.06197075 0.01115430 0.00097560
v -0.06207621 0.01115430 0.00060494
v -0.06211177 0.01115430 0.00022121
v -0.06207621 0.01115430 -0.00016251
v -0.06197075 0.01115430 -0.00053317
v -0.06179897 0.01115430 -0.00087814
v -0.06156673 0.01115430 -0.00118567
v -0.06128194 0.01115430 -0.00144530
v -0.06095429 0.01115430 -0.00164817
v -0.06059495 0.01115430 -0.00178738
v -0.06021614 0.01115430 -0.00185819
v -0.05983077 0.01115430 -0.00185819
v -0.05945196 0.01115430 -0.00178738
v -0.05909261 0.01115430 -0.00164817
v -0.05876496 0.01115430 -0.00144530
v -0.05848017 0.01115430 -0.00118567
v -0.05824793 0.01115430 -0.00087814
v -0.05807615 0.01115430 -0.00053317
v -0.05797069 0.01115430 -0.00016251
v -0.05859713 0.01145262 0.00022121
v -0.05862142 0.01145262 0.00048330
v -0.05869345 0.01145262 0.00073646
v -0.05881077 0.01145262 0.00097207
v -0.05896939 0.01145262 0.00118212
v -0.05916391 0.01145262 0.00135944
v -0.05938769 0.01145262 0.00149800
v -0.05963312 0.01145262 0.00159308
v -0.05989185 0.01145262 0.00164144
v -0.06015506 0.01145262 0.00164144
v -0.06041378 0.01145262 0.00159308
v -0.06065922 0.01145262 0.00149800
v -0.06088300 0.01145262 0.00135944
v -0.06107751 0.01145262 0.00118212
v -0.06123613 0.01145262 0.00097207
v -0.06135345 0.01145262 0.00073646
v -0.06142548 0.01145262 0.00048330
v -0.06144977 0.01145262 0.00022121
v -0.06142548 0.01145262 -0.00004087
v -0.06135345 0.01145262 -0.00029403
v -0.06123613 0.01145262 -0.00052965
v -0.06107751 0.01145262 -0.00073969
v -0.06088300 0.01145262 -0.00091701
v -0.06065922 0.01145262 -0.00105557
v -0.06041378 0.01145262 -0.00115065
v -0.06015506 0.01145262 -0.00119902
v -0.05989185 0.01145262 -0.00119902
v -0.05963312 0.01145262 -0.00115065
v -0.05938769 0.01145262 -0.00105557
v -0.05916391 0.01145262 -0.00091701
v -0.05896939 0.01145262 -0.00073969
v -0.05881077 0.01145262 -0.00052965
v -0.05869345 0.01145262 -0.00029403
v -0.05862142 0.01145262 -0.00004087
v -0.06101786 0.00701512 -0.00004524
v -0.06098397 0.00728157 -0.00003616
v -0.06105293 0.00701512 0.00022121
v -0.06101786 0.00728157 0.00022121
v -0.06101786 0.00701512 0.00048766
v -0.06098397 0.00728157 0.00047858
v -0.06091501 0.00701512 0.00073595
v -0.06088464 0.00728157 0.00071841
v -0.06075140 0.00701512 0.00094917
v -0.06072660 0.00728157 0.00092436
v -0.06053819 0.00701512 0.00111277
v -0.06052065 0.00728157 0.00108239
v -0.06028990 0.00701512 0.00121562
v -0.06028082 0.00728157 0.00118173
v -0.06002345 0.00701512 0.00125069
v -0.06002345 0.00728157 0.00121562
v -0.05975700 0.00701512 0.00121562
v -0.05976608 0.00728157 0.00118173
v -0.05950871 0.00701512 0.00111277
v -0.05952625 0.00728157 0.00108239
v -0.05929550 0.00701512 0.00094917
v -0.05932030 0.00728157 0.00092436
v -0.05913189 0.00701512 0.00073595
v -0.05916227 0.00728157 0.00071841
v -0.05902905 0.00701512 0.00048766
v -0.05906293 0.00728157 0.00047858
v -0.05899397 0.00701512 0.00022121
v -0.05902905 0.00728157 0.00022121
v -0.05902905 0.00701512 -0.00004524
v -0.05906293 0.00728157 -0.00003616
v -0.05913189 0.00701512 -0.00029353
v -0.05916227 0.00728157 -0.00027599
v -0.05929550 0.00701512 -0.00050674
v -0.05932030 0.00728157 -0.00048194
v -0.05950871 0.00701512 -0.00067034
v -0.05952625 0.00728157 -0.00063997
v -0.05975700 0.00701512 -0.00077319
v -0.05976608 0.00728157 -0.00073931
v -0.06002345 0.00701512 -0.00080827
v -0.06002345 0.00728157 -0.00077319
v -0.06028990 0.00701512 -0.00077319
v -0.06028082 0.00728157 -0.00073931
v -0.06053819 0.00701512 -0.00067034
v -0.06052065 0.00728157 -0.00063997
v -0.06075140 0.00701512 -0.00050674
v -0.06072660 0.00728157 -0.00048194
v -0.06091501 0.00701512 -0.00029353
v -0.06088464 0.00728157 -0.00027599
v -0.05975700 0.00800952 0.00022121
v -0.06002345 0.00804460 0.00022121
v -0.05976608 0.00800952 0.00015225
v -0.05979270 0.00800952 0.00008799
v -0.05983504 0.00800952 0.00003280
v -0.05989023 0.00800952 -0.00000954
v -0.05995449 0.00800952 -0.00003616
v -0.06002345 0.00800952 -0.00004524
v -0.06009242 0.00800952 -0.00003616
v -0.06015668 0.00800952 -0.00000954
v -0.06021186 0.00800952 0.00003280
v -0.06025420 0.00800952 0.00008799
v -0.06028082 0.00800952 0.00015225
v -0.06028990 0.00800952 0.00022121
v -0.06028082 0.00800952 0.00029017
v -0.06025420 0.00800952 0.00035444
v -0.06021186 0.00800952 0.00040962
v -0.06015668 0.00800952 0.00045196
v -0.06009242 0.00800952 0.00047858
v -0.06002345 0.00800952 0.00048766
v -0.05995449 0.00800952 0.00047858
v -0.05989023 0.00800952 0.00045196
v -0.05983504 0.00800952 0.00040962
v -0.05979270 0.00800952 0.00035444
v -0.05976608 0.00800952 0.00029017
v -0.05913189 0.00752986 0.00022121
v -0.05916227 0.00752986 -0.00000954
v -0.05925134 0.00752986 -0.00022457
v -0.05939303 0.00752986 -0.00040921
v -0.05957767 0.00752986 -0.00055090
v -0.05979270 0.00752986 -0.00063997
v -0.06002345 0.00752986 -0.00067034
v -0.06025420 0.00752986 -0.00063997
v -0.06046923 0.00752986 -0.00055090
v -0.06065388 0.00752986 -0.00040921
v -0.06079556 0.00752986 -0.00022457
v -0.06088464 0.00752986 -0.00000954
v -0.06091501 0.00752986 0.00022121
v -0.06088464 0.00752986 0.00045196
v -0.06079556 0.00752986 0.00066699
v -0.06065388 0.00752986 0.00085164
v -0.06046923 0.00752986 0.00099332
v -0.06025420 0.00752986 0.00108239
v -0.06002345 0.00752986 0.00111277
v -0.05979270 0.00752986 0.00108239
v -0.05957767 0.00752986 0.00099332
v -0.05939303 0.00752986 0.00085164
v -0.05925134 0.00752986 0.00066699
v -0.05916227 0.00752986 0.00045196
v -0.05929550 0.00774307 0.00022121
v -0.05932030 0.00774307 0.00003280
v -0.05939303 0.00774307 -0.00014276
v -0.05950871 0.00774307 -0.00029353
v -0.05965948 0.00774307 -0.00040921
v -0.05983504 0.00774307 -0.00048194
v -0.06002345 0.00774307 -0.00050674
v -0.06021186 0.00774307 -0.00048194
v -0.06038743 0.00774307 -0.00040921
v -0.06053819 0.00774307 -0.00029353
v -0.06065388 0.00774307 -0.00014276
v -0.06072660 0.00774307 0.00003280
v -0.06075140 0.00774307 0.00022121
v -0.06072660 0.00774307 0.00040962
v -0.06065388 0.00774307 0.00058519
v -0.06053819 0.00774307 0.00073595
v -0.06038743 0.00774307 0.00085164
v -0.06021186 0.00774307 0.00092436
v -0.06002345 0.00774307 0.00094917
v -0.05983504 0.00774307 0.00092436
v -0.05965948 0.00774307 0.00085164
v -0.05950871 0.00774307 0.00073595
v -0.05939303 0.00774307 0.00058519
v -0.05932030 0.00774307 0.00040962
v -0.05950871 0.00790667 0.00022121
v -0.05952625 0.00790667 0.00008799
v -0.05957767 0.00790667 -0.00003616
v -0.05965948 0.00790667 -0.00014276
v -0.05976608 0.00790667 -0.00022457
v -0.05989023 0.00790667 -0.00027599
v -0.06002345 0.00790667 -0.00029353
v -0.06015668 0.00790667 -0.00027599
v -0.06028082 0.00790667 -0.00022457
v -0.06038743 0.00790667 -0.00014276
v -0.06046923 0.00790667 -0.00003616
v -0.06052065 0.00790667 0.00008799
v -0.06053819 0.00790667 0.00022121
v -0.06052065 0.00790667 0.00035444
v -0.06046923 0.00790667 0.00047858
v -0.06038743 0.00790667 0.00058519
v -0.06028082 0.00790667 0.00066699
v -0.06015668 0.00790667 0.00071841
v -0.06002345 0.00790667 0.00073595
v -0.05989023 0.00790667 0.00071841
v -0.05976608 0.00790667 0.00066699
v -0.05965948 0.00790667 0.00058519
v -0.05957767 0.00790667 0.00047858
v -0.05952625 0.00790667 0.00035444
v -0.06595314 0.00701512 0.00113711
v -0.06602345 0.00701512 0.00022121
v -0.06595314 0.00701512 -0.00069468
v -0.06540044 0.00701512 0.00288353
v -0.06574384 0.00701512 0.00203154
v -0.06493104 0.00701512 0.00367312
v -0.06434658 0.00701512 0.00438181
v -0.06366080 0.00701512 0.00499297
v -0.06288977 0.00701512 0.00549229
v -0.06205155 0.00701512 0.00586805
v -0.06116580 0.00701512 0.00611146
v -0.06025327 0.00701512 0.00621681
v -0.05933535 0.00701512 0.00618163
v -0.05843356 0.00701512 0.00600673
v -0.05756903 0.00701512 0.00569623
v -0.05676204 0.00701512 0.00525740
v -0.05603150 0.00701512 0.00470053
v -0.05539451 0.00701512 0.00403867
v -0.05486603 0.00701512 0.00328732
v -0.05445844 0.00701512 0.00246411
v -0.05418128 0.00701512 0.00158833
v -0.05404106 0.00701512 0.00068051
v -0.05404106 0.00701512 -0.00023808
v -0.05418128 0.00701512 -0.00114591
v -0.05445844 0.00701512 -0.00202169
v -0.05486603 0.00701512 -0.00284490
v -0.05539451 0.00701512 -0.00359624
v -0.05603150 0.00701512 -0.00425811
v -0.05676204 0.00701512 -0.00481498
v -0.05756903 0.00701512 -0.00525381
v -0.05843356 0.00701512 -0.00556431
v -0.05933535 0.00701512 -0.00573920
v -0.06025327 0.00701512 -0.00577439
v -0.06116580 0.00701512 -0.00566904
v -0.06205155 0.00701512 -0.00542563
v -0.06288977 0.00701512 -0.00504986
v -0.06366080 0.00701512 -0.00455054
v -0.06434658 0.00701512 -0.00393938
v -0.06493104 0.00701512 -0.00323070
v -0.06540044 0.00701512 -0.00244111
v -0.06574384 0.00701512 -0.00158911
v -0.06595314 0.00721511 0.00113711
v -0.06602345 0.00721511 0.00022121
v -0.06595314 0.00721511 -0.00069468
v -0.06574384 0.00721511 -0.00158911
v -0.06574384 0.00721511 0.00203154
v -0.06540044 0.00721511 0.00288353
v -0.06493104 0.00721511 0.00367312
v -0.06434658 0.00721511 0.00438181
v -0.06366080 0.00721511 0.00499297
v -0.06288977 0.00721511 0.00549229
v -0.06205155 0.00721511 0.00586805
v -0.06116580 0.00721511 0.00611146
v -0.06025327 0.00721511 0.00621681
v -0.05933535 0.00721511 0.00618163
v -0.05843356 0.00721511 0.00600673
v -0.05756903 0.00721511 0.00569623
v -0.05676204 0.00721511 0.00525740
v -0.05603150 0.00721511 0.00470053
v -0.05539451 0.00721512 0.00403867
v -0.05486603 0.00721512 0.00328732
v -0.05445844 0.00721512 0.00246411
v -0.05418128 0.00721512 0.00158833
v -0.05404106 0.00721512 0.00068051
v -0.05404106 0.00721512 -0.00023808
v -0.05418128 0.00721512 -0.00114591
v -0.05445844 0.00721512 -0.00202169
v -0.05486603 0.00721512 -0.00284490
v -0.05539451 0.00721512 -0.00359624
v -0.05603150 0.00721511 -0.00425811
v -0.05676204 0.00721511 -0.00481498
v -0.05756903 0.00721511 -0.00525381
v -0.05843356 0.00721511 -0.00556431
v -0.05933535 0.00721511 -0.00573920
v -0.06025327 0.00721511 -0.00577439
v -0.06116580 0.00721511 -0.00566904
v -0.06205155 0.00721511 -0.00542563
v -0.06288977 0.00721511 -0.00504986
v -0.06366080 0.00721511 -0.00455054
v -0.06434658 0.00721511 -0.00393938
v -0.06493104 0.00721511 -0.00323070
v -0.06540044 0.00721511 -0.00244111
v -0.06123656 0.00721511 0.00022121
v -0.06119522 0.00721511 0.00053519
v -0.06107403 0.00721511 0.00082777
v -0.06088125 0.00721511 0.00107901
v -0.06063000 0.00721511 0.00127179
v -0.06033742 0.00721511 0.00139298
v -0.06002345 0.00721511 0.00143432
v -0.05970948 0.00721511 0.00139298
v -0.05941690 0.00721511 0.00127179
v -0.05916565 0.00721511 0.00107901
v -0.05897287 0.00721511 0.00082777
v -0.05885168 0.00721511 0.00053519
v -0.05881034 0.00721511 0.00022121
v -0.05885168 0.00721511 -0.00009276
v -0.05897287 0.00721511 -0.00038534
v -0.05916565 0.00721511 -0.00063658
v -0.05941690 0.00721511 -0.00082937
v -0.05970948 0.00721511 -0.00095056
v -0.06002345 0.00721511 -0.00099189
v -0.06033742 0.00721511 -0.00095056
v -0.06063000 0.00721511 -0.00082937
v -0.06088125 0.00721511 -0.00063658
v -0.06107403 0.00721511 -0.00038534
v -0.06119522 0.00721511 -0.00009276
v -0.06111823 0.00749159 0.00051456
v -0.06115685 0.00749159 0.00022121
v -0.06111823 0.00749159 -0.00007213
v -0.06100500 0.00749159 -0.00034549
v -0.06082489 0.00749159 -0.00058022
v -0.06059016 0.00749159 -0.00076034
v -0.06031680 0.00749159 -0.00087357
v -0.06002345 0.00749159 -0.00091219
v -0.05973011 0.00749159 -0.00087357
v -0.05945675 0.00749159 -0.00076034
v -0.05922201 0.00749159 -0.00058022
v -0.05904189 0.00749159 -0.00034549
v -0.05892867 0.00749159 -0.00007213
v -0.05889005 0.00749159 0.00022121
v -0.05892867 0.00749159 0.00051456
v -0.05904189 0.00749159 0.00078791
v -0.05922201 0.00749159 0.00102265
v -0.05945675 0.00749159 0.00120277
v -0.05973011 0.00749159 0.00131599
v -0.06002345 0.00749159 0.00135461
v -0.06031680 0.00749159 0.00131599
v -0.06059016 0.00749159 0.00120277
v -0.06082489 0.00749159 0.00102265
v -0.06100500 0.00749159 0.00078791
v -0.05973769 0.00821093 0.00022121
v -0.06002345 0.00824460 0.00022121
v -0.05974744 0.00821093 0.00029517
v -0.05977598 0.00821093 0.00036409
v -0.05982139 0.00821093 0.00042327
v -0.05988058 0.00821093 0.00046869
v -0.05994949 0.00821093 0.00049723
v -0.06002345 0.00821093 0.00050697
v -0.06009741 0.00821093 0.00049723
v -0.06016634 0.00821093 0.00046869
v -0.06022552 0.00821093 0.00042327
v -0.06027093 0.00821093 0.00036409
v -0.06029947 0.00821093 0.00029517
v -0.06030921 0.00821093 0.00022121
v -0.06029947 0.00821093 0.00014725
v -0.06027093 0.00821093 0.00007833
v -0.06022552 0.00821093 0.00001915
v -0.06016634 0.00821093 -0.00002626
v -0.06009741 0.00821093 -0.00005481
v -0.06002345 0.00821093 -0.00006455
v -0.05994949 0.00821093 -0.00005481
v -0.05988058 0.00821093 -0.00002626
v -0.05982139 0.00821093 0.00001915
v -0.05977598 0.00821093 0.00007833
v -0.05974744 0.00821093 0.00014725
v -0.05903183 0.00774197 0.00022121
v -0.05906561 0.00774197 0.00047786
v -0.05916468 0.00774197 0.00071702
v -0.05932227 0.00774197 0.00092239
v -0.05952764 0.00774197 0.00107998
v -0.05976681 0.00774197 0.00117904
v -0.06002345 0.00774197 0.00121283
v -0.06028010 0.00774197 0.00117904
v -0.06051926 0.00774197 0.00107998
v -0.06072463 0.00774197 0.00092239
v -0.06088223 0.00774197 0.00071702
v -0.06098128 0.00774197 0.00047786
v -0.06101507 0.00774197 0.00022121
v -0.06098128 0.00774197 -0.00003544
v -0.06088223 0.00774197 -0.00027460
v -0.06072463 0.00774197 -0.00047997
v -0.06051926 0.00774197 -0.00063756
v -0.06028010 0.00774197 -0.00073662
v -0.06002345 0.00774197 -0.00077041
v -0.05976681 0.00774197 -0.00073662
v -0.05952764 0.00774197 -0.00063756
v -0.05932227 0.00774197 -0.00047997
v -0.05916468 0.00774197 -0.00027460
v -0.05906561 0.00774197 -0.00003544
v -0.05922792 0.00795254 0.00022121
v -0.05925503 0.00795254 0.00042711
v -0.05933450 0.00795254 0.00061898
v -0.05946093 0.00795254 0.00078374
v -0.05962569 0.00795254 0.00091016
v -0.05981756 0.00795254 0.00098963
v -0.06002345 0.00795254 0.00101674
v -0.06022935 0.00795254 0.00098963
v -0.06042122 0.00795254 0.00091016
v -0.06058598 0.00795254 0.00078374
v -0.06071240 0.00795254 0.00061898
v -0.06079188 0.00795254 0.00042711
v -0.06081899 0.00795254 0.00022121
v -0.06079188 0.00795254 0.00001531
v -0.06071240 0.00795254 -0.00017655
v -0.06058598 0.00795254 -0.00034131
v -0.06042122 0.00795254 -0.00046773
v -0.06022935 0.00795254 -0.00054721
v -0.06002345 0.00795254 -0.00057432
v -0.05981756 0.00795254 -0.00054721
v -0.05962569 0.00795254 -0.00046773
v -0.05946093 0.00795254 -0.00034131
v -0.05933450 0.00795254 -0.00017655
v -0.05925503 0.00795254 0.00001531
v -0.05946759 0.00811177 0.00022121
v -0.05948653 0.00811177 0.00036508
v -0.05954206 0.00811177 0.00049915
v -0.05963040 0.00811177 0.00061427
v -0.05974552 0.00811177 0.00070261
v -0.05987959 0.00811177 0.00075814
v -0.06002345 0.00811177 0.00077708
v -0.06016732 0.00811177 0.00075814
v -0.06030138 0.00811177 0.00070261
v -0.06041651 0.00811177 0.00061427
v -0.06050484 0.00811177 0.00049915
v -0.06056038 0.00811177 0.00036508
v -0.06057932 0.00811177 0.00022121
v -0.06056038 0.00811177 0.00007734
v -0.06050484 0.00811177 -0.00005672
v -0.06041651 0.00811177 -0.00017184
v -0.06030138 0.00811177 -0.00026018
v -0.06016732 0.00811177 -0.00031571
v -0.06002345 0.00811177 -0.00033465
v -0.05987959 0.00811177 -0.00031571
v -0.05974552 0.00811177 -0.00026018
v -0.05963040 0.00811177 -0.00017184
v -0.05954206 0.00811177 -0.00005672
v -0.05948653 0.00811177 0.00007734
v -0.06875121 0.01591511 -0.00090411
v -0.06882346 0.01591511 0.00022121
v -0.06802346 0.01541512 0.00022121
v -0.06875121 0.01591511 0.00134653
v -0.06795207 0.01541512 0.00128751
v -0.06853566 0.01591511 0.00245337
v -0.06773921 0.01541512 0.00233478
v -0.06818032 0.01591511 0.00352356
v -0.06738866 0.01541512 0.00334433
v -0.06769106 0.01591511 0.00453953
v -0.06690668 0.01541512 0.00429815
v -0.06707590 0.01591511 0.00548459
v -0.06630185 0.01541512 0.00517921
v -0.06634493 0.01591511 0.00634322
v -0.06558499 0.01541512 0.00597180
v -0.06551017 0.01591511 0.00710133
v -0.06476890 0.01541512 0.00666177
v -0.06458531 0.01591511 0.00774647
v -0.06386811 0.01541512 0.00723681
v -0.06358555 0.01591511 0.00826804
v -0.06289872 0.01541512 0.00768666
v -0.06252730 0.01591511 0.00865749
v -0.06187801 0.01541512 0.00800328
v -0.06142793 0.01591511 0.00890841
v -0.06082422 0.01541512 0.00818104
v -0.06030551 0.01591511 0.00901669
v -0.05975613 0.01541512 0.00821675
v -0.05917845 0.01591511 0.00898055
v -0.05869281 0.01541512 0.00810978
v -0.05806527 0.01591511 0.00880058
v -0.05765325 0.01541512 0.00786203
v -0.05698424 0.01591511 0.00847973
v -0.05665597 0.01541512 0.00747794
v -0.05595311 0.01591511 0.00802329
v -0.05571879 0.01541512 0.00696435
v -0.05498882 0.01591511 0.00743873
v -0.05485842 0.01541512 0.00633043
v -0.05410720 0.01591511 0.00673566
v -0.05409024 0.01541512 0.00558749
v -0.05332272 0.01591511 0.00592562
v -0.05342792 0.01541512 0.00474879
v -0.05264827 0.01591512 0.00502192
v -0.05288330 0.01541512 0.00382929
v -0.05209492 0.01591512 0.00403939
v -0.05246610 0.01541512 0.00284541
v -0.05167175 0.01591512 0.00299416
v -0.05218375 0.01541512 0.00181470
v -0.05138573 0.01591512 0.00190341
v -0.05204131 0.01541512 0.00075555
v -0.05124152 0.01591512 0.00078503
v -0.05124152 0.01591512 -0.00034261
v -0.05204131 0.01541512 -0.00031313
v -0.05138573 0.01591512 -0.00146098
v -0.05218375 0.01541512 -0.00137228
v -0.05167175 0.01591512 -0.00255174
v -0.05246610 0.01541512 -0.00240299
v -0.05209492 0.01591512 -0.00359696
v -0.05288330 0.01541512 -0.00338687
v -0.05264827 0.01591512 -0.00457950
v -0.05342792 0.01541512 -0.00430636
v -0.05332272 0.01591511 -0.00548320
v -0.05409024 0.01541512 -0.00514507
v -0.05410720 0.01591511 -0.00629324
v -0.05485842 0.01541512 -0.00588801
v -0.05498882 0.01591511 -0.00699630
v -0.05571879 0.01541512 -0.00652193
v -0.05595311 0.01591511 -0.00758086
v -0.05665597 0.01541512 -0.00703552
v -0.05698424 0.01591511 -0.00803731
v -0.05765325 0.01541512 -0.00741961
v -0.05806527 0.01591511 -0.00835815
v -0.05869281 0.01541512 -0.00766735
v -0.05917845 0.01591511 -0.00853812
v -0.05975613 0.01541512 -0.00777432
v -0.06030551 0.01591511 -0.00857427
v -0.06082422 0.01541512 -0.00773861
v -0.06142793 0.01591511 -0.00846599
v -0.06187801 0.01541512 -0.00756086
v -0.06252730 0.01591511 -0.00821507
v -0.06289872 0.01541512 -0.00724423
v -0.06358555 0.01591511 -0.00782562
v -0.06386811 0.01541512 -0.00679439
v -0.06458531 0.01591511 -0.00730404
v -0.06476890 0.01541512 -0.00621935
v -0.06551017 0.01591511 -0.00665891
v -0.06558499 0.01541512 -0.00552938
v -0.06634493 0.01591511 -0.00590079
v -0.06630185 0.01541512 -0.00473679
v -0.06707590 0.01591511 -0.00504216
v -0.06690668 0.01541512 -0.00385572
v -0.06769106 0.01591511 -0.00409710
v -0.06738866 0.01541512 -0.00290190
v -0.06818032 0.01591511 -0.00308114
v -0.06773921 0.01541512 -0.00189235
v -0.06853566 0.01591511 -0.00201095
v -0.06795207 0.01541512 -0.00084508
v -0.06895249 0.01591511 -0.00090679
v -0.06902345 0.01591511 0.00022121
v -0.06895249 0.01591511 0.00134921
v -0.06874070 0.01591511 0.00245942
v -0.06839144 0.01591511 0.00353433
v -0.06791022 0.01591511 0.00455700
v -0.06730460 0.01591511 0.00551128
v -0.06658418 0.01591511 0.00638214
v -0.06576027 0.01591511 0.00715583
v -0.06484590 0.01591511 0.00782016
v -0.06385547 0.01591511 0.00836466
v -0.06280460 0.01591511 0.00878072
v -0.06170988 0.01591511 0.00906180
v -0.06058857 0.01591511 0.00920345
v -0.05945833 0.01591511 0.00920345
v -0.05833701 0.01591511 0.00906180
v -0.05724230 0.01591511 0.00878072
v -0.05619143 0.01591511 0.00836466
v -0.05520101 0.01591511 0.00782016
v -0.05428663 0.01591511 0.00715583
v -0.05346273 0.01591511 0.00638214
v -0.05274229 0.01591512 0.00551128
v -0.05213669 0.01591512 0.00455700
v -0.05165546 0.01591512 0.00353433
v -0.05130620 0.01591512 0.00245942
v -0.05109442 0.01591512 0.00134921
v -0.05102345 0.01591512 0.00022121
v -0.05109442 0.01591512 -0.00090679
v -0.05130620 0.01591512 -0.00201700
v -0.05165546 0.01591512 -0.00309191
v -0.05213669 0.01591512 -0.00411457
v -0.05274229 0.01591512 -0.00506885
v -0.05346273 0.01591511 -0.00593971
v -0.05428663 0.01591511 -0.00671341
v -0.05520101 0.01591511 -0.00737774
v -0.05619143 0.01591511 -0.00792223
v -0.05724230 0.01591511 -0.00833830
v -0.05833701 0.01591511 -0.00861937
v -0.05945833 0.01591511 -0.00876103
v -0.06058857 0.01591511 -0.00876103
v -0.06170988 0.01591511 -0.00861937
v -0.06280460 0.01591511 -0.00833830
v -0.06385547 0.01591511 -0.00792223
v -0.06484590 0.01591511 -0.00737774
v -0.06576027 0.01591511 -0.00671341
v -0.06658418 0.01591511 -0.00593971
v -0.06730460 0.01591511 -0.00506885
v -0.06791022 0.01591511 -0.00411457
v -0.06839144 0.01591511 -0.00309191
v -0.06874070 0.01591511 -0.00201700
v -0.06795207 0.01091512 -0.00084508
v -0.06802346 0.01091512 0.00022121
v -0.06795207 0.01091512 0.00128751
v -0.06773921 0.01091512 0.00233478
v -0.06738866 0.01091512 0.00334433
v -0.06690668 0.01091512 0.00429815
v -0.06630185 0.01091512 0.00517921
v -0.06558499 0.01091512 0.00597180
v -0.06476890 0.01091512 0.00666177
v -0.06386811 0.01091512 0.00723681
v -0.06289872 0.01091512 0.00768666
v -0.06187801 0.01091512 0.00800328
v -0.06082422 0.01091512 0.00818104
v -0.05975613 0.01091512 0.00821675
v -0.05869281 0.01091512 0.00810978
v -0.05765325 0.01091512 0.00786203
v -0.05665597 0.01091512 0.00747794
v -0.05571879 0.01091512 0.00696435
v -0.05485842 0.01091512 0.00633043
v -0.05409024 0.01091512 0.00558749
v -0.05342792 0.01091512 0.00474879
v -0.05288330 0.01091512 0.00382929
v -0.05246610 0.01091512 0.00284541
v -0.05218375 0.01091512 0.00181470
v -0.05204131 0.01091512 0.00075555
v -0.05204131 0.01091512 -0.00031313
v -0.05218375 0.01091512 -0.00137228
v -0.05246610 0.01091512 -0.00240299
v -0.05288330 0.01091512 -0.00338687
v -0.05342792 0.01091512 -0.00430636
v -0.05409024 0.01091512 -0.00514507
v -0.05485842 0.01091512 -0.00588801
v -0.05571879 0.01091512 -0.00652193
v -0.05665597 0.01091512 -0.00703552
v -0.05765325 0.01091512 -0.00741961
v -0.05869281 0.01091512 -0.00766735
v -0.05975613 0.01091512 -0.00777432
v -0.06082422 0.01091512 -0.00773861
v -0.06187801 0.01091512 -0.00756086
v -0.06289872 0.01091512 -0.00724423
v -0.06386811 0.01091512 -0.00679439
v -0.06476890 0.01091512 -0.00621935
v -0.06558499 0.01091512 -0.00552938
v -0.06630185 0.01091512 -0.00473679
v -0.06690668 0.01091512 -0.00385572
v -0.06738866 0.01091512 -0.00290190
v -0.06773921 0.01091512 -0.00189235
v -0.06602345 0.01091512 0.00022121
v -0.06595314 0.01091512 0.00113711
v -0.06574384 0.01091512 0.00203154
v -0.06540044 0.01091512 0.00288353
v -0.06493104 0.01091512 0.00367312
v -0.06434658 0.01091512 0.00438181
v -0.06366080 0.01091512 0.00499297
v -0.06288977 0.01091512 0.00549229
v -0.06205155 0.01091512 0.00586805
v -0.06116580 0.01091512 0.00611146
v -0.06025327 0.01091512 0.00621681
v -0.05933535 0.01091512 0.00618163
v -0.05843356 0.01091512 0.00600673
v -0.05756903 0.01091512 0.00569623
v -0.05676204 0.01091512 0.00525740
v -0.05603150 0.01091512 0.00470053
v -0.05539451 0.01091512 0.00403867
v -0.05486603 0.01091512 0.00328732
v -0.05445844 0.01091512 0.00246411
v -0.05418128 0.01091512 0.00158833
v -0.05404106 0.01091512 0.00068051
v -0.05404106 0.01091512 -0.00023808
v -0.05418128 0.01091512 -0.00114591
v -0.05445844 0.01091512 -0.00202169
v -0.05486603 0.01091512 -0.00284490
v -0.05539451 0.01091512 -0.00359624
v -0.05603150 0.01091512 -0.00425811
v -0.05676204 0.01091512 -0.00481498
v -0.05756903 0.01091512 -0.00525381
v -0.05843356 0.01091512 -0.00556431
v -0.05933535 0.01091512 -0.00573920
v -0.06025327 0.01091512 -0.00577439
v -0.06116580 0.01091512 -0.00566904
v -0.06205155 0.01091512 -0.00542563
v -0.06288977 0.01091512 -0.00504986
v -0.06366080 0.01091512 -0.00455054
v -0.06434658 0.01091512 -0.00393938
v -0.06493104 0.01091512 -0.00323070
v -0.06540044 0.01091512 -0.00244111
v -0.06574384 0.01091512 -0.00158911
v -0.06595314 0.01091512 -0.00069468
v -0.06595314 0.00191511 0.00113711
v -0.06602345 0.00191511 0.00022121
v -0.06595314 0.00191511 -0.00069468
v -0.06574384 0.00191511 -0.00158911
v -0.06574384 0.00191511 0.00203154
v -0.06540044 0.00191511 0.00288353
v -0.06493104 0.00191511 0.00367312
v -0.06434658 0.00191511 0.00438181
v -0.06366080 0.00191511 0.00499297
v -0.06288977 0.00191511 0.00549229
v -0.06205155 0.00191511 0.00586805
v -0.06116580 0.00191512 0.00611146
v -0.06025327 0.00191512 0.00621681
v -0.05933535 0.00191512 0.00618163
v -0.05843356 0.00191512 0.00600673
v -0.05756903 0.00191512 0.00569623
v -0.05676204 0.00191512 0.00525740
v -0.05603150 0.00191512 0.00470053
v -0.05539451 0.00191512 0.00403867
v -0.05486603 0.00191512 0.00328732
v -0.05445844 0.00191512 0.00246411
v -0.05418128 0.00191512 0.00158833
v -0.05404106 0.00191512 0.00068051
v -0.05404106 0.00191512 -0.00023808
v -0.05418128 0.00191512 -0.00114591
v -0.05445844 0.00191512 -0.00202169
v -0.05486603 0.00191512 -0.00284490
v -0.05539451 0.00191512 -0.00359624
v -0.05603150 0.00191512 -0.00425811
v -0.05676204 0.00191512 -0.00481498
v -0.05756903 0.00191512 -0.00525381
v -0.05843356 0.00191512 -0.00556431
v -0.05933535 0.00191512 -0.00573920
v -0.06025327 0.00191512 -0.00577439
v -0.06116580 0.00191512 -0.00566904
v -0.06205155 0.00191511 -0.00542563
v -0.06288977 0.00191511 -0.00504986
v -0.06366080 0.00191511 -0.00455054
v -0.06434658 0.00191511 -0.00393938
v -0.06493104 0.00191511 -0.00323070
v -0.06540044 0.00191511 -0.00244111
v -0.06695221 0.00091511 -0.00077499
v -0.05309470 0.00091512 -0.00077499
v -0.06702346 0.00091511 0.00022121
v -0.05302345 0.00091512 0.00022121
v -0.06695221 0.00091511 0.00121742
v -0.05309470 0.00091512 0.00121742
v -0.06673991 0.00091511 0.00219334
v -0.05330700 0.00091512 0.00219334
v -0.06639088 0.00091511 0.00312912
v -0.05365602 0.00091512 0.00312912
v -0.06591223 0.00091511 0.00400570
v -0.05413468 0.00091512 0.00400570
v -0.06531370 0.00091511 0.00480524
v -0.05473320 0.00091512 0.00480524
v -0.06460749 0.00091511 0.00551146
v -0.05543942 0.00091512 0.00551146
v -0.06380793 0.00091511 0.00610999
v -0.05623896 0.00091512 0.00610999
v -0.06293136 0.00091511 0.00658864
v -0.05711554 0.00091512 0.00658864
v -0.06199558 0.00091512 0.00693766
v -0.05805132 0.00091512 0.00693766
v -0.06101966 0.00091512 0.00714996
v -0.05902725 0.00091512 0.00714996
v -0.06002345 0.00091512 0.00722121
v -0.05330700 0.00091512 -0.00175092
v -0.06673991 0.00091511 -0.00175092
v -0.05365602 0.00091512 -0.00268669
v -0.06639088 0.00091511 -0.00268669
v -0.05413468 0.00091512 -0.00356327
v -0.06591223 0.00091511 -0.00356327
v -0.05473320 0.00091512 -0.00436281
v -0.06531370 0.00091511 -0.00436281
v -0.05543942 0.00091512 -0.00506903
v -0.06460749 0.00091511 -0.00506903
v -0.05623896 0.00091512 -0.00566756
v -0.06380793 0.00091511 -0.00566756
v -0.05711554 0.00091512 -0.00614621
v -0.06293136 0.00091511 -0.00614621
v -0.05805132 0.00091512 -0.00649524
v -0.06199558 0.00091512 -0.00649524
v -0.05902725 0.00091512 -0.00670754
v -0.06101966 0.00091512 -0.00670754
v -0.06002345 0.00091512 -0.00677879
v -0.06695221 0.00991512 0.00121742
v -0.06702346 0.00991512 0.00022121
v -0.06695221 0.00991512 -0.00077499
v -0.06673991 0.00991512 -0.00175092
v -0.06639088 0.00991512 -0.00268669
v -0.06591223 0.00991512 -0.00356327
v -0.06531370 0.00991512 -0.00436281
v -0.06460749 0.00991512 -0.00506903
v -0.06380793 0.00991512 -0.00566756
v -0.06293136 0.00991512 -0.00614621
v -0.06199558 0.00991512 -0.00649524
v -0.06101966 0.00991512 -0.00670754
v -0.06002345 0.00991512 -0.00677879
v -0.05902725 0.00991512 -0.00670754
v -0.05805132 0.00991512 -0.00649524
v -0.05711554 0.00991512 -0.00614621
v -0.05623896 0.00991512 -0.00566756
v -0.05543942 0.00991512 -0.00506903
v -0.05473320 0.00991512 -0.00436281
v -0.05413468 0.00991512 -0.00356327
v -0.05365602 0.00991512 -0.00268669
v -0.05330700 0.00991512 -0.00175092
v -0.05309470 0.00991512 -0.00077499
v -0.05302345 0.00991512 0.00022121
v -0.05309470 0.00991512 0.00121742
v -0.05330700 0.00991512 0.00219334
v -0.05365602 0.00991512 0.00312912
v -0.05413468 0.00991512 0.00400570
v -0.05473320 0.00991512 0.00480524
v -0.05543942 0.00991512 0.00551146
v -0.05623896 0.00991512 0.00610999
v -0.05711554 0.00991512 0.00658864
v -0.05805132 0.00991512 0.00693766
v -0.05902725 0.00991512 0.00714996
v -0.06002345 0.00991512 0.00722121
v -0.06101966 0.00991512 0.00714996
v -0.06199558 0.00991512 0.00693766
v -0.06293136 0.00991512 0.00658864
v -0.06380793 0.00991512 0.00610999
v -0.06460749 0.00991512 0.00551146
v -0.06531370 0.00991512 0.00480524
v -0.06591223 0.00991512 0.00400570
v -0.06639088 0.00991512 0.00312912
v -0.06673991 0.00991512 0.00219334
v -0.06895249 0.00991512 0.00134921
v -0.06902345 0.00991512 0.00022121
v -0.06895249 0.00991512 -0.00090679
v -0.06874070 0.00991512 0.00245942
v -0.06839144 0.00991512 0.00353433
v -0.06791022 0.00991512 0.00455700
v -0.06730460 0.00991512 0.00551128
v -0.06658418 0.00991512 0.00638214
v -0.06576027 0.00991512 0.00715583
v -0.06484590 0.00991512 0.00782016
v -0.06385547 0.00991512 0.00836466
v -0.06280460 0.00991512 0.00878072
v -0.06170988 0.00991512 0.00906180
v -0.06058857 0.00991512 0.00920345
v -0.05945833 0.00991512 0.00920345
v -0.05833701 0.00991512 0.00906180
v -0.05724230 0.00991512 0.00878072
v -0.05619143 0.00991512 0.00836466
v -0.05520101 0.00991512 0.00782016
v -0.05428663 0.00991512 0.00715583
v -0.05346273 0.00991512 0.00638214
v -0.05274229 0.00991512 0.00551128
v -0.05213669 0.00991512 0.00455700
v -0.05165546 0.00991512 0.00353433
v -0.05130620 0.00991512 0.00245942
v -0.05109442 0.00991512 0.00134921
v -0.05102345 0.00991512 0.00022121
v -0.05109442 0.00991512 -0.00090679
v -0.05130620 0.00991512 -0.00201700
v -0.05165546 0.00991512 -0.00309191
v -0.05213669 0.00991512 -0.00411457
v -0.05274229 0.00991512 -0.00506885
v -0.05346273 0.00991512 -0.00593971
v -0.05428663 0.00991512 -0.00671341
v -0.05520101 0.00991512 -0.00737774
v -0.05619143 0.00991512 -0.00792223
v -0.05724230 0.00991512 -0.00833830
v -0.05833701 0.00991512 -0.00861937
v -0.05945833 0.00991512 -0.00876103
v -0.06058857 0.00991512 -0.00876103
v -0.06170988 0.00991512 -0.00861937
v -0.06280460 0.00991512 -0.00833830
v -0.06385547 0.00991512 -0.00792223
v -0.06484590 0.00991512 -0.00737774
v -0.06576027 0.00991512 -0.00671341
v -0.06658418 0.00991512 -0.00593971
v -0.06730460 0.00991512 -0.00506885
v -0.06791022 0.00991512 -0.00411457
v -0.06839144 0.00991512 -0.00309191
v -0.06874070 0.00991512 -0.00201700
v 0.06960155 -0.01358487 0.00022121
v 0.06952859 -0.01358487 -0.00096159
v 0.06952859 -0.01358487 0.00140401
v 0.06931085 -0.01358487 0.00256888
v 0.06931085 -0.01358487 -0.00212646
v 0.06895159 -0.01358487 0.00369816
v 0.06845630 -0.01358487 0.00477474
v 0.06783246 -0.01358487 0.00578229
v 0.06708952 -0.01358487 0.00670553
v 0.06623876 -0.01358487 0.00753048
v 0.06529307 -0.01358487 0.00824464
v 0.06426679 -0.01358487 0.00883716
v 0.06317547 -0.01358487 0.00929907
v 0.06203566 -0.01358487 0.00962338
v 0.06086464 -0.01358487 0.00980515
v 0.05968016 -0.01358487 0.00984165
v 0.05850016 -0.01358487 0.00973231
v 0.05734256 -0.01358487 0.00947879
v 0.05622487 -0.01358487 0.00908493
v 0.05516406 -0.01358487 0.00855671
v 0.05417620 -0.01358487 0.00790213
v 0.05327627 -0.01358487 0.00713111
v 0.05247791 -0.01358487 0.00625535
v 0.05179321 -0.01358487 0.00528812
v 0.05123258 -0.01358487 0.00424408
v 0.05080449 -0.01358487 0.00313906
v 0.05051544 -0.01358487 0.00198980
v 0.05036981 -0.01358487 0.00081374
v 0.05036981 -0.01358487 -0.00037131
v 0.05051544 -0.01358487 -0.00154738
v 0.05080449 -0.01358487 -0.00269663
v 0.06895159 -0.01358487 -0.00325574
v 0.05123258 -0.01358487 -0.00380166
v 0.06845630 -0.01358487 -0.00433231
v 0.05179321 -0.01358487 -0.00484570
v 0.06783246 -0.01358487 -0.00533986
v 0.05247791 -0.01358487 -0.00581293
v 0.06708952 -0.01358487 -0.00626311
v 0.05327627 -0.01358487 -0.00668869
v 0.06623876 -0.01358487 -0.00708806
v 0.05417620 -0.01358487 -0.00745970
v 0.06529307 -0.01358487 -0.00780221
v 0.05516406 -0.01358487 -0.00811428
v 0.06426679 -0.01358487 -0.00839473
v 0.05622487 -0.01358487 -0.00864250
v 0.06317547 -0.01358487 -0.00885665
v 0.05734256 -0.01358487 -0.00903636
v 0.06203566 -0.01358487 -0.00918095
v 0.05850016 -0.01358487 -0.00928988
v 0.06086464 -0.01358487 -0.00936273
v 0.05968016 -0.01358487 -0.00939922
v -0.05039845 -0.01358488 0.00022121
v -0.05047140 -0.01358488 -0.00096159
v -0.05047140 -0.01358488 0.00140401
v -0.05068915 -0.01358488 0.00256888
v -0.05068915 -0.01358488 -0.00212646
v -0.05104840 -0.01358488 0.00369816
v -0.05154371 -0.01358488 0.00477474
v -0.05216755 -0.01358488 0.00578229
v -0.05291049 -0.01358488 0.00670553
v -0.05376125 -0.01358488 0.00753048
v -0.05470693 -0.01358488 0.00824464
v -0.05573322 -0.01358488 0.00883716
v -0.05682454 -0.01358488 0.00929907
v -0.05796434 -0.01358488 0.00962338
v -0.05913536 -0.01358488 0.00980515
v -0.06031985 -0.01358488 0.00984165
v -0.06149985 -0.01358488 0.00973231
v -0.06265746 -0.01358488 0.00947879
v -0.06377514 -0.01358488 0.00908493
v -0.06483596 -0.01358488 0.00855671
v -0.06582382 -0.01358488 0.00790213
v -0.06672374 -0.01358488 0.00713111
v -0.06752211 -0.01358488 0.00625535
v -0.06820679 -0.01358488 0.00528812
v -0.06876744 -0.01358488 0.00424408
v -0.06919552 -0.01358488 0.00313906
v -0.06948458 -0.01358489 0.00198980
v -0.06963020 -0.01358489 0.00081374
v -0.06963020 -0.01358489 -0.00037131
v -0.06948458 -0.01358489 -0.00154738
v -0.06919552 -0.01358488 -0.00269663
v -0.05104840 -0.01358488 -0.00325574
v -0.06876744 -0.01358488 -0.00380166
v -0.05154371 -0.01358488 -0.00433231
v -0.06820679 -0.01358488 -0.00484570
v -0.05216755 -0.01358488 -0.00533986
v -0.06752211 -0.01358488 -0.00581293
v -0.05291049 -0.01358488 -0.00626311
v -0.06672374 -0.01358488 -0.00668869
v -0.05376125 -0.01358488 -0.00708806
v -0.06582382 -0.01358488 -0.00745970
v -0.05470693 -0.01358488 -0.00780221
v -0.06483596 -0.01358488 -0.00811428
v -0.05573322 -0.01358488 -0.00839473
v -0.06377514 -0.01358488 -0.00864250
v -0.05682454 -0.01358488 -0.00885665
v -0.06265746 -0.01358488 -0.00903636
v -0.05796434 -0.01358488 -0.00918095
v -0.06149985 -0.01358488 -0.00928988
v -0.05913536 -0.01358488 -0.00936273
v -0.06031985 -0.01358488 -0.00939922
v 0.00296284 0.00257812 -0.01490403
v 0.01627218 0.00237747 -0.01490403
v 0.00303433 0.00192079 -0.01490403
v 0.01621205 0.00192079 -0.01490403
v 0.01627218 0.00146410 -0.01490403
v 0.01644845 0.00280303 -0.01490403
v 0.00275172 0.00320471 -0.01490403
v 0.01672886 0.00316848 -0.01490403
v 0.00241083 0.00377127 -0.01490403
v 0.01709430 0.00344889 -0.01490403
v 0.00195612 0.00425131 -0.01490403
v 0.01751986 0.00362516 -0.01490403
v 0.00140884 0.00462237 -0.01490403
v 0.00079459 0.00486711 -0.01490403
v 0.00014210 0.00497408 -0.01490403
v 0.04094437 0.01176007 -0.01490403
v 0.01797655 0.00368529 -0.01490403
v -0.04099127 0.01176006 -0.01490403
v -0.00051814 0.00493828 -0.01490403
v -0.01802345 0.00368528 -0.01490403
v -0.00115525 0.00476139 -0.01490403
v -0.01756677 0.00362516 -0.01490403
v -0.00173944 0.00445168 -0.01490403
v -0.00224338 0.00402362 -0.01490403
v -0.01714120 0.00344888 -0.01490403
v -0.00264353 0.00349724 -0.01490403
v -0.01677576 0.00316847 -0.01490403
v -0.00292116 0.00289714 -0.01490403
v -0.01649535 0.00280303 -0.01490403
v -0.01631907 0.00237747 -0.01490403
v -0.00306330 0.00225139 -0.01490403
v -0.01625895 0.00192078 -0.01490403
v -0.00306330 0.00159018 -0.01490403
v -0.01631907 0.00146410 -0.01490403
v -0.00292116 0.00094443 -0.01490403
v -0.01649535 0.00103853 -0.01490403
v -0.01677576 0.00067309 -0.01490403
v -0.00264353 0.00034433 -0.01490403
v -0.01714120 0.00039268 -0.01490403
v -0.00224338 -0.00018205 -0.01490403
v -0.01756677 0.00021641 -0.01490403
v -0.00173944 -0.00061011 -0.01490403
v -0.00115525 -0.00091982 -0.01490403
v -0.01802345 0.00015628 -0.01490403
v -0.00051814 -0.00109671 -0.01490403
v -0.05529378 -0.01376523 -0.01490403
v 0.00014210 -0.00113251 -0.01490403
v -0.05574542 -0.01499292 -0.01490403
v 0.05569853 -0.01499291 -0.01490403
v -0.05616454 -0.01610840 -0.01490403
v 0.05611765 -0.01610839 -0.01490403
v -0.05654645 -0.01709878 -0.01490403
v 0.05649956 -0.01709877 -0.01490403
v 0.05634922 -0.01988287 -0.01490403
v 0.05667507 -0.01754300 -0.01490403
v 0.05683952 -0.01795112 -0.01490403
v 0.00079459 -0.00102554 -0.01490403
v 0.01797655 0.00015629 -0.01490403
v 0.05524689 -0.01376522 -0.01490403
v 0.01751986 0.00021641 -0.01490403
v 0.00140884 -0.00078080 -0.01490403
v 0.00195612 -0.00040974 -0.01490403
v 0.01709430 0.00039268 -0.01490403
v 0.00241083 0.00007030 -0.01490403
v 0.01672886 0.00067309 -0.01490403
v 0.00275172 0.00063686 -0.01490403
v 0.01644845 0.00103853 -0.01490403
v 0.00296284 0.00126345 -0.01490403
v -0.04724154 0.00814111 -0.01490403
v -0.01848014 0.00362516 -0.01490403
v -0.04764612 0.00721843 -0.01490403
v -0.01890570 0.00344888 -0.01490403
v -0.01927114 0.00316847 -0.01490403
v -0.04673329 0.00897555 -0.01490403
v -0.04612716 0.00971221 -0.01490403
v -0.04543004 0.01034272 -0.01490403
v -0.04496953 0.01066833 -0.01490403
v -0.04447708 0.01095441 -0.01490403
v -0.04395496 0.01119918 -0.01490403
v -0.04340549 0.01140089 -0.01490403
v -0.04283115 0.01155803 -0.01490403
v -0.04223517 0.01167027 -0.01490403
v -0.04162079 0.01173762 -0.01490403
v 0.04151628 0.01174161 -0.01490403
v 0.04207893 0.01168581 -0.01490403
v 0.04262953 0.01159202 -0.01490403
v 0.04316527 0.01145959 -0.01490403
v 0.04367211 0.01129234 -0.01490403
v 0.04415978 0.01108818 -0.01490403
v 0.04462610 0.01084775 -0.01490403
v 0.04506889 0.01057170 -0.01490403
v 0.04548607 0.01026086 -0.01490403
v 0.04587612 0.00991686 -0.01490403
v 0.04623768 0.00954146 -0.01490403
v 0.04656942 0.00913641 -0.01490403
v 0.01843324 0.00362516 -0.01490403
v 0.04687660 0.00869358 -0.01490403
v 0.04715081 0.00822448 -0.01490403
v 0.04739179 0.00773185 -0.01490403
v 0.04759923 0.00721843 -0.01490403
v 0.01885880 0.00344889 -0.01490403
v 0.01922424 0.00316848 -0.01490403
v 0.01950466 0.00280304 -0.01490403
v 0.01968093 0.00237747 -0.01490403
v 0.01974105 0.00192079 -0.01490403
v 0.01968093 0.00146410 -0.01490403
v 0.01950466 0.00103854 -0.01490403
v 0.01922424 0.00067309 -0.01490403
v 0.01885880 0.00039268 -0.01490403
v 0.01843324 0.00021641 -0.01490403
v 0.05708126 -0.01853260 -0.01490403
v 0.05729070 -0.01901165 -0.01490403
v 0.05746697 -0.01938687 -0.01490403
v 0.05637392 -0.01988287 -0.01490403
v 0.05760917 -0.01965687 -0.01490405
v 0.05759632 -0.01967537 -0.01490403
v 0.05757674 -0.01969576 -0.01490403
v 0.05751734 -0.01974217 -0.01490403
v 0.05750737 -0.01974893 -0.01490403
v 0.05738794 -0.01981649 -0.01490403
v 0.05712317 -0.01988287 -0.01490403
v 0.05725181 -0.01986628 -0.01490403
v -0.05639631 -0.01988289 -0.01490403
v -0.05672197 -0.01754301 -0.01490403
v -0.05688641 -0.01795113 -0.01490403
v -0.05712815 -0.01853261 -0.01490403
v -0.05733760 -0.01901166 -0.01490403
v -0.05751386 -0.01938688 -0.01490403
v -0.05642101 -0.01988289 -0.01490403
v -0.05765605 -0.01965688 -0.01490403
v -0.05764198 -0.01967693 -0.01490403
v -0.05762031 -0.01969896 -0.01490403
v -0.05755420 -0.01974898 -0.01490403
v -0.05743516 -0.01981635 -0.01490403
v -0.05717006 -0.01988289 -0.01490403
v -0.05740012 -0.01983194 -0.01490403
v -0.05728175 -0.01987015 -0.01490403
v -0.01890570 0.00039268 -0.01490403
v -0.01848014 0.00021641 -0.01490403
v -0.01955155 0.00280303 -0.01490403
v -0.01972783 0.00237747 -0.01490403
v -0.01978795 0.00192078 -0.01490403
v -0.01972783 0.00146410 -0.01490403
v -0.01955155 0.00103853 -0.01490403
v -0.01927114 0.00067309 -0.01490403
v -0.00792115 -0.01768688 -0.00401887
v -0.01062574 -0.01768688 -0.00401887
v -0.00787345 -0.01768688 -0.00438121
v -0.01067345 -0.01768688 -0.00438121
v -0.00792115 -0.01768688 -0.00474356
v -0.01062574 -0.01768688 -0.00474356
v -0.00806101 -0.01768688 -0.00508121
v -0.01048588 -0.01768688 -0.00508121
v -0.00828350 -0.01768688 -0.00537116
v -0.01026340 -0.01768688 -0.00537116
v -0.00857345 -0.01768688 -0.00559365
v -0.00997345 -0.01768688 -0.00559365
v -0.00891110 -0.01768688 -0.00573351
v -0.00963579 -0.01768688 -0.00573351
v -0.00927345 -0.01768688 -0.00578121
v -0.01048588 -0.01768688 -0.00368121
v -0.00806101 -0.01768688 -0.00368121
v -0.01026340 -0.01768688 -0.00339127
v -0.00828350 -0.01768688 -0.00339127
v -0.00997345 -0.01768688 -0.00316878
v -0.00857345 -0.01768688 -0.00316878
v -0.00963579 -0.01768688 -0.00302892
v -0.00891110 -0.01768688 -0.00302892
v -0.00927345 -0.01768688 -0.00298121
v 0.01057885 -0.01768688 -0.00401887
v 0.00787426 -0.01768688 -0.00401887
v 0.01062655 -0.01768688 -0.00438121
v 0.00782655 -0.01768688 -0.00438121
v 0.01057885 -0.01768688 -0.00474356
v 0.00787426 -0.01768688 -0.00474356
v 0.01043899 -0.01768688 -0.00508121
v 0.00801412 -0.01768688 -0.00508121
v 0.01021650 -0.01768688 -0.00537116
v 0.00823660 -0.01768688 -0.00537116
v 0.00992655 -0.01768688 -0.00559365
v 0.00852655 -0.01768688 -0.00559365
v 0.00958890 -0.01768688 -0.00573351
v 0.00886421 -0.01768688 -0.00573351
v 0.00922655 -0.01768688 -0.00578121
v 0.00801412 -0.01768688 -0.00368121
v 0.01043899 -0.01768688 -0.00368121
v 0.00823660 -0.01768688 -0.00339127
v 0.01021650 -0.01768688 -0.00339127
v 0.00852655 -0.01768688 -0.00316878
v 0.00992655 -0.01768688 -0.00316878
v 0.00886421 -0.01768688 -0.00302892
v 0.00958890 -0.01768688 -0.00302892
v 0.00922655 -0.01768688 -0.00298121
v -0.00443227 -0.02318688 -0.00176529
v -0.00467345 -0.02318688 -0.00186519
v -0.00417345 -0.02318688 -0.00173121
v -0.00488055 -0.02318688 -0.00202411
v -0.00503947 -0.02318688 -0.00223121
v -0.00513937 -0.02318688 -0.00247240
v -0.00517345 -0.02318688 -0.00273121
v 0.00512655 -0.02318688 -0.00273121
v 0.00512655 -0.02318688 -0.00603122
v -0.00517345 -0.02318688 -0.00603122
v 0.00412655 -0.02318688 -0.00703121
v -0.00417345 -0.02318688 -0.00703121
v -0.00513937 -0.02318688 -0.00629003
v -0.00503947 -0.02318688 -0.00653121
v -0.00488055 -0.02318688 -0.00673832
v -0.00467345 -0.02318688 -0.00689724
v -0.00443227 -0.02318688 -0.00699714
v 0.00438537 -0.02318688 -0.00699714
v 0.00462655 -0.02318688 -0.00689724
v 0.00483366 -0.02318688 -0.00673832
v 0.00499258 -0.02318688 -0.00653121
v 0.00509248 -0.02318688 -0.00629003
v 0.00412655 -0.02318688 -0.00173121
v 0.00509248 -0.02318688 -0.00247240
v 0.00499258 -0.02318688 -0.00223121
v 0.00483366 -0.02318688 -0.00202411
v 0.00462655 -0.02318688 -0.00186519
v 0.00438537 -0.02318688 -0.00176529
v -0.05041670 0.00191512 0.00081374
v -0.05041670 0.00191512 -0.00037131
v -0.05056233 0.00191512 -0.00154738
v -0.05085138 0.00191512 -0.00269663
v -0.05127947 0.00191512 -0.00380166
v -0.05184010 0.00191512 -0.00484570
v -0.05252480 0.00191512 -0.00581293
v -0.05332316 0.00191512 -0.00668869
v -0.05422309 0.00191512 -0.00745970
v -0.05521095 0.00191512 -0.00811428
v -0.05627176 0.00191512 -0.00864250
v -0.05738945 0.00191512 -0.00903636
v -0.05854705 0.00191512 -0.00928988
v -0.05972705 0.00191512 -0.00939922
v -0.06091154 0.00191512 -0.00936273
v -0.06208256 0.00191511 -0.00918095
v -0.06322236 0.00191511 -0.00885665
v -0.06431369 0.00191511 -0.00839473
v -0.06533997 0.00191511 -0.00780221
v -0.06628565 0.00191511 -0.00708806
v -0.06713641 0.00191511 -0.00626311
v -0.06787935 0.00191511 -0.00533986
v -0.06850320 0.00191511 -0.00433231
v -0.06899850 0.00191511 -0.00325574
v -0.06935775 0.00191511 -0.00212646
v -0.06957550 0.00191511 -0.00096159
v -0.06964846 0.00191511 0.00022121
v -0.06957550 0.00191511 0.00140401
v -0.06935775 0.00191511 0.00256888
v -0.06899850 0.00191511 0.00369816
v -0.06850320 0.00191511 0.00477474
v -0.06787935 0.00191511 0.00578229
v -0.06713641 0.00191511 0.00670553
v -0.06628565 0.00191511 0.00753048
v -0.06533997 0.00191511 0.00824464
v -0.06431369 0.00191511 0.00883716
v -0.06322236 0.00191511 0.00929907
v -0.06208256 0.00191511 0.00962338
v -0.06091154 0.00191512 0.00980515
v -0.05972705 0.00191512 0.00984165
v -0.05854705 0.00191512 0.00973231
v -0.05738945 0.00191512 0.00947879
v -0.05627176 0.00191512 0.00908493
v -0.05521095 0.00191512 0.00855671
v -0.05422309 0.00191512 0.00790213
v -0.05332316 0.00191512 0.00713111
v -0.05252480 0.00191512 0.00625535
v -0.05184010 0.00191512 0.00528812
v -0.05127947 0.00191512 0.00424408
v -0.05085138 0.00191512 0.00313906
v -0.05056233 0.00191512 0.00198980
v -0.06957550 0.01741511 0.00140401
v -0.06964846 0.01741511 0.00022121
v -0.06957550 0.01741511 -0.00096159
v -0.06935775 0.01741511 -0.00212646
v -0.06899850 0.01741511 -0.00325574
v -0.06850320 0.01741511 -0.00433231
v -0.06787935 0.01741511 -0.00533986
v -0.06713641 0.01741511 -0.00626311
v -0.06628565 0.01741511 -0.00708806
v -0.06533997 0.01741511 -0.00780221
v -0.06431369 0.01741511 -0.00839473
v -0.06322236 0.01741511 -0.00885665
v -0.06208256 0.01741511 -0.00918095
v -0.06091154 0.01741511 -0.00936273
v -0.05972705 0.01741511 -0.00939922
v -0.05854705 0.01741511 -0.00928988
v -0.05738945 0.01741511 -0.00903636
v -0.05627176 0.01741511 -0.00864250
v -0.05521095 0.01741511 -0.00811428
v -0.05422309 0.01741511 -0.00745970
v -0.05332316 0.01741511 -0.00668869
v -0.05252480 0.01741512 -0.00581293
v -0.05184010 0.01741512 -0.00484570
v -0.05127947 0.01741512 -0.00380166
v -0.05085138 0.01741512 -0.00269663
v -0.05056233 0.01741512 -0.00154738
v -0.05041670 0.01741512 -0.00037131
v -0.05041670 0.01741512 0.00081374
v -0.05056233 0.01741512 0.00198980
v -0.05085138 0.01741512 0.00313906
v -0.05127947 0.01741512 0.00424408
v -0.05184010 0.01741512 0.00528812
v -0.05252480 0.01741512 0.00625535
v -0.05332316 0.01741511 0.00713111
v -0.05422309 0.01741511 0.00790213
v -0.05521095 0.01741511 0.00855671
v -0.05627176 0.01741511 0.00908493
v -0.05738945 0.01741511 0.00947879
v -0.05854705 0.01741511 0.00973231
v -0.05972705 0.01741511 0.00984165
v -0.06091154 0.01741511 0.00980515
v -0.06208256 0.01741511 0.00962338
v -0.06322236 0.01741511 0.00929907
v -0.06431369 0.01741511 0.00883716
v -0.06533997 0.01741511 0.00824464
v -0.06628565 0.01741511 0.00753048
v -0.06713641 0.01741511 0.00670553
v -0.06787935 0.01741511 0.00578229
v -0.06850320 0.01741511 0.00477474
v -0.06899850 0.01741511 0.00369816
v -0.06935775 0.01741511 0.00256888
v 0.06958330 0.00191513 0.00081374
v 0.06958330 0.00191513 -0.00037131
v 0.06943766 0.00191513 -0.00154738
v 0.06914862 0.00191513 -0.00269663
v 0.06872053 0.00191513 -0.00380166
v 0.06815990 0.00191513 -0.00484570
v 0.06747521 0.00191513 -0.00581293
v 0.06667685 0.00191513 -0.00668869
v 0.06577692 0.00191513 -0.00745970
v 0.06478906 0.00191513 -0.00811428
v 0.06372824 0.00191513 -0.00864250
v 0.06261057 0.00191513 -0.00903636
v 0.06145295 0.00191513 -0.00928988
v 0.06027296 0.00191513 -0.00939922
v 0.05908847 0.00191513 -0.00936273
v 0.05791745 0.00191513 -0.00918095
v 0.05677764 0.00191513 -0.00885665
v 0.05568633 0.00191513 -0.00839473
v 0.05466004 0.00191513 -0.00780221
v 0.05371436 0.00191513 -0.00708806
v 0.05286360 0.00191513 -0.00626311
v 0.05212066 0.00191512 -0.00533986
v 0.05149681 0.00191512 -0.00433231
v 0.05100151 0.00191512 -0.00325574
v 0.05064226 0.00191512 -0.00212646
v 0.05042451 0.00191512 -0.00096159
v 0.05035156 0.00191512 0.00022121
v 0.05042451 0.00191512 0.00140401
v 0.05064226 0.00191512 0.00256888
v 0.05100151 0.00191512 0.00369816
v 0.05149681 0.00191512 0.00477474
v 0.05212066 0.00191512 0.00578229
v 0.05286360 0.00191513 0.00670553
v 0.05371436 0.00191513 0.00753048
v 0.05466004 0.00191513 0.00824464
v 0.05568633 0.00191513 0.00883716
v 0.05677764 0.00191513 0.00929907
v 0.05791745 0.00191513 0.00962338
v 0.05908847 0.00191513 0.00980515
v 0.06027296 0.00191513 0.00984165
v 0.06145295 0.00191513 0.00973231
v 0.06261057 0.00191513 0.00947879
v 0.06372824 0.00191513 0.00908493
v 0.06478906 0.00191513 0.00855671
v 0.06577692 0.00191513 0.00790213
v 0.06667685 0.00191513 0.00713111
v 0.06747521 0.00191513 0.00625535
v 0.06815990 0.00191513 0.00528812
v 0.06872053 0.00191513 0.00424408
v 0.06914862 0.00191513 0.00313906
v 0.06943766 0.00191513 0.00198980
v 0.05042451 0.01741512 0.00140401
v 0.05035156 0.01741512 0.00022121
v 0.05042451 0.01741512 -0.00096159
v 0.05064226 0.01741512 -0.00212646
v 0.05100151 0.01741512 -0.00325574
v 0.05149681 0.01741512 -0.00433231
v 0.05212066 0.01741512 -0.00533986
v 0.05286360 0.01741512 -0.00626311
v 0.05371436 0.01741512 -0.00708806
v 0.05466004 0.01741512 -0.00780221
v 0.05568633 0.01741512 -0.00839473
v 0.05677764 0.01741512 -0.00885665
v 0.05791745 0.01741512 -0.00918095
v 0.05908847 0.01741512 -0.00936273
v 0.06027296 0.01741512 -0.00939922
v 0.06145295 0.01741512 -0.00928988
v 0.06261057 0.01741512 -0.00903636
v 0.06372824 0.01741512 -0.00864250
v 0.06478906 0.01741512 -0.00811428
v 0.06577692 0.01741512 -0.00745970
v 0.06667685 0.01741512 -0.00668869
v 0.06747521 0.01741512 -0.00581293
v 0.06815990 0.01741512 -0.00484570
v 0.06872053 0.01741512 -0.00380166
v 0.06914862 0.01741512 -0.00269663
v 0.06943766 0.01741512 -0.00154738
v 0.06958330 0.01741512 -0.00037131
v 0.06958330 0.01741512 0.00081374
v 0.06943766 0.01741512 0.00198980
v 0.06914862 0.01741512 0.00313906
v 0.06872053 0.01741512 0.00424408
v 0.06815990 0.01741512 0.00528812
v 0.06747521 0.01741512 0.00625535
v 0.06667685 0.01741512 0.00713111
v 0.06577692 0.01741512 0.00790213
v 0.06478906 0.01741512 0.00855671
v 0.06372824 0.01741512 0.00908493
v 0.06261057 0.01741512 0.00947879
v 0.06145295 0.01741512 0.00973231
v 0.06027296 0.01741512 0.00984165
v 0.05908847 0.01741512 0.00980515
v 0.05791745 0.01741512 0.00962338
v 0.05677764 0.01741512 0.00929907
v 0.05568633 0.01741512 0.00883716
v 0.05466004 0.01741512 0.00824464
v 0.05371436 0.01741512 0.00753048
v 0.05286360 0.01741512 0.00670553
v 0.05212066 0.01741512 0.00578229
v 0.05149681 0.01741512 0.00477474
v 0.05100151 0.01741512 0.00369816
v 0.05064226 0.01741512 0.00256888
v 0.01919797 0.00224806 -0.01440403
v 0.01924105 0.00192079 -0.01440403
v 0.01919797 0.00159351 -0.01440403
v 0.01907164 0.00128854 -0.01440403
v 0.01887069 0.00102665 -0.01440403
v 0.01860880 0.00082570 -0.01440403
v 0.01830383 0.00069937 -0.01440403
v 0.01797655 0.00065629 -0.01440403
v 0.01764927 0.00069937 -0.01440403
v 0.01734430 0.00082570 -0.01440403
v 0.01708241 0.00102665 -0.01440403
v 0.01688146 0.00128854 -0.01440403
v 0.01675514 0.00159351 -0.01440403
v 0.01671205 0.00192079 -0.01440403
v 0.01675514 0.00224806 -0.01440403
v 0.01688146 0.00255303 -0.01440403
v 0.01708241 0.00281492 -0.01440403
v 0.01734430 0.00301588 -0.01440403
v 0.01764927 0.00314220 -0.01440403
v 0.01797655 0.00318529 -0.01440403
v 0.01830383 0.00314220 -0.01440403
v 0.01860880 0.00301588 -0.01440403
v 0.01887069 0.00281492 -0.01440403
v 0.01907164 0.00255304 -0.01440403
v 0.01919797 0.00224806 -0.00490403
v 0.01919797 0.00224806 -0.00965403
v 0.01924105 0.00192079 -0.00490403
v 0.01924105 0.00192079 -0.00965403
v 0.01919797 0.00159351 -0.00490403
v 0.01919797 0.00159351 -0.00965403
v 0.01907164 0.00128854 -0.00490403
v 0.01907164 0.00128854 -0.00965403
v 0.01887069 0.00102665 -0.00490403
v 0.01887069 0.00102665 -0.00965403
v 0.01860880 0.00082570 -0.00490403
v 0.01860880 0.00082570 -0.00965403
v 0.01830383 0.00069937 -0.00490403
v 0.01830383 0.00069937 -0.00965403
v 0.01797655 0.00065629 -0.00490403
v 0.01797655 0.00065629 -0.00965403
v 0.01764927 0.00069937 -0.00490403
v 0.01764927 0.00069937 -0.00965403
v 0.01734430 0.00082570 -0.00490403
v 0.01734430 0.00082570 -0.00965403
v 0.01708241 0.00102665 -0.00490403
v 0.01708241 0.00102665 -0.00965403
v 0.01688146 0.00128854 -0.00490403
v 0.01688146 0.00128854 -0.00965403
v 0.01675514 0.00159351 -0.00490403
v 0.01675514 0.00159351 -0.00965403
v 0.01671205 0.00192079 -0.00490403
v 0.01671205 0.00192079 -0.00965403
v 0.01675514 0.00224806 -0.00490403
v 0.01675514 0.00224806 -0.00965403
v 0.01688146 0.00255303 -0.00490403
v 0.01688146 0.00255303 -0.00965403
v 0.01708241 0.00281492 -0.00490403
v 0.01708241 0.00281492 -0.00965403
v 0.01734430 0.00301588 -0.00490403
v 0.01734430 0.00301588 -0.00965403
v 0.01764927 0.00314220 -0.00490403
v 0.01764927 0.00314220 -0.00965403
v 0.01797655 0.00318529 -0.00490403
v 0.01797655 0.00318529 -0.00965403
v 0.01830383 0.00314220 -0.00490403
v 0.01830383 0.00314220 -0.00965403
v 0.01860880 0.00301588 -0.00490403
v 0.01860880 0.00301588 -0.00965403
v 0.01887069 0.00281492 -0.00490403
v 0.01887069 0.00281492 -0.00965403
v 0.01907164 0.00255304 -0.00490403
v 0.01907164 0.00255304 -0.00965403
v 0.00246539 0.00251065 -0.01440403
v 0.00253433 0.00192079 -0.01440403
v 0.00226227 0.00306872 -0.01440403
v 0.00193592 0.00356489 -0.01440403
v 0.00150395 0.00397244 -0.01440403
v 0.00098964 0.00426938 -0.01440403
v 0.00042070 0.00443971 -0.01440403
v -0.00017217 0.00447424 -0.01440403
v -0.00075703 0.00437111 -0.01440403
v -0.00130234 0.00413589 -0.01440403
v -0.00177870 0.00378125 -0.01440403
v -0.00216044 0.00332631 -0.01440403
v -0.00242698 0.00279560 -0.01440403
v -0.00256393 0.00221772 -0.01440403
v -0.00256393 0.00162385 -0.01440403
v -0.00242698 0.00104597 -0.01440403
v -0.00216044 0.00051526 -0.01440403
v -0.00177870 0.00006032 -0.01440403
v -0.00130234 -0.00029432 -0.01440403
v -0.00075703 -0.00052954 -0.01440403
v -0.00017217 -0.00063267 -0.01440403
v 0.00042071 -0.00059814 -0.01440403
v 0.00098964 -0.00042781 -0.01440403
v 0.00150395 -0.00013087 -0.01440403
v 0.00193592 0.00027667 -0.01440403
v 0.00226227 0.00077286 -0.01440403
v 0.00246539 0.00133092 -0.01440403
v 0.00246539 0.00251065 -0.00790403
v 0.00253433 0.00192079 -0.00790403
v 0.00246539 0.00133092 -0.00790403
v 0.00226227 0.00077286 -0.00790403
v 0.00193592 0.00027667 -0.00790403
v 0.00150395 -0.00013087 -0.00790403
v 0.00098964 -0.00042781 -0.00790403
v 0.00042071 -0.00059814 -0.00790403
v -0.00017217 -0.00063267 -0.00790403
v -0.00075703 -0.00052954 -0.00790403
v -0.00130234 -0.00029432 -0.00790403
v -0.00177870 0.00006032 -0.00790403
v -0.00216044 0.00051526 -0.00790403
v -0.00242698 0.00104597 -0.00790403
v -0.00256393 0.00162385 -0.00790403
v -0.00256393 0.00221772 -0.00790403
v -0.00242698 0.00279560 -0.00790403
v -0.00216044 0.00332631 -0.00790403
v -0.00177870 0.00378125 -0.00790403
v -0.00130234 0.00413589 -0.00790403
v -0.00075703 0.00437111 -0.00790403
v -0.00017217 0.00447424 -0.00790403
v 0.00042070 0.00443971 -0.00790403
v 0.00098964 0.00426938 -0.00790403
v 0.00150395 0.00397244 -0.00790403
v 0.00193592 0.00356489 -0.00790403
v 0.00226227 0.00306872 -0.00790403
v -0.01680204 0.00224806 -0.01440403
v -0.01675895 0.00192078 -0.01440403
v -0.01680204 0.00159351 -0.01440403
v -0.01692836 0.00128853 -0.01440403
v -0.01712932 0.00102665 -0.01440403
v -0.01739120 0.00082569 -0.01440403
v -0.01769618 0.00069937 -0.01440403
v -0.01802345 0.00065628 -0.01440403
v -0.01835073 0.00069937 -0.01440403
v -0.01865570 0.00082569 -0.01440403
v -0.01891759 0.00102665 -0.01440403
v -0.01911854 0.00128853 -0.01440403
v -0.01924486 0.00159351 -0.01440403
v -0.01928795 0.00192078 -0.01440403
v -0.01924486 0.00224806 -0.01440403
v -0.01911854 0.00255303 -0.01440403
v -0.01891759 0.00281492 -0.01440403
v -0.01865570 0.00301587 -0.01440403
v -0.01835073 0.00314220 -0.01440403
v -0.01802345 0.00318528 -0.01440403
v -0.01769618 0.00314220 -0.01440403
v -0.01739120 0.00301587 -0.01440403
v -0.01712932 0.00281492 -0.01440403
v -0.01692836 0.00255303 -0.01440403
v -0.01680204 0.00224806 -0.00490403
v -0.01680204 0.00224806 -0.00965403
v -0.01675895 0.00192078 -0.00490403
v -0.01675895 0.00192078 -0.00965403
v -0.01680204 0.00159351 -0.00490403
v -0.01680204 0.00159351 -0.00965403
v -0.01692836 0.00128853 -0.00490403
v -0.01692836 0.00128853 -0.00965403
v -0.01712932 0.00102665 -0.00490403
v -0.01712932 0.00102665 -0.00965403
v -0.01739120 0.00082569 -0.00490403
v -0.01739120 0.00082569 -0.00965403
v -0.01769618 0.00069937 -0.00490403
v -0.01769618 0.00069937 -0.00965403
v -0.01802345 0.00065628 -0.00490403
v -0.01802345 0.00065628 -0.00965403
v -0.01835073 0.00069937 -0.00490403
v -0.01835073 0.00069937 -0.00965403
v -0.01865570 0.00082569 -0.00490403
v -0.01865570 0.00082569 -0.00965403
v -0.01891759 0.00102665 -0.00490403
v -0.01891759 0.00102665 -0.00965403
v -0.01911854 0.00128853 -0.00490403
v -0.01911854 0.00128853 -0.00965403
v -0.01924486 0.00159351 -0.00490403
v -0.01924486 0.00159351 -0.00965403
v -0.01928795 0.00192078 -0.00490403
v -0.01928795 0.00192078 -0.00965403
v -0.01924486 0.00224806 -0.00490403
v -0.01924486 0.00224806 -0.00965403
v -0.01911854 0.00255303 -0.00490403
v -0.01911854 0.00255303 -0.00965403
v -0.01891759 0.00281492 -0.00490403
v -0.01891759 0.00281492 -0.00965403
v -0.01865570 0.00301587 -0.00490403
v -0.01865570 0.00301587 -0.00965403
v -0.01835073 0.00314220 -0.00490403
v -0.01835073 0.00314220 -0.00965403
v -0.01802345 0.00318528 -0.00490403
v -0.01802345 0.00318528 -0.00965403
v -0.01769618 0.00314220 -0.00490403
v -0.01769618 0.00314220 -0.00965403
v -0.01739120 0.00301587 -0.00490403
v -0.01739120 0.00301587 -0.00965403
v -0.01712932 0.00281492 -0.00490403
v -0.01712932 0.00281492 -0.00965403
v -0.01692836 0.00255303 -0.00490403
v -0.01692836 0.00255303 -0.00965403
v 0.07547655 0.01741513 0.01286746
v 0.07547655 0.01626861 0.01408402
v 0.07599960 0.01741513 0.01284827
v 0.07623229 0.01684187 0.01343895
v 0.07652007 0.01741513 0.01279139
v 0.07697980 0.01684187 0.01333056
v 0.07754615 0.01741513 0.01256888
v 0.07771478 0.01684187 0.01315354
v 0.07843292 0.01684187 0.01291088
v 0.07846222 0.01626861 0.01354969
v 0.07902817 0.01626861 0.01332323
v 0.07608832 0.01626861 0.01406168
v 0.07669462 0.01626861 0.01399564
v 0.07729360 0.01626861 0.01388733
v 0.07788342 0.01626861 0.01373820
v 0.07912990 0.01684187 0.01260553
v 0.07957941 0.01626861 0.01306028
v 0.07980143 0.01684187 0.01224049
v 0.08011409 0.01626861 0.01276227
v 0.08075007 0.01684187 0.01159087
v 0.08112286 0.01626861 0.01207181
v 0.08162165 0.01684187 0.01083399
v 0.08204474 0.01626861 0.01127154
v 0.08241286 0.01684187 0.00998528
v 0.08287781 0.01626861 0.01037777
v 0.08312037 0.01684187 0.00906017
v 0.08362020 0.01626861 0.00940682
v 0.08374114 0.01684187 0.00807318
v 0.08426985 0.01626861 0.00837409
v 0.08427534 0.01684187 0.00703456
v 0.08482738 0.01626861 0.00729024
v 0.08472430 0.01684187 0.00595332
v 0.08529480 0.01626861 0.00616452
v 0.08508941 0.01684187 0.00483849
v 0.08567412 0.01626861 0.00500615
v 0.08528689 0.01684187 0.00408083
v 0.08596729 0.01626861 0.00382346
v 0.08544793 0.01684187 0.00331410
v 0.08617540 0.01626861 0.00262331
v 0.08557271 0.01684187 0.00254046
v 0.08566138 0.01684187 0.00176204
v 0.08497003 0.01741513 0.00245761
v 0.08508530 0.01741513 0.00133069
v 0.08571412 0.01684187 0.00098099
v 0.08512279 0.01741513 0.00020014
v 0.08573106 0.01684187 0.00019945
v 0.08508266 0.01741513 -0.00092788
v 0.08568944 0.01684187 -0.00097049
v 0.08496445 0.01741513 -0.00205182
v 0.08556681 0.01684187 -0.00213637
v 0.08476799 0.01741513 -0.00316835
v 0.08536304 0.01684187 -0.00329459
v 0.08449474 0.01741513 -0.00426297
v 0.08507916 0.01684187 -0.00443161
v 0.08414540 0.01741513 -0.00532208
v 0.08471531 0.01684187 -0.00553466
v 0.08371653 0.01741513 -0.00634706
v 0.08426796 0.01684187 -0.00660382
v 0.08320499 0.01741513 -0.00733905
v 0.08373373 0.01684187 -0.00763985
v 0.08261321 0.01741513 -0.00828166
v 0.08311334 0.01684187 -0.00862790
v 0.08194458 0.01741513 -0.00915578
v 0.08240918 0.01684187 -0.00954837
v 0.08119923 0.01741513 -0.00995302
v 0.08162176 0.01684187 -0.01039059
v 0.08037759 0.01741513 -0.01066609
v 0.08075053 0.01684187 -0.01114670
v 0.07948662 0.01741513 -0.01127760
v 0.07979970 0.01684187 -0.01179911
v 0.07929761 0.01684187 -0.01207933
v 0.08011279 0.01626861 -0.01232063
v 0.07957692 0.01626861 -0.01261970
v 0.08629916 0.01626861 0.00141273
v 0.08633934 0.01626861 0.00019876
v 0.08629622 0.01626861 -0.00101309
v 0.08616918 0.01626861 -0.00222093
v 0.08595809 0.01626861 -0.00342082
v 0.08566360 0.01626861 -0.00460026
v 0.08528521 0.01626861 -0.00574725
v 0.08481938 0.01626861 -0.00686059
v 0.08426247 0.01626861 -0.00794065
v 0.08361346 0.01626861 -0.00897414
v 0.08287379 0.01626861 -0.00994097
v 0.08204430 0.01626861 -0.01082816
v 0.08112346 0.01626861 -0.01162730
v 0.07878107 0.01684187 -0.01232578
v 0.07902493 0.01626861 -0.01288309
v 0.07825182 0.01684187 -0.01253736
v 0.07845864 0.01626861 -0.01310948
v 0.07771164 0.01684187 -0.01271295
v 0.07787987 0.01626861 -0.01329761
v 0.07716227 0.01684187 -0.01285145
v 0.07729045 0.01626861 -0.01344617
v 0.07660545 0.01684187 -0.01295175
v 0.07669221 0.01626861 -0.01355388
v 0.07604297 0.01684187 -0.01301274
v 0.07608697 0.01626861 -0.01361945
v 0.07547655 0.01626861 -0.01364159
v 0.07547655 0.01741513 -0.01242504
v 0.07599897 0.01741513 -0.01240603
v 0.07651871 0.01741513 -0.01234962
v 0.07754342 0.01741513 -0.01212829
v 0.07853720 0.01741513 -0.01176848
v 0.08477662 0.01741513 0.00357347
v 0.08450469 0.01741513 0.00467083
v 0.08415382 0.01741513 0.00574212
v 0.08372330 0.01741513 0.00677887
v 0.08321244 0.01741513 0.00777227
v 0.08262053 0.01741513 0.00871351
v 0.08194792 0.01741513 0.00959278
v 0.08119857 0.01741513 0.01039643
v 0.08037728 0.01741513 0.01110993
v 0.07948878 0.01741513 0.01171872
v 0.07854048 0.01741513 0.01220847
v -0.08124548 0.01741511 -0.00995401
v -0.08042450 0.01741511 0.01110852
v -0.07552346 0.01741511 0.01286746
v -0.07953351 0.01741511 0.01172002
v -0.07858411 0.01741511 0.01221091
v -0.08042418 0.01741511 -0.01066751
v -0.07953569 0.01741511 -0.01127629
v -0.07858739 0.01741511 -0.01176605
v -0.07552346 0.01741511 -0.01242504
v -0.07759305 0.01741511 -0.01212646
v -0.07656697 0.01741511 -0.01234897
v -0.07604650 0.01741511 -0.01240584
v -0.08124613 0.01741511 0.01039544
v -0.08199482 0.01741511 -0.00915036
v -0.08199148 0.01741511 0.00959820
v -0.08266012 0.01741511 0.00872408
v -0.08266744 0.01741511 -0.00827109
v -0.08325189 0.01741511 0.00778148
v -0.08325935 0.01741511 -0.00732984
v -0.08376343 0.01741511 0.00678948
v -0.08377021 0.01741511 -0.00633644
v -0.08419231 0.01741511 0.00576450
v -0.08420072 0.01741511 -0.00529969
v -0.08454165 0.01741511 0.00470539
v -0.08455160 0.01741511 -0.00422840
v -0.08481489 0.01741511 0.00361078
v -0.08482352 0.01741511 -0.00313104
v -0.08501135 0.01741511 0.00249424
v -0.08501694 0.01741511 -0.00201518
v -0.08512957 0.01741511 0.00137030
v -0.08513220 0.01741511 -0.00088826
v -0.08516969 0.01741511 0.00024229
v -0.07759032 0.01741511 0.01257072
v -0.07656561 0.01741511 0.01279204
v -0.07604587 0.01741511 0.01284845
v -0.07552346 0.01626859 -0.01364159
v -0.07627919 0.01684185 -0.01299652
v -0.07702671 0.01684185 -0.01288813
v -0.07776169 0.01684185 -0.01271112
v -0.07847983 0.01684185 -0.01246845
v -0.07850912 0.01626859 -0.01310726
v -0.07907507 0.01626859 -0.01288081
v -0.07613523 0.01626859 -0.01361926
v -0.07674152 0.01626859 -0.01355322
v -0.07734051 0.01626859 -0.01344491
v -0.07793032 0.01626859 -0.01329578
v -0.07917681 0.01684185 -0.01216311
v -0.07962631 0.01626859 -0.01261785
v -0.07984834 0.01684185 -0.01179807
v -0.08016099 0.01626859 -0.01231984
v -0.08079697 0.01684185 -0.01114844
v -0.08116977 0.01626859 -0.01162938
v -0.08166856 0.01684185 -0.01039156
v -0.08209164 0.01626859 -0.01082911
v -0.08245977 0.01684185 -0.00954285
v -0.08292472 0.01626859 -0.00993535
v -0.08316727 0.01684185 -0.00861774
v -0.08366709 0.01626859 -0.00896440
v -0.08378805 0.01684185 -0.00763075
v -0.08431675 0.01626859 -0.00793166
v -0.08432224 0.01684185 -0.00659213
v -0.08487428 0.01626859 -0.00684782
v -0.08477121 0.01684185 -0.00551089
v -0.08534170 0.01626859 -0.00572210
v -0.08513631 0.01684185 -0.00439607
v -0.08572103 0.01626859 -0.00456373
v -0.08533379 0.01684185 -0.00363840
v -0.08601420 0.01626859 -0.00338104
v -0.08549484 0.01684185 -0.00287168
v -0.08622230 0.01626859 -0.00218088
v -0.08561962 0.01684185 -0.00209803
v -0.08570828 0.01684185 -0.00131961
v -0.08576102 0.01684185 -0.00053856
v -0.08577797 0.01684185 0.00024298
v -0.08573634 0.01684185 0.00141291
v -0.08561372 0.01684185 0.00257880
v -0.08540995 0.01684185 0.00373701
v -0.08512607 0.01684185 0.00487404
v -0.08476221 0.01684185 0.00597709
v -0.08431486 0.01684185 0.00704625
v -0.08378064 0.01684185 0.00808228
v -0.08316024 0.01684185 0.00907032
v -0.08245609 0.01684185 0.00999080
v -0.08166867 0.01684185 0.01083301
v -0.08079743 0.01684185 0.01158912
v -0.07984660 0.01684185 0.01224154
v -0.07934452 0.01684185 0.01252176
v -0.08015969 0.01626859 0.01276305
v -0.07962383 0.01626859 0.01306213
v -0.08634607 0.01626859 -0.00097030
v -0.08638624 0.01626859 0.00024366
v -0.08634312 0.01626859 0.00145552
v -0.08621609 0.01626859 0.00266336
v -0.08600499 0.01626859 0.00386325
v -0.08571050 0.01626859 0.00504268
v -0.08533210 0.01626859 0.00618967
v -0.08486629 0.01626859 0.00730301
v -0.08430938 0.01626859 0.00838307
v -0.08366036 0.01626859 0.00941657
v -0.08292069 0.01626859 0.01038339
v -0.08209120 0.01626859 0.01127058
v -0.08117037 0.01626859 0.01206973
v -0.07882798 0.01684185 0.01276821
v -0.07907183 0.01626859 0.01332551
v -0.07829873 0.01684185 0.01297978
v -0.07850555 0.01626859 0.01355191
v -0.07775855 0.01684185 0.01315537
v -0.07792678 0.01626859 0.01374003
v -0.07720917 0.01684185 0.01329387
v -0.07733736 0.01626859 0.01388859
v -0.07665236 0.01684185 0.01339417
v -0.07673912 0.01626859 0.01399630
v -0.07608987 0.01684185 0.01345516
v -0.07613388 0.01626859 0.01406187
v -0.07552346 0.01626859 0.01408402
v 0.07547655 0.01576425 0.01410163
v 0.07575110 0.01576425 0.01409867
v 0.07629197 0.01601643 0.01405322
v 0.07709653 0.01601643 0.01393669
v 0.07788586 0.01601643 0.01374667
v 0.07865557 0.01601643 0.01348656
v 0.07940128 0.01601643 0.01315981
v 0.08011862 0.01601643 0.01276982
v 0.08112825 0.01601643 0.01207877
v 0.08205086 0.01601643 0.01127787
v 0.08288455 0.01601643 0.01038346
v 0.08362743 0.01601643 0.00941184
v 0.08427751 0.01601643 0.00837844
v 0.08483537 0.01601643 0.00729394
v 0.08530305 0.01601643 0.00616758
v 0.08568259 0.01601643 0.00500858
v 0.08588763 0.01601643 0.00422200
v 0.08571764 0.01576417 0.00491756
v 0.08599902 0.01576381 0.00375761
v 0.07602525 0.01576426 0.01408509
v 0.07674763 0.01576425 0.01400708
v 0.07736985 0.01576424 0.01389100
v 0.07798290 0.01576422 0.01373035
v 0.07858586 0.01576420 0.01352581
v 0.07916913 0.01576423 0.01328182
v 0.07973041 0.01576425 0.01300164
v 0.08027061 0.01576406 0.01268713
v 0.08078967 0.01576372 0.01234039
v 0.08175647 0.01576347 0.01156412
v 0.08220042 0.01576368 0.01114278
v 0.08301638 0.01576420 0.01023928
v 0.08356906 0.01576416 0.00951110
v 0.08406895 0.01576380 0.00874845
v 0.08437086 0.01576360 0.00822790
v 0.08490518 0.01576370 0.00715960
v 0.08535273 0.01576413 0.00605599
v 0.08605473 0.01601643 0.00342661
v 0.08619768 0.01576378 0.00258984
v 0.08618411 0.01601643 0.00262451
v 0.08627600 0.01601643 0.00181777
v 0.08633061 0.01601643 0.00100849
v 0.08634815 0.01601643 0.00019875
v 0.08630501 0.01601643 -0.00101371
v 0.08617791 0.01601643 -0.00222215
v 0.08596671 0.01601643 -0.00342265
v 0.08567207 0.01601643 -0.00460270
v 0.08529346 0.01601643 -0.00575033
v 0.08482736 0.01601643 -0.00686431
v 0.08427012 0.01601643 -0.00794500
v 0.08362069 0.01601643 -0.00897915
v 0.08288051 0.01601643 -0.00994665
v 0.08205041 0.01601643 -0.01083449
v 0.08112887 0.01601643 -0.01163426
v 0.08011732 0.01601643 -0.01232818
v 0.07958097 0.01601643 -0.01262753
v 0.07902846 0.01601643 -0.01289115
v 0.07846163 0.01601643 -0.01311776
v 0.07788231 0.01601643 -0.01330607
v 0.07729231 0.01601643 -0.01345478
v 0.07669347 0.01601643 -0.01356259
v 0.07608760 0.01601643 -0.01362823
v 0.07554520 0.01576425 -0.01365881
v 0.07547655 0.01576425 -0.01365921
v 0.08631679 0.01576406 0.00141323
v 0.08635697 0.01576425 0.00022647
v 0.08631726 0.01576407 -0.00096363
v 0.08619876 0.01576378 -0.00213946
v 0.08600182 0.01576380 -0.00330158
v 0.08572438 0.01576416 -0.00445104
v 0.08555423 0.01576424 -0.00502090
v 0.08514724 0.01576393 -0.00615053
v 0.08465514 0.01576357 -0.00724392
v 0.08437701 0.01576361 -0.00777430
v 0.08375253 0.01576405 -0.00880159
v 0.08340379 0.01576423 -0.00929786
v 0.08262888 0.01576422 -0.01024822
v 0.08220722 0.01576424 -0.01069268
v 0.08160818 0.01576429 -0.01125162
v 0.08080257 0.01576427 -0.01188801
v 0.08028294 0.01576426 -0.01223671
v 0.07973950 0.01576425 -0.01255429
v 0.07917820 0.01576427 -0.01283515
v 0.07859879 0.01576428 -0.01307839
v 0.07765139 0.01576424 -0.01338059
v 0.07657153 0.01576425 -0.01358910
v 0.07602518 0.01576425 -0.01364163
v 0.07575105 0.01576425 -0.01365479
v -0.07552346 0.01576423 -0.01365921
v -0.07559252 0.01576423 -0.01365881
v -0.07579960 0.01576423 -0.01365473
v -0.07633887 0.01601642 -0.01361080
v -0.07714344 0.01601642 -0.01349427
v -0.07793276 0.01601642 -0.01330424
v -0.07870247 0.01601642 -0.01304414
v -0.07944819 0.01601642 -0.01271738
v -0.08016551 0.01601642 -0.01232740
v -0.08117516 0.01601642 -0.01163634
v -0.08209777 0.01601642 -0.01083545
v -0.08293144 0.01601642 -0.00994103
v -0.08367433 0.01601642 -0.00896942
v -0.08432441 0.01601642 -0.00793602
v -0.08488227 0.01601642 -0.00685152
v -0.08534995 0.01601642 -0.00572515
v -0.08572949 0.01601642 -0.00456616
v -0.08593453 0.01601642 -0.00377957
v -0.08576451 0.01576418 -0.00447513
v -0.08604587 0.01576384 -0.00331517
v -0.07607537 0.01576424 -0.01364142
v -0.07679453 0.01576423 -0.01356466
v -0.07741676 0.01576423 -0.01344857
v -0.07802980 0.01576422 -0.01328792
v -0.07863276 0.01576423 -0.01308339
v -0.07921604 0.01576428 -0.01283939
v -0.07977730 0.01576425 -0.01255920
v -0.08031750 0.01576406 -0.01224469
v -0.08083655 0.01576375 -0.01189794
v -0.08133356 0.01576351 -0.01152148
v -0.08224733 0.01576366 -0.01070036
v -0.08306330 0.01576417 -0.00979686
v -0.08361595 0.01576417 -0.00906866
v -0.08411581 0.01576383 -0.00830600
v -0.08441773 0.01576362 -0.00778546
v -0.08495209 0.01576370 -0.00671717
v -0.08539966 0.01576411 -0.00561357
v -0.08610164 0.01601642 -0.00298418
v -0.08624456 0.01576379 -0.00214741
v -0.08623102 0.01601642 -0.00218208
v -0.08632291 0.01601642 -0.00137535
v -0.08637751 0.01601642 -0.00056607
v -0.08639506 0.01601642 0.00024367
v -0.08635190 0.01601642 0.00145614
v -0.08622481 0.01601642 0.00266458
v -0.08601362 0.01601642 0.00386508
v -0.08571897 0.01601642 0.00504512
v -0.08534036 0.01601642 0.00619275
v -0.08487427 0.01601642 0.00730673
v -0.08431703 0.01601642 0.00838743
v -0.08366760 0.01601642 0.00942158
v -0.08292742 0.01601642 0.01038908
v -0.08209731 0.01601642 0.01127691
v -0.08117577 0.01601642 0.01207669
v -0.08016422 0.01601642 0.01277060
v -0.07962787 0.01601642 0.01306995
v -0.07907537 0.01601642 0.01333358
v -0.07850854 0.01601642 0.01356019
v -0.07792921 0.01601642 0.01374849
v -0.07733922 0.01601642 0.01389720
v -0.07674038 0.01601642 0.01400502
v -0.07613451 0.01601642 0.01407066
v -0.07552346 0.01576423 0.01410163
v -0.07616535 0.01576423 0.01407757
v -0.07680120 0.01576423 0.01400608
v -0.07743065 0.01576423 0.01388787
v -0.07804772 0.01576425 0.01372490
v -0.07864569 0.01576426 0.01352081
v -0.07922512 0.01576424 0.01327762
v -0.07978640 0.01576426 0.01299669
v -0.08032981 0.01576432 0.01267907
v -0.08134220 0.01576426 0.01195589
v -0.08225413 0.01576420 0.01113512
v -0.08307560 0.01576422 0.01022409
v -0.08379944 0.01576395 0.00924401
v -0.08442385 0.01576364 0.00821669
v -0.08495848 0.01576379 0.00714501
v -0.08540866 0.01576413 0.00603069
v -0.08577128 0.01576404 0.00489346
v -0.08604871 0.01576379 0.00374400
v -0.08624558 0.01576381 0.00258187
v -0.08636408 0.01576409 0.00140605
v -0.08640388 0.01576423 0.00021595
v -0.08636370 0.01576403 -0.00097080
v -0.04658829 0.01140141 -0.01381156
v -0.04616793 0.01174439 -0.01379958
v -0.04651334 0.01135630 -0.01382017
v -0.04610105 0.01165562 -0.01381529
v -0.04645891 0.01129523 -0.01384361
v -0.04603754 0.01157221 -0.01385539
v -0.04640771 0.01123830 -0.01388056
v -0.04598060 0.01149836 -0.01391785
v -0.04637949 0.01117214 -0.01392977
v -0.04676776 0.01089310 -0.01389345
v -0.04675160 0.01081107 -0.01394394
v -0.04710186 0.01051771 -0.01390795
v -0.04709571 0.01041631 -0.01396033
v -0.04740940 0.01011313 -0.01392401
v -0.04741073 0.00998913 -0.01397888
v -0.04771672 0.00963478 -0.01394347
v -0.04769563 0.00953091 -0.01399952
v -0.04799018 0.00912340 -0.01396475
v -0.04794950 0.00904313 -0.01402221
v -0.04822887 0.00858019 -0.01398780
v -0.04817151 0.00852736 -0.01404685
v -0.04836095 0.00798527 -0.01407338
v -0.04845866 0.00801451 -0.01399497
v -0.04830689 0.00861047 -0.01394388
v -0.04806397 0.00915861 -0.01392289
v -0.04814335 0.00919721 -0.01389671
v -0.04786046 0.00971849 -0.01387813
v -0.04797828 0.00969275 -0.01387123
v -0.04767604 0.01016820 -0.01385462
v -0.04857188 0.00804983 -0.01394516
v -0.04839106 0.00864385 -0.01391649
v -0.04824905 0.00918698 -0.01388889
v -0.04869313 0.00808889 -0.01392723
v -0.04848760 0.00865199 -0.01390757
v -0.04754335 0.01020646 -0.01386078
v -0.04734311 0.01061220 -0.01383912
v -0.04722663 0.01061953 -0.01384614
v -0.04698027 0.01102364 -0.01382475
v -0.04688309 0.01100314 -0.01383259
v -0.04682359 0.01094610 -0.01385618
v -0.04716217 0.01056665 -0.01387005
v -0.04747407 0.01015789 -0.01388520
v -0.04778603 0.00967481 -0.01390332
v -0.04165427 0.01289700 -0.01382636
v -0.04165427 0.01279629 -0.01390938
v -0.04230624 0.01285296 -0.01384041
v -0.04227044 0.01278326 -0.01390133
v -0.04286920 0.01272681 -0.01389586
v -0.04293717 0.01278867 -0.01383808
v -0.04344839 0.01262713 -0.01389300
v -0.04354540 0.01267691 -0.01383815
v -0.04400592 0.01248460 -0.01389276
v -0.04412923 0.01251829 -0.01384059
v -0.04453979 0.01229971 -0.01389514
v -0.04463828 0.01233354 -0.01384486
v -0.04504806 0.01207314 -0.01390013
v -0.04512438 0.01211076 -0.01385107
v -0.04552891 0.01180570 -0.01390771
v -0.04558615 0.01185025 -0.01385923
v -0.04562731 0.01191468 -0.01382199
v -0.04567106 0.01198374 -0.01379826
v -0.04569263 0.01206861 -0.01378826
v -0.04518884 0.01235116 -0.01377839
v -0.04519828 0.01225170 -0.01378901
v -0.04516014 0.01217868 -0.01381320
v -0.04465812 0.01259157 -0.01377000
v -0.04470100 0.01248157 -0.01378116
v -0.04466857 0.01240476 -0.01380601
v -0.04410200 0.01278934 -0.01376309
v -0.04418058 0.01267301 -0.01377471
v -0.04415398 0.01259262 -0.01380043
v -0.04352201 0.01294401 -0.01375769
v -0.04358409 0.01283852 -0.01376928
v -0.04356401 0.01275445 -0.01379618
v -0.04291970 0.01305508 -0.01375381
v -0.04296308 0.01295668 -0.01376558
v -0.04294960 0.01286919 -0.01379391
v -0.04229661 0.01312208 -0.01375147
v -0.04231924 0.01302685 -0.01376363
v -0.04231247 0.01293617 -0.01379364
v -0.04165427 0.01314451 -0.01375069
v -0.04165427 0.01301578 -0.01377223
v -0.03887888 0.01289700 -0.01382636
v -0.03610349 0.01289701 -0.01382636
v -0.03332810 0.01289701 -0.01382636
v -0.03332810 0.01301578 -0.01377223
v -0.03055272 0.01301578 -0.01377223
v -0.02777733 0.01301578 -0.01377223
v -0.02500194 0.01301578 -0.01377223
v -0.02777733 0.01289701 -0.01382636
v -0.02500194 0.01289701 -0.01382636
v -0.02222656 0.01289701 -0.01382636
v -0.01945117 0.01289701 -0.01382636
v -0.01945117 0.01301578 -0.01377223
v -0.01667578 0.01301578 -0.01377223
v -0.01390039 0.01301578 -0.01377223
v -0.01112500 0.01301578 -0.01377223
v -0.01390039 0.01289701 -0.01382636
v -0.01112500 0.01289701 -0.01382636
v -0.00834962 0.01289701 -0.01382636
v -0.00557423 0.01289701 -0.01382636
v -0.00557423 0.01301578 -0.01377223
v -0.00279884 0.01301578 -0.01377223
v -0.00002345 0.01301578 -0.01377223
v 0.04160738 0.01314452 -0.01375069
v 0.00275194 0.01301578 -0.01377223
v 0.00552733 0.01301578 -0.01377223
v 0.00275194 0.01289701 -0.01382636
v 0.00552733 0.01289701 -0.01382636
v 0.04160738 0.01279630 -0.01390938
v 0.00830271 0.01289701 -0.01382636
v 0.01107810 0.01289701 -0.01382636
v 0.01107810 0.01301578 -0.01377223
v 0.01385349 0.01301578 -0.01377223
v 0.01662888 0.01301579 -0.01377223
v 0.01940427 0.01301579 -0.01377223
v 0.01662888 0.01289701 -0.01382636
v 0.01940427 0.01289701 -0.01382636
v 0.02217966 0.01289701 -0.01382636
v 0.02495504 0.01289701 -0.01382636
v 0.02495504 0.01301579 -0.01377223
v 0.02773043 0.01301579 -0.01377223
v 0.03050582 0.01301579 -0.01377223
v 0.03328121 0.01301579 -0.01377223
v 0.03050582 0.01289701 -0.01382636
v 0.03328121 0.01289701 -0.01382636
v 0.03605660 0.01289701 -0.01382636
v 0.03883199 0.01289701 -0.01382636
v 0.03883199 0.01301579 -0.01377223
v 0.04160738 0.01301579 -0.01377223
v 0.03605660 0.01301579 -0.01377223
v -0.03887888 0.01301578 -0.01377223
v 0.04160738 0.01289701 -0.01382636
v -0.00002345 0.01289701 -0.01382636
v -0.00279884 0.01289701 -0.01382636
v -0.03610349 0.01301578 -0.01377223
v -0.03055272 0.01289701 -0.01382636
v -0.02222656 0.01301578 -0.01377223
v -0.01667578 0.01289701 -0.01382636
v -0.00834962 0.01301578 -0.01377223
v 0.00830271 0.01301578 -0.01377223
v 0.01385349 0.01289701 -0.01382636
v 0.02217966 0.01301579 -0.01377223
v 0.02773043 0.01289701 -0.01382636
v 0.04220617 0.01278437 -0.01390154
v 0.04221269 0.01285598 -0.01384067
v 0.04221849 0.01293941 -0.01379370
v 0.04222476 0.01303028 -0.01376356
v 0.04223115 0.01312350 -0.01375142
v 0.04283740 0.01306059 -0.01375362
v 0.04282470 0.01297055 -0.01376516
v 0.04281223 0.01288269 -0.01379372
v 0.04280064 0.01280165 -0.01383825
v 0.04278420 0.01273220 -0.01389616
v 0.04336957 0.01270632 -0.01383789
v 0.04374204 0.01254680 -0.01389250
v 0.04391786 0.01257017 -0.01383958
v 0.04387300 0.01251077 -0.01389257
v 0.04440234 0.01233559 -0.01389449
v 0.04444386 0.01239346 -0.01384334
v 0.04490626 0.01212016 -0.01389894
v 0.04494614 0.01217684 -0.01384914
v 0.04542329 0.01192103 -0.01385694
v 0.04546309 0.01198643 -0.01381957
v 0.04591907 0.01168827 -0.01382977
v 0.04596703 0.01175423 -0.01380624
v 0.04640051 0.01141379 -0.01381815
v 0.04645484 0.01147695 -0.01380892
v 0.04686456 0.01109500 -0.01382226
v 0.04342445 0.01295602 -0.01375727
v 0.04340554 0.01286937 -0.01376828
v 0.04338694 0.01278471 -0.01379547
v 0.04399065 0.01281004 -0.01376237
v 0.04396560 0.01272693 -0.01377292
v 0.04394095 0.01264568 -0.01379895
v 0.04453435 0.01262295 -0.01376890
v 0.04450324 0.01254352 -0.01377906
v 0.04447261 0.01246583 -0.01380414
v 0.04505404 0.01239540 -0.01377685
v 0.04501697 0.01231979 -0.01378667
v 0.04498046 0.01224583 -0.01381102
v 0.04554830 0.01212807 -0.01378618
v 0.04550539 0.01205647 -0.01379574
v 0.04601570 0.01182166 -0.01379688
v 0.04680467 0.01103627 -0.01383143
v 0.04724373 0.01067696 -0.01383686
v 0.04717843 0.01062281 -0.01384603
v 0.04759124 0.01022394 -0.01385268
v 0.04752066 0.01017451 -0.01386192
v 0.04790603 0.00973715 -0.01386967
v 0.04783024 0.00969256 -0.01387905
v 0.04818729 0.00921805 -0.01388780
v 0.04810642 0.00917843 -0.01389739
v 0.04843427 0.00866814 -0.01390701
v 0.04834850 0.00863362 -0.01391686
v 0.04864624 0.00808890 -0.01392723
v 0.04852499 0.00804984 -0.01394516
v 0.04826427 0.00860035 -0.01394427
v 0.04841177 0.00801452 -0.01399497
v 0.04818614 0.00857014 -0.01398824
v 0.04831406 0.00798528 -0.01407338
v 0.04811874 0.00854272 -0.01404611
v 0.04789086 0.00906861 -0.01402100
v 0.04795293 0.00910496 -0.01396553
v 0.04802695 0.00914007 -0.01392360
v 0.04763165 0.00956203 -0.01399809
v 0.04768598 0.00960935 -0.01394453
v 0.04775568 0.00964925 -0.01390428
v 0.04734231 0.01002207 -0.01397740
v 0.04738600 0.01008183 -0.01392527
v 0.04745115 0.01012639 -0.01388638
v 0.04726239 0.01013598 -0.01397241
v 0.04705371 0.01052093 -0.01390782
v 0.04711412 0.01057000 -0.01386993
v 0.04664780 0.01087083 -0.01394157
v 0.04669020 0.01092551 -0.01389223
v 0.04674568 0.01097892 -0.01385499
v 0.04625494 0.01124029 -0.01392722
v 0.04629657 0.01129446 -0.01387852
v 0.04634697 0.01135206 -0.01384159
v 0.04583336 0.01157192 -0.01391532
v 0.04587390 0.01162666 -0.01386675
v 0.04538364 0.01186532 -0.01390589
v 0.05771645 -0.01962415 -0.01489499
v 0.05768820 -0.01962029 -0.01489554
v 0.05766002 -0.01961635 -0.01489742
v 0.04934956 0.00553047 -0.01403314
v 0.04923633 0.00549515 -0.01408295
v 0.05006089 0.00297579 -0.01417093
v 0.05088546 0.00045642 -0.01425890
v 0.05099868 0.00049174 -0.01420909
v 0.05182324 -0.00202763 -0.01429707
v 0.05264781 -0.00454700 -0.01438505
v 0.05347238 -0.00706637 -0.01447302
v 0.05253459 -0.00458232 -0.01443486
v 0.05335915 -0.00710169 -0.01452284
v 0.05541297 -0.01370469 -0.01483081
v 0.05418372 -0.00962105 -0.01461082
v 0.05500828 -0.01214042 -0.01469880
v 0.05512151 -0.01210510 -0.01464898
v 0.05594607 -0.01462447 -0.01473696
v 0.05677063 -0.01714384 -0.01482494
v 0.05763197 -0.01961234 -0.01490063
v 0.05750647 -0.01933560 -0.01489716
v 0.05734889 -0.01895982 -0.01489267
v 0.05715936 -0.01848496 -0.01488703
v 0.05693804 -0.01791098 -0.01488024
v 0.05681014 -0.01757249 -0.01487625
v 0.05651925 -0.01678922 -0.01486702
v 0.05583284 -0.01465979 -0.01478677
v 0.05618925 -0.01588356 -0.01485637
v 0.05582040 -0.01485541 -0.01484430
v 0.05171002 -0.00206295 -0.01434688
v 0.05429694 -0.00958574 -0.01456100
v 0.05017412 0.00301110 -0.01412111
v 0.04776531 0.00727897 -0.01483081
v 0.04754784 0.00780726 -0.01483436
v 0.04729966 0.00830681 -0.01483739
v 0.04702200 0.00877667 -0.01483990
v 0.04671600 0.00921593 -0.01484189
v 0.04670102 0.00923571 -0.01484197
v 0.04635718 0.00965262 -0.01484345
v 0.04598463 0.01003736 -0.01484439
v 0.04558503 0.01038866 -0.01484480
v 0.04516007 0.01070529 -0.01484466
v 0.04470461 0.01099019 -0.01484398
v 0.04422322 0.01123967 -0.01484275
v 0.04371713 0.01145278 -0.01484097
v 0.04318758 0.01162855 -0.01483864
v 0.04265765 0.01176146 -0.01483589
v 0.04210632 0.01185879 -0.01483262
v 0.04153481 0.01191960 -0.01482883
v 0.04094437 0.01194291 -0.01482453
v -0.04099127 0.01194290 -0.01482453
v -0.04164408 0.01191481 -0.01482927
v -0.04227366 0.01184083 -0.01483338
v -0.04287831 0.01172228 -0.01483684
v -0.04345642 0.01156040 -0.01483967
v -0.04401798 0.01135172 -0.01484192
v -0.04455166 0.01109967 -0.01484353
v -0.04505591 0.01080546 -0.01484449
v -0.04552916 0.01047030 -0.01484481
v -0.04624479 0.00982446 -0.01484392
v -0.04686839 0.00907137 -0.01484127
v -0.04739286 0.00821963 -0.01483688
v -0.04781221 0.00727896 -0.01483081
v -0.05545987 -0.01370470 -0.01483081
v -0.05175691 -0.00206296 -0.01434688
v -0.05093235 0.00045641 -0.01425890
v -0.05010779 0.00297578 -0.01417093
v -0.05022101 0.00301109 -0.01412111
v -0.04939645 0.00553046 -0.01403314
v -0.05585633 -0.01482469 -0.01484394
v -0.05505517 -0.01214043 -0.01469880
v -0.05423061 -0.00962106 -0.01461082
v -0.05340604 -0.00710170 -0.01452284
v -0.05351927 -0.00706638 -0.01447302
v -0.05269470 -0.00454701 -0.01438505
v -0.05187014 -0.00202764 -0.01429707
v -0.05104558 0.00049173 -0.01420909
v -0.05587974 -0.01465980 -0.01478677
v -0.05622298 -0.01584720 -0.01485594
v -0.05655744 -0.01676557 -0.01486674
v -0.05685753 -0.01757385 -0.01487626
v -0.05599296 -0.01462448 -0.01473696
v -0.05516840 -0.01210511 -0.01464898
v -0.05767884 -0.01961236 -0.01490050
v -0.05434384 -0.00958575 -0.01456100
v -0.05681752 -0.01714385 -0.01482494
v -0.05712131 -0.01826678 -0.01488445
v -0.05734706 -0.01883985 -0.01489125
v -0.05753331 -0.01928935 -0.01489661
v -0.05770691 -0.01961636 -0.01489742
v -0.05773510 -0.01962030 -0.01489554
v -0.05776334 -0.01962416 -0.01489499
v -0.04928322 0.00549514 -0.01408295
v -0.05258148 -0.00458233 -0.01443486
v -0.07584025 -0.01988289 -0.01489890
v -0.07567944 -0.01551156 -0.01475012
v -0.07552346 -0.01988289 -0.01490403
v -0.07560147 -0.01551156 -0.01475106
v -0.07552346 -0.01542700 -0.01474843
v -0.07552346 -0.01097111 -0.01459282
v -0.07552346 -0.00651522 -0.01443722
v -0.07559260 0.01546317 -0.01366944
v -0.07552346 -0.00205932 -0.01428162
v -0.07552346 0.00239657 -0.01412601
v -0.07552346 0.00685245 -0.01397041
v -0.07552346 0.01130835 -0.01381481
v -0.07566174 0.01546317 -0.01366860
v -0.07579994 0.01546317 -0.01366526
v -0.07607605 0.01546317 -0.01365191
v -0.07662632 0.01546316 -0.01359868
v -0.07614639 -0.01551156 -0.01473124
v -0.07676563 -0.01551157 -0.01467121
v -0.07615631 -0.01988289 -0.01488356
v -0.07687631 -0.01988289 -0.01481036
v -0.07583528 -0.01551156 -0.01474633
v -0.07737947 -0.01551157 -0.01457188
v -0.07802474 -0.01988289 -0.01458164
v -0.07798629 -0.01551157 -0.01443395
v -0.07819906 -0.01988289 -0.01453457
v -0.07858447 -0.01551157 -0.01425813
v -0.07931665 -0.01988289 -0.01415201
v -0.07917258 -0.01551157 -0.01404520
v -0.07974920 -0.01551156 -0.01379595
v -0.07929017 0.01546317 -0.01281662
v -0.07979697 0.01546317 -0.01256052
v -0.08031295 -0.01551156 -0.01351118
v -0.08104116 -0.01551156 -0.01307884
v -0.08065581 -0.01988289 -0.01349383
v -0.08123055 -0.01988289 -0.01313727
v -0.08038577 -0.01988289 -0.01364534
v -0.08173957 -0.01551156 -0.01258977
v -0.08178284 -0.01988289 -0.01274826
v -0.08240625 -0.01551156 -0.01204684
v -0.08281027 -0.01988289 -0.01188732
v -0.08303925 -0.01551156 -0.01145293
v -0.08374270 -0.01988289 -0.01092157
v -0.08363667 -0.01551156 -0.01081090
v -0.08419653 -0.01551156 -0.01012365
v -0.08333636 0.01546317 -0.00946782
v -0.08496075 -0.01551156 -0.00901676
v -0.08457924 -0.01988289 -0.00986221
v -0.08530553 -0.01988289 -0.00874245
v -0.08563007 -0.01551156 -0.00782972
v -0.08592825 -0.01988289 -0.00757024
v -0.08620151 -0.01551156 -0.00657283
v -0.08641241 -0.01988289 -0.00645614
v -0.08667205 -0.01551156 -0.00525640
v -0.08681777 -0.01988289 -0.00530189
v -0.08688547 -0.01988289 -0.00507986
v -0.08703844 -0.01551156 -0.00389291
v -0.08722074 -0.01988289 -0.00377640
v -0.08729861 -0.01551156 -0.00249529
v -0.08745777 -0.01988289 -0.00246155
v -0.08745138 -0.01551156 -0.00107458
v -0.08760018 -0.01988289 -0.00113618
v -0.08764868 -0.01988289 0.00019965
v -0.08760239 -0.01988289 0.00154516
v -0.08746426 -0.01551156 0.00131364
v -0.08749554 -0.01551156 0.00035818
v -0.08637222 0.01546317 -0.00100012
v -0.08738468 -0.01551156 0.00226436
v -0.08746111 -0.01988289 0.00288035
v -0.08725713 -0.01551156 0.00320707
v -0.08722566 -0.01988289 0.00419690
v -0.08708197 -0.01551156 0.00413847
v -0.08685953 -0.01551156 0.00505529
v -0.08581547 0.01546317 0.00477249
v -0.08602443 0.01546317 0.00391088
v -0.08689378 -0.01988289 0.00549438
v -0.08659015 -0.01551156 0.00595423
v -0.08556273 0.01546317 0.00561599
v -0.08627461 -0.01551156 0.00683130
v -0.08646170 -0.01988289 0.00677080
v -0.08591408 -0.01551156 0.00768258
v -0.08593182 -0.01988289 0.00800502
v -0.08550945 -0.01551156 0.00850494
v -0.08530357 -0.01988289 0.00918821
v -0.08506165 -0.01551156 0.00929527
v -0.08457159 -0.01551156 0.01005043
v -0.08368283 0.01546317 0.00943385
v -0.08319217 0.01546317 0.01009580
v -0.08404016 -0.01551156 0.01076729
v -0.08457045 -0.01988289 0.01031698
v -0.08415984 -0.01988289 0.01086206
v -0.08350851 -0.01988289 0.01162536
v -0.08316986 -0.01551155 0.01176178
v -0.08280256 -0.01988289 0.01233634
v -0.08221865 -0.01551154 0.01264942
v -0.08176792 -0.01988289 0.01320133
v -0.08119274 -0.01551155 0.01342128
v -0.08121735 -0.01988289 0.01358829
v -0.08065397 -0.01551156 0.01376043
v -0.08064752 -0.01988289 0.01394102
v -0.08009936 -0.01551156 0.01406645
v -0.08016913 -0.01988289 0.01420223
v -0.07953053 -0.01551156 0.01433776
v -0.07944782 -0.01988289 0.01453974
v -0.07894935 -0.01551157 0.01457324
v -0.07881748 -0.01988289 0.01478273
v -0.07835804 -0.01551157 0.01477185
v -0.07817401 -0.01988289 0.01498396
v -0.07775559 -0.01551157 0.01493353
v -0.07779054 -0.01988289 0.01508209
v -0.07717611 -0.01988289 0.01520688
v -0.07714985 -0.01551157 0.01505614
v -0.07654577 -0.01988289 0.01529302
v -0.07652980 -0.01551156 0.01514122
v -0.07590894 -0.01551156 0.01518609
v -0.07586531 0.01546317 0.01410533
v -0.07552346 0.01130835 0.01425723
v -0.07552346 0.00685245 0.01441284
v -0.07552346 0.00239657 0.01456844
v -0.07552346 -0.00205932 0.01472404
v -0.07552346 -0.00651522 0.01487964
v -0.07552346 -0.01097111 0.01503525
v -0.07552346 -0.01542700 0.01519085
v -0.07552346 -0.01988289 0.01534645
v -0.07591511 -0.01988289 0.01533862
v -0.07641665 0.01546317 0.01406559
v -0.07696475 0.01546316 0.01399061
v -0.07750797 0.01546316 0.01388085
v -0.07805072 0.01546316 0.01373498
v -0.07857426 0.01546316 0.01355887
v -0.07909470 0.01546317 0.01334787
v -0.07960504 0.01546317 0.01310436
v -0.08010418 0.01546317 0.01282881
v -0.08059107 0.01546318 0.01252213
v -0.08152295 0.01546319 0.01182076
v -0.08239219 0.01546318 0.01100968
v -0.08413684 0.01546317 0.00873405
v -0.08455302 0.01546317 0.00799937
v -0.08493019 0.01546317 0.00723282
v -0.08526716 0.01546317 0.00643736
v -0.08618919 0.01546317 0.00303450
v -0.08630931 0.01546317 0.00214671
v -0.08638436 0.01546317 0.00125087
v -0.08641391 0.01546317 0.00035031
v -0.08622823 0.01546317 -0.00233852
v -0.08598348 0.01546317 -0.00365360
v -0.08563953 0.01546317 -0.00493408
v -0.08519883 0.01546317 -0.00616690
v -0.08466545 0.01546317 -0.00734001
v -0.08404331 0.01546317 -0.00844359
v -0.08282076 0.01546317 -0.01010079
v -0.08227270 0.01546317 -0.01068978
v -0.08169423 0.01546317 -0.01123253
v -0.08108742 0.01546317 -0.01172676
v -0.08045432 0.01546317 -0.01217018
v -0.07877349 0.01546316 -0.01304007
v -0.07824776 0.01546316 -0.01323048
v -0.07771376 0.01546316 -0.01338744
v -0.07717273 0.01546316 -0.01351037
v 0.07547655 0.01130836 0.01425723
v 0.07547655 0.00685247 0.01441284
v 0.07547655 0.00239658 0.01456844
v 0.07547655 -0.00205931 0.01472404
v 0.07547655 -0.00651520 0.01487964
v 0.07547655 -0.01097109 0.01503525
v 0.07547655 -0.01542698 0.01519085
v 0.07547655 -0.01988287 0.01534645
v 0.07555410 -0.01551155 0.01519349
v 0.07579146 -0.01988287 0.01534139
v 0.07578651 -0.01551155 0.01518882
v 0.07610564 -0.01988287 0.01532623
v 0.07609578 -0.01551155 0.01517391
v 0.07671137 -0.01551155 0.01511458
v 0.07657288 0.01546313 0.01404195
v 0.07673091 -0.01988287 0.01526596
v 0.07732164 -0.01551156 0.01501642
v 0.07711609 0.01546313 0.01395469
v 0.07792500 -0.01551156 0.01488011
v 0.07796324 -0.01988287 0.01502785
v 0.07815023 -0.01988287 0.01497754
v 0.07851986 -0.01551156 0.01470635
v 0.07925548 -0.01988287 0.01460023
v 0.07910479 -0.01551155 0.01449589
v 0.07967843 -0.01551155 0.01424951
v 0.07922183 0.01546314 0.01326905
v 0.07972611 0.01546314 0.01301590
v 0.08023946 -0.01551154 0.01396799
v 0.08096442 -0.01551154 0.01354051
v 0.08060302 -0.01988287 0.01393968
v 0.08162422 -0.01988287 0.01327346
v 0.08031191 -0.01988287 0.01410235
v 0.08257128 -0.01988287 0.01250579
v 0.08232429 -0.01551154 0.01251985
v 0.08165999 -0.01551154 0.01305686
v 0.08038042 0.01546314 0.01263002
v 0.08295546 -0.01551154 0.01193228
v 0.08344141 -0.01988287 0.01164759
v 0.08355160 -0.01551154 0.01129697
v 0.08423181 -0.01988287 0.01070981
v 0.08411083 -0.01551154 0.01061671
v 0.08487520 -0.01551154 0.00952080
v 0.08396059 0.01546314 0.00894317
v 0.08554591 -0.01551154 0.00834517
v 0.08458383 0.01546314 0.00785046
v 0.08502090 -0.01988287 0.00957796
v 0.08569913 -0.01988287 0.00838494
v 0.08612009 -0.01551154 0.00709983
v 0.08511965 0.01546314 0.00668840
v 0.08659488 -0.01551154 0.00579481
v 0.08627083 -0.01988287 0.00713719
v 0.08674033 -0.01988287 0.00584114
v 0.08696694 -0.01551154 0.00444250
v 0.08712056 -0.01988287 0.00446177
v 0.08723408 -0.01551154 0.00305568
v 0.08738940 -0.01988287 0.00306535
v 0.08739550 -0.01551154 0.00164083
v 0.08754907 -0.01988287 0.00165185
v 0.08744914 -0.01551154 0.00022190
v 0.08760180 -0.01988287 0.00022121
v 0.08742514 -0.01551154 -0.00072893
v 0.08754886 -0.01988287 -0.00120749
v 0.08735333 -0.01551154 -0.00167481
v 0.08738886 -0.01988287 -0.00262234
v 0.08723408 -0.01551154 -0.00261325
v 0.08706769 -0.01551154 -0.00354111
v 0.08600820 0.01546314 -0.00332272
v 0.08580789 0.01546314 -0.00418198
v 0.08685452 -0.01551154 -0.00445520
v 0.08659488 -0.01551154 -0.00535239
v 0.08674033 -0.01988287 -0.00539872
v 0.08628954 -0.01551154 -0.00622854
v 0.08631510 -0.01988287 -0.00658404
v 0.08593960 -0.01551154 -0.00707964
v 0.08580402 -0.01988287 -0.00773116
v 0.08554591 -0.01551154 -0.00790274
v 0.08520512 -0.01988287 -0.00883348
v 0.08510932 -0.01551154 -0.00869486
v 0.08463068 -0.01551154 -0.00945303
v 0.08373397 0.01546314 -0.00884804
v 0.08711995 -0.01988287 -0.00402039
v 0.08451644 -0.01988287 -0.00988443
v 0.08411083 -0.01551154 -0.01017428
v 0.08325367 0.01546314 -0.00951454
v 0.08325801 -0.01551154 -0.01117764
v 0.08352447 -0.01988287 -0.01111417
v 0.08274858 -0.01988287 -0.01190050
v 0.08423181 -0.01988287 -0.01026739
v 0.08232428 -0.01551152 -0.01207670
v 0.08171318 -0.01988287 -0.01276479
v 0.08131598 -0.01551154 -0.01286274
v 0.08116478 -0.01988287 -0.01314965
v 0.08059609 -0.01988287 -0.01350123
v 0.08023946 -0.01551154 -0.01352556
v 0.08031191 -0.01988287 -0.01365993
v 0.07967845 -0.01551155 -0.01380708
v 0.07939500 -0.01988287 -0.01409982
v 0.07910480 -0.01551155 -0.01405346
v 0.07876462 -0.01988287 -0.01434243
v 0.07851986 -0.01551156 -0.01426392
v 0.07812320 -0.01988287 -0.01454262
v 0.07792500 -0.01551156 -0.01443768
v 0.07796324 -0.01988287 -0.01458543
v 0.07731991 -0.01551156 -0.01457433
v 0.07734877 -0.01988287 -0.01472484
v 0.07671137 -0.01551155 -0.01467215
v 0.07673091 -0.01988287 -0.01482353
v 0.07609577 -0.01551155 -0.01473148
v 0.07610564 -0.01988287 -0.01488381
v 0.07578651 -0.01551155 -0.01474639
v 0.07547655 -0.01988287 -0.01490403
v 0.07563160 -0.01551155 -0.01475013
v 0.07547655 -0.01542698 -0.01474843
v 0.07547655 -0.01097109 -0.01459282
v 0.07547655 -0.00651520 -0.01443722
v 0.07547655 -0.00205931 -0.01428162
v 0.07561401 0.01546314 -0.01366862
v 0.07547655 0.00239658 -0.01412601
v 0.07547655 0.00685247 -0.01397041
v 0.07547655 0.01130836 -0.01381481
v 0.07575139 0.01546314 -0.01366532
v 0.07602586 0.01546314 -0.01365213
v 0.07657288 0.01546313 -0.01359953
v 0.07711607 0.01546313 -0.01351226
v 0.07765402 0.01546312 -0.01339077
v 0.07818523 0.01546313 -0.01323554
v 0.07870845 0.01546313 -0.01304717
v 0.07922248 0.01546314 -0.01282627
v 0.07972611 0.01546314 -0.01257348
v 0.08069803 0.01546315 -0.01197468
v 0.08161507 0.01546316 -0.01125957
v 0.08246914 0.01546315 -0.01043735
v 0.08417770 0.01546314 -0.00814498
v 0.08458373 0.01546314 -0.00740821
v 0.08495092 0.01546314 -0.00664057
v 0.08527814 0.01546314 -0.00584492
v 0.08556424 0.01546314 -0.00502409
v 0.08616474 0.01546314 -0.00244954
v 0.08627709 0.01546314 -0.00156567
v 0.08634482 0.01546314 -0.00067434
v 0.08636748 0.01546314 0.00022643
v 0.08631656 0.01546314 0.00156314
v 0.08616473 0.01546314 0.00289200
v 0.08591347 0.01546314 0.00419676
v 0.08556424 0.01546314 0.00546652
v 0.08325367 0.01546314 0.00995697
v 0.08273876 0.01546314 0.01058332
v 0.08219199 0.01546314 0.01116603
v 0.08101083 0.01546314 0.01219160
v 0.08161535 0.01546314 0.01170286
v 0.07870787 0.01546313 0.01348990
v 0.07818501 0.01546313 0.01367809
v 0.07765402 0.01546312 0.01383319
v 0.07602586 0.01546314 0.01409455
v 0.07575139 0.01546314 0.01410774
v 0.07554528 0.01546314 0.01411187
v 0.05721433 -0.01987435 -0.01490373
v 0.05729301 -0.01985479 -0.01490305
v 0.05742361 -0.01980172 -0.01490120
v 0.05755201 -0.01973028 -0.01489870
v 0.05771494 -0.01962516 -0.01489503
v -0.05776183 -0.01962517 -0.01489503
v -0.05759890 -0.01973030 -0.01489870
v -0.05747049 -0.01980175 -0.01490120
v -0.05733987 -0.01985481 -0.01490305
v -0.05726120 -0.01987436 -0.01490373
v 0.05635263 -0.01988265 -0.01490402
v 0.05637025 -0.01988259 -0.01490402
v 0.05635594 -0.01988190 -0.01490400
v 0.05636669 -0.01988165 -0.01490399
v 0.05635904 -0.01988055 -0.01490395
v 0.05636360 -0.01988007 -0.01490393
v 0.05636045 -0.01987962 -0.01490392
v 0.05636173 -0.01987851 -0.01490388
v -0.05640881 -0.01987852 -0.01490388
v -0.05640753 -0.01987963 -0.01490392
v -0.05641143 -0.01988054 -0.01490395
v -0.05640612 -0.01988056 -0.01490395
v -0.05641446 -0.01988190 -0.01490399
v -0.05640303 -0.01988191 -0.01490400
v -0.05641769 -0.01988265 -0.01490402
v -0.05639971 -0.01988266 -0.01490402
v 0.05759490 -0.01958587 -0.01490303
v 0.05760463 -0.01958055 -0.01490179
v 0.05753197 -0.01942681 -0.01490074
v 0.05751996 -0.01943279 -0.01490257
v 0.05743217 -0.01924205 -0.01490199
v 0.05741782 -0.01924902 -0.01490352
v 0.05731391 -0.01901857 -0.01490334
v 0.05719530 -0.01874465 -0.01490314
v 0.05708321 -0.01847770 -0.01490294
v 0.05686480 -0.01794082 -0.01490253
v 0.05758513 -0.01959124 -0.01490378
v 0.05750794 -0.01943895 -0.01490366
v 0.05666545 -0.01743614 -0.01490215
v 0.05644193 -0.01685774 -0.01490171
v 0.05619362 -0.01620290 -0.01490121
v 0.05647321 -0.01684527 -0.01489470
v 0.05622808 -0.01618936 -0.01489269
v 0.05650349 -0.01683381 -0.01488314
v 0.05626117 -0.01617713 -0.01487866
v 0.05599336 -0.01544109 -0.01487360
v 0.05579757 -0.01489726 -0.01486984
v 0.05575997 -0.01491102 -0.01488871
v 0.05555442 -0.01434096 -0.01488692
v 0.05551216 -0.01435656 -0.01489979
v 0.05530768 -0.01374306 -0.01489551
v 0.05571996 -0.01492606 -0.01490023
v 0.05591980 -0.01546867 -0.01490065
v 0.05536433 -0.01372242 -0.01487054
v 0.05559372 -0.01432657 -0.01486588
v 0.05672106 -0.01741405 -0.01488709
v 0.05669365 -0.01742483 -0.01489647
v 0.05691454 -0.01792056 -0.01489053
v 0.05688998 -0.01793056 -0.01489801
v 0.05712567 -0.01845971 -0.01489418
v 0.05710461 -0.01846855 -0.01489964
v 0.05723359 -0.01872797 -0.01489600
v 0.05734734 -0.01900343 -0.01489786
v 0.05744650 -0.01923539 -0.01489944
v 0.05733066 -0.01901081 -0.01490128
v 0.05721454 -0.01873613 -0.01490045
v 0.05595754 -0.01545420 -0.01489041
v 0.05488635 -0.01241094 -0.01487054
v 0.05440838 -0.01109946 -0.01487054
v 0.05393039 -0.00978798 -0.01487054
v 0.05387374 -0.00980863 -0.01489551
v 0.05339576 -0.00849715 -0.01489551
v 0.05291779 -0.00718567 -0.01489551
v 0.05243981 -0.00587420 -0.01489551
v 0.05297444 -0.00716503 -0.01487054
v 0.05249646 -0.00585355 -0.01487054
v 0.05201848 -0.00454207 -0.01487054
v 0.05154050 -0.00323059 -0.01487054
v 0.05148385 -0.00325124 -0.01489551
v 0.05100587 -0.00193976 -0.01489551
v 0.05052790 -0.00062828 -0.01489551
v 0.05004991 0.00068320 -0.01489551
v 0.05058454 -0.00060763 -0.01487054
v 0.05010656 0.00070384 -0.01487054
v 0.04962859 0.00201532 -0.01487054
v 0.04915060 0.00332680 -0.01487054
v 0.04909396 0.00330615 -0.01489551
v 0.04861598 0.00461763 -0.01489551
v 0.04813800 0.00592911 -0.01489551
v 0.04766002 0.00724059 -0.01489551
v 0.04819465 0.00594976 -0.01487054
v 0.04771667 0.00726124 -0.01487054
v 0.05482970 -0.01243159 -0.01489551
v 0.05196182 -0.00456272 -0.01489551
v 0.05106252 -0.00191911 -0.01487054
v 0.05435172 -0.01112011 -0.01489551
v 0.05345241 -0.00847651 -0.01487054
v 0.04957193 0.00199468 -0.01489551
v 0.04867262 0.00463828 -0.01487054
v 0.04751303 0.00779422 -0.01486375
v 0.04747399 0.00777679 -0.01488596
v 0.04743178 0.00775796 -0.01489955
v 0.04718705 0.00825454 -0.01489976
v 0.04722688 0.00827593 -0.01488678
v 0.04726388 0.00829580 -0.01486557
v 0.04698339 0.00876952 -0.01486707
v 0.04667229 0.00921403 -0.01486826
v 0.04633132 0.00962797 -0.01486913
v 0.04596157 0.01001027 -0.01486969
v 0.04556411 0.01035994 -0.01486993
v 0.04514002 0.01067592 -0.01486985
v 0.04469039 0.01095721 -0.01486945
v 0.04421656 0.01120314 -0.01486874
v 0.04371992 0.01141308 -0.01486771
v 0.04320181 0.01158640 -0.01486636
v 0.04266362 0.01172246 -0.01486470
v 0.04210695 0.01182102 -0.01486273
v 0.04153334 0.01188189 -0.01486045
v 0.04094437 0.01190436 -0.01485819
v 0.04094437 0.01185976 -0.01488329
v 0.04153044 0.01183790 -0.01488447
v 0.04094437 0.01181098 -0.01489879
v 0.04152729 0.01179002 -0.01489919
v 0.04209489 0.01173188 -0.01489944
v 0.04264560 0.01163627 -0.01489966
v 0.04317788 0.01150336 -0.01489984
v 0.04319028 0.01154639 -0.01488714
v 0.04370556 0.01137464 -0.01488775
v 0.04691118 0.00872339 -0.01489992
v 0.04694856 0.00874727 -0.01488746
v 0.04660487 0.00916315 -0.01490006
v 0.04663973 0.00918946 -0.01488800
v 0.04626887 0.00957249 -0.01490015
v 0.04630113 0.00960115 -0.01488839
v 0.04590424 0.00995034 -0.01490021
v 0.04593383 0.00998128 -0.01488865
v 0.04551205 0.01029570 -0.01490024
v 0.04553893 0.01032886 -0.01488876
v 0.04509336 0.01060755 -0.01490023
v 0.04511745 0.01064285 -0.01488872
v 0.04464925 0.01088489 -0.01490019
v 0.04418107 0.01112704 -0.01490011
v 0.04369016 0.01133342 -0.01489999
v 0.04467050 0.01092224 -0.01488854
v 0.04419941 0.01116636 -0.01488821
v 0.04265495 0.01168099 -0.01488639
v 0.04210115 0.01177823 -0.01488550
v 0.03985189 0.01190436 -0.01485819
v 0.03875942 0.01190436 -0.01485819
v 0.03766695 0.01190436 -0.01485819
v 0.03766695 0.01185976 -0.01488329
v 0.03657447 0.01185976 -0.01488329
v 0.03657447 0.01181098 -0.01489879
v 0.03548200 0.01181098 -0.01489879
v 0.03438952 0.01181098 -0.01489879
v 0.03329704 0.01181098 -0.01489879
v 0.03438952 0.01185976 -0.01488329
v 0.03329704 0.01185976 -0.01488329
v 0.03438952 0.01190436 -0.01485819
v 0.03329704 0.01190436 -0.01485819
v 0.03220457 0.01190436 -0.01485819
v 0.03111209 0.01190436 -0.01485819
v 0.03111209 0.01185976 -0.01488329
v 0.03001961 0.01185976 -0.01488329
v 0.03001961 0.01181098 -0.01489879
v 0.02892714 0.01181098 -0.01489879
v 0.02783467 0.01181098 -0.01489879
v 0.02674219 0.01181098 -0.01489879
v 0.02783467 0.01185976 -0.01488329
v 0.02674219 0.01185976 -0.01488329
v 0.02783467 0.01190436 -0.01485819
v 0.02674219 0.01190436 -0.01485819
v 0.02564972 0.01190435 -0.01485819
v 0.02455724 0.01190435 -0.01485819
v 0.02455724 0.01185976 -0.01488329
v 0.02346476 0.01185976 -0.01488329
v 0.02346476 0.01181098 -0.01489879
v 0.02237229 0.01181098 -0.01489879
v 0.02127982 0.01181098 -0.01489879
v 0.02018734 0.01181098 -0.01489879
v 0.02127982 0.01185976 -0.01488329
v 0.02018734 0.01185976 -0.01488329
v 0.02127982 0.01190435 -0.01485819
v 0.02018734 0.01190435 -0.01485819
v 0.01909486 0.01190435 -0.01485819
v 0.01800239 0.01190435 -0.01485819
v 0.01800239 0.01185976 -0.01488329
v 0.01690991 0.01185976 -0.01488329
v 0.01690991 0.01181098 -0.01489879
v 0.01581744 0.01181098 -0.01489879
v 0.01472496 0.01181098 -0.01489879
v 0.01363249 0.01181098 -0.01489879
v 0.01472496 0.01185976 -0.01488329
v 0.01363249 0.01185976 -0.01488329
v 0.01472496 0.01190435 -0.01485819
v 0.01363249 0.01190435 -0.01485819
v 0.01254001 0.01190435 -0.01485819
v 0.01144754 0.01190435 -0.01485819
v 0.01144754 0.01185976 -0.01488329
v 0.01035506 0.01185976 -0.01488329
v 0.01035506 0.01181098 -0.01489879
v 0.00926259 0.01181098 -0.01489879
v 0.00817011 0.01181098 -0.01489879
v 0.00707764 0.01181098 -0.01489879
v 0.00817011 0.01185976 -0.01488329
v 0.00707764 0.01185976 -0.01488329
v 0.00817011 0.01190435 -0.01485819
v 0.00707764 0.01190435 -0.01485819
v 0.00598516 0.01190435 -0.01485819
v 0.00489269 0.01190435 -0.01485819
v 0.00489269 0.01185976 -0.01488329
v 0.00380021 0.01185976 -0.01488329
v 0.00380021 0.01181098 -0.01489879
v 0.00270774 0.01181098 -0.01489879
v 0.00161526 0.01181098 -0.01489879
v 0.00052279 0.01181098 -0.01489879
v 0.00161526 0.01185976 -0.01488329
v 0.00052279 0.01185976 -0.01488329
v 0.00161526 0.01190435 -0.01485819
v 0.00052279 0.01190435 -0.01485819
v -0.00056969 0.01190435 -0.01485819
v -0.00166216 0.01190435 -0.01485819
v -0.00275464 0.01190435 -0.01485819
v -0.00275464 0.01185976 -0.01488329
v -0.00384711 0.01185976 -0.01488329
v -0.00384711 0.01181098 -0.01489879
v -0.00493959 0.01181098 -0.01489879
v -0.00603206 0.01181098 -0.01489879
v -0.00712454 0.01181098 -0.01489879
v -0.00603206 0.01185975 -0.01488329
v -0.00712454 0.01185975 -0.01488329
v -0.00603206 0.01190435 -0.01485819
v -0.00712454 0.01190435 -0.01485819
v -0.00821701 0.01190435 -0.01485819
v -0.00930949 0.01190435 -0.01485819
v -0.00930949 0.01185975 -0.01488329
v -0.01040197 0.01185975 -0.01488329
v -0.01040197 0.01181098 -0.01489879
v -0.01149444 0.01181098 -0.01489879
v -0.01258691 0.01181098 -0.01489879
v -0.01367939 0.01181098 -0.01489879
v -0.01258691 0.01185975 -0.01488329
v -0.01367939 0.01185975 -0.01488329
v -0.01258691 0.01190435 -0.01485819
v -0.01367939 0.01190435 -0.01485819
v -0.01477186 0.01190435 -0.01485819
v -0.01586434 0.01190435 -0.01485819
v -0.01586434 0.01185975 -0.01488329
v -0.01695682 0.01185975 -0.01488329
v -0.01695682 0.01181098 -0.01489879
v -0.01804929 0.01181098 -0.01489879
v -0.01914177 0.01181098 -0.01489879
v -0.02023424 0.01181098 -0.01489879
v -0.01914177 0.01185975 -0.01488329
v -0.02023424 0.01185975 -0.01488329
v -0.01914177 0.01190435 -0.01485819
v -0.02023424 0.01190435 -0.01485819
v -0.02132672 0.01190435 -0.01485819
v -0.02241919 0.01190435 -0.01485819
v -0.02241919 0.01185975 -0.01488329
v -0.02351167 0.01185975 -0.01488329
v -0.02351167 0.01181098 -0.01489879
v -0.02460414 0.01181098 -0.01489879
v -0.02569662 0.01181098 -0.01489879
v -0.02678909 0.01181097 -0.01489879
v -0.02569662 0.01185975 -0.01488329
v -0.02678909 0.01185975 -0.01488329
v -0.02569662 0.01190435 -0.01485819
v -0.02678909 0.01190435 -0.01485819
v -0.02788157 0.01190435 -0.01485819
v -0.02897404 0.01190435 -0.01485819
v -0.02897404 0.01185975 -0.01488329
v -0.03006652 0.01185975 -0.01488329
v -0.03006652 0.01181097 -0.01489879
v -0.03115899 0.01181097 -0.01489879
v -0.03225146 0.01181097 -0.01489879
v -0.03334394 0.01181097 -0.01489879
v -0.03225146 0.01185975 -0.01488329
v -0.03334394 0.01185975 -0.01488329
v -0.03225146 0.01190435 -0.01485819
v -0.03334394 0.01190435 -0.01485819
v -0.03443641 0.01190435 -0.01485819
v -0.03552889 0.01190435 -0.01485819
v -0.03552889 0.01185975 -0.01488329
v -0.03662136 0.01185975 -0.01488329
v -0.03662136 0.01181097 -0.01489879
v -0.03771384 0.01181097 -0.01489879
v -0.03880632 0.01181097 -0.01489879
v -0.03989879 0.01181097 -0.01489879
v -0.03880632 0.01185975 -0.01488329
v -0.03989879 0.01185975 -0.01488329
v -0.03880632 0.01190435 -0.01485819
v -0.03989879 0.01190435 -0.01485819
v -0.04099127 0.01190435 -0.01485819
v -0.04099127 0.01185975 -0.01488329
v -0.04099127 0.01181097 -0.01489879
v 0.03985189 0.01185976 -0.01488329
v 0.03985189 0.01181098 -0.01489879
v -0.00056969 0.01181098 -0.01489879
v -0.00056969 0.01185976 -0.01488329
v 0.03875942 0.01185976 -0.01488329
v 0.03875942 0.01181098 -0.01489879
v 0.03657447 0.01190436 -0.01485819
v 0.03548200 0.01190436 -0.01485819
v 0.03548200 0.01185976 -0.01488329
v 0.03220457 0.01185976 -0.01488329
v 0.03220457 0.01181098 -0.01489879
v 0.03001961 0.01190436 -0.01485819
v 0.02892714 0.01190436 -0.01485819
v 0.02892714 0.01185976 -0.01488329
v 0.02564972 0.01185976 -0.01488329
v 0.02564972 0.01181098 -0.01489879
v 0.02346476 0.01190435 -0.01485819
v 0.02237229 0.01190435 -0.01485819
v 0.02237229 0.01185976 -0.01488329
v 0.01909486 0.01185976 -0.01488329
v 0.01909486 0.01181098 -0.01489879
v 0.01690991 0.01190435 -0.01485819
v 0.01581744 0.01190435 -0.01485819
v 0.01581744 0.01185976 -0.01488329
v 0.01254001 0.01185976 -0.01488329
v 0.01254001 0.01181098 -0.01489879
v 0.01035506 0.01190435 -0.01485819
v 0.00926259 0.01190435 -0.01485819
v 0.00926259 0.01185976 -0.01488329
v 0.00598516 0.01185976 -0.01488329
v 0.00598516 0.01181098 -0.01489879
v 0.00380021 0.01190435 -0.01485819
v 0.00270774 0.01190435 -0.01485819
v 0.00270774 0.01185976 -0.01488329
v -0.00166216 0.01185976 -0.01488329
v -0.00166216 0.01181098 -0.01489879
v -0.00384711 0.01190435 -0.01485819
v -0.00493959 0.01190435 -0.01485819
v -0.00493959 0.01185976 -0.01488329
v -0.00821701 0.01185975 -0.01488329
v -0.00821701 0.01181098 -0.01489879
v -0.01040197 0.01190435 -0.01485819
v -0.01149444 0.01190435 -0.01485819
v -0.01149444 0.01185975 -0.01488329
v -0.01477186 0.01185975 -0.01488329
v -0.01477186 0.01181098 -0.01489879
v -0.01695682 0.01190435 -0.01485819
v -0.01804929 0.01190435 -0.01485819
v -0.01804929 0.01185975 -0.01488329
v -0.02132672 0.01185975 -0.01488329
v -0.02132672 0.01181098 -0.01489879
v -0.02351167 0.01190435 -0.01485819
v -0.02460414 0.01190435 -0.01485819
v -0.02460414 0.01185975 -0.01488329
v -0.02788157 0.01185975 -0.01488329
v -0.02788157 0.01181097 -0.01489879
v -0.03006652 0.01190435 -0.01485819
v -0.03115899 0.01190435 -0.01485819
v -0.03115899 0.01185975 -0.01488329
v -0.03443641 0.01185975 -0.01488329
v -0.03443641 0.01181097 -0.01489879
v -0.03662136 0.01190435 -0.01485819
v -0.03771384 0.01190435 -0.01485819
v -0.03771384 0.01185975 -0.01488329
v 0.03766695 0.01181098 -0.01489879
v 0.03111209 0.01181098 -0.01489879
v 0.02455724 0.01181098 -0.01489879
v 0.01800239 0.01181098 -0.01489879
v 0.01144754 0.01181098 -0.01489879
v 0.00489269 0.01181098 -0.01489879
v -0.00275464 0.01181098 -0.01489879
v -0.00930949 0.01181098 -0.01489879
v -0.01586434 0.01181098 -0.01489879
v -0.02241919 0.01181098 -0.01489879
v -0.02897404 0.01181097 -0.01489879
v -0.03552889 0.01181097 -0.01489879
v -0.04504169 0.01067343 -0.01490023
v -0.04546564 0.01038854 -0.01489720
v -0.04506513 0.01070919 -0.01488869
v -0.04549929 0.01043186 -0.01487710
v -0.04508710 0.01074271 -0.01486979
v -0.04464284 0.01101000 -0.01486933
v -0.04417581 0.01124352 -0.01486858
v -0.04368726 0.01144261 -0.01486752
v -0.04344536 0.01152577 -0.01486690
v -0.04286376 0.01168794 -0.01486520
v -0.04225951 0.01180536 -0.01486312
v -0.04163467 0.01187776 -0.01486068
v -0.04163150 0.01183388 -0.01488457
v -0.04162806 0.01178615 -0.01489921
v -0.04224633 0.01171675 -0.01489948
v -0.04225318 0.01176280 -0.01488568
v -0.04284406 0.01160261 -0.01489971
v -0.04285428 0.01164686 -0.01488662
v -0.04341925 0.01144398 -0.01489990
v -0.04343277 0.01148633 -0.01488739
v -0.04365841 0.01136241 -0.01489997
v -0.04414135 0.01116678 -0.01490009
v -0.04460284 0.01093690 -0.01490017
v -0.04462350 0.01097465 -0.01488848
v -0.04415916 0.01120644 -0.01488814
v -0.04367333 0.01140391 -0.01488766
v -0.04776357 0.00726123 -0.01487054
v -0.04757419 0.00776220 -0.01486363
v -0.04734310 0.00823466 -0.01486536
v -0.04708445 0.00868261 -0.01486681
v -0.04730578 0.00821505 -0.01488669
v -0.04704912 0.00866073 -0.01488735
v -0.04726570 0.00819402 -0.01489973
v -0.04701136 0.00863739 -0.01489989
v -0.04673036 0.00905546 -0.01490002
v -0.04613676 0.00976499 -0.01490019
v -0.04616765 0.00979476 -0.01488854
v -0.04619667 0.00982272 -0.01486945
v -0.04679898 0.00910516 -0.01486799
v -0.04749266 0.00772626 -0.01489954
v -0.04770691 0.00724058 -0.01489551
v -0.04753500 0.00774492 -0.01488591
v -0.04676575 0.00908109 -0.01488788
v -0.04824154 0.00594975 -0.01487054
v -0.04871952 0.00463827 -0.01487054
v -0.04919749 0.00332679 -0.01487054
v -0.04914085 0.00330615 -0.01489551
v -0.04961883 0.00199467 -0.01489551
v -0.05009680 0.00068319 -0.01489551
v -0.05057479 -0.00062829 -0.01489551
v -0.05015346 0.00070384 -0.01487054
v -0.05063143 -0.00060764 -0.01487054
v -0.05110941 -0.00191912 -0.01487054
v -0.05158739 -0.00323060 -0.01487054
v -0.05153074 -0.00325125 -0.01489551
v -0.05200872 -0.00456273 -0.01489551
v -0.05248670 -0.00587420 -0.01489551
v -0.05296468 -0.00718568 -0.01489551
v -0.05254335 -0.00585356 -0.01487054
v -0.05302133 -0.00716504 -0.01487054
v -0.05349931 -0.00847652 -0.01487054
v -0.05397729 -0.00978799 -0.01487054
v -0.05392063 -0.00980864 -0.01489551
v -0.05439861 -0.01112012 -0.01489551
v -0.05487660 -0.01243160 -0.01489551
v -0.05535457 -0.01374307 -0.01489551
v -0.05493325 -0.01241095 -0.01487054
v -0.05541122 -0.01372243 -0.01487054
v -0.04818489 0.00592910 -0.01489551
v -0.05105277 -0.00193977 -0.01489551
v -0.05206537 -0.00454208 -0.01487054
v -0.04866287 0.00461762 -0.01489551
v -0.04967548 0.00201531 -0.01487054
v -0.05344266 -0.00849716 -0.01489551
v -0.05445527 -0.01109947 -0.01487054
v -0.05758917 -0.01947950 -0.01490271
v -0.05757779 -0.01948544 -0.01490370
v -0.05742899 -0.01917100 -0.01490346
v -0.05724219 -0.01874466 -0.01490314
v -0.05702256 -0.01821578 -0.01490274
v -0.05691169 -0.01794083 -0.01490253
v -0.05676442 -0.01756914 -0.01490225
v -0.05679186 -0.01755810 -0.01489688
v -0.05663337 -0.01714444 -0.01489562
v -0.05666221 -0.01713332 -0.01488518
v -0.05649215 -0.01667693 -0.01488207
v -0.05630806 -0.01617715 -0.01487866
v -0.05610964 -0.01563272 -0.01487492
v -0.05589652 -0.01504230 -0.01487085
v -0.05566833 -0.01440443 -0.01486642
v -0.05585939 -0.01505589 -0.01488917
v -0.05562925 -0.01441874 -0.01488717
v -0.05581997 -0.01507079 -0.01490034
v -0.05558730 -0.01443426 -0.01489985
v -0.05760054 -0.01947371 -0.01490106
v -0.05745937 -0.01915683 -0.01489890
v -0.05728049 -0.01872799 -0.01489600
v -0.05706874 -0.01819663 -0.01489240
v -0.05696143 -0.01792057 -0.01489053
v -0.05704588 -0.01820608 -0.01489885
v -0.05693687 -0.01793057 -0.01489801
v -0.05681855 -0.01754750 -0.01488800
v -0.05603759 -0.01565985 -0.01490080
v -0.05624051 -0.01620291 -0.01490121
v -0.05642910 -0.01670131 -0.01490159
v -0.05627497 -0.01618938 -0.01489269
v -0.05646117 -0.01668857 -0.01489422
v -0.05660364 -0.01715633 -0.01490194
v -0.05744419 -0.01916374 -0.01490175
v -0.05726143 -0.01873614 -0.01490045
v -0.05607450 -0.01564560 -0.01489101
v -0.07550204 -0.01958289 0.00689394
v -0.07521226 -0.01988289 0.00681629
v -0.07545896 -0.01958289 0.00722121
v -0.07515895 -0.01988289 0.00722121
v -0.07550204 -0.01958289 0.00754849
v -0.07521226 -0.01988289 0.00762614
v -0.07562837 -0.01958289 0.00785346
v -0.07536855 -0.01988289 0.00800346
v -0.07582932 -0.01958289 0.00811535
v -0.07561719 -0.01988289 0.00832748
v -0.07609121 -0.01958289 0.00831630
v -0.07594121 -0.01988289 0.00857611
v -0.07639618 -0.01958289 0.00844263
v -0.07631853 -0.01988289 0.00873240
v -0.07672346 -0.01958289 0.00848571
v -0.07672346 -0.01988289 0.00878571
v -0.07705073 -0.01958289 0.00844263
v -0.07712837 -0.01988289 0.00873240
v -0.07735571 -0.01958289 0.00831630
v -0.07750570 -0.01988289 0.00857611
v -0.07761759 -0.01958289 0.00811535
v -0.07782973 -0.01988289 0.00832748
v -0.07781854 -0.01958289 0.00785346
v -0.07807835 -0.01988289 0.00800346
v -0.07794487 -0.01958289 0.00754849
v -0.07823464 -0.01988289 0.00762614
v -0.07798795 -0.01958289 0.00722121
v -0.07828795 -0.01988289 0.00722121
v -0.07794487 -0.01958289 0.00689394
v -0.07823464 -0.01988289 0.00681629
v -0.07781854 -0.01958289 0.00658896
v -0.07807835 -0.01988289 0.00643896
v -0.07761759 -0.01958289 0.00632708
v -0.07782973 -0.01988289 0.00611494
v -0.07735571 -0.01958289 0.00612612
v -0.07750570 -0.01988289 0.00586632
v -0.07705073 -0.01958289 0.00599980
v -0.07712837 -0.01988289 0.00571002
v -0.07672346 -0.01958289 0.00595671
v -0.07672346 -0.01988289 0.00565671
v -0.07639618 -0.01958289 0.00599980
v -0.07631853 -0.01988289 0.00571002
v -0.07609121 -0.01958289 0.00612612
v -0.07594121 -0.01988289 0.00586632
v -0.07582932 -0.01958289 0.00632708
v -0.07561719 -0.01988289 0.00611494
v -0.07562837 -0.01958289 0.00658896
v -0.07536855 -0.01988289 0.00643896
v 0.05608939 -0.01988287 -0.00864389
v 0.05804757 -0.01988287 -0.00864389
v 0.06102309 -0.01988287 -0.00864389
v 0.05849751 -0.01988287 -0.00855012
v 0.06056214 -0.01988287 -0.00751631
v 0.05891539 -0.01988287 -0.00751631
v 0.06520474 -0.01988287 -0.00867731
v 0.06291100 -0.01988287 -0.00864389
v 0.06500494 -0.01988287 -0.00866336
v 0.06308319 -0.01988287 -0.00863017
v 0.06480744 -0.01988287 -0.00862227
v 0.06324948 -0.01988287 -0.00858648
v 0.06461897 -0.01988287 -0.00855511
v 0.06340396 -0.01988287 -0.00851053
v 0.06444309 -0.01988287 -0.00846103
v 0.06353883 -0.01988287 -0.00840441
v 0.06428634 -0.01988287 -0.00833877
v 0.06364989 -0.01988287 -0.00827234
v 0.06415822 -0.01988287 -0.00818874
v 0.06373397 -0.01988287 -0.00812146
v 0.06406824 -0.01988287 -0.00801344
v 0.06379072 -0.01988287 -0.00795745
v 0.06402411 -0.01988287 -0.00782224
v 0.06381981 -0.01988287 -0.00778641
v 0.06401411 -0.01988287 -0.00775127
v 0.06382211 -0.01988287 -0.00763115
v 0.06416743 -0.01988287 -0.00773198
v 0.06625101 -0.01988287 -0.00752803
v 0.06626946 -0.01988287 -0.00769836
v 0.06417741 -0.01988287 -0.00780329
v 0.06625191 -0.01988287 -0.00786049
v 0.06421629 -0.01988287 -0.00796810
v 0.06619871 -0.01988287 -0.00801144
v 0.06429637 -0.01988287 -0.00811825
v 0.06611080 -0.01988287 -0.00814849
v 0.06440989 -0.01988287 -0.00824558
v 0.06602440 -0.01988287 -0.00823949
v 0.06592575 -0.01988287 -0.00831752
v 0.06454770 -0.01988287 -0.00834836
v 0.06470127 -0.01988287 -0.00842685
v 0.06549438 -0.01988287 -0.00864986
v 0.07667655 -0.01988287 -0.00834329
v 0.07745881 -0.01988287 -0.00813369
v 0.07708147 -0.01988287 -0.00828998
v 0.07818774 -0.01988287 -0.00718371
v 0.07803145 -0.01988287 -0.00756104
v 0.07778282 -0.01988287 -0.00788506
v 0.07803145 -0.01988287 -0.00599654
v 0.07818774 -0.01988287 -0.00637387
v 0.07824106 -0.01988287 -0.00677879
v 0.07708147 -0.01988287 -0.00526760
v 0.07745881 -0.01988287 -0.00542389
v 0.07778282 -0.01988287 -0.00567252
v 0.07667655 -0.01988287 -0.00521429
v 0.06521680 -0.01988287 -0.00516677
v 0.05980835 -0.01988287 -0.00515988
v 0.05967434 -0.01988287 -0.00515988
v 0.05608939 -0.01988287 -0.00521259
v 0.05624338 -0.01988287 -0.00521259
v 0.03420868 -0.01988288 -0.00394284
v 0.05352142 -0.01988287 -0.00520776
v 0.05385524 -0.01988287 -0.00524104
v 0.05417587 -0.01988287 -0.00534015
v 0.07667655 -0.01988287 0.00565671
v 0.07627162 -0.01988287 0.00571002
v 0.01255937 -0.01988288 0.00007081
v 0.01321564 -0.01988288 -0.00048970
v 0.07708147 -0.01988287 0.00571002
v 0.07745881 -0.01988287 0.00586632
v 0.07778282 -0.01988287 0.00611494
v 0.07803145 -0.01988287 0.00643896
v 0.07818774 -0.01988287 0.00681629
v 0.07824106 -0.01988287 0.00722121
v 0.07818774 -0.01988287 0.00762614
v 0.07803145 -0.01988287 0.00800346
v 0.07778282 -0.01988287 0.00832748
v 0.07745881 -0.01988287 0.00857611
v 0.07708147 -0.01988287 0.00873240
v 0.07667655 -0.01988287 0.00878571
v 0.07627162 -0.01988287 0.00873240
v -0.00149647 -0.01988288 0.00959822
v 0.00147307 -0.01988288 0.00959822
v 0.00243664 -0.01988288 0.00959822
v 0.00236824 -0.01988288 0.00959189
v 0.00230484 -0.01988288 0.00957290
v 0.00224806 -0.01988288 0.00954243
v 0.00219967 -0.01988288 0.00950190
v 0.00216003 -0.01988288 0.00945245
v 0.00212990 -0.01988288 0.00939538
v 0.00211088 -0.01988288 0.00933260
v 0.00210454 -0.01988288 0.00926604
v 0.00147307 -0.01988288 0.00893889
v 0.00117633 -0.01988288 0.00811220
v -0.00116936 -0.01988288 0.00893889
v -0.00090564 -0.01988288 0.00811220
v -0.00116936 -0.01988288 0.00688737
v -0.00090564 -0.01988288 0.00744780
v 0.00117633 -0.01988288 0.00744780
v 0.00147307 -0.01988288 0.00662107
v 0.00210454 -0.01988288 0.00629404
v 0.00147307 -0.01988288 0.00596178
v 0.00211088 -0.01988288 0.00622555
v 0.00212990 -0.01988288 0.00616216
v 0.00216002 -0.01988288 0.00610540
v 0.00219967 -0.01988288 0.00605691
v 0.00224809 -0.01988288 0.00601729
v 0.00230484 -0.01988288 0.00598718
v 0.00236826 -0.01988288 0.00596816
v 0.00243669 -0.01988288 0.00596182
v 0.00932655 -0.01988288 0.00112121
v 0.00421687 -0.01988288 0.00596182
v 0.00453196 -0.01988288 0.00599034
v 0.01018694 -0.01988288 0.00105350
v 0.00482294 -0.01988288 0.00607592
v 0.00508286 -0.01988288 0.00621187
v 0.01102615 -0.01988288 0.00085202
v 0.07589430 -0.01988287 0.00586632
v 0.01182350 -0.01988288 0.00052175
v -0.00568576 -0.01988288 0.00959822
v -0.01326253 -0.01988288 -0.00048970
v -0.01382304 -0.01988288 -0.00114597
v -0.07631853 -0.01988289 -0.00526760
v -0.07672346 -0.01988289 -0.00521429
v -0.07712837 -0.01988289 -0.00526760
v -0.07750570 -0.01988289 -0.00542389
v -0.07782973 -0.01988289 -0.00567252
v -0.07807835 -0.01988289 -0.00599654
v -0.07823464 -0.01988289 -0.00637387
v -0.07828795 -0.01988289 -0.00677879
v -0.07823464 -0.01988289 -0.00718371
v -0.07807835 -0.01988289 -0.00756104
v -0.07782973 -0.01988289 -0.00788506
v -0.07750570 -0.01988289 -0.00813369
v -0.07712837 -0.01988289 -0.00828998
v -0.07672346 -0.01988289 -0.00834329
v -0.07631853 -0.01988289 -0.00828998
v -0.07594121 -0.01988289 -0.00813369
v -0.01260627 -0.01988288 -0.00882838
v -0.01326253 -0.01988288 -0.00826788
v -0.00937345 -0.01988288 -0.00987879
v -0.01023384 -0.01988288 -0.00981107
v -0.01107304 -0.01988288 -0.00960960
v -0.07521226 -0.01988289 -0.00718371
v -0.01427398 -0.01988288 -0.00687574
v -0.07515895 -0.01988289 -0.00677879
v -0.01460426 -0.01988288 -0.00607838
v -0.07521226 -0.01988289 -0.00637387
v -0.01480573 -0.01988288 -0.00523918
v -0.07536855 -0.01988289 -0.00599654
v -0.07561719 -0.01988289 -0.00567252
v -0.01487345 -0.01988288 -0.00437879
v -0.07594121 -0.01988289 -0.00542389
v -0.01480573 -0.01988288 -0.00351840
v -0.01460426 -0.01988288 -0.00267919
v -0.01427398 -0.01988288 -0.00188184
v -0.07536855 -0.01988289 -0.00756104
v -0.01382304 -0.01988288 -0.00761161
v -0.07561719 -0.01988289 -0.00788506
v 0.07627162 -0.01988287 -0.00828998
v 0.06577265 -0.01988287 -0.00856775
v 0.06602680 -0.01988287 -0.00842991
v 0.06613932 -0.01988287 -0.00833928
v 0.07589430 -0.01988287 -0.00813369
v 0.06623792 -0.01988287 -0.00823393
v 0.06634255 -0.01988287 -0.00807030
v 0.07557029 -0.01988287 -0.00788506
v 0.06640559 -0.01988287 -0.00789079
v 0.07532165 -0.01988287 -0.00756104
v 0.06642584 -0.01988287 -0.00769874
v 0.06640294 -0.01988287 -0.00749771
v 0.07516536 -0.01988287 -0.00718371
v 0.06634934 -0.01988287 -0.00733210
v 0.06630839 -0.01988287 -0.00725532
v 0.06625728 -0.01988287 -0.00718445
v 0.06619755 -0.01988287 -0.00712204
v 0.07511205 -0.01988287 -0.00677879
v 0.06612960 -0.01988287 -0.00706778
v 0.06597540 -0.01988287 -0.00698369
v 0.07516536 -0.01988287 -0.00637387
v 0.06633093 -0.01988287 -0.00600599
v 0.07532165 -0.01988287 -0.00599654
v 0.06632129 -0.01988287 -0.00592951
v 0.06626981 -0.01988287 -0.00575657
v 0.07557029 -0.01988287 -0.00567252
v 0.06618198 -0.01988287 -0.00559873
v 0.06606196 -0.01988287 -0.00546341
v 0.07589430 -0.01988287 -0.00542389
v 0.06591675 -0.01988287 -0.00535389
v 0.06575404 -0.01988287 -0.00527069
v 0.07627162 -0.01988287 -0.00526760
v 0.06558061 -0.01988287 -0.00521271
v 0.04728616 -0.01988288 -0.00689689
v 0.04710977 -0.01988288 -0.00573727
v 0.04728616 -0.01988288 -0.00712557
v 0.04710977 -0.01988288 -0.00859084
v 0.04850331 -0.01988288 -0.00859084
v 0.03432951 -0.01988288 -0.00987281
v 0.04912825 -0.01988288 -0.00859084
v 0.04946586 -0.01988288 -0.00859084
v 0.04807370 -0.01988288 -0.00733579
v 0.04825092 -0.01988288 -0.00729101
v 0.04841772 -0.01988288 -0.00721872
v 0.04856961 -0.01988288 -0.00711761
v 0.04869914 -0.01988288 -0.00699070
v 0.04880312 -0.01988288 -0.00684075
v 0.04887789 -0.01988288 -0.00667439
v 0.04892263 -0.01988288 -0.00649705
v 0.04946586 -0.01988288 -0.00525565
v 0.04893739 -0.01988288 -0.00631467
v 0.04891771 -0.01988288 -0.00610201
v 0.04885872 -0.01988288 -0.00589685
v 0.04876106 -0.01988288 -0.00570789
v 0.04862638 -0.01988288 -0.00554354
v 0.04845995 -0.01988288 -0.00541268
v 0.04826872 -0.01988288 -0.00532018
v 0.04806253 -0.01988288 -0.00526731
v 0.04784943 -0.01988288 -0.00525083
v 0.03445569 -0.01988288 -0.00398885
v 0.04663263 -0.01988288 -0.00525083
v 0.04600872 -0.01988288 -0.00525565
v 0.04600872 -0.01988288 -0.00573727
v 0.04784909 -0.01988288 -0.00689689
v 0.04808119 -0.01988288 -0.00685978
v 0.04818760 -0.01988288 -0.00680992
v 0.04828051 -0.01988288 -0.00673896
v 0.04796698 -0.01988288 -0.00688808
v 0.04835608 -0.01988288 -0.00664907
v 0.04841094 -0.01988288 -0.00654523
v 0.04844405 -0.01988288 -0.00643210
v 0.04845507 -0.01988288 -0.00631467
v 0.04844384 -0.01988288 -0.00619782
v 0.04841026 -0.01988288 -0.00608540
v 0.04835492 -0.01988288 -0.00598236
v 0.04827905 -0.01988288 -0.00589335
v 0.04818621 -0.01988288 -0.00582323
v 0.04808006 -0.01988288 -0.00577394
v 0.04796641 -0.01988288 -0.00574598
v 0.04784909 -0.01988288 -0.00573727
v 0.04663263 -0.01988288 -0.00859084
v 0.04601320 -0.01988288 -0.00859084
v 0.03456734 -0.01988288 -0.00978674
v 0.04397578 -0.01988288 -0.00859084
v 0.04255950 -0.01988288 -0.00860496
v 0.04255950 -0.01988288 -0.00569938
v 0.04356616 -0.01988288 -0.00569938
v 0.04397578 -0.01988288 -0.00525565
v 0.04356616 -0.01988288 -0.00525048
v 0.03468827 -0.01988288 -0.00409132
v 0.03509655 -0.01988288 -0.00440481
v 0.04597495 -0.01988288 -0.00716423
v 0.04601320 -0.01988288 -0.00810887
v 0.05804757 -0.01988287 -0.00848990
v 0.05833273 -0.01988287 -0.00855012
v 0.06118742 -0.01988287 -0.00864389
v 0.06138035 -0.01988287 -0.00521259
v 0.06277699 -0.01988287 -0.00521259
v 0.06492191 -0.01988287 -0.00519458
v 0.06290198 -0.01988287 -0.00522086
v 0.06302018 -0.01988287 -0.00524563
v 0.06138035 -0.01988287 -0.00864389
v 0.05150328 -0.01988288 -0.00859084
v 0.05352142 -0.01988287 -0.00863356
v 0.05318832 -0.01988288 -0.00860066
v 0.05149846 -0.01988288 -0.00525565
v 0.05149846 -0.01988288 -0.00573727
v 0.05257618 -0.01988288 -0.00549959
v 0.05287023 -0.01988288 -0.00533979
v 0.05318917 -0.01988288 -0.00524115
v 0.04995231 -0.01988288 -0.00573727
v 0.05211001 -0.01988288 -0.00597407
v 0.05231908 -0.01988288 -0.00571385
v 0.05195316 -0.01988288 -0.00626886
v 0.04995231 -0.01988288 -0.00667744
v 0.05185581 -0.01988288 -0.00658841
v 0.05146505 -0.01988288 -0.00667744
v 0.05182299 -0.01988288 -0.00692066
v 0.05146505 -0.01988288 -0.00716423
v 0.05185577 -0.01988288 -0.00725273
v 0.04995231 -0.01988288 -0.00716423
v 0.05195281 -0.01988288 -0.00757191
v 0.04995231 -0.01988288 -0.00810887
v 0.05210970 -0.01988288 -0.00786721
v 0.05150328 -0.01988288 -0.00810887
v 0.05231908 -0.01988288 -0.00812782
v 0.05257464 -0.01988288 -0.00834287
v 0.05286827 -0.01988288 -0.00850252
v 0.06329977 -0.01988287 -0.00670415
v 0.06319935 -0.01988287 -0.00677769
v 0.06434307 -0.01988287 -0.00676513
v 0.06334879 -0.01988287 -0.00683763
v 0.06442464 -0.01988287 -0.00681566
v 0.06348396 -0.01988287 -0.00692550
v 0.06460423 -0.01988287 -0.00689016
v 0.06359893 -0.01988287 -0.00703821
v 0.06480284 -0.01988287 -0.00693896
v 0.06369080 -0.01988287 -0.00717098
v 0.06523023 -0.01988287 -0.00699404
v 0.06557442 -0.01988287 -0.00703508
v 0.06587881 -0.01988287 -0.00711171
v 0.06600974 -0.01988287 -0.00717663
v 0.06375834 -0.01988287 -0.00731766
v 0.06606892 -0.01988287 -0.00721922
v 0.06612217 -0.01988287 -0.00726950
v 0.06616727 -0.01988287 -0.00732643
v 0.06620394 -0.01988287 -0.00738973
v 0.06380194 -0.01988287 -0.00747310
v 0.06465293 -0.01988287 -0.00527507
v 0.06313023 -0.01988287 -0.00528662
v 0.06323087 -0.01988287 -0.00534335
v 0.06441441 -0.01988287 -0.00540803
v 0.06332093 -0.01988287 -0.00541517
v 0.06430966 -0.01988287 -0.00549547
v 0.06339939 -0.01988287 -0.00550126
v 0.06421841 -0.01988287 -0.00559671
v 0.06346533 -0.01988287 -0.00560062
v 0.06351802 -0.01988287 -0.00571212
v 0.06413513 -0.01988287 -0.00572944
v 0.06356254 -0.01988287 -0.00587431
v 0.06407916 -0.01988287 -0.00587335
v 0.06405151 -0.01988287 -0.00602583
v 0.06357780 -0.01988287 -0.00604766
v 0.06405270 -0.01988287 -0.00618410
v 0.06356290 -0.01988287 -0.00622206
v 0.06408243 -0.01988287 -0.00637497
v 0.06351871 -0.01988287 -0.00638736
v 0.06346069 -0.01988287 -0.00650747
v 0.06415281 -0.01988287 -0.00655407
v 0.06338734 -0.01988287 -0.00661362
v 0.06420506 -0.01988287 -0.00663330
v 0.06426874 -0.01988287 -0.00670392
v 0.05522466 -0.01988287 -0.00692066
v 0.05519182 -0.01988287 -0.00725297
v 0.05509451 -0.01988287 -0.00757260
v 0.05624338 -0.01988287 -0.00848990
v 0.05447032 -0.01988287 -0.00550025
v 0.05472857 -0.01988287 -0.00571385
v 0.05493794 -0.01988287 -0.00597444
v 0.05509494 -0.01988287 -0.00626960
v 0.05519203 -0.01988287 -0.00658869
v 0.05493771 -0.01988287 -0.00786754
v 0.05472857 -0.01988287 -0.00812782
v 0.05447041 -0.01988287 -0.00834320
v 0.05417493 -0.01988287 -0.00850338
v 0.05385481 -0.01988287 -0.00860102
v 0.06570330 -0.01988287 -0.00843547
v 0.06486513 -0.01988287 -0.00848263
v 0.06546076 -0.01988287 -0.00850505
v 0.06520922 -0.01988287 -0.00852814
v 0.06618314 -0.01988287 -0.00603562
v 0.06563012 -0.01988287 -0.00689018
v 0.06433947 -0.01988287 -0.00655010
v 0.06439693 -0.01988287 -0.00660793
v 0.06617349 -0.01988287 -0.00595604
v 0.06420192 -0.01988287 -0.00603686
v 0.06420118 -0.01988287 -0.00617376
v 0.06422827 -0.01988287 -0.00633535
v 0.06422575 -0.01988287 -0.00590962
v 0.06611057 -0.01988287 -0.00577221
v 0.06427255 -0.01988287 -0.00579268
v 0.06434209 -0.01988287 -0.00568663
v 0.06606110 -0.01988287 -0.00568856
v 0.06600055 -0.01988287 -0.00561256
v 0.06585031 -0.01988287 -0.00548821
v 0.06449526 -0.01988287 -0.00553581
v 0.06441209 -0.01988287 -0.00560736
v 0.06469588 -0.01988287 -0.00541994
v 0.06566292 -0.01988287 -0.00539510
v 0.06493209 -0.01988287 -0.00534588
v 0.06544697 -0.01988287 -0.00533748
v 0.06521232 -0.01988287 -0.00531801
v 0.06518992 -0.01988287 -0.00531801
v 0.06425522 -0.01988287 -0.00641270
v 0.06429217 -0.01988287 -0.00648471
v 0.06525366 -0.01988287 -0.00684452
v 0.06453250 -0.01988287 -0.00669642
v 0.06468988 -0.01988287 -0.00675640
v 0.06486608 -0.01988287 -0.00679662
v 0.03904548 -0.01988288 -0.00774382
v 0.04048177 -0.01988288 -0.00772277
v 0.03903035 -0.01988288 -0.00767944
v 0.04049549 -0.01988288 -0.00766142
v 0.03902587 -0.01988288 -0.00761725
v 0.04050003 -0.01988288 -0.00759831
v 0.04048556 -0.01988288 -0.00748393
v 0.04045880 -0.01988288 -0.00778195
v 0.03906596 -0.01988288 -0.00779671
v 0.04042756 -0.01988288 -0.00783708
v 0.03912800 -0.01988288 -0.00789252
v 0.04034465 -0.01988288 -0.00793339
v 0.03921120 -0.01988288 -0.00797159
v 0.04024215 -0.01988288 -0.00801017
v 0.03930878 -0.01988288 -0.00803441
v 0.04012777 -0.01988288 -0.00806818
v 0.04000569 -0.01988288 -0.00810918
v 0.03952557 -0.01988288 -0.00811529
v 0.03975107 -0.01988288 -0.00814229
v 0.04047184 -0.01988288 -0.00743959
v 0.04045105 -0.01988288 -0.00739812
v 0.04042360 -0.01988288 -0.00736061
v 0.04039060 -0.01988288 -0.00732776
v 0.04031052 -0.01988288 -0.00727438
v 0.03975073 -0.01988288 -0.00715458
v 0.04021589 -0.01988288 -0.00723479
v 0.03931741 -0.01988288 -0.00708697
v 0.03698772 -0.01988288 -0.00734234
v 0.03853909 -0.01988288 -0.00762690
v 0.03706224 -0.01988288 -0.00711421
v 0.03911037 -0.01988288 -0.00702291
v 0.03892167 -0.01988288 -0.00692725
v 0.03708264 -0.01988288 -0.00687683
v 0.03883689 -0.01988288 -0.00686426
v 0.03876158 -0.01988288 -0.00679063
v 0.03869837 -0.01988288 -0.00670783
v 0.03704699 -0.01988288 -0.00663975
v 0.03864735 -0.01988288 -0.00661599
v 0.03858817 -0.01988288 -0.00644314
v 0.03696289 -0.01988288 -0.00641405
v 0.03856734 -0.01988288 -0.00629090
v 0.03856380 -0.01988288 -0.00619117
v 0.03669424 -0.01988288 -0.00600865
v 0.03858203 -0.01988288 -0.00602639
v 0.03864387 -0.01988288 -0.00583494
v 0.03620066 -0.01988288 -0.00551354
v 0.03874854 -0.01988288 -0.00566114
v 0.03884341 -0.01988288 -0.00555574
v 0.03895245 -0.01988288 -0.00546490
v 0.03596212 -0.01988288 -0.00527217
v 0.03920098 -0.01988288 -0.00532697
v 0.03583418 -0.01988288 -0.00514108
v 0.03947518 -0.01988288 -0.00524490
v 0.03574128 -0.01988288 -0.00504298
v 0.03976037 -0.01988288 -0.00521741
v 0.04106572 -0.01988288 -0.00525048
v 0.03995817 -0.01988288 -0.00523070
v 0.04015229 -0.01988288 -0.00527131
v 0.04033707 -0.01988288 -0.00534048
v 0.04050694 -0.01988288 -0.00543987
v 0.04065404 -0.01988288 -0.00556954
v 0.04106572 -0.01988288 -0.00569938
v 0.04077059 -0.01988288 -0.00572668
v 0.04085135 -0.01988288 -0.00590470
v 0.04207753 -0.01988288 -0.00569938
v 0.04089587 -0.01988288 -0.00609556
v 0.04066691 -0.01988288 -0.00694254
v 0.04050931 -0.01988288 -0.00684929
v 0.04016184 -0.01988288 -0.00673233
v 0.03980825 -0.01988288 -0.00667261
v 0.04041873 -0.01988288 -0.00611416
v 0.03912748 -0.01988288 -0.00645786
v 0.03909579 -0.01988288 -0.00641245
v 0.03907211 -0.01988288 -0.00636167
v 0.03905702 -0.01988288 -0.00630791
v 0.03904965 -0.01988288 -0.00625231
v 0.03904912 -0.01988288 -0.00616447
v 0.03906265 -0.01988288 -0.00608251
v 0.04038378 -0.01988288 -0.00601261
v 0.03908998 -0.01988288 -0.00600796
v 0.03913061 -0.01988288 -0.00594225
v 0.04032610 -0.01988288 -0.00592175
v 0.03918761 -0.01988288 -0.00588069
v 0.04024949 -0.01988288 -0.00584582
v 0.03925354 -0.01988288 -0.00582873
v 0.04015932 -0.01988288 -0.00578608
v 0.03940402 -0.01988288 -0.00575165
v 0.04006030 -0.01988288 -0.00574178
v 0.03995498 -0.01988288 -0.00571140
v 0.03973660 -0.01988288 -0.00568973
v 0.03956744 -0.01988288 -0.00570670
v 0.03916675 -0.01988288 -0.00649780
v 0.03921177 -0.01988288 -0.00653157
v 0.03931238 -0.01988288 -0.00658236
v 0.03954735 -0.01988288 -0.00664205
v 0.04080065 -0.01988288 -0.00706409
v 0.04090154 -0.01988288 -0.00721423
v 0.04096305 -0.01988288 -0.00738368
v 0.04207753 -0.01988288 -0.00860496
v 0.04098682 -0.01988288 -0.00760313
v 0.04096042 -0.01988288 -0.00782291
v 0.04088016 -0.01988288 -0.00802890
v 0.04075247 -0.01988288 -0.00820817
v 0.04058727 -0.01988288 -0.00835633
v 0.04039619 -0.01988288 -0.00847106
v 0.04018855 -0.01988288 -0.00855282
v 0.03996950 -0.01988288 -0.00860259
v 0.03974624 -0.01988288 -0.00861943
v 0.03497563 -0.01988288 -0.00948356
v 0.03478301 -0.01988288 -0.00965159
v 0.03952539 -0.01988288 -0.00860154
v 0.03541675 -0.01988288 -0.00904600
v 0.03530655 -0.01988288 -0.00915547
v 0.03519630 -0.01988288 -0.00926489
v 0.03585172 -0.01988288 -0.00861283
v 0.03918237 -0.01988288 -0.00850301
v 0.03902335 -0.01988288 -0.00842241
v 0.03887751 -0.01988288 -0.00832008
v 0.03628588 -0.01988288 -0.00817884
v 0.03875084 -0.01988288 -0.00819612
v 0.03864945 -0.01988288 -0.00805146
v 0.03857942 -0.01988288 -0.00788989
v 0.03671924 -0.01988288 -0.00774406
v 0.03854391 -0.01988288 -0.00771751
v 0.03686910 -0.01988288 -0.00755330
v 0.03508600 -0.01988288 -0.00937425
v 0.03420573 -0.01988288 -0.00989214
v 0.03407932 -0.01988288 -0.00989430
v 0.03383231 -0.01988288 -0.00984829
v 0.01018694 -0.01988288 -0.00981107
v 0.00932655 -0.01988288 -0.00987879
v 0.01102615 -0.01988288 -0.00960960
v 0.03359973 -0.01988288 -0.00974581
v 0.01182350 -0.01988288 -0.00927932
v 0.03319145 -0.01988288 -0.00943233
v 0.01255937 -0.01988288 -0.00882838
v 0.03254673 -0.01988288 -0.00879456
v 0.03245407 -0.01988288 -0.00869636
v 0.03354517 -0.01988288 -0.00779570
v 0.03566258 -0.01988288 -0.00696160
v 0.03262541 -0.01988288 -0.00687594
v 0.03474283 -0.01988288 -0.00604144
v 0.03232629 -0.01988288 -0.00856523
v 0.01321564 -0.01988288 -0.00826788
v 0.03208779 -0.01988288 -0.00832374
v 0.03159417 -0.01988288 -0.00782849
v 0.01377615 -0.01988288 -0.00761161
v 0.03132538 -0.01988288 -0.00742314
v 0.03124120 -0.01988288 -0.00719745
v 0.01422709 -0.01988288 -0.00687574
v 0.03120547 -0.01988288 -0.00696038
v 0.03122581 -0.01988288 -0.00672298
v 0.01455736 -0.01988288 -0.00607838
v 0.03130030 -0.01988288 -0.00649483
v 0.03141890 -0.01988288 -0.00628385
v 0.03156876 -0.01988288 -0.00609308
v 0.01475884 -0.01988288 -0.00523918
v 0.03200784 -0.01988288 -0.00565257
v 0.03244773 -0.01988288 -0.00521287
v 0.01482655 -0.01988288 -0.00437879
v 0.03287963 -0.01988288 -0.00478281
v 0.03331237 -0.01988288 -0.00435357
v 0.03350499 -0.01988288 -0.00418554
v 0.01475884 -0.01988288 -0.00351840
v 0.03372066 -0.01988288 -0.00405039
v 0.03395850 -0.01988288 -0.00396432
v 0.01455736 -0.01988288 -0.00267919
v 0.03408226 -0.01988288 -0.00394499
v 0.01422709 -0.01988288 -0.00188184
v 0.01377615 -0.01988288 -0.00114597
v 0.04597495 -0.01988288 -0.00667744
v 0.04446257 -0.01988288 -0.00573727
v 0.04446257 -0.01988288 -0.00667744
v 0.04446257 -0.01988288 -0.00716423
v 0.04446257 -0.01988288 -0.00810887
v -0.01187040 -0.01988288 -0.00927932
v -0.01260627 -0.01988288 0.00007081
v -0.01187040 -0.01988288 0.00052175
v -0.01107304 -0.01988288 0.00085202
v -0.01023384 -0.01988288 0.00105350
v -0.00556273 -0.01988288 0.00601631
v -0.00937345 -0.01988288 0.00112121
v -0.00543134 -0.01988288 0.00596519
v -0.00547692 -0.01988288 0.00597541
v -0.00552072 -0.01988288 0.00599245
v -0.00090564 -0.01988288 0.00596178
v -0.00241194 -0.01988288 0.00596178
v -0.00538398 -0.01988288 0.00596178
v 0.00548581 -0.01988288 0.00661254
v 0.07532165 -0.01988287 0.00643896
v 0.00562308 -0.01988288 0.00687217
v 0.07516536 -0.01988287 0.00681629
v 0.00570957 -0.01988288 0.00716443
v 0.07511205 -0.01988287 0.00722121
v 0.00573839 -0.01988288 0.00748332
v 0.07516536 -0.01988287 0.00762614
v 0.00573837 -0.01988288 0.00807668
v 0.07532165 -0.01988287 0.00800346
v 0.00570953 -0.01988288 0.00839403
v 0.00562304 -0.01988288 0.00868656
v 0.07557029 -0.01988287 0.00832748
v 0.00548574 -0.01988288 0.00894713
v 0.07589430 -0.01988287 0.00857611
v 0.00530474 -0.01988288 0.00916841
v 0.00508279 -0.01988288 0.00934814
v 0.00482290 -0.01988288 0.00948412
v 0.00453193 -0.01988288 0.00956970
v 0.00421683 -0.01988288 0.00959822
v 0.00530478 -0.01988288 0.00639163
v 0.07557029 -0.01988287 0.00611494
v -0.00266134 -0.01988288 0.00959481
v -0.00270864 -0.01988288 0.00959822
v -0.00156493 -0.01988288 0.00959189
v -0.00261577 -0.01988288 0.00958459
v -0.00162835 -0.01988288 0.00957290
v -0.00257194 -0.01988288 0.00956755
v -0.00168513 -0.01988288 0.00954247
v -0.00252985 -0.01988288 0.00954369
v -0.00249127 -0.01988288 0.00951429
v -0.00173360 -0.01988288 0.00950190
v -0.00245791 -0.01988288 0.00948061
v -0.00177325 -0.01988288 0.00945243
v -0.00242977 -0.01988288 0.00944266
v -0.00180333 -0.01988288 0.00939538
v -0.00240686 -0.01988288 0.00940042
v -0.00239116 -0.01988288 0.00935548
v -0.00182236 -0.01988288 0.00933260
v -0.00238213 -0.01988288 0.00930942
v -0.00182869 -0.01988288 0.00926604
v -0.00237975 -0.01988288 0.00926228
v -0.00238404 -0.01988288 0.00921405
v -0.00239479 -0.01988288 0.00916711
v -0.00241190 -0.01988288 0.00912377
v -0.00243536 -0.01988288 0.00908405
v -0.00246516 -0.01988288 0.00904796
v -0.00182869 -0.01988288 0.00688741
v -0.00464099 -0.01988288 0.00662111
v -0.00241194 -0.01988288 0.00662111
v -0.00163220 -0.01988288 0.00629525
v -0.00173614 -0.01988288 0.00645501
v -0.00177665 -0.01988288 0.00654811
v -0.00560133 -0.01988288 0.00604571
v -0.00563470 -0.01988288 0.00607939
v -0.00566283 -0.01988288 0.00611734
v -0.00568572 -0.01988288 0.00615958
v -0.00570357 -0.01988288 0.00620443
v -0.00571395 -0.01988288 0.00625023
v -0.00571687 -0.01988288 0.00629699
v -0.00571235 -0.01988288 0.00634472
v -0.00570119 -0.01988288 0.00639131
v -0.00568416 -0.01988288 0.00643473
v -0.00566125 -0.01988288 0.00647499
v -0.00563246 -0.01988288 0.00651208
v -0.00345159 -0.01988288 0.00893893
v -0.00568576 -0.01988288 0.00893893
v -0.00113085 -0.01988288 0.00672760
v -0.00090056 -0.01988288 0.00662107
v -0.00110090 -0.01988288 0.00668957
v -0.00106269 -0.01988288 0.00665960
v -0.00104900 -0.01988288 0.00597382
v -0.00120488 -0.01988288 0.00600996
v -0.00136117 -0.01988288 0.00607368
v -0.00150540 -0.01988288 0.00616847
v -0.00180557 -0.01988288 0.00665121
v -0.00116508 -0.01988288 0.00682650
v -0.00115225 -0.01988288 0.00677324
v -0.00101656 -0.01988288 0.00663819
v -0.00096251 -0.01988288 0.00662535
v -0.07550204 -0.01188288 0.00689394
v -0.07545896 -0.01188288 0.00722121
v -0.07550204 -0.01188288 0.00754849
v -0.07562837 -0.01188288 0.00785346
v -0.07582932 -0.01188288 0.00811535
v -0.07609121 -0.01188288 0.00831630
v -0.07639618 -0.01188288 0.00844263
v -0.07672346 -0.01188288 0.00848571
v -0.07705073 -0.01188288 0.00844263
v -0.07735571 -0.01188288 0.00831630
v -0.07761759 -0.01188288 0.00811535
v -0.07781854 -0.01188288 0.00785346
v -0.07794487 -0.01188288 0.00754849
v -0.07798795 -0.01188288 0.00722121
v -0.07794487 -0.01188288 0.00689394
v -0.07781854 -0.01188288 0.00658896
v -0.07761759 -0.01188288 0.00632708
v -0.07735571 -0.01188288 0.00612612
v -0.07705073 -0.01188288 0.00599980
v -0.07672346 -0.01188288 0.00595671
v -0.07639618 -0.01188288 0.00599980
v -0.07609121 -0.01188288 0.00612612
v -0.07582932 -0.01188288 0.00632708
v -0.07562837 -0.01188288 0.00658896
v -0.07550204 -0.01958289 -0.00710607
v -0.07545896 -0.01958289 -0.00677879
v -0.07550204 -0.01958289 -0.00645151
v -0.07562837 -0.01958289 -0.00614654
v -0.07582932 -0.01958289 -0.00588465
v -0.07609121 -0.01958289 -0.00568370
v -0.07639618 -0.01958289 -0.00555737
v -0.07672346 -0.01958289 -0.00551429
v -0.07705073 -0.01958289 -0.00555737
v -0.07735571 -0.01958289 -0.00568370
v -0.07761759 -0.01958289 -0.00588465
v -0.07781854 -0.01958289 -0.00614654
v -0.07794487 -0.01958289 -0.00645151
v -0.07798795 -0.01958289 -0.00677879
v -0.07794487 -0.01958289 -0.00710607
v -0.07781854 -0.01958289 -0.00741104
v -0.07761759 -0.01958289 -0.00767293
v -0.07735571 -0.01958289 -0.00787388
v -0.07705073 -0.01958289 -0.00800020
v -0.07672346 -0.01958289 -0.00804329
v -0.07639618 -0.01958289 -0.00800020
v -0.07609121 -0.01958289 -0.00787388
v -0.07582932 -0.01958289 -0.00767293
v -0.07562837 -0.01958289 -0.00741104
v -0.07550204 -0.01188288 -0.00710607
v -0.07545896 -0.01188288 -0.00677879
v -0.07550204 -0.01188288 -0.00645151
v -0.07562837 -0.01188288 -0.00614654
v -0.07582932 -0.01188288 -0.00588465
v -0.07609121 -0.01188288 -0.00568370
v -0.07639618 -0.01188288 -0.00555737
v -0.07672346 -0.01188288 -0.00551429
v -0.07705073 -0.01188288 -0.00555737
v -0.07735571 -0.01188288 -0.00568370
v -0.07761759 -0.01188288 -0.00588465
v -0.07781854 -0.01188288 -0.00614654
v -0.07794487 -0.01188288 -0.00645151
v -0.07798795 -0.01188288 -0.00677879
v -0.07794487 -0.01188288 -0.00710607
v -0.07781854 -0.01188288 -0.00741104
v -0.07761759 -0.01188288 -0.00767293
v -0.07735571 -0.01188288 -0.00787388
v -0.07705073 -0.01188288 -0.00800020
v -0.07672346 -0.01188288 -0.00804329
v -0.07639618 -0.01188288 -0.00800020
v -0.07609121 -0.01188288 -0.00787388
v -0.07582932 -0.01188288 -0.00767293
v -0.07562837 -0.01188288 -0.00741104
v 0.07789797 -0.01958287 0.00689394
v 0.07794105 -0.01958287 0.00722121
v 0.07789797 -0.01958287 0.00754849
v 0.07777164 -0.01958287 0.00785346
v 0.07757069 -0.01958287 0.00811535
v 0.07730880 -0.01958287 0.00831630
v 0.07700383 -0.01958287 0.00844263
v 0.07667655 -0.01958287 0.00848571
v 0.07634928 -0.01958287 0.00844263
v 0.07604430 -0.01958287 0.00831630
v 0.07578241 -0.01958287 0.00811535
v 0.07558146 -0.01958287 0.00785346
v 0.07545514 -0.01958287 0.00754849
v 0.07541205 -0.01958287 0.00722121
v 0.07545514 -0.01958287 0.00689394
v 0.07558146 -0.01958287 0.00658896
v 0.07578241 -0.01958287 0.00632708
v 0.07604430 -0.01958287 0.00612612
v 0.07634928 -0.01958287 0.00599980
v 0.07667655 -0.01958287 0.00595671
v 0.07700383 -0.01958287 0.00599980
v 0.07730880 -0.01958287 0.00612612
v 0.07757069 -0.01958287 0.00632708
v 0.07777164 -0.01958287 0.00658896
v 0.07789797 -0.01188287 0.00689394
v 0.07794105 -0.01188287 0.00722121
v 0.07789797 -0.01188287 0.00754849
v 0.07777164 -0.01188287 0.00785346
v 0.07757069 -0.01188287 0.00811535
v 0.07730880 -0.01188287 0.00831630
v 0.07700383 -0.01188287 0.00844263
v 0.07667655 -0.01188287 0.00848571
v 0.07634928 -0.01188287 0.00844263
v 0.07604430 -0.01188287 0.00831630
v 0.07578241 -0.01188287 0.00811535
v 0.07558146 -0.01188287 0.00785346
v 0.07545514 -0.01188287 0.00754849
v 0.07541205 -0.01188287 0.00722121
v 0.07545514 -0.01188287 0.00689394
v 0.07558146 -0.01188287 0.00658896
v 0.07578241 -0.01188287 0.00632708
v 0.07604430 -0.01188287 0.00612612
v 0.07634928 -0.01188287 0.00599980
v 0.07667655 -0.01188287 0.00595671
v 0.07700383 -0.01188287 0.00599980
v 0.07730880 -0.01188287 0.00612612
v 0.07757069 -0.01188287 0.00632708
v 0.07777164 -0.01188287 0.00658896
v 0.07789797 -0.01958287 -0.00710607
v 0.07794105 -0.01958287 -0.00677879
v 0.07789797 -0.01958287 -0.00645151
v 0.07777164 -0.01958287 -0.00614654
v 0.07757069 -0.01958287 -0.00588465
v 0.07730880 -0.01958287 -0.00568370
v 0.07700383 -0.01958287 -0.00555737
v 0.07667655 -0.01958287 -0.00551429
v 0.07634928 -0.01958287 -0.00555737
v 0.07604430 -0.01958287 -0.00568370
v 0.07578241 -0.01958287 -0.00588465
v 0.07558146 -0.01958287 -0.00614654
v 0.07545514 -0.01958287 -0.00645151
v 0.07541205 -0.01958287 -0.00677879
v 0.07545514 -0.01958287 -0.00710607
v 0.07558146 -0.01958287 -0.00741104
v 0.07578241 -0.01958287 -0.00767293
v 0.07604430 -0.01958287 -0.00787388
v 0.07634928 -0.01958287 -0.00800020
v 0.07667655 -0.01958287 -0.00804329
v 0.07700383 -0.01958287 -0.00800020
v 0.07730880 -0.01958287 -0.00787388
v 0.07757069 -0.01958287 -0.00767293
v 0.07777164 -0.01958287 -0.00741104
v 0.07789797 -0.01188287 -0.00710607
v 0.07794105 -0.01188287 -0.00677879
v 0.07789797 -0.01188287 -0.00645151
v 0.07777164 -0.01188287 -0.00614654
v 0.07757069 -0.01188287 -0.00588465
v 0.07730880 -0.01188287 -0.00568370
v 0.07700383 -0.01188287 -0.00555737
v 0.07667655 -0.01188287 -0.00551429
v 0.07634928 -0.01188287 -0.00555737
v 0.07604430 -0.01188287 -0.00568370
v 0.07578241 -0.01188287 -0.00588465
v 0.07558146 -0.01188287 -0.00614654
v 0.07545514 -0.01188287 -0.00645151
v 0.07541205 -0.01188287 -0.00677879
v 0.07545514 -0.01188287 -0.00710607
v 0.07558146 -0.01188287 -0.00741104
v 0.07578241 -0.01188287 -0.00767293
v 0.07604430 -0.01188287 -0.00787388
v 0.07634928 -0.01188287 -0.00800020
v 0.07667655 -0.01188287 -0.00804329
v 0.07700383 -0.01188287 -0.00800020
v 0.07730880 -0.01188287 -0.00787388
v 0.07757069 -0.01188287 -0.00767293
v 0.07777164 -0.01188287 -0.00741104
v 0.01057885 -0.02418688 -0.00474356
v 0.01062655 -0.02418688 -0.00438121
v 0.01057885 -0.02418688 -0.00401887
v 0.01043899 -0.02418688 -0.00368121
v 0.01021650 -0.02418688 -0.00339127
v 0.00992655 -0.02418688 -0.00316878
v 0.00958890 -0.02418688 -0.00302892
v 0.00922655 -0.02418688 -0.00298121
v 0.00886421 -0.02418688 -0.00302892
v 0.00852655 -0.02418688 -0.00316878
v 0.00823660 -0.02418688 -0.00339127
v 0.00801412 -0.02418688 -0.00368121
v 0.00787426 -0.02418688 -0.00401887
v 0.00782655 -0.02418688 -0.00438121
v 0.00787426 -0.02418688 -0.00474356
v 0.00801412 -0.02418688 -0.00508121
v 0.00823660 -0.02418688 -0.00537116
v 0.00852655 -0.02418688 -0.00559365
v 0.00886421 -0.02418688 -0.00573351
v 0.00922655 -0.02418688 -0.00578121
v 0.00958890 -0.02418688 -0.00573351
v 0.00992655 -0.02418688 -0.00559365
v 0.01021650 -0.02418688 -0.00537116
v 0.01043899 -0.02418688 -0.00508121
v -0.00792115 -0.02418688 -0.00474356
v -0.00787345 -0.02418688 -0.00438121
v -0.00792115 -0.02418688 -0.00401887
v -0.00806101 -0.02418688 -0.00368121
v -0.00828350 -0.02418688 -0.00339127
v -0.00857345 -0.02418688 -0.00316878
v -0.00891110 -0.02418688 -0.00302892
v -0.00927345 -0.02418688 -0.00298121
v -0.00963579 -0.02418688 -0.00302892
v -0.00997345 -0.02418688 -0.00316878
v -0.01026340 -0.02418688 -0.00339127
v -0.01048588 -0.02418688 -0.00368121
v -0.01062574 -0.02418688 -0.00401887
v -0.01067345 -0.02418688 -0.00438121
v -0.01062574 -0.02418688 -0.00474356
v -0.01048588 -0.02418688 -0.00508121
v -0.01026340 -0.02418688 -0.00537116
v -0.00997345 -0.02418688 -0.00559365
v -0.00963579 -0.02418688 -0.00573351
v -0.00927345 -0.02418688 -0.00578121
v -0.00891110 -0.02418688 -0.00573351
v -0.00857345 -0.02418688 -0.00559365
v -0.00828350 -0.02418688 -0.00537116
v -0.00806101 -0.02418688 -0.00508121
v 0.00440113 -0.01988288 0.00663665
v 0.00507904 -0.01988288 0.00748336
v 0.00421687 -0.01988288 0.00662111
v 0.00421687 -0.01988288 0.00893889
v 0.00276387 -0.01988288 0.00662111
v 0.00276387 -0.01988288 0.00893889
v 0.00456810 -0.01988288 0.00668326
v 0.00506353 -0.01988288 0.00729726
v 0.00471554 -0.01988288 0.00675807
v 0.00501697 -0.01988288 0.00712958
v 0.00494183 -0.01988288 0.00698248
v 0.00484072 -0.01988288 0.00685824
v 0.00507904 -0.01988288 0.00807672
v 0.00440103 -0.01988288 0.00892336
v 0.00456810 -0.01988288 0.00887678
v 0.00506352 -0.01988288 0.00826124
v 0.00471559 -0.01988288 0.00880189
v 0.00501697 -0.01988288 0.00842919
v 0.00494183 -0.01988288 0.00857722
v 0.00484072 -0.01988288 0.00870180
v 0.01140587 -0.02568688 -0.00494077
v 0.01147655 -0.02568688 -0.00438121
v 0.01140587 -0.02568688 -0.00382166
v 0.01119824 -0.02568688 -0.00546516
v 0.01086673 -0.02568688 -0.00592145
v 0.01043216 -0.02568688 -0.00628095
v 0.00992184 -0.02568688 -0.00652109
v 0.00936783 -0.02568688 -0.00662678
v 0.00880494 -0.02568688 -0.00659136
v 0.00826855 -0.02568688 -0.00641708
v 0.00779235 -0.02568688 -0.00611487
v 0.00740627 -0.02568688 -0.00570373
v 0.00713456 -0.02568688 -0.00520950
v 0.00699430 -0.02568688 -0.00466321
v 0.00699430 -0.02568688 -0.00409922
v 0.00713456 -0.02568688 -0.00355293
v 0.00740627 -0.02568688 -0.00305870
v 0.00779235 -0.02568688 -0.00264756
v 0.00826855 -0.02568688 -0.00234535
v 0.00880494 -0.02568688 -0.00217107
v 0.00936783 -0.02568688 -0.00213565
v 0.00992184 -0.02568688 -0.00224134
v 0.01043216 -0.02568688 -0.00248148
v 0.01086673 -0.02568688 -0.00284098
v 0.01119824 -0.02568688 -0.00329727
v -0.00709414 -0.02568688 -0.00494077
v -0.00702345 -0.02568688 -0.00438121
v -0.00709414 -0.02568688 -0.00382166
v -0.00730176 -0.02568688 -0.00546516
v -0.00763327 -0.02568688 -0.00592145
v -0.00806784 -0.02568688 -0.00628095
v -0.00857816 -0.02568688 -0.00652109
v -0.00913217 -0.02568688 -0.00662678
v -0.00969505 -0.02568688 -0.00659136
v -0.01023145 -0.02568688 -0.00641708
v -0.01070765 -0.02568688 -0.00611487
v -0.01109374 -0.02568688 -0.00570373
v -0.01136544 -0.02568688 -0.00520950
v -0.01150571 -0.02568688 -0.00466321
v -0.01150571 -0.02568688 -0.00409922
v -0.01136544 -0.02568688 -0.00355293
v -0.01109374 -0.02568688 -0.00305870
v -0.01070765 -0.02568688 -0.00264756
v -0.01023145 -0.02568688 -0.00234535
v -0.00969505 -0.02568688 -0.00217107
v -0.00913217 -0.02568688 -0.00213565
v -0.00857816 -0.02568688 -0.00224134
v -0.00806784 -0.02568688 -0.00248148
v -0.00763327 -0.02568688 -0.00284098
v -0.00730176 -0.02568688 -0.00329727
v -0.00417345 -0.02568688 -0.00173121
v -0.00443227 -0.02568688 -0.00176529
v -0.00467345 -0.02568688 -0.00186519
v -0.00488055 -0.02568688 -0.00202411
v -0.00503947 -0.02568688 -0.00223121
v -0.00513937 -0.02568688 -0.00247240
v -0.00517345 -0.02568688 -0.00273121
v -0.00517345 -0.02568688 -0.00603122
v -0.00513937 -0.02568688 -0.00629003
v -0.00503947 -0.02568688 -0.00653121
v -0.00488055 -0.02568688 -0.00673832
v -0.00467345 -0.02568688 -0.00689724
v -0.00443227 -0.02568688 -0.00699714
v -0.00417345 -0.02568688 -0.00703121
v 0.00412655 -0.02568688 -0.00703121
v 0.00438537 -0.02568688 -0.00699714
v 0.00462655 -0.02568688 -0.00689724
v 0.00483366 -0.02568688 -0.00673832
v 0.00499258 -0.02568688 -0.00653121
v 0.00509248 -0.02568688 -0.00629003
v 0.00512655 -0.02568688 -0.00603122
v 0.00512655 -0.02568688 -0.00273121
v 0.00412655 -0.02568688 -0.00173121
v 0.00438537 -0.02568688 -0.00176529
v 0.00462655 -0.02568688 -0.00186519
v 0.00483366 -0.02568688 -0.00202411
v 0.00499258 -0.02568688 -0.00223121
v 0.00509248 -0.02568688 -0.00247240
v 0.05420166 -0.01988287 -0.00793564
v 0.05438475 -0.01988287 -0.00778434
v 0.05266738 -0.01988288 -0.00778434
v 0.05453067 -0.01988287 -0.00760511
v 0.05464206 -0.01988287 -0.00739901
v 0.05471308 -0.01988287 -0.00716965
v 0.05473788 -0.01988287 -0.00692066
v 0.05251892 -0.01988288 -0.00760434
v 0.05240628 -0.01988288 -0.00739720
v 0.05233480 -0.01988288 -0.00716772
v 0.05230978 -0.01988288 -0.00692066
v 0.05233480 -0.01988288 -0.00667371
v 0.05471293 -0.01988287 -0.00667187
v 0.05464193 -0.01988287 -0.00644261
v 0.05453062 -0.01988287 -0.00623655
v 0.05438475 -0.01988287 -0.00605732
v 0.05240628 -0.01988288 -0.00644416
v 0.05251892 -0.01988288 -0.00623703
v 0.05266738 -0.01988288 -0.00605732
v 0.05420151 -0.01988287 -0.00590602
v 0.05284723 -0.01988288 -0.00590602
v 0.05399236 -0.01988287 -0.00579183
v 0.05305332 -0.01988288 -0.00579183
v 0.05376358 -0.01988287 -0.00571970
v 0.05327994 -0.01988287 -0.00571970
v 0.05352142 -0.01988287 -0.00569455
v 0.05284709 -0.01988288 -0.00793579
v 0.05399249 -0.01988287 -0.00804983
v 0.05305319 -0.01988288 -0.00804996
v 0.05376362 -0.01988287 -0.00812197
v 0.05327989 -0.01988287 -0.00812201
v 0.05352142 -0.01988287 -0.00814711
v 0.06153434 -0.01988287 -0.00536624
v 0.06277665 -0.01988287 -0.00673359
v 0.06277664 -0.01988287 -0.00536624
v 0.06343026 -0.01988287 -0.00604987
v 0.06341726 -0.01988287 -0.00590599
v 0.06153400 -0.01988287 -0.00673359
v 0.06287768 -0.01988287 -0.00672692
v 0.06306262 -0.01988287 -0.00667387
v 0.06314436 -0.01988287 -0.00662812
v 0.06321765 -0.01988287 -0.00657020
v 0.06297339 -0.01988287 -0.00670694
v 0.06328163 -0.01988287 -0.00650079
v 0.06333558 -0.01988287 -0.00642070
v 0.06337884 -0.01988287 -0.00633086
v 0.06341726 -0.01988287 -0.00619368
v 0.06337884 -0.01988287 -0.00576862
v 0.06333571 -0.01988287 -0.00567884
v 0.06328187 -0.01988287 -0.00559881
v 0.06321796 -0.01988287 -0.00552946
v 0.06314470 -0.01988287 -0.00547160
v 0.06306296 -0.01988287 -0.00542589
v 0.06297366 -0.01988287 -0.00539286
v 0.06287786 -0.01988287 -0.00537290
v 0.06153400 -0.01988287 -0.00688724
v 0.06153400 -0.01988287 -0.00849472
v 0.06291100 -0.01988287 -0.00688724
v 0.06291100 -0.01988287 -0.00849472
v 0.06367512 -0.01988287 -0.00769098
v 0.06366266 -0.01988287 -0.00784552
v 0.06362566 -0.01988287 -0.00799246
v 0.06356532 -0.01988287 -0.00812705
v 0.06348357 -0.01988287 -0.00824495
v 0.06336930 -0.01988287 -0.00835273
v 0.06323409 -0.01988287 -0.00843113
v 0.06308039 -0.01988287 -0.00847875
v 0.06366384 -0.01988287 -0.00754527
v 0.06362961 -0.01988287 -0.00740203
v 0.06357187 -0.01988287 -0.00726650
v 0.06349008 -0.01988287 -0.00714390
v 0.06338365 -0.01988287 -0.00703945
v 0.06325204 -0.01988287 -0.00695837
v 0.06309468 -0.01988287 -0.00690589
v 0.06050323 -0.01988287 -0.00736680
v 0.05973911 -0.01988287 -0.00540517
v 0.05897947 -0.01988287 -0.00736680
v 0.00501697 -0.01973288 0.00842919
v 0.00494183 -0.01973288 0.00857722
v 0.00484072 -0.01973288 0.00870180
v 0.00471559 -0.01973288 0.00880189
v 0.00456810 -0.01973288 0.00887678
v 0.00440103 -0.01973288 0.00892336
v 0.00421687 -0.01973288 0.00893889
v 0.00276387 -0.01973288 0.00893889
v 0.00276387 -0.01973288 0.00662111
v 0.00421687 -0.01973288 0.00662111
v 0.00440113 -0.01973288 0.00663665
v 0.00456810 -0.01973288 0.00668326
v 0.00471554 -0.01973288 0.00675807
v 0.00484072 -0.01973288 0.00685824
v 0.00494183 -0.01973288 0.00698248
v 0.00501697 -0.01973288 0.00712958
v 0.00506353 -0.01973288 0.00729726
v 0.00507904 -0.01973288 0.00748336
v 0.00507904 -0.01973288 0.00807672
v 0.00506352 -0.01973288 0.00826124
v -0.00937345 -0.02568688 0.00037121
v 0.00932655 -0.02568688 0.00037121
v 0.00932655 -0.02568688 -0.00912879
v -0.00937345 -0.02568688 -0.00912879
v -0.01019828 -0.02568688 0.00029905
v -0.01099804 -0.02568688 0.00008475
v -0.01174845 -0.02568688 -0.00026517
v -0.01242669 -0.02568688 -0.00074008
v -0.01301216 -0.02568688 -0.00132555
v -0.01348707 -0.02568688 -0.00200379
v -0.01383699 -0.02568688 -0.00275419
v -0.01405128 -0.02568688 -0.00355396
v -0.01412345 -0.02568688 -0.00437879
v -0.01405128 -0.02568688 -0.00520362
v -0.01383699 -0.02568688 -0.00600338
v -0.01348707 -0.02568688 -0.00675379
v -0.01301216 -0.02568688 -0.00743203
v -0.01242669 -0.02568688 -0.00801750
v -0.01174845 -0.02568688 -0.00849241
v -0.01099804 -0.02568688 -0.00884233
v -0.01019828 -0.02568688 -0.00905663
v 0.01015138 -0.02568688 -0.00905663
v 0.01095115 -0.02568688 -0.00884233
v 0.01170155 -0.02568688 -0.00849241
v 0.01237979 -0.02568688 -0.00801750
v 0.01296526 -0.02568688 -0.00743203
v 0.01344017 -0.02568688 -0.00675379
v 0.01379009 -0.02568688 -0.00600338
v 0.01400439 -0.02568688 -0.00520362
v 0.01407655 -0.02568688 -0.00437879
v 0.01400439 -0.02568688 -0.00355396
v 0.01379009 -0.02568688 -0.00275419
v 0.01344017 -0.02568688 -0.00200379
v 0.01296526 -0.02568688 -0.00132555
v 0.01237979 -0.02568688 -0.00074008
v 0.01170155 -0.02568688 -0.00026517
v 0.01095115 -0.02568688 0.00008475
v 0.01015138 -0.02568688 0.00029905
v 0.05352142 -0.01976736 -0.00569455
v 0.05327994 -0.01976736 -0.00571970
v 0.05305332 -0.01976736 -0.00579183
v 0.05284723 -0.01976736 -0.00590602
v 0.05266738 -0.01976736 -0.00605732
v 0.05251892 -0.01976736 -0.00623703
v 0.05240628 -0.01976736 -0.00644416
v 0.05233480 -0.01976736 -0.00667371
v 0.05230978 -0.01976736 -0.00692066
v 0.05233480 -0.01976736 -0.00716772
v 0.05240628 -0.01976736 -0.00739720
v 0.05251892 -0.01976736 -0.00760434
v 0.05266738 -0.01976736 -0.00778434
v 0.05284709 -0.01976736 -0.00793579
v 0.05305319 -0.01976736 -0.00804996
v 0.05327989 -0.01976736 -0.00812201
v 0.05352142 -0.01976736 -0.00814711
v 0.05376362 -0.01976736 -0.00812197
v 0.05399249 -0.01976736 -0.00804983
v 0.05420166 -0.01976736 -0.00793564
v 0.05438475 -0.01976736 -0.00778434
v 0.05453067 -0.01976736 -0.00760511
v 0.05464206 -0.01976736 -0.00739901
v 0.05471308 -0.01976736 -0.00716965
v 0.05473788 -0.01976736 -0.00692066
v 0.05471293 -0.01976736 -0.00667187
v 0.05464193 -0.01976736 -0.00644261
v 0.05453062 -0.01976736 -0.00623655
v 0.05438475 -0.01976736 -0.00605732
v 0.05420151 -0.01976736 -0.00590602
v 0.05399236 -0.01976736 -0.00579183
v 0.05376358 -0.01976736 -0.00571970
v 0.06277665 -0.01976736 -0.00673359
v 0.06287768 -0.01976736 -0.00672692
v 0.06297339 -0.01976736 -0.00670694
v 0.06306262 -0.01976736 -0.00667387
v 0.06314436 -0.01976736 -0.00662812
v 0.06321765 -0.01976736 -0.00657020
v 0.06328163 -0.01976736 -0.00650079
v 0.06333558 -0.01976736 -0.00642070
v 0.06337884 -0.01976736 -0.00633086
v 0.06341726 -0.01976736 -0.00619368
v 0.06343026 -0.01976736 -0.00604987
v 0.06341726 -0.01976736 -0.00590599
v 0.06337884 -0.01976736 -0.00576862
v 0.06333571 -0.01976736 -0.00567884
v 0.06328187 -0.01976736 -0.00559881
v 0.06321796 -0.01976736 -0.00552946
v 0.06314470 -0.01976736 -0.00547160
v 0.06306296 -0.01976736 -0.00542589
v 0.06297366 -0.01976736 -0.00539286
v 0.06287786 -0.01976736 -0.00537290
v 0.06277664 -0.01976736 -0.00536624
v 0.06153434 -0.01976736 -0.00536624
v 0.06153400 -0.01976736 -0.00673359
v 0.06291100 -0.01976736 -0.00849472
v 0.06308039 -0.01976736 -0.00847875
v 0.06323409 -0.01976736 -0.00843113
v 0.06336930 -0.01976736 -0.00835273
v 0.06348357 -0.01976736 -0.00824495
v 0.06356532 -0.01976736 -0.00812705
v 0.06362566 -0.01976736 -0.00799246
v 0.06366266 -0.01976736 -0.00784552
v 0.06367512 -0.01976736 -0.00769098
v 0.06366384 -0.01976736 -0.00754527
v 0.06362961 -0.01976736 -0.00740203
v 0.06357187 -0.01976736 -0.00726650
v 0.06349008 -0.01976736 -0.00714390
v 0.06338365 -0.01976736 -0.00703945
v 0.06325204 -0.01976736 -0.00695837
v 0.06309468 -0.01976736 -0.00690589
v 0.06291100 -0.01976736 -0.00688724
v 0.06153400 -0.01976736 -0.00688724
v 0.06153400 -0.01976736 -0.00849472
v 0.06050323 -0.01976736 -0.00736680
v 0.05973911 -0.01976736 -0.00540517
v 0.05897947 -0.01976736 -0.00736680
v 0.00147307 -0.01973288 0.00596178
v -0.00090056 -0.01973288 0.00662107
v -0.00090564 -0.01973288 0.00596178
v -0.00096251 -0.01973288 0.00662535
v -0.00104900 -0.01973288 0.00597382
v -0.00101656 -0.01973288 0.00663819
v -0.00120488 -0.01973288 0.00600996
v -0.00106269 -0.01973288 0.00665960
v -0.00136117 -0.01973288 0.00607368
v -0.00110090 -0.01973288 0.00668957
v -0.00150540 -0.01973288 0.00616847
v -0.00113085 -0.01973288 0.00672760
v -0.00163220 -0.01973288 0.00629525
v -0.00173614 -0.01973288 0.00645501
v -0.00115225 -0.01973288 0.00677324
v -0.00177665 -0.01973288 0.00654811
v -0.00180557 -0.01973288 0.00665121
v -0.00116508 -0.01973288 0.00682650
v -0.00182869 -0.01973288 0.00688741
v -0.00116936 -0.01973288 0.00688737
v -0.00116936 -0.01973288 0.00893889
v 0.00147307 -0.01973288 0.00662107
v 0.00147307 -0.01973288 0.00893889
v 0.00147307 -0.01973288 0.00959822
v -0.00149647 -0.01973288 0.00959822
v -0.00182869 -0.01973288 0.00926604
v -0.00182236 -0.01973288 0.00933260
v -0.00180333 -0.01973288 0.00939538
v -0.00177325 -0.01973288 0.00945243
v -0.00173360 -0.01973288 0.00950190
v -0.00156493 -0.01973288 0.00959189
v -0.00162835 -0.01973288 0.00957290
v -0.00168513 -0.01973288 0.00954247
v -0.00090564 -0.01973288 0.00744780
v 0.00117633 -0.01973288 0.00744780
v -0.00090564 -0.01973288 0.00811220
v 0.00117633 -0.01973288 0.00811220
v -0.00239479 -0.01973288 0.00916711
v -0.00238404 -0.01973288 0.00921405
v -0.00270864 -0.01973288 0.00959822
v -0.00237975 -0.01973288 0.00926228
v -0.00238213 -0.01973288 0.00930942
v -0.00239116 -0.01973288 0.00935548
v -0.00240686 -0.01973288 0.00940042
v -0.00242977 -0.01973288 0.00944266
v -0.00245791 -0.01973288 0.00948061
v -0.00249127 -0.01973288 0.00951429
v -0.00252985 -0.01973288 0.00954369
v -0.00257194 -0.01973288 0.00956755
v -0.00266134 -0.01973288 0.00959481
v -0.00261577 -0.01973288 0.00958459
v -0.00568576 -0.01973288 0.00959822
v -0.00345159 -0.01973288 0.00893893
v -0.00246516 -0.01973288 0.00904796
v -0.00243536 -0.01973288 0.00908405
v -0.00568576 -0.01973288 0.00893893
v -0.00464099 -0.01973288 0.00662111
v -0.00563246 -0.01973288 0.00651208
v -0.00538398 -0.01973288 0.00596178
v -0.00543134 -0.01973288 0.00596519
v -0.00547692 -0.01973288 0.00597541
v -0.00552072 -0.01973288 0.00599245
v -0.00556273 -0.01973288 0.00601631
v -0.00560133 -0.01973288 0.00604571
v -0.00563470 -0.01973288 0.00607939
v -0.00566283 -0.01973288 0.00611734
v -0.00566125 -0.01973288 0.00647499
v -0.00568572 -0.01973288 0.00615958
v -0.00570357 -0.01973288 0.00620443
v -0.00571395 -0.01973288 0.00625023
v -0.00571687 -0.01973288 0.00629699
v -0.00571235 -0.01973288 0.00634472
v -0.00570119 -0.01973288 0.00639131
v -0.00568416 -0.01973288 0.00643473
v -0.00241194 -0.01973288 0.00596178
v -0.00241194 -0.01973288 0.00662111
v -0.00241190 -0.01973288 0.00912377
v 0.00508286 -0.01973288 0.00621187
v 0.00530478 -0.01973288 0.00639163
v 0.00548581 -0.01973288 0.00661254
v 0.00562308 -0.01973288 0.00687217
v 0.00570957 -0.01973288 0.00716443
v 0.00573839 -0.01973288 0.00748332
v 0.00573837 -0.01973288 0.00807668
v 0.00570953 -0.01973288 0.00839403
v 0.00562304 -0.01973288 0.00868656
v 0.00548574 -0.01973288 0.00894713
v 0.00530474 -0.01973288 0.00916841
v 0.00508279 -0.01973288 0.00934814
v 0.00482290 -0.01973288 0.00948412
v 0.00453193 -0.01973288 0.00956970
v 0.00421683 -0.01973288 0.00959822
v 0.00243664 -0.01973288 0.00959822
v 0.00210454 -0.01973288 0.00926604
v 0.00211088 -0.01973288 0.00933260
v 0.00212990 -0.01973288 0.00939538
v 0.00216003 -0.01973288 0.00945245
v 0.00219967 -0.01973288 0.00950190
v 0.00224806 -0.01973288 0.00954243
v 0.00236824 -0.01973288 0.00959189
v 0.00230484 -0.01973288 0.00957290
v 0.00210454 -0.01973288 0.00629404
v 0.00211088 -0.01973288 0.00622555
v 0.00212990 -0.01973288 0.00616216
v 0.00216002 -0.01973288 0.00610540
v 0.00219967 -0.01973288 0.00605691
v 0.00224809 -0.01973288 0.00601729
v 0.00230484 -0.01973288 0.00598718
v 0.00236826 -0.01973288 0.00596816
v 0.00243669 -0.01973288 0.00596182
v 0.00421687 -0.01973288 0.00596182
v 0.00453196 -0.01973288 0.00599034
v 0.00482294 -0.01973288 0.00607592
v -0.00937345 -0.02493688 0.00112121
v 0.00932655 -0.02493688 0.00112121
v -0.00937345 -0.02493688 -0.00987879
v -0.01023384 -0.02493688 -0.00981107
v -0.01107304 -0.02493688 -0.00960960
v -0.01187040 -0.02493688 -0.00927932
v -0.01260627 -0.02493688 -0.00882838
v -0.01326253 -0.02493688 -0.00826788
v -0.01382304 -0.02493688 -0.00761161
v -0.01427398 -0.02493688 -0.00687574
v -0.01460426 -0.02493688 -0.00607838
v -0.01480573 -0.02493688 -0.00523918
v -0.01487345 -0.02493688 -0.00437879
v -0.01480573 -0.02493688 -0.00351840
v -0.01460426 -0.02493688 -0.00267919
v -0.01427398 -0.02493688 -0.00188184
v -0.01382304 -0.02493688 -0.00114597
v -0.01326253 -0.02493688 -0.00048970
v -0.01260627 -0.02493688 0.00007081
v -0.01187040 -0.02493688 0.00052175
v -0.01107304 -0.02493688 0.00085202
v -0.01023384 -0.02493688 0.00105350
v 0.00932655 -0.02493688 -0.00987879
v 0.01018694 -0.02493688 0.00105350
v 0.01102615 -0.02493688 0.00085202
v 0.01182350 -0.02493688 0.00052175
v 0.01255937 -0.02493688 0.00007081
v 0.01321564 -0.02493688 -0.00048970
v 0.01377615 -0.02493688 -0.00114597
v 0.01422709 -0.02493688 -0.00188184
v 0.01455736 -0.02493688 -0.00267919
v 0.01475884 -0.02493688 -0.00351840
v 0.01482655 -0.02493688 -0.00437879
v 0.01475884 -0.02493688 -0.00523918
v 0.01455736 -0.02493688 -0.00607838
v 0.01422709 -0.02493688 -0.00687574
v 0.01377615 -0.02493688 -0.00761161
v 0.01321564 -0.02493688 -0.00826788
v 0.01255937 -0.02493688 -0.00882838
v 0.01182350 -0.02493688 -0.00927932
v 0.01102615 -0.02493688 -0.00960960
v 0.01018694 -0.02493688 -0.00981107
v 0.04601320 -0.01976736 -0.00810887
v 0.04446257 -0.01976736 -0.00810887
v 0.04601320 -0.01976736 -0.00859084
v 0.04397578 -0.01976736 -0.00859084
v 0.04446257 -0.01976736 -0.00716423
v 0.04397578 -0.01976736 -0.00525565
v 0.04446257 -0.01976736 -0.00667744
v 0.04446257 -0.01976736 -0.00573727
v 0.04597495 -0.01976736 -0.00716423
v 0.04597495 -0.01976736 -0.00667744
v 0.04600872 -0.01976736 -0.00573727
v 0.04600872 -0.01976736 -0.00525565
v 0.03156876 -0.01976737 -0.00609308
v 0.03262541 -0.01976736 -0.00687594
v 0.03331237 -0.01976736 -0.00435357
v 0.03509655 -0.01976736 -0.00440481
v 0.03486586 -0.01976736 -0.00420711
v 0.03140723 -0.01976737 -0.00630131
v 0.03129276 -0.01976737 -0.00651202
v 0.03122535 -0.01976737 -0.00672522
v 0.03120500 -0.01976737 -0.00694091
v 0.03123170 -0.01976737 -0.00715907
v 0.03130546 -0.01976737 -0.00737973
v 0.03142628 -0.01976737 -0.00760287
v 0.03159417 -0.01976737 -0.00782849
v 0.03196726 -0.01976736 -0.00820242
v 0.03225038 -0.01976736 -0.00848808
v 0.03354517 -0.01976736 -0.00779570
v 0.03244353 -0.01976736 -0.00868546
v 0.03254673 -0.01976736 -0.00879456
v 0.03352773 -0.01976736 -0.00416869
v 0.03463736 -0.01976736 -0.00406407
v 0.03374527 -0.01976736 -0.00403846
v 0.03441105 -0.01976736 -0.00397569
v 0.03396501 -0.01976736 -0.00396288
v 0.03418694 -0.01976736 -0.00394196
v 0.04207753 -0.01976736 -0.00860496
v 0.04255950 -0.01976736 -0.00860496
v 0.04207753 -0.01976736 -0.00569938
v 0.04255950 -0.01976736 -0.00569938
v 0.04356616 -0.01976736 -0.00525048
v 0.04356616 -0.01976736 -0.00569938
v 0.04106572 -0.01976736 -0.00525048
v 0.04106572 -0.01976736 -0.00569938
v 0.03497563 -0.01976736 -0.00948356
v 0.03541675 -0.01976736 -0.00904600
v 0.03566258 -0.01976736 -0.00696160
v 0.03585172 -0.01976736 -0.00861283
v 0.03628588 -0.01976736 -0.00817884
v 0.03671924 -0.01976736 -0.00774406
v 0.03688078 -0.01976736 -0.00753583
v 0.03699527 -0.01976736 -0.00732511
v 0.03706271 -0.01976736 -0.00711191
v 0.03708311 -0.01976736 -0.00689623
v 0.03705646 -0.01976736 -0.00667806
v 0.03698277 -0.01976736 -0.00645741
v 0.03686202 -0.01976736 -0.00623427
v 0.03669424 -0.01976736 -0.00600865
v 0.03632112 -0.01976736 -0.00563474
v 0.03603793 -0.01976736 -0.00534916
v 0.03474283 -0.01976736 -0.00604144
v 0.03584464 -0.01976736 -0.00515190
v 0.03574128 -0.01976736 -0.00504298
v 0.03319145 -0.01976736 -0.00943233
v 0.03342214 -0.01976736 -0.00963002
v 0.03476028 -0.01976736 -0.00966845
v 0.03365064 -0.01976736 -0.00977306
v 0.03454274 -0.01976736 -0.00979868
v 0.03387695 -0.01976736 -0.00986145
v 0.03432299 -0.01976736 -0.00987426
v 0.03410107 -0.01976736 -0.00989518
v 0.03902587 -0.01976736 -0.00761725
v 0.03854391 -0.01976736 -0.00771751
v 0.03903035 -0.01976736 -0.00766996
v 0.03858260 -0.01976736 -0.00789975
v 0.03904513 -0.01976736 -0.00774268
v 0.03865531 -0.01976736 -0.00806173
v 0.03906446 -0.01976736 -0.00779349
v 0.03875704 -0.01976736 -0.00820331
v 0.03912178 -0.01976736 -0.00788500
v 0.03888278 -0.01976736 -0.00832439
v 0.03902749 -0.01976736 -0.00842487
v 0.03853909 -0.01976736 -0.00762690
v 0.03918618 -0.01976736 -0.00850462
v 0.03929532 -0.01976736 -0.00802702
v 0.03920025 -0.01976736 -0.00796290
v 0.03940247 -0.01976736 -0.00807720
v 0.03952539 -0.01976736 -0.00860154
v 0.03951717 -0.01976736 -0.00811324
v 0.03975107 -0.01976736 -0.00814229
v 0.03974624 -0.01976736 -0.00861943
v 0.03988592 -0.01976736 -0.00813300
v 0.03997215 -0.01976736 -0.00860218
v 0.04001895 -0.01976736 -0.00810559
v 0.04019370 -0.01976736 -0.00855123
v 0.04014519 -0.01976736 -0.00806073
v 0.04040296 -0.01976736 -0.00846773
v 0.04025964 -0.01976736 -0.00799910
v 0.04035734 -0.01976736 -0.00792137
v 0.04059197 -0.01976736 -0.00835287
v 0.04043329 -0.01976736 -0.00782821
v 0.04075280 -0.01976736 -0.00820780
v 0.04046156 -0.01976736 -0.00777605
v 0.04087752 -0.01976736 -0.00803371
v 0.04048251 -0.01976736 -0.00772030
v 0.04049554 -0.01976736 -0.00766102
v 0.04095817 -0.01976736 -0.00783176
v 0.04050003 -0.01976736 -0.00759831
v 0.04098682 -0.01976736 -0.00760313
v 0.04096305 -0.01976736 -0.00738368
v 0.04048556 -0.01976736 -0.00748393
v 0.04089523 -0.01976736 -0.00720197
v 0.04079269 -0.01976736 -0.00705510
v 0.04066186 -0.01976736 -0.00693890
v 0.04045126 -0.01976736 -0.00739845
v 0.04047155 -0.01976736 -0.00743887
v 0.04050916 -0.01976736 -0.00684922
v 0.04039356 -0.01976736 -0.00733034
v 0.04042512 -0.01976736 -0.00736237
v 0.04016387 -0.01976736 -0.00673280
v 0.04022188 -0.01976736 -0.00723683
v 0.04031594 -0.01976736 -0.00727726
v 0.03975073 -0.01976736 -0.00715458
v 0.03980825 -0.01976736 -0.00667261
v 0.03954206 -0.01976736 -0.00664119
v 0.03935422 -0.01976736 -0.00709544
v 0.03930364 -0.01976736 -0.00657886
v 0.03916223 -0.01976736 -0.00704201
v 0.03920574 -0.01976736 -0.00652758
v 0.03898448 -0.01976736 -0.00696458
v 0.03916403 -0.01976736 -0.00649542
v 0.03912787 -0.01976736 -0.00645833
v 0.03882859 -0.01976736 -0.00685706
v 0.03909781 -0.01976736 -0.00641591
v 0.03876118 -0.01976736 -0.00679013
v 0.03907439 -0.01976736 -0.00636772
v 0.03870207 -0.01976736 -0.00671340
v 0.03865221 -0.01976736 -0.00662611
v 0.03905815 -0.01976736 -0.00631333
v 0.03861253 -0.01976736 -0.00652750
v 0.03904965 -0.01976736 -0.00625231
v 0.03856734 -0.01976736 -0.00629331
v 0.03904912 -0.01976736 -0.00616447
v 0.03856751 -0.01976736 -0.00612632
v 0.03859729 -0.01976736 -0.00596293
v 0.03906265 -0.01976736 -0.00608251
v 0.03865733 -0.01976736 -0.00580669
v 0.03874854 -0.01976736 -0.00566114
v 0.03908998 -0.01976736 -0.00600796
v 0.03884055 -0.01976736 -0.00555849
v 0.03913061 -0.01976736 -0.00594225
v 0.03894686 -0.01976736 -0.00546899
v 0.03918582 -0.01976736 -0.00588233
v 0.03925015 -0.01976736 -0.00583105
v 0.03919348 -0.01976736 -0.00533011
v 0.03939963 -0.01976736 -0.00575333
v 0.03947060 -0.01976736 -0.00524580
v 0.03956610 -0.01976736 -0.00570695
v 0.03976037 -0.01976736 -0.00521741
v 0.03973660 -0.01976736 -0.00568973
v 0.03995362 -0.01976736 -0.00523009
v 0.03995664 -0.01976736 -0.00571177
v 0.04014315 -0.01976736 -0.00526872
v 0.04006282 -0.01976736 -0.00574269
v 0.04016190 -0.01976736 -0.00578748
v 0.04032352 -0.01976736 -0.00533421
v 0.04025044 -0.01976736 -0.00584658
v 0.04048922 -0.01976736 -0.00542743
v 0.04032503 -0.01976736 -0.00592043
v 0.04063478 -0.01976736 -0.00554928
v 0.04038227 -0.01976736 -0.00600948
v 0.04075473 -0.01976736 -0.00570066
v 0.04041873 -0.01976736 -0.00611416
v 0.04084358 -0.01976736 -0.00588246
v 0.04089587 -0.01976736 -0.00609556
v 0.06407008 -0.01976736 -0.00801842
v 0.06417741 -0.01976736 -0.00780329
v 0.06402411 -0.01976736 -0.00782224
v 0.06416743 -0.01976736 -0.00773198
v 0.06401411 -0.01976736 -0.00775127
v 0.06421688 -0.01976736 -0.00796965
v 0.06415917 -0.01976736 -0.00819013
v 0.06429426 -0.01976736 -0.00811523
v 0.06428430 -0.01976736 -0.00833684
v 0.06440336 -0.01976736 -0.00823959
v 0.06443846 -0.01976736 -0.00845803
v 0.06453802 -0.01976736 -0.00834232
v 0.06461462 -0.01976736 -0.00855319
v 0.06469211 -0.01976736 -0.00842296
v 0.06480575 -0.01976736 -0.00862180
v 0.06485944 -0.01976736 -0.00848110
v 0.06500480 -0.01976736 -0.00866335
v 0.06503386 -0.01976736 -0.00851631
v 0.06520474 -0.01976736 -0.00867731
v 0.06520922 -0.01976736 -0.00852814
v 0.06547784 -0.01976736 -0.00850176
v 0.06551132 -0.01976736 -0.00864650
v 0.06572603 -0.01976736 -0.00842616
v 0.06579548 -0.01976736 -0.00855819
v 0.06594119 -0.01976736 -0.00830664
v 0.06604257 -0.01976736 -0.00841860
v 0.06603248 -0.01976736 -0.00823206
v 0.06614763 -0.01976736 -0.00833151
v 0.06611080 -0.01976736 -0.00814849
v 0.06623792 -0.01976736 -0.00823393
v 0.06619871 -0.01976736 -0.00801144
v 0.06634255 -0.01976736 -0.00807030
v 0.06625191 -0.01976736 -0.00786049
v 0.06640559 -0.01976736 -0.00789079
v 0.06626946 -0.01976736 -0.00769836
v 0.06642584 -0.01976736 -0.00769874
v 0.06640294 -0.01976736 -0.00749771
v 0.06625101 -0.01976736 -0.00752803
v 0.06634054 -0.01976736 -0.00731345
v 0.06619927 -0.01976736 -0.00738043
v 0.06629661 -0.01976736 -0.00723706
v 0.06616218 -0.01976736 -0.00731907
v 0.06624502 -0.01976736 -0.00717018
v 0.06611820 -0.01976736 -0.00726524
v 0.06612132 -0.01976736 -0.00706207
v 0.06601163 -0.01976736 -0.00717782
v 0.06597441 -0.01976736 -0.00698327
v 0.06588338 -0.01976736 -0.00711350
v 0.06563075 -0.01976736 -0.00689029
v 0.06557716 -0.01976736 -0.00703552
v 0.06525366 -0.01976736 -0.00684452
v 0.06523023 -0.01976736 -0.00699404
v 0.06487590 -0.01976736 -0.00679834
v 0.06481869 -0.01976736 -0.00694190
v 0.06470333 -0.01976736 -0.00676025
v 0.06462623 -0.01976736 -0.00689692
v 0.06454824 -0.01976736 -0.00670396
v 0.06445117 -0.01976736 -0.00682936
v 0.06441553 -0.01976736 -0.00662332
v 0.06429989 -0.01976736 -0.00673178
v 0.06435912 -0.01976736 -0.00657195
v 0.06423517 -0.01976736 -0.00666938
v 0.06431016 -0.01976736 -0.00651218
v 0.06417879 -0.01976736 -0.00659668
v 0.06426927 -0.01976736 -0.00644325
v 0.06413157 -0.01976736 -0.00651273
v 0.06423707 -0.01976736 -0.00636438
v 0.06409427 -0.01976736 -0.00641661
v 0.06420118 -0.01976736 -0.00617376
v 0.06405270 -0.01976736 -0.00618410
v 0.06405151 -0.01976736 -0.00602583
v 0.06420192 -0.01976736 -0.00603686
v 0.06407916 -0.01976736 -0.00587335
v 0.06422575 -0.01976736 -0.00590962
v 0.06413513 -0.01976736 -0.00572944
v 0.06427255 -0.01976736 -0.00579268
v 0.06421841 -0.01976736 -0.00559671
v 0.06434209 -0.01976736 -0.00568663
v 0.06431235 -0.01976736 -0.00549291
v 0.06441209 -0.01976736 -0.00560736
v 0.06442042 -0.01976736 -0.00540368
v 0.06449526 -0.01976736 -0.00553581
v 0.06466663 -0.01976736 -0.00526945
v 0.06469588 -0.01976736 -0.00541994
v 0.06493209 -0.01976736 -0.00534588
v 0.06493668 -0.01976736 -0.00519182
v 0.06518992 -0.01976736 -0.00531801
v 0.06521680 -0.01976736 -0.00516677
v 0.06521232 -0.01976736 -0.00531801
v 0.06544697 -0.01976736 -0.00533748
v 0.06557734 -0.01976736 -0.00521187
v 0.06566292 -0.01976736 -0.00539510
v 0.06575049 -0.01976736 -0.00526921
v 0.06585031 -0.01976736 -0.00548821
v 0.06591141 -0.01976736 -0.00535060
v 0.06600055 -0.01976736 -0.00561256
v 0.06605455 -0.01976736 -0.00545669
v 0.06606100 -0.01976736 -0.00568842
v 0.06617430 -0.01976736 -0.00558810
v 0.06610976 -0.01976736 -0.00577060
v 0.06626507 -0.01976736 -0.00574550
v 0.06617349 -0.01976736 -0.00595604
v 0.06632129 -0.01976736 -0.00592951
v 0.06618314 -0.01976736 -0.00603562
v 0.06633093 -0.01976736 -0.00600599
v 0.05386569 -0.01976736 -0.00859881
v 0.05352142 -0.01976736 -0.00863356
v 0.05418585 -0.01976736 -0.00849877
v 0.05447557 -0.01976736 -0.00833968
v 0.05472857 -0.01976736 -0.00812782
v 0.05493283 -0.01976736 -0.00787491
v 0.05508927 -0.01976736 -0.00758509
v 0.05518940 -0.01976736 -0.00726484
v 0.05522466 -0.01976736 -0.00692066
v 0.05518955 -0.01976736 -0.00657644
v 0.05508940 -0.01976736 -0.00625640
v 0.05493287 -0.01976736 -0.00596680
v 0.05472857 -0.01976736 -0.00571385
v 0.05447557 -0.01976736 -0.00550382
v 0.05418585 -0.01976736 -0.00534440
v 0.05386569 -0.01976736 -0.00524319
v 0.05352142 -0.01976736 -0.00520776
v 0.05317925 -0.01976736 -0.00524319
v 0.05285940 -0.01976736 -0.00534440
v 0.05256997 -0.01976736 -0.00550382
v 0.05231908 -0.01976736 -0.00571385
v 0.05211483 -0.01976736 -0.00596680
v 0.05195837 -0.01976736 -0.00625640
v 0.05185826 -0.01976736 -0.00657644
v 0.05182299 -0.01976736 -0.00692066
v 0.05185826 -0.01976736 -0.00726498
v 0.05195839 -0.01976736 -0.00758522
v 0.05211483 -0.01976736 -0.00787496
v 0.05231908 -0.01976736 -0.00812782
v 0.05256997 -0.01976736 -0.00833968
v 0.05285940 -0.01976736 -0.00849877
v 0.05317925 -0.01976736 -0.00859881
v 0.05804757 -0.01976736 -0.00848990
v 0.05624338 -0.01976736 -0.00848990
v 0.05804757 -0.01976736 -0.00864389
v 0.05608939 -0.01976736 -0.00864389
v 0.05608939 -0.01976736 -0.00521259
v 0.05624338 -0.01976736 -0.00521259
v 0.06291100 -0.01976736 -0.00864389
v 0.06138035 -0.01976736 -0.00864389
v 0.06138035 -0.01976736 -0.00521259
v 0.06311399 -0.01976736 -0.00862455
v 0.06329087 -0.01976736 -0.00856993
v 0.06344193 -0.01976736 -0.00848513
v 0.06356746 -0.01976736 -0.00837522
v 0.06366773 -0.01976736 -0.00824530
v 0.06374303 -0.01976736 -0.00810047
v 0.06379362 -0.01976736 -0.00794580
v 0.06381981 -0.01976736 -0.00778641
v 0.06382237 -0.01976736 -0.00763608
v 0.06380387 -0.01976736 -0.00748292
v 0.06376339 -0.01976736 -0.00733180
v 0.06370001 -0.01976736 -0.00718761
v 0.06361283 -0.01976736 -0.00705522
v 0.06350094 -0.01976736 -0.00693952
v 0.06336341 -0.01976736 -0.00684538
v 0.06319935 -0.01976736 -0.00677769
v 0.06329977 -0.01976736 -0.00670415
v 0.06338734 -0.01976736 -0.00661362
v 0.06346069 -0.01976736 -0.00650747
v 0.06351871 -0.01976736 -0.00638736
v 0.06356290 -0.01976736 -0.00622206
v 0.06357780 -0.01976736 -0.00604766
v 0.06356254 -0.01976736 -0.00587431
v 0.06351802 -0.01976736 -0.00571212
v 0.06346533 -0.01976736 -0.00560062
v 0.06339939 -0.01976736 -0.00550126
v 0.06332093 -0.01976736 -0.00541517
v 0.06323087 -0.01976736 -0.00534335
v 0.06313023 -0.01976736 -0.00528662
v 0.06302018 -0.01976736 -0.00524563
v 0.06290198 -0.01976736 -0.00522086
v 0.06277699 -0.01976736 -0.00521259
v 0.05150328 -0.01976736 -0.00810887
v 0.04995231 -0.01976736 -0.00810887
v 0.05150328 -0.01976736 -0.00859084
v 0.04946586 -0.01976736 -0.00859084
v 0.04995231 -0.01976736 -0.00716423
v 0.04946586 -0.01976736 -0.00525565
v 0.04995231 -0.01976736 -0.00667744
v 0.04995231 -0.01976736 -0.00573727
v 0.05146505 -0.01976736 -0.00716423
v 0.05146505 -0.01976736 -0.00667744
v 0.05149846 -0.01976736 -0.00573727
v 0.05149846 -0.01976736 -0.00525565
v 0.05849751 -0.01976736 -0.00855012
v 0.05891539 -0.01976736 -0.00751631
v 0.05833273 -0.01976736 -0.00855012
v 0.05967434 -0.01976736 -0.00515988
v 0.05980835 -0.01976736 -0.00515988
v 0.06118742 -0.01976736 -0.00864389
v 0.06056214 -0.01976736 -0.00751631
v 0.06102309 -0.01976736 -0.00864389
v 0.04844566 -0.01976736 -0.00642327
v 0.04892376 -0.01976736 -0.00649004
v 0.04845507 -0.01976736 -0.00631467
v 0.04893739 -0.01976736 -0.00631467
v 0.04892038 -0.01976736 -0.00611683
v 0.04888295 -0.01976736 -0.00665938
v 0.04841741 -0.01976736 -0.00652845
v 0.04881508 -0.01976736 -0.00681889
v 0.04872026 -0.01976736 -0.00696476
v 0.04837025 -0.01976736 -0.00662682
v 0.04859860 -0.01976736 -0.00709318
v 0.04830413 -0.01976736 -0.00671494
v 0.04845021 -0.01976736 -0.00720037
v 0.04821901 -0.01976736 -0.00678943
v 0.04827521 -0.01976736 -0.00728250
v 0.04811483 -0.01976736 -0.00684685
v 0.04807370 -0.01976736 -0.00733579
v 0.04799154 -0.01976736 -0.00688381
v 0.04784909 -0.01976736 -0.00689689
v 0.04728616 -0.01976736 -0.00689689
v 0.04728616 -0.01976736 -0.00712557
v 0.04850331 -0.01976736 -0.00859084
v 0.04912825 -0.01976736 -0.00859084
v 0.04844566 -0.01976736 -0.00620766
v 0.04886937 -0.01976736 -0.00592491
v 0.04841741 -0.01976736 -0.00610367
v 0.04878436 -0.01976736 -0.00574522
v 0.04837025 -0.01976736 -0.00600617
v 0.04866536 -0.01976736 -0.00558405
v 0.04830413 -0.01976736 -0.00591861
v 0.04851235 -0.01976736 -0.00544773
v 0.04821901 -0.01976736 -0.00584448
v 0.04832536 -0.01976736 -0.00534254
v 0.04811483 -0.01976736 -0.00578723
v 0.04810439 -0.01976736 -0.00527481
v 0.04799154 -0.01976736 -0.00575034
v 0.04784943 -0.01976736 -0.00525083
v 0.04784909 -0.01976736 -0.00573727
v 0.04710977 -0.01976736 -0.00573727
v 0.04663263 -0.01976736 -0.00525083
v 0.04663263 -0.01976736 -0.00859084
v 0.04710977 -0.01976736 -0.00859084
v -0.06979901 -0.01888289 0.00802710
v -0.06979901 -0.01908289 0.00802710
v -0.06977346 -0.01888289 0.00822121
v -0.06977346 -0.01908289 0.00822121
v -0.06979901 -0.01888289 0.00841533
v -0.06979901 -0.01908289 0.00841533
v -0.06987394 -0.01888289 0.00859621
v -0.06987394 -0.01908289 0.00859621
v -0.06999313 -0.01888289 0.00875154
v -0.06999313 -0.01908289 0.00875154
v -0.07014845 -0.01888289 0.00887073
v -0.07014845 -0.01908289 0.00887073
v -0.07032934 -0.01888289 0.00894566
v -0.07032934 -0.01908289 0.00894566
v -0.07052346 -0.01888289 0.00897121
v -0.07052346 -0.01908289 0.00897121
v -0.07071757 -0.01888289 0.00894566
v -0.07071757 -0.01908289 0.00894566
v -0.07089846 -0.01888289 0.00887073
v -0.07089846 -0.01908289 0.00887073
v -0.07105379 -0.01888289 0.00875154
v -0.07105379 -0.01908289 0.00875154
v -0.07117298 -0.01888289 0.00859621
v -0.07117298 -0.01908289 0.00859621
v -0.07124791 -0.01888289 0.00841533
v -0.07124791 -0.01908289 0.00841533
v -0.07127345 -0.01888289 0.00822121
v -0.07127345 -0.01908289 0.00822121
v -0.07124791 -0.01888289 0.00802710
v -0.07124791 -0.01908289 0.00802710
v -0.07117298 -0.01888289 0.00784621
v -0.07117298 -0.01908289 0.00784621
v -0.07105379 -0.01888289 0.00769088
v -0.07105379 -0.01908289 0.00769088
v -0.07089846 -0.01888289 0.00757169
v -0.07089846 -0.01908289 0.00757169
v -0.07071757 -0.01888289 0.00749677
v -0.07071757 -0.01908289 0.00749677
v -0.07052346 -0.01888289 0.00747121
v -0.07052346 -0.01908289 0.00747121
v -0.07032934 -0.01888289 0.00749677
v -0.07032934 -0.01908289 0.00749677
v -0.07014845 -0.01888289 0.00757169
v -0.07014845 -0.01908289 0.00757169
v -0.06999313 -0.01888289 0.00769088
v -0.06999313 -0.01908289 0.00769088
v -0.06987394 -0.01888289 0.00784621
v -0.06987394 -0.01908289 0.00784621
v 0.06952859 0.01741512 0.00140401
v 0.06960155 0.01641512 0.00022121
v 0.06960155 0.01741512 0.00022121
v 0.06952859 0.01641512 -0.00096159
v 0.06952859 0.01741512 -0.00096159
v 0.06931085 0.01641512 -0.00212646
v 0.06931085 0.01741512 -0.00212646
v 0.06895159 0.01641512 -0.00325574
v 0.06895159 0.01741512 -0.00325574
v 0.06845630 0.01641512 -0.00433231
v 0.06845630 0.01741512 -0.00433231
v 0.06783246 0.01641512 -0.00533986
v 0.06783246 0.01741512 -0.00533986
v 0.06708952 0.01641512 -0.00626311
v 0.06708952 0.01741512 -0.00626311
v 0.06623876 0.01641512 -0.00708806
v 0.06623876 0.01741512 -0.00708806
v 0.06529307 0.01641512 -0.00780221
v 0.06529307 0.01741512 -0.00780221
v 0.06426679 0.01641512 -0.00839473
v 0.06426679 0.01741512 -0.00839473
v 0.06317547 0.01641512 -0.00885665
v 0.06317547 0.01741512 -0.00885665
v 0.06203566 0.01641512 -0.00918095
v 0.06203566 0.01741512 -0.00918095
v 0.06086464 0.01641512 -0.00936273
v 0.06086464 0.01741512 -0.00936273
v 0.05968016 0.01641512 -0.00939922
v 0.05968016 0.01741512 -0.00939922
v 0.05850016 0.01641512 -0.00928988
v 0.05850016 0.01741512 -0.00928988
v 0.05734256 0.01641512 -0.00903636
v 0.05734256 0.01741512 -0.00903636
v 0.05622487 0.01641512 -0.00864250
v 0.05622487 0.01741512 -0.00864250
v 0.05516406 0.01641512 -0.00811428
v 0.05516406 0.01741512 -0.00811428
v 0.05417620 0.01641512 -0.00745970
v 0.05417620 0.01741512 -0.00745970
v 0.05327627 0.01641512 -0.00668869
v 0.05327627 0.01741512 -0.00668869
v 0.05247791 0.01641512 -0.00581293
v 0.05247791 0.01741512 -0.00581293
v 0.05179321 0.01641512 -0.00484570
v 0.05179321 0.01741512 -0.00484570
v 0.05123258 0.01641512 -0.00380166
v 0.05123258 0.01741512 -0.00380166
v 0.05080449 0.01641512 -0.00269663
v 0.05080449 0.01741512 -0.00269663
v 0.05051544 0.01641512 -0.00154738
v 0.05051544 0.01741512 -0.00154738
v 0.05036981 0.01641512 -0.00037131
v 0.05036981 0.01741512 -0.00037131
v 0.05036981 0.01641512 0.00081374
v 0.05036981 0.01741512 0.00081374
v 0.05051544 0.01641512 0.00198980
v 0.05051544 0.01741512 0.00198980
v 0.05080449 0.01641512 0.00313906
v 0.05080449 0.01741512 0.00313906
v 0.05123258 0.01641512 0.00424408
v 0.05123258 0.01741512 0.00424408
v 0.05179321 0.01641512 0.00528812
v 0.05179321 0.01741512 0.00528812
v 0.05247791 0.01641512 0.00625535
v 0.05247791 0.01741512 0.00625535
v 0.05327627 0.01641512 0.00713111
v 0.05327627 0.01741512 0.00713111
v 0.05417620 0.01641512 0.00790213
v 0.05417620 0.01741512 0.00790213
v 0.05516406 0.01641512 0.00855671
v 0.05516406 0.01741512 0.00855671
v 0.05622487 0.01641512 0.00908493
v 0.05622487 0.01741512 0.00908493
v 0.05734256 0.01641512 0.00947879
v 0.05734256 0.01741512 0.00947879
v 0.05850016 0.01641512 0.00973231
v 0.05850016 0.01741512 0.00973231
v 0.05968016 0.01641512 0.00984165
v 0.05968016 0.01741512 0.00984165
v 0.06086464 0.01641512 0.00980515
v 0.06086464 0.01741512 0.00980515
v 0.06203566 0.01641512 0.00962338
v 0.06203566 0.01741512 0.00962338
v 0.06317547 0.01641512 0.00929907
v 0.06317547 0.01741512 0.00929907
v 0.06426679 0.01641512 0.00883716
v 0.06426679 0.01741512 0.00883716
v 0.06529307 0.01641512 0.00824464
v 0.06529307 0.01741512 0.00824464
v 0.06623876 0.01641512 0.00753048
v 0.06623876 0.01741512 0.00753048
v 0.06708952 0.01641512 0.00670553
v 0.06708952 0.01741512 0.00670553
v 0.06783246 0.01641512 0.00578229
v 0.06783246 0.01741512 0.00578229
v 0.06845630 0.01641512 0.00477474
v 0.06845630 0.01741512 0.00477474
v 0.06895159 0.01641512 0.00369816
v 0.06895159 0.01741512 0.00369816
v 0.06931085 0.01641512 0.00256888
v 0.06931085 0.01741512 0.00256888
v 0.06952859 0.01641512 0.00140401
v -0.05047140 0.01741512 0.00140401
v -0.05039845 0.01641512 0.00022121
v -0.05039845 0.01741512 0.00022121
v -0.05047140 0.01641512 -0.00096159
v -0.05047140 0.01741512 -0.00096159
v -0.05068915 0.01641512 -0.00212646
v -0.05068915 0.01741512 -0.00212646
v -0.05104840 0.01641512 -0.00325574
v -0.05104840 0.01741512 -0.00325574
v -0.05154371 0.01641512 -0.00433231
v -0.05154371 0.01741512 -0.00433231
v -0.05216755 0.01641512 -0.00533986
v -0.05216755 0.01741512 -0.00533986
v -0.05291049 0.01641512 -0.00626311
v -0.05291049 0.01741512 -0.00626311
v -0.05376125 0.01641511 -0.00708806
v -0.05376125 0.01741511 -0.00708806
v -0.05470693 0.01641511 -0.00780221
v -0.05470693 0.01741511 -0.00780221
v -0.05573322 0.01641511 -0.00839473
v -0.05573322 0.01741511 -0.00839473
v -0.05682454 0.01641511 -0.00885665
v -0.05682454 0.01741511 -0.00885665
v -0.05796434 0.01641511 -0.00918095
v -0.05796434 0.01741511 -0.00918095
v -0.05913536 0.01641511 -0.00936273
v -0.05913536 0.01741511 -0.00936273
v -0.06031985 0.01641511 -0.00939922
v -0.06031985 0.01741511 -0.00939922
v -0.06149985 0.01641511 -0.00928988
v -0.06149985 0.01741511 -0.00928988
v -0.06265746 0.01641511 -0.00903636
v -0.06265746 0.01741511 -0.00903636
v -0.06377514 0.01641511 -0.00864250
v -0.06377514 0.01741511 -0.00864250
v -0.06483596 0.01641511 -0.00811428
v -0.06483596 0.01741511 -0.00811428
v -0.06582382 0.01641511 -0.00745970
v -0.06582382 0.01741511 -0.00745970
v -0.06672374 0.01641511 -0.00668869
v -0.06672374 0.01741511 -0.00668869
v -0.06752211 0.01641511 -0.00581293
v -0.06752211 0.01741511 -0.00581293
v -0.06820679 0.01641511 -0.00484570
v -0.06820679 0.01741511 -0.00484570
v -0.06876744 0.01641511 -0.00380166
v -0.06876744 0.01741511 -0.00380166
v -0.06919552 0.01641511 -0.00269663
v -0.06919552 0.01741511 -0.00269663
v -0.06948458 0.01641511 -0.00154738
v -0.06948458 0.01741511 -0.00154738
v -0.06963020 0.01641511 -0.00037131
v -0.06963020 0.01741511 -0.00037131
v -0.06963020 0.01641511 0.00081374
v -0.06963020 0.01741511 0.00081374
v -0.06948458 0.01641511 0.00198980
v -0.06948458 0.01741511 0.00198980
v -0.06919552 0.01641511 0.00313906
v -0.06919552 0.01741511 0.00313906
v -0.06876744 0.01641511 0.00424408
v -0.06876744 0.01741511 0.00424408
v -0.06820679 0.01641511 0.00528812
v -0.06820679 0.01741511 0.00528812
v -0.06752211 0.01641511 0.00625535
v -0.06752211 0.01741511 0.00625535
v -0.06672374 0.01641511 0.00713111
v -0.06672374 0.01741511 0.00713111
v -0.06582382 0.01641511 0.00790213
v -0.06582382 0.01741511 0.00790213
v -0.06483596 0.01641511 0.00855671
v -0.06483596 0.01741511 0.00855671
v -0.06377514 0.01641511 0.00908493
v -0.06377514 0.01741511 0.00908493
v -0.06265746 0.01641511 0.00947879
v -0.06265746 0.01741511 0.00947879
v -0.06149985 0.01641511 0.00973231
v -0.06149985 0.01741511 0.00973231
v -0.06031985 0.01641511 0.00984165
v -0.06031985 0.01741511 0.00984165
v -0.05913536 0.01641511 0.00980515
v -0.05913536 0.01741511 0.00980515
v -0.05796434 0.01641511 0.00962338
v -0.05796434 0.01741511 0.00962338
v -0.05682454 0.01641511 0.00929907
v -0.05682454 0.01741511 0.00929907
v -0.05573322 0.01641511 0.00883716
v -0.05573322 0.01741511 0.00883716
v -0.05470693 0.01641511 0.00824464
v -0.05470693 0.01741511 0.00824464
v -0.05376125 0.01641511 0.00753048
v -0.05376125 0.01741511 0.00753048
v -0.05291049 0.01641512 0.00670553
v -0.05291049 0.01741512 0.00670553
v -0.05216755 0.01641512 0.00578229
v -0.05216755 0.01741512 0.00578229
v -0.05154371 0.01641512 0.00477474
v -0.05154371 0.01741512 0.00477474
v -0.05104840 0.01641512 0.00369816
v -0.05104840 0.01741512 0.00369816
v -0.05068915 0.01641512 0.00256888
v -0.05068915 0.01741512 0.00256888
v -0.05047140 0.01641512 0.00140401
f 1 2 3
f 3 2 4
f 3 4 5
f 5 4 6
f 5 6 7
f 7 6 8
f 7 8 9
f 7 9 10
f 10 9 11
f 10 11 12
f 12 11 13
f 9 14 11
f 11 14 15
f 11 15 13
f 14 9 16
f 16 9 8
f 16 8 6
f 16 6 17
f 17 6 4
f 17 4 18
f 18 4 2
f 18 2 19
f 18 19 20
f 20 19 21
f 20 21 22
f 22 21 23
f 22 23 24
f 24 23 25
f 24 25 26
f 26 25 27
f 26 27 28
f 28 27 29
f 28 29 30
f 30 29 31
f 30 31 13
f 21 32 23
f 23 32 33
f 23 33 25
f 25 33 34
f 25 34 27
f 27 34 35
f 27 35 29
f 29 35 36
f 29 36 31
f 31 36 37
f 31 37 13
f 33 32 38
f 38 32 39
f 38 39 40
f 40 39 41
f 40 41 42
f 42 41 43
f 42 43 44
f 44 43 45
f 44 45 46
f 46 45 47
f 46 47 48
f 48 47 49
f 48 49 50
f 50 49 51
f 50 51 13
f 41 52 43
f 43 52 53
f 43 53 45
f 45 53 54
f 45 54 47
f 47 54 55
f 47 55 49
f 49 55 56
f 49 56 51
f 51 56 57
f 51 57 13
f 53 52 58
f 58 52 59
f 58 59 60
f 60 59 61
f 60 61 62
f 62 61 63
f 62 63 64
f 64 63 65
f 64 65 66
f 66 65 67
f 66 67 68
f 68 67 69
f 68 69 70
f 70 69 71
f 70 71 13
f 61 72 63
f 63 72 73
f 63 73 65
f 65 73 74
f 65 74 67
f 67 74 75
f 67 75 69
f 69 75 76
f 69 76 71
f 71 76 77
f 71 77 13
f 73 72 78
f 78 72 79
f 78 79 80
f 80 79 81
f 80 81 82
f 82 81 83
f 82 83 84
f 84 83 85
f 84 85 86
f 86 85 87
f 86 87 88
f 88 87 89
f 88 89 90
f 90 89 91
f 90 91 13
f 81 92 83
f 83 92 93
f 83 93 85
f 85 93 94
f 85 94 87
f 87 94 95
f 87 95 89
f 89 95 96
f 89 96 91
f 91 96 97
f 91 97 13
f 92 98 93
f 93 98 99
f 93 99 94
f 94 99 100
f 94 100 95
f 95 100 101
f 95 101 96
f 96 101 102
f 96 102 97
f 97 102 103
f 97 103 13
f 99 98 104
f 104 98 105
f 104 105 106
f 106 105 107
f 106 107 108
f 108 107 109
f 108 109 110
f 110 109 111
f 110 111 112
f 112 111 113
f 112 113 114
f 114 113 115
f 114 115 13
f 105 116 107
f 107 116 117
f 107 117 109
f 109 117 118
f 109 118 111
f 111 118 119
f 111 119 113
f 113 119 120
f 113 120 115
f 115 120 121
f 115 121 13
f 116 122 117
f 117 122 123
f 117 123 118
f 118 123 124
f 118 124 119
f 119 124 125
f 119 125 120
f 120 125 126
f 120 126 121
f 121 126 127
f 121 127 13
f 123 122 128
f 128 122 129
f 128 129 130
f 130 129 131
f 130 131 132
f 132 131 133
f 132 133 134
f 134 133 135
f 134 135 136
f 136 135 137
f 136 137 138
f 138 137 139
f 138 139 13
f 129 140 131
f 131 140 141
f 131 141 133
f 133 141 142
f 133 142 135
f 135 142 143
f 135 143 137
f 137 143 144
f 137 144 139
f 139 144 145
f 139 145 13
f 140 146 141
f 141 146 147
f 141 147 142
f 142 147 148
f 142 148 143
f 143 148 149
f 143 149 144
f 144 149 150
f 144 150 145
f 145 150 151
f 145 151 13
f 147 146 152
f 152 146 153
f 152 153 154
f 154 153 155
f 154 155 156
f 156 155 157
f 156 157 158
f 158 157 159
f 158 159 160
f 160 159 161
f 160 161 162
f 162 161 163
f 162 163 164
f 164 163 165
f 164 165 13
f 155 166 157
f 157 166 167
f 157 167 159
f 159 167 168
f 159 168 161
f 161 168 169
f 161 169 163
f 163 169 170
f 163 170 165
f 165 170 171
f 165 171 13
f 167 166 172
f 172 166 173
f 172 173 174
f 174 173 175
f 174 175 176
f 176 175 177
f 176 177 178
f 178 177 179
f 178 179 180
f 180 179 181
f 180 181 182
f 182 181 183
f 182 183 184
f 184 183 185
f 184 185 13
f 175 186 177
f 177 186 187
f 177 187 179
f 179 187 188
f 179 188 181
f 181 188 189
f 181 189 183
f 183 189 190
f 183 190 185
f 185 190 191
f 185 191 13
f 187 186 192
f 192 186 193
f 192 193 194
f 194 193 195
f 194 195 196
f 196 195 197
f 196 197 198
f 198 197 199
f 198 199 200
f 200 199 201
f 200 201 202
f 202 201 203
f 202 203 204
f 204 203 205
f 204 205 13
f 195 206 197
f 197 206 207
f 197 207 199
f 199 207 208
f 199 208 201
f 201 208 209
f 201 209 203
f 203 209 210
f 203 210 205
f 205 210 211
f 205 211 13
f 207 206 212
f 212 206 213
f 212 213 214
f 214 213 215
f 214 215 216
f 216 215 217
f 216 217 218
f 218 217 219
f 218 219 220
f 220 219 221
f 220 221 222
f 222 221 223
f 222 223 224
f 224 223 225
f 224 225 13
f 215 226 217
f 217 226 227
f 217 227 219
f 219 227 228
f 219 228 221
f 221 228 229
f 221 229 223
f 223 229 230
f 223 230 225
f 225 230 231
f 225 231 13
f 227 226 232
f 232 226 233
f 232 233 234
f 234 233 235
f 234 235 236
f 236 235 237
f 236 237 238
f 238 237 239
f 238 239 240
f 240 239 241
f 240 241 242
f 242 241 243
f 242 243 13
f 233 244 235
f 235 244 245
f 235 245 237
f 237 245 246
f 237 246 239
f 239 246 247
f 239 247 241
f 241 247 248
f 241 248 243
f 243 248 249
f 243 249 13
f 244 250 245
f 245 250 251
f 245 251 246
f 246 251 252
f 246 252 247
f 247 252 253
f 247 253 248
f 248 253 254
f 248 254 249
f 249 254 255
f 249 255 13
f 251 250 256
f 256 250 257
f 256 257 258
f 258 257 259
f 258 259 260
f 260 259 261
f 260 261 262
f 262 261 263
f 262 263 264
f 264 263 265
f 264 265 266
f 266 265 267
f 266 267 13
f 257 268 259
f 259 268 269
f 259 269 261
f 261 269 270
f 261 270 263
f 263 270 271
f 263 271 265
f 265 271 272
f 265 272 267
f 267 272 273
f 267 273 13
f 269 268 274
f 274 268 275
f 274 275 276
f 276 275 277
f 276 277 278
f 278 277 279
f 278 279 280
f 280 279 281
f 280 281 282
f 282 281 283
f 282 283 284
f 284 283 285
f 284 285 13
f 275 286 277
f 277 286 287
f 277 287 279
f 279 287 288
f 279 288 281
f 281 288 289
f 281 289 283
f 283 289 290
f 283 290 285
f 285 290 291
f 285 291 13
f 287 286 292
f 292 286 293
f 292 293 294
f 294 293 295
f 294 295 296
f 296 295 297
f 296 297 298
f 298 297 299
f 298 299 300
f 300 299 301
f 300 301 302
f 302 301 303
f 302 303 304
f 304 303 305
f 304 305 13
f 295 306 297
f 297 306 307
f 297 307 299
f 299 307 308
f 299 308 301
f 301 308 309
f 301 309 303
f 303 309 310
f 303 310 305
f 305 310 311
f 305 311 13
f 307 306 312
f 312 306 313
f 312 313 314
f 314 313 315
f 314 315 316
f 316 315 317
f 316 317 318
f 318 317 319
f 318 319 320
f 320 319 321
f 320 321 322
f 322 321 323
f 322 323 13
f 313 324 315
f 315 324 325
f 315 325 317
f 317 325 326
f 317 326 319
f 319 326 327
f 319 327 321
f 321 327 328
f 321 328 323
f 323 328 329
f 323 329 13
f 325 324 330
f 330 324 331
f 330 331 332
f 332 331 333
f 332 333 334
f 334 333 335
f 334 335 336
f 336 335 337
f 336 337 338
f 338 337 7
f 338 7 10
f 333 1 335
f 335 1 339
f 335 339 337
f 337 339 5
f 337 5 7
f 339 1 3
f 12 13 340
f 340 13 329
f 322 13 341
f 341 13 311
f 304 13 342
f 342 13 343
f 343 13 291
f 284 13 344
f 344 13 273
f 266 13 345
f 345 13 255
f 242 13 346
f 346 13 231
f 224 13 347
f 348 13 211
f 204 13 349
f 349 13 350
f 350 13 191
f 184 13 351
f 351 13 352
f 352 13 171
f 164 13 353
f 353 13 354
f 354 13 151
f 138 13 355
f 355 13 127
f 114 13 356
f 90 13 357
f 357 13 358
f 358 13 77
f 70 13 359
f 359 13 360
f 360 13 57
f 50 13 361
f 361 13 362
f 362 13 37
f 30 13 363
f 363 13 364
f 364 13 365
f 365 13 366
f 366 13 367
f 367 13 15
f 347 13 348
f 356 13 103
f 10 12 368
f 368 12 340
f 368 340 369
f 369 340 329
f 369 329 328
f 339 3 5
f 17 18 370
f 370 18 20
f 370 20 371
f 371 20 22
f 371 22 24
f 16 17 372
f 372 17 370
f 372 370 373
f 373 370 371
f 373 371 374
f 374 371 24
f 374 24 26
f 367 15 14
f 14 16 375
f 375 16 372
f 375 372 376
f 376 372 373
f 376 373 377
f 377 373 374
f 377 374 378
f 378 374 26
f 378 26 28
f 366 367 375
f 375 367 14
f 366 375 376
f 366 376 365
f 365 376 377
f 365 377 364
f 364 377 378
f 364 378 363
f 363 378 28
f 363 28 30
f 40 379 38
f 38 379 34
f 38 34 33
f 34 379 35
f 35 379 380
f 35 380 36
f 36 380 381
f 36 381 37
f 37 381 362
f 379 40 382
f 382 40 42
f 382 42 44
f 44 383 382
f 382 383 380
f 382 380 379
f 380 383 381
f 381 383 384
f 381 384 362
f 362 384 361
f 384 383 46
f 46 383 44
f 361 384 48
f 48 384 46
f 60 385 58
f 58 385 54
f 58 54 53
f 54 385 55
f 55 385 386
f 55 386 56
f 56 386 387
f 56 387 57
f 57 387 360
f 385 60 388
f 388 60 62
f 388 62 64
f 361 48 50
f 64 389 388
f 388 389 386
f 388 386 385
f 386 389 387
f 387 389 390
f 387 390 360
f 360 390 359
f 390 389 66
f 66 389 64
f 359 390 68
f 68 390 66
f 80 391 78
f 78 391 74
f 78 74 73
f 74 391 75
f 75 391 392
f 75 392 76
f 76 392 393
f 76 393 77
f 77 393 358
f 391 80 394
f 394 80 82
f 394 82 84
f 359 68 70
f 391 394 392
f 392 394 395
f 392 395 393
f 393 395 396
f 393 396 358
f 358 396 357
f 395 394 84
f 395 84 86
f 395 86 396
f 396 86 88
f 396 88 357
f 357 88 90
f 99 104 100
f 100 104 397
f 100 397 101
f 101 397 398
f 101 398 102
f 102 398 399
f 102 399 103
f 103 399 356
f 104 106 397
f 397 106 108
f 397 108 398
f 398 108 110
f 398 110 399
f 399 110 112
f 399 112 356
f 356 112 114
f 123 128 124
f 124 128 400
f 124 400 125
f 125 400 401
f 125 401 126
f 126 401 402
f 126 402 127
f 127 402 355
f 128 130 400
f 400 130 132
f 400 132 401
f 401 132 134
f 401 134 402
f 402 134 136
f 402 136 355
f 355 136 138
f 147 152 148
f 148 152 403
f 148 403 149
f 149 403 404
f 149 404 150
f 150 404 405
f 150 405 151
f 151 405 354
f 152 154 403
f 403 154 406
f 403 406 404
f 404 406 407
f 404 407 405
f 405 407 408
f 405 408 354
f 354 408 353
f 156 158 406
f 406 158 407
f 408 407 160
f 160 407 158
f 154 156 406
f 353 408 162
f 162 408 160
f 174 409 172
f 172 409 168
f 172 168 167
f 168 409 169
f 169 409 410
f 169 410 170
f 170 410 411
f 170 411 171
f 171 411 352
f 409 174 412
f 412 174 176
f 412 176 178
f 353 162 164
f 178 413 412
f 412 413 410
f 412 410 409
f 410 413 411
f 411 413 414
f 411 414 352
f 352 414 351
f 414 413 180
f 180 413 178
f 351 414 182
f 182 414 180
f 194 415 192
f 192 415 188
f 192 188 187
f 188 415 189
f 189 415 416
f 189 416 190
f 190 416 417
f 190 417 191
f 191 417 350
f 415 194 418
f 418 194 196
f 418 196 198
f 351 182 184
f 198 419 418
f 418 419 416
f 418 416 415
f 416 419 417
f 417 419 420
f 417 420 350
f 350 420 349
f 420 419 200
f 200 419 198
f 349 420 202
f 202 420 200
f 214 421 212
f 212 421 208
f 212 208 207
f 208 421 209
f 209 421 422
f 209 422 210
f 210 422 423
f 210 423 211
f 211 423 348
f 421 214 424
f 424 214 216
f 424 216 218
f 349 202 204
f 218 425 424
f 424 425 422
f 424 422 421
f 422 425 423
f 423 425 426
f 423 426 348
f 348 426 347
f 426 425 220
f 220 425 218
f 347 426 222
f 222 426 220
f 234 427 232
f 232 427 228
f 232 228 227
f 228 427 229
f 229 427 428
f 229 428 230
f 230 428 429
f 230 429 231
f 231 429 346
f 428 427 236
f 236 427 234
f 347 222 224
f 428 236 238
f 428 238 429
f 429 238 240
f 429 240 346
f 346 240 242
f 251 256 252
f 252 256 430
f 252 430 253
f 253 430 431
f 253 431 254
f 254 431 432
f 254 432 255
f 255 432 345
f 258 260 430
f 430 260 431
f 432 431 262
f 262 431 260
f 256 258 430
f 269 274 270
f 270 274 433
f 270 433 271
f 271 433 434
f 271 434 272
f 272 434 435
f 272 435 273
f 273 435 344
f 432 262 264
f 266 345 264
f 264 345 432
f 274 276 433
f 433 276 278
f 433 278 434
f 434 278 280
f 434 280 435
f 435 280 282
f 435 282 344
f 344 282 284
f 294 436 292
f 292 436 288
f 292 288 287
f 288 436 289
f 289 436 437
f 289 437 290
f 290 437 438
f 290 438 291
f 291 438 343
f 436 294 439
f 439 294 296
f 439 296 298
f 298 440 439
f 439 440 437
f 439 437 436
f 437 440 438
f 438 440 441
f 438 441 343
f 343 441 342
f 441 440 300
f 300 440 298
f 307 312 308
f 308 312 442
f 308 442 309
f 309 442 443
f 309 443 310
f 310 443 444
f 310 444 311
f 311 444 341
f 441 300 302
f 304 342 302
f 302 342 441
f 312 314 442
f 442 314 316
f 442 316 443
f 443 316 318
f 443 318 444
f 444 318 320
f 444 320 341
f 341 320 322
f 332 445 330
f 330 445 326
f 330 326 325
f 326 445 327
f 327 445 446
f 327 446 328
f 328 446 369
f 445 332 447
f 447 332 334
f 447 334 336
f 336 448 447
f 447 448 446
f 447 446 445
f 368 369 448
f 448 369 446
f 368 448 338
f 338 448 336
f 368 338 10
f 1 449 2
f 2 449 450
f 2 450 19
f 19 450 451
f 19 451 21
f 21 451 452
f 21 452 32
f 32 452 453
f 32 453 39
f 39 453 454
f 39 454 41
f 41 454 455
f 41 455 52
f 52 455 456
f 52 456 59
f 59 456 457
f 59 457 61
f 61 457 458
f 61 458 72
f 72 458 459
f 72 459 79
f 79 459 460
f 79 460 81
f 81 460 461
f 81 461 92
f 92 461 462
f 92 462 98
f 98 462 463
f 98 463 105
f 105 463 464
f 105 464 116
f 116 464 465
f 116 465 122
f 122 465 466
f 122 466 129
f 129 466 467
f 129 467 140
f 140 467 468
f 140 468 146
f 146 468 469
f 146 469 153
f 153 469 470
f 153 470 155
f 155 470 471
f 155 471 166
f 166 471 472
f 166 472 173
f 173 472 473
f 173 473 175
f 175 473 474
f 175 474 186
f 186 474 475
f 186 475 193
f 193 475 476
f 193 476 195
f 195 476 477
f 195 477 206
f 206 477 478
f 206 478 213
f 213 478 479
f 213 479 215
f 215 479 480
f 215 480 226
f 226 480 481
f 226 481 233
f 233 481 482
f 233 482 244
f 244 482 483
f 244 483 250
f 250 483 484
f 250 484 257
f 257 484 485
f 257 485 268
f 268 485 486
f 268 486 275
f 275 486 487
f 275 487 286
f 286 487 488
f 286 488 293
f 293 488 489
f 293 489 295
f 295 489 490
f 295 490 306
f 306 490 491
f 306 491 313
f 313 491 492
f 313 492 324
f 324 492 493
f 324 493 331
f 331 493 494
f 331 494 333
f 333 494 495
f 333 495 1
f 1 495 449
f 496 497 498
f 498 497 499
f 498 499 500
f 500 499 501
f 500 501 502
f 502 501 503
f 502 503 504
f 504 503 505
f 504 505 506
f 506 505 507
f 506 507 508
f 508 507 509
f 508 509 510
f 510 509 511
f 510 511 512
f 512 511 513
f 512 513 514
f 514 513 515
f 514 515 516
f 516 515 517
f 516 517 518
f 518 517 519
f 518 519 520
f 520 519 521
f 520 521 522
f 522 521 523
f 522 523 524
f 524 523 525
f 524 525 526
f 526 525 527
f 526 527 528
f 528 527 529
f 528 529 530
f 530 529 531
f 530 531 532
f 532 531 533
f 532 533 534
f 534 533 535
f 534 535 536
f 536 535 537
f 536 537 538
f 538 537 539
f 538 539 540
f 540 539 541
f 540 541 542
f 542 541 543
f 542 543 544
f 544 543 545
f 544 545 546
f 546 545 547
f 546 547 548
f 548 547 549
f 548 549 550
f 550 549 551
f 550 551 552
f 552 551 553
f 552 553 554
f 554 553 555
f 554 555 556
f 556 555 557
f 556 557 558
f 558 557 559
f 558 559 560
f 560 559 561
f 560 561 562
f 562 561 563
f 562 563 564
f 564 563 565
f 564 565 566
f 566 565 567
f 566 567 568
f 568 567 569
f 568 569 570
f 570 569 571
f 570 571 572
f 572 571 573
f 572 573 574
f 574 573 575
f 574 575 576
f 576 575 577
f 576 577 578
f 578 577 579
f 578 579 580
f 580 579 581
f 580 581 582
f 582 581 583
f 582 583 584
f 584 583 585
f 584 585 586
f 586 585 587
f 586 587 588
f 588 587 589
f 588 589 590
f 590 589 591
f 590 591 592
f 592 591 593
f 592 593 594
f 594 593 595
f 594 595 596
f 596 595 597
f 596 597 598
f 598 597 599
f 598 599 600
f 600 599 601
f 600 601 602
f 602 601 603
f 602 603 604
f 604 603 605
f 604 605 606
f 606 605 607
f 606 607 608
f 608 607 609
f 608 609 610
f 610 609 611
f 610 611 612
f 612 611 613
f 612 613 614
f 614 613 615
f 614 615 616
f 616 615 617
f 616 617 618
f 618 617 619
f 618 619 620
f 620 619 621
f 620 621 622
f 622 621 623
f 622 623 624
f 624 623 625
f 624 625 626
f 626 625 627
f 626 627 628
f 628 627 629
f 628 629 630
f 630 629 631
f 630 631 632
f 632 631 633
f 632 633 634
f 634 633 635
f 634 635 636
f 636 635 637
f 636 637 638
f 638 637 639
f 638 639 640
f 640 639 641
f 640 641 642
f 642 641 643
f 642 643 644
f 644 643 645
f 644 645 646
f 646 645 647
f 646 647 648
f 648 647 649
f 648 649 650
f 650 649 651
f 650 651 652
f 652 651 653
f 652 653 654
f 654 653 655
f 654 655 656
f 656 655 657
f 656 657 499
f 499 657 658
f 658 657 659
f 658 659 660
f 660 659 661
f 661 659 662
f 661 662 663
f 663 662 664
f 663 664 665
f 665 664 666
f 665 666 667
f 667 666 668
f 667 668 669
f 669 668 670
f 669 670 671
f 671 670 672
f 671 672 673
f 673 672 674
f 673 674 675
f 675 674 676
f 675 676 677
f 677 676 678
f 677 678 452
f 452 678 453
f 453 678 679
f 453 679 454
f 454 679 680
f 454 680 681
f 681 680 682
f 681 682 683
f 683 682 684
f 683 684 685
f 685 684 686
f 685 686 687
f 687 686 688
f 687 688 689
f 689 688 690
f 689 690 691
f 691 690 692
f 691 692 693
f 693 692 694
f 693 694 695
f 695 694 696
f 695 696 697
f 697 696 698
f 697 698 699
f 699 698 643
f 699 643 641
f 499 658 501
f 501 658 700
f 501 700 503
f 503 700 701
f 503 701 505
f 505 701 702
f 505 702 507
f 507 702 703
f 507 703 509
f 509 703 704
f 509 704 511
f 511 704 705
f 511 705 513
f 513 705 706
f 513 706 515
f 515 706 707
f 515 707 517
f 517 707 708
f 517 708 519
f 519 708 709
f 519 709 521
f 521 709 710
f 521 710 523
f 523 710 711
f 523 711 525
f 525 711 712
f 525 712 527
f 527 712 713
f 527 713 529
f 529 713 714
f 529 714 531
f 531 714 715
f 531 715 533
f 533 715 716
f 533 716 535
f 535 716 717
f 535 717 537
f 537 717 718
f 537 718 539
f 539 718 719
f 539 719 541
f 541 719 720
f 541 720 543
f 543 720 721
f 543 721 545
f 545 721 722
f 545 722 547
f 547 722 723
f 547 723 549
f 549 723 724
f 549 724 551
f 551 724 725
f 551 725 553
f 553 725 726
f 553 726 555
f 555 726 727
f 555 727 557
f 557 727 728
f 557 728 559
f 559 728 729
f 559 729 561
f 561 729 730
f 561 730 563
f 563 730 731
f 563 731 565
f 565 731 732
f 565 732 567
f 567 732 733
f 567 733 569
f 569 733 734
f 569 734 571
f 571 734 735
f 571 735 573
f 573 735 736
f 573 736 575
f 575 736 737
f 575 737 577
f 577 737 738
f 577 738 579
f 579 738 739
f 579 739 581
f 581 739 740
f 581 740 583
f 583 740 741
f 583 741 585
f 585 741 742
f 585 742 587
f 587 742 743
f 587 743 589
f 589 743 744
f 589 744 591
f 591 744 745
f 591 745 593
f 593 745 746
f 593 746 595
f 595 746 747
f 595 747 597
f 597 747 748
f 597 748 599
f 599 748 749
f 599 749 601
f 601 749 750
f 601 750 603
f 603 750 751
f 603 751 605
f 605 751 752
f 605 752 607
f 607 752 753
f 607 753 609
f 609 753 754
f 609 754 611
f 611 754 755
f 611 755 613
f 613 755 756
f 613 756 615
f 615 756 757
f 615 757 617
f 617 757 758
f 617 758 619
f 619 758 759
f 619 759 621
f 621 759 760
f 621 760 623
f 623 760 761
f 623 761 625
f 625 761 762
f 625 762 627
f 627 762 763
f 627 763 629
f 629 763 764
f 629 764 631
f 631 764 765
f 631 765 633
f 633 765 766
f 633 766 635
f 635 766 767
f 635 767 637
f 637 767 768
f 637 768 639
f 639 768 769
f 639 769 641
f 641 769 699
f 658 660 700
f 700 660 661
f 700 661 770
f 770 661 663
f 770 663 771
f 771 663 665
f 771 665 772
f 772 665 667
f 772 667 773
f 773 667 774
f 773 774 775
f 775 774 776
f 775 776 777
f 777 776 778
f 777 778 779
f 779 778 780
f 779 780 781
f 781 780 782
f 781 782 783
f 783 782 784
f 783 784 785
f 785 784 786
f 785 786 787
f 787 786 788
f 787 788 789
f 789 788 790
f 789 790 791
f 791 790 792
f 791 792 793
f 793 792 794
f 793 794 795
f 795 794 796
f 795 796 797
f 797 796 798
f 797 798 799
f 799 798 800
f 799 800 801
f 801 800 802
f 801 802 803
f 803 802 804
f 803 804 805
f 805 804 806
f 805 806 807
f 807 806 808
f 807 808 809
f 809 808 810
f 809 810 811
f 811 810 812
f 811 812 813
f 813 812 814
f 813 814 815
f 815 814 816
f 815 816 817
f 817 816 818
f 817 818 819
f 819 818 820
f 819 820 821
f 821 820 822
f 821 822 823
f 823 822 824
f 823 824 825
f 825 824 826
f 825 826 827
f 827 826 828
f 827 828 829
f 829 828 830
f 829 830 831
f 831 830 832
f 831 832 833
f 833 832 834
f 833 834 835
f 835 834 836
f 835 836 837
f 837 836 838
f 837 838 839
f 839 838 840
f 839 840 841
f 841 840 842
f 841 842 843
f 843 842 844
f 843 844 845
f 845 844 846
f 845 846 847
f 847 846 848
f 847 848 849
f 849 848 850
f 849 850 851
f 851 850 852
f 851 852 853
f 853 852 854
f 853 854 855
f 855 854 856
f 855 856 857
f 857 856 858
f 857 858 859
f 859 858 860
f 859 860 861
f 861 860 862
f 861 862 863
f 863 862 864
f 863 864 865
f 865 864 866
f 865 866 867
f 867 866 868
f 867 868 869
f 869 868 870
f 869 870 871
f 871 870 872
f 871 872 873
f 873 872 874
f 873 874 875
f 875 874 876
f 875 876 877
f 877 876 878
f 877 878 879
f 879 878 880
f 879 880 881
f 881 880 882
f 881 882 883
f 883 882 884
f 883 884 885
f 885 884 886
f 885 886 887
f 887 886 888
f 887 888 889
f 889 888 890
f 889 890 891
f 891 890 892
f 891 892 893
f 893 892 894
f 893 894 895
f 895 894 896
f 895 896 897
f 897 896 898
f 897 898 899
f 899 898 900
f 899 900 901
f 901 900 902
f 901 902 903
f 903 902 904
f 903 904 905
f 905 904 906
f 905 906 907
f 907 906 908
f 907 908 909
f 909 908 910
f 909 910 911
f 911 910 912
f 911 912 691
f 691 912 689
f 667 913 774
f 774 913 914
f 774 914 776
f 776 914 915
f 776 915 778
f 778 915 916
f 778 916 780
f 780 916 917
f 780 917 782
f 782 917 918
f 782 918 784
f 784 918 919
f 784 919 786
f 786 919 920
f 786 920 788
f 788 920 921
f 788 921 790
f 790 921 922
f 790 922 792
f 792 922 923
f 792 923 794
f 794 923 924
f 794 924 796
f 796 924 925
f 796 925 798
f 798 925 926
f 798 926 800
f 800 926 927
f 800 927 802
f 802 927 928
f 802 928 804
f 804 928 929
f 804 929 806
f 806 929 930
f 806 930 808
f 808 930 931
f 808 931 810
f 810 931 932
f 810 932 812
f 812 932 933
f 812 933 814
f 814 933 934
f 814 934 816
f 816 934 935
f 816 935 818
f 818 935 936
f 818 936 820
f 820 936 937
f 820 937 822
f 822 937 938
f 822 938 824
f 824 938 939
f 824 939 826
f 826 939 940
f 826 940 828
f 828 940 941
f 828 941 830
f 830 941 942
f 830 942 832
f 832 942 943
f 832 943 834
f 834 943 944
f 834 944 836
f 836 944 945
f 836 945 838
f 838 945 946
f 838 946 840
f 840 946 947
f 840 947 842
f 842 947 948
f 842 948 844
f 844 948 949
f 844 949 846
f 846 949 950
f 846 950 848
f 848 950 951
f 848 951 850
f 850 951 952
f 850 952 852
f 852 952 953
f 852 953 854
f 854 953 954
f 854 954 856
f 856 954 955
f 856 955 858
f 858 955 956
f 858 956 860
f 860 956 957
f 860 957 862
f 862 957 958
f 862 958 864
f 864 958 959
f 864 959 866
f 866 959 960
f 866 960 868
f 868 960 961
f 868 961 870
f 870 961 962
f 870 962 872
f 872 962 963
f 872 963 874
f 874 963 964
f 874 964 876
f 876 964 965
f 876 965 878
f 878 965 966
f 878 966 880
f 880 966 967
f 880 967 882
f 882 967 968
f 882 968 884
f 884 968 969
f 884 969 886
f 886 969 970
f 886 970 888
f 888 970 971
f 888 971 890
f 890 971 972
f 890 972 892
f 892 972 973
f 892 973 894
f 894 973 974
f 894 974 896
f 896 974 975
f 896 975 898
f 898 975 976
f 898 976 900
f 900 976 977
f 900 977 902
f 902 977 978
f 902 978 904
f 904 978 979
f 904 979 906
f 906 979 980
f 906 980 908
f 908 980 981
f 908 981 910
f 910 981 982
f 910 982 912
f 912 982 983
f 912 983 689
f 689 983 687
f 913 984 914
f 914 984 985
f 914 985 915
f 915 985 986
f 915 986 916
f 916 986 987
f 916 987 917
f 917 987 988
f 917 988 918
f 918 988 989
f 918 989 919
f 919 989 990
f 919 990 920
f 920 990 991
f 920 991 921
f 921 991 992
f 921 992 922
f 922 992 993
f 922 993 923
f 923 993 994
f 923 994 924
f 924 994 995
f 924 995 925
f 925 995 996
f 925 996 926
f 926 996 997
f 926 997 927
f 927 997 998
f 927 998 928
f 928 998 999
f 928 999 929
f 929 999 1000
f 929 1000 930
f 930 1000 1001
f 930 1001 931
f 931 1001 1002
f 931 1002 932
f 932 1002 1003
f 932 1003 933
f 933 1003 1004
f 933 1004 934
f 934 1004 1005
f 934 1005 935
f 935 1005 1006
f 935 1006 936
f 936 1006 1007
f 936 1007 937
f 937 1007 1008
f 937 1008 938
f 938 1008 1009
f 938 1009 939
f 939 1009 1010
f 939 1010 940
f 940 1010 1011
f 940 1011 941
f 941 1011 1012
f 941 1012 942
f 942 1012 1013
f 942 1013 943
f 943 1013 1014
f 943 1014 944
f 944 1014 1015
f 944 1015 945
f 945 1015 1016
f 945 1016 946
f 946 1016 1017
f 946 1017 947
f 947 1017 1018
f 947 1018 948
f 948 1018 1019
f 948 1019 949
f 949 1019 1020
f 949 1020 950
f 950 1020 1021
f 950 1021 951
f 951 1021 1022
f 951 1022 952
f 952 1022 1023
f 952 1023 953
f 953 1023 1024
f 953 1024 954
f 954 1024 1025
f 954 1025 955
f 955 1025 1026
f 955 1026 956
f 956 1026 1027
f 956 1027 957
f 957 1027 1028
f 957 1028 958
f 958 1028 1029
f 958 1029 959
f 959 1029 1030
f 959 1030 960
f 960 1030 1031
f 960 1031 961
f 961 1031 1032
f 961 1032 962
f 962 1032 1033
f 962 1033 963
f 963 1033 1034
f 963 1034 964
f 964 1034 1035
f 964 1035 965
f 965 1035 1036
f 965 1036 966
f 966 1036 1037
f 966 1037 967
f 967 1037 1038
f 967 1038 968
f 968 1038 1039
f 968 1039 969
f 969 1039 1040
f 969 1040 970
f 970 1040 1041
f 970 1041 971
f 971 1041 1042
f 971 1042 972
f 972 1042 1043
f 972 1043 973
f 973 1043 1044
f 973 1044 974
f 974 1044 1045
f 974 1045 975
f 975 1045 1046
f 975 1046 976
f 976 1046 1047
f 976 1047 977
f 977 1047 1048
f 977 1048 978
f 978 1048 1049
f 978 1049 979
f 979 1049 1050
f 979 1050 980
f 980 1050 1051
f 980 1051 981
f 981 1051 1052
f 981 1052 982
f 982 1052 1053
f 982 1053 983
f 983 1053 1054
f 983 1054 687
f 687 1054 685
f 985 984 1055
f 1055 984 1056
f 1055 1056 1057
f 1057 1056 449
f 1057 449 495
f 494 1058 495
f 495 1058 1059
f 495 1059 1057
f 1057 1059 1060
f 1057 1060 1055
f 1055 1060 986
f 1055 986 985
f 493 1061 494
f 494 1061 1062
f 494 1062 1058
f 1058 1062 1063
f 1058 1063 1064
f 1064 1063 988
f 1064 988 987
f 1061 493 1065
f 1065 493 492
f 1065 492 1066
f 1066 492 1067
f 1066 1067 1068
f 1068 1067 1069
f 1068 1069 993
f 993 1069 994
f 492 491 1067
f 1067 491 1070
f 1067 1070 1069
f 1069 1070 1071
f 1069 1071 994
f 994 1071 995
f 1070 491 1072
f 1072 491 490
f 1072 490 1073
f 1073 490 1074
f 1073 1074 1075
f 1075 1074 1076
f 1075 1076 997
f 997 1076 998
f 490 489 1074
f 1074 489 1077
f 1074 1077 1076
f 1076 1077 1078
f 1076 1078 998
f 998 1078 999
f 1077 489 1079
f 1079 489 488
f 1079 488 1080
f 1080 488 487
f 1080 487 1081
f 1081 487 1082
f 1081 1082 1083
f 1083 1082 1084
f 1083 1084 1002
f 1002 1084 1003
f 487 486 1082
f 1082 486 1085
f 1082 1085 1084
f 1084 1085 1086
f 1084 1086 1003
f 1003 1086 1004
f 1085 486 1087
f 1087 486 485
f 1087 485 1088
f 1088 485 1089
f 1088 1089 1090
f 1090 1089 1091
f 1090 1091 1006
f 1006 1091 1007
f 485 484 1089
f 1089 484 1092
f 1089 1092 1091
f 1091 1092 1093
f 1091 1093 1007
f 1007 1093 1008
f 1092 484 1094
f 1094 484 483
f 1094 483 1095
f 1095 483 1096
f 1095 1096 1097
f 1097 1096 1098
f 1097 1098 1010
f 1010 1098 1011
f 483 482 1096
f 1096 482 1099
f 1096 1099 1098
f 1098 1099 1100
f 1098 1100 1011
f 1011 1100 1012
f 482 481 1099
f 1099 481 1101
f 1099 1101 1100
f 1100 1101 1102
f 1100 1102 1012
f 1012 1102 1013
f 1101 481 1103
f 1103 481 480
f 1103 480 1104
f 1104 480 1105
f 1104 1105 1106
f 1106 1105 1107
f 1106 1107 1015
f 1015 1107 1016
f 480 479 1105
f 1105 479 1108
f 1105 1108 1107
f 1107 1108 1109
f 1107 1109 1016
f 1016 1109 1017
f 1108 479 1110
f 1110 479 478
f 1110 478 1111
f 1111 478 477
f 1111 477 1112
f 1112 477 1113
f 1112 1113 1114
f 1114 1113 1115
f 1114 1115 1020
f 1020 1115 1021
f 477 476 1113
f 1113 476 1116
f 1113 1116 1115
f 1115 1116 1117
f 1115 1117 1021
f 1021 1117 1022
f 1116 476 1118
f 1118 476 475
f 1118 475 1119
f 1119 475 474
f 1119 474 1120
f 1120 474 1121
f 1120 1121 1122
f 1122 1121 1123
f 1122 1123 1025
f 1025 1123 1026
f 474 473 1121
f 1121 473 1124
f 1121 1124 1123
f 1123 1124 1125
f 1123 1125 1026
f 1026 1125 1027
f 1124 473 1126
f 1126 473 472
f 1126 472 1127
f 1127 472 471
f 1127 471 1128
f 1128 471 1129
f 1128 1129 1130
f 1130 1129 1131
f 1130 1131 1030
f 1030 1131 1031
f 471 470 1129
f 1129 470 1132
f 1129 1132 1131
f 1131 1132 1133
f 1131 1133 1031
f 1031 1133 1032
f 1132 470 1134
f 1134 470 469
f 1134 469 1135
f 1135 469 468
f 1135 468 1136
f 1136 468 1137
f 1136 1137 1138
f 1138 1137 1139
f 1138 1139 1035
f 1035 1139 1036
f 468 467 1137
f 1137 467 1140
f 1137 1140 1139
f 1139 1140 1141
f 1139 1141 1036
f 1036 1141 1037
f 467 466 1140
f 1140 466 1142
f 1140 1142 1141
f 1141 1142 1143
f 1141 1143 1037
f 1037 1143 1038
f 1142 466 1144
f 1144 466 465
f 1144 465 1145
f 1145 465 1146
f 1145 1146 1147
f 1147 1146 1148
f 1147 1148 1040
f 1040 1148 1041
f 465 464 1146
f 1146 464 1149
f 1146 1149 1148
f 1148 1149 1150
f 1148 1150 1041
f 1041 1150 1042
f 464 463 1149
f 1149 463 1151
f 1149 1151 1150
f 1150 1151 1152
f 1150 1152 1042
f 1042 1152 1043
f 1151 463 1153
f 1153 463 462
f 1153 462 1154
f 1154 462 1155
f 1154 1155 1156
f 1156 1155 1157
f 1156 1157 1045
f 1045 1157 1046
f 462 461 1155
f 1155 461 1158
f 1155 1158 1157
f 1157 1158 1159
f 1157 1159 1046
f 1046 1159 1047
f 461 460 1158
f 1158 460 1160
f 1158 1160 1159
f 1159 1160 1161
f 1159 1161 1047
f 1047 1161 1048
f 1160 460 1162
f 1162 460 459
f 1162 459 1163
f 1163 459 458
f 1163 458 1164
f 1164 458 1165
f 1164 1165 1166
f 1166 1165 1167
f 1166 1167 1051
f 1051 1167 1052
f 458 457 1165
f 1165 457 1168
f 1165 1168 1167
f 1167 1168 1169
f 1167 1169 1052
f 1052 1169 1053
f 1168 457 1170
f 1170 457 456
f 1170 456 1171
f 1171 456 455
f 1171 455 1172
f 1172 455 681
f 1172 681 683
f 455 454 681
f 677 452 1173
f 1173 452 451
f 1173 451 1174
f 1174 451 1175
f 1174 1175 1176
f 1176 1175 1177
f 1176 1177 1178
f 1178 1177 984
f 1178 984 1179
f 1179 984 913
f 1179 913 669
f 669 913 667
f 451 450 1175
f 1175 450 1180
f 1175 1180 1177
f 1177 1180 1056
f 1177 1056 984
f 450 449 1180
f 1180 449 1056
f 656 499 1181
f 1181 499 497
f 1181 497 496
f 1181 496 1182
f 1182 496 1183
f 1183 496 1184
f 1184 496 1185
f 1185 496 1186
f 1186 496 1187
f 1187 496 1188
f 1188 496 1189
f 1189 496 1190
f 1190 496 1191
f 1191 496 1192
f 1192 496 1193
f 1193 496 1194
f 1194 496 1195
f 1195 496 1196
f 1196 496 1197
f 1197 496 1198
f 1198 496 1199
f 1199 496 1200
f 1200 496 1201
f 1201 496 1202
f 1202 496 1203
f 1203 496 1204
f 1204 496 1205
f 1205 496 1206
f 1207 496 1208
f 1208 496 1209
f 1209 496 1210
f 1210 496 1211
f 1211 496 1212
f 1212 496 1213
f 1213 496 1214
f 1214 496 1215
f 1215 496 1216
f 1216 496 1217
f 1217 496 1218
f 1218 496 1219
f 1219 496 1220
f 1220 496 1221
f 1221 496 1222
f 1222 496 1223
f 1223 496 1224
f 1224 496 1225
f 1225 496 1226
f 1226 496 1227
f 1227 496 1228
f 1228 496 1229
f 1229 496 1230
f 1230 496 1231
f 1231 496 1232
f 1233 496 1234
f 1234 496 1235
f 1235 496 1236
f 1236 496 1237
f 1237 496 1238
f 1238 496 1239
f 1239 496 1240
f 1240 496 1241
f 1241 496 1242
f 1242 496 1243
f 1243 496 1244
f 1244 496 1245
f 1245 496 1246
f 1246 496 1247
f 1247 496 1248
f 1248 496 1249
f 1249 496 1250
f 1250 496 1251
f 1251 496 1252
f 1252 496 1253
f 1253 496 1254
f 1254 496 1255
f 1255 496 1256
f 1256 496 1257
f 1257 496 1258
f 1258 496 498
f 772 773 1259
f 1259 773 775
f 1259 775 1260
f 1260 775 777
f 1260 777 1261
f 1261 777 779
f 1261 779 1262
f 1262 779 781
f 1262 781 1263
f 1263 781 783
f 1263 783 1264
f 1264 783 785
f 1264 785 1265
f 1265 785 787
f 1265 787 1266
f 1266 787 789
f 1266 789 1267
f 1267 789 791
f 1267 791 1268
f 1268 791 793
f 1268 793 1269
f 1269 793 795
f 1269 795 1270
f 1270 795 797
f 1270 797 1271
f 1271 797 799
f 1271 799 1272
f 1272 799 801
f 1272 801 1273
f 1273 801 803
f 1273 803 1274
f 1274 803 805
f 1274 805 1275
f 1275 805 807
f 1275 807 1276
f 1276 807 809
f 1276 809 1277
f 1277 809 811
f 1277 811 1278
f 1278 811 813
f 1278 813 1279
f 1279 813 815
f 1279 815 1280
f 1280 815 817
f 1280 817 1281
f 1281 817 819
f 1281 819 1282
f 1282 819 821
f 1282 821 1283
f 1283 821 823
f 1283 823 1284
f 1284 823 825
f 1284 825 1285
f 1285 825 827
f 1285 827 1286
f 1286 827 829
f 1286 829 1287
f 1287 829 831
f 1287 831 1288
f 1288 831 833
f 1288 833 1289
f 1289 833 835
f 1289 835 1290
f 1290 835 837
f 1290 837 1291
f 1291 837 839
f 1291 839 1292
f 1292 839 841
f 1292 841 1293
f 1293 841 843
f 1293 843 1294
f 1294 843 845
f 1294 845 1295
f 1295 845 847
f 1295 847 1296
f 1296 847 849
f 1296 849 1297
f 1297 849 851
f 1297 851 1298
f 1298 851 853
f 1298 853 1299
f 1299 853 855
f 1299 855 1300
f 1300 855 857
f 1300 857 1301
f 1301 857 859
f 1301 859 1302
f 1302 859 861
f 1302 861 1303
f 1303 861 863
f 1303 863 1304
f 1304 863 865
f 1304 865 1305
f 1305 865 867
f 1305 867 1306
f 1306 867 869
f 1306 869 1307
f 1307 869 871
f 1307 871 1308
f 1308 871 873
f 1308 873 1309
f 1309 873 875
f 1309 875 1310
f 1310 875 877
f 1310 877 1311
f 1311 877 879
f 1311 879 1312
f 1312 879 881
f 1312 881 1313
f 1313 881 883
f 1313 883 1314
f 1314 883 885
f 1314 885 1315
f 1315 885 887
f 1315 887 1316
f 1316 887 889
f 1316 889 1317
f 1317 889 891
f 1317 891 1318
f 1318 891 893
f 1318 893 1319
f 1319 893 895
f 1319 895 1320
f 1320 895 897
f 1320 897 1321
f 1321 897 899
f 1321 899 1322
f 1322 899 901
f 1322 901 1323
f 1323 901 903
f 1323 903 1324
f 1324 903 905
f 1324 905 1325
f 1325 905 907
f 1325 907 1326
f 1326 907 909
f 1326 909 1327
f 1327 909 911
f 1327 911 693
f 693 911 691
f 771 772 1328
f 1328 772 1259
f 1328 1259 1329
f 1329 1259 1260
f 1329 1260 1330
f 1330 1260 1261
f 1330 1261 1331
f 1331 1261 1262
f 1331 1262 1332
f 1332 1262 1263
f 1332 1263 1333
f 1333 1263 1264
f 1333 1264 1334
f 1334 1264 1265
f 1334 1265 1335
f 1335 1265 1266
f 1335 1266 1336
f 1336 1266 1267
f 1336 1267 1337
f 1337 1267 1268
f 1337 1268 1338
f 1338 1268 1269
f 1338 1269 1339
f 1339 1269 1270
f 1339 1270 1340
f 1340 1270 1271
f 1340 1271 1341
f 1341 1271 1272
f 1341 1272 1342
f 1342 1272 1273
f 1342 1273 1343
f 1343 1273 1274
f 1343 1274 1344
f 1344 1274 1275
f 1344 1275 1345
f 1345 1275 1276
f 1345 1276 1346
f 1346 1276 1277
f 1346 1277 1347
f 1347 1277 1278
f 1347 1278 1348
f 1348 1278 1279
f 1348 1279 1349
f 1349 1279 1280
f 1349 1280 1350
f 1350 1280 1281
f 1350 1281 1351
f 1351 1281 1282
f 1351 1282 1352
f 1352 1282 1283
f 1352 1283 1353
f 1353 1283 1284
f 1353 1284 1354
f 1354 1284 1285
f 1354 1285 1355
f 1355 1285 1286
f 1355 1286 1356
f 1356 1286 1287
f 1356 1287 1357
f 1357 1287 1288
f 1357 1288 1358
f 1358 1288 1289
f 1358 1289 1359
f 1359 1289 1290
f 1359 1290 1360
f 1360 1290 1291
f 1360 1291 1361
f 1361 1291 1292
f 1361 1292 1362
f 1362 1292 1293
f 1362 1293 1363
f 1363 1293 1294
f 1363 1294 1364
f 1364 1294 1295
f 1364 1295 1365
f 1365 1295 1296
f 1365 1296 1366
f 1366 1296 1297
f 1366 1297 1367
f 1367 1297 1298
f 1367 1298 1368
f 1368 1298 1299
f 1368 1299 1369
f 1369 1299 1300
f 1369 1300 1370
f 1370 1300 1301
f 1370 1301 1371
f 1371 1301 1302
f 1371 1302 1372
f 1372 1302 1303
f 1372 1303 1373
f 1373 1303 1304
f 1373 1304 1374
f 1374 1304 1305
f 1374 1305 1375
f 1375 1305 1306
f 1375 1306 1376
f 1376 1306 1307
f 1376 1307 1377
f 1377 1307 1308
f 1377 1308 1378
f 1378 1308 1309
f 1378 1309 1379
f 1379 1309 1310
f 1379 1310 1380
f 1380 1310 1311
f 1380 1311 1381
f 1381 1311 1312
f 1381 1312 1382
f 1382 1312 1313
f 1382 1313 1383
f 1383 1313 1314
f 1383 1314 1384
f 1384 1314 1315
f 1384 1315 1385
f 1385 1315 1316
f 1385 1316 1386
f 1386 1316 1317
f 1386 1317 1387
f 1387 1317 1318
f 1387 1318 1388
f 1388 1318 1319
f 1388 1319 1389
f 1389 1319 1320
f 1389 1320 1390
f 1390 1320 1321
f 1390 1321 1391
f 1391 1321 1322
f 1391 1322 1392
f 1392 1322 1323
f 1392 1323 1393
f 1393 1323 1324
f 1393 1324 1394
f 1394 1324 1325
f 1394 1325 1395
f 1395 1325 1326
f 1395 1326 1396
f 1396 1326 1327
f 1396 1327 695
f 695 1327 693
f 701 700 770
f 770 771 1397
f 1397 771 1328
f 1397 1328 1398
f 1398 1328 1329
f 1398 1329 1399
f 1399 1329 1330
f 1399 1330 1400
f 1400 1330 1331
f 1400 1331 1401
f 1401 1331 1332
f 1401 1332 1402
f 1402 1332 1333
f 1402 1333 1403
f 1403 1333 1334
f 1403 1334 1404
f 1404 1334 1335
f 1404 1335 1405
f 1405 1335 1336
f 1405 1336 1406
f 1406 1336 1337
f 1406 1337 1407
f 1407 1337 1338
f 1407 1338 1408
f 1408 1338 1339
f 1408 1339 1409
f 1409 1339 1340
f 1409 1340 1410
f 1410 1340 1341
f 1410 1341 1411
f 1411 1341 1342
f 1411 1342 1412
f 1412 1342 1343
f 1412 1343 1413
f 1413 1343 1344
f 1413 1344 1414
f 1414 1344 1345
f 1414 1345 1415
f 1415 1345 1346
f 1415 1346 1416
f 1416 1346 1347
f 1416 1347 1417
f 1417 1347 1348
f 1417 1348 1418
f 1418 1348 1349
f 1418 1349 1419
f 1419 1349 1350
f 1419 1350 1420
f 1420 1350 1351
f 1420 1351 1421
f 1421 1351 1352
f 1421 1352 1422
f 1422 1352 1353
f 1422 1353 1423
f 1423 1353 1354
f 1423 1354 1424
f 1424 1354 1355
f 1424 1355 1425
f 1425 1355 1356
f 1425 1356 1426
f 1426 1356 1357
f 1426 1357 1427
f 1427 1357 1358
f 1427 1358 1428
f 1428 1358 1359
f 1428 1359 1429
f 1429 1359 1360
f 1429 1360 1430
f 1430 1360 1361
f 1430 1361 1431
f 1431 1361 1362
f 1431 1362 1432
f 1432 1362 1363
f 1432 1363 1433
f 1433 1363 1364
f 1433 1364 1434
f 1434 1364 1365
f 1434 1365 1435
f 1435 1365 1366
f 1435 1366 1436
f 1436 1366 1367
f 1436 1367 1437
f 1437 1367 1368
f 1437 1368 1438
f 1438 1368 1369
f 1438 1369 1439
f 1439 1369 1370
f 1439 1370 1440
f 1440 1370 1371
f 1440 1371 1441
f 1441 1371 1372
f 1441 1372 1442
f 1442 1372 1373
f 1442 1373 1443
f 1443 1373 1374
f 1443 1374 1444
f 1444 1374 1375
f 1444 1375 1445
f 1445 1375 1376
f 1445 1376 1446
f 1446 1376 1377
f 1446 1377 1447
f 1447 1377 1378
f 1447 1378 1448
f 1448 1378 1379
f 1448 1379 1449
f 1449 1379 1380
f 1449 1380 1450
f 1450 1380 1381
f 1450 1381 1451
f 1451 1381 1382
f 1451 1382 1452
f 1452 1382 1383
f 1452 1383 1453
f 1453 1383 1384
f 1453 1384 1454
f 1454 1384 1385
f 1454 1385 1455
f 1455 1385 1386
f 1455 1386 1456
f 1456 1386 1387
f 1456 1387 1457
f 1457 1387 1388
f 1457 1388 1458
f 1458 1388 1389
f 1458 1389 1459
f 1459 1389 1390
f 1459 1390 1460
f 1460 1390 1391
f 1460 1391 1461
f 1461 1391 1392
f 1461 1392 1462
f 1462 1392 1393
f 1462 1393 1463
f 1463 1393 1394
f 1463 1394 1464
f 1464 1394 1395
f 1464 1395 1465
f 1465 1395 1396
f 1465 1396 697
f 697 1396 695
f 1258 498 500
f 1258 500 502
f 987 986 1060
f 1058 1064 1059
f 1059 1064 1060
f 1064 987 1060
f 702 701 1397
f 1397 701 770
f 702 1397 1398
f 1257 1258 502
f 1257 502 504
f 989 988 1063
f 1063 1062 1466
f 1466 1062 1061
f 1466 1061 1467
f 1467 1061 1065
f 1467 1065 1468
f 1468 1065 1066
f 1468 1066 1068
f 702 1398 703
f 703 1398 1399
f 703 1399 704
f 704 1399 1400
f 704 1400 705
f 705 1400 1401
f 705 1401 706
f 706 1401 1402
f 706 1402 707
f 707 1402 1403
f 707 1403 708
f 708 1403 1404
f 708 1404 709
f 709 1404 1405
f 709 1405 710
f 710 1405 1406
f 710 1406 711
f 711 1406 1407
f 711 1407 712
f 712 1407 1408
f 712 1408 713
f 713 1408 1409
f 713 1409 714
f 714 1409 1410
f 714 1410 715
f 715 1410 1411
f 715 1411 716
f 716 1411 1412
f 716 1412 717
f 717 1412 1413
f 717 1413 718
f 718 1413 1414
f 718 1414 719
f 719 1414 1415
f 719 1415 720
f 720 1415 1416
f 720 1416 721
f 721 1416 1417
f 721 1417 722
f 722 1417 1418
f 722 1418 723
f 723 1418 1419
f 723 1419 724
f 724 1419 1420
f 724 1420 725
f 725 1420 1421
f 725 1421 726
f 726 1421 1422
f 726 1422 727
f 727 1422 1423
f 727 1423 728
f 728 1423 1424
f 728 1424 729
f 729 1424 1425
f 729 1425 730
f 730 1425 1426
f 730 1426 731
f 731 1426 1427
f 731 1427 732
f 732 1427 1428
f 732 1428 733
f 733 1428 1429
f 733 1429 734
f 734 1429 1430
f 734 1430 735
f 735 1430 1431
f 735 1431 736
f 736 1431 1432
f 736 1432 737
f 737 1432 1433
f 737 1433 738
f 738 1433 1434
f 738 1434 739
f 739 1434 1435
f 739 1435 740
f 740 1435 1436
f 740 1436 741
f 741 1436 1437
f 741 1437 742
f 742 1437 1438
f 742 1438 743
f 743 1438 1439
f 743 1439 744
f 744 1439 1440
f 744 1440 745
f 745 1440 1441
f 745 1441 746
f 746 1441 1442
f 746 1442 747
f 747 1442 1443
f 747 1443 748
f 748 1443 1444
f 748 1444 749
f 749 1444 1445
f 749 1445 750
f 750 1445 1446
f 750 1446 751
f 751 1446 1447
f 751 1447 752
f 752 1447 1448
f 752 1448 753
f 753 1448 1449
f 753 1449 754
f 754 1449 1450
f 754 1450 755
f 755 1450 1451
f 755 1451 756
f 756 1451 1452
f 756 1452 757
f 757 1452 1453
f 757 1453 758
f 758 1453 1454
f 758 1454 759
f 759 1454 1455
f 759 1455 760
f 760 1455 1456
f 760 1456 761
f 761 1456 1457
f 761 1457 762
f 762 1457 1458
f 762 1458 763
f 763 1458 1459
f 763 1459 764
f 764 1459 1460
f 764 1460 765
f 765 1460 1461
f 765 1461 766
f 766 1461 1462
f 766 1462 767
f 767 1462 1463
f 767 1463 768
f 768 1463 1464
f 768 1464 769
f 769 1464 1465
f 769 1465 699
f 699 1465 697
f 1257 504 1256
f 1256 504 506
f 1256 506 1255
f 1255 506 508
f 1255 508 1254
f 1254 508 510
f 1254 510 1253
f 1253 510 512
f 1253 512 1252
f 1252 512 514
f 1252 514 1251
f 1251 514 516
f 1251 516 1250
f 1250 516 518
f 1250 518 1249
f 1249 518 520
f 1249 520 1248
f 1248 520 522
f 1248 522 1247
f 1247 522 524
f 1247 524 1246
f 1246 524 526
f 1246 526 1245
f 1245 526 528
f 1245 528 1244
f 1244 528 530
f 1244 530 1243
f 1243 530 532
f 1243 532 1242
f 1242 532 534
f 1242 534 1241
f 1241 534 536
f 1241 536 1240
f 1240 536 538
f 1240 538 1239
f 1239 538 540
f 1239 540 1238
f 1238 540 542
f 1238 542 1237
f 1237 542 544
f 1237 544 1236
f 1236 544 546
f 1236 546 1235
f 1235 546 548
f 1235 548 1234
f 1234 548 550
f 1234 550 1233
f 1233 550 552
f 1233 552 1232
f 1232 552 554
f 1232 554 1231
f 1231 554 556
f 1231 556 1230
f 1230 556 558
f 1230 558 1229
f 1229 558 560
f 1229 560 1228
f 1228 560 562
f 1228 562 1227
f 1227 562 564
f 1227 564 1226
f 1226 564 566
f 1226 566 1225
f 1225 566 568
f 1225 568 1224
f 1224 568 570
f 1224 570 1223
f 1223 570 572
f 1223 572 1222
f 1222 572 574
f 1222 574 1221
f 1221 574 576
f 1221 576 1220
f 1220 576 578
f 1220 578 1219
f 1219 578 580
f 1219 580 1218
f 1218 580 582
f 1218 582 1217
f 1217 582 584
f 1217 584 1216
f 1216 584 586
f 1216 586 1215
f 1215 586 588
f 1215 588 1214
f 1214 588 590
f 1214 590 1213
f 1213 590 592
f 1213 592 1212
f 1212 592 594
f 1212 594 1211
f 1211 594 596
f 1211 596 1210
f 1210 596 598
f 1210 598 1209
f 1209 598 600
f 1209 600 1208
f 1208 600 602
f 1208 602 1207
f 1207 602 604
f 1207 604 1206
f 1206 604 606
f 1206 606 1205
f 1205 606 608
f 1205 608 1204
f 1204 608 610
f 1204 610 1203
f 1203 610 612
f 1203 612 1202
f 1202 612 614
f 1202 614 1201
f 1201 614 616
f 1201 616 1200
f 1200 616 618
f 1200 618 1199
f 1199 618 620
f 1199 620 1198
f 1198 620 622
f 1198 622 1197
f 1197 622 624
f 1197 624 1196
f 1196 624 626
f 1196 626 1195
f 1195 626 628
f 1195 628 1194
f 1194 628 630
f 1194 630 1193
f 1193 630 632
f 1193 632 1192
f 1192 632 634
f 1192 634 1191
f 1191 634 636
f 1191 636 1190
f 1190 636 638
f 1190 638 1189
f 1189 638 640
f 1189 640 1188
f 1188 640 642
f 1188 642 1187
f 1187 642 644
f 1187 644 1186
f 1186 644 646
f 1186 646 1185
f 1185 646 648
f 1185 648 1184
f 1184 648 650
f 1184 650 1183
f 1183 650 652
f 1183 652 1182
f 1182 652 654
f 1182 654 1181
f 1181 654 656
f 1467 990 1466
f 1466 990 989
f 1466 989 1063
f 990 1467 991
f 991 1467 1468
f 991 1468 992
f 992 1468 1068
f 992 1068 993
f 1070 1072 1071
f 1071 1072 1469
f 1071 1469 995
f 995 1469 996
f 1072 1073 1469
f 1469 1073 1075
f 1469 1075 996
f 996 1075 997
f 1080 1470 1079
f 1079 1470 1078
f 1079 1078 1077
f 1000 999 1470
f 1470 999 1078
f 1470 1080 1471
f 1471 1080 1081
f 1471 1081 1083
f 1083 1001 1471
f 1471 1001 1000
f 1471 1000 1470
f 1001 1083 1002
f 1085 1087 1086
f 1086 1087 1472
f 1086 1472 1004
f 1004 1472 1005
f 1087 1088 1472
f 1472 1088 1090
f 1472 1090 1005
f 1005 1090 1006
f 1095 1473 1094
f 1094 1473 1093
f 1094 1093 1092
f 1009 1008 1473
f 1473 1008 1093
f 1009 1473 1097
f 1097 1473 1095
f 1009 1097 1010
f 1101 1103 1102
f 1102 1103 1474
f 1102 1474 1013
f 1013 1474 1014
f 1232 496 1233
f 1104 1106 1474
f 1474 1106 1014
f 1014 1106 1015
f 1103 1104 1474
f 1111 1475 1110
f 1110 1475 1109
f 1110 1109 1108
f 1018 1017 1475
f 1475 1017 1109
f 1475 1111 1476
f 1476 1111 1112
f 1476 1112 1114
f 1114 1019 1476
f 1476 1019 1018
f 1476 1018 1475
f 1019 1114 1020
f 1119 1477 1118
f 1118 1477 1117
f 1118 1117 1116
f 1023 1022 1477
f 1477 1022 1117
f 1477 1119 1478
f 1478 1119 1120
f 1478 1120 1122
f 1122 1024 1478
f 1478 1024 1023
f 1478 1023 1477
f 1024 1122 1025
f 1127 1479 1126
f 1126 1479 1125
f 1126 1125 1124
f 1028 1027 1479
f 1479 1027 1125
f 1479 1127 1480
f 1480 1127 1128
f 1480 1128 1130
f 1130 1029 1480
f 1480 1029 1028
f 1480 1028 1479
f 1029 1130 1030
f 1135 1481 1134
f 1134 1481 1133
f 1134 1133 1132
f 1033 1032 1481
f 1481 1032 1133
f 1481 1135 1482
f 1482 1135 1136
f 1482 1136 1138
f 1034 1033 1482
f 1482 1033 1481
f 1034 1482 1138
f 1034 1138 1035
f 1142 1144 1143
f 1143 1144 1483
f 1143 1483 1038
f 1038 1483 1039
f 496 1207 1206
f 1144 1145 1483
f 1483 1145 1147
f 1483 1147 1039
f 1039 1147 1040
f 1151 1153 1152
f 1152 1153 1484
f 1152 1484 1043
f 1043 1484 1044
f 1153 1154 1484
f 1484 1154 1156
f 1484 1156 1044
f 1044 1156 1045
f 1160 1162 1161
f 1161 1162 1485
f 1161 1485 1048
f 1048 1485 1049
f 1162 1163 1485
f 1485 1163 1486
f 1485 1486 1049
f 1049 1486 1050
f 1164 1166 1486
f 1486 1166 1050
f 1050 1166 1051
f 1163 1164 1486
f 1171 1487 1170
f 1170 1487 1169
f 1170 1169 1168
f 1054 1053 1487
f 1487 1053 1169
f 1487 1171 1488
f 1488 1171 1172
f 1488 1172 683
f 683 685 1488
f 1488 685 1054
f 1488 1054 1487
f 682 680 1489
f 1489 680 679
f 1489 679 1490
f 1490 679 678
f 1490 678 676
f 684 682 1491
f 1491 682 1489
f 1491 1489 1492
f 1492 1489 1490
f 1492 1490 1493
f 1493 1490 676
f 1493 676 674
f 686 684 1494
f 1494 684 1491
f 1494 1491 1495
f 1495 1491 1492
f 1495 1492 1496
f 1496 1492 1493
f 1496 1493 1497
f 1497 1493 674
f 1497 674 672
f 688 686 1498
f 1498 686 1494
f 1498 1494 1499
f 1499 1494 1495
f 1499 1495 1500
f 1500 1495 1496
f 1500 1496 1501
f 1501 1496 1497
f 1501 1497 1502
f 1502 1497 672
f 1502 672 670
f 690 688 1503
f 1503 688 1498
f 1503 1498 1504
f 1504 1498 1499
f 1504 1499 1505
f 1505 1499 1500
f 1505 1500 1506
f 1506 1500 1501
f 1506 1501 1507
f 1507 1501 1502
f 1507 1502 1508
f 1508 1502 670
f 1508 670 668
f 692 690 1509
f 1509 690 1503
f 1509 1503 1510
f 1510 1503 1504
f 1510 1504 1511
f 1511 1504 1505
f 1511 1505 1512
f 1512 1505 1506
f 1512 1506 1513
f 1513 1506 1507
f 1513 1507 1514
f 1514 1507 1508
f 1514 1508 666
f 666 1508 668
f 694 692 1515
f 1515 692 1509
f 1515 1509 1516
f 1516 1509 1510
f 1516 1510 1517
f 1517 1510 1511
f 1517 1511 1518
f 1518 1511 1512
f 1518 1512 1519
f 1519 1512 1513
f 1519 1513 1520
f 1520 1513 1514
f 1520 1514 664
f 664 1514 666
f 696 694 1521
f 1521 694 1515
f 1521 1515 1522
f 1522 1515 1516
f 1522 1516 1523
f 1523 1516 1517
f 1523 1517 1524
f 1524 1517 1518
f 1524 1518 1525
f 1525 1518 1519
f 1525 1519 1526
f 1526 1519 1520
f 1526 1520 662
f 662 1520 664
f 645 643 698
f 698 696 1527
f 1527 696 1521
f 1527 1521 1528
f 1528 1521 1522
f 1528 1522 1529
f 1529 1522 1523
f 1529 1523 1530
f 1530 1523 1524
f 1530 1524 1531
f 1531 1524 1525
f 1531 1525 1532
f 1532 1525 1526
f 1532 1526 659
f 659 1526 662
f 1528 647 1527
f 1527 647 645
f 1527 645 698
f 647 1528 649
f 649 1528 1529
f 649 1529 651
f 651 1529 1530
f 651 1530 653
f 653 1530 1531
f 653 1531 655
f 655 1531 1532
f 655 1532 657
f 657 1532 659
f 677 1173 675
f 675 1173 1533
f 675 1533 673
f 673 1533 1534
f 673 1534 671
f 671 1534 1179
f 671 1179 669
f 1173 1174 1533
f 1533 1174 1176
f 1533 1176 1534
f 1534 1176 1178
f 1534 1178 1179
f 1535 1536 1537
f 1537 1536 1538
f 1537 1538 1539
f 1539 1538 1540
f 1539 1540 1541
f 1541 1540 1542
f 1541 1542 1543
f 1543 1542 1544
f 1543 1544 1545
f 1545 1544 1546
f 1545 1546 1547
f 1547 1546 1548
f 1547 1548 1549
f 1549 1548 1550
f 1549 1550 1551
f 1551 1550 1552
f 1551 1552 1553
f 1553 1552 1554
f 1553 1554 1555
f 1555 1554 1556
f 1555 1556 1557
f 1557 1556 1558
f 1557 1558 1559
f 1559 1558 1560
f 1559 1560 1561
f 1561 1560 1562
f 1561 1562 1563
f 1563 1562 1564
f 1563 1564 1565
f 1565 1564 1566
f 1565 1566 1567
f 1567 1566 1568
f 1567 1568 1569
f 1569 1568 1570
f 1569 1570 1571
f 1571 1570 1572
f 1572 1570 1573
f 1572 1573 1574
f 1574 1573 1575
f 1574 1575 1576
f 1576 1575 1577
f 1576 1577 1578
f 1578 1577 1579
f 1578 1579 1580
f 1580 1579 1581
f 1580 1581 1582
f 1582 1581 1583
f 1582 1583 1584
f 1584 1583 1585
f 1584 1585 1586
f 1586 1585 1587
f 1586 1587 1588
f 1588 1587 1589
f 1588 1589 1590
f 1590 1589 1591
f 1590 1591 1592
f 1592 1591 1593
f 1592 1593 1594
f 1594 1593 1595
f 1594 1595 1596
f 1596 1595 1597
f 1596 1597 1598
f 1598 1597 1599
f 1598 1599 1600
f 1600 1599 1601
f 1600 1601 1535
f 1535 1601 1536
f 1602 1603 1604
f 1604 1603 1605
f 1605 1603 1606
f 1606 1603 1607
f 1607 1603 1608
f 1608 1603 1609
f 1609 1603 1610
f 1610 1603 1611
f 1611 1603 1612
f 1612 1603 1613
f 1613 1603 1614
f 1615 1603 1616
f 1616 1603 1617
f 1617 1603 1618
f 1618 1603 1619
f 1619 1603 1620
f 1620 1603 1621
f 1621 1603 1622
f 1622 1603 1623
f 1623 1603 1624
f 1624 1603 1625
f 1626 1603 1627
f 1627 1603 1628
f 1628 1603 1629
f 1629 1603 1630
f 1630 1603 1631
f 1631 1603 1632
f 1632 1603 1633
f 1633 1603 1634
f 1634 1603 1635
f 1635 1603 1602
f 1570 1636 1573
f 1573 1636 1637
f 1573 1637 1575
f 1575 1637 1638
f 1575 1638 1577
f 1577 1638 1639
f 1577 1639 1579
f 1579 1639 1640
f 1579 1640 1581
f 1581 1640 1641
f 1581 1641 1583
f 1583 1641 1642
f 1583 1642 1585
f 1585 1642 1643
f 1585 1643 1587
f 1587 1643 1644
f 1587 1644 1589
f 1589 1644 1645
f 1589 1645 1591
f 1591 1645 1646
f 1591 1646 1593
f 1593 1646 1647
f 1593 1647 1595
f 1595 1647 1648
f 1595 1648 1597
f 1597 1648 1649
f 1597 1649 1599
f 1599 1649 1650
f 1599 1650 1601
f 1601 1650 1651
f 1601 1651 1536
f 1536 1651 1652
f 1536 1652 1538
f 1538 1652 1653
f 1538 1653 1540
f 1540 1653 1654
f 1540 1654 1542
f 1542 1654 1655
f 1542 1655 1544
f 1544 1655 1656
f 1544 1656 1546
f 1546 1656 1657
f 1546 1657 1548
f 1548 1657 1658
f 1548 1658 1550
f 1550 1658 1659
f 1550 1659 1552
f 1552 1659 1660
f 1552 1660 1554
f 1554 1660 1661
f 1554 1661 1556
f 1556 1661 1662
f 1556 1662 1558
f 1558 1662 1663
f 1558 1663 1560
f 1560 1663 1664
f 1560 1664 1562
f 1562 1664 1665
f 1562 1665 1564
f 1564 1665 1666
f 1564 1666 1566
f 1566 1666 1667
f 1566 1667 1568
f 1568 1667 1668
f 1568 1668 1570
f 1570 1668 1636
f 1636 1669 1637
f 1637 1669 1670
f 1637 1670 1638
f 1638 1670 1671
f 1638 1671 1639
f 1639 1671 1672
f 1639 1672 1640
f 1640 1672 1673
f 1640 1673 1641
f 1641 1673 1674
f 1641 1674 1642
f 1642 1674 1675
f 1642 1675 1643
f 1643 1675 1676
f 1643 1676 1644
f 1644 1676 1677
f 1644 1677 1645
f 1645 1677 1678
f 1645 1678 1646
f 1646 1678 1679
f 1646 1679 1647
f 1647 1679 1680
f 1647 1680 1648
f 1648 1680 1681
f 1648 1681 1649
f 1649 1681 1682
f 1649 1682 1650
f 1650 1682 1683
f 1650 1683 1651
f 1651 1683 1684
f 1651 1684 1652
f 1652 1684 1685
f 1652 1685 1653
f 1653 1685 1686
f 1653 1686 1654
f 1654 1686 1687
f 1654 1687 1655
f 1655 1687 1688
f 1655 1688 1656
f 1656 1688 1689
f 1656 1689 1657
f 1657 1689 1690
f 1657 1690 1658
f 1658 1690 1691
f 1658 1691 1659
f 1659 1691 1692
f 1659 1692 1660
f 1660 1692 1693
f 1660 1693 1661
f 1661 1693 1694
f 1661 1694 1662
f 1662 1694 1695
f 1662 1695 1663
f 1663 1695 1696
f 1663 1696 1664
f 1664 1696 1697
f 1664 1697 1665
f 1665 1697 1698
f 1665 1698 1666
f 1666 1698 1699
f 1666 1699 1667
f 1667 1699 1700
f 1667 1700 1668
f 1668 1700 1701
f 1668 1701 1636
f 1636 1701 1669
f 1669 1702 1670
f 1670 1702 1703
f 1670 1703 1671
f 1671 1703 1704
f 1671 1704 1672
f 1672 1704 1705
f 1672 1705 1673
f 1673 1705 1706
f 1673 1706 1674
f 1674 1706 1707
f 1674 1707 1675
f 1675 1707 1708
f 1675 1708 1676
f 1676 1708 1709
f 1676 1709 1677
f 1677 1709 1710
f 1677 1710 1678
f 1678 1710 1711
f 1678 1711 1679
f 1679 1711 1712
f 1679 1712 1680
f 1680 1712 1713
f 1680 1713 1681
f 1681 1713 1714
f 1681 1714 1682
f 1682 1714 1715
f 1682 1715 1683
f 1683 1715 1716
f 1683 1716 1684
f 1684 1716 1717
f 1684 1717 1685
f 1685 1717 1718
f 1685 1718 1686
f 1686 1718 1719
f 1686 1719 1687
f 1687 1719 1720
f 1687 1720 1688
f 1688 1720 1721
f 1688 1721 1689
f 1689 1721 1722
f 1689 1722 1690
f 1690 1722 1723
f 1690 1723 1691
f 1691 1723 1724
f 1691 1724 1692
f 1692 1724 1725
f 1692 1725 1693
f 1693 1725 1726
f 1693 1726 1694
f 1694 1726 1727
f 1694 1727 1695
f 1695 1727 1728
f 1695 1728 1696
f 1696 1728 1729
f 1696 1729 1697
f 1697 1729 1730
f 1697 1730 1698
f 1698 1730 1731
f 1698 1731 1699
f 1699 1731 1732
f 1699 1732 1700
f 1700 1732 1733
f 1700 1733 1701
f 1701 1733 1734
f 1701 1734 1669
f 1669 1734 1702
f 1702 1735 1703
f 1703 1735 1736
f 1703 1736 1704
f 1704 1736 1737
f 1704 1737 1705
f 1705 1737 1738
f 1705 1738 1706
f 1706 1738 1739
f 1706 1739 1707
f 1707 1739 1740
f 1707 1740 1708
f 1708 1740 1741
f 1708 1741 1709
f 1709 1741 1742
f 1709 1742 1710
f 1710 1742 1743
f 1710 1743 1711
f 1711 1743 1744
f 1711 1744 1712
f 1712 1744 1745
f 1712 1745 1713
f 1713 1745 1746
f 1713 1746 1714
f 1714 1746 1747
f 1714 1747 1715
f 1715 1747 1748
f 1715 1748 1716
f 1716 1748 1749
f 1716 1749 1717
f 1717 1749 1750
f 1717 1750 1718
f 1718 1750 1751
f 1718 1751 1719
f 1719 1751 1752
f 1719 1752 1720
f 1720 1752 1753
f 1720 1753 1721
f 1721 1753 1754
f 1721 1754 1722
f 1722 1754 1755
f 1722 1755 1723
f 1723 1755 1756
f 1723 1756 1724
f 1724 1756 1757
f 1724 1757 1725
f 1725 1757 1758
f 1725 1758 1726
f 1726 1758 1759
f 1726 1759 1727
f 1727 1759 1760
f 1727 1760 1728
f 1728 1760 1761
f 1728 1761 1729
f 1729 1761 1762
f 1729 1762 1730
f 1730 1762 1763
f 1730 1763 1731
f 1731 1763 1764
f 1731 1764 1732
f 1732 1764 1765
f 1732 1765 1733
f 1733 1765 1766
f 1733 1766 1734
f 1734 1766 1767
f 1734 1767 1702
f 1702 1767 1735
f 1735 1768 1736
f 1736 1768 1769
f 1736 1769 1737
f 1737 1769 1770
f 1737 1770 1738
f 1738 1770 1771
f 1738 1771 1739
f 1739 1771 1772
f 1739 1772 1740
f 1740 1772 1773
f 1740 1773 1741
f 1741 1773 1774
f 1741 1774 1742
f 1742 1774 1775
f 1742 1775 1743
f 1743 1775 1776
f 1743 1776 1744
f 1744 1776 1777
f 1744 1777 1745
f 1745 1777 1778
f 1745 1778 1746
f 1746 1778 1779
f 1746 1779 1747
f 1747 1779 1780
f 1747 1780 1748
f 1748 1780 1781
f 1748 1781 1749
f 1749 1781 1782
f 1749 1782 1750
f 1750 1782 1783
f 1750 1783 1751
f 1751 1783 1784
f 1751 1784 1752
f 1752 1784 1785
f 1752 1785 1753
f 1753 1785 1786
f 1753 1786 1754
f 1754 1786 1787
f 1754 1787 1755
f 1755 1787 1788
f 1755 1788 1756
f 1756 1788 1789
f 1756 1789 1757
f 1757 1789 1790
f 1757 1790 1758
f 1758 1790 1791
f 1758 1791 1759
f 1759 1791 1792
f 1759 1792 1760
f 1760 1792 1793
f 1760 1793 1761
f 1761 1793 1794
f 1761 1794 1762
f 1762 1794 1795
f 1762 1795 1763
f 1763 1795 1796
f 1763 1796 1764
f 1764 1796 1797
f 1764 1797 1765
f 1765 1797 1798
f 1765 1798 1766
f 1766 1798 1799
f 1766 1799 1767
f 1767 1799 1800
f 1767 1800 1735
f 1735 1800 1768
f 1768 1801 1769
f 1769 1801 1802
f 1769 1802 1770
f 1770 1802 1803
f 1770 1803 1771
f 1771 1803 1804
f 1771 1804 1772
f 1772 1804 1805
f 1772 1805 1773
f 1773 1805 1806
f 1773 1806 1774
f 1774 1806 1807
f 1774 1807 1775
f 1775 1807 1808
f 1775 1808 1776
f 1776 1808 1809
f 1776 1809 1777
f 1777 1809 1810
f 1777 1810 1778
f 1778 1810 1811
f 1778 1811 1779
f 1779 1811 1812
f 1779 1812 1780
f 1780 1812 1813
f 1780 1813 1781
f 1781 1813 1814
f 1781 1814 1782
f 1782 1814 1815
f 1782 1815 1783
f 1783 1815 1816
f 1783 1816 1784
f 1784 1816 1817
f 1784 1817 1785
f 1785 1817 1818
f 1785 1818 1786
f 1786 1818 1819
f 1786 1819 1787
f 1787 1819 1820
f 1787 1820 1788
f 1788 1820 1821
f 1788 1821 1789
f 1789 1821 1822
f 1789 1822 1790
f 1790 1822 1823
f 1790 1823 1791
f 1791 1823 1824
f 1791 1824 1792
f 1792 1824 1825
f 1792 1825 1793
f 1793 1825 1826
f 1793 1826 1794
f 1794 1826 1827
f 1794 1827 1795
f 1795 1827 1828
f 1795 1828 1796
f 1796 1828 1829
f 1796 1829 1797
f 1797 1829 1830
f 1797 1830 1798
f 1798 1830 1831
f 1798 1831 1799
f 1799 1831 1832
f 1799 1832 1800
f 1800 1832 1833
f 1800 1833 1768
f 1768 1833 1801
f 1801 1602 1802
f 1802 1602 1604
f 1802 1604 1803
f 1803 1604 1605
f 1803 1605 1804
f 1804 1605 1606
f 1804 1606 1805
f 1805 1606 1607
f 1805 1607 1806
f 1806 1607 1608
f 1806 1608 1807
f 1807 1608 1609
f 1807 1609 1808
f 1808 1609 1610
f 1808 1610 1809
f 1809 1610 1611
f 1809 1611 1810
f 1810 1611 1612
f 1810 1612 1811
f 1811 1612 1613
f 1811 1613 1812
f 1812 1613 1614
f 1812 1614 1813
f 1813 1614 1615
f 1813 1615 1814
f 1814 1615 1616
f 1814 1616 1815
f 1815 1616 1617
f 1815 1617 1816
f 1816 1617 1618
f 1816 1618 1817
f 1817 1618 1619
f 1817 1619 1818
f 1818 1619 1620
f 1818 1620 1819
f 1819 1620 1621
f 1819 1621 1820
f 1820 1621 1622
f 1820 1622 1821
f 1821 1622 1623
f 1821 1623 1822
f 1822 1623 1624
f 1822 1624 1823
f 1823 1624 1625
f 1823 1625 1824
f 1824 1625 1626
f 1824 1626 1825
f 1825 1626 1627
f 1825 1627 1826
f 1826 1627 1628
f 1826 1628 1827
f 1827 1628 1629
f 1827 1629 1828
f 1828 1629 1630
f 1828 1630 1829
f 1829 1630 1631
f 1829 1631 1830
f 1830 1631 1632
f 1830 1632 1831
f 1831 1632 1633
f 1831 1633 1832
f 1832 1633 1634
f 1832 1634 1833
f 1833 1634 1635
f 1833 1635 1801
f 1801 1635 1602
f 1614 1603 1615
f 1625 1603 1626
f 1539 1834 1537
f 1537 1834 1835
f 1537 1835 1836
f 1834 1539 1837
f 1837 1539 1541
f 1837 1541 1838
f 1838 1541 1543
f 1838 1543 1839
f 1839 1543 1545
f 1839 1545 1840
f 1840 1545 1547
f 1840 1547 1841
f 1841 1547 1842
f 1842 1547 1549
f 1842 1549 1843
f 1843 1549 1551
f 1843 1551 1844
f 1844 1551 1553
f 1844 1553 1845
f 1845 1553 1555
f 1845 1555 1846
f 1846 1555 1557
f 1846 1557 1847
f 1847 1557 1848
f 1848 1557 1559
f 1848 1559 1849
f 1849 1559 1561
f 1849 1561 1850
f 1850 1561 1563
f 1850 1563 1851
f 1851 1563 1565
f 1851 1565 1852
f 1852 1565 1567
f 1852 1567 1853
f 1853 1567 1854
f 1854 1567 1569
f 1854 1569 1855
f 1855 1569 1571
f 1855 1571 1856
f 1856 1571 1572
f 1856 1572 1857
f 1857 1572 1574
f 1857 1574 1858
f 1858 1574 1859
f 1859 1574 1576
f 1859 1576 1860
f 1860 1576 1578
f 1860 1578 1861
f 1861 1578 1580
f 1861 1580 1862
f 1862 1580 1582
f 1862 1582 1863
f 1863 1582 1584
f 1863 1584 1864
f 1864 1584 1865
f 1865 1584 1586
f 1865 1586 1866
f 1866 1586 1588
f 1866 1588 1867
f 1867 1588 1590
f 1867 1590 1868
f 1868 1590 1592
f 1868 1592 1869
f 1869 1592 1594
f 1869 1594 1870
f 1870 1594 1871
f 1871 1594 1596
f 1871 1596 1872
f 1872 1596 1598
f 1872 1598 1873
f 1873 1598 1600
f 1873 1600 1874
f 1874 1600 1535
f 1874 1535 1836
f 1836 1535 1537
f 1834 1875 1835
f 1835 1875 1876
f 1835 1876 1836
f 1836 1876 1877
f 1836 1877 1878
f 1834 1837 1875
f 1875 1837 1879
f 1879 1837 1838
f 1879 1838 1880
f 1880 1838 1839
f 1880 1839 1881
f 1881 1839 1840
f 1881 1840 1882
f 1882 1840 1841
f 1882 1841 1883
f 1883 1841 1842
f 1883 1842 1884
f 1884 1842 1843
f 1884 1843 1885
f 1885 1843 1844
f 1885 1844 1886
f 1886 1844 1845
f 1886 1845 1887
f 1887 1845 1846
f 1887 1846 1888
f 1888 1846 1847
f 1888 1847 1889
f 1889 1847 1848
f 1889 1848 1890
f 1890 1848 1849
f 1890 1849 1891
f 1891 1849 1850
f 1891 1850 1892
f 1892 1850 1851
f 1892 1851 1893
f 1893 1851 1852
f 1893 1852 1894
f 1894 1852 1853
f 1894 1853 1895
f 1895 1853 1854
f 1895 1854 1896
f 1896 1854 1855
f 1896 1855 1897
f 1897 1855 1856
f 1897 1856 1898
f 1898 1856 1857
f 1898 1857 1899
f 1899 1857 1858
f 1899 1858 1900
f 1900 1858 1859
f 1900 1859 1901
f 1901 1859 1860
f 1901 1860 1902
f 1902 1860 1861
f 1902 1861 1903
f 1903 1861 1862
f 1903 1862 1904
f 1904 1862 1863
f 1904 1863 1905
f 1905 1863 1864
f 1905 1864 1906
f 1906 1864 1865
f 1906 1865 1907
f 1907 1865 1866
f 1907 1866 1908
f 1908 1866 1867
f 1908 1867 1909
f 1909 1867 1868
f 1909 1868 1910
f 1910 1868 1869
f 1910 1869 1911
f 1911 1869 1870
f 1911 1870 1912
f 1912 1870 1871
f 1912 1871 1913
f 1913 1871 1872
f 1913 1872 1914
f 1914 1872 1873
f 1914 1873 1915
f 1915 1873 1874
f 1915 1874 1878
f 1878 1874 1836
f 1877 1876 1916
f 1916 1876 1875
f 1916 1875 1917
f 1917 1875 1879
f 1917 1879 1918
f 1918 1879 1880
f 1918 1880 1919
f 1919 1880 1881
f 1919 1881 1920
f 1920 1881 1882
f 1920 1882 1921
f 1921 1882 1883
f 1921 1883 1884
f 1921 1884 1922
f 1922 1884 1885
f 1922 1885 1923
f 1923 1885 1886
f 1923 1886 1924
f 1924 1886 1887
f 1924 1887 1925
f 1925 1887 1888
f 1925 1888 1926
f 1926 1888 1889
f 1926 1889 1890
f 1926 1890 1927
f 1927 1890 1891
f 1927 1891 1928
f 1928 1891 1892
f 1928 1892 1929
f 1929 1892 1893
f 1929 1893 1930
f 1930 1893 1894
f 1930 1894 1931
f 1931 1894 1895
f 1931 1895 1896
f 1931 1896 1932
f 1932 1896 1897
f 1932 1897 1933
f 1933 1897 1898
f 1933 1898 1934
f 1934 1898 1899
f 1934 1899 1935
f 1935 1899 1900
f 1935 1900 1901
f 1935 1901 1936
f 1936 1901 1902
f 1936 1902 1937
f 1937 1902 1903
f 1937 1903 1938
f 1938 1903 1904
f 1938 1904 1939
f 1939 1904 1905
f 1939 1905 1940
f 1940 1905 1906
f 1940 1906 1907
f 1940 1907 1941
f 1941 1907 1908
f 1941 1908 1942
f 1942 1908 1909
f 1942 1909 1943
f 1943 1909 1910
f 1943 1910 1944
f 1944 1910 1911
f 1944 1911 1945
f 1945 1911 1912
f 1945 1912 1913
f 1945 1913 1946
f 1946 1913 1914
f 1946 1914 1947
f 1947 1914 1915
f 1947 1915 1948
f 1948 1915 1878
f 1948 1878 1949
f 1949 1878 1877
f 1949 1877 1916
f 1917 1950 1916
f 1916 1950 1951
f 1916 1951 1949
f 1949 1951 1952
f 1949 1952 1948
f 1948 1952 1953
f 1948 1953 1947
f 1947 1953 1954
f 1947 1954 1946
f 1946 1954 1955
f 1946 1955 1945
f 1945 1955 1956
f 1945 1956 1944
f 1944 1956 1957
f 1944 1957 1943
f 1943 1957 1958
f 1943 1958 1942
f 1942 1958 1959
f 1942 1959 1941
f 1941 1959 1960
f 1941 1960 1940
f 1940 1960 1961
f 1940 1961 1939
f 1939 1961 1962
f 1939 1962 1938
f 1938 1962 1963
f 1938 1963 1937
f 1937 1963 1964
f 1937 1964 1936
f 1936 1964 1965
f 1936 1965 1935
f 1935 1965 1966
f 1935 1966 1934
f 1934 1966 1967
f 1934 1967 1933
f 1933 1967 1968
f 1933 1968 1932
f 1932 1968 1969
f 1932 1969 1931
f 1931 1969 1970
f 1931 1970 1930
f 1930 1970 1971
f 1930 1971 1929
f 1929 1971 1972
f 1929 1972 1928
f 1928 1972 1973
f 1928 1973 1927
f 1927 1973 1974
f 1927 1974 1926
f 1926 1974 1975
f 1926 1975 1925
f 1925 1975 1976
f 1925 1976 1924
f 1924 1976 1977
f 1924 1977 1923
f 1923 1977 1978
f 1923 1978 1922
f 1922 1978 1979
f 1922 1979 1921
f 1921 1979 1980
f 1921 1980 1920
f 1920 1980 1981
f 1920 1981 1919
f 1919 1981 1982
f 1919 1982 1918
f 1918 1982 1983
f 1918 1983 1917
f 1917 1983 1950
f 1984 1985 1986
f 1986 1985 1987
f 1987 1985 1988
f 1988 1985 1989
f 1989 1985 1990
f 1990 1985 1991
f 1991 1985 1992
f 1992 1985 1993
f 1993 1985 1994
f 1994 1985 1995
f 1995 1985 1996
f 1996 1985 1997
f 1998 1985 1999
f 1999 1985 2000
f 2000 1985 2001
f 2001 1985 2002
f 2002 1985 2003
f 2003 1985 2004
f 2004 1985 2005
f 2005 1985 2006
f 2006 1985 2007
f 2007 1985 2008
f 2009 1985 2010
f 2010 1985 2011
f 2011 1985 2012
f 2012 1985 2013
f 2013 1985 2014
f 2014 1985 2015
f 2015 1985 2016
f 2016 1985 2017
f 2017 1985 2018
f 2018 1985 1984
f 1968 2019 1969
f 1969 2019 2020
f 1969 2020 1970
f 1970 2020 2021
f 1970 2021 1971
f 1971 2021 2022
f 1971 2022 1972
f 1972 2022 2023
f 1972 2023 1973
f 1973 2023 2024
f 1973 2024 1974
f 1974 2024 2025
f 1974 2025 1975
f 1975 2025 2026
f 1975 2026 1976
f 1976 2026 2027
f 1976 2027 1977
f 1977 2027 2028
f 1977 2028 1978
f 1978 2028 2029
f 1978 2029 1979
f 1979 2029 2030
f 1979 2030 1980
f 1980 2030 2031
f 1980 2031 1981
f 1981 2031 2032
f 1981 2032 1982
f 1982 2032 2033
f 1982 2033 1983
f 1983 2033 2034
f 1983 2034 1950
f 1950 2034 2035
f 1950 2035 1951
f 1951 2035 2036
f 1951 2036 1952
f 1952 2036 2037
f 1952 2037 1953
f 1953 2037 2038
f 1953 2038 1954
f 1954 2038 2039
f 1954 2039 1955
f 1955 2039 2040
f 1955 2040 1956
f 1956 2040 2041
f 1956 2041 1957
f 1957 2041 2042
f 1957 2042 1958
f 1958 2042 2043
f 1958 2043 1959
f 1959 2043 2044
f 1959 2044 1960
f 1960 2044 2045
f 1960 2045 1961
f 1961 2045 2046
f 1961 2046 1962
f 1962 2046 2047
f 1962 2047 1963
f 1963 2047 2048
f 1963 2048 1964
f 1964 2048 2049
f 1964 2049 1965
f 1965 2049 2050
f 1965 2050 1966
f 1966 2050 2051
f 1966 2051 1967
f 1967 2051 2052
f 1967 2052 1968
f 1968 2052 2019
f 2019 2053 2020
f 2020 2053 2054
f 2020 2054 2021
f 2021 2054 2055
f 2021 2055 2022
f 2022 2055 2056
f 2022 2056 2023
f 2023 2056 2057
f 2023 2057 2024
f 2024 2057 2058
f 2024 2058 2025
f 2025 2058 2059
f 2025 2059 2026
f 2026 2059 2060
f 2026 2060 2027
f 2027 2060 2061
f 2027 2061 2028
f 2028 2061 2062
f 2028 2062 2029
f 2029 2062 2063
f 2029 2063 2030
f 2030 2063 2064
f 2030 2064 2031
f 2031 2064 2065
f 2031 2065 2032
f 2032 2065 2066
f 2032 2066 2033
f 2033 2066 2067
f 2033 2067 2034
f 2034 2067 2068
f 2034 2068 2035
f 2035 2068 2069
f 2035 2069 2036
f 2036 2069 2070
f 2036 2070 2037
f 2037 2070 2071
f 2037 2071 2038
f 2038 2071 2072
f 2038 2072 2039
f 2039 2072 2073
f 2039 2073 2040
f 2040 2073 2074
f 2040 2074 2041
f 2041 2074 2075
f 2041 2075 2042
f 2042 2075 2076
f 2042 2076 2043
f 2043 2076 2077
f 2043 2077 2044
f 2044 2077 2078
f 2044 2078 2045
f 2045 2078 2079
f 2045 2079 2046
f 2046 2079 2080
f 2046 2080 2047
f 2047 2080 2081
f 2047 2081 2048
f 2048 2081 2082
f 2048 2082 2049
f 2049 2082 2083
f 2049 2083 2050
f 2050 2083 2084
f 2050 2084 2051
f 2051 2084 2085
f 2051 2085 2052
f 2052 2085 2086
f 2052 2086 2019
f 2019 2086 2053
f 2053 2087 2054
f 2054 2087 2088
f 2054 2088 2055
f 2055 2088 2089
f 2055 2089 2056
f 2056 2089 2090
f 2056 2090 2057
f 2057 2090 2091
f 2057 2091 2058
f 2058 2091 2092
f 2058 2092 2059
f 2059 2092 2093
f 2059 2093 2060
f 2060 2093 2094
f 2060 2094 2061
f 2061 2094 2095
f 2061 2095 2062
f 2062 2095 2096
f 2062 2096 2063
f 2063 2096 2097
f 2063 2097 2064
f 2064 2097 2098
f 2064 2098 2065
f 2065 2098 2099
f 2065 2099 2066
f 2066 2099 2100
f 2066 2100 2067
f 2067 2100 2101
f 2067 2101 2068
f 2068 2101 2102
f 2068 2102 2069
f 2069 2102 2103
f 2069 2103 2070
f 2070 2103 2104
f 2070 2104 2071
f 2071 2104 2105
f 2071 2105 2072
f 2072 2105 2106
f 2072 2106 2073
f 2073 2106 2107
f 2073 2107 2074
f 2074 2107 2108
f 2074 2108 2075
f 2075 2108 2109
f 2075 2109 2076
f 2076 2109 2110
f 2076 2110 2077
f 2077 2110 2111
f 2077 2111 2078
f 2078 2111 2112
f 2078 2112 2079
f 2079 2112 2113
f 2079 2113 2080
f 2080 2113 2114
f 2080 2114 2081
f 2081 2114 2115
f 2081 2115 2082
f 2082 2115 2116
f 2082 2116 2083
f 2083 2116 2117
f 2083 2117 2084
f 2084 2117 2118
f 2084 2118 2085
f 2085 2118 2119
f 2085 2119 2086
f 2086 2119 2120
f 2086 2120 2053
f 2053 2120 2087
f 2087 2121 2088
f 2088 2121 2122
f 2088 2122 2089
f 2089 2122 2123
f 2089 2123 2090
f 2090 2123 2124
f 2090 2124 2091
f 2091 2124 2125
f 2091 2125 2092
f 2092 2125 2126
f 2092 2126 2093
f 2093 2126 2127
f 2093 2127 2094
f 2094 2127 2128
f 2094 2128 2095
f 2095 2128 2129
f 2095 2129 2096
f 2096 2129 2130
f 2096 2130 2097
f 2097 2130 2131
f 2097 2131 2098
f 2098 2131 2132
f 2098 2132 2099
f 2099 2132 2133
f 2099 2133 2100
f 2100 2133 2134
f 2100 2134 2101
f 2101 2134 2135
f 2101 2135 2102
f 2102 2135 2136
f 2102 2136 2103
f 2103 2136 2137
f 2103 2137 2104
f 2104 2137 2138
f 2104 2138 2105
f 2105 2138 2139
f 2105 2139 2106
f 2106 2139 2140
f 2106 2140 2107
f 2107 2140 2141
f 2107 2141 2108
f 2108 2141 2142
f 2108 2142 2109
f 2109 2142 2143
f 2109 2143 2110
f 2110 2143 2144
f 2110 2144 2111
f 2111 2144 2145
f 2111 2145 2112
f 2112 2145 2146
f 2112 2146 2113
f 2113 2146 2147
f 2113 2147 2114
f 2114 2147 2148
f 2114 2148 2115
f 2115 2148 2149
f 2115 2149 2116
f 2116 2149 2150
f 2116 2150 2117
f 2117 2150 2151
f 2117 2151 2118
f 2118 2151 2152
f 2118 2152 2119
f 2119 2152 2153
f 2119 2153 2120
f 2120 2153 2154
f 2120 2154 2087
f 2087 2154 2121
f 2121 2155 2122
f 2122 2155 2156
f 2122 2156 2123
f 2123 2156 2157
f 2123 2157 2124
f 2124 2157 2158
f 2124 2158 2125
f 2125 2158 2159
f 2125 2159 2126
f 2126 2159 2160
f 2126 2160 2127
f 2127 2160 2161
f 2127 2161 2128
f 2128 2161 2162
f 2128 2162 2129
f 2129 2162 2163
f 2129 2163 2130
f 2130 2163 2164
f 2130 2164 2131
f 2131 2164 2165
f 2131 2165 2132
f 2132 2165 2166
f 2132 2166 2133
f 2133 2166 2167
f 2133 2167 2134
f 2134 2167 2168
f 2134 2168 2135
f 2135 2168 2169
f 2135 2169 2136
f 2136 2169 2170
f 2136 2170 2137
f 2137 2170 2171
f 2137 2171 2138
f 2138 2171 2172
f 2138 2172 2139
f 2139 2172 2173
f 2139 2173 2140
f 2140 2173 2174
f 2140 2174 2141
f 2141 2174 2175
f 2141 2175 2142
f 2142 2175 2176
f 2142 2176 2143
f 2143 2176 2177
f 2143 2177 2144
f 2144 2177 2178
f 2144 2178 2145
f 2145 2178 2179
f 2145 2179 2146
f 2146 2179 2180
f 2146 2180 2147
f 2147 2180 2181
f 2147 2181 2148
f 2148 2181 2182
f 2148 2182 2149
f 2149 2182 2183
f 2149 2183 2150
f 2150 2183 2184
f 2150 2184 2151
f 2151 2184 2185
f 2151 2185 2152
f 2152 2185 2186
f 2152 2186 2153
f 2153 2186 2187
f 2153 2187 2154
f 2154 2187 2188
f 2154 2188 2121
f 2121 2188 2155
f 2155 2189 2156
f 2156 2189 2190
f 2156 2190 2157
f 2157 2190 2191
f 2157 2191 2158
f 2158 2191 2192
f 2158 2192 2159
f 2159 2192 2193
f 2159 2193 2160
f 2160 2193 2194
f 2160 2194 2161
f 2161 2194 2195
f 2161 2195 2162
f 2162 2195 2196
f 2162 2196 2163
f 2163 2196 2197
f 2163 2197 2164
f 2164 2197 2198
f 2164 2198 2165
f 2165 2198 2199
f 2165 2199 2166
f 2166 2199 2200
f 2166 2200 2167
f 2167 2200 2201
f 2167 2201 2168
f 2168 2201 2202
f 2168 2202 2169
f 2169 2202 2203
f 2169 2203 2170
f 2170 2203 2204
f 2170 2204 2171
f 2171 2204 2205
f 2171 2205 2172
f 2172 2205 2206
f 2172 2206 2173
f 2173 2206 2207
f 2173 2207 2174
f 2174 2207 2208
f 2174 2208 2175
f 2175 2208 2209
f 2175 2209 2176
f 2176 2209 2210
f 2176 2210 2177
f 2177 2210 2211
f 2177 2211 2178
f 2178 2211 2212
f 2178 2212 2179
f 2179 2212 2213
f 2179 2213 2180
f 2180 2213 2214
f 2180 2214 2181
f 2181 2214 2215
f 2181 2215 2182
f 2182 2215 2216
f 2182 2216 2183
f 2183 2216 2217
f 2183 2217 2184
f 2184 2217 2218
f 2184 2218 2185
f 2185 2218 2219
f 2185 2219 2186
f 2186 2219 2220
f 2186 2220 2187
f 2187 2220 2221
f 2187 2221 2188
f 2188 2221 2222
f 2188 2222 2155
f 2155 2222 2189
f 2189 1984 2190
f 2190 1984 1986
f 2190 1986 2191
f 2191 1986 1987
f 2191 1987 2192
f 2192 1987 1988
f 2192 1988 2193
f 2193 1988 1989
f 2193 1989 2194
f 2194 1989 1990
f 2194 1990 2195
f 2195 1990 1991
f 2195 1991 2196
f 2196 1991 1992
f 2196 1992 2197
f 2197 1992 1993
f 2197 1993 2198
f 2198 1993 1994
f 2198 1994 2199
f 2199 1994 1995
f 2199 1995 2200
f 2200 1995 1996
f 2200 1996 2201
f 2201 1996 1997
f 2201 1997 2202
f 2202 1997 1998
f 2202 1998 2203
f 2203 1998 1999
f 2203 1999 2204
f 2204 1999 2000
f 2204 2000 2205
f 2205 2000 2001
f 2205 2001 2206
f 2206 2001 2002
f 2206 2002 2207
f 2207 2002 2003
f 2207 2003 2208
f 2208 2003 2004
f 2208 2004 2209
f 2209 2004 2005
f 2209 2005 2210
f 2210 2005 2006
f 2210 2006 2211
f 2211 2006 2007
f 2211 2007 2212
f 2212 2007 2008
f 2212 2008 2213
f 2213 2008 2009
f 2213 2009 2214
f 2214 2009 2010
f 2214 2010 2215
f 2215 2010 2011
f 2215 2011 2216
f 2216 2011 2012
f 2216 2012 2217
f 2217 2012 2013
f 2217 2013 2218
f 2218 2013 2014
f 2218 2014 2219
f 2219 2014 2015
f 2219 2015 2220
f 2220 2015 2016
f 2220 2016 2221
f 2221 2016 2017
f 2221 2017 2222
f 2222 2017 2018
f 2222 2018 2189
f 2189 2018 1984
f 1985 1998 1997
f 1985 2009 2008
f 2223 2224 2225
f 2225 2224 2226
f 2225 2226 2227
f 2227 2226 2228
f 2227 2228 2229
f 2229 2228 2230
f 2229 2230 2231
f 2231 2230 2232
f 2231 2232 2233
f 2233 2232 2234
f 2233 2234 2235
f 2235 2234 2236
f 2235 2236 2237
f 2237 2236 2238
f 2237 2238 2239
f 2239 2238 2240
f 2239 2240 2241
f 2241 2240 2242
f 2241 2242 2243
f 2243 2242 2244
f 2243 2244 2245
f 2245 2244 2246
f 2245 2246 2247
f 2247 2246 2248
f 2247 2248 2249
f 2249 2248 2250
f 2249 2250 2251
f 2251 2250 2252
f 2251 2252 2253
f 2253 2252 2254
f 2253 2254 2255
f 2255 2254 2256
f 2255 2256 2257
f 2257 2256 2258
f 2257 2258 2259
f 2259 2258 2260
f 2259 2260 2261
f 2261 2260 2262
f 2261 2262 2263
f 2263 2262 2264
f 2263 2264 2265
f 2265 2264 2266
f 2265 2266 2267
f 2267 2266 2268
f 2267 2268 2269
f 2269 2268 2270
f 2269 2270 2223
f 2223 2270 2224
f 2271 2272 2273
f 2273 2272 2274
f 2274 2272 2275
f 2275 2272 2276
f 2276 2272 2277
f 2277 2272 2278
f 2278 2272 2279
f 2279 2272 2280
f 2281 2272 2282
f 2282 2272 2283
f 2283 2272 2284
f 2284 2272 2285
f 2285 2272 2286
f 2286 2272 2287
f 2287 2272 2288
f 2289 2272 2290
f 2290 2272 2291
f 2291 2272 2292
f 2292 2272 2293
f 2293 2272 2294
f 2294 2272 2295
f 2295 2272 2271
f 2250 2296 2252
f 2252 2296 2297
f 2252 2297 2254
f 2254 2297 2298
f 2254 2298 2256
f 2256 2298 2299
f 2256 2299 2258
f 2258 2299 2300
f 2258 2300 2260
f 2260 2300 2301
f 2260 2301 2262
f 2262 2301 2302
f 2262 2302 2264
f 2264 2302 2303
f 2264 2303 2266
f 2266 2303 2304
f 2266 2304 2268
f 2268 2304 2305
f 2268 2305 2270
f 2270 2305 2306
f 2270 2306 2224
f 2224 2306 2307
f 2224 2307 2226
f 2226 2307 2308
f 2226 2308 2228
f 2228 2308 2309
f 2228 2309 2230
f 2230 2309 2310
f 2230 2310 2232
f 2232 2310 2311
f 2232 2311 2234
f 2234 2311 2312
f 2234 2312 2236
f 2236 2312 2313
f 2236 2313 2238
f 2238 2313 2314
f 2238 2314 2240
f 2240 2314 2315
f 2240 2315 2242
f 2242 2315 2316
f 2242 2316 2244
f 2244 2316 2317
f 2244 2317 2246
f 2246 2317 2318
f 2246 2318 2248
f 2248 2318 2319
f 2248 2319 2250
f 2250 2319 2296
f 2296 2320 2297
f 2297 2320 2321
f 2297 2321 2298
f 2298 2321 2322
f 2298 2322 2299
f 2299 2322 2323
f 2299 2323 2300
f 2300 2323 2324
f 2300 2324 2301
f 2301 2324 2325
f 2301 2325 2302
f 2302 2325 2326
f 2302 2326 2303
f 2303 2326 2327
f 2303 2327 2304
f 2304 2327 2328
f 2304 2328 2305
f 2305 2328 2329
f 2305 2329 2306
f 2306 2329 2330
f 2306 2330 2307
f 2307 2330 2331
f 2307 2331 2308
f 2308 2331 2332
f 2308 2332 2309
f 2309 2332 2333
f 2309 2333 2310
f 2310 2333 2334
f 2310 2334 2311
f 2311 2334 2335
f 2311 2335 2312
f 2312 2335 2336
f 2312 2336 2313
f 2313 2336 2337
f 2313 2337 2314
f 2314 2337 2338
f 2314 2338 2315
f 2315 2338 2339
f 2315 2339 2316
f 2316 2339 2340
f 2316 2340 2317
f 2317 2340 2341
f 2317 2341 2318
f 2318 2341 2342
f 2318 2342 2319
f 2319 2342 2343
f 2319 2343 2296
f 2296 2343 2320
f 2320 2344 2321
f 2321 2344 2345
f 2321 2345 2322
f 2322 2345 2346
f 2322 2346 2323
f 2323 2346 2347
f 2323 2347 2324
f 2324 2347 2348
f 2324 2348 2325
f 2325 2348 2349
f 2325 2349 2326
f 2326 2349 2350
f 2326 2350 2327
f 2327 2350 2351
f 2327 2351 2328
f 2328 2351 2352
f 2328 2352 2329
f 2329 2352 2353
f 2329 2353 2330
f 2330 2353 2354
f 2330 2354 2331
f 2331 2354 2355
f 2331 2355 2332
f 2332 2355 2356
f 2332 2356 2333
f 2333 2356 2357
f 2333 2357 2334
f 2334 2357 2358
f 2334 2358 2335
f 2335 2358 2359
f 2335 2359 2336
f 2336 2359 2360
f 2336 2360 2337
f 2337 2360 2361
f 2337 2361 2338
f 2338 2361 2362
f 2338 2362 2339
f 2339 2362 2363
f 2339 2363 2340
f 2340 2363 2364
f 2340 2364 2341
f 2341 2364 2365
f 2341 2365 2342
f 2342 2365 2366
f 2342 2366 2343
f 2343 2366 2367
f 2343 2367 2320
f 2320 2367 2344
f 2344 2271 2345
f 2345 2271 2273
f 2345 2273 2346
f 2346 2273 2274
f 2346 2274 2347
f 2347 2274 2275
f 2347 2275 2348
f 2348 2275 2276
f 2348 2276 2349
f 2349 2276 2277
f 2349 2277 2350
f 2350 2277 2278
f 2350 2278 2351
f 2351 2278 2279
f 2351 2279 2352
f 2352 2279 2280
f 2352 2280 2353
f 2353 2280 2281
f 2353 2281 2354
f 2354 2281 2282
f 2354 2282 2355
f 2355 2282 2283
f 2355 2283 2356
f 2356 2283 2284
f 2356 2284 2357
f 2357 2284 2285
f 2357 2285 2358
f 2358 2285 2286
f 2358 2286 2359
f 2359 2286 2287
f 2359 2287 2360
f 2360 2287 2288
f 2360 2288 2361
f 2361 2288 2289
f 2361 2289 2362
f 2362 2289 2290
f 2362 2290 2363
f 2363 2290 2291
f 2363 2291 2364
f 2364 2291 2292
f 2364 2292 2365
f 2365 2292 2293
f 2365 2293 2366
f 2366 2293 2294
f 2366 2294 2367
f 2367 2294 2295
f 2367 2295 2344
f 2344 2295 2271
f 2280 2272 2281
f 2288 2272 2289
f 2227 2368 2225
f 2225 2368 2369
f 2225 2369 2370
f 2229 2371 2227
f 2227 2371 2372
f 2227 2372 2368
f 2371 2229 2373
f 2373 2229 2231
f 2373 2231 2374
f 2374 2231 2375
f 2375 2231 2233
f 2375 2233 2376
f 2376 2233 2377
f 2377 2233 2235
f 2377 2235 2378
f 2378 2235 2237
f 2378 2237 2379
f 2379 2237 2380
f 2380 2237 2239
f 2380 2239 2381
f 2381 2239 2382
f 2382 2239 2241
f 2382 2241 2383
f 2383 2241 2384
f 2384 2241 2243
f 2384 2243 2385
f 2385 2243 2245
f 2385 2245 2386
f 2386 2245 2387
f 2387 2245 2247
f 2387 2247 2388
f 2388 2247 2389
f 2389 2247 2249
f 2389 2249 2390
f 2390 2249 2251
f 2390 2251 2391
f 2391 2251 2392
f 2392 2251 2253
f 2392 2253 2393
f 2393 2253 2394
f 2394 2253 2255
f 2394 2255 2395
f 2395 2255 2257
f 2395 2257 2396
f 2396 2257 2397
f 2397 2257 2259
f 2397 2259 2398
f 2398 2259 2399
f 2399 2259 2261
f 2399 2261 2400
f 2400 2261 2401
f 2401 2261 2263
f 2401 2263 2402
f 2402 2263 2265
f 2402 2265 2403
f 2403 2265 2404
f 2404 2265 2267
f 2404 2267 2405
f 2405 2267 2406
f 2406 2267 2269
f 2406 2269 2407
f 2407 2269 2223
f 2407 2223 2408
f 2408 2223 2370
f 2370 2223 2225
f 2368 2409 2369
f 2369 2409 2410
f 2369 2410 2370
f 2370 2410 2411
f 2370 2411 2412
f 2368 2372 2409
f 2409 2372 2413
f 2413 2372 2371
f 2413 2371 2414
f 2414 2371 2373
f 2414 2373 2415
f 2415 2373 2374
f 2415 2374 2416
f 2416 2374 2375
f 2416 2375 2417
f 2417 2375 2376
f 2417 2376 2418
f 2418 2376 2377
f 2418 2377 2419
f 2419 2377 2378
f 2419 2378 2420
f 2420 2378 2379
f 2420 2379 2421
f 2421 2379 2380
f 2421 2380 2422
f 2422 2380 2381
f 2422 2381 2423
f 2423 2381 2382
f 2423 2382 2424
f 2424 2382 2383
f 2424 2383 2425
f 2425 2383 2384
f 2425 2384 2426
f 2426 2384 2385
f 2426 2385 2427
f 2427 2385 2386
f 2427 2386 2428
f 2428 2386 2387
f 2428 2387 2429
f 2429 2387 2388
f 2429 2388 2430
f 2430 2388 2389
f 2430 2389 2431
f 2431 2389 2390
f 2431 2390 2432
f 2432 2390 2391
f 2432 2391 2433
f 2433 2391 2392
f 2433 2392 2434
f 2434 2392 2393
f 2434 2393 2435
f 2435 2393 2394
f 2435 2394 2436
f 2436 2394 2395
f 2436 2395 2437
f 2437 2395 2396
f 2437 2396 2438
f 2438 2396 2397
f 2438 2397 2439
f 2439 2397 2398
f 2439 2398 2440
f 2440 2398 2399
f 2440 2399 2441
f 2441 2399 2400
f 2441 2400 2442
f 2442 2400 2401
f 2442 2401 2443
f 2443 2401 2402
f 2443 2402 2444
f 2444 2402 2403
f 2444 2403 2445
f 2445 2403 2404
f 2445 2404 2446
f 2446 2404 2405
f 2446 2405 2447
f 2447 2405 2406
f 2447 2406 2448
f 2448 2406 2407
f 2448 2407 2449
f 2449 2407 2408
f 2449 2408 2412
f 2412 2408 2370
f 2411 2410 2450
f 2450 2410 2409
f 2450 2409 2451
f 2451 2409 2413
f 2451 2413 2414
f 2451 2414 2452
f 2452 2414 2415
f 2452 2415 2453
f 2453 2415 2416
f 2453 2416 2417
f 2453 2417 2454
f 2454 2417 2418
f 2454 2418 2419
f 2454 2419 2455
f 2455 2419 2420
f 2455 2420 2456
f 2456 2420 2421
f 2456 2421 2422
f 2456 2422 2457
f 2457 2422 2423
f 2457 2423 2424
f 2457 2424 2458
f 2458 2424 2425
f 2458 2425 2426
f 2458 2426 2459
f 2459 2426 2427
f 2459 2427 2460
f 2460 2427 2428
f 2460 2428 2429
f 2460 2429 2461
f 2461 2429 2430
f 2461 2430 2431
f 2461 2431 2462
f 2462 2431 2432
f 2462 2432 2463
f 2463 2432 2433
f 2463 2433 2434
f 2463 2434 2464
f 2464 2434 2435
f 2464 2435 2436
f 2464 2436 2465
f 2465 2436 2437
f 2465 2437 2466
f 2466 2437 2438
f 2466 2438 2439
f 2466 2439 2467
f 2467 2439 2440
f 2467 2440 2441
f 2467 2441 2468
f 2468 2441 2442
f 2468 2442 2443
f 2468 2443 2469
f 2469 2443 2444
f 2469 2444 2470
f 2470 2444 2445
f 2470 2445 2446
f 2470 2446 2471
f 2471 2446 2447
f 2471 2447 2448
f 2471 2448 2472
f 2472 2448 2449
f 2472 2449 2473
f 2473 2449 2412
f 2473 2412 2411
f 2473 2411 2450
f 2451 2474 2450
f 2450 2474 2475
f 2450 2475 2473
f 2473 2475 2476
f 2473 2476 2472
f 2472 2476 2477
f 2472 2477 2471
f 2471 2477 2478
f 2471 2478 2470
f 2470 2478 2479
f 2470 2479 2469
f 2469 2479 2480
f 2469 2480 2468
f 2468 2480 2481
f 2468 2481 2467
f 2467 2481 2482
f 2467 2482 2466
f 2466 2482 2483
f 2466 2483 2465
f 2465 2483 2484
f 2465 2484 2464
f 2464 2484 2485
f 2464 2485 2463
f 2463 2485 2486
f 2463 2486 2462
f 2462 2486 2487
f 2462 2487 2461
f 2461 2487 2488
f 2461 2488 2460
f 2460 2488 2489
f 2460 2489 2459
f 2459 2489 2490
f 2459 2490 2458
f 2458 2490 2491
f 2458 2491 2457
f 2457 2491 2492
f 2457 2492 2456
f 2456 2492 2493
f 2456 2493 2455
f 2455 2493 2494
f 2455 2494 2454
f 2454 2494 2495
f 2454 2495 2453
f 2453 2495 2496
f 2453 2496 2452
f 2452 2496 2497
f 2452 2497 2451
f 2451 2497 2474
f 2498 2499 2500
f 2500 2499 2501
f 2501 2499 2502
f 2502 2499 2503
f 2503 2499 2504
f 2504 2499 2505
f 2505 2499 2506
f 2506 2499 2507
f 2508 2499 2509
f 2509 2499 2510
f 2510 2499 2511
f 2511 2499 2512
f 2512 2499 2513
f 2513 2499 2514
f 2514 2499 2515
f 2516 2499 2517
f 2517 2499 2518
f 2518 2499 2519
f 2519 2499 2520
f 2520 2499 2521
f 2521 2499 2522
f 2522 2499 2498
f 2487 2523 2488
f 2488 2523 2524
f 2488 2524 2489
f 2489 2524 2525
f 2489 2525 2490
f 2490 2525 2526
f 2490 2526 2491
f 2491 2526 2527
f 2491 2527 2492
f 2492 2527 2528
f 2492 2528 2493
f 2493 2528 2529
f 2493 2529 2494
f 2494 2529 2530
f 2494 2530 2495
f 2495 2530 2531
f 2495 2531 2496
f 2496 2531 2532
f 2496 2532 2497
f 2497 2532 2533
f 2497 2533 2474
f 2474 2533 2534
f 2474 2534 2475
f 2475 2534 2535
f 2475 2535 2476
f 2476 2535 2536
f 2476 2536 2477
f 2477 2536 2537
f 2477 2537 2478
f 2478 2537 2538
f 2478 2538 2479
f 2479 2538 2539
f 2479 2539 2480
f 2480 2539 2540
f 2480 2540 2481
f 2481 2540 2541
f 2481 2541 2482
f 2482 2541 2542
f 2482 2542 2483
f 2483 2542 2543
f 2483 2543 2484
f 2484 2543 2544
f 2484 2544 2485
f 2485 2544 2545
f 2485 2545 2486
f 2486 2545 2546
f 2486 2546 2487
f 2487 2546 2523
f 2523 2547 2524
f 2524 2547 2548
f 2524 2548 2525
f 2525 2548 2549
f 2525 2549 2526
f 2526 2549 2550
f 2526 2550 2527
f 2527 2550 2551
f 2527 2551 2528
f 2528 2551 2552
f 2528 2552 2529
f 2529 2552 2553
f 2529 2553 2530
f 2530 2553 2554
f 2530 2554 2531
f 2531 2554 2555
f 2531 2555 2532
f 2532 2555 2556
f 2532 2556 2533
f 2533 2556 2557
f 2533 2557 2534
f 2534 2557 2558
f 2534 2558 2535
f 2535 2558 2559
f 2535 2559 2536
f 2536 2559 2560
f 2536 2560 2537
f 2537 2560 2561
f 2537 2561 2538
f 2538 2561 2562
f 2538 2562 2539
f 2539 2562 2563
f 2539 2563 2540
f 2540 2563 2564
f 2540 2564 2541
f 2541 2564 2565
f 2541 2565 2542
f 2542 2565 2566
f 2542 2566 2543
f 2543 2566 2567
f 2543 2567 2544
f 2544 2567 2568
f 2544 2568 2545
f 2545 2568 2569
f 2545 2569 2546
f 2546 2569 2570
f 2546 2570 2523
f 2523 2570 2547
f 2547 2571 2548
f 2548 2571 2572
f 2548 2572 2549
f 2549 2572 2573
f 2549 2573 2550
f 2550 2573 2574
f 2550 2574 2551
f 2551 2574 2575
f 2551 2575 2552
f 2552 2575 2576
f 2552 2576 2553
f 2553 2576 2577
f 2553 2577 2554
f 2554 2577 2578
f 2554 2578 2555
f 2555 2578 2579
f 2555 2579 2556
f 2556 2579 2580
f 2556 2580 2557
f 2557 2580 2581
f 2557 2581 2558
f 2558 2581 2582
f 2558 2582 2559
f 2559 2582 2583
f 2559 2583 2560
f 2560 2583 2584
f 2560 2584 2561
f 2561 2584 2585
f 2561 2585 2562
f 2562 2585 2586
f 2562 2586 2563
f 2563 2586 2587
f 2563 2587 2564
f 2564 2587 2588
f 2564 2588 2565
f 2565 2588 2589
f 2565 2589 2566
f 2566 2589 2590
f 2566 2590 2567
f 2567 2590 2591
f 2567 2591 2568
f 2568 2591 2592
f 2568 2592 2569
f 2569 2592 2593
f 2569 2593 2570
f 2570 2593 2594
f 2570 2594 2547
f 2547 2594 2571
f 2571 2498 2572
f 2572 2498 2500
f 2572 2500 2573
f 2573 2500 2501
f 2573 2501 2574
f 2574 2501 2502
f 2574 2502 2575
f 2575 2502 2503
f 2575 2503 2576
f 2576 2503 2504
f 2576 2504 2577
f 2577 2504 2505
f 2577 2505 2578
f 2578 2505 2506
f 2578 2506 2579
f 2579 2506 2507
f 2579 2507 2580
f 2580 2507 2508
f 2580 2508 2581
f 2581 2508 2509
f 2581 2509 2582
f 2582 2509 2510
f 2582 2510 2583
f 2583 2510 2511
f 2583 2511 2584
f 2584 2511 2512
f 2584 2512 2585
f 2585 2512 2513
f 2585 2513 2586
f 2586 2513 2514
f 2586 2514 2587
f 2587 2514 2515
f 2587 2515 2588
f 2588 2515 2516
f 2588 2516 2589
f 2589 2516 2517
f 2589 2517 2590
f 2590 2517 2518
f 2590 2518 2591
f 2591 2518 2519
f 2591 2519 2592
f 2592 2519 2520
f 2592 2520 2593
f 2593 2520 2521
f 2593 2521 2594
f 2594 2521 2522
f 2594 2522 2571
f 2571 2522 2498
f 2515 2499 2516
f 2507 2499 2508
f 2595 2596 2597
f 2597 2596 2598
f 2597 2598 2599
f 2599 2598 2600
f 2599 2600 2601
f 2601 2600 2602
f 2601 2602 2603
f 2603 2602 2604
f 2603 2604 2605
f 2605 2604 2606
f 2605 2606 2607
f 2607 2606 2608
f 2607 2608 2609
f 2609 2608 2610
f 2609 2610 2611
f 2611 2610 2612
f 2611 2612 2613
f 2613 2612 2614
f 2613 2614 2615
f 2615 2614 2616
f 2615 2616 2617
f 2617 2616 2618
f 2617 2618 2619
f 2619 2618 2620
f 2619 2620 2621
f 2621 2620 2622
f 2621 2622 2623
f 2623 2622 2624
f 2623 2624 2625
f 2625 2624 2626
f 2625 2626 2627
f 2627 2626 2628
f 2627 2628 2629
f 2629 2628 2630
f 2629 2630 2631
f 2631 2630 2632
f 2631 2632 2633
f 2633 2632 2634
f 2633 2634 2635
f 2635 2634 2636
f 2635 2636 2637
f 2637 2636 2638
f 2637 2638 2639
f 2639 2638 2640
f 2639 2640 2641
f 2641 2640 2642
f 2641 2642 2643
f 2643 2642 2644
f 2643 2644 2645
f 2643 2645 2646
f 2646 2645 2647
f 2646 2647 2648
f 2648 2647 2649
f 2648 2649 2650
f 2650 2649 2651
f 2650 2651 2652
f 2652 2651 2653
f 2652 2653 2654
f 2654 2653 2655
f 2654 2655 2656
f 2656 2655 2657
f 2656 2657 2658
f 2658 2657 2659
f 2658 2659 2660
f 2660 2659 2661
f 2660 2661 2662
f 2662 2661 2663
f 2662 2663 2664
f 2664 2663 2665
f 2664 2665 2666
f 2666 2665 2667
f 2666 2667 2668
f 2668 2667 2669
f 2668 2669 2670
f 2670 2669 2671
f 2670 2671 2672
f 2672 2671 2673
f 2672 2673 2674
f 2674 2673 2675
f 2674 2675 2676
f 2676 2675 2677
f 2676 2677 2678
f 2678 2677 2679
f 2678 2679 2680
f 2680 2679 2681
f 2680 2681 2682
f 2682 2681 2683
f 2682 2683 2684
f 2684 2683 2685
f 2684 2685 2686
f 2686 2685 2687
f 2686 2687 2688
f 2688 2687 2689
f 2688 2689 2690
f 2690 2689 2595
f 2690 2595 2597
f 2691 2692 2596
f 2596 2692 2693
f 2596 2693 2598
f 2598 2693 2694
f 2598 2694 2600
f 2600 2694 2695
f 2600 2695 2602
f 2602 2695 2696
f 2602 2696 2604
f 2604 2696 2697
f 2604 2697 2606
f 2606 2697 2698
f 2606 2698 2608
f 2608 2698 2699
f 2608 2699 2610
f 2610 2699 2700
f 2610 2700 2612
f 2612 2700 2701
f 2612 2701 2614
f 2614 2701 2702
f 2614 2702 2616
f 2616 2702 2703
f 2616 2703 2618
f 2618 2703 2704
f 2618 2704 2620
f 2620 2704 2705
f 2620 2705 2622
f 2622 2705 2706
f 2622 2706 2624
f 2624 2706 2707
f 2624 2707 2626
f 2626 2707 2708
f 2626 2708 2628
f 2628 2708 2709
f 2628 2709 2630
f 2630 2709 2710
f 2630 2710 2632
f 2632 2710 2711
f 2632 2711 2634
f 2634 2711 2712
f 2634 2712 2636
f 2636 2712 2713
f 2636 2713 2638
f 2638 2713 2714
f 2638 2714 2640
f 2640 2714 2715
f 2640 2715 2642
f 2642 2715 2716
f 2642 2716 2644
f 2644 2716 2717
f 2644 2717 2645
f 2645 2717 2718
f 2645 2718 2647
f 2647 2718 2719
f 2647 2719 2649
f 2649 2719 2720
f 2649 2720 2651
f 2651 2720 2721
f 2651 2721 2653
f 2653 2721 2722
f 2653 2722 2655
f 2655 2722 2723
f 2655 2723 2657
f 2657 2723 2724
f 2657 2724 2659
f 2659 2724 2725
f 2659 2725 2661
f 2661 2725 2726
f 2661 2726 2663
f 2663 2726 2727
f 2663 2727 2665
f 2665 2727 2728
f 2665 2728 2667
f 2667 2728 2729
f 2667 2729 2669
f 2669 2729 2730
f 2669 2730 2671
f 2671 2730 2731
f 2671 2731 2673
f 2673 2731 2732
f 2673 2732 2675
f 2675 2732 2733
f 2675 2733 2677
f 2677 2733 2734
f 2677 2734 2679
f 2679 2734 2735
f 2679 2735 2681
f 2681 2735 2736
f 2681 2736 2683
f 2683 2736 2737
f 2683 2737 2685
f 2685 2737 2738
f 2685 2738 2687
f 2687 2738 2739
f 2687 2739 2689
f 2689 2739 2740
f 2689 2740 2595
f 2595 2740 2691
f 2595 2691 2596
f 2741 2597 2742
f 2742 2597 2599
f 2742 2599 2743
f 2743 2599 2601
f 2743 2601 2744
f 2744 2601 2603
f 2744 2603 2745
f 2745 2603 2605
f 2745 2605 2746
f 2746 2605 2607
f 2746 2607 2747
f 2747 2607 2609
f 2747 2609 2748
f 2748 2609 2611
f 2748 2611 2749
f 2749 2611 2613
f 2749 2613 2750
f 2750 2613 2615
f 2750 2615 2751
f 2751 2615 2617
f 2751 2617 2752
f 2752 2617 2619
f 2752 2619 2753
f 2753 2619 2621
f 2753 2621 2754
f 2754 2621 2623
f 2754 2623 2755
f 2755 2623 2625
f 2755 2625 2756
f 2756 2625 2627
f 2756 2627 2757
f 2757 2627 2629
f 2757 2629 2758
f 2758 2629 2631
f 2758 2631 2759
f 2759 2631 2633
f 2759 2633 2760
f 2760 2633 2635
f 2760 2635 2761
f 2761 2635 2637
f 2761 2637 2762
f 2762 2637 2639
f 2762 2639 2763
f 2763 2639 2641
f 2763 2641 2764
f 2764 2641 2643
f 2764 2643 2765
f 2765 2643 2646
f 2765 2646 2766
f 2766 2646 2648
f 2766 2648 2767
f 2767 2648 2650
f 2767 2650 2768
f 2768 2650 2652
f 2768 2652 2769
f 2769 2652 2654
f 2769 2654 2770
f 2770 2654 2656
f 2770 2656 2771
f 2771 2656 2658
f 2771 2658 2772
f 2772 2658 2660
f 2772 2660 2773
f 2773 2660 2662
f 2773 2662 2774
f 2774 2662 2664
f 2774 2664 2775
f 2775 2664 2666
f 2775 2666 2776
f 2776 2666 2668
f 2776 2668 2777
f 2777 2668 2670
f 2777 2670 2778
f 2778 2670 2672
f 2778 2672 2779
f 2779 2672 2674
f 2779 2674 2780
f 2780 2674 2676
f 2780 2676 2781
f 2781 2676 2678
f 2781 2678 2782
f 2782 2678 2680
f 2782 2680 2783
f 2783 2680 2682
f 2783 2682 2784
f 2784 2682 2684
f 2784 2684 2785
f 2785 2684 2686
f 2785 2686 2786
f 2786 2686 2688
f 2786 2688 2787
f 2787 2688 2690
f 2787 2690 2741
f 2741 2690 2597
f 2741 2742 2788
f 2788 2742 2743
f 2788 2743 2789
f 2789 2743 2744
f 2789 2744 2790
f 2790 2744 2745
f 2790 2745 2791
f 2791 2745 2746
f 2791 2746 2792
f 2792 2746 2747
f 2792 2747 2793
f 2793 2747 2748
f 2793 2748 2794
f 2794 2748 2749
f 2794 2749 2795
f 2795 2749 2750
f 2795 2750 2751
f 2795 2751 2796
f 2796 2751 2752
f 2796 2752 2797
f 2797 2752 2753
f 2797 2753 2798
f 2798 2753 2754
f 2798 2754 2799
f 2799 2754 2755
f 2799 2755 2800
f 2800 2755 2756
f 2800 2756 2801
f 2801 2756 2757
f 2801 2757 2802
f 2802 2757 2758
f 2802 2758 2759
f 2802 2759 2803
f 2803 2759 2760
f 2803 2760 2804
f 2804 2760 2761
f 2804 2761 2805
f 2805 2761 2762
f 2805 2762 2806
f 2806 2762 2763
f 2806 2763 2807
f 2807 2763 2764
f 2807 2764 2808
f 2808 2764 2765
f 2808 2765 2766
f 2808 2766 2809
f 2809 2766 2767
f 2809 2767 2810
f 2810 2767 2768
f 2810 2768 2811
f 2811 2768 2769
f 2811 2769 2812
f 2812 2769 2770
f 2812 2770 2813
f 2813 2770 2771
f 2813 2771 2814
f 2814 2771 2772
f 2814 2772 2815
f 2815 2772 2773
f 2815 2773 2774
f 2815 2774 2816
f 2816 2774 2775
f 2816 2775 2817
f 2817 2775 2776
f 2817 2776 2818
f 2818 2776 2777
f 2818 2777 2819
f 2819 2777 2778
f 2819 2778 2820
f 2820 2778 2779
f 2820 2779 2821
f 2821 2779 2780
f 2821 2780 2822
f 2822 2780 2781
f 2822 2781 2782
f 2822 2782 2823
f 2823 2782 2783
f 2823 2783 2824
f 2824 2783 2784
f 2824 2784 2825
f 2825 2784 2785
f 2825 2785 2826
f 2826 2785 2786
f 2826 2786 2827
f 2827 2786 2787
f 2827 2787 2828
f 2828 2787 2741
f 2828 2741 2788
f 2789 2829 2788
f 2788 2829 2830
f 2788 2830 2828
f 2828 2830 2831
f 2828 2831 2832
f 2789 2790 2829
f 2829 2790 2833
f 2833 2790 2791
f 2833 2791 2834
f 2834 2791 2792
f 2834 2792 2835
f 2835 2792 2793
f 2835 2793 2836
f 2836 2793 2794
f 2836 2794 2837
f 2837 2794 2795
f 2837 2795 2838
f 2838 2795 2796
f 2838 2796 2839
f 2839 2796 2797
f 2839 2797 2840
f 2840 2797 2798
f 2840 2798 2841
f 2841 2798 2799
f 2841 2799 2842
f 2842 2799 2800
f 2842 2800 2843
f 2843 2800 2801
f 2843 2801 2844
f 2844 2801 2802
f 2844 2802 2845
f 2845 2802 2803
f 2845 2803 2846
f 2846 2803 2804
f 2846 2804 2847
f 2847 2804 2805
f 2847 2805 2848
f 2848 2805 2806
f 2848 2806 2849
f 2849 2806 2807
f 2849 2807 2850
f 2850 2807 2808
f 2850 2808 2851
f 2851 2808 2809
f 2851 2809 2852
f 2852 2809 2810
f 2852 2810 2853
f 2853 2810 2811
f 2853 2811 2854
f 2854 2811 2812
f 2854 2812 2855
f 2855 2812 2813
f 2855 2813 2856
f 2856 2813 2814
f 2856 2814 2857
f 2857 2814 2815
f 2857 2815 2858
f 2858 2815 2816
f 2858 2816 2859
f 2859 2816 2817
f 2859 2817 2860
f 2860 2817 2818
f 2860 2818 2861
f 2861 2818 2819
f 2861 2819 2862
f 2862 2819 2820
f 2862 2820 2863
f 2863 2820 2821
f 2863 2821 2864
f 2864 2821 2822
f 2864 2822 2865
f 2865 2822 2823
f 2865 2823 2866
f 2866 2823 2824
f 2866 2824 2867
f 2867 2824 2825
f 2867 2825 2868
f 2868 2825 2826
f 2868 2826 2869
f 2869 2826 2827
f 2869 2827 2832
f 2832 2827 2828
f 2831 2830 2855
f 2855 2830 2829
f 2855 2829 2833
f 2833 2834 2855
f 2855 2834 2835
f 2855 2835 2836
f 2836 2837 2855
f 2855 2837 2838
f 2855 2838 2839
f 2839 2840 2855
f 2855 2840 2841
f 2855 2841 2842
f 2855 2842 2854
f 2854 2842 2843
f 2854 2843 2844
f 2844 2845 2854
f 2854 2845 2846
f 2854 2846 2847
f 2847 2848 2854
f 2854 2848 2849
f 2854 2849 2853
f 2853 2849 2850
f 2853 2850 2852
f 2852 2850 2851
f 2856 2868 2855
f 2855 2868 2869
f 2855 2869 2832
f 2868 2856 2867
f 2867 2856 2857
f 2867 2857 2866
f 2866 2857 2858
f 2866 2858 2865
f 2865 2858 2859
f 2865 2859 2864
f 2864 2859 2860
f 2864 2860 2863
f 2863 2860 2861
f 2863 2861 2862
f 2832 2831 2855
f 2870 2871 2872
f 2872 2871 2873
f 2872 2873 2874
f 2874 2873 2875
f 2874 2875 2876
f 2876 2875 2877
f 2876 2877 2878
f 2878 2877 2879
f 2878 2879 2880
f 2880 2879 2881
f 2880 2881 2882
f 2882 2881 2883
f 2882 2883 2884
f 2884 2883 2885
f 2884 2885 2886
f 2886 2885 2887
f 2886 2887 2888
f 2888 2887 2889
f 2888 2889 2890
f 2890 2889 2891
f 2890 2891 2892
f 2892 2891 2893
f 2892 2893 2894
f 2871 2870 2895
f 2895 2870 2896
f 2895 2896 2897
f 2897 2896 2898
f 2897 2898 2899
f 2899 2898 2900
f 2899 2900 2901
f 2901 2900 2902
f 2901 2902 2903
f 2903 2902 2904
f 2903 2904 2905
f 2905 2904 2906
f 2905 2906 2907
f 2907 2906 2908
f 2907 2908 2909
f 2909 2908 2910
f 2909 2910 2911
f 2911 2910 2912
f 2911 2912 2913
f 2874 2914 2872
f 2872 2914 2915
f 2872 2915 2870
f 2870 2915 2916
f 2870 2916 2896
f 2896 2916 2917
f 2896 2917 2898
f 2898 2917 2918
f 2898 2918 2900
f 2900 2918 2919
f 2900 2919 2902
f 2902 2919 2920
f 2902 2920 2904
f 2904 2920 2921
f 2904 2921 2906
f 2906 2921 2922
f 2906 2922 2908
f 2908 2922 2923
f 2908 2923 2910
f 2910 2923 2924
f 2910 2924 2912
f 2912 2924 2925
f 2912 2925 2913
f 2913 2925 2926
f 2913 2926 2911
f 2911 2926 2927
f 2911 2927 2909
f 2909 2927 2928
f 2909 2928 2907
f 2907 2928 2929
f 2907 2929 2905
f 2905 2929 2930
f 2905 2930 2903
f 2903 2930 2931
f 2903 2931 2901
f 2901 2931 2932
f 2901 2932 2899
f 2899 2932 2933
f 2899 2933 2897
f 2897 2933 2934
f 2897 2934 2895
f 2895 2934 2935
f 2895 2935 2871
f 2871 2935 2936
f 2871 2936 2873
f 2873 2936 2937
f 2873 2937 2875
f 2875 2937 2938
f 2875 2938 2877
f 2877 2938 2939
f 2877 2939 2879
f 2879 2939 2940
f 2879 2940 2881
f 2881 2940 2941
f 2881 2941 2883
f 2883 2941 2942
f 2883 2942 2885
f 2885 2942 2943
f 2885 2943 2887
f 2887 2943 2944
f 2887 2944 2889
f 2889 2944 2945
f 2889 2945 2891
f 2891 2945 2946
f 2891 2946 2893
f 2893 2946 2947
f 2893 2947 2894
f 2894 2947 2948
f 2894 2948 2892
f 2892 2948 2949
f 2892 2949 2890
f 2890 2949 2950
f 2890 2950 2888
f 2888 2950 2951
f 2888 2951 2886
f 2886 2951 2952
f 2886 2952 2884
f 2884 2952 2953
f 2884 2953 2882
f 2882 2953 2954
f 2882 2954 2880
f 2880 2954 2955
f 2880 2955 2878
f 2878 2955 2956
f 2878 2956 2876
f 2876 2956 2957
f 2876 2957 2874
f 2874 2957 2914
f 2914 2958 2915
f 2915 2958 2959
f 2915 2959 2960
f 2958 2914 2961
f 2961 2914 2957
f 2961 2957 2962
f 2962 2957 2956
f 2962 2956 2963
f 2963 2956 2955
f 2963 2955 2964
f 2964 2955 2954
f 2964 2954 2965
f 2965 2954 2953
f 2965 2953 2966
f 2966 2953 2952
f 2966 2952 2967
f 2967 2952 2968
f 2968 2952 2951
f 2968 2951 2969
f 2969 2951 2950
f 2969 2950 2970
f 2970 2950 2949
f 2970 2949 2971
f 2971 2949 2948
f 2971 2948 2972
f 2972 2948 2947
f 2972 2947 2973
f 2973 2947 2946
f 2973 2946 2974
f 2974 2946 2945
f 2974 2945 2975
f 2975 2945 2944
f 2975 2944 2976
f 2976 2944 2977
f 2977 2944 2943
f 2977 2943 2978
f 2978 2943 2942
f 2978 2942 2979
f 2979 2942 2941
f 2979 2941 2980
f 2980 2941 2940
f 2980 2940 2981
f 2981 2940 2939
f 2981 2939 2982
f 2982 2939 2938
f 2982 2938 2983
f 2983 2938 2937
f 2983 2937 2984
f 2984 2937 2985
f 2985 2937 2936
f 2985 2936 2986
f 2986 2936 2935
f 2986 2935 2987
f 2987 2935 2934
f 2987 2934 2988
f 2988 2934 2933
f 2988 2933 2989
f 2989 2933 2932
f 2989 2932 2990
f 2990 2932 2931
f 2990 2931 2991
f 2991 2931 2930
f 2991 2930 2992
f 2992 2930 2993
f 2993 2930 2929
f 2993 2929 2994
f 2994 2929 2928
f 2994 2928 2995
f 2995 2928 2927
f 2995 2927 2996
f 2996 2927 2926
f 2996 2926 2997
f 2997 2926 2925
f 2997 2925 2998
f 2998 2925 2924
f 2998 2924 2999
f 2999 2924 2923
f 2999 2923 3000
f 3000 2923 2922
f 3000 2922 3001
f 3001 2922 3002
f 3002 2922 2921
f 3002 2921 3003
f 3003 2921 2920
f 3003 2920 3004
f 3004 2920 2919
f 3004 2919 3005
f 3005 2919 2918
f 3005 2918 3006
f 3006 2918 2917
f 3006 2917 3007
f 3007 2917 2916
f 3007 2916 2960
f 2960 2916 2915
f 2958 2692 2959
f 2959 2692 2691
f 2959 2691 2960
f 2960 2691 2740
f 2960 2740 3007
f 3007 2740 2739
f 3007 2739 3006
f 3006 2739 2738
f 3006 2738 3005
f 3005 2738 2737
f 3005 2737 3004
f 3004 2737 2736
f 3004 2736 3003
f 3003 2736 2735
f 3003 2735 3002
f 3002 2735 2734
f 3002 2734 3001
f 3001 2734 2733
f 3001 2733 3000
f 3000 2733 2732
f 3000 2732 2999
f 2999 2732 2731
f 2999 2731 2998
f 2998 2731 2730
f 2998 2730 2997
f 2997 2730 2729
f 2997 2729 2996
f 2996 2729 2728
f 2996 2728 2995
f 2995 2728 2727
f 2995 2727 2994
f 2994 2727 2726
f 2994 2726 2993
f 2993 2726 2725
f 2993 2725 2992
f 2992 2725 2724
f 2992 2724 2991
f 2991 2724 2723
f 2991 2723 2990
f 2990 2723 2722
f 2990 2722 2989
f 2989 2722 2721
f 2989 2721 2988
f 2988 2721 2720
f 2988 2720 2987
f 2987 2720 2719
f 2987 2719 2986
f 2986 2719 2718
f 2986 2718 2985
f 2985 2718 2984
f 2984 2718 2717
f 2984 2717 2983
f 2983 2717 2716
f 2983 2716 2715
f 2692 2958 2693
f 2693 2958 2961
f 2693 2961 2694
f 2694 2961 2962
f 2694 2962 2695
f 2695 2962 2963
f 2695 2963 2696
f 2696 2963 2964
f 2696 2964 2697
f 2697 2964 2965
f 2697 2965 2698
f 2698 2965 2966
f 2698 2966 2699
f 2699 2966 2967
f 2699 2967 2700
f 2700 2967 2968
f 2700 2968 2701
f 2701 2968 2969
f 2701 2969 2702
f 2702 2969 2970
f 2702 2970 2703
f 2703 2970 2971
f 2703 2971 2704
f 2704 2971 2972
f 2704 2972 2705
f 2705 2972 2973
f 2705 2973 2706
f 2706 2973 2974
f 2706 2974 2707
f 2707 2974 2975
f 2707 2975 2708
f 2708 2975 2976
f 2708 2976 2709
f 2709 2976 2977
f 2709 2977 2710
f 2710 2977 2978
f 2710 2978 2711
f 2711 2978 2979
f 2711 2979 2712
f 2712 2979 2980
f 2712 2980 2713
f 2713 2980 2981
f 2713 2981 2714
f 2714 2981 2982
f 2714 2982 2715
f 2715 2982 2983
f 3008 3009 3010
f 3010 3009 3011
f 3010 3011 3012
f 3012 3011 3013
f 3012 3013 3014
f 3014 3013 3015
f 3014 3015 3016
f 3014 3016 3017
f 3017 3016 3018
f 3017 3018 3019
f 3019 3018 3020
f 3016 3021 3018
f 3018 3021 3022
f 3018 3022 3020
f 3021 3016 3023
f 3023 3016 3015
f 3023 3015 3013
f 3023 3013 3024
f 3024 3013 3011
f 3024 3011 3025
f 3025 3011 3009
f 3025 3009 3026
f 3025 3026 3027
f 3027 3026 3028
f 3027 3028 3029
f 3029 3028 3030
f 3029 3030 3031
f 3031 3030 3032
f 3031 3032 3033
f 3033 3032 3034
f 3033 3034 3035
f 3035 3034 3036
f 3035 3036 3037
f 3037 3036 3038
f 3037 3038 3020
f 3028 3039 3030
f 3030 3039 3040
f 3030 3040 3032
f 3032 3040 3041
f 3032 3041 3034
f 3034 3041 3042
f 3034 3042 3036
f 3036 3042 3043
f 3036 3043 3038
f 3038 3043 3044
f 3038 3044 3020
f 3040 3039 3045
f 3045 3039 3046
f 3045 3046 3047
f 3047 3046 3048
f 3047 3048 3049
f 3049 3048 3050
f 3049 3050 3051
f 3051 3050 3052
f 3051 3052 3053
f 3053 3052 3054
f 3053 3054 3055
f 3055 3054 3056
f 3055 3056 3057
f 3057 3056 3058
f 3057 3058 3020
f 3048 3059 3050
f 3050 3059 3060
f 3050 3060 3052
f 3052 3060 3061
f 3052 3061 3054
f 3054 3061 3062
f 3054 3062 3056
f 3056 3062 3063
f 3056 3063 3058
f 3058 3063 3064
f 3058 3064 3020
f 3060 3059 3065
f 3065 3059 3066
f 3065 3066 3067
f 3067 3066 3068
f 3067 3068 3069
f 3069 3068 3070
f 3069 3070 3071
f 3071 3070 3072
f 3071 3072 3073
f 3073 3072 3074
f 3073 3074 3075
f 3075 3074 3076
f 3075 3076 3077
f 3077 3076 3078
f 3077 3078 3020
f 3068 3079 3070
f 3070 3079 3080
f 3070 3080 3072
f 3072 3080 3081
f 3072 3081 3074
f 3074 3081 3082
f 3074 3082 3076
f 3076 3082 3083
f 3076 3083 3078
f 3078 3083 3084
f 3078 3084 3020
f 3080 3079 3085
f 3085 3079 3086
f 3085 3086 3087
f 3087 3086 3088
f 3087 3088 3089
f 3089 3088 3090
f 3089 3090 3091
f 3091 3090 3092
f 3091 3092 3093
f 3093 3092 3094
f 3093 3094 3095
f 3095 3094 3096
f 3095 3096 3097
f 3097 3096 3098
f 3097 3098 3020
f 3088 3099 3090
f 3090 3099 3100
f 3090 3100 3092
f 3092 3100 3101
f 3092 3101 3094
f 3094 3101 3102
f 3094 3102 3096
f 3096 3102 3103
f 3096 3103 3098
f 3098 3103 3104
f 3098 3104 3020
f 3099 3105 3100
f 3100 3105 3106
f 3100 3106 3101
f 3101 3106 3107
f 3101 3107 3102
f 3102 3107 3108
f 3102 3108 3103
f 3103 3108 3109
f 3103 3109 3104
f 3104 3109 3110
f 3104 3110 3020
f 3106 3105 3111
f 3111 3105 3112
f 3111 3112 3113
f 3113 3112 3114
f 3113 3114 3115
f 3115 3114 3116
f 3115 3116 3117
f 3117 3116 3118
f 3117 3118 3119
f 3119 3118 3120
f 3119 3120 3121
f 3121 3120 3122
f 3121 3122 3020
f 3112 3123 3114
f 3114 3123 3124
f 3114 3124 3116
f 3116 3124 3125
f 3116 3125 3118
f 3118 3125 3126
f 3118 3126 3120
f 3120 3126 3127
f 3120 3127 3122
f 3122 3127 3128
f 3122 3128 3020
f 3123 3129 3124
f 3124 3129 3130
f 3124 3130 3125
f 3125 3130 3131
f 3125 3131 3126
f 3126 3131 3132
f 3126 3132 3127
f 3127 3132 3133
f 3127 3133 3128
f 3128 3133 3134
f 3128 3134 3020
f 3130 3129 3135
f 3135 3129 3136
f 3135 3136 3137
f 3137 3136 3138
f 3137 3138 3139
f 3139 3138 3140
f 3139 3140 3141
f 3141 3140 3142
f 3141 3142 3143
f 3143 3142 3144
f 3143 3144 3145
f 3145 3144 3146
f 3145 3146 3020
f 3136 3147 3138
f 3138 3147 3148
f 3138 3148 3140
f 3140 3148 3149
f 3140 3149 3142
f 3142 3149 3150
f 3142 3150 3144
f 3144 3150 3151
f 3144 3151 3146
f 3146 3151 3152
f 3146 3152 3020
f 3147 3153 3148
f 3148 3153 3154
f 3148 3154 3149
f 3149 3154 3155
f 3149 3155 3150
f 3150 3155 3156
f 3150 3156 3151
f 3151 3156 3157
f 3151 3157 3152
f 3152 3157 3158
f 3152 3158 3020
f 3154 3153 3159
f 3159 3153 3160
f 3159 3160 3161
f 3161 3160 3162
f 3161 3162 3163
f 3163 3162 3164
f 3163 3164 3165
f 3165 3164 3166
f 3165 3166 3167
f 3167 3166 3168
f 3167 3168 3169
f 3169 3168 3170
f 3169 3170 3171
f 3171 3170 3172
f 3171 3172 3020
f 3162 3173 3164
f 3164 3173 3174
f 3164 3174 3166
f 3166 3174 3175
f 3166 3175 3168
f 3168 3175 3176
f 3168 3176 3170
f 3170 3176 3177
f 3170 3177 3172
f 3172 3177 3178
f 3172 3178 3020
f 3174 3173 3179
f 3179 3173 3180
f 3179 3180 3181
f 3181 3180 3182
f 3181 3182 3183
f 3183 3182 3184
f 3183 3184 3185
f 3185 3184 3186
f 3185 3186 3187
f 3187 3186 3188
f 3187 3188 3189
f 3189 3188 3190
f 3189 3190 3191
f 3191 3190 3192
f 3191 3192 3020
f 3182 3193 3184
f 3184 3193 3194
f 3184 3194 3186
f 3186 3194 3195
f 3186 3195 3188
f 3188 3195 3196
f 3188 3196 3190
f 3190 3196 3197
f 3190 3197 3192
f 3192 3197 3198
f 3192 3198 3020
f 3194 3193 3199
f 3199 3193 3200
f 3199 3200 3201
f 3201 3200 3202
f 3201 3202 3203
f 3203 3202 3204
f 3203 3204 3205
f 3205 3204 3206
f 3205 3206 3207
f 3207 3206 3208
f 3207 3208 3209
f 3209 3208 3210
f 3209 3210 3211
f 3211 3210 3212
f 3211 3212 3020
f 3202 3213 3204
f 3204 3213 3214
f 3204 3214 3206
f 3206 3214 3215
f 3206 3215 3208
f 3208 3215 3216
f 3208 3216 3210
f 3210 3216 3217
f 3210 3217 3212
f 3212 3217 3218
f 3212 3218 3020
f 3214 3213 3219
f 3219 3213 3220
f 3219 3220 3221
f 3221 3220 3222
f 3221 3222 3223
f 3223 3222 3224
f 3223 3224 3225
f 3225 3224 3226
f 3225 3226 3227
f 3227 3226 3228
f 3227 3228 3229
f 3229 3228 3230
f 3229 3230 3231
f 3231 3230 3232
f 3231 3232 3020
f 3222 3233 3224
f 3224 3233 3234
f 3224 3234 3226
f 3226 3234 3235
f 3226 3235 3228
f 3228 3235 3236
f 3228 3236 3230
f 3230 3236 3237
f 3230 3237 3232
f 3232 3237 3238
f 3232 3238 3020
f 3234 3233 3239
f 3239 3233 3240
f 3239 3240 3241
f 3241 3240 3242
f 3241 3242 3243
f 3243 3242 3244
f 3243 3244 3245
f 3245 3244 3246
f 3245 3246 3247
f 3247 3246 3248
f 3247 3248 3249
f 3249 3248 3250
f 3249 3250 3020
f 3240 3251 3242
f 3242 3251 3252
f 3242 3252 3244
f 3244 3252 3253
f 3244 3253 3246
f 3246 3253 3254
f 3246 3254 3248
f 3248 3254 3255
f 3248 3255 3250
f 3250 3255 3256
f 3250 3256 3020
f 3251 3257 3252
f 3252 3257 3258
f 3252 3258 3253
f 3253 3258 3259
f 3253 3259 3254
f 3254 3259 3260
f 3254 3260 3255
f 3255 3260 3261
f 3255 3261 3256
f 3256 3261 3262
f 3256 3262 3020
f 3258 3257 3263
f 3263 3257 3264
f 3263 3264 3265
f 3265 3264 3266
f 3265 3266 3267
f 3267 3266 3268
f 3267 3268 3269
f 3269 3268 3270
f 3269 3270 3271
f 3271 3270 3272
f 3271 3272 3273
f 3273 3272 3274
f 3273 3274 3020
f 3264 3275 3266
f 3266 3275 3276
f 3266 3276 3268
f 3268 3276 3277
f 3268 3277 3270
f 3270 3277 3278
f 3270 3278 3272
f 3272 3278 3279
f 3272 3279 3274
f 3274 3279 3280
f 3274 3280 3020
f 3276 3275 3281
f 3281 3275 3282
f 3281 3282 3283
f 3283 3282 3284
f 3283 3284 3285
f 3285 3284 3286
f 3285 3286 3287
f 3287 3286 3288
f 3287 3288 3289
f 3289 3288 3290
f 3289 3290 3291
f 3291 3290 3292
f 3291 3292 3020
f 3282 3293 3284
f 3284 3293 3294
f 3284 3294 3286
f 3286 3294 3295
f 3286 3295 3288
f 3288 3295 3296
f 3288 3296 3290
f 3290 3296 3297
f 3290 3297 3292
f 3292 3297 3298
f 3292 3298 3020
f 3294 3293 3299
f 3299 3293 3300
f 3299 3300 3301
f 3301 3300 3302
f 3301 3302 3303
f 3303 3302 3304
f 3303 3304 3305
f 3305 3304 3306
f 3305 3306 3307
f 3307 3306 3308
f 3307 3308 3309
f 3309 3308 3310
f 3309 3310 3311
f 3311 3310 3312
f 3311 3312 3020
f 3302 3313 3304
f 3304 3313 3314
f 3304 3314 3306
f 3306 3314 3315
f 3306 3315 3308
f 3308 3315 3316
f 3308 3316 3310
f 3310 3316 3317
f 3310 3317 3312
f 3312 3317 3318
f 3312 3318 3020
f 3314 3313 3319
f 3319 3313 3320
f 3319 3320 3321
f 3321 3320 3322
f 3321 3322 3323
f 3323 3322 3324
f 3323 3324 3325
f 3325 3324 3326
f 3325 3326 3327
f 3327 3326 3328
f 3327 3328 3329
f 3329 3328 3330
f 3329 3330 3020
f 3320 3331 3322
f 3322 3331 3332
f 3322 3332 3324
f 3324 3332 3333
f 3324 3333 3326
f 3326 3333 3334
f 3326 3334 3328
f 3328 3334 3335
f 3328 3335 3330
f 3330 3335 3336
f 3330 3336 3020
f 3332 3331 3337
f 3337 3331 3338
f 3337 3338 3339
f 3339 3338 3340
f 3339 3340 3341
f 3341 3340 3342
f 3341 3342 3343
f 3343 3342 3344
f 3343 3344 3345
f 3345 3344 3014
f 3345 3014 3017
f 3340 3008 3342
f 3342 3008 3346
f 3342 3346 3344
f 3344 3346 3012
f 3344 3012 3014
f 3346 3008 3010
f 3019 3020 3347
f 3347 3020 3336
f 3329 3020 3348
f 3348 3020 3318
f 3311 3020 3349
f 3349 3020 3350
f 3350 3020 3298
f 3291 3020 3351
f 3351 3020 3280
f 3273 3020 3352
f 3352 3020 3262
f 3249 3020 3353
f 3353 3020 3238
f 3231 3020 3354
f 3355 3020 3218
f 3211 3020 3356
f 3356 3020 3357
f 3357 3020 3198
f 3191 3020 3358
f 3358 3020 3359
f 3359 3020 3178
f 3171 3020 3360
f 3360 3020 3361
f 3361 3020 3158
f 3145 3020 3362
f 3362 3020 3134
f 3121 3020 3363
f 3097 3020 3364
f 3364 3020 3365
f 3365 3020 3084
f 3077 3020 3366
f 3366 3020 3367
f 3367 3020 3064
f 3057 3020 3368
f 3368 3020 3369
f 3369 3020 3044
f 3037 3020 3370
f 3370 3020 3371
f 3371 3020 3372
f 3372 3020 3373
f 3373 3020 3374
f 3374 3020 3022
f 3354 3020 3355
f 3363 3020 3110
f 3017 3019 3375
f 3375 3019 3347
f 3375 3347 3376
f 3376 3347 3336
f 3376 3336 3335
f 3346 3010 3012
f 3024 3025 3377
f 3377 3025 3027
f 3377 3027 3378
f 3378 3027 3029
f 3378 3029 3031
f 3023 3024 3379
f 3379 3024 3377
f 3379 3377 3380
f 3380 3377 3378
f 3380 3378 3381
f 3381 3378 3031
f 3381 3031 3033
f 3374 3022 3021
f 3021 3023 3382
f 3382 3023 3379
f 3382 3379 3383
f 3383 3379 3380
f 3383 3380 3384
f 3384 3380 3381
f 3384 3381 3385
f 3385 3381 3033
f 3385 3033 3035
f 3373 3374 3382
f 3382 3374 3021
f 3373 3382 3383
f 3373 3383 3372
f 3372 3383 3384
f 3372 3384 3371
f 3371 3384 3385
f 3371 3385 3370
f 3370 3385 3035
f 3370 3035 3037
f 3047 3386 3045
f 3045 3386 3041
f 3045 3041 3040
f 3041 3386 3042
f 3042 3386 3387
f 3042 3387 3043
f 3043 3387 3388
f 3043 3388 3044
f 3044 3388 3369
f 3386 3047 3389
f 3389 3047 3049
f 3389 3049 3051
f 3051 3390 3389
f 3389 3390 3387
f 3389 3387 3386
f 3387 3390 3388
f 3388 3390 3391
f 3388 3391 3369
f 3369 3391 3368
f 3391 3390 3053
f 3053 3390 3051
f 3368 3391 3055
f 3055 3391 3053
f 3067 3392 3065
f 3065 3392 3061
f 3065 3061 3060
f 3061 3392 3062
f 3062 3392 3393
f 3062 3393 3063
f 3063 3393 3394
f 3063 3394 3064
f 3064 3394 3367
f 3392 3067 3395
f 3395 3067 3069
f 3395 3069 3071
f 3368 3055 3057
f 3071 3396 3395
f 3395 3396 3393
f 3395 3393 3392
f 3393 3396 3394
f 3394 3396 3397
f 3394 3397 3367
f 3367 3397 3366
f 3397 3396 3073
f 3073 3396 3071
f 3366 3397 3075
f 3075 3397 3073
f 3087 3398 3085
f 3085 3398 3081
f 3085 3081 3080
f 3081 3398 3082
f 3082 3398 3399
f 3082 3399 3083
f 3083 3399 3400
f 3083 3400 3084
f 3084 3400 3365
f 3398 3087 3401
f 3401 3087 3089
f 3401 3089 3091
f 3366 3075 3077
f 3398 3401 3399
f 3399 3401 3402
f 3399 3402 3400
f 3400 3402 3403
f 3400 3403 3365
f 3365 3403 3364
f 3402 3401 3091
f 3402 3091 3093
f 3402 3093 3403
f 3403 3093 3095
f 3403 3095 3364
f 3364 3095 3097
f 3106 3111 3107
f 3107 3111 3404
f 3107 3404 3108
f 3108 3404 3405
f 3108 3405 3109
f 3109 3405 3406
f 3109 3406 3110
f 3110 3406 3363
f 3111 3113 3404
f 3404 3113 3115
f 3404 3115 3405
f 3405 3115 3117
f 3405 3117 3406
f 3406 3117 3119
f 3406 3119 3363
f 3363 3119 3121
f 3130 3135 3131
f 3131 3135 3407
f 3131 3407 3132
f 3132 3407 3408
f 3132 3408 3133
f 3133 3408 3409
f 3133 3409 3134
f 3134 3409 3362
f 3135 3137 3407
f 3407 3137 3139
f 3407 3139 3408
f 3408 3139 3141
f 3408 3141 3409
f 3409 3141 3143
f 3409 3143 3362
f 3362 3143 3145
f 3154 3159 3155
f 3155 3159 3410
f 3155 3410 3156
f 3156 3410 3411
f 3156 3411 3157
f 3157 3411 3412
f 3157 3412 3158
f 3158 3412 3361
f 3159 3161 3410
f 3410 3161 3413
f 3410 3413 3411
f 3411 3413 3414
f 3411 3414 3412
f 3412 3414 3415
f 3412 3415 3361
f 3361 3415 3360
f 3163 3165 3413
f 3413 3165 3414
f 3415 3414 3167
f 3167 3414 3165
f 3161 3163 3413
f 3360 3415 3169
f 3169 3415 3167
f 3181 3416 3179
f 3179 3416 3175
f 3179 3175 3174
f 3175 3416 3176
f 3176 3416 3417
f 3176 3417 3177
f 3177 3417 3418
f 3177 3418 3178
f 3178 3418 3359
f 3416 3181 3419
f 3419 3181 3183
f 3419 3183 3185
f 3360 3169 3171
f 3185 3420 3419
f 3419 3420 3417
f 3419 3417 3416
f 3417 3420 3418
f 3418 3420 3421
f 3418 3421 3359
f 3359 3421 3358
f 3421 3420 3187
f 3187 3420 3185
f 3358 3421 3189
f 3189 3421 3187
f 3201 3422 3199
f 3199 3422 3195
f 3199 3195 3194
f 3195 3422 3196
f 3196 3422 3423
f 3196 3423 3197
f 3197 3423 3424
f 3197 3424 3198
f 3198 3424 3357
f 3422 3201 3425
f 3425 3201 3203
f 3425 3203 3205
f 3358 3189 3191
f 3205 3426 3425
f 3425 3426 3423
f 3425 3423 3422
f 3423 3426 3424
f 3424 3426 3427
f 3424 3427 3357
f 3357 3427 3356
f 3427 3426 3207
f 3207 3426 3205
f 3356 3427 3209
f 3209 3427 3207
f 3221 3428 3219
f 3219 3428 3215
f 3219 3215 3214
f 3215 3428 3216
f 3216 3428 3429
f 3216 3429 3217
f 3217 3429 3430
f 3217 3430 3218
f 3218 3430 3355
f 3428 3221 3431
f 3431 3221 3223
f 3431 3223 3225
f 3356 3209 3211
f 3225 3432 3431
f 3431 3432 3429
f 3431 3429 3428
f 3429 3432 3430
f 3430 3432 3433
f 3430 3433 3355
f 3355 3433 3354
f 3433 3432 3227
f 3227 3432 3225
f 3354 3433 3229
f 3229 3433 3227
f 3241 3434 3239
f 3239 3434 3235
f 3239 3235 3234
f 3235 3434 3236
f 3236 3434 3435
f 3236 3435 3237
f 3237 3435 3436
f 3237 3436 3238
f 3238 3436 3353
f 3435 3434 3243
f 3243 3434 3241
f 3354 3229 3231
f 3435 3243 3245
f 3435 3245 3436
f 3436 3245 3247
f 3436 3247 3353
f 3353 3247 3249
f 3258 3263 3259
f 3259 3263 3437
f 3259 3437 3260
f 3260 3437 3438
f 3260 3438 3261
f 3261 3438 3439
f 3261 3439 3262
f 3262 3439 3352
f 3265 3267 3437
f 3437 3267 3438
f 3439 3438 3269
f 3269 3438 3267
f 3263 3265 3437
f 3276 3281 3277
f 3277 3281 3440
f 3277 3440 3278
f 3278 3440 3441
f 3278 3441 3279
f 3279 3441 3442
f 3279 3442 3280
f 3280 3442 3351
f 3439 3269 3271
f 3273 3352 3271
f 3271 3352 3439
f 3281 3283 3440
f 3440 3283 3285
f 3440 3285 3441
f 3441 3285 3287
f 3441 3287 3442
f 3442 3287 3289
f 3442 3289 3351
f 3351 3289 3291
f 3301 3443 3299
f 3299 3443 3295
f 3299 3295 3294
f 3295 3443 3296
f 3296 3443 3444
f 3296 3444 3297
f 3297 3444 3445
f 3297 3445 3298
f 3298 3445 3350
f 3443 3301 3446
f 3446 3301 3303
f 3446 3303 3305
f 3305 3447 3446
f 3446 3447 3444
f 3446 3444 3443
f 3444 3447 3445
f 3445 3447 3448
f 3445 3448 3350
f 3350 3448 3349
f 3448 3447 3307
f 3307 3447 3305
f 3314 3319 3315
f 3315 3319 3449
f 3315 3449 3316
f 3316 3449 3450
f 3316 3450 3317
f 3317 3450 3451
f 3317 3451 3318
f 3318 3451 3348
f 3448 3307 3309
f 3311 3349 3309
f 3309 3349 3448
f 3319 3321 3449
f 3449 3321 3323
f 3449 3323 3450
f 3450 3323 3325
f 3450 3325 3451
f 3451 3325 3327
f 3451 3327 3348
f 3348 3327 3329
f 3339 3452 3337
f 3337 3452 3333
f 3337 3333 3332
f 3333 3452 3334
f 3334 3452 3453
f 3334 3453 3335
f 3335 3453 3376
f 3452 3339 3454
f 3454 3339 3341
f 3454 3341 3343
f 3343 3455 3454
f 3454 3455 3453
f 3454 3453 3452
f 3375 3376 3455
f 3455 3376 3453
f 3375 3455 3345
f 3345 3455 3343
f 3375 3345 3017
f 3008 3456 3009
f 3009 3456 3457
f 3009 3457 3026
f 3026 3457 3458
f 3026 3458 3028
f 3028 3458 3459
f 3028 3459 3039
f 3039 3459 3460
f 3039 3460 3046
f 3046 3460 3461
f 3046 3461 3048
f 3048 3461 3462
f 3048 3462 3059
f 3059 3462 3463
f 3059 3463 3066
f 3066 3463 3464
f 3066 3464 3068
f 3068 3464 3465
f 3068 3465 3079
f 3079 3465 3466
f 3079 3466 3086
f 3086 3466 3467
f 3086 3467 3088
f 3088 3467 3468
f 3088 3468 3099
f 3099 3468 3469
f 3099 3469 3105
f 3105 3469 3470
f 3105 3470 3112
f 3112 3470 3471
f 3112 3471 3123
f 3123 3471 3472
f 3123 3472 3129
f 3129 3472 3473
f 3129 3473 3136
f 3136 3473 3474
f 3136 3474 3147
f 3147 3474 3475
f 3147 3475 3153
f 3153 3475 3476
f 3153 3476 3160
f 3160 3476 3477
f 3160 3477 3162
f 3162 3477 3478
f 3162 3478 3173
f 3173 3478 3479
f 3173 3479 3180
f 3180 3479 3480
f 3180 3480 3182
f 3182 3480 3481
f 3182 3481 3193
f 3193 3481 3482
f 3193 3482 3200
f 3200 3482 3483
f 3200 3483 3202
f 3202 3483 3484
f 3202 3484 3213
f 3213 3484 3485
f 3213 3485 3220
f 3220 3485 3486
f 3220 3486 3222
f 3222 3486 3487
f 3222 3487 3233
f 3233 3487 3488
f 3233 3488 3240
f 3240 3488 3489
f 3240 3489 3251
f 3251 3489 3490
f 3251 3490 3257
f 3257 3490 3491
f 3257 3491 3264
f 3264 3491 3492
f 3264 3492 3275
f 3275 3492 3493
f 3275 3493 3282
f 3282 3493 3494
f 3282 3494 3293
f 3293 3494 3495
f 3293 3495 3300
f 3300 3495 3496
f 3300 3496 3302
f 3302 3496 3497
f 3302 3497 3313
f 3313 3497 3498
f 3313 3498 3320
f 3320 3498 3499
f 3320 3499 3331
f 3331 3499 3500
f 3331 3500 3338
f 3338 3500 3501
f 3338 3501 3340
f 3340 3501 3502
f 3340 3502 3008
f 3008 3502 3456
f 3503 3504 3505
f 3505 3504 3506
f 3505 3506 3507
f 3507 3506 3508
f 3507 3508 3509
f 3509 3508 3510
f 3509 3510 3511
f 3511 3510 3512
f 3511 3512 3513
f 3513 3512 3514
f 3513 3514 3515
f 3515 3514 3516
f 3515 3516 3517
f 3517 3516 3518
f 3517 3518 3519
f 3519 3518 3520
f 3519 3520 3521
f 3521 3520 3522
f 3521 3522 3523
f 3523 3522 3524
f 3523 3524 3525
f 3525 3524 3526
f 3525 3526 3527
f 3527 3526 3528
f 3527 3528 3529
f 3529 3528 3530
f 3529 3530 3531
f 3531 3530 3532
f 3531 3532 3533
f 3533 3532 3534
f 3533 3534 3535
f 3535 3534 3536
f 3535 3536 3537
f 3537 3536 3538
f 3537 3538 3539
f 3539 3538 3540
f 3539 3540 3541
f 3541 3540 3542
f 3541 3542 3543
f 3543 3542 3544
f 3543 3544 3545
f 3545 3544 3546
f 3545 3546 3547
f 3547 3546 3548
f 3547 3548 3549
f 3549 3548 3550
f 3549 3550 3551
f 3551 3550 3552
f 3551 3552 3553
f 3553 3552 3554
f 3553 3554 3555
f 3555 3554 3556
f 3555 3556 3557
f 3557 3556 3558
f 3557 3558 3559
f 3559 3558 3560
f 3559 3560 3561
f 3561 3560 3562
f 3561 3562 3563
f 3563 3562 3564
f 3563 3564 3565
f 3565 3564 3566
f 3565 3566 3567
f 3567 3566 3568
f 3567 3568 3569
f 3569 3568 3570
f 3569 3570 3571
f 3571 3570 3572
f 3571 3572 3573
f 3573 3572 3574
f 3573 3574 3575
f 3575 3574 3576
f 3575 3576 3577
f 3577 3576 3578
f 3577 3578 3579
f 3579 3578 3580
f 3579 3580 3581
f 3581 3580 3582
f 3581 3582 3583
f 3583 3582 3584
f 3583 3584 3585
f 3585 3584 3586
f 3585 3586 3587
f 3587 3586 3588
f 3587 3588 3589
f 3589 3588 3590
f 3589 3590 3591
f 3591 3590 3592
f 3591 3592 3593
f 3593 3592 3594
f 3593 3594 3595
f 3595 3594 3596
f 3595 3596 3597
f 3597 3596 3598
f 3597 3598 3599
f 3599 3598 3600
f 3599 3600 3601
f 3601 3600 3602
f 3601 3602 3603
f 3603 3602 3604
f 3603 3604 3605
f 3605 3604 3606
f 3605 3606 3607
f 3607 3606 3608
f 3607 3608 3609
f 3609 3608 3610
f 3609 3610 3611
f 3611 3610 3612
f 3611 3612 3613
f 3613 3612 3614
f 3613 3614 3615
f 3615 3614 3616
f 3615 3616 3617
f 3617 3616 3618
f 3617 3618 3619
f 3619 3618 3620
f 3619 3620 3621
f 3621 3620 3622
f 3621 3622 3623
f 3623 3622 3624
f 3623 3624 3625
f 3625 3624 3626
f 3625 3626 3627
f 3627 3626 3628
f 3627 3628 3629
f 3629 3628 3630
f 3629 3630 3631
f 3631 3630 3632
f 3631 3632 3633
f 3633 3632 3634
f 3633 3634 3635
f 3635 3634 3636
f 3635 3636 3637
f 3637 3636 3638
f 3637 3638 3639
f 3639 3638 3640
f 3639 3640 3641
f 3641 3640 3642
f 3641 3642 3643
f 3643 3642 3644
f 3643 3644 3645
f 3645 3644 3646
f 3645 3646 3647
f 3647 3646 3648
f 3647 3648 3649
f 3649 3648 3650
f 3649 3650 3651
f 3651 3650 3652
f 3651 3652 3653
f 3653 3652 3654
f 3653 3654 3655
f 3655 3654 3656
f 3655 3656 3657
f 3657 3656 3658
f 3657 3658 3659
f 3659 3658 3660
f 3659 3660 3661
f 3661 3660 3662
f 3661 3662 3663
f 3663 3662 3664
f 3663 3664 3506
f 3506 3664 3665
f 3665 3664 3666
f 3665 3666 3667
f 3667 3666 3668
f 3668 3666 3669
f 3668 3669 3670
f 3670 3669 3671
f 3670 3671 3672
f 3672 3671 3673
f 3672 3673 3674
f 3674 3673 3675
f 3674 3675 3676
f 3676 3675 3677
f 3676 3677 3678
f 3678 3677 3679
f 3678 3679 3680
f 3680 3679 3681
f 3680 3681 3682
f 3682 3681 3683
f 3682 3683 3684
f 3684 3683 3685
f 3684 3685 3459
f 3459 3685 3460
f 3460 3685 3686
f 3460 3686 3461
f 3461 3686 3687
f 3461 3687 3688
f 3688 3687 3689
f 3688 3689 3690
f 3690 3689 3691
f 3690 3691 3692
f 3692 3691 3693
f 3692 3693 3694
f 3694 3693 3695
f 3694 3695 3696
f 3696 3695 3697
f 3696 3697 3698
f 3698 3697 3699
f 3698 3699 3700
f 3700 3699 3701
f 3700 3701 3702
f 3702 3701 3703
f 3702 3703 3704
f 3704 3703 3705
f 3704 3705 3706
f 3706 3705 3650
f 3706 3650 3648
f 3506 3665 3508
f 3508 3665 3707
f 3508 3707 3510
f 3510 3707 3708
f 3510 3708 3512
f 3512 3708 3709
f 3512 3709 3514
f 3514 3709 3710
f 3514 3710 3516
f 3516 3710 3711
f 3516 3711 3518
f 3518 3711 3712
f 3518 3712 3520
f 3520 3712 3713
f 3520 3713 3522
f 3522 3713 3714
f 3522 3714 3524
f 3524 3714 3715
f 3524 3715 3526
f 3526 3715 3716
f 3526 3716 3528
f 3528 3716 3717
f 3528 3717 3530
f 3530 3717 3718
f 3530 3718 3532
f 3532 3718 3719
f 3532 3719 3534
f 3534 3719 3720
f 3534 3720 3536
f 3536 3720 3721
f 3536 3721 3538
f 3538 3721 3722
f 3538 3722 3540
f 3540 3722 3723
f 3540 3723 3542
f 3542 3723 3724
f 3542 3724 3544
f 3544 3724 3725
f 3544 3725 3546
f 3546 3725 3726
f 3546 3726 3548
f 3548 3726 3727
f 3548 3727 3550
f 3550 3727 3728
f 3550 3728 3552
f 3552 3728 3729
f 3552 3729 3554
f 3554 3729 3730
f 3554 3730 3556
f 3556 3730 3731
f 3556 3731 3558
f 3558 3731 3732
f 3558 3732 3560
f 3560 3732 3733
f 3560 3733 3562
f 3562 3733 3734
f 3562 3734 3564
f 3564 3734 3735
f 3564 3735 3566
f 3566 3735 3736
f 3566 3736 3568
f 3568 3736 3737
f 3568 3737 3570
f 3570 3737 3738
f 3570 3738 3572
f 3572 3738 3739
f 3572 3739 3574
f 3574 3739 3740
f 3574 3740 3576
f 3576 3740 3741
f 3576 3741 3578
f 3578 3741 3742
f 3578 3742 3580
f 3580 3742 3743
f 3580 3743 3582
f 3582 3743 3744
f 3582 3744 3584
f 3584 3744 3745
f 3584 3745 3586
f 3586 3745 3746
f 3586 3746 3588
f 3588 3746 3747
f 3588 3747 3590
f 3590 3747 3748
f 3590 3748 3592
f 3592 3748 3749
f 3592 3749 3594
f 3594 3749 3750
f 3594 3750 3596
f 3596 3750 3751
f 3596 3751 3598
f 3598 3751 3752
f 3598 3752 3600
f 3600 3752 3753
f 3600 3753 3602
f 3602 3753 3754
f 3602 3754 3604
f 3604 3754 3755
f 3604 3755 3606
f 3606 3755 3756
f 3606 3756 3608
f 3608 3756 3757
f 3608 3757 3610
f 3610 3757 3758
f 3610 3758 3612
f 3612 3758 3759
f 3612 3759 3614
f 3614 3759 3760
f 3614 3760 3616
f 3616 3760 3761
f 3616 3761 3618
f 3618 3761 3762
f 3618 3762 3620
f 3620 3762 3763
f 3620 3763 3622
f 3622 3763 3764
f 3622 3764 3624
f 3624 3764 3765
f 3624 3765 3626
f 3626 3765 3766
f 3626 3766 3628
f 3628 3766 3767
f 3628 3767 3630
f 3630 3767 3768
f 3630 3768 3632
f 3632 3768 3769
f 3632 3769 3634
f 3634 3769 3770
f 3634 3770 3636
f 3636 3770 3771
f 3636 3771 3638
f 3638 3771 3772
f 3638 3772 3640
f 3640 3772 3773
f 3640 3773 3642
f 3642 3773 3774
f 3642 3774 3644
f 3644 3774 3775
f 3644 3775 3646
f 3646 3775 3776
f 3646 3776 3648
f 3648 3776 3706
f 3665 3667 3707
f 3707 3667 3668
f 3707 3668 3777
f 3777 3668 3670
f 3777 3670 3778
f 3778 3670 3672
f 3778 3672 3779
f 3779 3672 3674
f 3779 3674 3780
f 3780 3674 3781
f 3780 3781 3782
f 3782 3781 3783
f 3782 3783 3784
f 3784 3783 3785
f 3784 3785 3786
f 3786 3785 3787
f 3786 3787 3788
f 3788 3787 3789
f 3788 3789 3790
f 3790 3789 3791
f 3790 3791 3792
f 3792 3791 3793
f 3792 3793 3794
f 3794 3793 3795
f 3794 3795 3796
f 3796 3795 3797
f 3796 3797 3798
f 3798 3797 3799
f 3798 3799 3800
f 3800 3799 3801
f 3800 3801 3802
f 3802 3801 3803
f 3802 3803 3804
f 3804 3803 3805
f 3804 3805 3806
f 3806 3805 3807
f 3806 3807 3808
f 3808 3807 3809
f 3808 3809 3810
f 3810 3809 3811
f 3810 3811 3812
f 3812 3811 3813
f 3812 3813 3814
f 3814 3813 3815
f 3814 3815 3816
f 3816 3815 3817
f 3816 3817 3818
f 3818 3817 3819
f 3818 3819 3820
f 3820 3819 3821
f 3820 3821 3822
f 3822 3821 3823
f 3822 3823 3824
f 3824 3823 3825
f 3824 3825 3826
f 3826 3825 3827
f 3826 3827 3828
f 3828 3827 3829
f 3828 3829 3830
f 3830 3829 3831
f 3830 3831 3832
f 3832 3831 3833
f 3832 3833 3834
f 3834 3833 3835
f 3834 3835 3836
f 3836 3835 3837
f 3836 3837 3838
f 3838 3837 3839
f 3838 3839 3840
f 3840 3839 3841
f 3840 3841 3842
f 3842 3841 3843
f 3842 3843 3844
f 3844 3843 3845
f 3844 3845 3846
f 3846 3845 3847
f 3846 3847 3848
f 3848 3847 3849
f 3848 3849 3850
f 3850 3849 3851
f 3850 3851 3852
f 3852 3851 3853
f 3852 3853 3854
f 3854 3853 3855
f 3854 3855 3856
f 3856 3855 3857
f 3856 3857 3858
f 3858 3857 3859
f 3858 3859 3860
f 3860 3859 3861
f 3860 3861 3862
f 3862 3861 3863
f 3862 3863 3864
f 3864 3863 3865
f 3864 3865 3866
f 3866 3865 3867
f 3866 3867 3868
f 3868 3867 3869
f 3868 3869 3870
f 3870 3869 3871
f 3870 3871 3872
f 3872 3871 3873
f 3872 3873 3874
f 3874 3873 3875
f 3874 3875 3876
f 3876 3875 3877
f 3876 3877 3878
f 3878 3877 3879
f 3878 3879 3880
f 3880 3879 3881
f 3880 3881 3882
f 3882 3881 3883
f 3882 3883 3884
f 3884 3883 3885
f 3884 3885 3886
f 3886 3885 3887
f 3886 3887 3888
f 3888 3887 3889
f 3888 3889 3890
f 3890 3889 3891
f 3890 3891 3892
f 3892 3891 3893
f 3892 3893 3894
f 3894 3893 3895
f 3894 3895 3896
f 3896 3895 3897
f 3896 3897 3898
f 3898 3897 3899
f 3898 3899 3900
f 3900 3899 3901
f 3900 3901 3902
f 3902 3901 3903
f 3902 3903 3904
f 3904 3903 3905
f 3904 3905 3906
f 3906 3905 3907
f 3906 3907 3908
f 3908 3907 3909
f 3908 3909 3910
f 3910 3909 3911
f 3910 3911 3912
f 3912 3911 3913
f 3912 3913 3914
f 3914 3913 3915
f 3914 3915 3916
f 3916 3915 3917
f 3916 3917 3918
f 3918 3917 3919
f 3918 3919 3698
f 3698 3919 3696
f 3674 3920 3781
f 3781 3920 3921
f 3781 3921 3783
f 3783 3921 3922
f 3783 3922 3785
f 3785 3922 3923
f 3785 3923 3787
f 3787 3923 3924
f 3787 3924 3789
f 3789 3924 3925
f 3789 3925 3791
f 3791 3925 3926
f 3791 3926 3793
f 3793 3926 3927
f 3793 3927 3795
f 3795 3927 3928
f 3795 3928 3797
f 3797 3928 3929
f 3797 3929 3799
f 3799 3929 3930
f 3799 3930 3801
f 3801 3930 3931
f 3801 3931 3803
f 3803 3931 3932
f 3803 3932 3805
f 3805 3932 3933
f 3805 3933 3807
f 3807 3933 3934
f 3807 3934 3809
f 3809 3934 3935
f 3809 3935 3811
f 3811 3935 3936
f 3811 3936 3813
f 3813 3936 3937
f 3813 3937 3815
f 3815 3937 3938
f 3815 3938 3817
f 3817 3938 3939
f 3817 3939 3819
f 3819 3939 3940
f 3819 3940 3821
f 3821 3940 3941
f 3821 3941 3823
f 3823 3941 3942
f 3823 3942 3825
f 3825 3942 3943
f 3825 3943 3827
f 3827 3943 3944
f 3827 3944 3829
f 3829 3944 3945
f 3829 3945 3831
f 3831 3945 3946
f 3831 3946 3833
f 3833 3946 3947
f 3833 3947 3835
f 3835 3947 3948
f 3835 3948 3837
f 3837 3948 3949
f 3837 3949 3839
f 3839 3949 3950
f 3839 3950 3841
f 3841 3950 3951
f 3841 3951 3843
f 3843 3951 3952
f 3843 3952 3845
f 3845 3952 3953
f 3845 3953 3847
f 3847 3953 3954
f 3847 3954 3849
f 3849 3954 3955
f 3849 3955 3851
f 3851 3955 3956
f 3851 3956 3853
f 3853 3956 3957
f 3853 3957 3855
f 3855 3957 3958
f 3855 3958 3857
f 3857 3958 3959
f 3857 3959 3859
f 3859 3959 3960
f 3859 3960 3861
f 3861 3960 3961
f 3861 3961 3863
f 3863 3961 3962
f 3863 3962 3865
f 3865 3962 3963
f 3865 3963 3867
f 3867 3963 3964
f 3867 3964 3869
f 3869 3964 3965
f 3869 3965 3871
f 3871 3965 3966
f 3871 3966 3873
f 3873 3966 3967
f 3873 3967 3875
f 3875 3967 3968
f 3875 3968 3877
f 3877 3968 3969
f 3877 3969 3879
f 3879 3969 3970
f 3879 3970 3881
f 3881 3970 3971
f 3881 3971 3883
f 3883 3971 3972
f 3883 3972 3885
f 3885 3972 3973
f 3885 3973 3887
f 3887 3973 3974
f 3887 3974 3889
f 3889 3974 3975
f 3889 3975 3891
f 3891 3975 3976
f 3891 3976 3893
f 3893 3976 3977
f 3893 3977 3895
f 3895 3977 3978
f 3895 3978 3897
f 3897 3978 3979
f 3897 3979 3899
f 3899 3979 3980
f 3899 3980 3901
f 3901 3980 3981
f 3901 3981 3903
f 3903 3981 3982
f 3903 3982 3905
f 3905 3982 3983
f 3905 3983 3907
f 3907 3983 3984
f 3907 3984 3909
f 3909 3984 3985
f 3909 3985 3911
f 3911 3985 3986
f 3911 3986 3913
f 3913 3986 3987
f 3913 3987 3915
f 3915 3987 3988
f 3915 3988 3917
f 3917 3988 3989
f 3917 3989 3919
f 3919 3989 3990
f 3919 3990 3696
f 3696 3990 3694
f 3920 3991 3921
f 3921 3991 3992
f 3921 3992 3922
f 3922 3992 3993
f 3922 3993 3923
f 3923 3993 3994
f 3923 3994 3924
f 3924 3994 3995
f 3924 3995 3925
f 3925 3995 3996
f 3925 3996 3926
f 3926 3996 3997
f 3926 3997 3927
f 3927 3997 3998
f 3927 3998 3928
f 3928 3998 3999
f 3928 3999 3929
f 3929 3999 4000
f 3929 4000 3930
f 3930 4000 4001
f 3930 4001 3931
f 3931 4001 4002
f 3931 4002 3932
f 3932 4002 4003
f 3932 4003 3933
f 3933 4003 4004
f 3933 4004 3934
f 3934 4004 4005
f 3934 4005 3935
f 3935 4005 4006
f 3935 4006 3936
f 3936 4006 4007
f 3936 4007 3937
f 3937 4007 4008
f 3937 4008 3938
f 3938 4008 4009
f 3938 4009 3939
f 3939 4009 4010
f 3939 4010 3940
f 3940 4010 4011
f 3940 4011 3941
f 3941 4011 4012
f 3941 4012 3942
f 3942 4012 4013
f 3942 4013 3943
f 3943 4013 4014
f 3943 4014 3944
f 3944 4014 4015
f 3944 4015 3945
f 3945 4015 4016
f 3945 4016 3946
f 3946 4016 4017
f 3946 4017 3947
f 3947 4017 4018
f 3947 4018 3948
f 3948 4018 4019
f 3948 4019 3949
f 3949 4019 4020
f 3949 4020 3950
f 3950 4020 4021
f 3950 4021 3951
f 3951 4021 4022
f 3951 4022 3952
f 3952 4022 4023
f 3952 4023 3953
f 3953 4023 4024
f 3953 4024 3954
f 3954 4024 4025
f 3954 4025 3955
f 3955 4025 4026
f 3955 4026 3956
f 3956 4026 4027
f 3956 4027 3957
f 3957 4027 4028
f 3957 4028 3958
f 3958 4028 4029
f 3958 4029 3959
f 3959 4029 4030
f 3959 4030 3960
f 3960 4030 4031
f 3960 4031 3961
f 3961 4031 4032
f 3961 4032 3962
f 3962 4032 4033
f 3962 4033 3963
f 3963 4033 4034
f 3963 4034 3964
f 3964 4034 4035
f 3964 4035 3965
f 3965 4035 4036
f 3965 4036 3966
f 3966 4036 4037
f 3966 4037 3967
f 3967 4037 4038
f 3967 4038 3968
f 3968 4038 4039
f 3968 4039 3969
f 3969 4039 4040
f 3969 4040 3970
f 3970 4040 4041
f 3970 4041 3971
f 3971 4041 4042
f 3971 4042 3972
f 3972 4042 4043
f 3972 4043 3973
f 3973 4043 4044
f 3973 4044 3974
f 3974 4044 4045
f 3974 4045 3975
f 3975 4045 4046
f 3975 4046 3976
f 3976 4046 4047
f 3976 4047 3977
f 3977 4047 4048
f 3977 4048 3978
f 3978 4048 4049
f 3978 4049 3979
f 3979 4049 4050
f 3979 4050 3980
f 3980 4050 4051
f 3980 4051 3981
f 3981 4051 4052
f 3981 4052 3982
f 3982 4052 4053
f 3982 4053 3983
f 3983 4053 4054
f 3983 4054 3984
f 3984 4054 4055
f 3984 4055 3985
f 3985 4055 4056
f 3985 4056 3986
f 3986 4056 4057
f 3986 4057 3987
f 3987 4057 4058
f 3987 4058 3988
f 3988 4058 4059
f 3988 4059 3989
f 3989 4059 4060
f 3989 4060 3990
f 3990 4060 4061
f 3990 4061 3694
f 3694 4061 3692
f 3992 3991 4062
f 4062 3991 4063
f 4062 4063 4064
f 4064 4063 3456
f 4064 3456 3502
f 3501 4065 3502
f 3502 4065 4066
f 3502 4066 4064
f 4064 4066 4067
f 4064 4067 4062
f 4062 4067 3993
f 4062 3993 3992
f 3500 4068 3501
f 3501 4068 4069
f 3501 4069 4065
f 4065 4069 4070
f 4065 4070 4071
f 4071 4070 3995
f 4071 3995 3994
f 4068 3500 4072
f 4072 3500 3499
f 4072 3499 4073
f 4073 3499 4074
f 4073 4074 4075
f 4075 4074 4076
f 4075 4076 4000
f 4000 4076 4001
f 3499 3498 4074
f 4074 3498 4077
f 4074 4077 4076
f 4076 4077 4078
f 4076 4078 4001
f 4001 4078 4002
f 4077 3498 4079
f 4079 3498 3497
f 4079 3497 4080
f 4080 3497 4081
f 4080 4081 4082
f 4082 4081 4083
f 4082 4083 4004
f 4004 4083 4005
f 3497 3496 4081
f 4081 3496 4084
f 4081 4084 4083
f 4083 4084 4085
f 4083 4085 4005
f 4005 4085 4006
f 4084 3496 4086
f 4086 3496 3495
f 4086 3495 4087
f 4087 3495 3494
f 4087 3494 4088
f 4088 3494 4089
f 4088 4089 4090
f 4090 4089 4091
f 4090 4091 4009
f 4009 4091 4010
f 3494 3493 4089
f 4089 3493 4092
f 4089 4092 4091
f 4091 4092 4093
f 4091 4093 4010
f 4010 4093 4011
f 4092 3493 4094
f 4094 3493 3492
f 4094 3492 4095
f 4095 3492 4096
f 4095 4096 4097
f 4097 4096 4098
f 4097 4098 4013
f 4013 4098 4014
f 3492 3491 4096
f 4096 3491 4099
f 4096 4099 4098
f 4098 4099 4100
f 4098 4100 4014
f 4014 4100 4015
f 4099 3491 4101
f 4101 3491 3490
f 4101 3490 4102
f 4102 3490 4103
f 4102 4103 4104
f 4104 4103 4105
f 4104 4105 4017
f 4017 4105 4018
f 3490 3489 4103
f 4103 3489 4106
f 4103 4106 4105
f 4105 4106 4107
f 4105 4107 4018
f 4018 4107 4019
f 3489 3488 4106
f 4106 3488 4108
f 4106 4108 4107
f 4107 4108 4109
f 4107 4109 4019
f 4019 4109 4020
f 4108 3488 4110
f 4110 3488 3487
f 4110 3487 4111
f 4111 3487 4112
f 4111 4112 4113
f 4113 4112 4114
f 4113 4114 4022
f 4022 4114 4023
f 3487 3486 4112
f 4112 3486 4115
f 4112 4115 4114
f 4114 4115 4116
f 4114 4116 4023
f 4023 4116 4024
f 4115 3486 4117
f 4117 3486 3485
f 4117 3485 4118
f 4118 3485 3484
f 4118 3484 4119
f 4119 3484 4120
f 4119 4120 4121
f 4121 4120 4122
f 4121 4122 4027
f 4027 4122 4028
f 3484 3483 4120
f 4120 3483 4123
f 4120 4123 4122
f 4122 4123 4124
f 4122 4124 4028
f 4028 4124 4029
f 4123 3483 4125
f 4125 3483 3482
f 4125 3482 4126
f 4126 3482 3481
f 4126 3481 4127
f 4127 3481 4128
f 4127 4128 4129
f 4129 4128 4130
f 4129 4130 4032
f 4032 4130 4033
f 3481 3480 4128
f 4128 3480 4131
f 4128 4131 4130
f 4130 4131 4132
f 4130 4132 4033
f 4033 4132 4034
f 4131 3480 4133
f 4133 3480 3479
f 4133 3479 4134
f 4134 3479 3478
f 4134 3478 4135
f 4135 3478 4136
f 4135 4136 4137
f 4137 4136 4138
f 4137 4138 4037
f 4037 4138 4038
f 3478 3477 4136
f 4136 3477 4139
f 4136 4139 4138
f 4138 4139 4140
f 4138 4140 4038
f 4038 4140 4039
f 4139 3477 4141
f 4141 3477 3476
f 4141 3476 4142
f 4142 3476 3475
f 4142 3475 4143
f 4143 3475 4144
f 4143 4144 4145
f 4145 4144 4146
f 4145 4146 4042
f 4042 4146 4043
f 3475 3474 4144
f 4144 3474 4147
f 4144 4147 4146
f 4146 4147 4148
f 4146 4148 4043
f 4043 4148 4044
f 3474 3473 4147
f 4147 3473 4149
f 4147 4149 4148
f 4148 4149 4150
f 4148 4150 4044
f 4044 4150 4045
f 4149 3473 4151
f 4151 3473 3472
f 4151 3472 4152
f 4152 3472 4153
f 4152 4153 4154
f 4154 4153 4155
f 4154 4155 4047
f 4047 4155 4048
f 3472 3471 4153
f 4153 3471 4156
f 4153 4156 4155
f 4155 4156 4157
f 4155 4157 4048
f 4048 4157 4049
f 3471 3470 4156
f 4156 3470 4158
f 4156 4158 4157
f 4157 4158 4159
f 4157 4159 4049
f 4049 4159 4050
f 4158 3470 4160
f 4160 3470 3469
f 4160 3469 4161
f 4161 3469 4162
f 4161 4162 4163
f 4163 4162 4164
f 4163 4164 4052
f 4052 4164 4053
f 3469 3468 4162
f 4162 3468 4165
f 4162 4165 4164
f 4164 4165 4166
f 4164 4166 4053
f 4053 4166 4054
f 3468 3467 4165
f 4165 3467 4167
f 4165 4167 4166
f 4166 4167 4168
f 4166 4168 4054
f 4054 4168 4055
f 4167 3467 4169
f 4169 3467 3466
f 4169 3466 4170
f 4170 3466 3465
f 4170 3465 4171
f 4171 3465 4172
f 4171 4172 4173
f 4173 4172 4174
f 4173 4174 4058
f 4058 4174 4059
f 3465 3464 4172
f 4172 3464 4175
f 4172 4175 4174
f 4174 4175 4176
f 4174 4176 4059
f 4059 4176 4060
f 4175 3464 4177
f 4177 3464 3463
f 4177 3463 4178
f 4178 3463 3462
f 4178 3462 4179
f 4179 3462 3688
f 4179 3688 3690
f 3462 3461 3688
f 3684 3459 4180
f 4180 3459 3458
f 4180 3458 4181
f 4181 3458 4182
f 4181 4182 4183
f 4183 4182 4184
f 4183 4184 4185
f 4185 4184 3991
f 4185 3991 4186
f 4186 3991 3920
f 4186 3920 3676
f 3676 3920 3674
f 3458 3457 4182
f 4182 3457 4187
f 4182 4187 4184
f 4184 4187 4063
f 4184 4063 3991
f 3457 3456 4187
f 4187 3456 4063
f 3663 3506 4188
f 4188 3506 3504
f 4188 3504 3503
f 4188 3503 4189
f 4189 3503 4190
f 4190 3503 4191
f 4191 3503 4192
f 4192 3503 4193
f 4193 3503 4194
f 4194 3503 4195
f 4195 3503 4196
f 4196 3503 4197
f 4197 3503 4198
f 4198 3503 4199
f 4199 3503 4200
f 4200 3503 4201
f 4201 3503 4202
f 4202 3503 4203
f 4203 3503 4204
f 4204 3503 4205
f 4205 3503 4206
f 4206 3503 4207
f 4207 3503 4208
f 4208 3503 4209
f 4209 3503 4210
f 4210 3503 4211
f 4211 3503 4212
f 4212 3503 4213
f 4214 3503 4215
f 4215 3503 4216
f 4216 3503 4217
f 4217 3503 4218
f 4218 3503 4219
f 4219 3503 4220
f 4220 3503 4221
f 4221 3503 4222
f 4222 3503 4223
f 4223 3503 4224
f 4224 3503 4225
f 4225 3503 4226
f 4226 3503 4227
f 4227 3503 4228
f 4228 3503 4229
f 4229 3503 4230
f 4230 3503 4231
f 4231 3503 4232
f 4232 3503 4233
f 4233 3503 4234
f 4234 3503 4235
f 4235 3503 4236
f 4236 3503 4237
f 4237 3503 4238
f 4238 3503 4239
f 4240 3503 4241
f 4241 3503 4242
f 4242 3503 4243
f 4243 3503 4244
f 4244 3503 4245
f 4245 3503 4246
f 4246 3503 4247
f 4247 3503 4248
f 4248 3503 4249
f 4249 3503 4250
f 4250 3503 4251
f 4251 3503 4252
f 4252 3503 4253
f 4253 3503 4254
f 4254 3503 4255
f 4255 3503 4256
f 4256 3503 4257
f 4257 3503 4258
f 4258 3503 4259
f 4259 3503 4260
f 4260 3503 4261
f 4261 3503 4262
f 4262 3503 4263
f 4263 3503 4264
f 4264 3503 4265
f 4265 3503 3505
f 3779 3780 4266
f 4266 3780 3782
f 4266 3782 4267
f 4267 3782 3784
f 4267 3784 4268
f 4268 3784 3786
f 4268 3786 4269
f 4269 3786 3788
f 4269 3788 4270
f 4270 3788 3790
f 4270 3790 4271
f 4271 3790 3792
f 4271 3792 4272
f 4272 3792 3794
f 4272 3794 4273
f 4273 3794 3796
f 4273 3796 4274
f 4274 3796 3798
f 4274 3798 4275
f 4275 3798 3800
f 4275 3800 4276
f 4276 3800 3802
f 4276 3802 4277
f 4277 3802 3804
f 4277 3804 4278
f 4278 3804 3806
f 4278 3806 4279
f 4279 3806 3808
f 4279 3808 4280
f 4280 3808 3810
f 4280 3810 4281
f 4281 3810 3812
f 4281 3812 4282
f 4282 3812 3814
f 4282 3814 4283
f 4283 3814 3816
f 4283 3816 4284
f 4284 3816 3818
f 4284 3818 4285
f 4285 3818 3820
f 4285 3820 4286
f 4286 3820 3822
f 4286 3822 4287
f 4287 3822 3824
f 4287 3824 4288
f 4288 3824 3826
f 4288 3826 4289
f 4289 3826 3828
f 4289 3828 4290
f 4290 3828 3830
f 4290 3830 4291
f 4291 3830 3832
f 4291 3832 4292
f 4292 3832 3834
f 4292 3834 4293
f 4293 3834 3836
f 4293 3836 4294
f 4294 3836 3838
f 4294 3838 4295
f 4295 3838 3840
f 4295 3840 4296
f 4296 3840 3842
f 4296 3842 4297
f 4297 3842 3844
f 4297 3844 4298
f 4298 3844 3846
f 4298 3846 4299
f 4299 3846 3848
f 4299 3848 4300
f 4300 3848 3850
f 4300 3850 4301
f 4301 3850 3852
f 4301 3852 4302
f 4302 3852 3854
f 4302 3854 4303
f 4303 3854 3856
f 4303 3856 4304
f 4304 3856 3858
f 4304 3858 4305
f 4305 3858 3860
f 4305 3860 4306
f 4306 3860 3862
f 4306 3862 4307
f 4307 3862 3864
f 4307 3864 4308
f 4308 3864 3866
f 4308 3866 4309
f 4309 3866 3868
f 4309 3868 4310
f 4310 3868 3870
f 4310 3870 4311
f 4311 3870 3872
f 4311 3872 4312
f 4312 3872 3874
f 4312 3874 4313
f 4313 3874 3876
f 4313 3876 4314
f 4314 3876 3878
f 4314 3878 4315
f 4315 3878 3880
f 4315 3880 4316
f 4316 3880 3882
f 4316 3882 4317
f 4317 3882 3884
f 4317 3884 4318
f 4318 3884 3886
f 4318 3886 4319
f 4319 3886 3888
f 4319 3888 4320
f 4320 3888 3890
f 4320 3890 4321
f 4321 3890 3892
f 4321 3892 4322
f 4322 3892 3894
f 4322 3894 4323
f 4323 3894 3896
f 4323 3896 4324
f 4324 3896 3898
f 4324 3898 4325
f 4325 3898 3900
f 4325 3900 4326
f 4326 3900 3902
f 4326 3902 4327
f 4327 3902 3904
f 4327 3904 4328
f 4328 3904 3906
f 4328 3906 4329
f 4329 3906 3908
f 4329 3908 4330
f 4330 3908 3910
f 4330 3910 4331
f 4331 3910 3912
f 4331 3912 4332
f 4332 3912 3914
f 4332 3914 4333
f 4333 3914 3916
f 4333 3916 4334
f 4334 3916 3918
f 4334 3918 3700
f 3700 3918 3698
f 3778 3779 4335
f 4335 3779 4266
f 4335 4266 4336
f 4336 4266 4267
f 4336 4267 4337
f 4337 4267 4268
f 4337 4268 4338
f 4338 4268 4269
f 4338 4269 4339
f 4339 4269 4270
f 4339 4270 4340
f 4340 4270 4271
f 4340 4271 4341
f 4341 4271 4272
f 4341 4272 4342
f 4342 4272 4273
f 4342 4273 4343
f 4343 4273 4274
f 4343 4274 4344
f 4344 4274 4275
f 4344 4275 4345
f 4345 4275 4276
f 4345 4276 4346
f 4346 4276 4277
f 4346 4277 4347
f 4347 4277 4278
f 4347 4278 4348
f 4348 4278 4279
f 4348 4279 4349
f 4349 4279 4280
f 4349 4280 4350
f 4350 4280 4281
f 4350 4281 4351
f 4351 4281 4282
f 4351 4282 4352
f 4352 4282 4283
f 4352 4283 4353
f 4353 4283 4284
f 4353 4284 4354
f 4354 4284 4285
f 4354 4285 4355
f 4355 4285 4286
f 4355 4286 4356
f 4356 4286 4287
f 4356 4287 4357
f 4357 4287 4288
f 4357 4288 4358
f 4358 4288 4289
f 4358 4289 4359
f 4359 4289 4290
f 4359 4290 4360
f 4360 4290 4291
f 4360 4291 4361
f 4361 4291 4292
f 4361 4292 4362
f 4362 4292 4293
f 4362 4293 4363
f 4363 4293 4294
f 4363 4294 4364
f 4364 4294 4295
f 4364 4295 4365
f 4365 4295 4296
f 4365 4296 4366
f 4366 4296 4297
f 4366 4297 4367
f 4367 4297 4298
f 4367 4298 4368
f 4368 4298 4299
f 4368 4299 4369
f 4369 4299 4300
f 4369 4300 4370
f 4370 4300 4301
f 4370 4301 4371
f 4371 4301 4302
f 4371 4302 4372
f 4372 4302 4303
f 4372 4303 4373
f 4373 4303 4304
f 4373 4304 4374
f 4374 4304 4305
f 4374 4305 4375
f 4375 4305 4306
f 4375 4306 4376
f 4376 4306 4307
f 4376 4307 4377
f 4377 4307 4308
f 4377 4308 4378
f 4378 4308 4309
f 4378 4309 4379
f 4379 4309 4310
f 4379 4310 4380
f 4380 4310 4311
f 4380 4311 4381
f 4381 4311 4312
f 4381 4312 4382
f 4382 4312 4313
f 4382 4313 4383
f 4383 4313 4314
f 4383 4314 4384
f 4384 4314 4315
f 4384 4315 4385
f 4385 4315 4316
f 4385 4316 4386
f 4386 4316 4317
f 4386 4317 4387
f 4387 4317 4318
f 4387 4318 4388
f 4388 4318 4319
f 4388 4319 4389
f 4389 4319 4320
f 4389 4320 4390
f 4390 4320 4321
f 4390 4321 4391
f 4391 4321 4322
f 4391 4322 4392
f 4392 4322 4323
f 4392 4323 4393
f 4393 4323 4324
f 4393 4324 4394
f 4394 4324 4325
f 4394 4325 4395
f 4395 4325 4326
f 4395 4326 4396
f 4396 4326 4327
f 4396 4327 4397
f 4397 4327 4328
f 4397 4328 4398
f 4398 4328 4329
f 4398 4329 4399
f 4399 4329 4330
f 4399 4330 4400
f 4400 4330 4331
f 4400 4331 4401
f 4401 4331 4332
f 4401 4332 4402
f 4402 4332 4333
f 4402 4333 4403
f 4403 4333 4334
f 4403 4334 3702
f 3702 4334 3700
f 3708 3707 3777
f 3777 3778 4404
f 4404 3778 4335
f 4404 4335 4405
f 4405 4335 4336
f 4405 4336 4406
f 4406 4336 4337
f 4406 4337 4407
f 4407 4337 4338
f 4407 4338 4408
f 4408 4338 4339
f 4408 4339 4409
f 4409 4339 4340
f 4409 4340 4410
f 4410 4340 4341
f 4410 4341 4411
f 4411 4341 4342
f 4411 4342 4412
f 4412 4342 4343
f 4412 4343 4413
f 4413 4343 4344
f 4413 4344 4414
f 4414 4344 4345
f 4414 4345 4415
f 4415 4345 4346
f 4415 4346 4416
f 4416 4346 4347
f 4416 4347 4417
f 4417 4347 4348
f 4417 4348 4418
f 4418 4348 4349
f 4418 4349 4419
f 4419 4349 4350
f 4419 4350 4420
f 4420 4350 4351
f 4420 4351 4421
f 4421 4351 4352
f 4421 4352 4422
f 4422 4352 4353
f 4422 4353 4423
f 4423 4353 4354
f 4423 4354 4424
f 4424 4354 4355
f 4424 4355 4425
f 4425 4355 4356
f 4425 4356 4426
f 4426 4356 4357
f 4426 4357 4427
f 4427 4357 4358
f 4427 4358 4428
f 4428 4358 4359
f 4428 4359 4429
f 4429 4359 4360
f 4429 4360 4430
f 4430 4360 4361
f 4430 4361 4431
f 4431 4361 4362
f 4431 4362 4432
f 4432 4362 4363
f 4432 4363 4433
f 4433 4363 4364
f 4433 4364 4434
f 4434 4364 4365
f 4434 4365 4435
f 4435 4365 4366
f 4435 4366 4436
f 4436 4366 4367
f 4436 4367 4437
f 4437 4367 4368
f 4437 4368 4438
f 4438 4368 4369
f 4438 4369 4439
f 4439 4369 4370
f 4439 4370 4440
f 4440 4370 4371
f 4440 4371 4441
f 4441 4371 4372
f 4441 4372 4442
f 4442 4372 4373
f 4442 4373 4443
f 4443 4373 4374
f 4443 4374 4444
f 4444 4374 4375
f 4444 4375 4445
f 4445 4375 4376
f 4445 4376 4446
f 4446 4376 4377
f 4446 4377 4447
f 4447 4377 4378
f 4447 4378 4448
f 4448 4378 4379
f 4448 4379 4449
f 4449 4379 4380
f 4449 4380 4450
f 4450 4380 4381
f 4450 4381 4451
f 4451 4381 4382
f 4451 4382 4452
f 4452 4382 4383
f 4452 4383 4453
f 4453 4383 4384
f 4453 4384 4454
f 4454 4384 4385
f 4454 4385 4455
f 4455 4385 4386
f 4455 4386 4456
f 4456 4386 4387
f 4456 4387 4457
f 4457 4387 4388
f 4457 4388 4458
f 4458 4388 4389
f 4458 4389 4459
f 4459 4389 4390
f 4459 4390 4460
f 4460 4390 4391
f 4460 4391 4461
f 4461 4391 4392
f 4461 4392 4462
f 4462 4392 4393
f 4462 4393 4463
f 4463 4393 4394
f 4463 4394 4464
f 4464 4394 4395
f 4464 4395 4465
f 4465 4395 4396
f 4465 4396 4466
f 4466 4396 4397
f 4466 4397 4467
f 4467 4397 4398
f 4467 4398 4468
f 4468 4398 4399
f 4468 4399 4469
f 4469 4399 4400
f 4469 4400 4470
f 4470 4400 4401
f 4470 4401 4471
f 4471 4401 4402
f 4471 4402 4472
f 4472 4402 4403
f 4472 4403 3704
f 3704 4403 3702
f 4265 3505 3507
f 4265 3507 3509
f 3994 3993 4067
f 4065 4071 4066
f 4066 4071 4067
f 4071 3994 4067
f 3709 3708 4404
f 4404 3708 3777
f 3709 4404 4405
f 4264 4265 3509
f 4264 3509 3511
f 3996 3995 4070
f 4070 4069 4473
f 4473 4069 4068
f 4473 4068 4474
f 4474 4068 4072
f 4474 4072 4475
f 4475 4072 4073
f 4475 4073 4075
f 3709 4405 3710
f 3710 4405 4406
f 3710 4406 3711
f 3711 4406 4407
f 3711 4407 3712
f 3712 4407 4408
f 3712 4408 3713
f 3713 4408 4409
f 3713 4409 3714
f 3714 4409 4410
f 3714 4410 3715
f 3715 4410 4411
f 3715 4411 3716
f 3716 4411 4412
f 3716 4412 3717
f 3717 4412 4413
f 3717 4413 3718
f 3718 4413 4414
f 3718 4414 3719
f 3719 4414 4415
f 3719 4415 3720
f 3720 4415 4416
f 3720 4416 3721
f 3721 4416 4417
f 3721 4417 3722
f 3722 4417 4418
f 3722 4418 3723
f 3723 4418 4419
f 3723 4419 3724
f 3724 4419 4420
f 3724 4420 3725
f 3725 4420 4421
f 3725 4421 3726
f 3726 4421 4422
f 3726 4422 3727
f 3727 4422 4423
f 3727 4423 3728
f 3728 4423 4424
f 3728 4424 3729
f 3729 4424 4425
f 3729 4425 3730
f 3730 4425 4426
f 3730 4426 3731
f 3731 4426 4427
f 3731 4427 3732
f 3732 4427 4428
f 3732 4428 3733
f 3733 4428 4429
f 3733 4429 3734
f 3734 4429 4430
f 3734 4430 3735
f 3735 4430 4431
f 3735 4431 3736
f 3736 4431 4432
f 3736 4432 3737
f 3737 4432 4433
f 3737 4433 3738
f 3738 4433 4434
f 3738 4434 3739
f 3739 4434 4435
f 3739 4435 3740
f 3740 4435 4436
f 3740 4436 3741
f 3741 4436 4437
f 3741 4437 3742
f 3742 4437 4438
f 3742 4438 3743
f 3743 4438 4439
f 3743 4439 3744
f 3744 4439 4440
f 3744 4440 3745
f 3745 4440 4441
f 3745 4441 3746
f 3746 4441 4442
f 3746 4442 3747
f 3747 4442 4443
f 3747 4443 3748
f 3748 4443 4444
f 3748 4444 3749
f 3749 4444 4445
f 3749 4445 3750
f 3750 4445 4446
f 3750 4446 3751
f 3751 4446 4447
f 3751 4447 3752
f 3752 4447 4448
f 3752 4448 3753
f 3753 4448 4449
f 3753 4449 3754
f 3754 4449 4450
f 3754 4450 3755
f 3755 4450 4451
f 3755 4451 3756
f 3756 4451 4452
f 3756 4452 3757
f 3757 4452 4453
f 3757 4453 3758
f 3758 4453 4454
f 3758 4454 3759
f 3759 4454 4455
f 3759 4455 3760
f 3760 4455 4456
f 3760 4456 3761
f 3761 4456 4457
f 3761 4457 3762
f 3762 4457 4458
f 3762 4458 3763
f 3763 4458 4459
f 3763 4459 3764
f 3764 4459 4460
f 3764 4460 3765
f 3765 4460 4461
f 3765 4461 3766
f 3766 4461 4462
f 3766 4462 3767
f 3767 4462 4463
f 3767 4463 3768
f 3768 4463 4464
f 3768 4464 3769
f 3769 4464 4465
f 3769 4465 3770
f 3770 4465 4466
f 3770 4466 3771
f 3771 4466 4467
f 3771 4467 3772
f 3772 4467 4468
f 3772 4468 3773
f 3773 4468 4469
f 3773 4469 3774
f 3774 4469 4470
f 3774 4470 3775
f 3775 4470 4471
f 3775 4471 3776
f 3776 4471 4472
f 3776 4472 3706
f 3706 4472 3704
f 4264 3511 4263
f 4263 3511 3513
f 4263 3513 4262
f 4262 3513 3515
f 4262 3515 4261
f 4261 3515 3517
f 4261 3517 4260
f 4260 3517 3519
f 4260 3519 4259
f 4259 3519 3521
f 4259 3521 4258
f 4258 3521 3523
f 4258 3523 4257
f 4257 3523 3525
f 4257 3525 4256
f 4256 3525 3527
f 4256 3527 4255
f 4255 3527 3529
f 4255 3529 4254
f 4254 3529 3531
f 4254 3531 4253
f 4253 3531 3533
f 4253 3533 4252
f 4252 3533 3535
f 4252 3535 4251
f 4251 3535 3537
f 4251 3537 4250
f 4250 3537 3539
f 4250 3539 4249
f 4249 3539 3541
f 4249 3541 4248
f 4248 3541 3543
f 4248 3543 4247
f 4247 3543 3545
f 4247 3545 4246
f 4246 3545 3547
f 4246 3547 4245
f 4245 3547 3549
f 4245 3549 4244
f 4244 3549 3551
f 4244 3551 4243
f 4243 3551 3553
f 4243 3553 4242
f 4242 3553 3555
f 4242 3555 4241
f 4241 3555 3557
f 4241 3557 4240
f 4240 3557 3559
f 4240 3559 4239
f 4239 3559 3561
f 4239 3561 4238
f 4238 3561 3563
f 4238 3563 4237
f 4237 3563 3565
f 4237 3565 4236
f 4236 3565 3567
f 4236 3567 4235
f 4235 3567 3569
f 4235 3569 4234
f 4234 3569 3571
f 4234 3571 4233
f 4233 3571 3573
f 4233 3573 4232
f 4232 3573 3575
f 4232 3575 4231
f 4231 3575 3577
f 4231 3577 4230
f 4230 3577 3579
f 4230 3579 4229
f 4229 3579 3581
f 4229 3581 4228
f 4228 3581 3583
f 4228 3583 4227
f 4227 3583 3585
f 4227 3585 4226
f 4226 3585 3587
f 4226 3587 4225
f 4225 3587 3589
f 4225 3589 4224
f 4224 3589 3591
f 4224 3591 4223
f 4223 3591 3593
f 4223 3593 4222
f 4222 3593 3595
f 4222 3595 4221
f 4221 3595 3597
f 4221 3597 4220
f 4220 3597 3599
f 4220 3599 4219
f 4219 3599 3601
f 4219 3601 4218
f 4218 3601 3603
f 4218 3603 4217
f 4217 3603 3605
f 4217 3605 4216
f 4216 3605 3607
f 4216 3607 4215
f 4215 3607 3609
f 4215 3609 4214
f 4214 3609 3611
f 4214 3611 4213
f 4213 3611 3613
f 4213 3613 4212
f 4212 3613 3615
f 4212 3615 4211
f 4211 3615 3617
f 4211 3617 4210
f 4210 3617 3619
f 4210 3619 4209
f 4209 3619 3621
f 4209 3621 4208
f 4208 3621 3623
f 4208 3623 4207
f 4207 3623 3625
f 4207 3625 4206
f 4206 3625 3627
f 4206 3627 4205
f 4205 3627 3629
f 4205 3629 4204
f 4204 3629 3631
f 4204 3631 4203
f 4203 3631 3633
f 4203 3633 4202
f 4202 3633 3635
f 4202 3635 4201
f 4201 3635 3637
f 4201 3637 4200
f 4200 3637 3639
f 4200 3639 4199
f 4199 3639 3641
f 4199 3641 4198
f 4198 3641 3643
f 4198 3643 4197
f 4197 3643 3645
f 4197 3645 4196
f 4196 3645 3647
f 4196 3647 4195
f 4195 3647 3649
f 4195 3649 4194
f 4194 3649 3651
f 4194 3651 4193
f 4193 3651 3653
f 4193 3653 4192
f 4192 3653 3655
f 4192 3655 4191
f 4191 3655 3657
f 4191 3657 4190
f 4190 3657 3659
f 4190 3659 4189
f 4189 3659 3661
f 4189 3661 4188
f 4188 3661 3663
f 4474 3997 4473
f 4473 3997 3996
f 4473 3996 4070
f 3997 4474 3998
f 3998 4474 4475
f 3998 4475 3999
f 3999 4475 4075
f 3999 4075 4000
f 4077 4079 4078
f 4078 4079 4476
f 4078 4476 4002
f 4002 4476 4003
f 4079 4080 4476
f 4476 4080 4082
f 4476 4082 4003
f 4003 4082 4004
f 4087 4477 4086
f 4086 4477 4085
f 4086 4085 4084
f 4007 4006 4477
f 4477 4006 4085
f 4477 4087 4478
f 4478 4087 4088
f 4478 4088 4090
f 4090 4008 4478
f 4478 4008 4007
f 4478 4007 4477
f 4008 4090 4009
f 4092 4094 4093
f 4093 4094 4479
f 4093 4479 4011
f 4011 4479 4012
f 4094 4095 4479
f 4479 4095 4097
f 4479 4097 4012
f 4012 4097 4013
f 4102 4480 4101
f 4101 4480 4100
f 4101 4100 4099
f 4016 4015 4480
f 4480 4015 4100
f 4016 4480 4104
f 4104 4480 4102
f 4016 4104 4017
f 4108 4110 4109
f 4109 4110 4481
f 4109 4481 4020
f 4020 4481 4021
f 4239 3503 4240
f 4111 4113 4481
f 4481 4113 4021
f 4021 4113 4022
f 4110 4111 4481
f 4118 4482 4117
f 4117 4482 4116
f 4117 4116 4115
f 4025 4024 4482
f 4482 4024 4116
f 4482 4118 4483
f 4483 4118 4119
f 4483 4119 4121
f 4121 4026 4483
f 4483 4026 4025
f 4483 4025 4482
f 4026 4121 4027
f 4126 4484 4125
f 4125 4484 4124
f 4125 4124 4123
f 4030 4029 4484
f 4484 4029 4124
f 4484 4126 4485
f 4485 4126 4127
f 4485 4127 4129
f 4129 4031 4485
f 4485 4031 4030
f 4485 4030 4484
f 4031 4129 4032
f 4134 4486 4133
f 4133 4486 4132
f 4133 4132 4131
f 4035 4034 4486
f 4486 4034 4132
f 4486 4134 4487
f 4487 4134 4135
f 4487 4135 4137
f 4137 4036 4487
f 4487 4036 4035
f 4487 4035 4486
f 4036 4137 4037
f 4142 4488 4141
f 4141 4488 4140
f 4141 4140 4139
f 4040 4039 4488
f 4488 4039 4140
f 4488 4142 4489
f 4489 4142 4143
f 4489 4143 4145
f 4041 4040 4489
f 4489 4040 4488
f 4041 4489 4145
f 4041 4145 4042
f 4149 4151 4150
f 4150 4151 4490
f 4150 4490 4045
f 4045 4490 4046
f 3503 4214 4213
f 4151 4152 4490
f 4490 4152 4154
f 4490 4154 4046
f 4046 4154 4047
f 4158 4160 4159
f 4159 4160 4491
f 4159 4491 4050
f 4050 4491 4051
f 4160 4161 4491
f 4491 4161 4163
f 4491 4163 4051
f 4051 4163 4052
f 4167 4169 4168
f 4168 4169 4492
f 4168 4492 4055
f 4055 4492 4056
f 4169 4170 4492
f 4492 4170 4493
f 4492 4493 4056
f 4056 4493 4057
f 4171 4173 4493
f 4493 4173 4057
f 4057 4173 4058
f 4170 4171 4493
f 4178 4494 4177
f 4177 4494 4176
f 4177 4176 4175
f 4061 4060 4494
f 4494 4060 4176
f 4494 4178 4495
f 4495 4178 4179
f 4495 4179 3690
f 3690 3692 4495
f 4495 3692 4061
f 4495 4061 4494
f 3689 3687 4496
f 4496 3687 3686
f 4496 3686 4497
f 4497 3686 3685
f 4497 3685 3683
f 3691 3689 4498
f 4498 3689 4496
f 4498 4496 4499
f 4499 4496 4497
f 4499 4497 4500
f 4500 4497 3683
f 4500 3683 3681
f 3693 3691 4501
f 4501 3691 4498
f 4501 4498 4502
f 4502 4498 4499
f 4502 4499 4503
f 4503 4499 4500
f 4503 4500 4504
f 4504 4500 3681
f 4504 3681 3679
f 3695 3693 4505
f 4505 3693 4501
f 4505 4501 4506
f 4506 4501 4502
f 4506 4502 4507
f 4507 4502 4503
f 4507 4503 4508
f 4508 4503 4504
f 4508 4504 4509
f 4509 4504 3679
f 4509 3679 3677
f 3697 3695 4510
f 4510 3695 4505
f 4510 4505 4511
f 4511 4505 4506
f 4511 4506 4512
f 4512 4506 4507
f 4512 4507 4513
f 4513 4507 4508
f 4513 4508 4514
f 4514 4508 4509
f 4514 4509 4515
f 4515 4509 3677
f 4515 3677 3675
f 3699 3697 4516
f 4516 3697 4510
f 4516 4510 4517
f 4517 4510 4511
f 4517 4511 4518
f 4518 4511 4512
f 4518 4512 4519
f 4519 4512 4513
f 4519 4513 4520
f 4520 4513 4514
f 4520 4514 4521
f 4521 4514 4515
f 4521 4515 3673
f 3673 4515 3675
f 3701 3699 4522
f 4522 3699 4516
f 4522 4516 4523
f 4523 4516 4517
f 4523 4517 4524
f 4524 4517 4518
f 4524 4518 4525
f 4525 4518 4519
f 4525 4519 4526
f 4526 4519 4520
f 4526 4520 4527
f 4527 4520 4521
f 4527 4521 3671
f 3671 4521 3673
f 3703 3701 4528
f 4528 3701 4522
f 4528 4522 4529
f 4529 4522 4523
f 4529 4523 4530
f 4530 4523 4524
f 4530 4524 4531
f 4531 4524 4525
f 4531 4525 4532
f 4532 4525 4526
f 4532 4526 4533
f 4533 4526 4527
f 4533 4527 3669
f 3669 4527 3671
f 3652 3650 3705
f 3705 3703 4534
f 4534 3703 4528
f 4534 4528 4535
f 4535 4528 4529
f 4535 4529 4536
f 4536 4529 4530
f 4536 4530 4537
f 4537 4530 4531
f 4537 4531 4538
f 4538 4531 4532
f 4538 4532 4539
f 4539 4532 4533
f 4539 4533 3666
f 3666 4533 3669
f 4535 3654 4534
f 4534 3654 3652
f 4534 3652 3705
f 3654 4535 3656
f 3656 4535 4536
f 3656 4536 3658
f 3658 4536 4537
f 3658 4537 3660
f 3660 4537 4538
f 3660 4538 3662
f 3662 4538 4539
f 3662 4539 3664
f 3664 4539 3666
f 3684 4180 3682
f 3682 4180 4540
f 3682 4540 3680
f 3680 4540 4541
f 3680 4541 3678
f 3678 4541 4186
f 3678 4186 3676
f 4180 4181 4540
f 4540 4181 4183
f 4540 4183 4541
f 4541 4183 4185
f 4541 4185 4186
f 4542 4543 4544
f 4544 4543 4545
f 4544 4545 4546
f 4546 4545 4547
f 4546 4547 4548
f 4548 4547 4549
f 4548 4549 4550
f 4550 4549 4551
f 4550 4551 4552
f 4552 4551 4553
f 4552 4553 4554
f 4554 4553 4555
f 4554 4555 4556
f 4556 4555 4557
f 4556 4557 4558
f 4558 4557 4559
f 4558 4559 4560
f 4560 4559 4561
f 4560 4561 4562
f 4562 4561 4563
f 4562 4563 4564
f 4564 4563 4565
f 4564 4565 4566
f 4566 4565 4567
f 4566 4567 4568
f 4568 4567 4569
f 4568 4569 4570
f 4570 4569 4571
f 4570 4571 4572
f 4572 4571 4573
f 4572 4573 4574
f 4574 4573 4575
f 4574 4575 4576
f 4576 4575 4577
f 4576 4577 4578
f 4578 4577 4579
f 4579 4577 4580
f 4579 4580 4581
f 4581 4580 4582
f 4581 4582 4583
f 4583 4582 4584
f 4583 4584 4585
f 4585 4584 4586
f 4585 4586 4587
f 4587 4586 4588
f 4587 4588 4589
f 4589 4588 4590
f 4589 4590 4591
f 4591 4590 4592
f 4591 4592 4593
f 4593 4592 4594
f 4593 4594 4595
f 4595 4594 4596
f 4595 4596 4597
f 4597 4596 4598
f 4597 4598 4599
f 4599 4598 4600
f 4599 4600 4601
f 4601 4600 4602
f 4601 4602 4603
f 4603 4602 4604
f 4603 4604 4605
f 4605 4604 4606
f 4605 4606 4607
f 4607 4606 4608
f 4607 4608 4542
f 4542 4608 4543
f 4609 4610 4611
f 4611 4610 4612
f 4612 4610 4613
f 4613 4610 4614
f 4614 4610 4615
f 4615 4610 4616
f 4616 4610 4617
f 4617 4610 4618
f 4618 4610 4619
f 4619 4610 4620
f 4620 4610 4621
f 4622 4610 4623
f 4623 4610 4624
f 4624 4610 4625
f 4625 4610 4626
f 4626 4610 4627
f 4627 4610 4628
f 4628 4610 4629
f 4629 4610 4630
f 4630 4610 4631
f 4631 4610 4632
f 4633 4610 4634
f 4634 4610 4635
f 4635 4610 4636
f 4636 4610 4637
f 4637 4610 4638
f 4638 4610 4639
f 4639 4610 4640
f 4640 4610 4641
f 4641 4610 4642
f 4642 4610 4609
f 4577 4643 4580
f 4580 4643 4644
f 4580 4644 4582
f 4582 4644 4645
f 4582 4645 4584
f 4584 4645 4646
f 4584 4646 4586
f 4586 4646 4647
f 4586 4647 4588
f 4588 4647 4648
f 4588 4648 4590
f 4590 4648 4649
f 4590 4649 4592
f 4592 4649 4650
f 4592 4650 4594
f 4594 4650 4651
f 4594 4651 4596
f 4596 4651 4652
f 4596 4652 4598
f 4598 4652 4653
f 4598 4653 4600
f 4600 4653 4654
f 4600 4654 4602
f 4602 4654 4655
f 4602 4655 4604
f 4604 4655 4656
f 4604 4656 4606
f 4606 4656 4657
f 4606 4657 4608
f 4608 4657 4658
f 4608 4658 4543
f 4543 4658 4659
f 4543 4659 4545
f 4545 4659 4660
f 4545 4660 4547
f 4547 4660 4661
f 4547 4661 4549
f 4549 4661 4662
f 4549 4662 4551
f 4551 4662 4663
f 4551 4663 4553
f 4553 4663 4664
f 4553 4664 4555
f 4555 4664 4665
f 4555 4665 4557
f 4557 4665 4666
f 4557 4666 4559
f 4559 4666 4667
f 4559 4667 4561
f 4561 4667 4668
f 4561 4668 4563
f 4563 4668 4669
f 4563 4669 4565
f 4565 4669 4670
f 4565 4670 4567
f 4567 4670 4671
f 4567 4671 4569
f 4569 4671 4672
f 4569 4672 4571
f 4571 4672 4673
f 4571 4673 4573
f 4573 4673 4674
f 4573 4674 4575
f 4575 4674 4675
f 4575 4675 4577
f 4577 4675 4643
f 4643 4676 4644
f 4644 4676 4677
f 4644 4677 4645
f 4645 4677 4678
f 4645 4678 4646
f 4646 4678 4679
f 4646 4679 4647
f 4647 4679 4680
f 4647 4680 4648
f 4648 4680 4681
f 4648 4681 4649
f 4649 4681 4682
f 4649 4682 4650
f 4650 4682 4683
f 4650 4683 4651
f 4651 4683 4684
f 4651 4684 4652
f 4652 4684 4685
f 4652 4685 4653
f 4653 4685 4686
f 4653 4686 4654
f 4654 4686 4687
f 4654 4687 4655
f 4655 4687 4688
f 4655 4688 4656
f 4656 4688 4689
f 4656 4689 4657
f 4657 4689 4690
f 4657 4690 4658
f 4658 4690 4691
f 4658 4691 4659
f 4659 4691 4692
f 4659 4692 4660
f 4660 4692 4693
f 4660 4693 4661
f 4661 4693 4694
f 4661 4694 4662
f 4662 4694 4695
f 4662 4695 4663
f 4663 4695 4696
f 4663 4696 4664
f 4664 4696 4697
f 4664 4697 4665
f 4665 4697 4698
f 4665 4698 4666
f 4666 4698 4699
f 4666 4699 4667
f 4667 4699 4700
f 4667 4700 4668
f 4668 4700 4701
f 4668 4701 4669
f 4669 4701 4702
f 4669 4702 4670
f 4670 4702 4703
f 4670 4703 4671
f 4671 4703 4704
f 4671 4704 4672
f 4672 4704 4705
f 4672 4705 4673
f 4673 4705 4706
f 4673 4706 4674
f 4674 4706 4707
f 4674 4707 4675
f 4675 4707 4708
f 4675 4708 4643
f 4643 4708 4676
f 4676 4709 4677
f 4677 4709 4710
f 4677 4710 4678
f 4678 4710 4711
f 4678 4711 4679
f 4679 4711 4712
f 4679 4712 4680
f 4680 4712 4713
f 4680 4713 4681
f 4681 4713 4714
f 4681 4714 4682
f 4682 4714 4715
f 4682 4715 4683
f 4683 4715 4716
f 4683 4716 4684
f 4684 4716 4717
f 4684 4717 4685
f 4685 4717 4718
f 4685 4718 4686
f 4686 4718 4719
f 4686 4719 4687
f 4687 4719 4720
f 4687 4720 4688
f 4688 4720 4721
f 4688 4721 4689
f 4689 4721 4722
f 4689 4722 4690
f 4690 4722 4723
f 4690 4723 4691
f 4691 4723 4724
f 4691 4724 4692
f 4692 4724 4725
f 4692 4725 4693
f 4693 4725 4726
f 4693 4726 4694
f 4694 4726 4727
f 4694 4727 4695
f 4695 4727 4728
f 4695 4728 4696
f 4696 4728 4729
f 4696 4729 4697
f 4697 4729 4730
f 4697 4730 4698
f 4698 4730 4731
f 4698 4731 4699
f 4699 4731 4732
f 4699 4732 4700
f 4700 4732 4733
f 4700 4733 4701
f 4701 4733 4734
f 4701 4734 4702
f 4702 4734 4735
f 4702 4735 4703
f 4703 4735 4736
f 4703 4736 4704
f 4704 4736 4737
f 4704 4737 4705
f 4705 4737 4738
f 4705 4738 4706
f 4706 4738 4739
f 4706 4739 4707
f 4707 4739 4740
f 4707 4740 4708
f 4708 4740 4741
f 4708 4741 4676
f 4676 4741 4709
f 4709 4742 4710
f 4710 4742 4743
f 4710 4743 4711
f 4711 4743 4744
f 4711 4744 4712
f 4712 4744 4745
f 4712 4745 4713
f 4713 4745 4746
f 4713 4746 4714
f 4714 4746 4747
f 4714 4747 4715
f 4715 4747 4748
f 4715 4748 4716
f 4716 4748 4749
f 4716 4749 4717
f 4717 4749 4750
f 4717 4750 4718
f 4718 4750 4751
f 4718 4751 4719
f 4719 4751 4752
f 4719 4752 4720
f 4720 4752 4753
f 4720 4753 4721
f 4721 4753 4754
f 4721 4754 4722
f 4722 4754 4755
f 4722 4755 4723
f 4723 4755 4756
f 4723 4756 4724
f 4724 4756 4757
f 4724 4757 4725
f 4725 4757 4758
f 4725 4758 4726
f 4726 4758 4759
f 4726 4759 4727
f 4727 4759 4760
f 4727 4760 4728
f 4728 4760 4761
f 4728 4761 4729
f 4729 4761 4762
f 4729 4762 4730
f 4730 4762 4763
f 4730 4763 4731
f 4731 4763 4764
f 4731 4764 4732
f 4732 4764 4765
f 4732 4765 4733
f 4733 4765 4766
f 4733 4766 4734
f 4734 4766 4767
f 4734 4767 4735
f 4735 4767 4768
f 4735 4768 4736
f 4736 4768 4769
f 4736 4769 4737
f 4737 4769 4770
f 4737 4770 4738
f 4738 4770 4771
f 4738 4771 4739
f 4739 4771 4772
f 4739 4772 4740
f 4740 4772 4773
f 4740 4773 4741
f 4741 4773 4774
f 4741 4774 4709
f 4709 4774 4742
f 4742 4775 4743
f 4743 4775 4776
f 4743 4776 4744
f 4744 4776 4777
f 4744 4777 4745
f 4745 4777 4778
f 4745 4778 4746
f 4746 4778 4779
f 4746 4779 4747
f 4747 4779 4780
f 4747 4780 4748
f 4748 4780 4781
f 4748 4781 4749
f 4749 4781 4782
f 4749 4782 4750
f 4750 4782 4783
f 4750 4783 4751
f 4751 4783 4784
f 4751 4784 4752
f 4752 4784 4785
f 4752 4785 4753
f 4753 4785 4786
f 4753 4786 4754
f 4754 4786 4787
f 4754 4787 4755
f 4755 4787 4788
f 4755 4788 4756
f 4756 4788 4789
f 4756 4789 4757
f 4757 4789 4790
f 4757 4790 4758
f 4758 4790 4791
f 4758 4791 4759
f 4759 4791 4792
f 4759 4792 4760
f 4760 4792 4793
f 4760 4793 4761
f 4761 4793 4794
f 4761 4794 4762
f 4762 4794 4795
f 4762 4795 4763
f 4763 4795 4796
f 4763 4796 4764
f 4764 4796 4797
f 4764 4797 4765
f 4765 4797 4798
f 4765 4798 4766
f 4766 4798 4799
f 4766 4799 4767
f 4767 4799 4800
f 4767 4800 4768
f 4768 4800 4801
f 4768 4801 4769
f 4769 4801 4802
f 4769 4802 4770
f 4770 4802 4803
f 4770 4803 4771
f 4771 4803 4804
f 4771 4804 4772
f 4772 4804 4805
f 4772 4805 4773
f 4773 4805 4806
f 4773 4806 4774
f 4774 4806 4807
f 4774 4807 4742
f 4742 4807 4775
f 4775 4808 4776
f 4776 4808 4809
f 4776 4809 4777
f 4777 4809 4810
f 4777 4810 4778
f 4778 4810 4811
f 4778 4811 4779
f 4779 4811 4812
f 4779 4812 4780
f 4780 4812 4813
f 4780 4813 4781
f 4781 4813 4814
f 4781 4814 4782
f 4782 4814 4815
f 4782 4815 4783
f 4783 4815 4816
f 4783 4816 4784
f 4784 4816 4817
f 4784 4817 4785
f 4785 4817 4818
f 4785 4818 4786
f 4786 4818 4819
f 4786 4819 4787
f 4787 4819 4820
f 4787 4820 4788
f 4788 4820 4821
f 4788 4821 4789
f 4789 4821 4822
f 4789 4822 4790
f 4790 4822 4823
f 4790 4823 4791
f 4791 4823 4824
f 4791 4824 4792
f 4792 4824 4825
f 4792 4825 4793
f 4793 4825 4826
f 4793 4826 4794
f 4794 4826 4827
f 4794 4827 4795
f 4795 4827 4828
f 4795 4828 4796
f 4796 4828 4829
f 4796 4829 4797
f 4797 4829 4830
f 4797 4830 4798
f 4798 4830 4831
f 4798 4831 4799
f 4799 4831 4832
f 4799 4832 4800
f 4800 4832 4833
f 4800 4833 4801
f 4801 4833 4834
f 4801 4834 4802
f 4802 4834 4835
f 4802 4835 4803
f 4803 4835 4836
f 4803 4836 4804
f 4804 4836 4837
f 4804 4837 4805
f 4805 4837 4838
f 4805 4838 4806
f 4806 4838 4839
f 4806 4839 4807
f 4807 4839 4840
f 4807 4840 4775
f 4775 4840 4808
f 4808 4609 4809
f 4809 4609 4611
f 4809 4611 4810
f 4810 4611 4612
f 4810 4612 4811
f 4811 4612 4613
f 4811 4613 4812
f 4812 4613 4614
f 4812 4614 4813
f 4813 4614 4615
f 4813 4615 4814
f 4814 4615 4616
f 4814 4616 4815
f 4815 4616 4617
f 4815 4617 4816
f 4816 4617 4618
f 4816 4618 4817
f 4817 4618 4619
f 4817 4619 4818
f 4818 4619 4620
f 4818 4620 4819
f 4819 4620 4621
f 4819 4621 4820
f 4820 4621 4622
f 4820 4622 4821
f 4821 4622 4623
f 4821 4623 4822
f 4822 4623 4624
f 4822 4624 4823
f 4823 4624 4625
f 4823 4625 4824
f 4824 4625 4626
f 4824 4626 4825
f 4825 4626 4627
f 4825 4627 4826
f 4826 4627 4628
f 4826 4628 4827
f 4827 4628 4629
f 4827 4629 4828
f 4828 4629 4630
f 4828 4630 4829
f 4829 4630 4631
f 4829 4631 4830
f 4830 4631 4632
f 4830 4632 4831
f 4831 4632 4633
f 4831 4633 4832
f 4832 4633 4634
f 4832 4634 4833
f 4833 4634 4635
f 4833 4635 4834
f 4834 4635 4636
f 4834 4636 4835
f 4835 4636 4637
f 4835 4637 4836
f 4836 4637 4638
f 4836 4638 4837
f 4837 4638 4639
f 4837 4639 4838
f 4838 4639 4640
f 4838 4640 4839
f 4839 4640 4641
f 4839 4641 4840
f 4840 4641 4642
f 4840 4642 4808
f 4808 4642 4609
f 4621 4610 4622
f 4632 4610 4633
f 4546 4841 4544
f 4544 4841 4842
f 4544 4842 4843
f 4841 4546 4844
f 4844 4546 4548
f 4844 4548 4845
f 4845 4548 4550
f 4845 4550 4846
f 4846 4550 4552
f 4846 4552 4847
f 4847 4552 4554
f 4847 4554 4848
f 4848 4554 4849
f 4849 4554 4556
f 4849 4556 4850
f 4850 4556 4558
f 4850 4558 4851
f 4851 4558 4560
f 4851 4560 4852
f 4852 4560 4562
f 4852 4562 4853
f 4853 4562 4564
f 4853 4564 4854
f 4854 4564 4855
f 4855 4564 4566
f 4855 4566 4856
f 4856 4566 4568
f 4856 4568 4857
f 4857 4568 4570
f 4857 4570 4858
f 4858 4570 4572
f 4858 4572 4859
f 4859 4572 4574
f 4859 4574 4860
f 4860 4574 4861
f 4861 4574 4576
f 4861 4576 4862
f 4862 4576 4578
f 4862 4578 4863
f 4863 4578 4579
f 4863 4579 4864
f 4864 4579 4581
f 4864 4581 4865
f 4865 4581 4866
f 4866 4581 4583
f 4866 4583 4867
f 4867 4583 4585
f 4867 4585 4868
f 4868 4585 4587
f 4868 4587 4869
f 4869 4587 4589
f 4869 4589 4870
f 4870 4589 4591
f 4870 4591 4871
f 4871 4591 4872
f 4872 4591 4593
f 4872 4593 4873
f 4873 4593 4595
f 4873 4595 4874
f 4874 4595 4597
f 4874 4597 4875
f 4875 4597 4599
f 4875 4599 4876
f 4876 4599 4601
f 4876 4601 4877
f 4877 4601 4878
f 4878 4601 4603
f 4878 4603 4879
f 4879 4603 4605
f 4879 4605 4880
f 4880 4605 4607
f 4880 4607 4881
f 4881 4607 4542
f 4881 4542 4843
f 4843 4542 4544
f 4841 4882 4842
f 4842 4882 4883
f 4842 4883 4843
f 4843 4883 4884
f 4843 4884 4885
f 4841 4844 4882
f 4882 4844 4886
f 4886 4844 4845
f 4886 4845 4887
f 4887 4845 4846
f 4887 4846 4888
f 4888 4846 4847
f 4888 4847 4889
f 4889 4847 4848
f 4889 4848 4890
f 4890 4848 4849
f 4890 4849 4891
f 4891 4849 4850
f 4891 4850 4892
f 4892 4850 4851
f 4892 4851 4893
f 4893 4851 4852
f 4893 4852 4894
f 4894 4852 4853
f 4894 4853 4895
f 4895 4853 4854
f 4895 4854 4896
f 4896 4854 4855
f 4896 4855 4897
f 4897 4855 4856
f 4897 4856 4898
f 4898 4856 4857
f 4898 4857 4899
f 4899 4857 4858
f 4899 4858 4900
f 4900 4858 4859
f 4900 4859 4901
f 4901 4859 4860
f 4901 4860 4902
f 4902 4860 4861
f 4902 4861 4903
f 4903 4861 4862
f 4903 4862 4904
f 4904 4862 4863
f 4904 4863 4905
f 4905 4863 4864
f 4905 4864 4906
f 4906 4864 4865
f 4906 4865 4907
f 4907 4865 4866
f 4907 4866 4908
f 4908 4866 4867
f 4908 4867 4909
f 4909 4867 4868
f 4909 4868 4910
f 4910 4868 4869
f 4910 4869 4911
f 4911 4869 4870
f 4911 4870 4912
f 4912 4870 4871
f 4912 4871 4913
f 4913 4871 4872
f 4913 4872 4914
f 4914 4872 4873
f 4914 4873 4915
f 4915 4873 4874
f 4915 4874 4916
f 4916 4874 4875
f 4916 4875 4917
f 4917 4875 4876
f 4917 4876 4918
f 4918 4876 4877
f 4918 4877 4919
f 4919 4877 4878
f 4919 4878 4920
f 4920 4878 4879
f 4920 4879 4921
f 4921 4879 4880
f 4921 4880 4922
f 4922 4880 4881
f 4922 4881 4885
f 4885 4881 4843
f 4884 4883 4923
f 4923 4883 4882
f 4923 4882 4924
f 4924 4882 4886
f 4924 4886 4925
f 4925 4886 4887
f 4925 4887 4926
f 4926 4887 4888
f 4926 4888 4927
f 4927 4888 4889
f 4927 4889 4928
f 4928 4889 4890
f 4928 4890 4891
f 4928 4891 4929
f 4929 4891 4892
f 4929 4892 4930
f 4930 4892 4893
f 4930 4893 4931
f 4931 4893 4894
f 4931 4894 4932
f 4932 4894 4895
f 4932 4895 4933
f 4933 4895 4896
f 4933 4896 4897
f 4933 4897 4934
f 4934 4897 4898
f 4934 4898 4935
f 4935 4898 4899
f 4935 4899 4936
f 4936 4899 4900
f 4936 4900 4937
f 4937 4900 4901
f 4937 4901 4938
f 4938 4901 4902
f 4938 4902 4903
f 4938 4903 4939
f 4939 4903 4904
f 4939 4904 4940
f 4940 4904 4905
f 4940 4905 4941
f 4941 4905 4906
f 4941 4906 4942
f 4942 4906 4907
f 4942 4907 4908
f 4942 4908 4943
f 4943 4908 4909
f 4943 4909 4944
f 4944 4909 4910
f 4944 4910 4945
f 4945 4910 4911
f 4945 4911 4946
f 4946 4911 4912
f 4946 4912 4947
f 4947 4912 4913
f 4947 4913 4914
f 4947 4914 4948
f 4948 4914 4915
f 4948 4915 4949
f 4949 4915 4916
f 4949 4916 4950
f 4950 4916 4917
f 4950 4917 4951
f 4951 4917 4918
f 4951 4918 4952
f 4952 4918 4919
f 4952 4919 4920
f 4952 4920 4953
f 4953 4920 4921
f 4953 4921 4954
f 4954 4921 4922
f 4954 4922 4955
f 4955 4922 4885
f 4955 4885 4956
f 4956 4885 4884
f 4956 4884 4923
f 4924 4957 4923
f 4923 4957 4958
f 4923 4958 4956
f 4956 4958 4959
f 4956 4959 4955
f 4955 4959 4960
f 4955 4960 4954
f 4954 4960 4961
f 4954 4961 4953
f 4953 4961 4962
f 4953 4962 4952
f 4952 4962 4963
f 4952 4963 4951
f 4951 4963 4964
f 4951 4964 4950
f 4950 4964 4965
f 4950 4965 4949
f 4949 4965 4966
f 4949 4966 4948
f 4948 4966 4967
f 4948 4967 4947
f 4947 4967 4968
f 4947 4968 4946
f 4946 4968 4969
f 4946 4969 4945
f 4945 4969 4970
f 4945 4970 4944
f 4944 4970 4971
f 4944 4971 4943
f 4943 4971 4972
f 4943 4972 4942
f 4942 4972 4973
f 4942 4973 4941
f 4941 4973 4974
f 4941 4974 4940
f 4940 4974 4975
f 4940 4975 4939
f 4939 4975 4976
f 4939 4976 4938
f 4938 4976 4977
f 4938 4977 4937
f 4937 4977 4978
f 4937 4978 4936
f 4936 4978 4979
f 4936 4979 4935
f 4935 4979 4980
f 4935 4980 4934
f 4934 4980 4981
f 4934 4981 4933
f 4933 4981 4982
f 4933 4982 4932
f 4932 4982 4983
f 4932 4983 4931
f 4931 4983 4984
f 4931 4984 4930
f 4930 4984 4985
f 4930 4985 4929
f 4929 4985 4986
f 4929 4986 4928
f 4928 4986 4987
f 4928 4987 4927
f 4927 4987 4988
f 4927 4988 4926
f 4926 4988 4989
f 4926 4989 4925
f 4925 4989 4990
f 4925 4990 4924
f 4924 4990 4957
f 4991 4992 4993
f 4993 4992 4994
f 4994 4992 4995
f 4995 4992 4996
f 4996 4992 4997
f 4997 4992 4998
f 4998 4992 4999
f 4999 4992 5000
f 5000 4992 5001
f 5001 4992 5002
f 5002 4992 5003
f 5003 4992 5004
f 5005 4992 5006
f 5006 4992 5007
f 5007 4992 5008
f 5008 4992 5009
f 5009 4992 5010
f 5010 4992 5011
f 5011 4992 5012
f 5012 4992 5013
f 5013 4992 5014
f 5014 4992 5015
f 5016 4992 5017
f 5017 4992 5018
f 5018 4992 5019
f 5019 4992 5020
f 5020 4992 5021
f 5021 4992 5022
f 5022 4992 5023
f 5023 4992 5024
f 5024 4992 5025
f 5025 4992 4991
f 4975 5026 4976
f 4976 5026 5027
f 4976 5027 4977
f 4977 5027 5028
f 4977 5028 4978
f 4978 5028 5029
f 4978 5029 4979
f 4979 5029 5030
f 4979 5030 4980
f 4980 5030 5031
f 4980 5031 4981
f 4981 5031 5032
f 4981 5032 4982
f 4982 5032 5033
f 4982 5033 4983
f 4983 5033 5034
f 4983 5034 4984
f 4984 5034 5035
f 4984 5035 4985
f 4985 5035 5036
f 4985 5036 4986
f 4986 5036 5037
f 4986 5037 4987
f 4987 5037 5038
f 4987 5038 4988
f 4988 5038 5039
f 4988 5039 4989
f 4989 5039 5040
f 4989 5040 4990
f 4990 5040 5041
f 4990 5041 4957
f 4957 5041 5042
f 4957 5042 4958
f 4958 5042 5043
f 4958 5043 4959
f 4959 5043 5044
f 4959 5044 4960
f 4960 5044 5045
f 4960 5045 4961
f 4961 5045 5046
f 4961 5046 4962
f 4962 5046 5047
f 4962 5047 4963
f 4963 5047 5048
f 4963 5048 4964
f 4964 5048 5049
f 4964 5049 4965
f 4965 5049 5050
f 4965 5050 4966
f 4966 5050 5051
f 4966 5051 4967
f 4967 5051 5052
f 4967 5052 4968
f 4968 5052 5053
f 4968 5053 4969
f 4969 5053 5054
f 4969 5054 4970
f 4970 5054 5055
f 4970 5055 4971
f 4971 5055 5056
f 4971 5056 4972
f 4972 5056 5057
f 4972 5057 4973
f 4973 5057 5058
f 4973 5058 4974
f 4974 5058 5059
f 4974 5059 4975
f 4975 5059 5026
f 5026 5060 5027
f 5027 5060 5061
f 5027 5061 5028
f 5028 5061 5062
f 5028 5062 5029
f 5029 5062 5063
f 5029 5063 5030
f 5030 5063 5064
f 5030 5064 5031
f 5031 5064 5065
f 5031 5065 5032
f 5032 5065 5066
f 5032 5066 5033
f 5033 5066 5067
f 5033 5067 5034
f 5034 5067 5068
f 5034 5068 5035
f 5035 5068 5069
f 5035 5069 5036
f 5036 5069 5070
f 5036 5070 5037
f 5037 5070 5071
f 5037 5071 5038
f 5038 5071 5072
f 5038 5072 5039
f 5039 5072 5073
f 5039 5073 5040
f 5040 5073 5074
f 5040 5074 5041
f 5041 5074 5075
f 5041 5075 5042
f 5042 5075 5076
f 5042 5076 5043
f 5043 5076 5077
f 5043 5077 5044
f 5044 5077 5078
f 5044 5078 5045
f 5045 5078 5079
f 5045 5079 5046
f 5046 5079 5080
f 5046 5080 5047
f 5047 5080 5081
f 5047 5081 5048
f 5048 5081 5082
f 5048 5082 5049
f 5049 5082 5083
f 5049 5083 5050
f 5050 5083 5084
f 5050 5084 5051
f 5051 5084 5085
f 5051 5085 5052
f 5052 5085 5086
f 5052 5086 5053
f 5053 5086 5087
f 5053 5087 5054
f 5054 5087 5088
f 5054 5088 5055
f 5055 5088 5089
f 5055 5089 5056
f 5056 5089 5090
f 5056 5090 5057
f 5057 5090 5091
f 5057 5091 5058
f 5058 5091 5092
f 5058 5092 5059
f 5059 5092 5093
f 5059 5093 5026
f 5026 5093 5060
f 5060 5094 5061
f 5061 5094 5095
f 5061 5095 5062
f 5062 5095 5096
f 5062 5096 5063
f 5063 5096 5097
f 5063 5097 5064
f 5064 5097 5098
f 5064 5098 5065
f 5065 5098 5099
f 5065 5099 5066
f 5066 5099 5100
f 5066 5100 5067
f 5067 5100 5101
f 5067 5101 5068
f 5068 5101 5102
f 5068 5102 5069
f 5069 5102 5103
f 5069 5103 5070
f 5070 5103 5104
f 5070 5104 5071
f 5071 5104 5105
f 5071 5105 5072
f 5072 5105 5106
f 5072 5106 5073
f 5073 5106 5107
f 5073 5107 5074
f 5074 5107 5108
f 5074 5108 5075
f 5075 5108 5109
f 5075 5109 5076
f 5076 5109 5110
f 5076 5110 5077
f 5077 5110 5111
f 5077 5111 5078
f 5078 5111 5112
f 5078 5112 5079
f 5079 5112 5113
f 5079 5113 5080
f 5080 5113 5114
f 5080 5114 5081
f 5081 5114 5115
f 5081 5115 5082
f 5082 5115 5116
f 5082 5116 5083
f 5083 5116 5117
f 5083 5117 5084
f 5084 5117 5118
f 5084 5118 5085
f 5085 5118 5119
f 5085 5119 5086
f 5086 5119 5120
f 5086 5120 5087
f 5087 5120 5121
f 5087 5121 5088
f 5088 5121 5122
f 5088 5122 5089
f 5089 5122 5123
f 5089 5123 5090
f 5090 5123 5124
f 5090 5124 5091
f 5091 5124 5125
f 5091 5125 5092
f 5092 5125 5126
f 5092 5126 5093
f 5093 5126 5127
f 5093 5127 5060
f 5060 5127 5094
f 5094 5128 5095
f 5095 5128 5129
f 5095 5129 5096
f 5096 5129 5130
f 5096 5130 5097
f 5097 5130 5131
f 5097 5131 5098
f 5098 5131 5132
f 5098 5132 5099
f 5099 5132 5133
f 5099 5133 5100
f 5100 5133 5134
f 5100 5134 5101
f 5101 5134 5135
f 5101 5135 5102
f 5102 5135 5136
f 5102 5136 5103
f 5103 5136 5137
f 5103 5137 5104
f 5104 5137 5138
f 5104 5138 5105
f 5105 5138 5139
f 5105 5139 5106
f 5106 5139 5140
f 5106 5140 5107
f 5107 5140 5141
f 5107 5141 5108
f 5108 5141 5142
f 5108 5142 5109
f 5109 5142 5143
f 5109 5143 5110
f 5110 5143 5144
f 5110 5144 5111
f 5111 5144 5145
f 5111 5145 5112
f 5112 5145 5146
f 5112 5146 5113
f 5113 5146 5147
f 5113 5147 5114
f 5114 5147 5148
f 5114 5148 5115
f 5115 5148 5149
f 5115 5149 5116
f 5116 5149 5150
f 5116 5150 5117
f 5117 5150 5151
f 5117 5151 5118
f 5118 5151 5152
f 5118 5152 5119
f 5119 5152 5153
f 5119 5153 5120
f 5120 5153 5154
f 5120 5154 5121
f 5121 5154 5155
f 5121 5155 5122
f 5122 5155 5156
f 5122 5156 5123
f 5123 5156 5157
f 5123 5157 5124
f 5124 5157 5158
f 5124 5158 5125
f 5125 5158 5159
f 5125 5159 5126
f 5126 5159 5160
f 5126 5160 5127
f 5127 5160 5161
f 5127 5161 5094
f 5094 5161 5128
f 5128 5162 5129
f 5129 5162 5163
f 5129 5163 5130
f 5130 5163 5164
f 5130 5164 5131
f 5131 5164 5165
f 5131 5165 5132
f 5132 5165 5166
f 5132 5166 5133
f 5133 5166 5167
f 5133 5167 5134
f 5134 5167 5168
f 5134 5168 5135
f 5135 5168 5169
f 5135 5169 5136
f 5136 5169 5170
f 5136 5170 5137
f 5137 5170 5171
f 5137 5171 5138
f 5138 5171 5172
f 5138 5172 5139
f 5139 5172 5173
f 5139 5173 5140
f 5140 5173 5174
f 5140 5174 5141
f 5141 5174 5175
f 5141 5175 5142
f 5142 5175 5176
f 5142 5176 5143
f 5143 5176 5177
f 5143 5177 5144
f 5144 5177 5178
f 5144 5178 5145
f 5145 5178 5179
f 5145 5179 5146
f 5146 5179 5180
f 5146 5180 5147
f 5147 5180 5181
f 5147 5181 5148
f 5148 5181 5182
f 5148 5182 5149
f 5149 5182 5183
f 5149 5183 5150
f 5150 5183 5184
f 5150 5184 5151
f 5151 5184 5185
f 5151 5185 5152
f 5152 5185 5186
f 5152 5186 5153
f 5153 5186 5187
f 5153 5187 5154
f 5154 5187 5188
f 5154 5188 5155
f 5155 5188 5189
f 5155 5189 5156
f 5156 5189 5190
f 5156 5190 5157
f 5157 5190 5191
f 5157 5191 5158
f 5158 5191 5192
f 5158 5192 5159
f 5159 5192 5193
f 5159 5193 5160
f 5160 5193 5194
f 5160 5194 5161
f 5161 5194 5195
f 5161 5195 5128
f 5128 5195 5162
f 5162 5196 5163
f 5163 5196 5197
f 5163 5197 5164
f 5164 5197 5198
f 5164 5198 5165
f 5165 5198 5199
f 5165 5199 5166
f 5166 5199 5200
f 5166 5200 5167
f 5167 5200 5201
f 5167 5201 5168
f 5168 5201 5202
f 5168 5202 5169
f 5169 5202 5203
f 5169 5203 5170
f 5170 5203 5204
f 5170 5204 5171
f 5171 5204 5205
f 5171 5205 5172
f 5172 5205 5206
f 5172 5206 5173
f 5173 5206 5207
f 5173 5207 5174
f 5174 5207 5208
f 5174 5208 5175
f 5175 5208 5209
f 5175 5209 5176
f 5176 5209 5210
f 5176 5210 5177
f 5177 5210 5211
f 5177 5211 5178
f 5178 5211 5212
f 5178 5212 5179
f 5179 5212 5213
f 5179 5213 5180
f 5180 5213 5214
f 5180 5214 5181
f 5181 5214 5215
f 5181 5215 5182
f 5182 5215 5216
f 5182 5216 5183
f 5183 5216 5217
f 5183 5217 5184
f 5184 5217 5218
f 5184 5218 5185
f 5185 5218 5219
f 5185 5219 5186
f 5186 5219 5220
f 5186 5220 5187
f 5187 5220 5221
f 5187 5221 5188
f 5188 5221 5222
f 5188 5222 5189
f 5189 5222 5223
f 5189 5223 5190
f 5190 5223 5224
f 5190 5224 5191
f 5191 5224 5225
f 5191 5225 5192
f 5192 5225 5226
f 5192 5226 5193
f 5193 5226 5227
f 5193 5227 5194
f 5194 5227 5228
f 5194 5228 5195
f 5195 5228 5229
f 5195 5229 5162
f 5162 5229 5196
f 5196 4991 5197
f 5197 4991 4993
f 5197 4993 5198
f 5198 4993 4994
f 5198 4994 5199
f 5199 4994 4995
f 5199 4995 5200
f 5200 4995 4996
f 5200 4996 5201
f 5201 4996 4997
f 5201 4997 5202
f 5202 4997 4998
f 5202 4998 5203
f 5203 4998 4999
f 5203 4999 5204
f 5204 4999 5000
f 5204 5000 5205
f 5205 5000 5001
f 5205 5001 5206
f 5206 5001 5002
f 5206 5002 5207
f 5207 5002 5003
f 5207 5003 5208
f 5208 5003 5004
f 5208 5004 5209
f 5209 5004 5005
f 5209 5005 5210
f 5210 5005 5006
f 5210 5006 5211
f 5211 5006 5007
f 5211 5007 5212
f 5212 5007 5008
f 5212 5008 5213
f 5213 5008 5009
f 5213 5009 5214
f 5214 5009 5010
f 5214 5010 5215
f 5215 5010 5011
f 5215 5011 5216
f 5216 5011 5012
f 5216 5012 5217
f 5217 5012 5013
f 5217 5013 5218
f 5218 5013 5014
f 5218 5014 5219
f 5219 5014 5015
f 5219 5015 5220
f 5220 5015 5016
f 5220 5016 5221
f 5221 5016 5017
f 5221 5017 5222
f 5222 5017 5018
f 5222 5018 5223
f 5223 5018 5019
f 5223 5019 5224
f 5224 5019 5020
f 5224 5020 5225
f 5225 5020 5021
f 5225 5021 5226
f 5226 5021 5022
f 5226 5022 5227
f 5227 5022 5023
f 5227 5023 5228
f 5228 5023 5024
f 5228 5024 5229
f 5229 5024 5025
f 5229 5025 5196
f 5196 5025 4991
f 4992 5005 5004
f 4992 5016 5015
f 5230 5231 5232
f 5232 5231 5233
f 5232 5233 5234
f 5234 5233 5235
f 5234 5235 5236
f 5236 5235 5237
f 5236 5237 5238
f 5238 5237 5239
f 5238 5239 5240
f 5240 5239 5241
f 5240 5241 5242
f 5242 5241 5243
f 5242 5243 5244
f 5244 5243 5245
f 5244 5245 5246
f 5246 5245 5247
f 5246 5247 5248
f 5248 5247 5249
f 5248 5249 5250
f 5250 5249 5251
f 5250 5251 5252
f 5252 5251 5253
f 5252 5253 5254
f 5254 5253 5255
f 5254 5255 5256
f 5256 5255 5257
f 5256 5257 5258
f 5258 5257 5259
f 5258 5259 5260
f 5260 5259 5261
f 5260 5261 5262
f 5262 5261 5263
f 5262 5263 5264
f 5264 5263 5265
f 5264 5265 5266
f 5266 5265 5267
f 5266 5267 5268
f 5268 5267 5269
f 5268 5269 5270
f 5270 5269 5271
f 5270 5271 5272
f 5272 5271 5273
f 5272 5273 5274
f 5274 5273 5275
f 5274 5275 5276
f 5276 5275 5277
f 5276 5277 5230
f 5230 5277 5231
f 5278 5279 5280
f 5280 5279 5281
f 5281 5279 5282
f 5282 5279 5283
f 5283 5279 5284
f 5284 5279 5285
f 5285 5279 5286
f 5286 5279 5287
f 5288 5279 5289
f 5289 5279 5290
f 5290 5279 5291
f 5291 5279 5292
f 5292 5279 5293
f 5293 5279 5294
f 5294 5279 5295
f 5296 5279 5297
f 5297 5279 5298
f 5298 5279 5299
f 5299 5279 5300
f 5300 5279 5301
f 5301 5279 5302
f 5302 5279 5278
f 5257 5303 5259
f 5259 5303 5304
f 5259 5304 5261
f 5261 5304 5305
f 5261 5305 5263
f 5263 5305 5306
f 5263 5306 5265
f 5265 5306 5307
f 5265 5307 5267
f 5267 5307 5308
f 5267 5308 5269
f 5269 5308 5309
f 5269 5309 5271
f 5271 5309 5310
f 5271 5310 5273
f 5273 5310 5311
f 5273 5311 5275
f 5275 5311 5312
f 5275 5312 5277
f 5277 5312 5313
f 5277 5313 5231
f 5231 5313 5314
f 5231 5314 5233
f 5233 5314 5315
f 5233 5315 5235
f 5235 5315 5316
f 5235 5316 5237
f 5237 5316 5317
f 5237 5317 5239
f 5239 5317 5318
f 5239 5318 5241
f 5241 5318 5319
f 5241 5319 5243
f 5243 5319 5320
f 5243 5320 5245
f 5245 5320 5321
f 5245 5321 5247
f 5247 5321 5322
f 5247 5322 5249
f 5249 5322 5323
f 5249 5323 5251
f 5251 5323 5324
f 5251 5324 5253
f 5253 5324 5325
f 5253 5325 5255
f 5255 5325 5326
f 5255 5326 5257
f 5257 5326 5303
f 5303 5327 5304
f 5304 5327 5328
f 5304 5328 5305
f 5305 5328 5329
f 5305 5329 5306
f 5306 5329 5330
f 5306 5330 5307
f 5307 5330 5331
f 5307 5331 5308
f 5308 5331 5332
f 5308 5332 5309
f 5309 5332 5333
f 5309 5333 5310
f 5310 5333 5334
f 5310 5334 5311
f 5311 5334 5335
f 5311 5335 5312
f 5312 5335 5336
f 5312 5336 5313
f 5313 5336 5337
f 5313 5337 5314
f 5314 5337 5338
f 5314 5338 5315
f 5315 5338 5339
f 5315 5339 5316
f 5316 5339 5340
f 5316 5340 5317
f 5317 5340 5341
f 5317 5341 5318
f 5318 5341 5342
f 5318 5342 5319
f 5319 5342 5343
f 5319 5343 5320
f 5320 5343 5344
f 5320 5344 5321
f 5321 5344 5345
f 5321 5345 5322
f 5322 5345 5346
f 5322 5346 5323
f 5323 5346 5347
f 5323 5347 5324
f 5324 5347 5348
f 5324 5348 5325
f 5325 5348 5349
f 5325 5349 5326
f 5326 5349 5350
f 5326 5350 5303
f 5303 5350 5327
f 5327 5351 5328
f 5328 5351 5352
f 5328 5352 5329
f 5329 5352 5353
f 5329 5353 5330
f 5330 5353 5354
f 5330 5354 5331
f 5331 5354 5355
f 5331 5355 5332
f 5332 5355 5356
f 5332 5356 5333
f 5333 5356 5357
f 5333 5357 5334
f 5334 5357 5358
f 5334 5358 5335
f 5335 5358 5359
f 5335 5359 5336
f 5336 5359 5360
f 5336 5360 5337
f 5337 5360 5361
f 5337 5361 5338
f 5338 5361 5362
f 5338 5362 5339
f 5339 5362 5363
f 5339 5363 5340
f 5340 5363 5364
f 5340 5364 5341
f 5341 5364 5365
f 5341 5365 5342
f 5342 5365 5366
f 5342 5366 5343
f 5343 5366 5367
f 5343 5367 5344
f 5344 5367 5368
f 5344 5368 5345
f 5345 5368 5369
f 5345 5369 5346
f 5346 5369 5370
f 5346 5370 5347
f 5347 5370 5371
f 5347 5371 5348
f 5348 5371 5372
f 5348 5372 5349
f 5349 5372 5373
f 5349 5373 5350
f 5350 5373 5374
f 5350 5374 5327
f 5327 5374 5351
f 5351 5278 5352
f 5352 5278 5280
f 5352 5280 5353
f 5353 5280 5281
f 5353 5281 5354
f 5354 5281 5282
f 5354 5282 5355
f 5355 5282 5283
f 5355 5283 5356
f 5356 5283 5284
f 5356 5284 5357
f 5357 5284 5285
f 5357 5285 5358
f 5358 5285 5286
f 5358 5286 5359
f 5359 5286 5287
f 5359 5287 5360
f 5360 5287 5288
f 5360 5288 5361
f 5361 5288 5289
f 5361 5289 5362
f 5362 5289 5290
f 5362 5290 5363
f 5363 5290 5291
f 5363 5291 5364
f 5364 5291 5292
f 5364 5292 5365
f 5365 5292 5293
f 5365 5293 5366
f 5366 5293 5294
f 5366 5294 5367
f 5367 5294 5295
f 5367 5295 5368
f 5368 5295 5296
f 5368 5296 5369
f 5369 5296 5297
f 5369 5297 5370
f 5370 5297 5298
f 5370 5298 5371
f 5371 5298 5299
f 5371 5299 5372
f 5372 5299 5300
f 5372 5300 5373
f 5373 5300 5301
f 5373 5301 5374
f 5374 5301 5302
f 5374 5302 5351
f 5351 5302 5278
f 5287 5279 5288
f 5295 5279 5296
f 5234 5375 5232
f 5232 5375 5376
f 5232 5376 5377
f 5236 5378 5234
f 5234 5378 5379
f 5234 5379 5375
f 5378 5236 5380
f 5380 5236 5238
f 5380 5238 5381
f 5381 5238 5382
f 5382 5238 5240
f 5382 5240 5383
f 5383 5240 5384
f 5384 5240 5242
f 5384 5242 5385
f 5385 5242 5244
f 5385 5244 5386
f 5386 5244 5387
f 5387 5244 5246
f 5387 5246 5388
f 5388 5246 5389
f 5389 5246 5248
f 5389 5248 5390
f 5390 5248 5391
f 5391 5248 5250
f 5391 5250 5392
f 5392 5250 5252
f 5392 5252 5393
f 5393 5252 5394
f 5394 5252 5254
f 5394 5254 5395
f 5395 5254 5396
f 5396 5254 5256
f 5396 5256 5397
f 5397 5256 5258
f 5397 5258 5398
f 5398 5258 5399
f 5399 5258 5260
f 5399 5260 5400
f 5400 5260 5401
f 5401 5260 5262
f 5401 5262 5402
f 5402 5262 5264
f 5402 5264 5403
f 5403 5264 5404
f 5404 5264 5266
f 5404 5266 5405
f 5405 5266 5406
f 5406 5266 5268
f 5406 5268 5407
f 5407 5268 5408
f 5408 5268 5270
f 5408 5270 5409
f 5409 5270 5272
f 5409 5272 5410
f 5410 5272 5411
f 5411 5272 5274
f 5411 5274 5412
f 5412 5274 5413
f 5413 5274 5276
f 5413 5276 5414
f 5414 5276 5230
f 5414 5230 5415
f 5415 5230 5377
f 5377 5230 5232
f 5375 5416 5376
f 5376 5416 5417
f 5376 5417 5377
f 5377 5417 5418
f 5377 5418 5419
f 5375 5379 5416
f 5416 5379 5420
f 5420 5379 5378
f 5420 5378 5421
f 5421 5378 5380
f 5421 5380 5422
f 5422 5380 5381
f 5422 5381 5423
f 5423 5381 5382
f 5423 5382 5424
f 5424 5382 5383
f 5424 5383 5425
f 5425 5383 5384
f 5425 5384 5426
f 5426 5384 5385
f 5426 5385 5427
f 5427 5385 5386
f 5427 5386 5428
f 5428 5386 5387
f 5428 5387 5429
f 5429 5387 5388
f 5429 5388 5430
f 5430 5388 5389
f 5430 5389 5431
f 5431 5389 5390
f 5431 5390 5432
f 5432 5390 5391
f 5432 5391 5433
f 5433 5391 5392
f 5433 5392 5434
f 5434 5392 5393
f 5434 5393 5435
f 5435 5393 5394
f 5435 5394 5436
f 5436 5394 5395
f 5436 5395 5437
f 5437 5395 5396
f 5437 5396 5438
f 5438 5396 5397
f 5438 5397 5439
f 5439 5397 5398
f 5439 5398 5440
f 5440 5398 5399
f 5440 5399 5441
f 5441 5399 5400
f 5441 5400 5442
f 5442 5400 5401
f 5442 5401 5443
f 5443 5401 5402
f 5443 5402 5444
f 5444 5402 5403
f 5444 5403 5445
f 5445 5403 5404
f 5445 5404 5446
f 5446 5404 5405
f 5446 5405 5447
f 5447 5405 5406
f 5447 5406 5448
f 5448 5406 5407
f 5448 5407 5449
f 5449 5407 5408
f 5449 5408 5450
f 5450 5408 5409
f 5450 5409 5451
f 5451 5409 5410
f 5451 5410 5452
f 5452 5410 5411
f 5452 5411 5453
f 5453 5411 5412
f 5453 5412 5454
f 5454 5412 5413
f 5454 5413 5455
f 5455 5413 5414
f 5455 5414 5456
f 5456 5414 5415
f 5456 5415 5419
f 5419 5415 5377
f 5418 5417 5457
f 5457 5417 5416
f 5457 5416 5458
f 5458 5416 5420
f 5458 5420 5421
f 5458 5421 5459
f 5459 5421 5422
f 5459 5422 5460
f 5460 5422 5423
f 5460 5423 5424
f 5460 5424 5461
f 5461 5424 5425
f 5461 5425 5426
f 5461 5426 5462
f 5462 5426 5427
f 5462 5427 5463
f 5463 5427 5428
f 5463 5428 5429
f 5463 5429 5464
f 5464 5429 5430
f 5464 5430 5431
f 5464 5431 5465
f 5465 5431 5432
f 5465 5432 5433
f 5465 5433 5466
f 5466 5433 5434
f 5466 5434 5467
f 5467 5434 5435
f 5467 5435 5436
f 5467 5436 5468
f 5468 5436 5437
f 5468 5437 5438
f 5468 5438 5469
f 5469 5438 5439
f 5469 5439 5470
f 5470 5439 5440
f 5470 5440 5441
f 5470 5441 5471
f 5471 5441 5442
f 5471 5442 5443
f 5471 5443 5472
f 5472 5443 5444
f 5472 5444 5473
f 5473 5444 5445
f 5473 5445 5446
f 5473 5446 5474
f 5474 5446 5447
f 5474 5447 5448
f 5474 5448 5475
f 5475 5448 5449
f 5475 5449 5450
f 5475 5450 5476
f 5476 5450 5451
f 5476 5451 5477
f 5477 5451 5452
f 5477 5452 5453
f 5477 5453 5478
f 5478 5453 5454
f 5478 5454 5455
f 5478 5455 5479
f 5479 5455 5456
f 5479 5456 5480
f 5480 5456 5419
f 5480 5419 5418
f 5480 5418 5457
f 5458 5481 5457
f 5457 5481 5482
f 5457 5482 5480
f 5480 5482 5483
f 5480 5483 5479
f 5479 5483 5484
f 5479 5484 5478
f 5478 5484 5485
f 5478 5485 5477
f 5477 5485 5486
f 5477 5486 5476
f 5476 5486 5487
f 5476 5487 5475
f 5475 5487 5488
f 5475 5488 5474
f 5474 5488 5489
f 5474 5489 5473
f 5473 5489 5490
f 5473 5490 5472
f 5472 5490 5491
f 5472 5491 5471
f 5471 5491 5492
f 5471 5492 5470
f 5470 5492 5493
f 5470 5493 5469
f 5469 5493 5494
f 5469 5494 5468
f 5468 5494 5495
f 5468 5495 5467
f 5467 5495 5496
f 5467 5496 5466
f 5466 5496 5497
f 5466 5497 5465
f 5465 5497 5498
f 5465 5498 5464
f 5464 5498 5499
f 5464 5499 5463
f 5463 5499 5500
f 5463 5500 5462
f 5462 5500 5501
f 5462 5501 5461
f 5461 5501 5502
f 5461 5502 5460
f 5460 5502 5503
f 5460 5503 5459
f 5459 5503 5504
f 5459 5504 5458
f 5458 5504 5481
f 5505 5506 5507
f 5507 5506 5508
f 5508 5506 5509
f 5509 5506 5510
f 5510 5506 5511
f 5511 5506 5512
f 5512 5506 5513
f 5513 5506 5514
f 5515 5506 5516
f 5516 5506 5517
f 5517 5506 5518
f 5518 5506 5519
f 5519 5506 5520
f 5520 5506 5521
f 5521 5506 5522
f 5523 5506 5524
f 5524 5506 5525
f 5525 5506 5526
f 5526 5506 5527
f 5527 5506 5528
f 5528 5506 5529
f 5529 5506 5505
f 5494 5530 5495
f 5495 5530 5531
f 5495 5531 5496
f 5496 5531 5532
f 5496 5532 5497
f 5497 5532 5533
f 5497 5533 5498
f 5498 5533 5534
f 5498 5534 5499
f 5499 5534 5535
f 5499 5535 5500
f 5500 5535 5536
f 5500 5536 5501
f 5501 5536 5537
f 5501 5537 5502
f 5502 5537 5538
f 5502 5538 5503
f 5503 5538 5539
f 5503 5539 5504
f 5504 5539 5540
f 5504 5540 5481
f 5481 5540 5541
f 5481 5541 5482
f 5482 5541 5542
f 5482 5542 5483
f 5483 5542 5543
f 5483 5543 5484
f 5484 5543 5544
f 5484 5544 5485
f 5485 5544 5545
f 5485 5545 5486
f 5486 5545 5546
f 5486 5546 5487
f 5487 5546 5547
f 5487 5547 5488
f 5488 5547 5548
f 5488 5548 5489
f 5489 5548 5549
f 5489 5549 5490
f 5490 5549 5550
f 5490 5550 5491
f 5491 5550 5551
f 5491 5551 5492
f 5492 5551 5552
f 5492 5552 5493
f 5493 5552 5553
f 5493 5553 5494
f 5494 5553 5530
f 5530 5554 5531
f 5531 5554 5555
f 5531 5555 5532
f 5532 5555 5556
f 5532 5556 5533
f 5533 5556 5557
f 5533 5557 5534
f 5534 5557 5558
f 5534 5558 5535
f 5535 5558 5559
f 5535 5559 5536
f 5536 5559 5560
f 5536 5560 5537
f 5537 5560 5561
f 5537 5561 5538
f 5538 5561 5562
f 5538 5562 5539
f 5539 5562 5563
f 5539 5563 5540
f 5540 5563 5564
f 5540 5564 5541
f 5541 5564 5565
f 5541 5565 5542
f 5542 5565 5566
f 5542 5566 5543
f 5543 5566 5567
f 5543 5567 5544
f 5544 5567 5568
f 5544 5568 5545
f 5545 5568 5569
f 5545 5569 5546
f 5546 5569 5570
f 5546 5570 5547
f 5547 5570 5571
f 5547 5571 5548
f 5548 5571 5572
f 5548 5572 5549
f 5549 5572 5573
f 5549 5573 5550
f 5550 5573 5574
f 5550 5574 5551
f 5551 5574 5575
f 5551 5575 5552
f 5552 5575 5576
f 5552 5576 5553
f 5553 5576 5577
f 5553 5577 5530
f 5530 5577 5554
f 5554 5578 5555
f 5555 5578 5579
f 5555 5579 5556
f 5556 5579 5580
f 5556 5580 5557
f 5557 5580 5581
f 5557 5581 5558
f 5558 5581 5582
f 5558 5582 5559
f 5559 5582 5583
f 5559 5583 5560
f 5560 5583 5584
f 5560 5584 5561
f 5561 5584 5585
f 5561 5585 5562
f 5562 5585 5586
f 5562 5586 5563
f 5563 5586 5587
f 5563 5587 5564
f 5564 5587 5588
f 5564 5588 5565
f 5565 5588 5589
f 5565 5589 5566
f 5566 5589 5590
f 5566 5590 5567
f 5567 5590 5591
f 5567 5591 5568
f 5568 5591 5592
f 5568 5592 5569
f 5569 5592 5593
f 5569 5593 5570
f 5570 5593 5594
f 5570 5594 5571
f 5571 5594 5595
f 5571 5595 5572
f 5572 5595 5596
f 5572 5596 5573
f 5573 5596 5597
f 5573 5597 5574
f 5574 5597 5598
f 5574 5598 5575
f 5575 5598 5599
f 5575 5599 5576
f 5576 5599 5600
f 5576 5600 5577
f 5577 5600 5601
f 5577 5601 5554
f 5554 5601 5578
f 5578 5505 5579
f 5579 5505 5507
f 5579 5507 5580
f 5580 5507 5508
f 5580 5508 5581
f 5581 5508 5509
f 5581 5509 5582
f 5582 5509 5510
f 5582 5510 5583
f 5583 5510 5511
f 5583 5511 5584
f 5584 5511 5512
f 5584 5512 5585
f 5585 5512 5513
f 5585 5513 5586
f 5586 5513 5514
f 5586 5514 5587
f 5587 5514 5515
f 5587 5515 5588
f 5588 5515 5516
f 5588 5516 5589
f 5589 5516 5517
f 5589 5517 5590
f 5590 5517 5518
f 5590 5518 5591
f 5591 5518 5519
f 5591 5519 5592
f 5592 5519 5520
f 5592 5520 5593
f 5593 5520 5521
f 5593 5521 5594
f 5594 5521 5522
f 5594 5522 5595
f 5595 5522 5523
f 5595 5523 5596
f 5596 5523 5524
f 5596 5524 5597
f 5597 5524 5525
f 5597 5525 5598
f 5598 5525 5526
f 5598 5526 5599
f 5599 5526 5527
f 5599 5527 5600
f 5600 5527 5528
f 5600 5528 5601
f 5601 5528 5529
f 5601 5529 5578
f 5578 5529 5505
f 5522 5506 5523
f 5514 5506 5515
f 5602 5603 5604
f 5604 5603 5605
f 5604 5605 5606
f 5606 5605 5607
f 5606 5607 5608
f 5608 5607 5609
f 5608 5609 5610
f 5610 5609 5611
f 5610 5611 5612
f 5612 5611 5613
f 5612 5613 5614
f 5614 5613 5615
f 5614 5615 5616
f 5616 5615 5617
f 5616 5617 5618
f 5618 5617 5619
f 5618 5619 5620
f 5620 5619 5621
f 5620 5621 5622
f 5622 5621 5623
f 5622 5623 5624
f 5624 5623 5625
f 5624 5625 5626
f 5626 5625 5627
f 5626 5627 5628
f 5628 5627 5629
f 5628 5629 5630
f 5630 5629 5631
f 5630 5631 5632
f 5632 5631 5633
f 5632 5633 5634
f 5634 5633 5635
f 5634 5635 5636
f 5636 5635 5637
f 5636 5637 5638
f 5638 5637 5639
f 5638 5639 5640
f 5640 5639 5641
f 5640 5641 5642
f 5642 5641 5643
f 5642 5643 5644
f 5644 5643 5645
f 5644 5645 5646
f 5646 5645 5647
f 5646 5647 5648
f 5648 5647 5649
f 5648 5649 5650
f 5650 5649 5651
f 5650 5651 5652
f 5650 5652 5653
f 5653 5652 5654
f 5653 5654 5655
f 5655 5654 5656
f 5655 5656 5657
f 5657 5656 5658
f 5657 5658 5659
f 5659 5658 5660
f 5659 5660 5661
f 5661 5660 5662
f 5661 5662 5663
f 5663 5662 5664
f 5663 5664 5665
f 5665 5664 5666
f 5665 5666 5667
f 5667 5666 5668
f 5667 5668 5669
f 5669 5668 5670
f 5669 5670 5671
f 5671 5670 5672
f 5671 5672 5673
f 5673 5672 5674
f 5673 5674 5675
f 5675 5674 5676
f 5675 5676 5677
f 5677 5676 5678
f 5677 5678 5679
f 5679 5678 5680
f 5679 5680 5681
f 5681 5680 5682
f 5681 5682 5683
f 5683 5682 5684
f 5683 5684 5685
f 5685 5684 5686
f 5685 5686 5687
f 5687 5686 5688
f 5687 5688 5689
f 5689 5688 5690
f 5689 5690 5691
f 5691 5690 5692
f 5691 5692 5693
f 5693 5692 5694
f 5693 5694 5695
f 5695 5694 5696
f 5695 5696 5697
f 5697 5696 5602
f 5697 5602 5604
f 5698 5699 5603
f 5603 5699 5700
f 5603 5700 5605
f 5605 5700 5701
f 5605 5701 5607
f 5607 5701 5702
f 5607 5702 5609
f 5609 5702 5703
f 5609 5703 5611
f 5611 5703 5704
f 5611 5704 5613
f 5613 5704 5705
f 5613 5705 5615
f 5615 5705 5706
f 5615 5706 5617
f 5617 5706 5707
f 5617 5707 5619
f 5619 5707 5708
f 5619 5708 5621
f 5621 5708 5709
f 5621 5709 5623
f 5623 5709 5710
f 5623 5710 5625
f 5625 5710 5711
f 5625 5711 5627
f 5627 5711 5712
f 5627 5712 5629
f 5629 5712 5713
f 5629 5713 5631
f 5631 5713 5714
f 5631 5714 5633
f 5633 5714 5715
f 5633 5715 5635
f 5635 5715 5716
f 5635 5716 5637
f 5637 5716 5717
f 5637 5717 5639
f 5639 5717 5718
f 5639 5718 5641
f 5641 5718 5719
f 5641 5719 5643
f 5643 5719 5720
f 5643 5720 5645
f 5645 5720 5721
f 5645 5721 5647
f 5647 5721 5722
f 5647 5722 5649
f 5649 5722 5723
f 5649 5723 5651
f 5651 5723 5724
f 5651 5724 5652
f 5652 5724 5725
f 5652 5725 5654
f 5654 5725 5726
f 5654 5726 5656
f 5656 5726 5727
f 5656 5727 5658
f 5658 5727 5728
f 5658 5728 5660
f 5660 5728 5729
f 5660 5729 5662
f 5662 5729 5730
f 5662 5730 5664
f 5664 5730 5731
f 5664 5731 5666
f 5666 5731 5732
f 5666 5732 5668
f 5668 5732 5733
f 5668 5733 5670
f 5670 5733 5734
f 5670 5734 5672
f 5672 5734 5735
f 5672 5735 5674
f 5674 5735 5736
f 5674 5736 5676
f 5676 5736 5737
f 5676 5737 5678
f 5678 5737 5738
f 5678 5738 5680
f 5680 5738 5739
f 5680 5739 5682
f 5682 5739 5740
f 5682 5740 5684
f 5684 5740 5741
f 5684 5741 5686
f 5686 5741 5742
f 5686 5742 5688
f 5688 5742 5743
f 5688 5743 5690
f 5690 5743 5744
f 5690 5744 5692
f 5692 5744 5745
f 5692 5745 5694
f 5694 5745 5746
f 5694 5746 5696
f 5696 5746 5747
f 5696 5747 5602
f 5602 5747 5698
f 5602 5698 5603
f 5748 5604 5749
f 5749 5604 5606
f 5749 5606 5750
f 5750 5606 5608
f 5750 5608 5751
f 5751 5608 5610
f 5751 5610 5752
f 5752 5610 5612
f 5752 5612 5753
f 5753 5612 5614
f 5753 5614 5754
f 5754 5614 5616
f 5754 5616 5755
f 5755 5616 5618
f 5755 5618 5756
f 5756 5618 5620
f 5756 5620 5757
f 5757 5620 5622
f 5757 5622 5758
f 5758 5622 5624
f 5758 5624 5759
f 5759 5624 5626
f 5759 5626 5760
f 5760 5626 5628
f 5760 5628 5761
f 5761 5628 5630
f 5761 5630 5762
f 5762 5630 5632
f 5762 5632 5763
f 5763 5632 5634
f 5763 5634 5764
f 5764 5634 5636
f 5764 5636 5765
f 5765 5636 5638
f 5765 5638 5766
f 5766 5638 5640
f 5766 5640 5767
f 5767 5640 5642
f 5767 5642 5768
f 5768 5642 5644
f 5768 5644 5769
f 5769 5644 5646
f 5769 5646 5770
f 5770 5646 5648
f 5770 5648 5771
f 5771 5648 5650
f 5771 5650 5772
f 5772 5650 5653
f 5772 5653 5773
f 5773 5653 5655
f 5773 5655 5774
f 5774 5655 5657
f 5774 5657 5775
f 5775 5657 5659
f 5775 5659 5776
f 5776 5659 5661
f 5776 5661 5777
f 5777 5661 5663
f 5777 5663 5778
f 5778 5663 5665
f 5778 5665 5779
f 5779 5665 5667
f 5779 5667 5780
f 5780 5667 5669
f 5780 5669 5781
f 5781 5669 5671
f 5781 5671 5782
f 5782 5671 5673
f 5782 5673 5783
f 5783 5673 5675
f 5783 5675 5784
f 5784 5675 5677
f 5784 5677 5785
f 5785 5677 5679
f 5785 5679 5786
f 5786 5679 5681
f 5786 5681 5787
f 5787 5681 5683
f 5787 5683 5788
f 5788 5683 5685
f 5788 5685 5789
f 5789 5685 5687
f 5789 5687 5790
f 5790 5687 5689
f 5790 5689 5791
f 5791 5689 5691
f 5791 5691 5792
f 5792 5691 5693
f 5792 5693 5793
f 5793 5693 5695
f 5793 5695 5794
f 5794 5695 5697
f 5794 5697 5748
f 5748 5697 5604
f 5748 5749 5795
f 5795 5749 5750
f 5795 5750 5796
f 5796 5750 5751
f 5796 5751 5797
f 5797 5751 5752
f 5797 5752 5798
f 5798 5752 5753
f 5798 5753 5799
f 5799 5753 5754
f 5799 5754 5800
f 5800 5754 5755
f 5800 5755 5801
f 5801 5755 5756
f 5801 5756 5802
f 5802 5756 5757
f 5802 5757 5758
f 5802 5758 5803
f 5803 5758 5759
f 5803 5759 5804
f 5804 5759 5760
f 5804 5760 5805
f 5805 5760 5761
f 5805 5761 5806
f 5806 5761 5762
f 5806 5762 5807
f 5807 5762 5763
f 5807 5763 5808
f 5808 5763 5764
f 5808 5764 5809
f 5809 5764 5765
f 5809 5765 5766
f 5809 5766 5810
f 5810 5766 5767
f 5810 5767 5811
f 5811 5767 5768
f 5811 5768 5812
f 5812 5768 5769
f 5812 5769 5813
f 5813 5769 5770
f 5813 5770 5814
f 5814 5770 5771
f 5814 5771 5815
f 5815 5771 5772
f 5815 5772 5773
f 5815 5773 5816
f 5816 5773 5774
f 5816 5774 5817
f 5817 5774 5775
f 5817 5775 5818
f 5818 5775 5776
f 5818 5776 5819
f 5819 5776 5777
f 5819 5777 5820
f 5820 5777 5778
f 5820 5778 5821
f 5821 5778 5779
f 5821 5779 5822
f 5822 5779 5780
f 5822 5780 5781
f 5822 5781 5823
f 5823 5781 5782
f 5823 5782 5824
f 5824 5782 5783
f 5824 5783 5825
f 5825 5783 5784
f 5825 5784 5826
f 5826 5784 5785
f 5826 5785 5827
f 5827 5785 5786
f 5827 5786 5828
f 5828 5786 5787
f 5828 5787 5829
f 5829 5787 5788
f 5829 5788 5789
f 5829 5789 5830
f 5830 5789 5790
f 5830 5790 5831
f 5831 5790 5791
f 5831 5791 5832
f 5832 5791 5792
f 5832 5792 5833
f 5833 5792 5793
f 5833 5793 5834
f 5834 5793 5794
f 5834 5794 5835
f 5835 5794 5748
f 5835 5748 5795
f 5796 5836 5795
f 5795 5836 5837
f 5795 5837 5835
f 5835 5837 5838
f 5835 5838 5839
f 5796 5797 5836
f 5836 5797 5840
f 5840 5797 5798
f 5840 5798 5841
f 5841 5798 5799
f 5841 5799 5842
f 5842 5799 5800
f 5842 5800 5843
f 5843 5800 5801
f 5843 5801 5844
f 5844 5801 5802
f 5844 5802 5845
f 5845 5802 5803
f 5845 5803 5846
f 5846 5803 5804
f 5846 5804 5847
f 5847 5804 5805
f 5847 5805 5848
f 5848 5805 5806
f 5848 5806 5849
f 5849 5806 5807
f 5849 5807 5850
f 5850 5807 5808
f 5850 5808 5851
f 5851 5808 5809
f 5851 5809 5852
f 5852 5809 5810
f 5852 5810 5853
f 5853 5810 5811
f 5853 5811 5854
f 5854 5811 5812
f 5854 5812 5855
f 5855 5812 5813
f 5855 5813 5856
f 5856 5813 5814
f 5856 5814 5857
f 5857 5814 5815
f 5857 5815 5858
f 5858 5815 5816
f 5858 5816 5859
f 5859 5816 5817
f 5859 5817 5860
f 5860 5817 5818
f 5860 5818 5861
f 5861 5818 5819
f 5861 5819 5862
f 5862 5819 5820
f 5862 5820 5863
f 5863 5820 5821
f 5863 5821 5864
f 5864 5821 5822
f 5864 5822 5865
f 5865 5822 5823
f 5865 5823 5866
f 5866 5823 5824
f 5866 5824 5867
f 5867 5824 5825
f 5867 5825 5868
f 5868 5825 5826
f 5868 5826 5869
f 5869 5826 5827
f 5869 5827 5870
f 5870 5827 5828
f 5870 5828 5871
f 5871 5828 5829
f 5871 5829 5872
f 5872 5829 5830
f 5872 5830 5873
f 5873 5830 5831
f 5873 5831 5874
f 5874 5831 5832
f 5874 5832 5875
f 5875 5832 5833
f 5875 5833 5876
f 5876 5833 5834
f 5876 5834 5839
f 5839 5834 5835
f 5838 5837 5862
f 5862 5837 5836
f 5862 5836 5840
f 5840 5841 5862
f 5862 5841 5842
f 5862 5842 5843
f 5843 5844 5862
f 5862 5844 5845
f 5862 5845 5846
f 5846 5847 5862
f 5862 5847 5848
f 5862 5848 5849
f 5862 5849 5861
f 5861 5849 5850
f 5861 5850 5851
f 5851 5852 5861
f 5861 5852 5853
f 5861 5853 5854
f 5854 5855 5861
f 5861 5855 5856
f 5861 5856 5860
f 5860 5856 5857
f 5860 5857 5859
f 5859 5857 5858
f 5863 5875 5862
f 5862 5875 5876
f 5862 5876 5839
f 5875 5863 5874
f 5874 5863 5864
f 5874 5864 5873
f 5873 5864 5865
f 5873 5865 5872
f 5872 5865 5866
f 5872 5866 5871
f 5871 5866 5867
f 5871 5867 5870
f 5870 5867 5868
f 5870 5868 5869
f 5839 5838 5862
f 5877 5878 5879
f 5879 5878 5880
f 5879 5880 5881
f 5881 5880 5882
f 5881 5882 5883
f 5883 5882 5884
f 5883 5884 5885
f 5885 5884 5886
f 5885 5886 5887
f 5887 5886 5888
f 5887 5888 5889
f 5889 5888 5890
f 5889 5890 5891
f 5891 5890 5892
f 5891 5892 5893
f 5893 5892 5894
f 5893 5894 5895
f 5895 5894 5896
f 5895 5896 5897
f 5897 5896 5898
f 5897 5898 5899
f 5899 5898 5900
f 5899 5900 5901
f 5878 5877 5902
f 5902 5877 5903
f 5902 5903 5904
f 5904 5903 5905
f 5904 5905 5906
f 5906 5905 5907
f 5906 5907 5908
f 5908 5907 5909
f 5908 5909 5910
f 5910 5909 5911
f 5910 5911 5912
f 5912 5911 5913
f 5912 5913 5914
f 5914 5913 5915
f 5914 5915 5916
f 5916 5915 5917
f 5916 5917 5918
f 5918 5917 5919
f 5918 5919 5920
f 5881 5921 5879
f 5879 5921 5922
f 5879 5922 5877
f 5877 5922 5923
f 5877 5923 5903
f 5903 5923 5924
f 5903 5924 5905
f 5905 5924 5925
f 5905 5925 5907
f 5907 5925 5926
f 5907 5926 5909
f 5909 5926 5927
f 5909 5927 5911
f 5911 5927 5928
f 5911 5928 5913
f 5913 5928 5929
f 5913 5929 5915
f 5915 5929 5930
f 5915 5930 5917
f 5917 5930 5931
f 5917 5931 5919
f 5919 5931 5932
f 5919 5932 5920
f 5920 5932 5933
f 5920 5933 5918
f 5918 5933 5934
f 5918 5934 5916
f 5916 5934 5935
f 5916 5935 5914
f 5914 5935 5936
f 5914 5936 5912
f 5912 5936 5937
f 5912 5937 5910
f 5910 5937 5938
f 5910 5938 5908
f 5908 5938 5939
f 5908 5939 5906
f 5906 5939 5940
f 5906 5940 5904
f 5904 5940 5941
f 5904 5941 5902
f 5902 5941 5942
f 5902 5942 5878
f 5878 5942 5943
f 5878 5943 5880
f 5880 5943 5944
f 5880 5944 5882
f 5882 5944 5945
f 5882 5945 5884
f 5884 5945 5946
f 5884 5946 5886
f 5886 5946 5947
f 5886 5947 5888
f 5888 5947 5948
f 5888 5948 5890
f 5890 5948 5949
f 5890 5949 5892
f 5892 5949 5950
f 5892 5950 5894
f 5894 5950 5951
f 5894 5951 5896
f 5896 5951 5952
f 5896 5952 5898
f 5898 5952 5953
f 5898 5953 5900
f 5900 5953 5954
f 5900 5954 5901
f 5901 5954 5955
f 5901 5955 5899
f 5899 5955 5956
f 5899 5956 5897
f 5897 5956 5957
f 5897 5957 5895
f 5895 5957 5958
f 5895 5958 5893
f 5893 5958 5959
f 5893 5959 5891
f 5891 5959 5960
f 5891 5960 5889
f 5889 5960 5961
f 5889 5961 5887
f 5887 5961 5962
f 5887 5962 5885
f 5885 5962 5963
f 5885 5963 5883
f 5883 5963 5964
f 5883 5964 5881
f 5881 5964 5921
f 5921 5965 5922
f 5922 5965 5966
f 5922 5966 5967
f 5965 5921 5968
f 5968 5921 5964
f 5968 5964 5969
f 5969 5964 5963
f 5969 5963 5970
f 5970 5963 5962
f 5970 5962 5971
f 5971 5962 5961
f 5971 5961 5972
f 5972 5961 5960
f 5972 5960 5973
f 5973 5960 5959
f 5973 5959 5974
f 5974 5959 5975
f 5975 5959 5958
f 5975 5958 5976
f 5976 5958 5957
f 5976 5957 5977
f 5977 5957 5956
f 5977 5956 5978
f 5978 5956 5955
f 5978 5955 5979
f 5979 5955 5954
f 5979 5954 5980
f 5980 5954 5953
f 5980 5953 5981
f 5981 5953 5952
f 5981 5952 5982
f 5982 5952 5951
f 5982 5951 5983
f 5983 5951 5984
f 5984 5951 5950
f 5984 5950 5985
f 5985 5950 5949
f 5985 5949 5986
f 5986 5949 5948
f 5986 5948 5987
f 5987 5948 5947
f 5987 5947 5988
f 5988 5947 5946
f 5988 5946 5989
f 5989 5946 5945
f 5989 5945 5990
f 5990 5945 5944
f 5990 5944 5991
f 5991 5944 5992
f 5992 5944 5943
f 5992 5943 5993
f 5993 5943 5942
f 5993 5942 5994
f 5994 5942 5941
f 5994 5941 5995
f 5995 5941 5940
f 5995 5940 5996
f 5996 5940 5939
f 5996 5939 5997
f 5997 5939 5938
f 5997 5938 5998
f 5998 5938 5937
f 5998 5937 5999
f 5999 5937 6000
f 6000 5937 5936
f 6000 5936 6001
f 6001 5936 5935
f 6001 5935 6002
f 6002 5935 5934
f 6002 5934 6003
f 6003 5934 5933
f 6003 5933 6004
f 6004 5933 5932
f 6004 5932 6005
f 6005 5932 5931
f 6005 5931 6006
f 6006 5931 5930
f 6006 5930 6007
f 6007 5930 5929
f 6007 5929 6008
f 6008 5929 6009
f 6009 5929 5928
f 6009 5928 6010
f 6010 5928 5927
f 6010 5927 6011
f 6011 5927 5926
f 6011 5926 6012
f 6012 5926 5925
f 6012 5925 6013
f 6013 5925 5924
f 6013 5924 6014
f 6014 5924 5923
f 6014 5923 5967
f 5967 5923 5922
f 5965 5699 5966
f 5966 5699 5698
f 5966 5698 5967
f 5967 5698 5747
f 5967 5747 6014
f 6014 5747 5746
f 6014 5746 6013
f 6013 5746 5745
f 6013 5745 6012
f 6012 5745 5744
f 6012 5744 6011
f 6011 5744 5743
f 6011 5743 6010
f 6010 5743 5742
f 6010 5742 6009
f 6009 5742 5741
f 6009 5741 6008
f 6008 5741 5740
f 6008 5740 6007
f 6007 5740 5739
f 6007 5739 6006
f 6006 5739 5738
f 6006 5738 6005
f 6005 5738 5737
f 6005 5737 6004
f 6004 5737 5736
f 6004 5736 6003
f 6003 5736 5735
f 6003 5735 6002
f 6002 5735 5734
f 6002 5734 6001
f 6001 5734 5733
f 6001 5733 6000
f 6000 5733 5732
f 6000 5732 5999
f 5999 5732 5731
f 5999 5731 5998
f 5998 5731 5730
f 5998 5730 5997
f 5997 5730 5729
f 5997 5729 5996
f 5996 5729 5728
f 5996 5728 5995
f 5995 5728 5727
f 5995 5727 5994
f 5994 5727 5726
f 5994 5726 5993
f 5993 5726 5725
f 5993 5725 5992
f 5992 5725 5991
f 5991 5725 5724
f 5991 5724 5990
f 5990 5724 5723
f 5990 5723 5722
f 5699 5965 5700
f 5700 5965 5968
f 5700 5968 5701
f 5701 5968 5969
f 5701 5969 5702
f 5702 5969 5970
f 5702 5970 5703
f 5703 5970 5971
f 5703 5971 5704
f 5704 5971 5972
f 5704 5972 5705
f 5705 5972 5973
f 5705 5973 5706
f 5706 5973 5974
f 5706 5974 5707
f 5707 5974 5975
f 5707 5975 5708
f 5708 5975 5976
f 5708 5976 5709
f 5709 5976 5977
f 5709 5977 5710
f 5710 5977 5978
f 5710 5978 5711
f 5711 5978 5979
f 5711 5979 5712
f 5712 5979 5980
f 5712 5980 5713
f 5713 5980 5981
f 5713 5981 5714
f 5714 5981 5982
f 5714 5982 5715
f 5715 5982 5983
f 5715 5983 5716
f 5716 5983 5984
f 5716 5984 5717
f 5717 5984 5985
f 5717 5985 5718
f 5718 5985 5986
f 5718 5986 5719
f 5719 5986 5987
f 5719 5987 5720
f 5720 5987 5988
f 5720 5988 5721
f 5721 5988 5989
f 5721 5989 5722
f 5722 5989 5990
f 6015 6016 6017
f 6017 6016 6018
f 6018 6016 6019
f 6018 6019 6020
f 6020 6019 6021
f 6021 6019 6022
f 6022 6019 6023
f 6023 6019 6024
f 6024 6019 6025
f 6025 6019 6026
f 6026 6019 6027
f 6027 6019 6028
f 6028 6019 6029
f 6029 6019 6030
f 6030 6019 6031
f 6031 6019 6032
f 6032 6019 6033
f 6033 6019 6034
f 6034 6019 6035
f 6035 6019 6036
f 6036 6019 6037
f 6037 6019 6038
f 6038 6019 6039
f 6039 6019 6040
f 6040 6019 6041
f 6041 6019 6042
f 6042 6019 6043
f 6043 6019 6044
f 6044 6019 6045
f 6045 6019 6046
f 6045 6046 6047
f 6047 6046 6048
f 6047 6048 6049
f 6049 6048 6050
f 6049 6050 6051
f 6051 6050 6052
f 6051 6052 6053
f 6053 6052 6054
f 6053 6054 6055
f 6055 6054 6056
f 6055 6056 6057
f 6057 6056 6058
f 6057 6058 6059
f 6059 6058 6060
f 6059 6060 6061
f 6061 6060 6062
f 6061 6062 6063
f 6063 6062 6064
f 6063 6064 6065
f 6066 6067 6068
f 6068 6067 6069
f 6069 6067 6070
f 6069 6070 6071
f 6071 6070 6072
f 6072 6070 6073
f 6073 6070 6074
f 6074 6070 6075
f 6075 6070 6076
f 6076 6070 6077
f 6077 6070 6078
f 6078 6070 6079
f 6079 6070 6080
f 6080 6070 6081
f 6081 6070 6082
f 6082 6070 6083
f 6083 6070 6084
f 6084 6070 6085
f 6085 6070 6086
f 6086 6070 6087
f 6087 6070 6088
f 6088 6070 6089
f 6089 6070 6090
f 6090 6070 6091
f 6091 6070 6092
f 6092 6070 6093
f 6093 6070 6094
f 6094 6070 6095
f 6095 6070 6096
f 6096 6070 6097
f 6096 6097 6098
f 6098 6097 6099
f 6098 6099 6100
f 6100 6099 6101
f 6100 6101 6102
f 6102 6101 6103
f 6102 6103 6104
f 6104 6103 6105
f 6104 6105 6106
f 6106 6105 6107
f 6106 6107 6108
f 6108 6107 6109
f 6108 6109 6110
f 6110 6109 6111
f 6110 6111 6112
f 6112 6111 6113
f 6112 6113 6114
f 6114 6113 6115
f 6114 6115 6116
f 6117 6118 6119
f 6119 6118 6120
f 6119 6120 6121
f 6118 6117 6122
f 6122 6117 6123
f 6122 6123 6124
f 6124 6123 6125
f 6124 6125 6126
f 6126 6125 6127
f 6126 6127 6128
f 6128 6127 6129
f 6128 6129 6130
f 6131 6132 6130
f 6130 6132 6133
f 6130 6133 6128
f 6132 6131 6134
f 6134 6131 6135
f 6134 6135 6136
f 6136 6135 6137
f 6136 6137 6138
f 6138 6137 6139
f 6138 6139 6140
f 6138 6140 6141
f 6141 6140 6142
f 6141 6142 6143
f 6143 6142 6144
f 6143 6144 6145
f 6145 6144 6146
f 6146 6144 6147
f 6146 6147 6148
f 6148 6147 6149
f 6148 6149 6150
f 6150 6149 6151
f 6150 6151 6152
f 6152 6151 6153
f 6153 6151 6154
f 6153 6154 6155
f 6155 6154 6156
f 6155 6156 6157
f 6157 6156 6158
f 6157 6158 6159
f 6157 6159 6160
f 6160 6159 6161
f 6160 6161 6162
f 6162 6161 6163
f 6162 6163 6164
f 6164 6163 6165
f 6164 6165 6166
f 6166 6165 6167
f 6166 6167 6168
f 6168 6167 6169
f 6168 6169 6170
f 6170 6169 6171
f 6170 6171 6172
f 6173 6174 6163
f 6163 6174 6175
f 6163 6175 6165
f 6174 6173 6176
f 6176 6173 6177
f 6176 6177 6178
f 6176 6178 6179
f 6179 6178 6180
f 6179 6180 6181
f 6181 6180 6182
f 6181 6182 6183
f 6183 6182 6184
f 6183 6184 6121
f 6121 6184 6119
f 6185 6186 6187
f 6187 6186 6188
f 6187 6188 6189
f 6185 6190 6186
f 6186 6190 6134
f 6186 6134 6136
f 6190 6191 6134
f 6134 6191 6192
f 6134 6192 6193
f 6193 6194 6134
f 6134 6194 6195
f 6134 6195 6196
f 6196 6197 6134
f 6134 6197 6198
f 6134 6198 6199
f 6200 6201 6132
f 6132 6201 6202
f 6132 6202 6203
f 6203 6204 6132
f 6132 6204 6205
f 6132 6205 6206
f 6206 6207 6132
f 6132 6207 6208
f 6132 6208 6209
f 6209 6210 6132
f 6132 6210 6211
f 6132 6211 6212
f 6212 6211 6213
f 6212 6213 6214
f 6214 6215 6212
f 6212 6215 6216
f 6212 6216 6217
f 6217 6216 6218
f 6218 6216 6219
f 6219 6216 6220
f 6220 6216 6221
f 6221 6216 6222
f 6222 6216 6223
f 6223 6216 6224
f 6224 6216 6225
f 6225 6216 6175
f 6225 6175 6226
f 6226 6175 6174
f 6172 6227 6170
f 6170 6227 6228
f 6170 6228 6229
f 6170 6229 6230
f 6230 6229 6231
f 6230 6231 6232
f 6232 6233 6230
f 6230 6233 6234
f 6230 6234 6235
f 6235 6236 6230
f 6230 6236 6237
f 6237 6236 6238
f 6170 6239 6168
f 6168 6239 6240
f 6240 6239 6241
f 6241 6239 6242
f 6242 6239 6243
f 6243 6239 6244
f 6244 6239 6245
f 6244 6245 6246
f 6246 6245 6247
f 6247 6245 6248
f 6248 6245 6249
f 6249 6245 6250
f 6250 6245 6251
f 6250 6251 6252
f 6252 6251 6253
f 6187 6254 6162
f 6162 6254 6255
f 6162 6255 6160
f 6189 6256 6187
f 6187 6256 6257
f 6187 6257 6258
f 6258 6259 6187
f 6187 6259 6260
f 6187 6260 6261
f 6261 6254 6187
f 6212 6133 6132
f 6262 6263 6264
f 6264 6263 6265
f 6264 6265 6266
f 6266 6265 6267
f 6266 6267 6268
f 6268 6267 6269
f 6268 6269 6270
f 6270 6269 6271
f 6270 6271 6272
f 6272 6271 6273
f 6272 6273 6274
f 6274 6273 6275
f 6274 6275 6276
f 6263 6262 6277
f 6277 6262 6278
f 6277 6278 6279
f 6279 6278 6280
f 6279 6280 6281
f 6281 6280 6282
f 6281 6282 6283
f 6283 6282 6284
f 6283 6284 6285
f 6286 6287 6288
f 6288 6287 6289
f 6288 6289 6290
f 6290 6289 6291
f 6290 6291 6292
f 6292 6291 6293
f 6292 6293 6294
f 6294 6293 6295
f 6294 6295 6296
f 6296 6295 6297
f 6296 6297 6298
f 6298 6297 6299
f 6298 6299 6300
f 6287 6286 6301
f 6301 6286 6302
f 6301 6302 6303
f 6303 6302 6304
f 6303 6304 6305
f 6305 6304 6306
f 6305 6306 6307
f 6307 6306 6308
f 6307 6308 6309
f 6310 6311 6312
f 6312 6311 6313
f 6312 6313 6314
f 6314 6315 6312
f 6312 6315 6316
f 6312 6316 6317
f 6317 6316 6318
f 6318 6316 6319
f 6318 6319 6320
f 6320 6319 6321
f 6321 6319 6322
f 6321 6322 6323
f 6323 6324 6321
f 6321 6324 6325
f 6321 6325 6326
f 6327 6328 6320
f 6320 6328 6329
f 6320 6329 6330
f 6330 6331 6320
f 6320 6331 6318
f 6312 6317 6332
f 6332 6317 6333
f 6332 6333 6334
f 6334 6335 6332
f 6332 6335 6336
f 6332 6336 6337
f 6068 6338 6066
f 6066 6338 6339
f 6066 6339 6067
f 6067 6339 6340
f 6067 6340 6070
f 6070 6340 6341
f 6070 6341 6097
f 6097 6341 6342
f 6097 6342 6099
f 6099 6342 6343
f 6099 6343 6101
f 6101 6343 6344
f 6101 6344 6103
f 6103 6344 6345
f 6103 6345 6105
f 6105 6345 6346
f 6105 6346 6107
f 6107 6346 6347
f 6107 6347 6109
f 6109 6347 6348
f 6109 6348 6111
f 6111 6348 6349
f 6111 6349 6113
f 6113 6349 6350
f 6113 6350 6115
f 6115 6350 6351
f 6115 6351 6116
f 6116 6351 6352
f 6116 6352 6114
f 6114 6352 6353
f 6114 6353 6112
f 6112 6353 6354
f 6112 6354 6110
f 6110 6354 6355
f 6110 6355 6108
f 6108 6355 6356
f 6108 6356 6106
f 6106 6356 6357
f 6106 6357 6104
f 6104 6357 6358
f 6104 6358 6102
f 6102 6358 6359
f 6102 6359 6100
f 6100 6359 6360
f 6100 6360 6098
f 6098 6360 6361
f 6098 6361 6096
f 6096 6361 6362
f 6096 6362 6095
f 6095 6362 6363
f 6095 6363 6094
f 6094 6363 6364
f 6094 6364 6093
f 6093 6364 6365
f 6093 6365 6092
f 6092 6365 6366
f 6092 6366 6091
f 6091 6366 6367
f 6091 6367 6090
f 6090 6367 6368
f 6090 6368 6089
f 6089 6368 6369
f 6089 6369 6088
f 6088 6369 6370
f 6088 6370 6087
f 6087 6370 6371
f 6087 6371 6086
f 6086 6371 6372
f 6086 6372 6085
f 6085 6372 6373
f 6085 6373 6084
f 6084 6373 6374
f 6084 6374 6083
f 6083 6374 6375
f 6083 6375 6082
f 6082 6375 6376
f 6082 6376 6081
f 6081 6376 6377
f 6081 6377 6080
f 6080 6377 6378
f 6080 6378 6079
f 6079 6378 6379
f 6079 6379 6078
f 6078 6379 6380
f 6078 6380 6077
f 6077 6380 6381
f 6077 6381 6076
f 6076 6381 6382
f 6076 6382 6075
f 6075 6382 6383
f 6075 6383 6074
f 6074 6383 6384
f 6074 6384 6073
f 6073 6384 6385
f 6073 6385 6072
f 6072 6385 6386
f 6072 6386 6071
f 6071 6386 6387
f 6071 6387 6069
f 6069 6387 6388
f 6069 6388 6068
f 6068 6388 6338
f 6389 6365 6390
f 6390 6365 6364
f 6390 6364 6391
f 6391 6364 6363
f 6391 6363 6392
f 6392 6363 6362
f 6392 6362 6393
f 6393 6362 6361
f 6393 6361 6394
f 6394 6361 6360
f 6394 6360 6395
f 6395 6360 6359
f 6395 6359 6396
f 6396 6359 6358
f 6396 6358 6397
f 6397 6358 6357
f 6397 6357 6398
f 6398 6357 6356
f 6398 6356 6399
f 6399 6356 6355
f 6399 6355 6400
f 6400 6355 6354
f 6400 6354 6401
f 6401 6354 6353
f 6401 6353 6402
f 6402 6353 6352
f 6402 6352 6403
f 6403 6352 6351
f 6403 6351 6404
f 6404 6351 6350
f 6404 6350 6405
f 6405 6350 6349
f 6405 6349 6406
f 6406 6349 6348
f 6406 6348 6407
f 6407 6348 6347
f 6407 6347 6408
f 6408 6347 6346
f 6408 6346 6409
f 6409 6346 6345
f 6409 6345 6410
f 6410 6345 6344
f 6410 6344 6411
f 6411 6344 6343
f 6411 6343 6412
f 6412 6343 6342
f 6412 6342 6413
f 6413 6342 6341
f 6413 6341 6414
f 6414 6341 6340
f 6414 6340 6415
f 6415 6340 6339
f 6415 6339 6416
f 6416 6339 6338
f 6416 6338 6417
f 6417 6338 6388
f 6417 6388 6418
f 6418 6388 6387
f 6418 6387 6419
f 6419 6387 6386
f 6419 6386 6420
f 6420 6386 6385
f 6420 6385 6421
f 6421 6385 6384
f 6421 6384 6422
f 6422 6384 6383
f 6422 6383 6423
f 6423 6383 6382
f 6423 6382 6424
f 6424 6382 6381
f 6424 6381 6425
f 6425 6381 6380
f 6425 6380 6426
f 6426 6380 6379
f 6426 6379 6427
f 6427 6379 6378
f 6427 6378 6428
f 6428 6378 6377
f 6428 6377 6429
f 6429 6377 6376
f 6429 6376 6430
f 6430 6376 6375
f 6430 6375 6431
f 6431 6375 6374
f 6431 6374 6432
f 6432 6374 6373
f 6432 6373 6433
f 6433 6373 6372
f 6433 6372 6434
f 6434 6372 6371
f 6434 6371 6435
f 6435 6371 6370
f 6435 6370 6436
f 6436 6370 6369
f 6436 6369 6437
f 6437 6369 6368
f 6437 6368 6438
f 6438 6368 6367
f 6438 6367 6439
f 6439 6367 6366
f 6439 6366 6389
f 6389 6366 6365
f 6017 6440 6015
f 6015 6440 6441
f 6015 6441 6016
f 6016 6441 6442
f 6016 6442 6019
f 6019 6442 6443
f 6019 6443 6046
f 6046 6443 6444
f 6046 6444 6048
f 6048 6444 6445
f 6048 6445 6050
f 6050 6445 6446
f 6050 6446 6052
f 6052 6446 6447
f 6052 6447 6054
f 6054 6447 6448
f 6054 6448 6056
f 6056 6448 6449
f 6056 6449 6058
f 6058 6449 6450
f 6058 6450 6060
f 6060 6450 6451
f 6060 6451 6062
f 6062 6451 6452
f 6062 6452 6064
f 6064 6452 6453
f 6064 6453 6065
f 6065 6453 6454
f 6065 6454 6063
f 6063 6454 6455
f 6063 6455 6061
f 6061 6455 6456
f 6061 6456 6059
f 6059 6456 6457
f 6059 6457 6057
f 6057 6457 6458
f 6057 6458 6055
f 6055 6458 6459
f 6055 6459 6053
f 6053 6459 6460
f 6053 6460 6051
f 6051 6460 6461
f 6051 6461 6049
f 6049 6461 6462
f 6049 6462 6047
f 6047 6462 6463
f 6047 6463 6045
f 6045 6463 6464
f 6045 6464 6044
f 6044 6464 6465
f 6044 6465 6043
f 6043 6465 6466
f 6043 6466 6042
f 6042 6466 6467
f 6042 6467 6041
f 6041 6467 6468
f 6041 6468 6040
f 6040 6468 6469
f 6040 6469 6039
f 6039 6469 6470
f 6039 6470 6038
f 6038 6470 6471
f 6038 6471 6037
f 6037 6471 6472
f 6037 6472 6036
f 6036 6472 6473
f 6036 6473 6035
f 6035 6473 6474
f 6035 6474 6034
f 6034 6474 6475
f 6034 6475 6033
f 6033 6475 6476
f 6033 6476 6032
f 6032 6476 6477
f 6032 6477 6031
f 6031 6477 6478
f 6031 6478 6030
f 6030 6478 6479
f 6030 6479 6029
f 6029 6479 6480
f 6029 6480 6028
f 6028 6480 6481
f 6028 6481 6027
f 6027 6481 6482
f 6027 6482 6026
f 6026 6482 6483
f 6026 6483 6025
f 6025 6483 6484
f 6025 6484 6024
f 6024 6484 6485
f 6024 6485 6023
f 6023 6485 6486
f 6023 6486 6022
f 6022 6486 6487
f 6022 6487 6021
f 6021 6487 6488
f 6021 6488 6020
f 6020 6488 6489
f 6020 6489 6018
f 6018 6489 6490
f 6018 6490 6017
f 6017 6490 6440
f 6491 6467 6492
f 6492 6467 6466
f 6492 6466 6493
f 6493 6466 6465
f 6493 6465 6494
f 6494 6465 6464
f 6494 6464 6495
f 6495 6464 6463
f 6495 6463 6496
f 6496 6463 6462
f 6496 6462 6497
f 6497 6462 6461
f 6497 6461 6498
f 6498 6461 6460
f 6498 6460 6499
f 6499 6460 6459
f 6499 6459 6500
f 6500 6459 6458
f 6500 6458 6501
f 6501 6458 6457
f 6501 6457 6502
f 6502 6457 6456
f 6502 6456 6503
f 6503 6456 6455
f 6503 6455 6504
f 6504 6455 6454
f 6504 6454 6505
f 6505 6454 6453
f 6505 6453 6506
f 6506 6453 6452
f 6506 6452 6507
f 6507 6452 6451
f 6507 6451 6508
f 6508 6451 6450
f 6508 6450 6509
f 6509 6450 6449
f 6509 6449 6510
f 6510 6449 6448
f 6510 6448 6511
f 6511 6448 6447
f 6511 6447 6512
f 6512 6447 6446
f 6512 6446 6513
f 6513 6446 6445
f 6513 6445 6514
f 6514 6445 6444
f 6514 6444 6515
f 6515 6444 6443
f 6515 6443 6516
f 6516 6443 6442
f 6516 6442 6517
f 6517 6442 6441
f 6517 6441 6518
f 6518 6441 6440
f 6518 6440 6519
f 6519 6440 6490
f 6519 6490 6520
f 6520 6490 6489
f 6520 6489 6521
f 6521 6489 6488
f 6521 6488 6522
f 6522 6488 6487
f 6522 6487 6523
f 6523 6487 6486
f 6523 6486 6524
f 6524 6486 6485
f 6524 6485 6525
f 6525 6485 6484
f 6525 6484 6526
f 6526 6484 6483
f 6526 6483 6527
f 6527 6483 6482
f 6527 6482 6528
f 6528 6482 6481
f 6528 6481 6529
f 6529 6481 6480
f 6529 6480 6530
f 6530 6480 6479
f 6530 6479 6531
f 6531 6479 6478
f 6531 6478 6532
f 6532 6478 6477
f 6532 6477 6533
f 6533 6477 6476
f 6533 6476 6534
f 6534 6476 6475
f 6534 6475 6535
f 6535 6475 6474
f 6535 6474 6536
f 6536 6474 6473
f 6536 6473 6537
f 6537 6473 6472
f 6537 6472 6538
f 6538 6472 6471
f 6538 6471 6539
f 6539 6471 6470
f 6539 6470 6540
f 6540 6470 6469
f 6540 6469 6541
f 6541 6469 6468
f 6541 6468 6491
f 6491 6468 6467
f 6542 6220 6543
f 6543 6220 6221
f 6543 6221 6544
f 6544 6221 6222
f 6544 6222 6545
f 6545 6222 6223
f 6545 6223 6546
f 6546 6223 6224
f 6546 6224 6547
f 6547 6224 6225
f 6547 6225 6548
f 6548 6225 6226
f 6548 6226 6549
f 6549 6226 6174
f 6549 6174 6550
f 6550 6174 6176
f 6550 6176 6551
f 6551 6176 6179
f 6551 6179 6552
f 6552 6179 6181
f 6552 6181 6553
f 6553 6181 6183
f 6553 6183 6554
f 6554 6183 6121
f 6554 6121 6555
f 6555 6121 6120
f 6555 6120 6556
f 6556 6120 6118
f 6556 6118 6557
f 6557 6118 6122
f 6557 6122 6558
f 6558 6122 6124
f 6558 6124 6559
f 6559 6124 6126
f 6559 6126 6560
f 6560 6126 6128
f 6560 6128 6561
f 6561 6128 6133
f 6561 6133 6562
f 6562 6133 6212
f 6562 6212 6563
f 6563 6212 6217
f 6563 6217 6564
f 6564 6217 6218
f 6564 6218 6565
f 6565 6218 6219
f 6565 6219 6542
f 6542 6219 6220
f 6566 6567 6568
f 6568 6567 6569
f 6568 6569 6570
f 6570 6569 6571
f 6570 6571 6572
f 6572 6571 6573
f 6572 6573 6574
f 6574 6573 6575
f 6574 6575 6576
f 6576 6575 6577
f 6576 6577 6578
f 6578 6577 6579
f 6578 6579 6580
f 6580 6579 6581
f 6580 6581 6582
f 6582 6581 6583
f 6582 6583 6584
f 6584 6583 6585
f 6584 6585 6586
f 6586 6585 6587
f 6586 6587 6588
f 6588 6587 6589
f 6588 6589 6590
f 6590 6589 6591
f 6590 6591 6592
f 6592 6591 6593
f 6592 6593 6594
f 6594 6593 6595
f 6594 6595 6596
f 6596 6595 6597
f 6596 6597 6598
f 6598 6597 6599
f 6598 6599 6600
f 6600 6599 6601
f 6600 6601 6602
f 6602 6601 6603
f 6602 6603 6604
f 6604 6603 6605
f 6604 6605 6606
f 6606 6605 6607
f 6606 6607 6608
f 6608 6607 6609
f 6608 6609 6610
f 6610 6609 6611
f 6610 6611 6612
f 6612 6611 6613
f 6612 6613 6566
f 6566 6613 6567
f 6544 6571 6543
f 6543 6571 6569
f 6543 6569 6542
f 6542 6569 6567
f 6542 6567 6565
f 6565 6567 6613
f 6565 6613 6564
f 6564 6613 6611
f 6564 6611 6563
f 6563 6611 6609
f 6563 6609 6562
f 6562 6609 6607
f 6562 6607 6561
f 6561 6607 6605
f 6561 6605 6560
f 6560 6605 6603
f 6560 6603 6559
f 6559 6603 6601
f 6559 6601 6558
f 6558 6601 6599
f 6558 6599 6557
f 6557 6599 6597
f 6557 6597 6556
f 6556 6597 6595
f 6556 6595 6555
f 6555 6595 6593
f 6555 6593 6554
f 6554 6593 6591
f 6554 6591 6553
f 6553 6591 6589
f 6553 6589 6552
f 6552 6589 6587
f 6552 6587 6551
f 6551 6587 6585
f 6551 6585 6550
f 6550 6585 6583
f 6550 6583 6549
f 6549 6583 6581
f 6549 6581 6548
f 6548 6581 6579
f 6548 6579 6547
f 6547 6579 6577
f 6547 6577 6546
f 6546 6577 6575
f 6546 6575 6545
f 6545 6575 6573
f 6545 6573 6544
f 6544 6573 6571
f 6614 6117 6615
f 6615 6117 6119
f 6615 6119 6184
f 6117 6614 6123
f 6123 6614 6616
f 6123 6616 6125
f 6125 6616 6617
f 6125 6617 6127
f 6127 6617 6618
f 6127 6618 6129
f 6129 6618 6619
f 6129 6619 6130
f 6130 6619 6620
f 6130 6620 6131
f 6131 6620 6621
f 6131 6621 6135
f 6135 6621 6622
f 6135 6622 6137
f 6137 6622 6623
f 6137 6623 6139
f 6139 6623 6624
f 6139 6624 6140
f 6140 6624 6625
f 6140 6625 6142
f 6142 6625 6626
f 6142 6626 6144
f 6144 6626 6627
f 6144 6627 6147
f 6147 6627 6628
f 6147 6628 6149
f 6149 6628 6151
f 6151 6628 6629
f 6151 6629 6154
f 6154 6629 6630
f 6154 6630 6156
f 6156 6630 6631
f 6156 6631 6158
f 6158 6631 6632
f 6158 6632 6159
f 6159 6632 6633
f 6159 6633 6161
f 6161 6633 6634
f 6161 6634 6163
f 6163 6634 6635
f 6163 6635 6173
f 6173 6635 6636
f 6173 6636 6177
f 6177 6636 6637
f 6177 6637 6178
f 6178 6637 6638
f 6178 6638 6180
f 6180 6638 6639
f 6180 6639 6182
f 6182 6639 6640
f 6182 6640 6184
f 6184 6640 6615
f 6641 6614 6642
f 6642 6614 6615
f 6642 6615 6643
f 6643 6615 6640
f 6643 6640 6644
f 6644 6640 6639
f 6644 6639 6645
f 6645 6639 6638
f 6645 6638 6646
f 6646 6638 6637
f 6646 6637 6647
f 6647 6637 6636
f 6647 6636 6648
f 6648 6636 6635
f 6648 6635 6649
f 6649 6635 6634
f 6649 6634 6650
f 6650 6634 6633
f 6650 6633 6651
f 6651 6633 6632
f 6651 6632 6652
f 6652 6632 6631
f 6652 6631 6653
f 6653 6631 6630
f 6653 6630 6654
f 6654 6630 6629
f 6654 6629 6655
f 6655 6629 6628
f 6655 6628 6656
f 6656 6628 6627
f 6656 6627 6657
f 6657 6627 6626
f 6657 6626 6658
f 6658 6626 6625
f 6658 6625 6659
f 6659 6625 6624
f 6659 6624 6660
f 6660 6624 6623
f 6660 6623 6661
f 6661 6623 6622
f 6661 6622 6662
f 6662 6622 6621
f 6662 6621 6663
f 6663 6621 6620
f 6663 6620 6664
f 6664 6620 6619
f 6664 6619 6665
f 6665 6619 6618
f 6665 6618 6666
f 6666 6618 6617
f 6666 6617 6667
f 6667 6617 6616
f 6667 6616 6641
f 6641 6616 6614
f 6668 6146 6669
f 6669 6146 6148
f 6669 6148 6670
f 6670 6148 6150
f 6670 6150 6671
f 6671 6150 6152
f 6671 6152 6672
f 6672 6152 6153
f 6672 6153 6673
f 6673 6153 6155
f 6673 6155 6674
f 6674 6155 6157
f 6674 6157 6675
f 6675 6157 6160
f 6675 6160 6676
f 6676 6160 6255
f 6676 6255 6677
f 6677 6255 6254
f 6677 6254 6678
f 6678 6254 6261
f 6678 6261 6679
f 6679 6261 6260
f 6679 6260 6680
f 6680 6260 6259
f 6680 6259 6681
f 6681 6259 6258
f 6681 6258 6682
f 6682 6258 6257
f 6682 6257 6683
f 6683 6257 6256
f 6683 6256 6684
f 6684 6256 6189
f 6684 6189 6685
f 6685 6189 6188
f 6685 6188 6686
f 6686 6188 6186
f 6686 6186 6687
f 6687 6186 6136
f 6687 6136 6688
f 6688 6136 6138
f 6688 6138 6689
f 6689 6138 6141
f 6689 6141 6690
f 6690 6141 6143
f 6690 6143 6691
f 6691 6143 6145
f 6691 6145 6668
f 6668 6145 6146
f 6692 6693 6694
f 6694 6693 6695
f 6694 6695 6696
f 6696 6695 6697
f 6696 6697 6698
f 6698 6697 6699
f 6698 6699 6700
f 6700 6699 6701
f 6700 6701 6702
f 6702 6701 6703
f 6702 6703 6704
f 6704 6703 6705
f 6704 6705 6706
f 6706 6705 6707
f 6706 6707 6708
f 6708 6707 6709
f 6708 6709 6710
f 6710 6709 6711
f 6710 6711 6712
f 6712 6711 6713
f 6712 6713 6714
f 6714 6713 6715
f 6714 6715 6716
f 6716 6715 6717
f 6716 6717 6718
f 6718 6717 6719
f 6718 6719 6720
f 6720 6719 6721
f 6720 6721 6722
f 6722 6721 6723
f 6722 6723 6724
f 6724 6723 6725
f 6724 6725 6726
f 6726 6725 6727
f 6726 6727 6728
f 6728 6727 6729
f 6728 6729 6730
f 6730 6729 6731
f 6730 6731 6732
f 6732 6731 6733
f 6732 6733 6734
f 6734 6733 6735
f 6734 6735 6736
f 6736 6735 6737
f 6736 6737 6738
f 6738 6737 6739
f 6738 6739 6692
f 6692 6739 6693
f 6670 6697 6669
f 6669 6697 6695
f 6669 6695 6668
f 6668 6695 6693
f 6668 6693 6691
f 6691 6693 6739
f 6691 6739 6690
f 6690 6739 6737
f 6690 6737 6689
f 6689 6737 6735
f 6689 6735 6688
f 6688 6735 6733
f 6688 6733 6687
f 6687 6733 6731
f 6687 6731 6686
f 6686 6731 6729
f 6686 6729 6685
f 6685 6729 6727
f 6685 6727 6684
f 6684 6727 6725
f 6684 6725 6683
f 6683 6725 6723
f 6683 6723 6682
f 6682 6723 6721
f 6682 6721 6681
f 6681 6721 6719
f 6681 6719 6680
f 6680 6719 6717
f 6680 6717 6679
f 6679 6717 6715
f 6679 6715 6678
f 6678 6715 6713
f 6678 6713 6677
f 6677 6713 6711
f 6677 6711 6676
f 6676 6711 6709
f 6676 6709 6675
f 6675 6709 6707
f 6675 6707 6674
f 6674 6707 6705
f 6674 6705 6673
f 6673 6705 6703
f 6673 6703 6672
f 6672 6703 6701
f 6672 6701 6671
f 6671 6701 6699
f 6671 6699 6670
f 6670 6699 6697
f 6740 6741 6742
f 6742 6741 6743
f 6742 6743 6744
f 6744 6743 6745
f 6744 6745 6746
f 6746 6745 6747
f 6746 6747 6748
f 6748 6747 6749
f 6748 6749 6750
f 6741 6751 6743
f 6743 6751 6752
f 6743 6752 6745
f 6745 6752 6753
f 6745 6753 6747
f 6747 6753 6754
f 6747 6754 6749
f 6748 6750 6755
f 6755 6750 6756
f 6755 6756 6757
f 6757 6756 6758
f 6757 6758 6759
f 6759 6758 6760
f 6759 6760 6761
f 6761 6760 6762
f 6761 6762 6763
f 6763 6762 6764
f 6763 6764 6765
f 6765 6764 6766
f 6765 6766 6767
f 6767 6766 6768
f 6767 6768 6769
f 6769 6768 6770
f 6769 6770 6771
f 6771 6770 6772
f 6771 6772 6773
f 6773 6772 6774
f 6773 6774 6775
f 6775 6774 6776
f 6775 6776 6777
f 6777 6776 6778
f 6777 6778 6779
f 6779 6778 6780
f 6779 6780 6781
f 6781 6780 6782
f 6782 6780 6783
f 6782 6783 6784
f 6784 6783 6785
f 6784 6785 6786
f 6786 6785 6787
f 6786 6787 6788
f 6788 6787 6789
f 6788 6789 6790
f 6790 6789 6791
f 6790 6791 6792
f 6792 6791 6793
f 6792 6793 6794
f 6794 6793 6795
f 6794 6795 6796
f 6796 6795 6797
f 6796 6797 6798
f 6798 6797 6799
f 6798 6799 6800
f 6800 6799 6801
f 6800 6801 6802
f 6802 6801 6803
f 6802 6803 6804
f 6804 6803 6805
f 6804 6805 6806
f 6806 6805 6807
f 6806 6807 6808
f 6808 6807 6809
f 6808 6809 6810
f 6810 6809 6811
f 6810 6811 6812
f 6778 6813 6780
f 6780 6813 6783
f 6813 6814 6783
f 6783 6814 6785
f 6785 6814 6787
f 6787 6814 6815
f 6787 6815 6789
f 6789 6815 6816
f 6789 6816 6791
f 6791 6816 6817
f 6791 6817 6793
f 6793 6817 6818
f 6793 6818 6795
f 6795 6818 6819
f 6795 6819 6797
f 6797 6819 6820
f 6797 6820 6799
f 6799 6820 6821
f 6799 6821 6801
f 6801 6821 6822
f 6801 6822 6803
f 6803 6822 6823
f 6803 6823 6805
f 6805 6823 6824
f 6805 6824 6807
f 6807 6824 6825
f 6807 6825 6809
f 6809 6825 6811
f 6810 6812 6826
f 6826 6812 6827
f 6826 6827 6828
f 6828 6827 6829
f 6828 6829 6830
f 6830 6829 6831
f 6830 6831 6832
f 6832 6831 6833
f 6832 6833 6834
f 6834 6833 6835
f 6834 6835 6836
f 6836 6835 6837
f 6836 6837 6838
f 6838 6839 6836
f 6836 6839 6840
f 6836 6840 6834
f 6834 6840 6841
f 6834 6841 6832
f 6832 6841 6842
f 6832 6842 6830
f 6830 6842 6828
f 6842 6843 6828
f 6828 6843 6826
f 6826 6843 6810
f 6810 6843 6808
f 6779 6781 6777
f 6777 6781 6844
f 6777 6844 6775
f 6775 6844 6845
f 6775 6845 6773
f 6773 6845 6771
f 6845 6846 6771
f 6771 6846 6769
f 6846 6847 6769
f 6769 6847 6767
f 6847 6848 6767
f 6767 6848 6765
f 6848 6849 6765
f 6765 6849 6763
f 6849 6850 6763
f 6763 6850 6761
f 6850 6851 6761
f 6761 6851 6759
f 6851 6852 6759
f 6759 6852 6757
f 6852 6853 6757
f 6757 6853 6755
f 6853 6854 6755
f 6755 6854 6748
f 6854 6746 6748
f 6391 6855 6390
f 6390 6855 6856
f 6390 6856 6857
f 6857 6856 6858
f 6857 6858 6859
f 6391 6392 6855
f 6855 6392 6393
f 6855 6393 6394
f 6394 6395 6855
f 6855 6395 6396
f 6855 6396 6397
f 6397 6398 6855
f 6855 6398 6399
f 6855 6399 6400
f 6400 6401 6855
f 6855 6401 6860
f 6860 6401 6402
f 6860 6402 6861
f 6861 6402 6862
f 6862 6402 6863
f 6862 6863 6864
f 6864 6863 6865
f 6865 6863 6866
f 6402 6403 6863
f 6863 6403 6404
f 6863 6404 6504
f 6504 6404 6503
f 6503 6404 6405
f 6503 6405 6502
f 6502 6405 6406
f 6502 6406 6501
f 6501 6406 6407
f 6501 6407 6500
f 6500 6407 6408
f 6500 6408 6499
f 6499 6408 6409
f 6499 6409 6498
f 6498 6409 6410
f 6498 6410 6497
f 6497 6410 6411
f 6497 6411 6496
f 6496 6411 6412
f 6496 6412 6495
f 6495 6412 6413
f 6495 6413 6494
f 6494 6413 6414
f 6494 6414 6493
f 6493 6414 6415
f 6493 6415 6492
f 6492 6415 6416
f 6492 6416 6491
f 6491 6416 6417
f 6491 6417 6541
f 6541 6417 6418
f 6541 6418 6540
f 6540 6418 6419
f 6540 6419 6539
f 6539 6419 6420
f 6539 6420 6538
f 6538 6420 6421
f 6538 6421 6537
f 6537 6421 6422
f 6537 6422 6536
f 6536 6422 6423
f 6536 6423 6535
f 6535 6423 6424
f 6535 6424 6534
f 6534 6424 6425
f 6534 6425 6533
f 6533 6425 6426
f 6533 6426 6532
f 6532 6426 6427
f 6532 6427 6531
f 6531 6427 6857
f 6531 6857 6740
f 6427 6428 6857
f 6857 6428 6429
f 6857 6429 6430
f 6430 6431 6857
f 6857 6431 6432
f 6857 6432 6433
f 6433 6434 6857
f 6857 6434 6435
f 6857 6435 6436
f 6436 6437 6857
f 6857 6437 6438
f 6857 6438 6439
f 6439 6389 6857
f 6857 6389 6390
f 6863 6504 6839
f 6839 6504 6505
f 6839 6505 6506
f 6506 6507 6839
f 6839 6507 6508
f 6839 6508 6509
f 6509 6510 6839
f 6839 6510 6511
f 6839 6511 6512
f 6512 6513 6839
f 6839 6513 6514
f 6839 6514 6515
f 6515 6516 6839
f 6839 6516 6517
f 6839 6517 6518
f 6519 6782 6518
f 6518 6782 6784
f 6518 6784 6786
f 6782 6519 6781
f 6781 6519 6520
f 6781 6520 6844
f 6844 6520 6521
f 6844 6521 6845
f 6845 6521 6522
f 6845 6522 6846
f 6846 6522 6523
f 6846 6523 6847
f 6847 6523 6524
f 6847 6524 6848
f 6848 6524 6525
f 6848 6525 6849
f 6849 6525 6526
f 6849 6526 6850
f 6850 6526 6527
f 6850 6527 6851
f 6851 6527 6528
f 6851 6528 6529
f 6530 6853 6529
f 6529 6853 6852
f 6529 6852 6851
f 6531 6740 6530
f 6530 6740 6854
f 6530 6854 6853
f 6742 6744 6740
f 6740 6744 6746
f 6740 6746 6854
f 6786 6788 6518
f 6518 6788 6790
f 6518 6790 6792
f 6792 6794 6518
f 6518 6794 6796
f 6518 6796 6798
f 6798 6800 6518
f 6518 6800 6839
f 6800 6802 6839
f 6839 6802 6804
f 6839 6804 6806
f 6806 6808 6839
f 6839 6808 6843
f 6839 6843 6842
f 6842 6841 6839
f 6839 6841 6840
f 6856 6855 6867
f 6867 6855 6868
f 6867 6868 6869
f 6869 6868 6870
f 6870 6868 6871
f 6870 6871 6872
f 6872 6871 6873
f 6872 6873 6874
f 6874 6873 6875
f 6874 6875 6876
f 6876 6875 6877
f 6876 6877 6878
f 6878 6877 6879
f 6878 6879 6880
f 6880 6879 6881
f 6880 6881 6882
f 6882 6881 6883
f 6882 6883 6884
f 6884 6883 6885
f 6884 6885 6886
f 6859 6887 6857
f 6857 6887 6888
f 6857 6888 6889
f 6863 6890 6866
f 6866 6890 6891
f 6866 6891 6865
f 6865 6891 6892
f 6865 6892 6864
f 6864 6892 6893
f 6864 6893 6894
f 6894 6893 6895
f 6894 6895 6896
f 6890 6897 6891
f 6891 6897 6898
f 6891 6898 6892
f 6892 6898 6899
f 6892 6899 6893
f 6893 6899 6900
f 6893 6900 6895
f 6894 6896 6901
f 6901 6896 6902
f 6901 6902 6903
f 6903 6902 6904
f 6903 6904 6905
f 6905 6904 6906
f 6905 6906 6907
f 6907 6906 6908
f 6907 6908 6909
f 6909 6908 6910
f 6909 6910 6911
f 6911 6910 6912
f 6911 6912 6913
f 6913 6912 6914
f 6913 6914 6915
f 6915 6914 6916
f 6915 6916 6917
f 6917 6916 6918
f 6917 6918 6919
f 6919 6918 6920
f 6919 6920 6921
f 6921 6920 6922
f 6921 6922 6923
f 6923 6922 6924
f 6923 6924 6925
f 6925 6924 6926
f 6925 6926 6883
f 6883 6926 6885
f 6885 6926 6927
f 6885 6927 6886
f 6886 6927 6928
f 6886 6928 6884
f 6884 6928 6929
f 6884 6929 6882
f 6882 6929 6930
f 6882 6930 6880
f 6880 6930 6931
f 6880 6931 6878
f 6878 6931 6932
f 6878 6932 6876
f 6876 6932 6933
f 6876 6933 6874
f 6874 6933 6934
f 6874 6934 6872
f 6872 6934 6935
f 6872 6935 6870
f 6870 6935 6936
f 6870 6936 6869
f 6869 6936 6937
f 6869 6937 6867
f 6867 6937 6938
f 6867 6938 6856
f 6856 6938 6939
f 6856 6939 6858
f 6858 6939 6940
f 6858 6940 6941
f 6941 6940 6942
f 6941 6942 6943
f 6924 6944 6926
f 6926 6944 6927
f 6944 6945 6927
f 6927 6945 6928
f 6928 6945 6929
f 6929 6945 6946
f 6929 6946 6930
f 6930 6946 6947
f 6930 6947 6931
f 6931 6947 6948
f 6931 6948 6932
f 6932 6948 6949
f 6932 6949 6933
f 6933 6949 6950
f 6933 6950 6934
f 6934 6950 6951
f 6934 6951 6935
f 6935 6951 6952
f 6935 6952 6936
f 6936 6952 6953
f 6936 6953 6937
f 6937 6953 6954
f 6937 6954 6938
f 6938 6954 6955
f 6938 6955 6939
f 6939 6955 6956
f 6939 6956 6940
f 6940 6956 6942
f 6941 6943 6957
f 6957 6943 6958
f 6957 6958 6959
f 6959 6958 6960
f 6959 6960 6961
f 6961 6960 6962
f 6961 6962 6963
f 6963 6962 6964
f 6963 6964 6965
f 6965 6964 6966
f 6965 6966 6967
f 6967 6966 6968
f 6967 6968 6969
f 6969 6857 6967
f 6967 6857 6889
f 6967 6889 6965
f 6965 6889 6888
f 6965 6888 6963
f 6963 6888 6887
f 6963 6887 6961
f 6961 6887 6959
f 6887 6859 6959
f 6959 6859 6957
f 6957 6859 6941
f 6941 6859 6858
f 6925 6883 6923
f 6923 6883 6881
f 6923 6881 6921
f 6921 6881 6879
f 6921 6879 6919
f 6919 6879 6917
f 6879 6877 6917
f 6917 6877 6915
f 6877 6875 6915
f 6915 6875 6913
f 6875 6873 6913
f 6913 6873 6911
f 6873 6871 6911
f 6911 6871 6909
f 6871 6868 6909
f 6909 6868 6907
f 6868 6855 6907
f 6907 6855 6905
f 6855 6860 6905
f 6905 6860 6903
f 6860 6861 6903
f 6903 6861 6901
f 6861 6862 6901
f 6901 6862 6894
f 6862 6864 6894
f 6969 6741 6857
f 6857 6741 6740
f 6970 6971 6741
f 6741 6971 6751
f 6751 6971 6972
f 6751 6972 6752
f 6752 6972 6973
f 6752 6973 6753
f 6753 6973 6974
f 6753 6974 6754
f 6754 6974 6749
f 6749 6974 6975
f 6749 6975 6750
f 6750 6975 6976
f 6750 6976 6756
f 6756 6976 6977
f 6756 6977 6758
f 6758 6977 6760
f 6760 6977 6978
f 6760 6978 6762
f 6762 6978 6979
f 6762 6979 6764
f 6764 6979 6980
f 6764 6980 6766
f 6766 6980 6981
f 6766 6981 6768
f 6768 6981 6982
f 6768 6982 6770
f 6770 6982 6983
f 6770 6983 6772
f 6772 6983 6984
f 6772 6984 6774
f 6774 6984 6985
f 6774 6985 6986
f 6986 6985 6987
f 6986 6987 6988
f 6971 6989 6972
f 6972 6989 6990
f 6972 6990 6973
f 6973 6990 6991
f 6973 6991 6974
f 6974 6991 6992
f 6974 6992 6975
f 6975 6992 6993
f 6975 6993 6994
f 6975 6994 6976
f 6976 6994 6995
f 6976 6995 6977
f 6977 6995 6996
f 6977 6996 6997
f 6977 6997 6978
f 6978 6997 6998
f 6978 6998 6979
f 6979 6998 6999
f 6979 6999 6980
f 6980 6999 7000
f 6980 7000 6981
f 6981 7000 7001
f 6981 7001 7002
f 6981 7002 6982
f 6982 7002 7003
f 6982 7003 6983
f 6983 7003 7004
f 6983 7004 6984
f 6984 7004 7005
f 6984 7005 6985
f 6985 7005 6987
f 6986 6988 7006
f 7006 6988 7007
f 7006 7007 7008
f 7008 7007 7009
f 7008 7009 6778
f 6778 7009 6813
f 6813 7009 7010
f 6813 7010 6814
f 6814 7010 7011
f 6814 7011 6815
f 6815 7011 7012
f 6815 7012 6816
f 6816 7012 7013
f 6816 7013 6817
f 6817 7013 7014
f 6817 7014 6818
f 6818 7014 7015
f 6818 7015 6819
f 6819 7015 7016
f 6819 7016 6820
f 6820 7016 7017
f 6820 7017 6821
f 6821 7017 7018
f 6821 7018 6822
f 6822 7018 7019
f 6822 7019 6823
f 6823 7019 7020
f 6823 7020 6824
f 6824 7020 7021
f 6824 7021 6825
f 6825 7021 7022
f 6825 7022 6811
f 6811 7022 7023
f 6811 7023 6812
f 6812 7023 7024
f 6812 7024 6827
f 6827 7024 7025
f 6827 7025 6829
f 6829 7025 7026
f 6829 7026 6831
f 6831 7026 7027
f 6831 7027 6833
f 6833 7027 7028
f 6833 7028 6835
f 6835 7028 7029
f 6835 7029 6837
f 6837 7029 7030
f 6837 7030 6838
f 6838 7030 7031
f 6838 7031 7032
f 7007 7033 7009
f 7009 7033 7010
f 7033 7034 7010
f 7010 7034 7011
f 7034 7035 7011
f 7011 7035 7012
f 7035 7036 7012
f 7012 7036 7013
f 7036 7037 7013
f 7013 7037 7014
f 7037 7038 7014
f 7014 7038 7015
f 7038 7039 7015
f 7015 7039 7016
f 7039 7040 7016
f 7016 7040 7017
f 7040 7041 7017
f 7017 7041 7018
f 7041 7042 7018
f 7018 7042 7043
f 7018 7043 7019
f 7019 7043 7044
f 7019 7044 7020
f 7020 7044 7045
f 7020 7045 7021
f 7021 7045 7046
f 7021 7046 7047
f 7021 7047 7022
f 7022 7047 7048
f 7022 7048 7023
f 7023 7048 7049
f 7023 7049 7050
f 7023 7050 7024
f 7024 7050 7051
f 7024 7051 7025
f 7025 7051 7052
f 7025 7052 7026
f 7026 7052 7027
f 7052 7053 7027
f 7027 7053 7028
f 7053 7054 7028
f 7028 7054 7029
f 7029 7054 7030
f 7030 7054 7055
f 7030 7055 7056
f 7056 7031 7030
f 7008 6778 7006
f 7006 6778 6776
f 7006 6776 6986
f 6986 6776 6774
f 6838 6890 6839
f 6839 6890 6863
f 7057 7058 6890
f 6890 7058 7059
f 6890 7059 6897
f 6897 7059 7060
f 6897 7060 6898
f 6898 7060 7061
f 6898 7061 6899
f 6899 7061 7062
f 6899 7062 6900
f 6900 7062 6895
f 6895 7062 7063
f 6895 7063 6896
f 6896 7063 7064
f 6896 7064 6902
f 6902 7064 7065
f 6902 7065 6904
f 6904 7065 6906
f 6906 7065 7066
f 6906 7066 6908
f 6908 7066 7067
f 6908 7067 6910
f 6910 7067 7068
f 6910 7068 6912
f 6912 7068 7069
f 6912 7069 6914
f 6914 7069 7070
f 6914 7070 6916
f 6916 7070 7071
f 6916 7071 6918
f 6918 7071 7072
f 6918 7072 6920
f 6920 7072 7073
f 6920 7073 7074
f 7074 7073 7075
f 7074 7075 7076
f 7059 7077 7060
f 7060 7077 7078
f 7060 7078 7061
f 7061 7078 7079
f 7061 7079 7062
f 7062 7079 7080
f 7062 7080 7063
f 7063 7080 7081
f 7063 7081 7082
f 7063 7082 7064
f 7064 7082 7083
f 7064 7083 7065
f 7065 7083 7084
f 7065 7084 7085
f 7065 7085 7066
f 7066 7085 7086
f 7066 7086 7067
f 7067 7086 7087
f 7067 7087 7068
f 7068 7087 7088
f 7068 7088 7069
f 7069 7088 7089
f 7069 7089 7090
f 7069 7090 7070
f 7070 7090 7091
f 7070 7091 7071
f 7071 7091 7092
f 7071 7092 7072
f 7072 7092 7093
f 7072 7093 7073
f 7073 7093 7075
f 7074 7076 7094
f 7094 7076 7095
f 7094 7095 7096
f 7096 7095 7097
f 7096 7097 6924
f 6924 7097 6944
f 6944 7097 7098
f 6944 7098 6945
f 6945 7098 7099
f 6945 7099 6946
f 6946 7099 7100
f 6946 7100 6947
f 6947 7100 7101
f 6947 7101 6948
f 6948 7101 7102
f 6948 7102 6949
f 6949 7102 7103
f 6949 7103 6950
f 6950 7103 7104
f 6950 7104 6951
f 6951 7104 7105
f 6951 7105 6952
f 6952 7105 7106
f 6952 7106 6953
f 6953 7106 7107
f 6953 7107 6954
f 6954 7107 7108
f 6954 7108 6955
f 6955 7108 7109
f 6955 7109 6956
f 6956 7109 7110
f 6956 7110 6942
f 6942 7110 7111
f 6942 7111 6943
f 6943 7111 7112
f 6943 7112 6958
f 6958 7112 7113
f 6958 7113 6960
f 6960 7113 7114
f 6960 7114 6962
f 6962 7114 7115
f 6962 7115 6964
f 6964 7115 7116
f 6964 7116 6966
f 6966 7116 7117
f 6966 7117 6968
f 6968 7117 7118
f 6968 7118 6969
f 6969 7118 7119
f 7119 7118 7120
f 7120 7118 7117
f 7120 7117 7121
f 7121 7117 7116
f 7121 7116 7122
f 7122 7116 7115
f 7122 7115 7123
f 7123 7115 7114
f 7123 7114 7124
f 7124 7114 7113
f 7124 7113 7125
f 7125 7113 7112
f 7125 7112 7126
f 7126 7112 7111
f 7126 7111 7127
f 7127 7111 7110
f 7127 7110 7128
f 7128 7110 7109
f 7128 7109 7129
f 7129 7109 7108
f 7129 7108 7130
f 7130 7108 7107
f 7130 7107 7131
f 7131 7107 7106
f 7131 7106 7132
f 7132 7106 7105
f 7132 7105 7133
f 7133 7105 7104
f 7133 7104 7134
f 7134 7104 7103
f 7134 7103 7135
f 7135 7103 7102
f 7135 7102 7136
f 7136 7102 7101
f 7136 7101 7137
f 7137 7101 7100
f 7137 7100 7138
f 7138 7100 7099
f 7138 7099 7139
f 7139 7099 7098
f 7139 7098 7140
f 7140 7098 7097
f 7140 7097 7095
f 7096 6924 7094
f 7094 6924 6922
f 7094 6922 7074
f 7074 6922 6920
f 7141 7142 7143
f 7143 7142 7144
f 7143 7144 7145
f 7145 7144 7146
f 7145 7146 7147
f 7147 7146 7148
f 7147 7148 7149
f 7147 7149 7150
f 7150 7149 7151
f 7150 7151 7152
f 7152 7151 7153
f 7152 7153 7154
f 7154 7153 7155
f 7154 7155 7156
f 7156 7155 7157
f 7156 7157 7158
f 7158 7157 7159
f 7158 7159 7160
f 7160 7159 7161
f 7160 7161 7162
f 7162 7163 7160
f 7160 7163 7164
f 7160 7164 7165
f 7165 7164 7166
f 7165 7166 7167
f 7167 7166 7168
f 7167 7168 7169
f 7163 7170 7164
f 7164 7170 7171
f 7164 7171 7166
f 7166 7171 7172
f 7166 7172 7168
f 7170 7173 7171
f 7171 7173 7174
f 7171 7174 7172
f 7167 7169 7175
f 7175 7169 7176
f 7175 7176 7177
f 7177 7176 7178
f 7177 7178 7179
f 7179 7178 7141
f 7179 7141 7143
f 7179 7143 7180
f 7180 7143 7145
f 7180 7145 7150
f 7150 7145 7147
f 7177 7179 7181
f 7181 7179 7180
f 7181 7180 7152
f 7152 7180 7150
f 7175 7177 7182
f 7182 7177 7181
f 7182 7181 7154
f 7154 7181 7152
f 7167 7175 7183
f 7183 7175 7182
f 7183 7182 7156
f 7156 7182 7154
f 7167 7183 7165
f 7165 7183 7158
f 7165 7158 7160
f 7158 7183 7156
f 7184 7185 7186
f 7186 7185 7187
f 7186 7187 7188
f 7186 7188 7189
f 7189 7188 7190
f 7189 7190 7191
f 7191 7190 7192
f 7191 7192 7193
f 7193 7192 7194
f 7193 7194 7195
f 7195 7194 7196
f 7195 7196 7197
f 7197 7196 7198
f 7197 7198 7199
f 7199 7198 7148
f 7199 7148 7146
f 7199 7146 7200
f 7200 7146 7144
f 7200 7144 7201
f 7201 7144 7142
f 7201 7142 7202
f 7202 7203 7201
f 7201 7203 7204
f 7201 7204 7200
f 7200 7204 7205
f 7200 7205 7199
f 7199 7205 7197
f 7203 7206 7204
f 7204 7206 7207
f 7204 7207 7205
f 7205 7207 7208
f 7205 7208 7197
f 7197 7208 7195
f 7206 7209 7207
f 7207 7209 7210
f 7207 7210 7208
f 7208 7210 7211
f 7208 7211 7195
f 7195 7211 7193
f 7209 7212 7210
f 7210 7212 7213
f 7210 7213 7211
f 7211 7213 7214
f 7211 7214 7193
f 7193 7214 7191
f 7212 7215 7213
f 7213 7215 7216
f 7213 7216 7214
f 7214 7216 7217
f 7214 7217 7191
f 7191 7217 7189
f 7215 7218 7216
f 7216 7218 7219
f 7216 7219 7217
f 7217 7219 7220
f 7217 7220 7189
f 7189 7220 7186
f 7218 7221 7219
f 7219 7221 7222
f 7219 7222 7220
f 7220 7222 7184
f 7220 7184 7186
f 7184 7223 7185
f 7185 7223 7224
f 7185 7224 7225
f 7225 7224 7226
f 7225 7226 7227
f 7227 7226 7221
f 7227 7221 7228
f 7228 7221 7229
f 7228 7229 7230
f 7230 7229 7231
f 7230 7231 7185
f 7185 7231 7232
f 7185 7232 7233
f 7233 7232 7234
f 7233 7234 7235
f 7235 7234 7221
f 7235 7221 7236
f 7236 7221 7237
f 7236 7237 7238
f 7238 7237 7239
f 7238 7239 7185
f 7185 7239 7240
f 7185 7240 7241
f 7241 7240 7242
f 7241 7242 7243
f 7243 7242 7221
f 7243 7221 7244
f 7244 7221 7245
f 7244 7245 7246
f 7246 7245 7247
f 7246 7247 7248
f 7248 7247 7249
f 7248 7249 7250
f 7250 7249 7251
f 7250 7251 7252
f 7252 7251 7253
f 7252 7253 7254
f 7254 7253 7245
f 7254 7245 7255
f 7255 7245 7256
f 7255 7256 7257
f 7257 7256 7258
f 7257 7258 7250
f 7250 7258 7259
f 7250 7259 7260
f 7260 7259 7261
f 7260 7261 7262
f 7262 7261 7245
f 7262 7245 7263
f 7263 7245 7264
f 7263 7264 7265
f 7265 7264 7266
f 7265 7266 7250
f 7250 7266 7267
f 7250 7267 7268
f 7268 7267 7269
f 7268 7269 7270
f 7270 7269 7245
f 7245 7269 7271
f 7245 7271 7264
f 7264 7271 7266
f 7223 7184 7272
f 7272 7184 7222
f 7272 7222 7221
f 7270 7273 7268
f 7268 7273 7250
f 7248 7250 7274
f 7274 7250 7185
f 7274 7185 7275
f 7275 7185 7241
f 7275 7241 7243
f 7224 7223 7276
f 7276 7223 7272
f 7276 7272 7221
f 7230 7185 7277
f 7277 7185 7225
f 7277 7225 7227
f 7228 7230 7277
f 7228 7277 7227
f 7232 7231 7278
f 7278 7231 7229
f 7278 7229 7221
f 7238 7185 7279
f 7279 7185 7233
f 7279 7233 7235
f 7236 7238 7279
f 7236 7279 7235
f 7240 7239 7280
f 7280 7239 7237
f 7280 7237 7221
f 7246 7248 7274
f 7243 7244 7275
f 7275 7244 7274
f 7244 7246 7274
f 7251 7249 7281
f 7281 7249 7247
f 7281 7247 7245
f 7257 7250 7282
f 7282 7250 7252
f 7282 7252 7254
f 7255 7257 7282
f 7255 7282 7254
f 7259 7258 7283
f 7283 7258 7256
f 7283 7256 7245
f 7265 7250 7284
f 7284 7250 7260
f 7284 7260 7262
f 7263 7265 7284
f 7263 7284 7262
f 7269 7267 7271
f 7271 7267 7266
f 7221 7226 7276
f 7276 7226 7224
f 7221 7234 7278
f 7278 7234 7232
f 7221 7242 7280
f 7280 7242 7240
f 7245 7253 7281
f 7281 7253 7251
f 7245 7261 7283
f 7283 7261 7259
f 7285 7250 7286
f 7286 7250 7273
f 7286 7273 7287
f 7287 7273 7270
f 7287 7270 7288
f 7288 7270 7245
f 7288 7245 7289
f 7289 7290 7288
f 7288 7290 7291
f 7288 7291 7287
f 7287 7291 7292
f 7287 7292 7286
f 7286 7292 7293
f 7286 7293 7285
f 7285 7293 7294
f 7294 7293 7295
f 7294 7295 7296
f 7296 7295 7297
f 7296 7297 7298
f 7298 7297 7299
f 7299 7297 7300
f 7299 7300 7301
f 7301 7300 7302
f 7301 7302 7303
f 7303 7302 7304
f 7303 7304 7305
f 7305 7304 7306
f 7305 7306 7307
f 7307 7306 7308
f 7307 7308 7309
f 7290 7310 7291
f 7291 7310 7311
f 7291 7311 7292
f 7292 7311 7312
f 7292 7312 7293
f 7293 7312 7295
f 7310 7313 7311
f 7311 7313 7314
f 7311 7314 7312
f 7312 7314 7315
f 7312 7315 7295
f 7295 7315 7297
f 7313 7316 7314
f 7314 7316 7317
f 7314 7317 7315
f 7315 7317 7318
f 7315 7318 7297
f 7297 7318 7300
f 7316 7319 7317
f 7317 7319 7320
f 7317 7320 7318
f 7318 7320 7321
f 7318 7321 7300
f 7300 7321 7302
f 7319 7322 7320
f 7320 7322 7323
f 7320 7323 7321
f 7321 7323 7304
f 7321 7304 7302
f 7322 7324 7323
f 7323 7324 7306
f 7323 7306 7304
f 7324 7308 7306
f 7307 7309 7325
f 7325 7309 7326
f 7325 7326 7327
f 7327 7326 7328
f 7327 7328 7329
f 7329 7328 7330
f 7329 7330 7331
f 7331 7330 7332
f 7331 7332 7333
f 7333 7332 7334
f 7333 7334 7335
f 7335 7334 7336
f 7335 7336 7337
f 7335 7337 7338
f 7338 7337 7339
f 7338 7339 7340
f 7340 7339 7341
f 7340 7341 7342
f 7342 7343 7340
f 7340 7343 7344
f 7340 7344 7338
f 7338 7344 7345
f 7338 7345 7335
f 7335 7345 7333
f 7343 7346 7344
f 7344 7346 7347
f 7344 7347 7345
f 7345 7347 7348
f 7345 7348 7333
f 7333 7348 7331
f 7346 7349 7347
f 7347 7349 7350
f 7347 7350 7348
f 7348 7350 7351
f 7348 7351 7331
f 7331 7351 7329
f 7349 7352 7350
f 7350 7352 7353
f 7350 7353 7351
f 7351 7353 7354
f 7351 7354 7329
f 7329 7354 7327
f 7352 7355 7353
f 7353 7355 7356
f 7353 7356 7354
f 7354 7356 7357
f 7354 7357 7327
f 7327 7357 7325
f 7355 7358 7356
f 7356 7358 7359
f 7356 7359 7357
f 7357 7359 7360
f 7357 7360 7325
f 7325 7360 7307
f 7358 7361 7359
f 7359 7361 7362
f 7359 7362 7360
f 7360 7362 7305
f 7360 7305 7307
f 7361 7363 7362
f 7362 7363 7303
f 7362 7303 7305
f 7363 7301 7303
f 7364 7365 7336
f 7336 7365 7366
f 7336 7366 7337
f 7337 7366 7367
f 7337 7367 7339
f 7339 7367 7368
f 7339 7368 7341
f 7341 7368 7369
f 7341 7369 7370
f 7370 7369 7371
f 7370 7371 7372
f 7372 7371 7366
f 7372 7366 7373
f 7373 7366 7374
f 7373 7374 7375
f 7375 7374 7376
f 7375 7376 7377
f 7377 7376 7378
f 7377 7378 7379
f 7379 7378 7380
f 7379 7380 7381
f 7381 7380 7366
f 7381 7366 7382
f 7382 7366 7383
f 7382 7383 7384
f 7384 7385 7382
f 7382 7385 7386
f 7382 7386 7387
f 7387 7388 7382
f 7382 7388 7389
f 7382 7389 7390
f 7390 7389 7391
f 7390 7391 7392
f 7390 7392 7379
f 7379 7392 7377
f 7375 7377 7393
f 7393 7377 7341
f 7393 7341 7370
f 7379 7381 7390
f 7390 7381 7382
f 7374 7366 7394
f 7394 7366 7380
f 7394 7380 7378
f 7376 7374 7394
f 7376 7394 7378
f 7375 7393 7373
f 7373 7393 7372
f 7367 7366 7395
f 7395 7366 7371
f 7395 7371 7369
f 7393 7370 7372
f 7368 7367 7395
f 7368 7395 7369
f 7341 7377 7396
f 7396 7397 7341
f 7341 7397 7342
f 7342 7397 7398
f 7342 7398 7343
f 7343 7398 7399
f 7343 7399 7346
f 7346 7399 7400
f 7346 7400 7349
f 7349 7400 7401
f 7349 7401 7352
f 7352 7401 7402
f 7352 7402 7355
f 7355 7402 7403
f 7355 7403 7404
f 7405 7361 7404
f 7404 7361 7358
f 7404 7358 7355
f 7405 7406 7361
f 7361 7406 7363
f 7363 7406 7407
f 7363 7407 7301
f 7301 7407 7408
f 7301 7408 7299
f 7299 7408 7409
f 7299 7409 7298
f 7298 7409 7296
f 7296 7409 7410
f 7296 7410 7294
f 7294 7410 7411
f 7294 7411 7412
f 7294 7412 7285
f 7285 7412 7413
f 7285 7413 7250
f 7413 7414 7250
f 7250 7414 7185
f 7185 7414 7187
f 7187 7414 7415
f 7187 7415 7188
f 7188 7415 7416
f 7188 7416 7417
f 7418 7192 7417
f 7417 7192 7190
f 7417 7190 7188
f 7192 7418 7194
f 7194 7418 7419
f 7194 7419 7196
f 7196 7419 7420
f 7196 7420 7198
f 7198 7420 7421
f 7198 7421 7148
f 7148 7421 7422
f 7148 7422 7149
f 7149 7422 7423
f 7149 7423 7151
f 7151 7423 7153
f 7153 7423 7424
f 7153 7424 7155
f 7155 7424 7157
f 7157 7424 7425
f 7157 7425 7159
f 7159 7425 7161
f 7161 7425 7426
f 7161 7426 7162
f 7162 7426 7427
f 7427 7428 7162
f 7162 7428 7429
f 7162 7429 7430
f 7430 7429 7431
f 7430 7431 7432
f 7432 7431 7173
f 7432 7173 7170
f 7433 7434 7427
f 7427 7434 7435
f 7427 7435 7436
f 7436 7435 7437
f 7436 7437 7438
f 7438 7437 7173
f 7438 7173 7439
f 7439 7173 7440
f 7439 7440 7428
f 7428 7440 7429
f 7434 7433 7441
f 7441 7433 7442
f 7441 7442 7443
f 7443 7444 7441
f 7441 7444 7445
f 7441 7445 7446
f 7446 7445 7447
f 7446 7447 7448
f 7448 7447 7173
f 7448 7173 7437
f 7445 7444 7449
f 7449 7444 7450
f 7449 7450 7451
f 7451 7452 7449
f 7449 7452 7447
f 7449 7447 7445
f 7447 7453 7173
f 7173 7453 7454
f 7173 7454 7455
f 7432 7170 7456
f 7456 7170 7163
f 7456 7163 7162
f 7441 7446 7434
f 7434 7446 7448
f 7434 7448 7435
f 7435 7448 7437
f 7428 7427 7457
f 7457 7427 7436
f 7457 7436 7438
f 7439 7428 7457
f 7439 7457 7438
f 7456 7162 7430
f 7431 7429 7440
f 7432 7456 7430
f 7173 7431 7440
f 7458 7459 7460
f 7460 7459 7461
f 7460 7461 7462
f 7462 7461 7463
f 7463 7461 7464
f 7464 7461 7465
f 7464 7465 7466
f 7466 7465 7467
f 7467 7465 7468
f 7468 7465 7469
f 7469 7465 7057
f 7057 7465 7058
f 7058 7465 7470
f 7058 7470 7059
f 7059 7470 7471
f 7059 7471 7077
f 7077 7471 7472
f 7077 7472 7473
f 7473 7472 7474
f 7473 7474 7475
f 7475 7474 7476
f 7475 7476 7477
f 7476 7474 7458
f 7458 7474 7478
f 7458 7478 7459
f 7459 7478 7470
f 7459 7470 7461
f 7461 7470 7465
f 7475 7477 7479
f 7479 7477 7480
f 7479 7480 7481
f 7481 7480 7482
f 7481 7482 7483
f 7483 7482 7484
f 7483 7484 7485
f 7485 7484 7486
f 7485 7486 7082
f 7082 7486 7487
f 7082 7487 7083
f 7083 7487 7488
f 7083 7488 7084
f 7084 7488 7489
f 7084 7489 7490
f 7490 7489 7491
f 7490 7491 7492
f 7484 7493 7486
f 7486 7493 7489
f 7486 7489 7488
f 7493 7491 7489
f 7490 7492 7494
f 7494 7492 7495
f 7494 7495 7496
f 7496 7495 7497
f 7496 7497 7498
f 7498 7497 7499
f 7498 7499 7500
f 7500 7499 7501
f 7500 7501 7088
f 7088 7501 7502
f 7088 7502 7089
f 7089 7502 7501
f 7089 7501 7503
f 7503 7501 7504
f 7503 7504 7505
f 7499 7504 7501
f 7503 7505 7506
f 7506 7505 7507
f 7506 7507 7508
f 7508 7507 7509
f 7508 7509 7510
f 7510 7509 7511
f 7510 7511 7512
f 7510 7512 7513
f 7513 7512 7514
f 7513 7514 7515
f 7515 7514 7516
f 7515 7516 7517
f 7517 7516 7518
f 7517 7518 7519
f 7520 7521 7519
f 7519 7521 7522
f 7519 7522 7517
f 7517 7522 7139
f 7517 7139 7523
f 7523 7139 7140
f 7523 7140 7095
f 7521 7520 7524
f 7524 7520 7525
f 7524 7525 7526
f 7526 7525 7527
f 7526 7527 7528
f 7528 7527 7529
f 7528 7529 7530
f 7530 7529 7135
f 7530 7135 7531
f 7531 7135 7136
f 7531 7136 7528
f 7528 7136 7526
f 7527 7532 7529
f 7529 7532 7533
f 7529 7533 7135
f 7135 7533 7534
f 7135 7534 7134
f 7134 7534 7533
f 7134 7533 7535
f 7535 7533 7536
f 7535 7536 7537
f 7537 7536 7538
f 7537 7538 7539
f 7539 7538 7540
f 7539 7540 7541
f 7541 7540 7542
f 7541 7542 7131
f 7131 7542 7543
f 7131 7543 7130
f 7130 7543 7544
f 7130 7544 7545
f 7545 7544 7542
f 7545 7542 7546
f 7546 7542 7540
f 7532 7536 7533
f 7546 7547 7545
f 7545 7547 7548
f 7545 7548 7549
f 7549 7548 7550
f 7549 7550 7551
f 7551 7550 7552
f 7551 7552 7553
f 7553 7552 7554
f 7553 7554 7555
f 7555 7554 7556
f 7555 7556 7557
f 7557 7556 7558
f 7557 7558 7559
f 7559 7558 7560
f 7559 7560 7561
f 7561 7560 7562
f 7561 7562 7563
f 7563 7562 7564
f 7563 7564 7565
f 7565 7564 7566
f 7565 7566 7567
f 7565 7567 7568
f 7568 7567 7569
f 7568 7569 7570
f 7570 7569 7571
f 7570 7571 7120
f 7120 7571 7572
f 7120 7572 7119
f 7119 7572 7573
f 7573 7572 7574
f 7574 7572 7575
f 7575 7572 7576
f 7576 7572 7577
f 7577 7572 7578
f 7578 7572 7571
f 7578 7571 7579
f 7579 7571 7580
f 7580 7571 7581
f 7581 7571 7569
f 7570 7120 7582
f 7582 7120 7121
f 7582 7121 7570
f 7570 7121 7568
f 7568 7121 7583
f 7583 7121 7122
f 7583 7122 7568
f 7568 7122 7565
f 7565 7122 7584
f 7584 7122 7123
f 7584 7123 7585
f 7585 7123 7586
f 7585 7586 7561
f 7561 7586 7124
f 7561 7124 7559
f 7559 7124 7587
f 7559 7587 7125
f 7125 7587 7124
f 7123 7124 7586
f 7126 7588 7125
f 7125 7588 7557
f 7125 7557 7559
f 7127 7589 7126
f 7126 7589 7555
f 7126 7555 7557
f 7128 7590 7127
f 7127 7590 7553
f 7127 7553 7555
f 7129 7591 7128
f 7128 7591 7551
f 7128 7551 7553
f 7130 7592 7129
f 7129 7592 7549
f 7129 7549 7551
f 7541 7131 7593
f 7593 7131 7132
f 7593 7132 7541
f 7541 7132 7539
f 7539 7132 7594
f 7594 7132 7133
f 7594 7133 7595
f 7595 7133 7537
f 7595 7537 7594
f 7594 7537 7539
f 7134 7596 7133
f 7133 7596 7535
f 7133 7535 7537
f 7526 7136 7597
f 7597 7136 7137
f 7597 7137 7526
f 7526 7137 7524
f 7524 7137 7598
f 7598 7137 7138
f 7598 7138 7524
f 7524 7138 7521
f 7521 7138 7599
f 7599 7138 7139
f 7599 7139 7600
f 7600 7139 7522
f 7600 7522 7599
f 7599 7522 7521
f 7076 7601 7095
f 7095 7601 7515
f 7095 7515 7517
f 7075 7602 7076
f 7076 7602 7513
f 7076 7513 7515
f 7093 7603 7075
f 7075 7603 7510
f 7075 7510 7513
f 7092 7604 7093
f 7093 7604 7508
f 7093 7508 7510
f 7091 7605 7092
f 7092 7605 7506
f 7092 7506 7508
f 7090 7503 7091
f 7091 7503 7506
f 7091 7506 7605
f 7503 7090 7606
f 7606 7090 7089
f 7606 7089 7503
f 7500 7088 7607
f 7607 7088 7087
f 7607 7087 7608
f 7608 7087 7609
f 7608 7609 7496
f 7496 7609 7086
f 7496 7086 7494
f 7494 7086 7610
f 7494 7610 7085
f 7085 7610 7086
f 7087 7086 7609
f 7084 7611 7085
f 7085 7611 7490
f 7085 7490 7494
f 7485 7082 7612
f 7612 7082 7081
f 7612 7081 7485
f 7485 7081 7483
f 7483 7081 7613
f 7613 7081 7080
f 7613 7080 7483
f 7483 7080 7481
f 7481 7080 7614
f 7614 7080 7079
f 7614 7079 7481
f 7481 7079 7479
f 7479 7079 7615
f 7615 7079 7078
f 7615 7078 7479
f 7479 7078 7475
f 7475 7078 7473
f 7473 7078 7077
f 7474 7472 7478
f 7478 7472 7471
f 7478 7471 7470
f 7488 7487 7486
f 7490 7611 7084
f 7607 7608 7498
f 7498 7608 7496
f 7500 7607 7498
f 7508 7604 7092
f 7510 7603 7093
f 7513 7602 7075
f 7515 7601 7076
f 7517 7523 7095
f 7531 7528 7530
f 7535 7596 7134
f 7543 7542 7544
f 7545 7549 7130
f 7130 7549 7592
f 7551 7591 7129
f 7553 7590 7128
f 7555 7589 7127
f 7557 7588 7126
f 7584 7585 7563
f 7563 7585 7561
f 7565 7584 7563
f 6969 7119 6970
f 6970 7119 7573
f 6970 7573 7616
f 7616 7573 7574
f 7616 7574 7617
f 7617 7574 7575
f 7617 7575 7618
f 7618 7575 7576
f 7618 7576 7619
f 7619 7576 7577
f 7619 7577 7620
f 7620 7577 7578
f 7620 7578 7621
f 7621 7578 7622
f 7622 7578 7579
f 7622 7579 7623
f 7623 7579 7580
f 6970 6741 6969
f 7622 7623 7624
f 7624 7623 7625
f 7624 7625 7626
f 7626 7625 7627
f 7626 7627 7628
f 7628 7627 7629
f 7628 7629 7630
f 7630 7629 6990
f 7630 6990 6989
f 7627 7631 7629
f 7629 7631 7632
f 7629 7632 6990
f 6990 7632 7633
f 6990 7633 6991
f 6991 7633 7632
f 6991 7632 7634
f 7634 7632 7635
f 7634 7635 7636
f 7631 7635 7632
f 7634 7636 7637
f 7637 7636 7638
f 7637 7638 7639
f 7639 7638 7640
f 7639 7640 7641
f 7641 7640 7642
f 7641 7642 6995
f 6995 7642 6996
f 6996 7642 7643
f 6996 7643 7644
f 7644 7643 7645
f 7644 7645 7646
f 7638 7647 7640
f 7640 7647 7643
f 7640 7643 7642
f 7647 7645 7643
f 7648 7649 7646
f 7646 7649 7650
f 7646 7650 7644
f 7644 7650 6997
f 7644 6997 7651
f 7651 6997 6996
f 7651 6996 7644
f 7649 7648 7652
f 7652 7648 7653
f 7652 7653 7654
f 7654 7653 7655
f 7654 7655 7656
f 7656 7655 7657
f 7656 7657 7001
f 7001 7657 7658
f 7001 7658 7002
f 7002 7658 7657
f 7002 7657 7003
f 7003 7657 7659
f 7003 7659 7660
f 7660 7659 7004
f 7660 7004 7003
f 7655 7661 7657
f 7657 7661 7659
f 7661 7662 7659
f 7659 7662 7663
f 7659 7663 7004
f 7004 7663 7664
f 7004 7664 7005
f 7005 7664 7663
f 7005 7663 7665
f 7665 7663 7666
f 7665 7666 7667
f 7662 7666 7663
f 7665 7667 7668
f 7668 7667 7669
f 7668 7669 7670
f 7670 7669 7671
f 7670 7671 7672
f 7672 7671 7673
f 7672 7673 7674
f 7674 7673 7675
f 7674 7675 7676
f 7676 7675 7677
f 7676 7677 7678
f 7678 7677 7679
f 7678 7679 7680
f 7680 7679 7681
f 7680 7681 7682
f 7682 7681 7683
f 7682 7683 7037
f 7037 7683 7038
f 7038 7683 7684
f 7038 7684 7685
f 7685 7684 7686
f 7685 7686 7687
f 7687 7686 7688
f 7687 7688 7689
f 7689 7688 7690
f 7689 7690 7691
f 7691 7690 7692
f 7691 7692 7693
f 7693 7692 7694
f 7693 7694 7695
f 7695 7694 7044
f 7695 7044 7043
f 7679 7696 7681
f 7681 7696 7684
f 7681 7684 7683
f 7696 7686 7684
f 7692 7697 7694
f 7694 7697 7698
f 7694 7698 7044
f 7044 7698 7699
f 7044 7699 7045
f 7045 7699 7698
f 7045 7698 7700
f 7700 7698 7701
f 7700 7701 7702
f 7697 7703 7698
f 7698 7703 7701
f 7700 7702 7704
f 7704 7702 7705
f 7704 7705 7706
f 7706 7705 7707
f 7706 7707 7708
f 7706 7708 7709
f 7709 7708 7710
f 7709 7710 7711
f 7711 7710 7712
f 7711 7712 7713
f 7713 7712 7714
f 7713 7714 7715
f 7715 7714 7716
f 7715 7716 7717
f 7717 7716 7718
f 7717 7718 7719
f 7719 7718 7720
f 7719 7720 7721
f 7721 7720 7722
f 7721 7722 7723
f 7723 7722 7724
f 7723 7724 7725
f 7725 7724 7726
f 7725 7726 7727
f 7727 7726 7728
f 7727 7728 7729
f 7729 7730 7727
f 7727 7730 7731
f 7727 7731 7732
f 7732 7731 7733
f 7732 7733 7734
f 7734 7735 7732
f 7732 7735 7031
f 7732 7031 7056
f 7735 7032 7031
f 7732 7056 7736
f 7736 7056 7055
f 7736 7055 7737
f 7737 7055 7738
f 7737 7738 7721
f 7721 7738 7719
f 7055 7054 7738
f 7738 7054 7739
f 7738 7739 7719
f 7719 7739 7717
f 7054 7053 7739
f 7739 7053 7740
f 7739 7740 7717
f 7717 7740 7715
f 7740 7053 7741
f 7741 7053 7052
f 7741 7052 7715
f 7715 7052 7713
f 7713 7052 7742
f 7742 7052 7051
f 7742 7051 7743
f 7743 7051 7050
f 7743 7050 7744
f 7744 7050 7049
f 7744 7049 7709
f 7709 7049 7706
f 7706 7049 7745
f 7745 7049 7048
f 7745 7048 7706
f 7706 7048 7704
f 7704 7048 7746
f 7746 7048 7047
f 7746 7047 7046
f 7045 7747 7046
f 7046 7747 7700
f 7046 7700 7704
f 7695 7043 7748
f 7748 7043 7042
f 7748 7042 7693
f 7693 7042 7691
f 7691 7042 7749
f 7749 7042 7041
f 7749 7041 7691
f 7691 7041 7689
f 7689 7041 7750
f 7750 7041 7040
f 7750 7040 7689
f 7689 7040 7687
f 7687 7040 7751
f 7751 7040 7039
f 7751 7039 7752
f 7752 7039 7038
f 7752 7038 7685
f 7682 7037 7753
f 7753 7037 7036
f 7753 7036 7680
f 7680 7036 7678
f 7678 7036 7754
f 7754 7036 7035
f 7754 7035 7678
f 7678 7035 7676
f 7676 7035 7755
f 7755 7035 7034
f 7755 7034 7756
f 7756 7034 7033
f 7756 7033 7674
f 7674 7033 7672
f 7672 7033 7757
f 7757 7033 7007
f 7757 7007 7672
f 7672 7007 7670
f 7670 7007 7758
f 7758 7007 6988
f 7758 6988 7670
f 7670 6988 7668
f 7668 6988 7759
f 7759 6988 6987
f 7759 6987 7668
f 7668 6987 7665
f 7665 6987 7760
f 7760 6987 7005
f 7760 7005 7665
f 7656 7001 7761
f 7761 7001 7000
f 7761 7000 7656
f 7656 7000 7654
f 7654 7000 7762
f 7762 7000 6999
f 7762 6999 7763
f 7763 6999 6998
f 7763 6998 7652
f 7652 6998 7649
f 6997 7764 6998
f 6998 7764 7765
f 6998 7765 7649
f 7649 7765 7650
f 6995 6994 7641
f 7641 6994 7766
f 7641 7766 7639
f 7639 7766 6993
f 7639 6993 7637
f 7637 6993 7767
f 7637 7767 6992
f 6992 7767 6993
f 6994 6993 7766
f 6991 7768 6992
f 6992 7768 7634
f 6992 7634 7637
f 7630 6989 7769
f 7769 6989 6971
f 7769 6971 7770
f 7770 6971 7771
f 7770 7771 7624
f 7624 7771 7620
f 7624 7620 7621
f 6971 6970 7771
f 7771 6970 7616
f 7771 7616 7617
f 7617 7618 7771
f 7771 7618 7619
f 7771 7619 7620
f 7621 7622 7624
f 7770 7624 7626
f 7628 7630 7769
f 7770 7626 7769
f 7769 7626 7628
f 6991 7634 7768
f 7765 7764 7650
f 7650 7764 6997
f 7762 7763 7652
f 7654 7762 7652
f 7755 7756 7674
f 7755 7674 7676
f 7682 7753 7680
f 7752 7685 7751
f 7751 7685 7687
f 7748 7693 7695
f 7700 7747 7045
f 7704 7746 7046
f 7743 7744 7709
f 7743 7709 7711
f 7742 7743 7711
f 7713 7742 7711
f 7740 7741 7715
f 7737 7721 7723
f 7736 7737 7723
f 7736 7723 7725
f 7732 7736 7725
f 7727 7732 7725
f 6237 7772 7726
f 7726 7772 7773
f 7726 7773 7774
f 7774 7775 7726
f 7726 7775 7776
f 7726 7776 7364
f 7336 7730 7364
f 7364 7730 7729
f 7364 7729 7728
f 7334 7734 7336
f 7336 7734 7733
f 7336 7733 7731
f 7734 7334 7735
f 7735 7334 7332
f 7735 7332 7330
f 7330 7328 7735
f 7735 7328 7326
f 7735 7326 7309
f 7309 7308 7735
f 7735 7308 7324
f 7735 7324 7322
f 7735 7322 7032
f 7032 7322 7319
f 7032 7319 7316
f 7316 7313 7032
f 7032 7313 7310
f 7032 7310 6838
f 6838 7310 7290
f 6838 7290 7289
f 7289 7245 6838
f 6838 7245 6890
f 6890 7245 7221
f 6890 7221 7218
f 7218 7215 6890
f 6890 7215 7212
f 6890 7212 7057
f 7057 7212 7209
f 7057 7209 7206
f 7206 7203 7057
f 7057 7203 7202
f 7057 7202 7469
f 7469 7202 7142
f 7469 7142 7141
f 7141 7178 7469
f 7469 7178 7176
f 7469 7176 7169
f 7169 7168 7469
f 7469 7168 7172
f 7469 7172 7174
f 7469 7174 7468
f 7468 7174 7173
f 7468 7173 7467
f 7467 7173 7466
f 7466 7173 7464
f 7464 7173 7455
f 7464 7455 7463
f 7463 7455 7462
f 7462 7455 7460
f 7460 7455 7777
f 7460 7777 7778
f 7778 7779 7460
f 7460 7779 7780
f 7460 7780 7781
f 7781 6251 7460
f 7731 7730 7336
f 7728 7726 7364
f 6170 7782 6230
f 6230 7782 7783
f 7783 7782 7784
f 7783 7784 7785
f 7785 7784 7786
f 7785 7786 7787
f 7787 7786 7788
f 7787 7788 7789
f 7790 7791 7792
f 7792 7791 7793
f 7792 7793 7794
f 7794 7793 7795
f 7794 7795 7796
f 7796 7795 7797
f 7796 7797 6245
f 6245 7797 6239
f 7364 7776 7365
f 7365 7776 6231
f 7365 6231 7366
f 7366 6231 7383
f 6231 7776 6232
f 6232 7776 7775
f 6232 7775 6233
f 6233 7775 6234
f 6234 7775 6235
f 6235 7775 7774
f 6235 7774 6236
f 6236 7774 7773
f 6236 7773 6238
f 6238 7773 7772
f 6238 7772 6237
f 6231 7798 7383
f 7383 7798 7799
f 7383 7799 7800
f 7800 7799 7801
f 7800 7801 7802
f 7802 7801 7803
f 7802 7803 7804
f 7804 7803 6228
f 7804 6228 7805
f 7805 6228 6227
f 7805 6227 7806
f 7806 6227 6172
f 7806 6172 7807
f 7807 6172 6171
f 7807 6171 6169
f 7798 6231 7808
f 7808 6231 6229
f 7808 6229 7809
f 7809 6229 6228
f 7809 6228 7803
f 7807 6169 7810
f 7810 6169 6167
f 7810 6167 7811
f 7811 6167 7812
f 7811 7812 7813
f 7813 7812 7814
f 7813 7814 7815
f 7815 7814 7816
f 7815 7816 7389
f 7389 7816 7391
f 7391 7816 7817
f 7391 7817 7818
f 7818 7817 7819
f 7818 7819 7820
f 7820 7819 7821
f 7820 7821 7822
f 7822 7821 6175
f 6175 7821 7823
f 6175 7823 6165
f 6165 7823 7824
f 6165 7824 6167
f 6167 7824 7812
f 7822 7825 7820
f 7820 7825 7826
f 7820 7826 7818
f 7818 7826 7392
f 7818 7392 7391
f 7825 7377 7826
f 7826 7377 7392
f 7389 7388 7815
f 7815 7388 7827
f 7815 7827 7813
f 7813 7827 7828
f 7813 7828 7811
f 7811 7828 7810
f 7388 7387 7827
f 7827 7387 7829
f 7827 7829 7828
f 7828 7829 7830
f 7828 7830 7810
f 7810 7830 7807
f 7387 7386 7829
f 7829 7386 7831
f 7829 7831 7830
f 7830 7831 7832
f 7830 7832 7807
f 7807 7832 7806
f 7831 7386 7833
f 7833 7386 7385
f 7833 7385 7834
f 7834 7385 7835
f 7834 7835 7836
f 7836 7835 7802
f 7836 7802 7804
f 7385 7384 7835
f 7835 7384 7800
f 7835 7800 7802
f 7384 7383 7800
f 7832 7831 7833
f 7833 7834 7837
f 7837 7834 7836
f 7837 7836 7805
f 7805 7836 7804
f 7817 7816 7838
f 7838 7816 7814
f 7838 7814 7824
f 7824 7814 7812
f 7838 7824 7823
f 7838 7823 7819
f 7819 7823 7821
f 7837 7805 7806
f 7837 7806 7832
f 7798 7808 7809
f 7798 7809 7801
f 7801 7809 7803
f 7817 7838 7819
f 7833 7837 7832
f 7799 7798 7801
f 7825 7839 7377
f 7377 7839 7840
f 7377 7840 7841
f 7841 7840 7842
f 7841 7842 7843
f 7843 7842 6175
f 7843 6175 7844
f 7844 6175 7845
f 7844 7845 7846
f 7846 7845 7847
f 7846 7847 7377
f 7377 7847 7848
f 7377 7848 7849
f 7849 7848 7850
f 7849 7850 7851
f 7851 7850 6216
f 7851 6216 7852
f 7852 6216 7853
f 7852 7853 7854
f 7854 7853 7855
f 7854 7855 7396
f 7396 7855 7856
f 7396 7856 7857
f 7857 7856 7858
f 7857 7858 7859
f 7859 7858 6216
f 7859 6216 7860
f 7860 6216 7861
f 7860 7861 7862
f 7862 7861 7863
f 7862 7863 7396
f 7839 7825 7864
f 7864 7825 7822
f 7864 7822 6175
f 6216 7850 6175
f 6175 7850 7865
f 6175 7865 7845
f 7845 7865 7847
f 7377 7849 7396
f 7396 7849 7866
f 7396 7866 7854
f 7854 7866 7852
f 7840 7839 7867
f 7867 7839 7864
f 7867 7864 6175
f 7846 7377 7868
f 7868 7377 7841
f 7868 7841 7843
f 7844 7846 7868
f 7844 7868 7843
f 7850 7848 7865
f 7865 7848 7847
f 7852 7866 7851
f 7851 7866 7849
f 7856 7855 7869
f 7869 7855 7853
f 7869 7853 6216
f 7862 7396 7870
f 7870 7396 7857
f 7870 7857 7859
f 7860 7862 7870
f 7860 7870 7859
f 6175 7842 7867
f 7867 7842 7840
f 6216 7858 7869
f 7869 7858 7856
f 7397 7396 7871
f 7871 7396 7863
f 7871 7863 7872
f 7872 7863 7861
f 7872 7861 7873
f 7873 7861 6216
f 7873 6216 6215
f 6215 6214 7873
f 7873 6214 7874
f 7873 7874 7872
f 7872 7874 7875
f 7872 7875 7871
f 7871 7875 7876
f 7871 7876 7398
f 7398 7876 7399
f 7399 7876 7877
f 7399 7877 7400
f 7400 7877 7878
f 7400 7878 7401
f 7401 7878 7879
f 7401 7879 7402
f 7402 7879 7880
f 7402 7880 7403
f 7403 7880 7881
f 7403 7881 7404
f 7404 7881 7882
f 7404 7882 7405
f 7405 7882 7883
f 7405 7883 7406
f 7406 7883 7884
f 7406 7884 7407
f 7407 7884 7885
f 7407 7885 7408
f 7408 7885 7886
f 7408 7886 7409
f 7409 7886 7887
f 7409 7887 7410
f 7410 7887 7888
f 7410 7888 7411
f 7411 7888 7889
f 7411 7889 7412
f 7412 7889 7413
f 7413 7889 7890
f 7890 7889 7891
f 7891 7889 7892
f 7891 7892 7893
f 7893 7892 7894
f 7893 7894 6132
f 6132 7894 6200
f 6200 7894 7895
f 6200 7895 6201
f 6201 7895 6202
f 6202 7895 7896
f 6202 7896 7897
f 7897 7896 7898
f 7897 7898 7899
f 7899 7898 7885
f 7899 7885 7884
f 6214 6213 7874
f 7874 6213 7900
f 7874 7900 7875
f 7875 7900 7901
f 7875 7901 7876
f 7876 7901 7877
f 6213 6211 7900
f 7900 6211 7902
f 7900 7902 7901
f 7901 7902 7903
f 7901 7903 7877
f 7877 7903 7878
f 6211 6210 7902
f 7902 6210 7904
f 7902 7904 7903
f 7903 7904 7905
f 7903 7905 7878
f 7878 7905 7879
f 6210 6209 7904
f 7904 6209 7906
f 7904 7906 7905
f 7905 7906 7907
f 7905 7907 7879
f 7879 7907 7880
f 6209 6208 7906
f 7906 6208 7908
f 7906 7908 7907
f 7907 7908 7909
f 7907 7909 7880
f 7880 7909 7881
f 6208 6207 7908
f 7908 6207 7910
f 7908 7910 7909
f 7909 7910 7911
f 7909 7911 7881
f 7881 7911 7882
f 7910 6207 7912
f 7912 6207 6206
f 7912 6206 6205
f 7912 6205 7913
f 7913 6205 6204
f 7913 6204 7914
f 7914 6204 6203
f 7914 6203 7897
f 7897 6203 6202
f 7398 7397 7871
f 7883 7882 7915
f 7915 7882 7911
f 7915 7911 7912
f 7912 7911 7910
f 7884 7883 7916
f 7916 7883 7915
f 7916 7915 7913
f 7913 7915 7912
f 7885 7898 7886
f 7886 7898 7917
f 7886 7917 7887
f 7887 7917 7918
f 7887 7918 7888
f 7888 7918 7892
f 7888 7892 7889
f 7884 7916 7899
f 7899 7916 7914
f 7899 7914 7897
f 7914 7916 7913
f 7898 7896 7917
f 7917 7896 7895
f 7917 7895 7918
f 7918 7895 7894
f 7918 7894 7892
f 7890 7919 7413
f 7413 7919 7920
f 7413 7920 7921
f 7921 7920 7922
f 7921 7922 7923
f 7923 7922 7924
f 7923 7924 7925
f 7925 7924 6132
f 7925 6132 7926
f 7926 6132 7927
f 7926 7927 7928
f 7928 7927 7929
f 7928 7929 7930
f 7930 7929 7931
f 7930 7931 7413
f 7413 7931 7932
f 7413 7932 7933
f 7933 7932 7934
f 7933 7934 7935
f 7935 7934 7936
f 7935 7936 7937
f 7937 7936 6132
f 7937 6132 7938
f 7938 6132 7939
f 7938 7939 7940
f 7940 7939 7941
f 7940 7941 7942
f 7942 7941 7943
f 7942 7943 7413
f 7413 7943 7944
f 7413 7944 7945
f 7945 7944 7946
f 7945 7946 7947
f 7947 7946 7948
f 7947 7948 7949
f 7949 7948 6132
f 7949 6132 7950
f 7950 6132 7951
f 7950 7951 7952
f 7952 7951 7953
f 7952 7953 7954
f 7954 7953 7955
f 7954 7955 7413
f 7413 7955 7956
f 7413 7956 7957
f 7957 7956 7958
f 7957 7958 7959
f 7959 7958 7960
f 7959 7960 7961
f 7961 7960 6132
f 7961 6132 7962
f 7962 6132 7963
f 7962 7963 7964
f 7964 7963 7965
f 7964 7965 7966
f 7966 7965 7967
f 7966 7967 7413
f 7413 7967 7968
f 7413 7968 7969
f 7969 7968 7970
f 7969 7970 7971
f 7971 7970 7972
f 7971 7972 7973
f 7973 7972 6132
f 7973 6132 7974
f 7974 6132 7975
f 7974 7975 7976
f 7976 7975 7977
f 7976 7977 7978
f 7978 7977 7979
f 7978 7979 7413
f 7413 7979 7980
f 7413 7980 7981
f 7981 7980 7982
f 7981 7982 7983
f 7983 7982 7984
f 7983 7984 7985
f 7985 7984 6132
f 7985 6132 7986
f 7986 6132 7987
f 7986 7987 7988
f 7988 7987 7989
f 7988 7989 7990
f 7990 7989 7991
f 7990 7991 7413
f 7413 7991 7992
f 7413 7992 7414
f 7414 7992 7993
f 7414 7993 7994
f 7994 7993 7995
f 7994 7995 7996
f 7996 7995 7997
f 7996 7997 7998
f 7998 7997 6134
f 7998 6134 7999
f 7999 6134 8000
f 7999 8000 8001
f 8001 8000 8002
f 8001 8002 8003
f 8003 8002 8004
f 8003 8004 7414
f 7414 8004 8005
f 7414 8005 8006
f 8006 8005 8007
f 8006 8007 8008
f 8008 8007 8009
f 8008 8009 8010
f 8010 8009 6134
f 8010 6134 8011
f 8011 6134 8012
f 8011 8012 8013
f 8013 8012 8014
f 8013 8014 8015
f 8015 8014 8016
f 8015 8016 7414
f 7414 8016 8017
f 7414 8017 8018
f 8018 8017 8019
f 8018 8019 8020
f 8020 8019 8021
f 8020 8021 8022
f 8022 8021 6134
f 8022 6134 8023
f 8023 6134 8024
f 8023 8024 8025
f 8025 8024 8026
f 8025 8026 8027
f 8027 8026 8028
f 8027 8028 7414
f 7414 8028 8029
f 7414 8029 8030
f 8030 8029 8031
f 8030 8031 8032
f 8032 8031 8033
f 8032 8033 8034
f 8034 8033 6134
f 8034 6134 8035
f 8035 6134 8036
f 8035 8036 8037
f 8037 8036 8038
f 8037 8038 8039
f 8039 8038 8040
f 8039 8040 7414
f 7414 8040 8041
f 7414 8041 8042
f 8042 8041 8043
f 8042 8043 8044
f 8044 8043 8045
f 8044 8045 8046
f 8046 8045 6134
f 8046 6134 8047
f 8047 6134 8048
f 8047 8048 8049
f 8049 8048 8050
f 8049 8050 8051
f 8051 8050 8052
f 8051 8052 7414
f 7414 8052 8053
f 7414 8053 8054
f 8054 8053 8055
f 8054 8055 8056
f 8056 8055 8057
f 8056 8057 8058
f 8058 8057 6134
f 8058 6134 8059
f 8059 6134 8060
f 8059 8060 8061
f 8061 8060 8062
f 8061 8062 8063
f 8063 8062 8064
f 8063 8064 7414
f 7414 8064 8065
f 8065 8064 8066
f 8066 8064 8062
f 8066 8062 8067
f 8067 8062 8060
f 8067 8060 6134
f 7919 7890 8068
f 8068 7890 7891
f 8068 7891 8069
f 8069 7891 7893
f 8069 7893 6132
f 6132 6134 7987
f 7987 6134 8070
f 7987 8070 7989
f 7989 8070 8071
f 7989 8071 7991
f 7991 8071 7992
f 7920 7919 8072
f 8072 7919 8068
f 8072 8068 8073
f 8073 8068 8069
f 8073 8069 6132
f 7921 8074 7413
f 7413 8074 8075
f 7413 8075 7930
f 7930 8075 7928
f 7921 7923 8074
f 8074 7923 8076
f 8074 8076 8075
f 8075 8076 7928
f 7932 7931 8077
f 8077 7931 7929
f 8077 7929 8078
f 8078 7929 7927
f 8078 7927 6132
f 7933 8079 7413
f 7413 8079 8080
f 7413 8080 7942
f 7942 8080 7940
f 7933 7935 8079
f 8079 7935 8081
f 8079 8081 8080
f 8080 8081 7940
f 7944 7943 8082
f 8082 7943 7941
f 8082 7941 8083
f 8083 7941 7939
f 8083 7939 6132
f 7945 8084 7413
f 7413 8084 8085
f 7413 8085 7954
f 7954 8085 7952
f 7945 7947 8084
f 8084 7947 8086
f 8084 8086 8085
f 8085 8086 7952
f 7956 7955 8087
f 8087 7955 7953
f 8087 7953 8088
f 8088 7953 7951
f 8088 7951 6132
f 7957 8089 7413
f 7413 8089 8090
f 7413 8090 7966
f 7966 8090 7964
f 7957 7959 8089
f 8089 7959 8091
f 8089 8091 8090
f 8090 8091 7964
f 7968 7967 8092
f 8092 7967 7965
f 8092 7965 8093
f 8093 7965 7963
f 8093 7963 6132
f 7969 8094 7413
f 7413 8094 8095
f 7413 8095 7978
f 7978 8095 7976
f 7969 7971 8094
f 8094 7971 8096
f 8094 8096 8095
f 8095 8096 7976
f 7980 7979 8097
f 8097 7979 7977
f 8097 7977 8098
f 8098 7977 7975
f 8098 7975 6132
f 7981 8099 7413
f 7413 8099 8100
f 7413 8100 7990
f 7990 8100 7988
f 7981 7983 8099
f 8099 7983 8101
f 8099 8101 8100
f 8100 8101 7988
f 7993 7992 8102
f 8102 7992 8071
f 8102 8071 8103
f 8103 8071 8070
f 8103 8070 6134
f 7994 8104 7414
f 7414 8104 8105
f 7414 8105 8003
f 8003 8105 8001
f 7994 7996 8104
f 8104 7996 8106
f 8104 8106 8105
f 8105 8106 8001
f 8005 8004 8107
f 8107 8004 8002
f 8107 8002 8108
f 8108 8002 8000
f 8108 8000 6134
f 8006 8109 7414
f 7414 8109 8110
f 7414 8110 8015
f 8015 8110 8013
f 8006 8008 8109
f 8109 8008 8111
f 8109 8111 8110
f 8110 8111 8013
f 8017 8016 8112
f 8112 8016 8014
f 8112 8014 8113
f 8113 8014 8012
f 8113 8012 6134
f 8018 8114 7414
f 7414 8114 8115
f 7414 8115 8027
f 8027 8115 8025
f 8018 8020 8114
f 8114 8020 8116
f 8114 8116 8115
f 8115 8116 8025
f 8029 8028 8117
f 8117 8028 8026
f 8117 8026 8118
f 8118 8026 8024
f 8118 8024 6134
f 8030 8119 7414
f 7414 8119 8120
f 7414 8120 8039
f 8039 8120 8037
f 8030 8032 8119
f 8119 8032 8121
f 8119 8121 8120
f 8120 8121 8037
f 8041 8040 8122
f 8122 8040 8038
f 8122 8038 8123
f 8123 8038 8036
f 8123 8036 6134
f 8042 8124 7414
f 7414 8124 8125
f 7414 8125 8051
f 8051 8125 8049
f 8042 8044 8124
f 8124 8044 8126
f 8124 8126 8125
f 8125 8126 8049
f 8053 8052 8127
f 8127 8052 8050
f 8127 8050 8128
f 8128 8050 8048
f 8128 8048 6134
f 8054 8129 7414
f 7414 8129 8130
f 7414 8130 8063
f 8063 8130 8061
f 8054 8056 8129
f 8129 8056 8131
f 8129 8131 8130
f 8130 8131 8061
f 7920 8072 7922
f 7922 8072 8132
f 7922 8132 7924
f 7924 8132 6132
f 8132 8072 8073
f 7926 7928 8076
f 7926 8076 7925
f 7925 8076 7923
f 7932 8077 7934
f 7934 8077 8133
f 7934 8133 7936
f 7936 8133 6132
f 8133 8077 8078
f 7938 7940 8081
f 7938 8081 7937
f 7937 8081 7935
f 7944 8082 7946
f 7946 8082 8134
f 7946 8134 7948
f 7948 8134 6132
f 8134 8082 8083
f 7950 7952 8086
f 7950 8086 7949
f 7949 8086 7947
f 7956 8087 7958
f 7958 8087 8135
f 7958 8135 7960
f 7960 8135 6132
f 8135 8087 8088
f 7962 7964 8091
f 7962 8091 7961
f 7961 8091 7959
f 7968 8092 7970
f 7970 8092 8136
f 7970 8136 7972
f 7972 8136 6132
f 8136 8092 8093
f 7974 7976 8096
f 7974 8096 7973
f 7973 8096 7971
f 7980 8097 7982
f 7982 8097 8137
f 7982 8137 7984
f 7984 8137 6132
f 8137 8097 8098
f 7986 7988 8101
f 7986 8101 7985
f 7985 8101 7983
f 7993 8102 7995
f 7995 8102 8138
f 7995 8138 7997
f 7997 8138 6134
f 8138 8102 8103
f 7999 8001 8106
f 7999 8106 7998
f 7998 8106 7996
f 8005 8107 8007
f 8007 8107 8139
f 8007 8139 8009
f 8009 8139 6134
f 8139 8107 8108
f 8011 8013 8111
f 8011 8111 8010
f 8010 8111 8008
f 8017 8112 8019
f 8019 8112 8140
f 8019 8140 8021
f 8021 8140 6134
f 8140 8112 8113
f 8023 8025 8116
f 8023 8116 8022
f 8022 8116 8020
f 8029 8117 8031
f 8031 8117 8141
f 8031 8141 8033
f 8033 8141 6134
f 8141 8117 8118
f 8035 8037 8121
f 8035 8121 8034
f 8034 8121 8032
f 8041 8122 8043
f 8043 8122 8142
f 8043 8142 8045
f 8045 8142 6134
f 8142 8122 8123
f 8047 8049 8126
f 8047 8126 8046
f 8046 8126 8044
f 8053 8127 8055
f 8055 8127 8143
f 8055 8143 8057
f 8057 8143 6134
f 8143 8127 8128
f 8059 8061 8131
f 8059 8131 8058
f 8058 8131 8056
f 6132 8132 8073
f 6132 8133 8078
f 6132 8134 8083
f 6132 8135 8088
f 6132 8136 8093
f 6132 8137 8098
f 6134 8138 8103
f 6134 8139 8108
f 6134 8140 8113
f 6134 8141 8118
f 6134 8142 8123
f 6134 8143 8128
f 6193 6192 8144
f 8144 6192 8145
f 8144 8145 8146
f 8146 8145 8147
f 8146 8147 8148
f 8148 8147 7422
f 8148 7422 7421
f 8148 7421 8149
f 8149 7421 7420
f 8149 7420 8150
f 8150 7420 7419
f 8150 7419 8151
f 8151 7419 7418
f 8151 7418 8152
f 8152 7418 7417
f 8152 7417 8153
f 8153 7417 7416
f 8153 7416 8154
f 8154 7416 7415
f 8154 7415 8155
f 8155 7415 7414
f 8155 7414 8065
f 8155 8065 8156
f 8156 8065 8066
f 8156 8066 8067
f 8156 8067 8157
f 8157 8067 6134
f 8157 6134 6199
f 6199 6198 8157
f 8157 6198 8158
f 8157 8158 8156
f 8156 8158 8159
f 8156 8159 8155
f 8155 8159 8154
f 6198 6197 8158
f 8158 6197 8160
f 8158 8160 8159
f 8159 8160 8161
f 8159 8161 8154
f 8154 8161 8153
f 6197 6196 8160
f 8160 6196 8162
f 8160 8162 8161
f 8161 8162 8163
f 8161 8163 8153
f 8153 8163 8152
f 8162 6196 8164
f 8164 6196 6195
f 8164 6195 8165
f 8165 6195 6194
f 8165 6194 8166
f 8166 6194 6193
f 8166 6193 8144
f 8166 8144 8167
f 8167 8144 8146
f 8167 8146 8149
f 8149 8146 8148
f 8165 8166 8168
f 8168 8166 8167
f 8168 8167 8150
f 8150 8167 8149
f 8163 8162 8164
f 8164 8165 8169
f 8169 8165 8168
f 8169 8168 8151
f 8151 8168 8150
f 8152 8163 8169
f 8169 8163 8164
f 8152 8169 8151
f 8170 7426 8171
f 8171 7426 7425
f 8171 7425 8172
f 8172 7425 8173
f 8172 8173 8174
f 8174 8173 8175
f 8174 8175 8176
f 8176 8175 8177
f 8176 8177 6185
f 6185 8177 6190
f 6190 8177 8178
f 6190 8178 6191
f 6191 8178 8179
f 6191 8179 6192
f 6192 8179 8145
f 8145 8179 8180
f 8145 8180 8147
f 8147 8180 8181
f 8147 8181 7422
f 7422 8181 7423
f 7423 8181 8182
f 7423 8182 7424
f 7424 8182 8173
f 7424 8173 7425
f 8176 6185 8183
f 8183 6185 6187
f 8183 6187 8184
f 8183 8184 8185
f 8185 8184 8170
f 8185 8170 8171
f 8175 8173 8182
f 8182 8181 8186
f 8186 8181 8180
f 8186 8180 8178
f 8178 8180 8179
f 8185 8171 8172
f 8185 8172 8174
f 8177 8175 8186
f 8186 8175 8182
f 8177 8186 8178
f 8183 8185 8174
f 8183 8174 8176
f 8170 8187 7426
f 7426 8187 8188
f 7426 8188 8189
f 8189 8188 8190
f 8189 8190 8191
f 8191 8190 6187
f 8191 6187 8192
f 8192 6187 8193
f 8192 8193 8194
f 8194 8193 8195
f 8194 8195 7426
f 7426 8195 8196
f 7426 8196 8197
f 8197 8196 8198
f 8197 8198 8199
f 8199 8198 6162
f 8199 6162 8200
f 8200 6162 8201
f 8200 8201 8202
f 8202 8201 8203
f 8202 8203 7427
f 7427 8203 8204
f 7427 8204 8205
f 8205 8204 8206
f 8205 8206 8207
f 8207 8206 6162
f 8207 6162 8208
f 8208 6162 8209
f 8208 8209 8210
f 8210 8209 8211
f 8210 8211 7427
f 8187 8170 8212
f 8212 8170 8184
f 8212 8184 6187
f 6162 8198 6187
f 6187 8198 8213
f 6187 8213 8193
f 8193 8213 8195
f 7426 8197 7427
f 7427 8197 8214
f 7427 8214 8202
f 8202 8214 8200
f 8188 8187 8215
f 8215 8187 8212
f 8215 8212 6187
f 8194 7426 8216
f 8216 7426 8189
f 8216 8189 8191
f 8192 8194 8216
f 8192 8216 8191
f 8198 8196 8213
f 8213 8196 8195
f 8200 8214 8199
f 8199 8214 8197
f 8204 8203 8217
f 8217 8203 8201
f 8217 8201 6162
f 8210 7427 8218
f 8218 7427 8205
f 8218 8205 8207
f 8208 8210 8218
f 8208 8218 8207
f 6187 8190 8215
f 8215 8190 8188
f 6162 8206 8217
f 8217 8206 8204
f 7447 8219 6246
f 6246 8219 8220
f 6246 8220 6244
f 6244 8220 8221
f 6244 8221 6243
f 6243 8221 8222
f 6243 8222 6242
f 6242 8222 8223
f 6242 8223 6241
f 6241 8223 8224
f 6241 8224 8225
f 8225 8224 8226
f 8225 8226 8227
f 8227 8226 8228
f 8227 8228 8229
f 8229 8228 7443
f 8229 7443 8230
f 8230 7443 7442
f 8230 7442 8231
f 8231 7442 7433
f 8231 7433 8232
f 8232 7433 8233
f 8232 8233 8234
f 8234 8233 8235
f 8234 8235 8236
f 8236 8235 8237
f 8236 8237 6164
f 6164 8237 6162
f 6162 8237 8209
f 8209 8237 8235
f 8209 8235 8211
f 8211 8235 8233
f 8211 8233 7427
f 7427 8233 7433
f 8219 7447 8238
f 8238 7447 7452
f 8238 7452 8239
f 8239 7452 7451
f 8239 7451 8240
f 8240 7451 7450
f 8240 7450 8241
f 8241 7450 8242
f 8241 8242 8243
f 8243 8242 8244
f 8243 8244 8223
f 8223 8244 8224
f 7450 7444 8242
f 8242 7444 8245
f 8242 8245 8244
f 8244 8245 8226
f 8244 8226 8224
f 8245 7444 8228
f 8228 7444 7443
f 8236 6164 8246
f 8246 6164 6166
f 8246 6166 8247
f 8247 6166 8248
f 8247 8248 8249
f 8249 8248 8250
f 8249 8250 8230
f 8230 8250 8229
f 6166 6168 8248
f 8248 6168 8251
f 8248 8251 8250
f 8250 8251 8227
f 8250 8227 8229
f 6168 6240 8251
f 8251 6240 8225
f 8251 8225 8227
f 6240 6241 8225
f 8221 8220 8252
f 8252 8220 8219
f 8252 8219 8239
f 8239 8219 8238
f 8243 8223 8222
f 8222 8221 8253
f 8253 8221 8252
f 8253 8252 8240
f 8240 8252 8239
f 8234 8236 8246
f 8246 8247 8254
f 8254 8247 8249
f 8254 8249 8231
f 8231 8249 8230
f 8254 8231 8232
f 8254 8232 8234
f 8226 8245 8228
f 8253 8240 8241
f 8253 8241 8243
f 8246 8254 8234
f 8222 8253 8243
f 6251 7781 6253
f 6253 7781 7780
f 6253 7780 6252
f 6252 7780 7779
f 6252 7779 6250
f 6250 7779 6249
f 6249 7779 7778
f 6249 7778 6248
f 6248 7778 7777
f 6248 7777 6247
f 6247 7777 6246
f 6246 7777 7454
f 6246 7454 7453
f 7777 7455 7454
f 7453 7447 6246
f 6696 6716 6694
f 6694 6716 6718
f 6694 6718 6692
f 6692 6718 6720
f 6692 6720 6738
f 6738 6720 6722
f 6738 6722 6736
f 6736 6722 6724
f 6736 6724 6734
f 6734 6724 6726
f 6734 6726 6732
f 6732 6726 6728
f 6732 6728 6730
f 6716 6696 6714
f 6714 6696 6698
f 6714 6698 6712
f 6712 6698 6700
f 6712 6700 6710
f 6710 6700 6702
f 6710 6702 6708
f 6708 6702 6704
f 6708 6704 6706
f 6642 6643 6641
f 6641 6643 6667
f 6667 6643 6644
f 6667 6644 6666
f 6666 6644 6645
f 6666 6645 6665
f 6665 6645 6646
f 6665 6646 6664
f 6664 6646 6663
f 6663 6646 6662
f 6662 6646 6661
f 6661 6646 6660
f 6660 6646 6659
f 6659 6646 6658
f 6658 6646 6657
f 6657 6646 6656
f 6656 6646 6655
f 6655 6646 6654
f 6654 6646 6653
f 6653 6646 6652
f 6652 6646 6647
f 6652 6647 6651
f 6651 6647 6650
f 6650 6647 6648
f 6650 6648 6649
f 6570 6590 6568
f 6568 6590 6592
f 6568 6592 6566
f 6566 6592 6594
f 6566 6594 6612
f 6612 6594 6596
f 6612 6596 6610
f 6610 6596 6598
f 6610 6598 6608
f 6608 6598 6600
f 6608 6600 6606
f 6606 6600 6602
f 6606 6602 6604
f 6590 6570 6588
f 6588 6570 6572
f 6588 6572 6586
f 6586 6572 6574
f 6586 6574 6584
f 6584 6574 6576
f 6584 6576 6582
f 6582 6576 6578
f 6582 6578 6580
f 8255 8256 8257
f 8257 8256 8258
f 8257 8258 8259
f 8259 8258 8260
f 8259 8260 8261
f 8261 8260 8262
f 8261 8262 8263
f 8263 8262 8264
f 8263 8264 8265
f 8265 8264 8266
f 8265 8266 8267
f 8267 8266 8268
f 8267 8268 8269
f 8269 8268 8270
f 8269 8270 8271
f 8271 8270 8272
f 8271 8272 8273
f 8273 8272 8274
f 8273 8274 8275
f 8275 8274 8276
f 8275 8276 8277
f 8277 8276 8278
f 8277 8278 8279
f 8279 8278 8280
f 8279 8280 8281
f 8281 8280 8282
f 8281 8282 8283
f 8283 8282 8284
f 8283 8284 8285
f 8285 8284 8286
f 8285 8286 8287
f 8287 8286 8288
f 8287 8288 8289
f 8289 8288 8290
f 8289 8290 8291
f 8291 8290 8292
f 8291 8292 8293
f 8293 8292 8294
f 8293 8294 8295
f 8295 8294 8296
f 8295 8296 8297
f 8297 8296 8298
f 8297 8298 8299
f 8299 8298 8300
f 8299 8300 8301
f 8301 8300 8302
f 8301 8302 8255
f 8255 8302 8256
f 6170 6230 8303
f 8303 6230 6237
f 8303 6237 8304
f 8304 6237 8305
f 8304 8305 8306
f 8306 8305 8307
f 8306 8307 8308
f 7726 7710 6237
f 6237 7710 7708
f 6237 7708 7707
f 7724 7722 7726
f 7726 7722 7720
f 7726 7720 7718
f 7718 7716 7726
f 7726 7716 7714
f 7726 7714 7712
f 7712 7710 7726
f 7707 7705 6237
f 6237 7705 8309
f 6237 8309 8310
f 8310 8309 8311
f 8310 8311 8312
f 8312 8311 8313
f 8312 8313 8314
f 8314 8313 8315
f 8314 8315 8316
f 8316 8315 8317
f 8316 8317 8318
f 8318 8317 8319
f 8318 8319 8320
f 8320 8319 8321
f 8320 8321 8322
f 8322 8321 8323
f 8322 8323 8324
f 8324 8323 8325
f 8324 8325 8326
f 8326 8325 8327
f 8326 8327 8328
f 8328 8327 8329
f 8328 8329 8330
f 8330 8329 8331
f 8331 8329 8332
f 8331 8332 8333
f 8333 8332 8334
f 8333 8334 8335
f 8335 8334 8336
f 8335 8336 8337
f 8337 8336 8338
f 8337 8338 8339
f 8339 8338 8340
f 8340 8338 8341
f 8340 8341 8342
f 7705 7702 8309
f 8309 7702 7701
f 8309 7701 8343
f 8343 7701 7703
f 8343 7703 8344
f 8344 7703 7697
f 8344 7697 7692
f 7690 8345 7692
f 7692 8345 8346
f 7692 8346 8344
f 7688 8347 7690
f 7690 8347 8348
f 7690 8348 8349
f 7686 8350 7688
f 7688 8350 8351
f 7688 8351 8352
f 7696 8353 7686
f 7686 8353 8354
f 7686 8354 8355
f 8353 7696 8356
f 8356 7696 7679
f 8356 7679 8357
f 8357 7679 7677
f 8357 7677 8358
f 8358 7677 7675
f 8358 7675 8359
f 8359 7675 8360
f 8359 8360 8361
f 7673 8362 7675
f 7675 8362 8363
f 7675 8363 8360
f 8360 8363 8364
f 8360 8364 8365
f 7671 8366 7673
f 7673 8366 8367
f 7673 8367 8362
f 8362 8367 8368
f 8362 8368 8369
f 7671 7669 8366
f 8366 7669 8370
f 8370 7669 7667
f 8370 7667 8371
f 8371 7667 8372
f 8372 7667 8373
f 8373 7667 7666
f 8373 7666 8374
f 8374 7666 8375
f 8375 7666 8376
f 8376 7666 7662
f 8376 7662 8377
f 8377 7662 8378
f 8378 7662 8379
f 8379 7662 7661
f 8379 7661 8380
f 8380 7661 8381
f 8381 7661 7655
f 8381 7655 7653
f 8381 7653 8382
f 8382 7653 7648
f 8382 7648 7646
f 8382 7646 7623
f 7623 7646 7645
f 7623 7645 7647
f 7647 7638 7623
f 7623 7638 7636
f 7623 7636 7635
f 7635 7631 7623
f 7623 7631 7625
f 7625 7631 7627
f 7580 8383 7623
f 7623 8383 8384
f 7623 8384 8385
f 8385 8384 8386
f 8386 8384 8387
f 8387 8384 8388
f 8388 8384 8389
f 8389 8384 8390
f 8390 8384 8391
f 8391 8384 8392
f 8392 8384 8393
f 8393 8384 8394
f 8393 8394 8395
f 8395 8394 8396
f 8395 8396 8397
f 8397 8396 8398
f 8397 8398 8399
f 8399 8398 8400
f 8400 8398 8401
f 8400 8401 8402
f 8402 8401 8403
f 8402 8403 8404
f 8404 8403 8405
f 8405 8403 8406
f 8406 8403 8407
f 8407 8403 8408
f 8408 8403 8409
f 8409 8403 8410
f 8410 8403 8411
f 8411 8403 8412
f 8411 8412 8413
f 8413 8412 8414
f 8414 8412 8415
f 8414 8415 8416
f 8416 8415 8417
f 8417 8415 8418
f 8417 8418 8419
f 8419 8418 8367
f 8367 8418 8420
f 8367 8420 8368
f 7581 7569 7580
f 7580 7569 7567
f 7580 7567 7566
f 7566 7564 7580
f 7580 7564 7562
f 7580 7562 7560
f 7560 7558 7580
f 7580 7558 7556
f 7580 7556 7554
f 7554 7552 7580
f 7580 7552 8268
f 7580 8268 8421
f 8421 8268 8266
f 8421 8266 8264
f 7552 7550 8268
f 8268 7550 7548
f 8268 7548 8270
f 8270 7548 7547
f 8270 7547 7546
f 7546 7540 8270
f 8270 7540 8272
f 8272 7540 8274
f 8274 7540 8276
f 8276 7540 7538
f 8276 7538 8278
f 8278 7538 8280
f 8280 7538 8282
f 8282 7538 7536
f 8282 7536 8284
f 8284 7536 8286
f 8286 7536 8288
f 8288 7536 7532
f 8288 7532 8290
f 8290 7532 8292
f 8292 7532 7527
f 8292 7527 8294
f 8294 7527 7525
f 8294 7525 7520
f 7519 8422 7520
f 7520 8422 8296
f 7520 8296 8294
f 8422 7519 8423
f 8423 7519 7518
f 8423 7518 8424
f 8424 7518 8425
f 8425 7518 7516
f 8425 7516 7514
f 8425 7514 8426
f 8426 7514 7512
f 8426 7512 8427
f 8427 7512 7511
f 8427 7511 8428
f 8428 7511 8429
f 8429 7511 7509
f 8429 7509 8430
f 8430 7509 8431
f 8431 7509 7507
f 8431 7507 8432
f 8432 7507 8433
f 8433 7507 8434
f 8434 7507 7505
f 8434 7505 8435
f 8435 7505 8436
f 8436 7505 8437
f 8437 7505 7504
f 8437 7504 7499
f 8437 7499 8438
f 8438 7499 7497
f 8438 7497 6251
f 6251 7497 7495
f 6251 7495 7492
f 7492 7491 6251
f 6251 7491 7493
f 6251 7493 7484
f 6251 7484 7460
f 7460 7484 7482
f 7460 7482 7480
f 7480 7477 7460
f 7460 7477 7458
f 7458 7477 7476
f 6251 6245 8438
f 8438 6245 6239
f 8438 6239 8439
f 8439 6239 8440
f 8439 8440 8441
f 6170 8442 6239
f 6239 8442 8443
f 6239 8443 8444
f 8445 8446 8447
f 8447 8446 8448
f 8447 8448 8449
f 8449 8448 8450
f 8449 8450 8451
f 8451 8450 8452
f 8452 8450 8453
f 8452 8453 8454
f 8454 8453 8455
f 8454 8455 8424
f 8424 8455 8456
f 8424 8456 8457
f 8445 8458 8446
f 8446 8458 8459
f 8459 8458 8460
f 8459 8460 8441
f 8441 8460 8439
f 8352 8347 7688
f 8349 8345 7690
f 8344 8461 8343
f 8343 8461 8462
f 8462 8461 8463
f 8463 8461 8464
f 8464 8461 8465
f 8464 8465 8466
f 8466 8465 8467
f 8467 8465 8468
f 8467 8468 8469
f 8469 8468 8470
f 8469 8470 8471
f 8471 8470 8472
f 8472 8470 8473
f 8472 8473 8474
f 8474 8473 8475
f 8475 8473 8476
f 8476 8473 8477
f 8477 8473 8478
f 8477 8478 8479
f 8479 8478 8480
f 8480 8478 8481
f 8480 8481 8482
f 8482 8481 8483
f 8482 8483 8484
f 8484 8483 8485
f 8485 8483 8486
f 8485 8486 8487
f 8487 8486 8488
f 8488 8486 8489
f 8488 8489 8490
f 8490 8489 8491
f 8491 8489 8492
f 8491 8492 8493
f 8493 8492 8356
f 8493 8356 8357
f 8355 8350 7686
f 8494 8495 8496
f 8496 8495 8497
f 8496 8497 8498
f 8498 8497 8499
f 8498 8499 8500
f 8500 8499 8501
f 8500 8501 8502
f 8502 8501 8503
f 8503 8501 8504
f 8504 8501 8505
f 8505 8501 8506
f 8506 8501 8507
f 8507 8501 8508
f 8508 8501 8509
f 8509 8501 8510
f 8509 8510 8511
f 8511 8510 8512
f 8512 8510 8513
f 8513 8510 8514
f 8514 8510 8515
f 8515 8510 8516
f 8516 8510 8517
f 8517 8510 8518
f 8518 8510 8519
f 8519 8510 8520
f 8519 8520 8521
f 8521 8520 8522
f 8521 8522 8523
f 8524 8525 8494
f 8494 8525 8526
f 8494 8526 8527
f 8524 8528 8525
f 8527 8529 8494
f 8494 8529 8530
f 8494 8530 8531
f 8531 8532 8494
f 8494 8532 8495
f 8532 8533 8495
f 8495 8533 8534
f 8495 8534 8535
f 8535 8536 8495
f 8495 8536 8537
f 8495 8537 8538
f 8539 8540 8538
f 8538 8540 8495
f 8497 8541 8499
f 8499 8541 8542
f 8499 8542 8543
f 8543 8542 8544
f 8543 8544 8545
f 8545 8544 8546
f 8546 8544 8547
f 8547 8544 8548
f 8547 8548 8549
f 8549 8548 8550
f 8549 8550 8551
f 8521 8552 8541
f 8541 8552 8553
f 8541 8553 8542
f 8359 8554 8555
f 8555 8554 8304
f 8555 8304 8306
f 8556 8557 8358
f 8358 8557 8558
f 8358 8558 8357
f 8357 8558 8559
f 8559 8558 8560
f 8559 8560 8561
f 8305 6237 8556
f 8556 6237 8562
f 8556 8562 8557
f 8501 6170 8563
f 8563 6170 8564
f 8563 8564 8565
f 8510 8566 8520
f 8520 8566 8363
f 8520 8363 8362
f 8567 8568 8566
f 8566 8568 8569
f 8566 8569 8570
f 8571 8572 8567
f 8567 8572 8573
f 8567 8573 8568
f 8572 8571 8574
f 8574 8571 8575
f 8574 8575 8576
f 8576 8575 8577
f 8576 8577 8578
f 8578 8577 8579
f 8578 8579 8580
f 8580 8579 8581
f 8580 8581 8582
f 8582 8581 8583
f 8582 8583 8584
f 8584 8583 8585
f 8584 8585 8586
f 8586 8585 8587
f 8587 8585 8563
f 8587 8563 8588
f 8588 8563 8565
f 8589 8590 8591
f 8591 8590 8592
f 8591 8592 8593
f 8593 8592 8594
f 8593 8594 8595
f 8595 8594 8596
f 8595 8596 8597
f 8597 8596 8598
f 8597 8598 8599
f 8599 8598 8600
f 8600 8598 8601
f 8601 8598 8602
f 8602 8598 8603
f 8602 8603 8604
f 8604 8603 8605
f 8605 8603 8606
f 8606 8603 8607
f 8607 8603 8608
f 8607 8608 8330
f 8330 8608 8328
f 8310 8562 6237
f 8559 8561 8609
f 8609 8561 8610
f 8609 8610 8611
f 8609 8611 8612
f 8612 8611 8613
f 8612 8613 8614
f 8614 8613 8615
f 8614 8615 8616
f 8616 8615 8617
f 8616 8617 8618
f 8616 8618 8619
f 8619 8618 8620
f 8619 8620 8621
f 8621 8620 8622
f 8622 8620 8623
f 8622 8623 8624
f 8624 8623 8625
f 8624 8625 8626
f 8626 8625 8627
f 8626 8627 8628
f 8626 8628 8629
f 8629 8628 8630
f 8629 8630 8631
f 8631 8630 8589
f 8631 8589 8632
f 8632 8589 8591
f 8360 8633 8303
f 8303 8633 8634
f 8303 8634 8635
f 8636 8554 8361
f 8361 8554 8359
f 8637 8638 8360
f 8360 8638 8639
f 8360 8639 8640
f 8640 8641 8360
f 8360 8641 8633
f 8635 8642 8303
f 8303 8642 8643
f 8303 8643 8644
f 8644 8645 8303
f 8303 8645 8646
f 8303 8646 8564
f 8570 8363 8566
f 8365 8637 8360
f 8340 8342 8647
f 8647 8342 8648
f 8647 8648 8649
f 8649 8648 8650
f 8482 8651 8480
f 8480 8651 8652
f 8652 8651 8653
f 8652 8653 8654
f 8655 8656 8651
f 8651 8656 8657
f 8651 8657 8658
f 8656 8655 8659
f 8659 8655 8660
f 8659 8660 8661
f 8661 8660 8662
f 8662 8660 8663
f 8662 8663 8664
f 8665 8666 8664
f 8664 8666 8667
f 8664 8667 8662
f 8666 8665 8668
f 8668 8665 8669
f 8668 8669 8670
f 8670 8669 8671
f 8670 8671 8672
f 8672 8673 8670
f 8658 8674 8651
f 8651 8674 8675
f 8651 8675 8653
f 8652 8654 8676
f 8676 8654 8677
f 8676 8677 8678
f 8678 8679 8676
f 8680 8681 8682
f 8682 8681 8683
f 8682 8683 8684
f 8684 8683 8685
f 8684 8685 8686
f 8681 8680 8687
f 8687 8680 8688
f 8687 8688 8689
f 8689 8688 8690
f 8689 8690 8691
f 8691 8690 8692
f 8691 8692 8693
f 8693 8692 8694
f 8693 8694 8695
f 8695 8694 8696
f 8696 8694 8697
f 8696 8697 8698
f 8686 8699 8684
f 8684 8699 8700
f 8684 8700 8701
f 8701 8702 8684
f 8684 8702 8703
f 8684 8703 8704
f 8704 8703 8705
f 8706 8707 8704
f 8704 8707 8708
f 8704 8708 8684
f 8707 8706 8709
f 8709 8706 8710
f 8709 8710 8711
f 8709 8711 8712
f 8712 8711 8713
f 8712 8713 8714
f 8714 8715 8712
f 8712 8715 8716
f 8716 8715 8717
f 8716 8717 8718
f 8716 8718 8719
f 8719 8718 8720
f 8719 8720 8721
f 8719 8721 8722
f 8722 8721 8723
f 8722 8723 8724
f 8722 8724 8725
f 8725 8724 8726
f 8725 8726 8727
f 8727 8728 8725
f 8725 8728 8729
f 8729 8728 8730
f 8729 8730 8731
f 8731 8730 8732
f 8731 8732 8733
f 8733 8732 8734
f 8733 8734 8551
f 8551 8734 8735
f 8551 8735 8549
f 8734 8736 8735
f 8735 8736 8737
f 8735 8737 8738
f 8738 8739 8735
f 8735 8739 8740
f 8735 8740 8741
f 8741 8740 8742
f 8741 8742 8743
f 8741 8743 8744
f 8744 8743 8745
f 8744 8745 8746
f 8746 8745 8747
f 8747 8745 8748
f 8748 8745 8749
f 8749 8745 8750
f 8749 8750 8751
f 8751 8750 8752
f 8752 8750 8753
f 8753 8750 8754
f 8754 8750 8755
f 8755 8750 8756
f 8756 8750 8757
f 8757 8750 8758
f 8757 8758 8759
f 8759 8758 8760
f 8760 8758 8761
f 8760 8761 8762
f 8762 8761 8763
f 8762 8763 8764
f 8764 8763 8765
f 8764 8765 8766
f 8766 8765 8767
f 8766 8767 8768
f 8769 8770 8768
f 8768 8770 8766
f 8751 8771 8749
f 8749 8771 8772
f 8749 8772 8773
f 8773 8774 8749
f 8746 8775 8744
f 8744 8775 8776
f 8744 8776 8777
f 8744 8777 8778
f 8778 8777 8779
f 8778 8779 8780
f 8780 8781 8778
f 8778 8781 8782
f 8778 8782 8783
f 8783 8784 8778
f 8778 8784 8785
f 8778 8785 8786
f 8786 8787 8778
f 8778 8787 8788
f 8778 8788 8789
f 8790 8791 8787
f 8787 8791 8792
f 8787 8792 8793
f 8791 8790 8794
f 8794 8790 8795
f 8794 8795 8796
f 8796 8797 8794
f 8794 8797 8798
f 8798 8797 8799
f 8798 8799 8800
f 8800 8801 8798
f 8798 8801 8802
f 8802 8801 8803
f 8802 8803 8708
f 8707 8804 8708
f 8708 8804 8802
f 8793 8805 8787
f 8787 8805 8788
f 8778 8789 8545
f 8545 8789 8543
f 8501 8499 6170
f 6170 8499 8806
f 6170 8806 8807
f 8808 8809 8807
f 8807 8809 8810
f 8807 8810 6170
f 6170 8810 8442
f 8809 8808 8811
f 8811 8808 8812
f 8811 8812 8813
f 8813 8812 8814
f 8813 8814 8815
f 8815 8814 8816
f 8815 8816 8817
f 8816 8814 8818
f 8818 8814 8819
f 8818 8819 8820
f 8820 8819 8821
f 8820 8821 8551
f 8551 8821 8733
f 8817 8822 8815
f 8815 8822 8823
f 8823 8822 8824
f 8823 8824 8825
f 8823 8825 8826
f 8826 8825 8827
f 8826 8827 8828
f 8826 8828 8829
f 8829 8828 8830
f 8829 8830 8831
f 8829 8831 8832
f 8832 8831 8833
f 8832 8833 8834
f 8834 8835 8832
f 8832 8835 8836
f 8836 8835 8837
f 8836 8837 8838
f 8836 8838 8839
f 8839 8838 8840
f 8839 8840 8841
f 8841 8842 8839
f 8839 8842 8843
f 8843 8842 8844
f 8843 8844 8845
f 8843 8845 8846
f 8846 8845 8847
f 8846 8847 8848
f 8848 8847 8849
f 8849 8847 8362
f 8849 8362 8369
f 8522 8520 8548
f 8548 8520 8550
f 8521 8523 8850
f 8850 8523 8851
f 8850 8851 8852
f 8850 8552 8521
f 8853 8854 8552
f 8552 8854 8553
f 8444 8855 6239
f 6239 8855 8440
f 8457 8423 8424
f 8422 8856 8296
f 8296 8856 8857
f 8296 8857 8858
f 8859 8860 8858
f 8858 8860 8298
f 8858 8298 8296
f 8861 8862 8859
f 8859 8862 8863
f 8859 8863 8864
f 8412 8865 8861
f 8861 8865 8866
f 8861 8866 8867
f 8868 8869 8870
f 8870 8869 8871
f 8870 8871 8872
f 8872 8871 8873
f 8872 8873 8874
f 8874 8873 8875
f 8874 8875 8876
f 8876 8875 8877
f 8876 8877 8878
f 8878 8877 8879
f 8879 8877 8880
f 8879 8880 8881
f 8881 8880 8882
f 8881 8882 8883
f 8883 8882 8884
f 8884 8882 8382
f 8884 8382 8885
f 8885 8382 7623
f 8885 7623 8886
f 8886 7623 8887
f 8887 7623 8385
f 8868 8888 8869
f 8869 8888 8889
f 8889 8888 8417
f 8889 8417 8419
f 8400 8402 8395
f 8395 8402 8393
f 8890 8383 8891
f 8891 8383 7580
f 8891 7580 8421
f 8383 8890 8892
f 8892 8890 8893
f 8892 8893 8894
f 8894 8893 8895
f 8894 8895 8896
f 8896 8895 8897
f 8896 8897 8898
f 8896 8898 8899
f 8899 8898 8900
f 8899 8900 8901
f 8901 8900 8902
f 8901 8902 8903
f 8903 8902 8904
f 8903 8904 8905
f 8903 8905 8906
f 8906 8905 8907
f 8906 8907 8908
f 8908 8907 8909
f 8908 8909 8910
f 8910 8911 8908
f 8908 8911 8912
f 8908 8912 8913
f 8913 8914 8908
f 8908 8914 8915
f 8915 8914 8916
f 8915 8916 8917
f 8866 8918 8917
f 8917 8918 8919
f 8917 8919 8920
f 8867 8862 8861
f 8864 8860 8859
f 8298 8860 8300
f 8300 8860 8921
f 8300 8921 8922
f 8922 8923 8300
f 8300 8923 8302
f 8302 8923 8924
f 8302 8924 8925
f 8925 8926 8302
f 8302 8926 8256
f 8256 8926 8927
f 8256 8927 8928
f 8928 8929 8256
f 8256 8929 8930
f 8256 8930 8258
f 8258 8930 8931
f 8258 8931 8932
f 8933 8934 8932
f 8932 8934 8260
f 8932 8260 8258
f 8421 8264 8934
f 8934 8264 8262
f 8934 8262 8260
f 8401 8935 8936
f 8936 8935 8937
f 8936 8937 8938
f 8403 8865 8412
f 8865 8939 8866
f 8866 8939 8940
f 8866 8940 8941
f 8941 8942 8866
f 8866 8942 8918
f 8920 8943 8917
f 8917 8943 8915
f 8398 8944 8401
f 8401 8944 8945
f 8401 8945 8935
f 8938 8946 8936
f 8936 8946 8947
f 8303 8564 6170
f 8948 8255 8949
f 8949 8255 8257
f 8949 8257 8950
f 8950 8257 8259
f 8950 8259 8951
f 8951 8259 8261
f 8951 8261 8952
f 8952 8261 8263
f 8952 8263 8953
f 8953 8263 8265
f 8953 8265 8954
f 8954 8265 8267
f 8954 8267 8955
f 8955 8267 8269
f 8955 8269 8956
f 8956 8269 8271
f 8956 8271 8957
f 8957 8271 8273
f 8957 8273 8958
f 8958 8273 8275
f 8958 8275 8959
f 8959 8275 8277
f 8959 8277 8960
f 8960 8277 8279
f 8960 8279 8961
f 8961 8279 8281
f 8961 8281 8962
f 8962 8281 8283
f 8962 8283 8963
f 8963 8283 8285
f 8963 8285 8964
f 8964 8285 8287
f 8964 8287 8965
f 8965 8287 8289
f 8965 8289 8966
f 8966 8289 8291
f 8966 8291 8967
f 8967 8291 8293
f 8967 8293 8968
f 8968 8293 8295
f 8968 8295 8969
f 8969 8295 8297
f 8969 8297 8970
f 8970 8297 8299
f 8970 8299 8971
f 8971 8299 8301
f 8971 8301 8948
f 8948 8301 8255
f 8972 8445 8973
f 8973 8445 8447
f 8973 8447 8974
f 8974 8447 8449
f 8974 8449 8975
f 8975 8449 8451
f 8975 8451 8976
f 8976 8451 8452
f 8976 8452 8977
f 8977 8452 8454
f 8977 8454 8978
f 8978 8454 8424
f 8978 8424 8979
f 8979 8424 8425
f 8979 8425 8980
f 8980 8425 8426
f 8980 8426 8981
f 8981 8426 8427
f 8981 8427 8982
f 8982 8427 8428
f 8982 8428 8983
f 8983 8428 8429
f 8983 8429 8984
f 8984 8429 8430
f 8984 8430 8985
f 8985 8430 8431
f 8985 8431 8986
f 8986 8431 8432
f 8986 8432 8987
f 8987 8432 8433
f 8987 8433 8988
f 8988 8433 8434
f 8988 8434 8989
f 8989 8434 8435
f 8989 8435 8990
f 8990 8435 8436
f 8990 8436 8991
f 8991 8436 8437
f 8991 8437 8992
f 8992 8437 8438
f 8992 8438 8993
f 8993 8438 8439
f 8993 8439 8994
f 8994 8439 8460
f 8994 8460 8995
f 8995 8460 8458
f 8995 8458 8972
f 8972 8458 8445
f 8996 8972 8997
f 8997 8972 8973
f 8997 8973 8998
f 8998 8973 8974
f 8998 8974 8999
f 8999 8974 8975
f 8999 8975 9000
f 9000 8975 8976
f 9000 8976 9001
f 9001 8976 8977
f 9001 8977 9002
f 9002 8977 8978
f 9002 8978 9003
f 9003 8978 8979
f 9003 8979 9004
f 9004 8979 8980
f 9004 8980 9005
f 9005 8980 8981
f 9005 8981 9006
f 9006 8981 8982
f 9006 8982 9007
f 9007 8982 8983
f 9007 8983 9008
f 9008 8983 8984
f 9008 8984 9009
f 9009 8984 8985
f 9009 8985 9010
f 9010 8985 8986
f 9010 8986 9011
f 9011 8986 8987
f 9011 8987 9012
f 9012 8987 8988
f 9012 8988 9013
f 9013 8988 8989
f 9013 8989 9014
f 9014 8989 8990
f 9014 8990 9015
f 9015 8990 8991
f 9015 8991 9016
f 9016 8991 8992
f 9016 8992 9017
f 9017 8992 8993
f 9017 8993 9018
f 9018 8993 8994
f 9018 8994 9019
f 9019 8994 8995
f 9019 8995 8996
f 8996 8995 8972
f 9020 8374 9021
f 9021 8374 8375
f 9021 8375 9022
f 9022 8375 8376
f 9022 8376 9023
f 9023 8376 8377
f 9023 8377 9024
f 9024 8377 8378
f 9024 8378 9025
f 9025 8378 8379
f 9025 8379 9026
f 9026 8379 8380
f 9026 8380 9027
f 9027 8380 8381
f 9027 8381 9028
f 9028 8381 8382
f 9028 8382 9029
f 9029 8382 8882
f 9029 8882 9030
f 9030 8882 8880
f 9030 8880 9031
f 9031 8880 8877
f 9031 8877 9032
f 9032 8877 8875
f 9032 8875 9033
f 9033 8875 8873
f 9033 8873 9034
f 9034 8873 8871
f 9034 8871 9035
f 9035 8871 8869
f 9035 8869 9036
f 9036 8869 8889
f 9036 8889 9037
f 9037 8889 8419
f 9037 8419 9038
f 9038 8419 8367
f 9038 8367 9039
f 9039 8367 8366
f 9039 8366 9040
f 9040 8366 8370
f 9040 8370 9041
f 9041 8370 8371
f 9041 8371 9042
f 9042 8371 8372
f 9042 8372 9043
f 9043 8372 8373
f 9043 8373 9020
f 9020 8373 8374
f 9044 9020 9045
f 9045 9020 9021
f 9045 9021 9046
f 9046 9021 9022
f 9046 9022 9047
f 9047 9022 9023
f 9047 9023 9048
f 9048 9023 9024
f 9048 9024 9049
f 9049 9024 9025
f 9049 9025 9050
f 9050 9025 9026
f 9050 9026 9051
f 9051 9026 9027
f 9051 9027 9052
f 9052 9027 9028
f 9052 9028 9053
f 9053 9028 9029
f 9053 9029 9054
f 9054 9029 9030
f 9054 9030 9055
f 9055 9030 9031
f 9055 9031 9056
f 9056 9031 9032
f 9056 9032 9057
f 9057 9032 9033
f 9057 9033 9058
f 9058 9033 9034
f 9058 9034 9059
f 9059 9034 9035
f 9059 9035 9060
f 9060 9035 9036
f 9060 9036 9061
f 9061 9036 9037
f 9061 9037 9062
f 9062 9037 9038
f 9062 9038 9063
f 9063 9038 9039
f 9063 9039 9064
f 9064 9039 9040
f 9064 9040 9065
f 9065 9040 9041
f 9065 9041 9066
f 9066 9041 9042
f 9066 9042 9067
f 9067 9042 9043
f 9067 9043 9044
f 9044 9043 9020
f 9068 8347 9069
f 9069 8347 8352
f 9069 8352 9070
f 9070 8352 8351
f 9070 8351 9071
f 9071 8351 8350
f 9071 8350 9072
f 9072 8350 8355
f 9072 8355 9073
f 9073 8355 8354
f 9073 8354 9074
f 9074 8354 8353
f 9074 8353 9075
f 9075 8353 8356
f 9075 8356 9076
f 9076 8356 8492
f 9076 8492 9077
f 9077 8492 8489
f 9077 8489 9078
f 9078 8489 8486
f 9078 8486 9079
f 9079 8486 8483
f 9079 8483 9080
f 9080 8483 8481
f 9080 8481 9081
f 9081 8481 8478
f 9081 8478 9082
f 9082 8478 8473
f 9082 8473 9083
f 9083 8473 8470
f 9083 8470 9084
f 9084 8470 8468
f 9084 8468 9085
f 9085 8468 8465
f 9085 8465 9086
f 9086 8465 8461
f 9086 8461 9087
f 9087 8461 8344
f 9087 8344 9088
f 9088 8344 8346
f 9088 8346 9089
f 9089 8346 8345
f 9089 8345 9090
f 9090 8345 8349
f 9090 8349 9091
f 9091 8349 8348
f 9091 8348 9068
f 9068 8348 8347
f 9092 9068 9093
f 9093 9068 9069
f 9093 9069 9094
f 9094 9069 9070
f 9094 9070 9095
f 9095 9070 9071
f 9095 9071 9096
f 9096 9071 9072
f 9096 9072 9097
f 9097 9072 9073
f 9097 9073 9098
f 9098 9073 9074
f 9098 9074 9099
f 9099 9074 9075
f 9099 9075 9100
f 9100 9075 9076
f 9100 9076 9101
f 9101 9076 9077
f 9101 9077 9102
f 9102 9077 9078
f 9102 9078 9103
f 9103 9078 9079
f 9103 9079 9104
f 9104 9079 9080
f 9104 9080 9105
f 9105 9080 9081
f 9105 9081 9106
f 9106 9081 9082
f 9106 9082 9107
f 9107 9082 9083
f 9107 9083 9108
f 9108 9083 9084
f 9108 9084 9109
f 9109 9084 9085
f 9109 9085 9110
f 9110 9085 9086
f 9110 9086 9111
f 9111 9086 9087
f 9111 9087 9112
f 9112 9087 9088
f 9112 9088 9113
f 9113 9088 9089
f 9113 9089 9114
f 9114 9089 9090
f 9114 9090 9115
f 9115 9090 9091
f 9115 9091 9092
f 9092 9091 9068
f 8950 8960 8949
f 8949 8960 8961
f 8949 8961 8948
f 8948 8961 8962
f 8948 8962 8971
f 8971 8962 8963
f 8971 8963 8970
f 8970 8963 8964
f 8970 8964 8969
f 8969 8964 8965
f 8969 8965 8968
f 8968 8965 8966
f 8968 8966 8967
f 8960 8950 8959
f 8959 8950 8951
f 8959 8951 8958
f 8958 8951 8952
f 8958 8952 8957
f 8957 8952 8953
f 8957 8953 8956
f 8956 8953 8954
f 8956 8954 8955
f 9046 9056 9045
f 9045 9056 9057
f 9045 9057 9044
f 9044 9057 9058
f 9044 9058 9067
f 9067 9058 9059
f 9067 9059 9066
f 9066 9059 9060
f 9066 9060 9065
f 9065 9060 9061
f 9065 9061 9064
f 9064 9061 9062
f 9064 9062 9063
f 9056 9046 9055
f 9055 9046 9047
f 9055 9047 9054
f 9054 9047 9048
f 9054 9048 9053
f 9053 9048 9049
f 9053 9049 9052
f 9052 9049 9050
f 9052 9050 9051
f 8998 9008 8997
f 8997 9008 9009
f 8997 9009 8996
f 8996 9009 9010
f 8996 9010 9019
f 9019 9010 9011
f 9019 9011 9018
f 9018 9011 9012
f 9018 9012 9017
f 9017 9012 9013
f 9017 9013 9016
f 9016 9013 9014
f 9016 9014 9015
f 9008 8998 9007
f 9007 8998 8999
f 9007 8999 9006
f 9006 8999 9000
f 9006 9000 9005
f 9005 9000 9001
f 9005 9001 9004
f 9004 9001 9002
f 9004 9002 9003
f 9094 9104 9093
f 9093 9104 9105
f 9093 9105 9092
f 9092 9105 9106
f 9092 9106 9115
f 9115 9106 9107
f 9115 9107 9114
f 9114 9107 9108
f 9114 9108 9113
f 9113 9108 9109
f 9113 9109 9112
f 9112 9109 9110
f 9112 9110 9111
f 9104 9094 9103
f 9103 9094 9095
f 9103 9095 9102
f 9102 9095 9096
f 9102 9096 9101
f 9101 9096 9097
f 9101 9097 9100
f 9100 9097 9098
f 9100 9098 9099
f 6290 9116 6288
f 6288 9116 9117
f 6288 9117 6286
f 6286 9117 9118
f 6286 9118 6302
f 6302 9118 9119
f 6302 9119 6304
f 6304 9119 9120
f 6304 9120 6306
f 6306 9120 9121
f 6306 9121 6308
f 6308 9121 9122
f 6308 9122 6309
f 6309 9122 9123
f 6309 9123 6307
f 6307 9123 9124
f 6307 9124 6305
f 6305 9124 9125
f 6305 9125 6303
f 6303 9125 9126
f 6303 9126 6301
f 6301 9126 9127
f 6301 9127 6287
f 6287 9127 9128
f 6287 9128 6289
f 6289 9128 9129
f 6289 9129 6291
f 6291 9129 9130
f 6291 9130 6293
f 6293 9130 9131
f 6293 9131 6295
f 6295 9131 9132
f 6295 9132 6297
f 6297 9132 9133
f 6297 9133 6299
f 6299 9133 9134
f 6299 9134 6300
f 6300 9134 9135
f 6300 9135 6298
f 6298 9135 9136
f 6298 9136 6296
f 6296 9136 9137
f 6296 9137 6294
f 6294 9137 9138
f 6294 9138 6292
f 6292 9138 9139
f 6292 9139 6290
f 6290 9139 9116
f 6266 9140 6264
f 6264 9140 9141
f 6264 9141 6262
f 6262 9141 9142
f 6262 9142 6278
f 6278 9142 9143
f 6278 9143 6280
f 6280 9143 9144
f 6280 9144 6282
f 6282 9144 9145
f 6282 9145 6284
f 6284 9145 9146
f 6284 9146 6285
f 6285 9146 9147
f 6285 9147 6283
f 6283 9147 9148
f 6283 9148 6281
f 6281 9148 9149
f 6281 9149 6279
f 6279 9149 9150
f 6279 9150 6277
f 6277 9150 9151
f 6277 9151 6263
f 6263 9151 9152
f 6263 9152 6265
f 6265 9152 9153
f 6265 9153 6267
f 6267 9153 9154
f 6267 9154 6269
f 6269 9154 9155
f 6269 9155 6271
f 6271 9155 9156
f 6271 9156 6273
f 6273 9156 9157
f 6273 9157 6275
f 6275 9157 9158
f 6275 9158 6276
f 6276 9158 9159
f 6276 9159 6274
f 6274 9159 9160
f 6274 9160 6272
f 6272 9160 9161
f 6272 9161 6270
f 6270 9161 9162
f 6270 9162 6268
f 6268 9162 9163
f 6268 9163 6266
f 6266 9163 9140
f 9164 9165 9166
f 9166 9165 9167
f 9166 9167 9168
f 9168 9167 9169
f 9164 9170 9165
f 9165 9170 9171
f 9171 9170 9172
f 9171 9172 9173
f 9173 9172 9174
f 9174 9172 9175
f 9165 9176 9167
f 9167 9176 9177
f 9177 9176 9178
f 9178 9176 9179
f 9178 9179 9180
f 9180 9179 9181
f 9180 9181 9182
f 9182 9183 9180
f 9116 9184 9117
f 9117 9184 9185
f 9117 9185 9186
f 9184 9116 9187
f 9187 9116 9139
f 9187 9139 9188
f 9188 9139 9138
f 9188 9138 9189
f 9189 9138 9137
f 9189 9137 9190
f 9190 9137 9136
f 9190 9136 9191
f 9191 9136 9135
f 9191 9135 9192
f 9192 9135 9134
f 9192 9134 9193
f 9193 9134 9133
f 9193 9133 9194
f 9194 9133 9132
f 9194 9132 9195
f 9195 9132 9131
f 9195 9131 9196
f 9196 9131 9130
f 9196 9130 9197
f 9197 9130 9129
f 9197 9129 9198
f 9198 9129 9128
f 9198 9128 9199
f 9199 9128 9127
f 9199 9127 9200
f 9200 9127 9126
f 9200 9126 9201
f 9201 9126 9125
f 9201 9125 9202
f 9202 9125 9124
f 9202 9124 9203
f 9203 9124 9123
f 9203 9123 9204
f 9204 9123 9122
f 9204 9122 9205
f 9205 9122 9121
f 9205 9121 9206
f 9206 9121 9120
f 9206 9120 9207
f 9207 9120 9119
f 9207 9119 9208
f 9208 9119 9118
f 9208 9118 9186
f 9186 9118 9117
f 9140 9209 9141
f 9141 9209 9210
f 9141 9210 9211
f 9209 9140 9212
f 9212 9140 9163
f 9212 9163 9213
f 9213 9163 9162
f 9213 9162 9214
f 9214 9162 9161
f 9214 9161 9215
f 9215 9161 9160
f 9215 9160 9216
f 9216 9160 9159
f 9216 9159 9217
f 9217 9159 9158
f 9217 9158 9218
f 9218 9158 9157
f 9218 9157 9219
f 9219 9157 9156
f 9219 9156 9220
f 9220 9156 9155
f 9220 9155 9221
f 9221 9155 9154
f 9221 9154 9222
f 9222 9154 9153
f 9222 9153 9223
f 9223 9153 9152
f 9223 9152 9224
f 9224 9152 9151
f 9224 9151 9225
f 9225 9151 9150
f 9225 9150 9226
f 9226 9150 9149
f 9226 9149 9227
f 9227 9149 9148
f 9227 9148 9228
f 9228 9148 9147
f 9228 9147 9229
f 9229 9147 9146
f 9229 9146 9230
f 9230 9146 9145
f 9230 9145 9231
f 9231 9145 9144
f 9231 9144 9232
f 9232 9144 9143
f 9232 9143 9233
f 9233 9143 9142
f 9233 9142 9211
f 9211 9142 9141
f 6312 9234 6310
f 6310 9234 9235
f 6310 9235 6311
f 6311 9235 9236
f 6311 9236 6313
f 6313 9236 9237
f 6313 9237 6314
f 6314 9237 9238
f 6314 9238 6315
f 6315 9238 9239
f 6315 9239 6316
f 6316 9239 9240
f 9241 6319 9240
f 9240 6319 6316
f 6319 9241 6322
f 6322 9241 9242
f 6322 9242 6323
f 6323 9242 9243
f 6323 9243 6324
f 6324 9243 9244
f 6324 9244 6325
f 6325 9244 9245
f 6325 9245 6326
f 6326 9245 9246
f 6326 9246 6321
f 6321 9246 9247
f 9248 6320 9247
f 9247 6320 6321
f 6320 9248 6327
f 6327 9248 9249
f 6327 9249 6328
f 6328 9249 9250
f 6328 9250 6329
f 6329 9250 9251
f 6329 9251 6330
f 6330 9251 9252
f 6330 9252 6331
f 6331 9252 9253
f 6331 9253 6318
f 6318 9253 9254
f 9255 6317 9254
f 9254 6317 6318
f 9256 6332 9257
f 9257 6332 6337
f 9257 6337 9258
f 9258 6337 6336
f 9258 6336 9259
f 9259 6336 6335
f 9259 6335 9260
f 9260 6335 6334
f 9260 6334 9261
f 9261 6334 6333
f 9261 6333 9255
f 9255 6333 6317
f 6332 9256 6312
f 6312 9256 9234
f 9262 9263 9264
f 9264 9263 9265
f 9264 9265 9266
f 9266 9267 9264
f 9264 9267 9268
f 9264 9268 9269
f 9269 9268 9270
f 9270 9268 9271
f 9271 9268 9272
f 9272 9268 9273
f 9273 9268 9274
f 9273 9274 9275
f 9275 9276 9273
f 9273 9276 9277
f 9273 9277 9278
f 9278 9277 9279
f 9279 9277 9280
f 9280 9277 9281
f 9280 9281 9282
f 9282 9281 9283
f 9282 9283 9284
f 9284 9283 9285
f 9284 9285 9286
f 9286 9285 9287
f 9264 9288 9262
f 9262 9288 9289
f 9289 9288 9290
f 9289 9290 9291
f 9291 9290 9292
f 9291 9292 9293
f 9294 9295 9296
f 9296 9295 9297
f 9296 9297 9298
f 9294 9299 9295
f 9300 9301 9295
f 9295 9301 9302
f 9295 9302 9303
f 9300 9304 9301
f 9303 9305 9295
f 9295 9305 9306
f 9295 9306 9307
f 9307 9308 9295
f 9295 9308 9297
f 9298 9309 9296
f 9296 9309 9310
f 9296 9310 9311
f 9311 9312 9296
f 9296 9312 9313
f 9296 9313 9314
f 9315 9316 9314
f 9314 9316 9296
f 9317 9318 9319
f 9319 9318 9320
f 9319 9320 9321
f 9321 9320 9322
f 9322 9320 9323
f 9323 9320 9324
f 9324 9320 9325
f 9325 9320 9326
f 9326 9320 9327
f 9327 9320 9328
f 9321 9329 9319
f 9319 9329 9330
f 9319 9330 9331
f 9331 9332 9319
f 9319 9332 9333
f 9319 9333 9334
f 9334 9335 9319
f 9336 9337 9338
f 9339 9340 9181
f 9181 9340 9182
f 9182 9340 9341
f 9182 9341 9183
f 9341 9342 9183
f 9183 9342 9180
f 9180 9342 9343
f 9180 9343 9178
f 9343 9344 9178
f 9178 9344 9177
f 9177 9344 9345
f 9177 9345 9167
f 9167 9345 9169
f 9169 9345 9346
f 9169 9346 9168
f 9168 9346 9347
f 9168 9347 9166
f 9166 9347 9348
f 9348 9349 9166
f 9166 9349 9164
f 9164 9349 9350
f 9164 9350 9170
f 9350 9351 9170
f 9170 9351 9172
f 9172 9351 9352
f 9172 9352 9175
f 9352 9353 9175
f 9175 9353 9174
f 9174 9353 9354
f 9174 9354 9173
f 9354 9355 9173
f 9173 9355 9171
f 9171 9355 9356
f 9171 9356 9165
f 9165 9356 9176
f 9176 9356 9357
f 9357 9358 9176
f 9176 9358 9179
f 9179 9358 9339
f 9179 9339 9181
f 9235 9234 9359
f 9359 9234 9256
f 9359 9256 9360
f 9360 9256 9257
f 9360 9257 9203
f 9203 9257 9258
f 9203 9258 9259
f 9203 9259 9202
f 9202 9259 9260
f 9202 9260 9201
f 9201 9260 9261
f 9201 9261 9255
f 9254 9198 9255
f 9255 9198 9199
f 9255 9199 9200
f 9253 9194 9254
f 9254 9194 9195
f 9254 9195 9196
f 9253 9252 9194
f 9194 9252 9193
f 9193 9252 9251
f 9193 9251 9192
f 9192 9251 9250
f 9192 9250 9249
f 9192 9249 9361
f 9361 9249 9248
f 9361 9248 9247
f 9361 9247 9362
f 9362 9247 9246
f 9362 9246 9216
f 9216 9246 9245
f 9216 9245 9215
f 9215 9245 9244
f 9215 9244 9243
f 9215 9243 9214
f 9214 9243 9242
f 9214 9242 9213
f 9213 9242 9241
f 9213 9241 9212
f 9212 9241 9209
f 9209 9241 9210
f 9210 9241 9240
f 9210 9240 9211
f 9211 9240 9233
f 9233 9240 9232
f 9232 9240 9239
f 9232 9239 9231
f 9231 9239 9238
f 9231 9238 9230
f 9230 9238 9237
f 9230 9237 9236
f 9230 9236 9229
f 9229 9236 9235
f 9229 9235 9359
f 9363 9364 9359
f 9359 9364 9229
f 9364 9365 9229
f 9229 9365 9366
f 9229 9366 9228
f 9228 9366 9367
f 9228 9367 9227
f 9227 9367 9368
f 9227 9368 9226
f 9226 9368 9369
f 9226 9369 9225
f 9225 9369 9370
f 9225 9370 9224
f 9224 9370 9223
f 9223 9370 9371
f 9223 9371 9222
f 9222 9371 9372
f 9222 9372 9221
f 9221 9372 9220
f 9220 9372 9373
f 9220 9373 9219
f 9219 9373 9374
f 9219 9374 9218
f 9218 9374 9375
f 9218 9375 9217
f 9217 9375 9376
f 9217 9376 9216
f 9216 9376 9377
f 9216 9377 9378
f 9379 9362 9378
f 9378 9362 9216
f 9380 9381 9361
f 9361 9381 9191
f 9361 9191 9192
f 9381 9382 9191
f 9191 9382 9383
f 9191 9383 9384
f 9191 9384 9190
f 9190 9384 9385
f 9190 9385 9189
f 9189 9385 9188
f 9188 9385 9386
f 9188 9386 9187
f 9187 9386 9387
f 9187 9387 9184
f 9184 9387 9388
f 9184 9388 9185
f 9185 9388 9186
f 9186 9388 9389
f 9186 9389 9208
f 9208 9389 9390
f 9208 9390 9207
f 9207 9390 9391
f 9207 9391 9206
f 9206 9391 9205
f 9205 9391 9392
f 9205 9392 9204
f 9204 9392 9393
f 9204 9393 9394
f 9204 9394 9203
f 9203 9394 9395
f 9203 9395 9360
f 9360 9395 9396
f 9196 9197 9254
f 9254 9197 9198
f 9200 9201 9255
f 9397 9398 9287
f 9287 9398 9286
f 9286 9398 9399
f 9286 9399 9284
f 9284 9399 9400
f 9284 9400 9282
f 9282 9400 9401
f 9282 9401 9280
f 9401 9402 9280
f 9280 9402 9279
f 9279 9402 9403
f 9279 9403 9278
f 9278 9403 9404
f 9278 9404 9273
f 9273 9404 9405
f 9273 9405 9272
f 9405 9406 9272
f 9272 9406 9271
f 9271 9406 9407
f 9271 9407 9270
f 9270 9407 9408
f 9270 9408 9269
f 9269 9408 9409
f 9269 9409 9264
f 9409 9410 9264
f 9264 9410 9288
f 9288 9410 9411
f 9288 9411 9290
f 9290 9411 9412
f 9290 9412 9292
f 9292 9412 9413
f 9292 9413 9293
f 9413 9414 9293
f 9293 9414 9291
f 9291 9414 9415
f 9291 9415 9289
f 9289 9415 9416
f 9289 9416 9262
f 9262 9416 9417
f 9262 9417 9263
f 9417 9418 9263
f 9263 9418 9265
f 9265 9418 9419
f 9265 9419 9266
f 9266 9419 9420
f 9266 9420 9267
f 9267 9420 9421
f 9267 9421 9268
f 9421 9422 9268
f 9268 9422 9274
f 9274 9422 9423
f 9274 9423 9275
f 9275 9423 9424
f 9275 9424 9276
f 9276 9424 9425
f 9276 9425 9277
f 9425 9426 9277
f 9277 9426 9281
f 9281 9426 9427
f 9281 9427 9283
f 9283 9427 9428
f 9283 9428 9285
f 9285 9428 9397
f 9285 9397 9287
f 9429 9430 9295
f 9295 9430 9300
f 9300 9430 9431
f 9300 9431 9304
f 9304 9431 9432
f 9304 9432 9301
f 9301 9432 9433
f 9301 9433 9302
f 9302 9433 9434
f 9302 9434 9303
f 9303 9434 9435
f 9303 9435 9305
f 9305 9435 9436
f 9305 9436 9306
f 9306 9436 9437
f 9306 9437 9307
f 9437 9438 9307
f 9307 9438 9308
f 9308 9438 9439
f 9308 9439 9297
f 9297 9439 9440
f 9297 9440 9298
f 9298 9440 9441
f 9298 9441 9309
f 9441 9442 9309
f 9309 9442 9310
f 9310 9442 9443
f 9310 9443 9311
f 9311 9443 9444
f 9311 9444 9312
f 9312 9444 9445
f 9312 9445 9313
f 9313 9445 9446
f 9313 9446 9314
f 9314 9446 9447
f 9314 9447 9315
f 9315 9447 9448
f 9315 9448 9316
f 9316 9448 9449
f 9316 9449 9296
f 9449 9450 9296
f 9296 9450 9294
f 9450 9451 9294
f 9294 9451 9299
f 9451 9429 9299
f 9299 9429 9295
f 9452 9453 9320
f 9320 9453 9328
f 9328 9453 9454
f 9328 9454 9327
f 9327 9454 9455
f 9327 9455 9326
f 9326 9455 9456
f 9326 9456 9325
f 9456 9457 9325
f 9325 9457 9324
f 9324 9457 9458
f 9324 9458 9323
f 9323 9458 9459
f 9323 9459 9322
f 9322 9459 9460
f 9322 9460 9321
f 9460 9461 9321
f 9321 9461 9329
f 9329 9461 9462
f 9329 9462 9330
f 9330 9462 9463
f 9330 9463 9331
f 9331 9463 9464
f 9331 9464 9332
f 9332 9464 9465
f 9332 9465 9333
f 9333 9465 9466
f 9333 9466 9334
f 9334 9466 9467
f 9334 9467 9335
f 9335 9467 9468
f 9335 9468 9319
f 9468 9469 9319
f 9319 9469 9317
f 9317 9469 9318
f 9318 9469 9470
f 9470 9452 9318
f 9318 9452 9320
f 9471 9472 9336
f 9336 9472 9337
f 9472 9473 9337
f 9337 9473 9338
f 9473 9471 9338
f 9338 9471 9336
f 9474 9475 9476
f 9476 9475 9477
f 9476 9477 9478
f 9478 9477 9479
f 9478 9479 9480
f 9480 9479 9481
f 9480 9481 9482
f 9482 9481 9483
f 9482 9483 9484
f 9484 9483 9485
f 9484 9485 9486
f 9486 9485 9487
f 9487 9485 9488
f 9487 9488 9489
f 9489 9488 9490
f 9490 9488 9491
f 9490 9491 9492
f 9492 9491 9493
f 9492 9493 9494
f 9474 9495 9475
f 9496 9497 9494
f 9494 9497 9498
f 9494 9498 9499
f 9499 9498 9500
f 9500 9498 9501
f 9501 9498 9502
f 9502 9498 9503
f 9503 9498 9504
f 9503 9504 9505
f 9505 9506 9503
f 9499 9492 9494
f 9507 9508 9509
f 9509 9508 9510
f 9511 9512 9513
f 9513 9512 9514
f 9513 9514 9515
f 9515 9516 9513
f 9513 9516 9517
f 9513 9517 9518
f 9518 9519 9513
f 9513 9519 9520
f 9513 9520 9521
f 9521 9522 9513
f 9513 9522 9523
f 9523 9522 9524
f 9525 9526 9513
f 9513 9526 9527
f 9513 9527 9528
f 9525 9529 9526
f 9527 9526 9530
f 9530 9526 9531
f 9530 9531 9532
f 9532 9531 9533
f 9533 9531 9534
f 9534 9531 9535
f 9535 9531 9536
f 9536 9531 9537
f 9537 9531 9538
f 9538 9531 9539
f 9539 9531 9540
f 9539 9540 9541
f 9541 9540 9542
f 9542 9540 9543
f 9543 9540 9544
f 9544 9540 9545
f 9545 9540 9546
f 9546 9540 9547
f 9532 9548 9530
f 9530 9548 9549
f 9528 9550 9513
f 9513 9550 9511
f 9551 9552 9352
f 9352 9552 9553
f 9352 9553 9353
f 9353 9553 9554
f 9353 9554 9354
f 9354 9554 9555
f 9354 9555 9355
f 9355 9555 9556
f 9355 9556 9356
f 9356 9556 9557
f 9356 9557 9357
f 9357 9557 9358
f 9358 9557 9558
f 9358 9558 9339
f 9339 9558 9559
f 9339 9559 9340
f 9340 9559 9560
f 9340 9560 9341
f 9341 9560 9561
f 9341 9561 9562
f 9341 9562 9342
f 9342 9562 9563
f 9342 9563 9343
f 9343 9563 9564
f 9343 9564 9344
f 9344 9564 9565
f 9344 9565 9345
f 9345 9565 9346
f 9346 9565 9566
f 9346 9566 9567
f 9567 9566 9568
f 9568 9566 9569
f 9569 9566 9570
f 9570 9566 9571
f 9571 9566 9572
f 9572 9566 9573
f 9572 9573 9574
f 9567 9575 9346
f 9346 9575 9347
f 9347 9575 9576
f 9347 9576 9577
f 9577 9578 9347
f 9347 9578 9579
f 9347 9579 9580
f 9580 9581 9347
f 9347 9581 9582
f 9347 9582 9583
f 9583 9584 9347
f 9347 9584 9348
f 9348 9584 9349
f 9349 9584 9585
f 9349 9585 9350
f 9350 9585 9586
f 9350 9586 9351
f 9351 9586 9551
f 9351 9551 9352
f 9359 9360 9587
f 9587 9360 9588
f 9589 9362 9590
f 9590 9362 9379
f 9590 9379 9591
f 9591 9379 9378
f 9591 9378 9592
f 9592 9378 9377
f 9592 9377 9593
f 9593 9377 9376
f 9593 9376 9594
f 9594 9376 9375
f 9594 9375 9595
f 9595 9375 9374
f 9595 9374 9596
f 9596 9374 9373
f 9596 9373 9597
f 9597 9373 9372
f 9597 9372 9598
f 9598 9372 9371
f 9598 9371 9599
f 9599 9371 9600
f 9600 9371 9370
f 9600 9370 9601
f 9601 9370 9369
f 9601 9369 9602
f 9602 9369 9368
f 9602 9368 9603
f 9603 9368 9367
f 9603 9367 9604
f 9604 9367 9366
f 9604 9366 9605
f 9605 9366 9365
f 9605 9365 9606
f 9606 9365 9364
f 9606 9364 9607
f 9607 9364 9363
f 9607 9363 9608
f 9608 9363 9359
f 9608 9359 9587
f 9361 9362 9609
f 9609 9362 9589
f 9588 9360 9610
f 9610 9360 9396
f 9610 9396 9611
f 9611 9396 9395
f 9611 9395 9612
f 9612 9395 9394
f 9612 9394 9613
f 9613 9394 9393
f 9613 9393 9614
f 9614 9393 9392
f 9614 9392 9615
f 9615 9392 9391
f 9615 9391 9616
f 9616 9391 9390
f 9616 9390 9617
f 9617 9390 9389
f 9617 9389 9618
f 9618 9389 9388
f 9618 9388 9619
f 9619 9388 9620
f 9620 9388 9387
f 9620 9387 9621
f 9621 9387 9386
f 9621 9386 9622
f 9622 9386 9385
f 9622 9385 9623
f 9623 9385 9384
f 9623 9384 9624
f 9624 9384 9383
f 9624 9383 9625
f 9625 9383 9382
f 9625 9382 9626
f 9626 9382 9381
f 9626 9381 9627
f 9627 9381 9380
f 9627 9380 9628
f 9628 9380 9361
f 9628 9361 9609
f 9629 9630 9631
f 9631 9630 9632
f 9632 9630 9633
f 9632 9633 9634
f 9634 9633 9635
f 9634 9635 9636
f 9633 9637 9635
f 9635 9637 9638
f 9639 9640 9636
f 9636 9640 9634
f 9641 9642 9643
f 9643 9642 9644
f 9643 9644 9645
f 9641 9646 9642
f 9642 9646 9647
f 9642 9647 9648
f 9648 9649 9642
f 9642 9649 9650
f 9642 9650 9651
f 9651 9652 9642
f 9642 9652 9653
f 9642 9653 9654
f 9654 9655 9642
f 9642 9655 9656
f 9656 9655 9657
f 9656 9657 9658
f 9643 9645 9659
f 9659 9645 9660
f 9659 9660 9661
f 9661 9660 9662
f 9661 9662 9663
f 9663 9662 9664
f 9665 9666 9667
f 9667 9666 9668
f 9667 9668 9669
f 9669 9668 9670
f 9669 9671 9667
f 9667 9671 9672
f 9673 9674 9675
f 9675 9674 9676
f 9675 9676 9677
f 9677 9678 9675
f 9675 9678 9679
f 9675 9679 9680
f 9680 9681 9675
f 9675 9681 9682
f 9675 9682 9683
f 9683 9684 9675
f 9675 9684 9685
f 9675 9685 9686
f 9686 9687 9675
f 9675 9687 9688
f 9675 9688 9689
f 9689 9688 9690
f 9689 9690 9691
f 9675 9692 9673
f 9673 9692 9693
f 9673 9693 9694
f 9694 9693 9695
f 9694 9695 9696
f 9696 9695 9697
f 9696 9697 9698
f 9698 9697 9699
f 9700 9701 9702
f 9702 9701 9703
f 9702 9703 9704
f 9704 9703 9705
f 9704 9705 9706
f 9706 9705 9707
f 9706 9707 9708
f 9708 9707 9709
f 9708 9709 9710
f 9700 9711 9701
f 9712 9713 9710
f 9710 9713 9714
f 9710 9714 9708
f 9713 9712 9715
f 9715 9712 9716
f 9715 9716 9717
f 9717 9716 9718
f 9718 9716 9719
f 9718 9719 9720
f 9720 9719 9721
f 9720 9721 9722
f 9722 9721 9723
f 9722 9723 9724
f 9724 9723 9725
f 9724 9725 9726
f 9726 9725 9727
f 9727 9725 9728
f 9727 9728 9729
f 9729 9728 9730
f 9729 9730 9731
f 9731 9730 9732
f 9731 9732 9733
f 9733 9732 9734
f 9734 9732 9735
f 9734 9735 9736
f 9736 9735 9737
f 9736 9737 9738
f 9736 9738 9739
f 9739 9738 9740
f 9739 9740 9741
f 9742 9743 9741
f 9741 9743 9744
f 9741 9744 9739
f 9745 9746 9742
f 9742 9746 9747
f 9742 9747 9743
f 9748 9749 9745
f 9745 9749 9750
f 9745 9750 9746
f 9749 9748 9751
f 9751 9748 9752
f 9751 9752 9753
f 9751 9753 9754
f 9754 9753 9755
f 9754 9755 9756
f 9756 9755 9757
f 9756 9757 9758
f 9758 9757 9759
f 9758 9759 9760
f 9758 9760 9761
f 9761 9760 9762
f 9761 9762 9763
f 9763 9762 9764
f 9763 9764 9765
f 9765 9764 9766
f 9766 9764 9767
f 9766 9767 9768
f 9768 9767 9769
f 9768 9769 9770
f 9770 9769 9771
f 9770 9771 9772
f 9772 9771 9773
f 9773 9771 9774
f 9773 9774 9775
f 9775 9774 9776
f 9776 9774 9777
f 9776 9777 9778
f 9778 9777 9779
f 9778 9779 9780
f 9780 9779 9781
f 9780 9781 9782
f 9780 9782 9783
f 9783 9782 9784
f 9783 9784 9785
f 9785 9784 9786
f 9785 9786 9787
f 9787 9786 9788
f 9787 9788 9789
f 9789 9788 9790
f 9789 9790 9791
f 9791 9790 9792
f 9791 9792 9793
f 9791 9793 9794
f 9794 9793 9795
f 9794 9795 9796
f 9796 9795 9797
f 9796 9797 9798
f 9798 9797 9799
f 9798 9799 9800
f 9800 9799 9801
f 9800 9801 9802
f 9802 9801 9803
f 9804 9805 9806
f 9806 9805 9807
f 9806 9807 9808
f 9805 9804 9809
f 9809 9804 9810
f 9809 9810 9811
f 9811 9810 9812
f 9811 9812 9813
f 9813 9812 9814
f 9813 9814 9815
f 9815 9814 9816
f 9815 9816 9817
f 9817 9816 9818
f 9817 9818 9819
f 9819 9818 9820
f 9819 9820 9821
f 9821 9820 9822
f 9821 9822 9823
f 9823 9822 9824
f 9824 9822 9825
f 9824 9825 9826
f 9826 9825 9827
f 9826 9827 9828
f 9828 9827 9829
f 9828 9829 9830
f 9830 9829 9831
f 9830 9831 9832
f 9832 9831 9833
f 9832 9833 9834
f 9834 9833 9835
f 9834 9835 9836
f 9836 9835 9837
f 9836 9837 9838
f 9838 9837 9839
f 9838 9839 9840
f 9838 9840 9841
f 9841 9840 9842
f 9841 9842 9843
f 9843 9842 9844
f 9843 9844 9845
f 9845 9844 9846
f 9845 9846 9847
f 9847 9846 9848
f 9847 9848 9849
f 9849 9848 9850
f 9849 9850 9851
f 9851 9850 9852
f 9851 9852 9853
f 9853 9852 9854
f 9853 9854 9855
f 9855 9854 9856
f 9855 9856 9857
f 9857 9856 9858
f 9857 9858 9859
f 9859 9858 9860
f 9859 9860 9861
f 9861 9860 9862
f 9861 9862 9863
f 9863 9862 9864
f 9863 9864 9865
f 9865 9864 9866
f 9865 9866 9867
f 9867 9866 9868
f 9867 9868 9869
f 9869 9868 9870
f 9869 9870 9871
f 9871 9870 9872
f 9871 9872 9873
f 9873 9872 9874
f 9874 9872 9875
f 9874 9875 9876
f 9876 9875 9877
f 9876 9877 9878
f 9878 9877 9879
f 9878 9879 9880
f 9880 9879 9881
f 9880 9881 9882
f 9882 9881 9883
f 9882 9883 9884
f 9884 9883 9885
f 9884 9885 9886
f 9886 9885 9887
f 9886 9887 9888
f 9886 9888 9889
f 9889 9888 9890
f 9889 9890 9891
f 9891 9890 9892
f 9891 9892 9893
f 9891 9893 9894
f 9894 9893 9895
f 9894 9895 9896
f 9896 9895 9897
f 9896 9897 9898
f 9898 9897 9899
f 9898 9899 9900
f 9900 9899 9901
f 9900 9901 9902
f 9902 9901 9903
f 9902 9903 9904
f 9904 9903 9905
f 9904 9905 9906
f 9906 9905 9907
f 9906 9907 9908
f 9909 9414 9910
f 9910 9414 9413
f 9910 9413 9412
f 9414 9909 9415
f 9415 9909 9911
f 9415 9911 9416
f 9416 9911 9912
f 9416 9912 9417
f 9417 9912 9913
f 9417 9913 9418
f 9418 9913 9914
f 9418 9914 9419
f 9419 9914 9915
f 9419 9915 9420
f 9420 9915 9916
f 9420 9916 9421
f 9421 9916 9917
f 9421 9917 9918
f 9421 9918 9422
f 9422 9918 9919
f 9422 9919 9423
f 9423 9919 9920
f 9423 9920 9424
f 9424 9920 9921
f 9424 9921 9425
f 9425 9921 9922
f 9425 9922 9426
f 9426 9922 9923
f 9426 9923 9427
f 9427 9923 9924
f 9427 9924 9428
f 9428 9924 9925
f 9428 9925 9397
f 9397 9925 9398
f 9398 9925 9926
f 9398 9926 9399
f 9399 9926 9927
f 9399 9927 9400
f 9400 9927 9928
f 9400 9928 9401
f 9401 9928 9929
f 9401 9929 9402
f 9402 9929 9930
f 9402 9930 9403
f 9403 9930 9931
f 9403 9931 9404
f 9404 9931 9932
f 9404 9932 9405
f 9405 9932 9933
f 9405 9933 9934
f 9405 9934 9406
f 9406 9934 9935
f 9406 9935 9407
f 9407 9935 9936
f 9407 9936 9408
f 9408 9936 9937
f 9408 9937 9409
f 9409 9937 9938
f 9409 9938 9410
f 9410 9938 9939
f 9410 9939 9411
f 9411 9939 9940
f 9411 9940 9412
f 9412 9940 9910
f 9941 9942 9943
f 9943 9942 9944
f 9944 9942 9945
f 9945 9942 9946
f 9947 9470 9948
f 9948 9470 9469
f 9948 9469 9949
f 9949 9469 9451
f 9949 9451 9450
f 9950 9453 9947
f 9947 9453 9452
f 9947 9452 9470
f 9453 9950 9454
f 9454 9950 9951
f 9454 9951 9455
f 9455 9951 9952
f 9455 9952 9456
f 9456 9952 9953
f 9456 9953 9457
f 9457 9953 9954
f 9457 9954 9955
f 9457 9955 9458
f 9458 9955 9956
f 9458 9956 9459
f 9459 9956 9957
f 9459 9957 9460
f 9460 9957 9958
f 9460 9958 9461
f 9461 9958 9959
f 9461 9959 9462
f 9462 9959 9960
f 9462 9960 9961
f 9462 9961 9463
f 9463 9961 9962
f 9463 9962 9464
f 9464 9962 9963
f 9464 9963 9465
f 9465 9963 9964
f 9465 9964 9466
f 9466 9964 9965
f 9466 9965 9467
f 9467 9965 9432
f 9467 9432 9431
f 9966 9434 9965
f 9965 9434 9433
f 9965 9433 9432
f 9434 9966 9435
f 9435 9966 9967
f 9435 9967 9436
f 9436 9967 9968
f 9436 9968 9437
f 9437 9968 9969
f 9437 9969 9438
f 9438 9969 9970
f 9438 9970 9439
f 9439 9970 9971
f 9439 9971 9972
f 9439 9972 9440
f 9440 9972 9973
f 9440 9973 9441
f 9441 9973 9974
f 9441 9974 9442
f 9442 9974 9975
f 9442 9975 9443
f 9443 9975 9976
f 9443 9976 9444
f 9444 9976 9977
f 9444 9977 9445
f 9445 9977 9978
f 9445 9978 9446
f 9446 9978 9979
f 9446 9979 9447
f 9447 9979 9980
f 9447 9980 9448
f 9448 9980 9981
f 9448 9981 9449
f 9449 9981 9450
f 9450 9981 9949
f 9451 9469 9429
f 9429 9469 9468
f 9429 9468 9430
f 9430 9468 9431
f 9431 9468 9467
f 9982 9983 9984
f 9984 9983 9985
f 9985 9983 9986
f 9985 9986 9987
f 9987 9986 9988
f 9987 9988 9989
f 9986 9990 9988
f 9988 9990 9991
f 9992 9993 9989
f 9989 9993 9987
f 9994 9995 9996
f 9996 9995 9473
f 9996 9473 9997
f 9997 9473 9472
f 9997 9472 9998
f 9998 9472 9471
f 9998 9471 9999
f 9999 9471 10000
f 9999 10000 10001
f 9995 10000 9473
f 9473 10000 9471
f 10002 10003 10004
f 10004 10003 10005
f 10004 10005 10006
f 10003 10002 10007
f 10007 10002 10008
f 10007 10008 10009
f 10009 10008 10010
f 10010 10008 10011
f 10010 10011 10012
f 10012 10011 10013
f 10012 10013 10014
f 10014 10013 10015
f 10014 10015 10016
f 10016 10015 10017
f 10016 10017 10018
f 10018 10017 10019
f 10018 10019 10020
f 10021 10022 10020
f 10020 10022 10018
f 10022 10023 10018
f 10018 10023 10024
f 10004 10006 10025
f 10025 10006 10026
f 10025 10026 10027
f 10027 10026 10028
f 10027 10028 10029
f 10029 10028 10030
f 10029 10030 10031
f 10031 10030 10032
f 10031 10032 10033
f 10033 10032 10034
f 10033 10034 10035
f 10035 10034 10036
f 10035 10036 10037
f 10037 10036 10038
f 10037 10038 10039
f 10039 10038 10040
f 10040 10038 10041
f 10040 10041 10042
f 10042 10043 10040
f 9483 9481 8937
f 8937 9481 8938
f 8938 9481 9479
f 8938 9479 8946
f 8946 9479 9477
f 8946 9477 8947
f 8947 9477 9475
f 8947 9475 8936
f 9493 9491 8398
f 8398 9491 8944
f 8944 9491 9488
f 8944 9488 8945
f 8945 9488 9485
f 8945 9485 8935
f 8935 9485 9483
f 8935 9483 8937
f 9494 9493 8396
f 8396 9493 8398
f 8394 9496 8396
f 8396 9496 9494
f 8384 9497 8394
f 8394 9497 9496
f 8383 9498 8384
f 8384 9498 9497
f 9505 9504 8894
f 8894 9504 8892
f 8892 9504 9498
f 8892 9498 8383
f 9503 9506 8899
f 8899 9506 8896
f 8896 9506 9505
f 8896 9505 8894
f 9501 9502 8903
f 8903 9502 8901
f 8901 9502 9503
f 8901 9503 8899
f 9499 9500 8908
f 8908 9500 8906
f 8906 9500 9501
f 8906 9501 8903
f 8915 9492 8908
f 8908 9492 9499
f 9487 9489 8919
f 8919 9489 8920
f 8920 9489 9490
f 8920 9490 8943
f 8943 9490 9492
f 8943 9492 8915
f 9484 9486 8942
f 8942 9486 8918
f 8918 9486 9487
f 8918 9487 8919
f 9480 9482 8940
f 8940 9482 8941
f 8941 9482 9484
f 8941 9484 8942
f 9476 9478 8865
f 8865 9478 8939
f 8939 9478 9480
f 8939 9480 8940
f 8403 9474 8865
f 8865 9474 9476
f 9495 9474 8401
f 8401 9474 8403
f 8936 9475 8401
f 8401 9475 9495
f 9507 9509 8399
f 8399 9509 8397
f 8400 9508 8399
f 8399 9508 9507
f 8395 9510 8400
f 8400 9510 9508
f 8397 9509 8395
f 8395 9509 9510
f 8421 9525 8891
f 8891 9525 9513
f 9529 9525 8934
f 8934 9525 8421
f 9526 9529 8933
f 8933 9529 8934
f 9531 9526 8932
f 8932 9526 8933
f 9545 9546 8928
f 8928 9546 8929
f 8929 9546 9547
f 8929 9547 8930
f 8930 9547 9540
f 8930 9540 8931
f 8931 9540 9531
f 8931 9531 8932
f 9541 9542 8924
f 8924 9542 8925
f 8925 9542 9543
f 8925 9543 8926
f 8926 9543 9544
f 8926 9544 8927
f 8927 9544 9545
f 8927 9545 8928
f 9536 9537 8860
f 8860 9537 8921
f 8921 9537 9538
f 8921 9538 8922
f 8922 9538 9539
f 8922 9539 8923
f 8923 9539 9541
f 8923 9541 8924
f 9532 9533 8867
f 8867 9533 8862
f 8862 9533 9534
f 8862 9534 8863
f 8863 9534 9535
f 8863 9535 8864
f 8864 9535 9536
f 8864 9536 8860
f 8866 9548 8867
f 8867 9548 9532
f 8917 9549 8866
f 8866 9549 9548
f 9530 9549 8916
f 8916 9549 8917
f 9527 9530 8914
f 8914 9530 8916
f 9512 9511 8910
f 8910 9511 8911
f 8911 9511 9550
f 8911 9550 8912
f 8912 9550 9528
f 8912 9528 8913
f 8913 9528 9527
f 8913 9527 8914
f 9517 9516 8904
f 8904 9516 8905
f 8905 9516 9515
f 8905 9515 8907
f 8907 9515 9514
f 8907 9514 8909
f 8909 9514 9512
f 8909 9512 8910
f 9521 9520 8897
f 8897 9520 8898
f 8898 9520 9519
f 8898 9519 8900
f 8900 9519 9518
f 8900 9518 8902
f 8902 9518 9517
f 8902 9517 8904
f 9513 9523 8891
f 8891 9523 8890
f 8890 9523 9524
f 8890 9524 8893
f 8893 9524 9522
f 8893 9522 8895
f 8895 9522 9521
f 8895 9521 8897
f 9556 9555 8874
f 8874 9555 8872
f 8872 9555 9554
f 8872 9554 8870
f 8876 9557 8874
f 8874 9557 9556
f 9559 9558 8879
f 8879 9558 8878
f 8878 9558 9557
f 8878 9557 8876
f 9561 9560 8883
f 8883 9560 8881
f 8881 9560 9559
f 8881 9559 8879
f 9563 9562 8885
f 8885 9562 8884
f 8884 9562 9561
f 8884 9561 8883
f 9565 9564 8887
f 8887 9564 8886
f 8886 9564 9563
f 8886 9563 8885
f 8385 9566 8887
f 8887 9566 9565
f 9574 9573 8387
f 8387 9573 8386
f 8386 9573 9566
f 8386 9566 8385
f 9571 9572 8389
f 8389 9572 8388
f 8388 9572 9574
f 8388 9574 8387
f 9569 9570 8391
f 8391 9570 8390
f 8390 9570 9571
f 8390 9571 8389
f 9567 9568 8393
f 8393 9568 8392
f 8392 9568 9569
f 8392 9569 8391
f 8402 9575 8393
f 8393 9575 9567
f 9577 9576 8405
f 8405 9576 8404
f 8404 9576 9575
f 8404 9575 8402
f 9579 9578 8407
f 8407 9578 8406
f 8406 9578 9577
f 8406 9577 8405
f 9581 9580 8409
f 8409 9580 8408
f 8408 9580 9579
f 8408 9579 8407
f 9583 9582 8411
f 8411 9582 8410
f 8410 9582 9581
f 8410 9581 8409
f 8413 9584 8411
f 8411 9584 9583
f 9586 9585 8416
f 8416 9585 8414
f 8414 9585 9584
f 8414 9584 8413
f 9552 9551 8888
f 8888 9551 8417
f 8417 9551 9586
f 8417 9586 8416
f 9554 9553 8870
f 8870 9553 8868
f 8868 9553 9552
f 8868 9552 8888
f 9588 8412 9587
f 9587 8412 8861
f 8442 9589 8443
f 8443 9589 9590
f 8443 9590 8444
f 8444 9590 9591
f 8444 9591 8855
f 8855 9591 9592
f 8855 9592 8440
f 8440 9592 9593
f 8440 9593 8441
f 8441 9593 9594
f 8441 9594 8459
f 8459 9594 9595
f 8459 9595 8446
f 8446 9595 9596
f 8446 9596 8448
f 8448 9596 9597
f 8448 9597 8450
f 8450 9597 9598
f 8450 9598 8453
f 8453 9598 9599
f 8453 9599 8455
f 8455 9599 9600
f 8455 9600 8456
f 8456 9600 9601
f 8456 9601 8457
f 8457 9601 9602
f 8457 9602 8423
f 8423 9602 9603
f 8423 9603 8422
f 8422 9603 9604
f 8422 9604 8856
f 8856 9604 9605
f 8856 9605 8857
f 8857 9605 9606
f 8857 9606 8858
f 8858 9606 9607
f 8858 9607 8859
f 8859 9607 9608
f 8859 9608 8861
f 8861 9608 9587
f 9589 8442 9609
f 9609 8442 8810
f 8412 9588 8415
f 8415 9588 9610
f 8415 9610 8418
f 8418 9610 9611
f 8418 9611 8420
f 8420 9611 9612
f 8420 9612 8368
f 8368 9612 9613
f 8368 9613 8369
f 8369 9613 9614
f 8369 9614 8849
f 8849 9614 9615
f 8849 9615 8848
f 8848 9615 9616
f 8848 9616 8846
f 8846 9616 9617
f 8846 9617 8843
f 8843 9617 9618
f 8843 9618 8839
f 8839 9618 9619
f 8839 9619 8836
f 8836 9619 9620
f 8836 9620 8832
f 8832 9620 9621
f 8832 9621 8829
f 8829 9621 9622
f 8829 9622 8826
f 8826 9622 9623
f 8826 9623 8823
f 8823 9623 9624
f 8823 9624 8815
f 8815 9624 9625
f 8815 9625 8813
f 8813 9625 9626
f 8813 9626 8811
f 8811 9626 9627
f 8811 9627 8809
f 8809 9627 9628
f 8809 9628 8810
f 8810 9628 9609
f 8553 9629 8542
f 8542 9629 9631
f 9630 9629 8854
f 8854 9629 8553
f 8853 9633 8854
f 8854 9633 9630
f 9637 9633 8552
f 8552 9633 8853
f 8850 9638 8552
f 8552 9638 9637
f 9635 9638 8852
f 8852 9638 8850
f 8851 9636 8852
f 8852 9636 9635
f 9639 9636 8523
f 8523 9636 8851
f 8522 9640 8523
f 8523 9640 9639
f 9634 9640 8548
f 8548 9640 8522
f 9632 9634 8544
f 8544 9634 8548
f 9631 9632 8542
f 8542 9632 8544
f 9656 9658 8818
f 8818 9658 8816
f 9642 9656 8820
f 8820 9656 8818
f 9644 9642 8551
f 8551 9642 8820
f 8841 9643 8842
f 8842 9643 9659
f 8842 9659 8844
f 8844 9659 9661
f 8844 9661 8845
f 8845 9661 9663
f 8845 9663 8847
f 8847 9663 9664
f 8847 9664 8362
f 8362 9664 9662
f 8362 9662 8520
f 8520 9662 9660
f 8520 9660 8550
f 8550 9660 9645
f 8550 9645 8551
f 8551 9645 9644
f 8835 9641 8837
f 8837 9641 8838
f 8838 9641 9643
f 8838 9643 8840
f 8840 9643 8841
f 9653 9652 8825
f 8825 9652 8827
f 8827 9652 9651
f 8827 9651 8828
f 8828 9651 9650
f 8828 9650 8830
f 8830 9650 9649
f 8830 9649 8831
f 8831 9649 9648
f 8831 9648 9647
f 8831 9647 8833
f 8833 9647 9646
f 8833 9646 8834
f 8834 9646 9641
f 8834 9641 8835
f 8816 9658 8817
f 8817 9658 9657
f 8817 9657 8822
f 8822 9657 9655
f 8822 9655 8824
f 8824 9655 9654
f 8824 9654 8825
f 8825 9654 9653
f 9668 9666 8546
f 8546 9666 8545
f 9670 9668 8547
f 8547 9668 8546
f 9669 9670 8549
f 8549 9670 8547
f 9671 9669 8735
f 8735 9669 8549
f 9672 9671 8741
f 8741 9671 8735
f 9667 9672 8744
f 8744 9672 8741
f 9665 9667 8778
f 8778 9667 8744
f 9666 9665 8545
f 8545 9665 8778
f 9689 9691 8821
f 8821 9691 8733
f 9675 9689 8819
f 8819 9689 8821
f 9692 9675 8814
f 8814 9675 8819
f 8788 9673 8789
f 8789 9673 9694
f 8789 9694 8543
f 8543 9694 9696
f 8543 9696 8499
f 8499 9696 9698
f 8499 9698 8806
f 8806 9698 9699
f 8806 9699 8807
f 8807 9699 9697
f 8807 9697 8808
f 8808 9697 9695
f 8808 9695 8812
f 8812 9695 9693
f 8812 9693 8814
f 8814 9693 9692
f 8791 9674 8792
f 8792 9674 8793
f 8793 9674 9673
f 8793 9673 8805
f 8805 9673 8788
f 8802 9678 8798
f 8798 9678 9677
f 8798 9677 9676
f 8798 9676 8794
f 8794 9676 9674
f 8794 9674 8791
f 9686 9685 8722
f 8722 9685 8719
f 8719 9685 9684
f 8719 9684 8716
f 8716 9684 9683
f 8716 9683 8712
f 8712 9683 9682
f 8712 9682 8709
f 8709 9682 9681
f 8709 9681 9680
f 8709 9680 8707
f 8707 9680 9679
f 8707 9679 8804
f 8804 9679 9678
f 8804 9678 8802
f 8733 9691 8731
f 8731 9691 9690
f 8731 9690 8729
f 8729 9690 9688
f 8729 9688 8725
f 8725 9688 9687
f 8725 9687 8722
f 8722 9687 9686
f 9787 9789 8734
f 8734 9789 8736
f 8736 9789 9791
f 8736 9791 8737
f 8737 9791 9794
f 8737 9794 8738
f 8738 9794 9796
f 8738 9796 8739
f 8739 9796 9798
f 8739 9798 8740
f 8740 9798 9800
f 8740 9800 8742
f 8742 9800 9802
f 8742 9802 8743
f 8743 9802 9803
f 8743 9803 8745
f 9776 9778 8726
f 8726 9778 8727
f 8727 9778 9780
f 8727 9780 8728
f 8728 9780 9783
f 8728 9783 8730
f 8730 9783 9785
f 8730 9785 8732
f 8732 9785 9787
f 8732 9787 8734
f 8720 9770 8721
f 8721 9770 9772
f 8721 9772 8723
f 8723 9772 9773
f 8723 9773 8724
f 8724 9773 9775
f 8724 9775 8726
f 8726 9775 9776
f 8720 8718 9770
f 9770 8718 9768
f 9768 8718 8717
f 9768 8717 9766
f 9766 8717 8715
f 9766 8715 9765
f 9765 8715 8714
f 9765 8714 9763
f 9763 8714 9761
f 9761 8714 8713
f 9761 8713 8711
f 9761 8711 9758
f 9758 8711 8710
f 9758 8710 9756
f 9756 8710 8706
f 9756 8706 9754
f 9754 8706 8704
f 9754 8704 9751
f 8686 9739 8699
f 8699 9739 9744
f 8699 9744 8700
f 8700 9744 9743
f 8700 9743 9747
f 8700 9747 8701
f 8701 9747 9746
f 8701 9746 8702
f 8702 9746 9750
f 8702 9750 8703
f 8703 9750 9749
f 8703 9749 8705
f 8705 9749 9751
f 8705 9751 8704
f 9736 9739 8685
f 8685 9739 8686
f 9718 9720 8698
f 8698 9720 8696
f 8696 9720 9722
f 8696 9722 8695
f 8695 9722 9724
f 8695 9724 8693
f 8693 9724 9726
f 8693 9726 8691
f 8691 9726 9727
f 8691 9727 8689
f 8689 9727 9729
f 8689 9729 8687
f 8687 9729 9731
f 8687 9731 8681
f 8681 9731 9733
f 8681 9733 8683
f 8683 9733 9734
f 8683 9734 8685
f 8685 9734 9736
f 9702 9704 8682
f 8682 9704 8680
f 8680 9704 9706
f 8680 9706 8688
f 8688 9706 9708
f 8688 9708 8690
f 8690 9708 9714
f 8690 9714 8692
f 8692 9714 9713
f 8692 9713 8694
f 8694 9713 9715
f 8694 9715 8697
f 8697 9715 9717
f 8697 9717 9718
f 9718 8698 8697
f 8682 8684 9702
f 9702 8684 9700
f 9711 9700 8708
f 8708 9700 8684
f 9701 9711 8803
f 8803 9711 8708
f 9716 9712 8790
f 8790 9712 8795
f 8795 9712 9710
f 8795 9710 8796
f 8796 9710 9709
f 8796 9709 8797
f 8797 9709 9707
f 8797 9707 8799
f 8799 9707 9705
f 8799 9705 8800
f 8800 9705 9703
f 8800 9703 8801
f 8801 9703 9701
f 8801 9701 8803
f 9719 9716 8787
f 8787 9716 8790
f 8779 9737 8780
f 8780 9737 9735
f 8780 9735 8781
f 8781 9735 9732
f 8781 9732 8782
f 8782 9732 9730
f 8782 9730 9728
f 8782 9728 8783
f 8783 9728 9725
f 8783 9725 8784
f 8784 9725 9723
f 8784 9723 8785
f 8785 9723 9721
f 8785 9721 8786
f 8786 9721 9719
f 8786 9719 8787
f 9738 9737 8777
f 8777 9737 8779
f 8749 9752 8748
f 8748 9752 9748
f 8748 9748 8747
f 8747 9748 9745
f 8747 9745 9742
f 8747 9742 8746
f 8746 9742 9741
f 8746 9741 8775
f 8775 9741 9740
f 8775 9740 8776
f 8776 9740 9738
f 8776 9738 8777
f 8755 9769 8754
f 8754 9769 9767
f 8754 9767 8753
f 8753 9767 9764
f 8753 9764 8752
f 8752 9764 9762
f 8752 9762 8751
f 8751 9762 9760
f 8751 9760 9759
f 8751 9759 8771
f 8771 9759 9757
f 8771 9757 8772
f 8772 9757 9755
f 8772 9755 8773
f 8773 9755 9753
f 8773 9753 8774
f 8774 9753 9752
f 8774 9752 8749
f 9779 9777 8760
f 8760 9777 8759
f 8759 9777 9774
f 8759 9774 8757
f 8757 9774 9771
f 8757 9771 8756
f 8756 9771 9769
f 8756 9769 8755
f 8769 9788 8770
f 8770 9788 9786
f 8770 9786 8766
f 8766 9786 9784
f 8766 9784 8764
f 8764 9784 9782
f 8764 9782 8762
f 8762 9782 9781
f 8762 9781 8760
f 8760 9781 9779
f 8750 9801 8758
f 8758 9801 9799
f 8758 9799 8761
f 8761 9799 9797
f 8761 9797 8763
f 8763 9797 9795
f 8763 9795 9793
f 8763 9793 8765
f 8765 9793 9792
f 8765 9792 8767
f 8767 9792 9790
f 8767 9790 8768
f 8768 9790 9788
f 8768 9788 8769
f 9803 9801 8745
f 8745 9801 8750
f 8676 9854 8652
f 8652 9854 9852
f 8652 9852 9850
f 8652 9850 8480
f 8480 9850 9848
f 8480 9848 8479
f 8479 9848 8477
f 8477 9848 9846
f 8477 9846 8476
f 8476 9846 9844
f 8476 9844 8475
f 8475 9844 9842
f 8475 9842 8474
f 8474 9842 9840
f 8474 9840 8472
f 8657 9872 8658
f 8658 9872 9870
f 8658 9870 8674
f 8674 9870 9868
f 8674 9868 8675
f 8675 9868 9866
f 8675 9866 8653
f 8653 9866 9864
f 8653 9864 8654
f 8654 9864 9862
f 8654 9862 8677
f 8677 9862 9860
f 8677 9860 8678
f 8678 9860 9858
f 8678 9858 8679
f 8679 9858 9856
f 8679 9856 8676
f 8676 9856 9854
f 9881 9879 8662
f 8662 9879 8661
f 8661 9879 9877
f 8661 9877 8659
f 8659 9877 9875
f 8659 9875 8656
f 8656 9875 9872
f 8656 9872 8657
f 9890 9888 8673
f 8673 9888 8670
f 8670 9888 9887
f 8670 9887 8668
f 8668 9887 9885
f 8668 9885 8666
f 8666 9885 9883
f 8666 9883 8667
f 8667 9883 9881
f 8667 9881 8662
f 9892 9890 8672
f 8672 9890 8673
f 9899 9897 8664
f 8664 9897 8665
f 8665 9897 9895
f 8665 9895 8669
f 8669 9895 9893
f 8669 9893 8671
f 8671 9893 9892
f 8671 9892 8672
f 8655 9905 8660
f 8660 9905 9903
f 8660 9903 8663
f 8663 9903 9901
f 8663 9901 8664
f 8664 9901 9899
f 9907 9905 8651
f 8651 9905 8655
f 9908 9907 8482
f 8482 9907 8651
f 9906 9908 8484
f 8484 9908 8482
f 9891 9894 8357
f 8357 9894 8493
f 8493 9894 9896
f 8493 9896 8491
f 8491 9896 9898
f 8491 9898 8490
f 8490 9898 9900
f 8490 9900 8488
f 8488 9900 9902
f 8488 9902 8487
f 8487 9902 9904
f 8487 9904 8485
f 8485 9904 9906
f 8485 9906 8484
f 8616 9880 8614
f 8614 9880 9882
f 8614 9882 8612
f 8612 9882 9884
f 8612 9884 8609
f 8609 9884 9886
f 8609 9886 8559
f 8559 9886 9889
f 8559 9889 8357
f 8357 9889 9891
f 9873 9874 8624
f 8624 9874 8622
f 8622 9874 9876
f 8622 9876 8621
f 8621 9876 9878
f 8621 9878 8619
f 8619 9878 9880
f 8619 9880 8616
f 9855 9857 8599
f 8599 9857 8597
f 8597 9857 9859
f 8597 9859 8595
f 8595 9859 9861
f 8595 9861 8593
f 8593 9861 8591
f 8591 9861 9863
f 8591 9863 8632
f 8632 9863 9865
f 8632 9865 8631
f 8631 9865 9867
f 8631 9867 8629
f 8629 9867 9869
f 8629 9869 8626
f 8626 9869 9871
f 8626 9871 9873
f 9873 8624 8626
f 8330 9841 8607
f 8607 9841 9843
f 8607 9843 8606
f 8606 9843 9845
f 8606 9845 8605
f 8605 9845 9847
f 8605 9847 8604
f 8604 9847 9849
f 8604 9849 8602
f 8602 9849 9851
f 8602 9851 8601
f 8601 9851 9853
f 8601 9853 8600
f 8600 9853 9855
f 8600 9855 8599
f 9832 9834 8337
f 8337 9834 8335
f 8335 9834 9836
f 8335 9836 8333
f 8333 9836 9838
f 8333 9838 8331
f 8331 9838 9841
f 8331 9841 8330
f 8650 9823 8649
f 8649 9823 9824
f 8649 9824 8647
f 8647 9824 9826
f 8647 9826 8340
f 8340 9826 9828
f 8340 9828 8339
f 8339 9828 9830
f 8339 9830 8337
f 8337 9830 9832
f 8332 9805 8334
f 8334 9805 9809
f 8334 9809 9811
f 8334 9811 8336
f 8336 9811 9813
f 8336 9813 8338
f 8338 9813 9815
f 8338 9815 8341
f 8341 9815 9817
f 8341 9817 8342
f 8342 9817 9819
f 8342 9819 8648
f 8648 9819 9821
f 8648 9821 8650
f 8650 9821 9823
f 9807 9805 8329
f 8329 9805 8332
f 9808 9807 8327
f 8327 9807 8329
f 9806 9808 8325
f 8325 9808 8327
f 8309 9822 8311
f 8311 9822 9820
f 8311 9820 8313
f 8313 9820 9818
f 8313 9818 8315
f 8315 9818 9816
f 8315 9816 8317
f 8317 9816 9814
f 8317 9814 8319
f 8319 9814 9812
f 8319 9812 8321
f 8321 9812 9810
f 8321 9810 9804
f 8321 9804 8323
f 8323 9804 9806
f 8323 9806 8325
f 9833 9831 8466
f 8466 9831 8464
f 8464 9831 9829
f 8464 9829 8463
f 8463 9829 9827
f 8463 9827 8462
f 8462 9827 9825
f 8462 9825 8343
f 8343 9825 9822
f 8343 9822 8309
f 9840 9839 8472
f 8472 9839 8471
f 8471 9839 9837
f 8471 9837 8469
f 8469 9837 9835
f 8469 9835 8467
f 8467 9835 9833
f 8467 9833 8466
f 8363 9925 8364
f 8364 9925 9924
f 8364 9924 8365
f 8365 9924 9923
f 8365 9923 8637
f 8637 9923 9922
f 8637 9922 8638
f 8638 9922 9921
f 9929 9928 8573
f 8573 9928 8568
f 8568 9928 9927
f 8568 9927 8569
f 8569 9927 9926
f 8569 9926 8570
f 8570 9926 9925
f 8570 9925 8363
f 8578 9933 8576
f 8576 9933 9932
f 8576 9932 8574
f 8574 9932 9931
f 8574 9931 8572
f 8572 9931 9930
f 8572 9930 8573
f 8573 9930 9929
f 9937 9936 8586
f 8586 9936 8584
f 8584 9936 9935
f 8584 9935 8582
f 8582 9935 9934
f 8582 9934 8580
f 8580 9934 9933
f 8580 9933 8578
f 8564 9910 8565
f 8565 9910 9940
f 8565 9940 8588
f 8588 9940 9939
f 8588 9939 8587
f 8587 9939 9938
f 8587 9938 8586
f 8586 9938 9937
f 9913 9912 8643
f 8643 9912 8644
f 8644 9912 9911
f 8644 9911 8645
f 8645 9911 9909
f 8645 9909 8646
f 8646 9909 9910
f 8646 9910 8564
f 8633 9917 8634
f 8634 9917 9916
f 8634 9916 8635
f 8635 9916 9915
f 8635 9915 8642
f 8642 9915 9914
f 8642 9914 8643
f 8643 9914 9913
f 9921 9920 8638
f 8638 9920 8639
f 8639 9920 9919
f 8639 9919 8640
f 8640 9919 9918
f 8640 9918 8641
f 8641 9918 9917
f 8641 9917 8633
f 9942 9941 8636
f 8636 9941 8554
f 9946 9942 8361
f 8361 9942 8636
f 9945 9946 8360
f 8360 9946 8361
f 9944 9945 8303
f 8303 9945 8360
f 9943 9944 8304
f 8304 9944 8303
f 8554 9941 8304
f 8304 9941 9943
f 9969 9968 8627
f 8627 9968 8628
f 8628 9968 9967
f 8628 9967 8630
f 8630 9967 9966
f 8630 9966 8589
f 8589 9966 9965
f 8589 9965 8590
f 9973 9972 8618
f 8618 9972 8620
f 8620 9972 9971
f 8620 9971 8623
f 8623 9971 9970
f 8623 9970 8625
f 8625 9970 9969
f 8625 9969 8627
f 9981 9980 8558
f 8558 9980 8560
f 8560 9980 9979
f 8560 9979 8561
f 8561 9979 9978
f 8561 9978 8610
f 8610 9978 9977
f 8610 9977 8611
f 8611 9977 9976
f 8611 9976 8613
f 8613 9976 9975
f 8613 9975 8615
f 8615 9975 9974
f 8615 9974 8617
f 8617 9974 9973
f 8617 9973 8618
f 9949 9981 8557
f 8557 9981 8558
f 9948 9949 8562
f 8562 9949 8557
f 9947 9948 8310
f 8310 9948 8562
f 9957 9956 8326
f 8326 9956 8324
f 8324 9956 9955
f 8324 9955 8322
f 8322 9955 9954
f 8322 9954 8320
f 8320 9954 9953
f 8320 9953 8318
f 8318 9953 9952
f 8318 9952 8316
f 8316 9952 9951
f 8316 9951 8314
f 8314 9951 9950
f 8314 9950 8312
f 8312 9950 9947
f 8312 9947 8310
f 8590 9965 8592
f 8592 9965 9964
f 8592 9964 8594
f 8594 9964 9963
f 8594 9963 8596
f 8596 9963 9962
f 8596 9962 8598
f 8598 9962 9961
f 8598 9961 8603
f 8603 9961 9960
f 8603 9960 8608
f 8608 9960 9959
f 8608 9959 8328
f 8328 9959 9958
f 8328 9958 8326
f 8326 9958 9957
f 8585 9982 8563
f 8563 9982 9984
f 9983 9982 8583
f 8583 9982 8585
f 8581 9986 8583
f 8583 9986 9983
f 9990 9986 8579
f 8579 9986 8581
f 8577 9991 8579
f 8579 9991 9990
f 9988 9991 8575
f 8575 9991 8577
f 8571 9989 8575
f 8575 9989 9988
f 9992 9989 8567
f 8567 9989 8571
f 8566 9993 8567
f 8567 9993 9992
f 9987 9993 8510
f 8510 9993 8566
f 9985 9987 8501
f 8501 9987 8510
f 9984 9985 8563
f 8563 9985 8501
f 9994 9996 8306
f 8306 9996 8555
f 9995 9994 8308
f 8308 9994 8306
f 10000 9995 8307
f 8307 9995 8308
f 10001 10000 8305
f 8305 10000 8307
f 9999 10001 8556
f 8556 10001 8305
f 9998 9999 8358
f 8358 9999 8556
f 9997 9998 8359
f 8359 9998 8358
f 9996 9997 8555
f 8555 9997 8359
f 10023 10022 8498
f 8498 10022 8496
f 10024 10023 8500
f 8500 10023 8498
f 10018 10024 8502
f 8502 10024 8500
f 10005 10003 8511
f 8511 10003 8509
f 8509 10003 10007
f 8509 10007 8508
f 8508 10007 10009
f 8508 10009 8507
f 8507 10009 10010
f 8507 10010 8506
f 8506 10010 10012
f 8506 10012 8505
f 8505 10012 10014
f 8505 10014 8504
f 8504 10014 10016
f 8504 10016 8503
f 8503 10016 10018
f 8503 10018 8502
f 8519 10038 8518
f 8518 10038 10036
f 8518 10036 8517
f 8517 10036 10034
f 8517 10034 8516
f 8516 10034 10032
f 8516 10032 8515
f 8515 10032 10030
f 8515 10030 8514
f 8514 10030 10028
f 8514 10028 8513
f 8513 10028 10026
f 8513 10026 8512
f 8512 10026 10006
f 8512 10006 8511
f 8511 10006 10005
f 10041 10038 8521
f 8521 10038 8519
f 10042 10041 8541
f 8541 10041 8521
f 10043 10042 8497
f 8497 10042 8541
f 10040 10043 8495
f 8495 10043 8497
f 10039 10040 8540
f 8540 10040 8495
f 10004 10025 8532
f 8532 10025 8533
f 8533 10025 10027
f 8533 10027 8534
f 8534 10027 10029
f 8534 10029 8535
f 8535 10029 10031
f 8535 10031 8536
f 8536 10031 10033
f 8536 10033 8537
f 8537 10033 10035
f 8537 10035 8538
f 8538 10035 10037
f 8538 10037 8539
f 8539 10037 10039
f 8539 10039 8540
f 8524 10020 8528
f 8528 10020 10019
f 8528 10019 8525
f 8525 10019 10017
f 8525 10017 8526
f 8526 10017 10015
f 8526 10015 8527
f 8527 10015 10013
f 8527 10013 8529
f 8529 10013 10011
f 8529 10011 8530
f 8530 10011 10008
f 8530 10008 8531
f 8531 10008 10002
f 8531 10002 8532
f 8532 10002 10004
f 10021 10020 8494
f 8494 10020 8524
f 10022 10021 8496
f 8496 10021 8494
f 10044 10045 10046
f 10046 10045 10047
f 10046 10047 10048
f 10048 10047 10049
f 10048 10049 10050
f 10050 10049 10051
f 10050 10051 10052
f 10052 10051 10053
f 10052 10053 10054
f 10054 10053 10055
f 10054 10055 10056
f 10056 10055 10057
f 10056 10057 10058
f 10058 10057 10059
f 10058 10059 10060
f 10060 10059 10061
f 10060 10061 10062
f 10062 10061 10063
f 10062 10063 10064
f 10064 10063 10065
f 10064 10065 10066
f 10066 10065 10067
f 10066 10067 10068
f 10068 10067 10069
f 10068 10069 10070
f 10070 10069 10071
f 10070 10071 10072
f 10072 10071 10073
f 10072 10073 10074
f 10074 10073 10075
f 10074 10075 10076
f 10076 10075 10077
f 10076 10077 10078
f 10078 10077 10079
f 10078 10079 10080
f 10080 10079 10081
f 10080 10081 10082
f 10082 10081 10083
f 10082 10083 10084
f 10084 10083 10085
f 10084 10085 10086
f 10086 10085 10087
f 10086 10087 10088
f 10088 10087 10089
f 10088 10089 10090
f 10090 10089 10091
f 10090 10091 10044
f 10044 10091 10045
f 10069 10049 10071
f 10071 10049 10047
f 10071 10047 10073
f 10073 10047 10045
f 10073 10045 10075
f 10075 10045 10091
f 10075 10091 10077
f 10077 10091 10089
f 10077 10089 10079
f 10079 10089 10087
f 10079 10087 10081
f 10081 10087 10085
f 10081 10085 10083
f 10049 10069 10051
f 10051 10069 10067
f 10051 10067 10053
f 10053 10067 10065
f 10053 10065 10055
f 10055 10065 10063
f 10055 10063 10057
f 10057 10063 10061
f 10057 10061 10059
f 10048 10068 10046
f 10046 10068 10070
f 10046 10070 10044
f 10044 10070 10072
f 10044 10072 10090
f 10090 10072 10074
f 10090 10074 10088
f 10088 10074 10076
f 10088 10076 10086
f 10086 10076 10078
f 10086 10078 10084
f 10084 10078 10080
f 10084 10080 10082
f 10068 10048 10066
f 10066 10048 10050
f 10066 10050 10064
f 10064 10050 10052
f 10064 10052 10062
f 10062 10052 10054
f 10062 10054 10060
f 10060 10054 10056
f 10060 10056 10058
f 10092 10093 10094
f 10094 10093 10095
f 10094 10095 10096
f 10096 10095 10097
f 10096 10097 10098
f 10098 10097 10099
f 10098 10099 10100
f 10100 10099 10101
f 10100 10101 10102
f 10102 10101 10103
f 10102 10103 10104
f 10104 10103 10105
f 10104 10105 10106
f 10106 10105 10107
f 10106 10107 10108
f 10108 10107 10109
f 10108 10109 10110
f 10110 10109 10111
f 10110 10111 10112
f 10112 10111 10113
f 10112 10113 10114
f 10114 10113 10115
f 10114 10115 10116
f 10116 10115 10117
f 10116 10117 10118
f 10118 10117 10119
f 10118 10119 10120
f 10120 10119 10121
f 10120 10121 10122
f 10122 10121 10123
f 10122 10123 10124
f 10124 10123 10125
f 10124 10125 10126
f 10126 10125 10127
f 10126 10127 10128
f 10128 10127 10129
f 10128 10129 10130
f 10130 10129 10131
f 10130 10131 10132
f 10132 10131 10133
f 10132 10133 10134
f 10134 10133 10135
f 10134 10135 10136
f 10136 10135 10137
f 10136 10137 10138
f 10138 10137 10139
f 10138 10139 10140
f 10140 10139 10141
f 10140 10141 10142
f 10142 10141 10143
f 10142 10143 10144
f 10144 10143 10145
f 10144 10145 10146
f 10146 10145 10147
f 10146 10147 10148
f 10148 10147 10149
f 10148 10149 10150
f 10150 10149 10151
f 10150 10151 10152
f 10152 10151 10153
f 10152 10153 10154
f 10154 10153 10155
f 10154 10155 10156
f 10156 10155 10157
f 10156 10157 10158
f 10158 10157 10159
f 10158 10159 10160
f 10160 10159 10161
f 10160 10161 10162
f 10162 10161 10163
f 10162 10163 10164
f 10164 10163 10165
f 10164 10165 10166
f 10166 10165 10167
f 10166 10167 10168
f 10168 10167 10169
f 10168 10169 10170
f 10170 10169 10171
f 10170 10171 10172
f 10172 10171 10173
f 10172 10173 10174
f 10174 10173 10175
f 10174 10175 10176
f 10176 10175 10177
f 10176 10177 10178
f 10178 10177 10179
f 10178 10179 10180
f 10180 10179 10181
f 10180 10181 10182
f 10182 10181 10183
f 10182 10183 10184
f 10184 10183 10185
f 10184 10185 10186
f 10186 10185 10187
f 10186 10187 10188
f 10188 10187 10189
f 10188 10189 10190
f 10190 10189 10191
f 10190 10191 10192
f 10192 10191 10193
f 10192 10193 10092
f 10092 10193 10093
f 10094 10096 10092
f 10092 10096 10192
f 10192 10096 10098
f 10192 10098 10190
f 10190 10098 10188
f 10188 10098 10186
f 10186 10098 10184
f 10184 10098 10182
f 10182 10098 10180
f 10180 10098 10178
f 10178 10098 10176
f 10176 10098 10174
f 10174 10098 10172
f 10172 10098 10170
f 10170 10098 10168
f 10168 10098 10166
f 10166 10098 10164
f 10164 10098 10162
f 10162 10098 10160
f 10160 10098 10158
f 10158 10098 10156
f 10156 10098 10154
f 10154 10098 10152
f 10152 10098 10150
f 10150 10098 10148
f 10148 10098 10146
f 10146 10098 10144
f 10144 10098 10142
f 10142 10098 10140
f 10140 10098 10100
f 10140 10100 10138
f 10138 10100 10102
f 10138 10102 10136
f 10136 10102 10104
f 10136 10104 10134
f 10134 10104 10106
f 10134 10106 10132
f 10132 10106 10108
f 10132 10108 10130
f 10130 10108 10110
f 10130 10110 10128
f 10128 10110 10112
f 10128 10112 10126
f 10126 10112 10114
f 10126 10114 10124
f 10124 10114 10116
f 10124 10116 10122
f 10122 10116 10118
f 10122 10118 10120
f 10093 10193 10095
f 10095 10193 10191
f 10095 10191 10097
f 10097 10191 10189
f 10097 10189 10187
f 10187 10185 10097
f 10097 10185 10183
f 10097 10183 10181
f 10181 10179 10097
f 10097 10179 10177
f 10097 10177 10175
f 10175 10173 10097
f 10097 10173 10171
f 10097 10171 10169
f 10169 10167 10097
f 10097 10167 10165
f 10097 10165 10163
f 10163 10161 10097
f 10097 10161 10159
f 10097 10159 10157
f 10157 10155 10097
f 10097 10155 10153
f 10097 10153 10151
f 10151 10149 10097
f 10097 10149 10147
f 10097 10147 10145
f 10145 10143 10097
f 10097 10143 10141
f 10097 10141 10139
f 10097 10139 10099
f 10099 10139 10137
f 10099 10137 10101
f 10101 10137 10135
f 10101 10135 10103
f 10103 10135 10133
f 10103 10133 10105
f 10105 10133 10131
f 10105 10131 10107
f 10107 10131 10129
f 10107 10129 10109
f 10109 10129 10127
f 10109 10127 10111
f 10111 10127 10125
f 10111 10125 10113
f 10113 10125 10123
f 10113 10123 10115
f 10115 10123 10121
f 10115 10121 10117
f 10117 10121 10119
f 10194 10195 10196
f 10196 10195 10197
f 10196 10197 10198
f 10198 10197 10199
f 10198 10199 10200
f 10200 10199 10201
f 10200 10201 10202
f 10202 10201 10203
f 10202 10203 10204
f 10204 10203 10205
f 10204 10205 10206
f 10206 10205 10207
f 10206 10207 10208
f 10208 10207 10209
f 10208 10209 10210
f 10210 10209 10211
f 10210 10211 10212
f 10212 10211 10213
f 10212 10213 10214
f 10214 10213 10215
f 10214 10215 10216
f 10216 10215 10217
f 10216 10217 10218
f 10218 10217 10219
f 10218 10219 10220
f 10220 10219 10221
f 10220 10221 10222
f 10222 10221 10223
f 10222 10223 10224
f 10224 10223 10225
f 10224 10225 10226
f 10226 10225 10227
f 10226 10227 10228
f 10228 10227 10229
f 10228 10229 10230
f 10230 10229 10231
f 10230 10231 10232
f 10232 10231 10233
f 10232 10233 10234
f 10234 10233 10235
f 10234 10235 10236
f 10236 10235 10237
f 10236 10237 10238
f 10238 10237 10239
f 10238 10239 10240
f 10240 10239 10241
f 10240 10241 10242
f 10242 10241 10243
f 10242 10243 10244
f 10244 10243 10245
f 10244 10245 10246
f 10246 10245 10247
f 10246 10247 10248
f 10248 10247 10249
f 10248 10249 10250
f 10250 10249 10251
f 10250 10251 10252
f 10252 10251 10253
f 10252 10253 10254
f 10254 10253 10255
f 10254 10255 10256
f 10256 10255 10257
f 10256 10257 10258
f 10258 10257 10259
f 10258 10259 10260
f 10260 10259 10261
f 10260 10261 10262
f 10262 10261 10263
f 10262 10263 10264
f 10264 10263 10265
f 10264 10265 10266
f 10266 10265 10267
f 10266 10267 10268
f 10268 10267 10269
f 10268 10269 10270
f 10270 10269 10271
f 10270 10271 10272
f 10272 10271 10273
f 10272 10273 10274
f 10274 10273 10275
f 10274 10275 10276
f 10276 10275 10277
f 10276 10277 10278
f 10278 10277 10279
f 10278 10279 10280
f 10280 10279 10281
f 10280 10281 10282
f 10282 10281 10283
f 10282 10283 10284
f 10284 10283 10285
f 10284 10285 10286
f 10286 10285 10287
f 10286 10287 10288
f 10288 10287 10289
f 10288 10289 10290
f 10290 10289 10291
f 10290 10291 10292
f 10292 10291 10293
f 10292 10293 10294
f 10294 10293 10295
f 10294 10295 10194
f 10194 10295 10195
f 10196 10198 10194
f 10194 10198 10294
f 10294 10198 10200
f 10294 10200 10292
f 10292 10200 10290
f 10290 10200 10288
f 10288 10200 10286
f 10286 10200 10284
f 10284 10200 10282
f 10282 10200 10280
f 10280 10200 10278
f 10278 10200 10276
f 10276 10200 10274
f 10274 10200 10272
f 10272 10200 10270
f 10270 10200 10268
f 10268 10200 10266
f 10266 10200 10264
f 10264 10200 10262
f 10262 10200 10260
f 10260 10200 10258
f 10258 10200 10256
f 10256 10200 10254
f 10254 10200 10252
f 10252 10200 10250
f 10250 10200 10248
f 10248 10200 10246
f 10246 10200 10244
f 10244 10200 10242
f 10242 10200 10202
f 10242 10202 10240
f 10240 10202 10204
f 10240 10204 10238
f 10238 10204 10206
f 10238 10206 10236
f 10236 10206 10208
f 10236 10208 10234
f 10234 10208 10210
f 10234 10210 10232
f 10232 10210 10212
f 10232 10212 10230
f 10230 10212 10214
f 10230 10214 10228
f 10228 10214 10216
f 10228 10216 10226
f 10226 10216 10218
f 10226 10218 10224
f 10224 10218 10220
f 10224 10220 10222
f 10195 10295 10197
f 10197 10295 10293
f 10197 10293 10199
f 10199 10293 10291
f 10199 10291 10289
f 10289 10287 10199
f 10199 10287 10285
f 10199 10285 10283
f 10283 10281 10199
f 10199 10281 10279
f 10199 10279 10277
f 10277 10275 10199
f 10199 10275 10273
f 10199 10273 10271
f 10271 10269 10199
f 10199 10269 10267
f 10199 10267 10265
f 10265 10263 10199
f 10199 10263 10261
f 10199 10261 10259
f 10259 10257 10199
f 10199 10257 10255
f 10199 10255 10253
f 10253 10251 10199
f 10199 10251 10249
f 10199 10249 10247
f 10247 10245 10199
f 10199 10245 10243
f 10199 10243 10241
f 10199 10241 10201
f 10201 10241 10239
f 10201 10239 10203
f 10203 10239 10237
f 10203 10237 10205
f 10205 10237 10235
f 10205 10235 10207
f 10207 10235 10233
f 10207 10233 10209
f 10209 10233 10231
f 10209 10231 10211
f 10211 10231 10229
f 10211 10229 10213
f 10213 10229 10227
f 10213 10227 10215
f 10215 10227 10225
f 10215 10225 10217
f 10217 10225 10223
f 10217 10223 10219
f 10219 10223 10221

